#VRML V2.0 utf8
# 3D model generated by easyeda2kicad.py (https://github.com/uPesy/easyeda2kicad.py)

Shape{
    appearance Appearance {
        material  Material 	{
            diffuseColor 0.6470588235294118 0.6196078431372549 0.5882352941176471
            specularColor 0.45098039215686275 0.43529411764705883 0.4117647058823529
            ambientIntensity 0.6242
            transparency 0.0
            shininess 0.5
        }
    }
    geometry IndexedFaceSet {
        ccw TRUE
        solid FALSE
        coord DEF co Coordinate {
            point [
                -0.7362 0.3859 0.3268, -0.7362 0.7402 0.3268, -0.7362 0.3859 0.3346, -0.7362 0.7402 0.3346, -0.7835 0.3859 0.3268, -0.7835 0.7402 0.3268, -0.7835 0.3859 0.3346, -0.7835 0.7402 0.3346, -0.784 0.7402 0.3387, -0.784 0.3859 0.3387, -0.7856 0.7402 0.3425, -0.7856 0.3859 0.3425, -0.7881 0.7402 0.3458, -0.7881 0.3859 0.3458, -0.7913 0.7402 0.3483, -0.7913 0.3859 0.3483, -0.7951 0.7402 0.3499, -0.7951 0.3859 0.3499, -0.7992 0.7402 0.3504, -0.7992 0.3859 0.3504, -0.8033 0.7402 0.3499, -0.8033 0.3859 0.3499, -0.8071 0.7402 0.3483, -0.8071 0.3859 0.3483, -0.8104 0.7402 0.3458, -0.8104 0.3859 0.3458, -0.8129 0.7402 0.3425, -0.8129 0.3859 0.3425, -0.8144 0.7402 0.3387, -0.8144 0.3859 0.3387, -0.815 0.7402 0.3346, -0.815 0.3859 0.3346, -0.815 0.3859 0.0, -0.815 0.6615 0.0, -0.815 0.7355 0.0518, -0.815 0.739 0.0651, -0.815 0.7402 0.0787, -0.815 0.6752 0.0012, -0.815 0.6884 0.0047, -0.815 0.7009 0.0105, -0.815 0.7121 0.0184, -0.815 0.7218 0.0281, -0.815 0.7297 0.0394, -0.8622 0.3859 0.0, -0.8622 0.6615 0.0, -0.8622 0.3859 0.3346, -0.8622 0.7402 0.3346, -0.8622 0.7402 0.0787, -0.8622 0.739 0.0651, -0.8622 0.7355 0.0518, -0.8622 0.7009 0.0105, -0.8622 0.6884 0.0047, -0.8622 0.6752 0.0012, -0.8622 0.7297 0.0394, -0.8622 0.7218 0.0281, -0.8622 0.7121 0.0184, -0.861 0.3859 0.3469, -0.861 0.7402 0.3469, -0.8574 0.3859 0.3588, -0.8574 0.7402 0.3588, -0.8516 0.3859 0.3696, -0.8516 0.7402 0.3696, -0.8438 0.3859 0.3792, -0.8438 0.7402 0.3792, -0.8342 0.3859 0.387, -0.8342 0.7402 0.387, -0.8233 0.3859 0.3928, -0.8233 0.7402 0.3928, -0.8115 0.3859 0.3964, -0.8115 0.7402 0.3964, -0.7992 0.3859 0.3976, -0.7992 0.7402 0.3976, -0.7869 0.3859 0.3964, -0.7869 0.7402 0.3964, -0.7751 0.3859 0.3928, -0.7751 0.7402 0.3928, -0.7642 0.3859 0.387, -0.7642 0.7402 0.387, -0.7547 0.3859 0.3792, -0.7547 0.7402 0.3792, -0.7468 0.3859 0.3696, -0.7468 0.7402 0.3696, -0.741 0.3859 0.3588, -0.741 0.7402 0.3588, -0.7374 0.3859 0.3469, -0.7374 0.7402 0.3469, 0.7401 0.7402 0.3268, 0.7401 0.3859 0.3268, 0.7401 0.7402 0.3346, 0.7401 0.3859 0.3346, 0.7874 0.7402 0.3268, 0.7874 0.3859 0.3268, 0.7874 0.7402 0.3346, 0.7874 0.3859 0.3346, 0.8189 0.7402 0.3346, 0.8189 0.3859 0.3346, 0.8184 0.7402 0.3387, 0.8184 0.3859 0.3387, 0.8168 0.7402 0.3425, 0.8168 0.3859 0.3425, 0.8143 0.7402 0.3458, 0.8143 0.3859 0.3458, 0.811 0.7402 0.3483, 0.811 0.3859 0.3483, 0.8072 0.7402 0.3499, 0.8072 0.3859 0.3499, 0.8031 0.7402 0.3504, 0.8031 0.3859 0.3504, 0.7991 0.7402 0.3499, 0.7991 0.3859 0.3499, 0.7953 0.7402 0.3483, 0.7953 0.3859 0.3483, 0.792 0.7402 0.3458, 0.792 0.3859 0.3458, 0.7895 0.7402 0.3425, 0.7895 0.3859 0.3425, 0.7879 0.7402 0.3387, 0.7879 0.3859 0.3387, 0.8189 0.3859 0.0, 0.8189 0.6615 0.0, 0.8189 0.7402 0.0787, 0.8189 0.739 0.0651, 0.8189 0.7355 0.0518, 0.8189 0.7297 0.0394, 0.8189 0.7218 0.0281, 0.8189 0.7121 0.0184, 0.8189 0.7009 0.0105, 0.8189 0.6884 0.0047, 0.8189 0.6752 0.0012, 0.8661 0.3859 0.0, 0.8661 0.6615 0.0, 0.8661 0.3859 0.3346, 0.8661 0.7402 0.3346, 0.8661 0.6752 0.0012, 0.8661 0.739 0.0651, 0.8661 0.7402 0.0787, 0.8661 0.6884 0.0047, 0.8661 0.7009 0.0105, 0.8661 0.7121 0.0184, 0.8661 0.7218 0.0281, 0.8661 0.7297 0.0394, 0.8661 0.7355 0.0518, 0.7414 0.3859 0.3469, 0.7414 0.7402 0.3469, 0.7449 0.3859 0.3588, 0.7449 0.7402 0.3588, 0.7508 0.3859 0.3696, 0.7508 0.7402 0.3696, 0.7586 0.3859 0.3792, 0.7586 0.7402 0.3792, 0.7681 0.3859 0.387, 0.7681 0.7402 0.387, 0.779 0.3859 0.3928, 0.779 0.7402 0.3928, 0.7909 0.3859 0.3964, 0.7909 0.7402 0.3964, 0.8031 0.3859 0.3976, 0.8031 0.7402 0.3976, 0.8154 0.3859 0.3964, 0.8154 0.7402 0.3964, 0.8272 0.3859 0.3928, 0.8272 0.7402 0.3928, 0.8381 0.3859 0.387, 0.8381 0.7402 0.387, 0.8477 0.3859 0.3792, 0.8477 0.7402 0.3792, 0.8555 0.3859 0.3696, 0.8555 0.7402 0.3696, 0.8613 0.3859 0.3588, 0.8613 0.7402 0.3588, 0.8649 0.3859 0.3469, 0.8649 0.7402 0.3469
            ]
        }
        coordIndex [
            0,1,2,-1,2,1,3,-1,4,5,0,-1,0,5,1,-1,6,7,4,-1,4,7,5,-1,7,6,8,-1,8,6,9,-1,8,9,10,-1,10,9,11,-1,10,11,12,-1,12,11,13,-1,12,13,14,-1,14,13,15,-1,14,15,16,-1,16,15,17,-1,16,17,18,-1,18,17,19,-1,18,19,20,-1,20,19,21,-1,20,21,22,-1,22,21,23,-1,22,23,24,-1,24,23,25,-1,24,25,26,-1,26,25,27,-1,26,27,28,-1,28,27,29,-1,28,29,30,-1,30,29,31,-1,31,32,30,-1,30,32,33,-1,34,35,33,-1,33,35,36,-1,33,36,30,-1,37,38,39,-1,39,40,37,-1,37,40,41,-1,37,41,33,-1,33,41,42,-1,33,42,34,-1,43,44,32,-1,32,44,33,-1,43,45,44,-1,44,45,46,-1,46,47,44,-1,44,47,48,-1,44,48,49,-1,50,51,52,-1,49,53,44,-1,44,53,54,-1,44,54,52,-1,52,54,55,-1,52,55,50,-1,46,45,56,-1,46,56,57,-1,57,56,58,-1,57,58,59,-1,59,58,60,-1,59,60,61,-1,61,60,62,-1,61,62,63,-1,63,62,64,-1,63,64,65,-1,65,64,66,-1,65,66,67,-1,67,66,68,-1,67,68,69,-1,69,68,70,-1,69,70,71,-1,71,70,72,-1,71,72,73,-1,73,72,74,-1,73,74,75,-1,75,74,76,-1,75,76,77,-1,77,76,78,-1,77,78,79,-1,79,78,80,-1,79,80,81,-1,81,80,82,-1,81,82,83,-1,83,82,84,-1,83,84,85,-1,85,84,2,-1,85,2,3,-1,36,47,30,-1,30,47,46,-1,30,46,28,-1,1,5,3,-1,3,5,7,-1,3,7,85,-1,85,7,8,-1,85,8,83,-1,83,8,10,-1,16,75,14,-1,14,75,77,-1,14,77,12,-1,12,77,79,-1,12,79,10,-1,10,79,81,-1,10,81,83,-1,22,67,20,-1,20,67,69,-1,20,69,18,-1,18,69,71,-1,18,71,16,-1,16,71,73,-1,16,73,75,-1,46,57,28,-1,28,57,59,-1,28,59,26,-1,26,59,61,-1,26,61,24,-1,24,61,63,-1,24,63,22,-1,22,63,65,-1,22,65,67,-1,4,0,6,-1,6,0,2,-1,6,2,9,-1,2,84,9,-1,9,84,82,-1,9,82,11,-1,11,82,80,-1,11,80,13,-1,13,80,78,-1,13,78,15,-1,43,32,45,-1,45,32,31,-1,45,31,56,-1,56,31,29,-1,56,29,58,-1,58,29,27,-1,78,76,15,-1,15,76,74,-1,15,74,17,-1,17,74,72,-1,17,72,19,-1,19,72,70,-1,19,70,21,-1,70,68,21,-1,21,68,66,-1,21,66,23,-1,23,66,64,-1,23,64,25,-1,25,64,62,-1,25,62,27,-1,27,62,60,-1,27,60,58,-1,47,36,35,-1,47,35,48,-1,48,35,34,-1,48,34,49,-1,49,34,42,-1,49,42,53,-1,53,42,41,-1,53,41,54,-1,54,41,40,-1,54,40,55,-1,55,40,39,-1,55,39,50,-1,50,39,38,-1,50,38,51,-1,51,38,37,-1,51,37,52,-1,52,37,33,-1,52,33,44,-1,86,87,88,-1,88,87,89,-1,90,91,86,-1,86,91,87,-1,92,93,90,-1,90,93,91,-1,94,95,96,-1,96,95,97,-1,96,97,98,-1,98,97,99,-1,98,99,100,-1,100,99,101,-1,100,101,102,-1,102,101,103,-1,102,103,104,-1,104,103,105,-1,104,105,106,-1,106,105,107,-1,106,107,108,-1,108,107,109,-1,108,109,110,-1,110,109,111,-1,110,111,112,-1,112,111,113,-1,112,113,114,-1,114,113,115,-1,114,115,116,-1,116,115,117,-1,116,117,92,-1,92,117,93,-1,118,95,119,-1,119,95,94,-1,94,120,119,-1,119,120,121,-1,119,121,122,-1,122,123,119,-1,119,123,124,-1,119,124,125,-1,125,126,119,-1,119,126,127,-1,119,127,128,-1,118,119,129,-1,129,119,130,-1,131,129,132,-1,132,129,130,-1,133,134,130,-1,130,134,135,-1,130,135,132,-1,133,136,134,-1,134,136,137,-1,134,137,138,-1,138,139,134,-1,134,139,140,-1,134,140,141,-1,88,89,142,-1,88,142,143,-1,143,142,144,-1,143,144,145,-1,145,144,146,-1,145,146,147,-1,147,146,148,-1,147,148,149,-1,149,148,150,-1,149,150,151,-1,151,150,152,-1,151,152,153,-1,153,152,154,-1,153,154,155,-1,155,154,156,-1,155,156,157,-1,157,156,158,-1,157,158,159,-1,159,158,160,-1,159,160,161,-1,161,160,162,-1,161,162,163,-1,163,162,164,-1,163,164,165,-1,165,164,166,-1,165,166,167,-1,167,166,168,-1,167,168,169,-1,169,168,170,-1,169,170,171,-1,171,170,131,-1,171,131,132,-1,135,120,132,-1,132,120,94,-1,132,94,171,-1,171,94,96,-1,171,96,169,-1,169,96,98,-1,90,86,92,-1,92,86,88,-1,92,88,116,-1,104,161,102,-1,102,161,163,-1,102,163,100,-1,100,163,165,-1,100,165,98,-1,98,165,167,-1,98,167,169,-1,88,143,116,-1,116,143,145,-1,116,145,114,-1,114,145,147,-1,114,147,112,-1,112,147,149,-1,112,149,110,-1,149,151,110,-1,110,151,153,-1,110,153,108,-1,108,153,155,-1,108,155,106,-1,106,155,157,-1,106,157,104,-1,104,157,159,-1,104,159,161,-1,118,129,95,-1,95,129,131,-1,95,131,97,-1,131,170,97,-1,97,170,168,-1,97,168,99,-1,99,168,166,-1,99,166,101,-1,101,166,164,-1,101,164,103,-1,87,91,89,-1,89,91,93,-1,89,93,142,-1,142,93,117,-1,142,117,144,-1,144,117,115,-1,109,152,111,-1,111,152,150,-1,111,150,113,-1,113,150,148,-1,113,148,115,-1,115,148,146,-1,115,146,144,-1,164,162,103,-1,103,162,160,-1,103,160,105,-1,105,160,158,-1,105,158,107,-1,107,158,156,-1,107,156,109,-1,109,156,154,-1,109,154,152,-1,130,119,128,-1,130,128,133,-1,133,128,127,-1,133,127,136,-1,136,127,126,-1,136,126,137,-1,137,126,125,-1,137,125,138,-1,138,125,124,-1,138,124,139,-1,139,124,123,-1,139,123,140,-1,140,123,122,-1,140,122,141,-1,141,122,121,-1,141,121,134,-1,134,121,120,-1,134,120,135,-1,
        ]
    }
}
Shape{
    appearance Appearance {
        material  Material 	{
            diffuseColor 1.0 1.0 0.0
            specularColor 0.5019607843137255 0.5019607843137255 0.0
            ambientIntensity 0.886
            transparency 0.0
            shininess 0.5
        }
    }
    geometry IndexedFaceSet {
        ccw TRUE
        solid FALSE
        coord DEF co Coordinate {
            point [
                0.0709 -0.2795 0.2362, 0.0709 -0.3582 0.2362, 0.1299 -0.2795 0.2362, 0.1299 -0.3582 0.2362, 0.0709 -0.2795 0.0591, 0.1299 -0.2795 0.0591, 0.1299 -0.2801 0.054, 0.0709 -0.2801 0.054, 0.1299 -0.2821 0.0492, 0.0709 -0.2821 0.0492, 0.1299 -0.2852 0.0451, 0.0709 -0.2852 0.0451, 0.1299 -0.2893 0.042, 0.0709 -0.2893 0.042, 0.1299 -0.2941 0.04, 0.0709 -0.2941 0.04, 0.1299 -0.2991 0.0394, 0.0709 -0.2991 0.0394, 0.0709 -0.4369 0.0394, 0.1299 -0.4369 0.0394, 0.0709 -0.442 0.0387, 0.1299 -0.442 0.0387, 0.0709 -0.4468 0.0367, 0.1299 -0.4468 0.0367, 0.0709 -0.4509 0.0336, 0.1299 -0.4509 0.0336, 0.0709 -0.454 0.0295, 0.1299 -0.454 0.0295, 0.0709 -0.456 0.0248, 0.1299 -0.456 0.0248, 0.0709 -0.4566 0.0197, 0.1299 -0.4566 0.0197, 0.0709 -0.4566 0.0, 0.1299 -0.4566 0.0, 0.0709 -0.5747 0.0, 0.1299 -0.5747 0.0, 0.1299 -0.5798 0.0007, 0.0709 -0.5798 0.0007, 0.1299 -0.5846 0.0026, 0.0709 -0.5846 0.0026, 0.1299 -0.5887 0.0058, 0.0709 -0.5887 0.0058, 0.1299 -0.5918 0.0098, 0.0709 -0.5918 0.0098, 0.1299 -0.5938 0.0146, 0.0709 -0.5938 0.0146, 0.1299 -0.5944 0.0197, 0.0709 -0.5944 0.0197, 0.0709 -0.5944 0.0591, 0.1299 -0.5944 0.0591, 0.1299 -0.5938 0.0641, 0.0709 -0.5938 0.0641, 0.1299 -0.5918 0.0689, 0.0709 -0.5918 0.0689, 0.1299 -0.5887 0.073, 0.0709 -0.5887 0.073, 0.1299 -0.5846 0.0761, 0.0709 -0.5846 0.0761, 0.1299 -0.5798 0.0781, 0.0709 -0.5798 0.0781, 0.1299 -0.5747 0.0787, 0.0709 -0.5747 0.0787, 0.0709 -0.3779 0.0787, 0.1299 -0.3779 0.0787, 0.0709 -0.3728 0.0794, 0.1299 -0.3728 0.0794, 0.0709 -0.368 0.0814, 0.1299 -0.368 0.0814, 0.0709 -0.364 0.0845, 0.1299 -0.364 0.0845, 0.0709 -0.3608 0.0886, 0.1299 -0.3608 0.0886, 0.0709 -0.3589 0.0933, 0.1299 -0.3589 0.0933, 0.0709 -0.3582 0.0984, 0.1299 -0.3582 0.0984
            ]
        }
        coordIndex [
            0,1,2,-1,2,1,3,-1,4,0,5,-1,5,0,2,-1,4,5,6,-1,4,6,7,-1,7,6,8,-1,7,8,9,-1,9,8,10,-1,9,10,11,-1,11,10,12,-1,11,12,13,-1,13,12,14,-1,13,14,15,-1,15,14,16,-1,15,16,17,-1,18,17,19,-1,19,17,16,-1,18,19,20,-1,20,19,21,-1,20,21,22,-1,22,21,23,-1,22,23,24,-1,24,23,25,-1,24,25,26,-1,26,25,27,-1,26,27,28,-1,28,27,29,-1,28,29,30,-1,30,29,31,-1,32,30,33,-1,33,30,31,-1,34,32,35,-1,35,32,33,-1,34,35,36,-1,34,36,37,-1,37,36,38,-1,37,38,39,-1,39,38,40,-1,39,40,41,-1,41,40,42,-1,41,42,43,-1,43,42,44,-1,43,44,45,-1,45,44,46,-1,45,46,47,-1,48,47,49,-1,49,47,46,-1,48,49,50,-1,48,50,51,-1,51,50,52,-1,51,52,53,-1,53,52,54,-1,53,54,55,-1,55,54,56,-1,55,56,57,-1,57,56,58,-1,57,58,59,-1,59,58,60,-1,59,60,61,-1,62,61,63,-1,63,61,60,-1,62,63,64,-1,64,63,65,-1,64,65,66,-1,66,65,67,-1,66,67,68,-1,68,67,69,-1,68,69,70,-1,70,69,71,-1,70,71,72,-1,72,71,73,-1,72,73,74,-1,74,73,75,-1,1,74,3,-1,3,74,75,-1,45,47,34,-1,66,68,17,-1,48,28,30,-1,48,30,47,-1,47,30,32,-1,47,32,34,-1,39,41,43,-1,20,22,61,-1,48,51,28,-1,28,51,53,-1,28,53,55,-1,1,0,74,-1,74,0,4,-1,74,4,72,-1,45,34,43,-1,43,34,37,-1,43,37,39,-1,17,68,15,-1,15,68,70,-1,15,70,13,-1,4,7,72,-1,72,7,9,-1,72,9,70,-1,70,9,11,-1,70,11,13,-1,20,61,18,-1,18,61,62,-1,18,62,17,-1,17,62,64,-1,17,64,66,-1,22,24,61,-1,61,24,26,-1,61,26,59,-1,59,26,28,-1,59,28,57,-1,57,28,55,-1,5,2,3,-1,27,25,60,-1,33,31,35,-1,35,31,46,-1,46,31,49,-1,49,31,29,-1,49,29,50,-1,42,40,38,-1,3,75,5,-1,5,75,73,-1,5,73,6,-1,46,44,35,-1,35,44,42,-1,35,42,36,-1,36,42,38,-1,27,60,29,-1,29,60,58,-1,29,58,56,-1,69,16,71,-1,71,16,14,-1,14,12,71,-1,71,12,10,-1,71,10,73,-1,73,10,8,-1,73,8,6,-1,56,54,29,-1,29,54,52,-1,29,52,50,-1,69,67,16,-1,16,67,65,-1,16,65,19,-1,19,65,63,-1,19,63,21,-1,21,63,60,-1,21,60,23,-1,23,60,25,-1,
        ]
    }
}
Shape{
    appearance Appearance {
        material  Material 	{
            diffuseColor 1.0 1.0 1.0
            specularColor 0.5019607843137255 0.5019607843137255 0.5019607843137255
            ambientIntensity 1.0
            transparency 0.0
            shininess 0.5
        }
    }
    geometry IndexedFaceSet {
        ccw TRUE
        solid FALSE
        coord DEF co Coordinate {
            point [
                -0.937 -0.1206 0.0645, -0.937 -0.1206 0.0498, -0.937 -0.1563 0.0498, -0.937 -0.1206 0.1233, -0.937 -0.1206 0.1124, -0.937 -0.1563 0.1124, -0.937 -0.2146 0.0574, -0.937 -0.2155 0.0584, -0.937 -0.2155 0.0645, -0.937 -0.1705 0.1606, -0.937 -0.1732 0.161, -0.937 -0.1585 0.161, -0.937 -0.18 0.1235, -0.937 -0.1776 0.1233, -0.937 -0.1899 0.1233, -0.937 -0.1968 0.1564, -0.937 -0.1968 0.1445, -0.937 -0.2068 0.1445, -0.937 -0.1986 0.0645, -0.937 -0.198 0.0645, -0.937 -0.2068 0.0645, -0.937 -0.1907 0.0646, -0.937 -0.1899 0.0649, -0.937 -0.1899 0.0645, -0.937 -0.2432 0.0976, -0.937 -0.2432 0.0857, -0.937 -0.2502 0.0857, -0.937 0.2599 0.2795, -0.937 0.3286 0.2795, -0.937 0.3286 0.161, -0.937 -0.0885 0.1318, -0.937 -0.0956 0.1257, -0.937 -0.1206 0.161, -0.937 -0.0592 0.161, -0.937 -0.0651 0.1569, -0.937 -0.0739 0.1467, -0.937 -0.0793 0.1361, -0.937 -0.0806 0.1356, -0.937 -0.0046 0.1646, -0.937 -0.0168 0.1691, -0.937 -0.1206 0.3976, -0.937 -0.0293 0.1706, -0.937 -0.0412 0.1692, -0.937 -0.0543 0.1643, -0.937 0.0013 0.161, -0.937 0.2599 0.2992, -0.937 0.0024 0.1603, -0.937 0.3286 0.1233, -0.937 0.059 0.1233, -0.937 0.0567 0.1285, -0.937 0.0503 0.1366, -0.937 0.0304 0.148, -0.937 0.02 0.1493, -0.937 0.0086 0.155, -0.937 0.017 0.1491, -0.937 0.014 0.1487, -0.937 0.0486 0.1383, -0.937 0.0402 0.1442, -0.937 0.0434 0.0708, -0.937 0.0516 0.0778, -0.937 0.3286 0.0645, -0.937 0.0339 0.0662, -0.937 0.0302 0.0645, -0.937 0.0306 0.0652, -0.937 0.0577 0.0864, -0.937 0.0614 0.0962, -0.937 0.3286 0.1124, -0.937 0.0627 0.1066, -0.937 0.0626 0.1091, -0.937 0.0621 0.1124, -0.937 0.0609 0.119, -0.937 0.0164 0.0498, -0.937 0.0188 0.0508, -0.937 0.024 0.0547, -0.937 0.0279 0.0595, -0.937 0.3286 0.0498, -0.937 0.3286 0.0335, -0.937 0.2678 0.0335, -0.937 -0.0054 0.0498, -0.937 -0.0009 0.048, -0.937 -0.1206 0.0039, -0.937 0.0055 0.0473, -0.937 0.0065 0.0473, -0.937 0.2678 0.0039, -0.937 0.0128 0.0483, -0.937 -0.0192 0.0645, -0.937 -0.0191 0.0644, -0.937 -0.016 0.0585, -0.937 -0.012 0.054, -0.937 -0.0067 0.0503, -0.937 -0.1042 0.1102, -0.937 -0.1054 0.1016, -0.937 -0.0528 0.08, -0.937 -0.0546 0.0807, -0.937 -0.0577 0.0958, -0.937 -0.0957 0.0765, -0.937 -0.0885 0.0704, -0.937 -0.0142 0.0913, -0.937 -0.0496 0.1097, -0.937 -0.0096 0.0955, -0.937 -0.004 0.0985, -0.937 -0.0512 0.0789, -0.937 -0.1009 0.0838, -0.937 -0.089 0.1036, -0.937 -0.0877 0.1087, -0.937 -0.0857 0.1124, -0.937 0.0455 0.1124, -0.937 -0.1042 0.0922, -0.937 -0.0567 0.081, -0.937 -0.0569 0.081, -0.937 -0.0577 0.0808, -0.937 0.0439 0.0966, -0.937 0.0408 0.0912, -0.937 0.0274 0.0885, -0.937 0.036 0.0864, -0.937 0.0303 0.0828, -0.937 0.0176 0.0972, -0.937 0.023 0.0935, -0.937 0.0461 0.1071, -0.937 0.0458 0.103, -0.937 0.0118 0.0995, -0.937 0.0055 0.1002, -0.937 0.0023 0.1, -0.937 -0.0485 0.0728, -0.937 -0.0486 0.0739, -0.937 -0.0208 0.0763, -0.937 -0.0491 0.0759, -0.937 -0.0501 0.0777, -0.937 -0.0837 0.0874, -0.937 -0.0866 0.0915, -0.937 -0.0885 0.0962, -0.937 -0.0891 0.1013, -0.937 -0.0547 0.0649, -0.937 -0.0529 0.0656, -0.937 -0.0512 0.0668, -0.937 -0.0506 0.0674, -0.937 -0.0494 0.0691, -0.937 -0.0488 0.0709, -0.937 -0.0207 0.0709, -0.937 -0.0208 0.0736, -0.937 -0.0805 0.0665, -0.937 -0.0717 0.0647, -0.937 -0.0561 0.0647, -0.937 -0.0583 0.0807, -0.937 -0.0701 0.0807, -0.937 -0.0749 0.0816, -0.937 -0.0795 0.0838, -0.937 -0.0834 0.087, -0.937 -0.0664 0.1219, -0.937 0.0431 0.1194, -0.937 0.0453 0.1135, -0.937 -0.0685 0.1219, -0.937 -0.0853 0.1132, -0.937 -0.0822 0.1166, -0.937 -0.0781 0.1195, -0.937 -0.0735 0.1212, -0.937 -0.0607 0.1377, -0.937 -0.0548 0.1448, -0.937 0.0058 0.1295, -0.937 -0.0541 0.1454, -0.937 -0.0467 0.1505, -0.937 0.0018 0.1378, -0.937 0.0403 0.1233, -0.937 0.0077 0.1305, -0.937 -0.0661 0.1233, -0.937 -0.0648 0.1292, -0.937 0.0136 0.1327, -0.937 0.0198 0.1334, -0.937 0.0225 0.1333, -0.937 -0.0041 0.1449, -0.937 -0.0385 0.1537, -0.937 -0.0112 0.1501, -0.937 -0.0295 0.1548, -0.937 -0.0198 0.1535, -0.937 0.029 0.1318, -0.937 0.0349 0.1286, -0.937 0.0394 0.1246, -0.937 -0.0974 0.1233, -0.937 -0.101 0.1182, -0.937 -0.1033 0.1124, -0.937 -0.2575 0.1019, -0.937 -0.2575 0.0976, -0.937 -0.2619 0.1124, -0.937 -0.2584 0.069, -0.937 -0.2619 0.0645, -0.937 -0.2584 0.0648, -0.937 -0.2502 0.0645, -0.937 -0.2432 0.069, -0.937 -0.2502 0.069, -0.937 -0.2432 0.0815, -0.937 -0.2502 0.0815, -0.937 -0.2565 0.0815, -0.937 -0.2565 0.0857, -0.937 -0.2502 0.0976, -0.937 -0.2502 0.0648, -0.937 -0.2384 0.0648, -0.937 -0.2359 0.0645, -0.937 -0.2384 0.1019, -0.937 -0.1621 0.0774, -0.937 -0.1628 0.0849, -0.937 -0.1611 0.0761, -0.937 -0.1605 0.0745, -0.937 -0.1877 0.0705, -0.937 -0.1814 0.0818, -0.937 -0.1877 0.0657, -0.937 -0.1814 0.0648, -0.937 -0.1745 0.0662, -0.937 -0.1729 0.0651, -0.937 -0.1768 0.0648, -0.937 -0.1711 0.0645, -0.937 -0.1585 0.0645, -0.937 -0.161 0.0682, -0.937 -0.1604 0.0698, -0.937 -0.1672 0.0913, -0.937 -0.1585 0.1124, -0.937 -0.1637 0.09, -0.937 -0.1628 0.0894, -0.937 -0.1585 0.0498, -0.937 -0.1659 0.0645, -0.937 -0.1658 0.0645, -0.937 -0.164 0.0652, -0.937 -0.1635 0.0786, -0.937 -0.1655 0.0797, -0.937 -0.1656 0.0867, -0.937 -0.169 0.0805, -0.937 -0.173 0.0879, -0.937 -0.1714 0.0881, -0.937 -0.1685 0.0878, -0.937 -0.1624 0.0662, -0.937 -0.1619 0.0668, -0.937 -0.1768 0.0689, -0.937 -0.1767 0.0689, -0.937 -0.1759 0.0678, -0.937 -0.1895 0.0694, -0.937 -0.1899 0.0693, -0.937 -0.1899 0.0791, -0.937 -0.1602 0.0719, -0.937 -0.1602 0.0725, -0.937 -0.1811 0.0854, -0.937 -0.188 0.0823, -0.937 -0.1879 0.0858, -0.937 -0.1885 0.0873, -0.937 -0.1794 0.089, -0.937 -0.1719 0.0919, -0.937 -0.1746 0.0916, -0.937 -0.1766 0.091, -0.937 -0.1768 0.0816, -0.937 -0.1766 0.0837, -0.937 -0.1762 0.0853, -0.937 -0.1756 0.0863, -0.937 -0.1803 0.0875, -0.937 -0.1878 0.0841, -0.937 -0.1898 0.0791, -0.937 -0.1891 0.0799, -0.937 -0.1885 0.0809, -0.937 -0.1749 0.087, -0.937 -0.1741 0.0876, -0.937 -0.1922 0.0645, -0.937 -0.1899 0.0498, -0.937 -0.1949 0.0642, -0.937 -0.2043 0.0907, -0.937 -0.2043 0.0862, -0.937 -0.2054 0.0701, -0.937 -0.2048 0.0687, -0.937 -0.204 0.0674, -0.937 -0.1894 0.0885, -0.937 -0.1899 0.089, -0.937 -0.1899 0.1124, -0.937 -0.1907 0.0898, -0.937 -0.1921 0.0906, -0.937 -0.1947 0.0915, -0.937 -0.1981 0.0919, -0.937 -0.2068 0.1124, -0.937 -0.2012 0.0916, -0.937 -0.2041 0.0764, -0.937 -0.2049 0.0751, -0.937 -0.2054 0.0737, -0.937 -0.2056 0.072, -0.937 -0.2026 0.0663, -0.937 -0.2011 0.0654, -0.937 -0.1976 0.0881, -0.937 -0.1962 0.088, -0.937 -0.1925 0.0845, -0.937 -0.195 0.0877, -0.937 -0.194 0.0871, -0.937 -0.1926 0.0839, -0.937 -0.1928 0.0832, -0.937 -0.1931 0.0826, -0.937 -0.1936 0.0821, -0.937 -0.1952 0.081, -0.937 -0.2007 0.0877, -0.937 -0.1981 0.0798, -0.937 -0.2033 0.0868, -0.937 -0.1999 0.0791, -0.937 -0.203 0.0774, -0.937 -0.1933 0.0865, -0.937 -0.1929 0.0859, -0.937 -0.1926 0.0853, -0.937 -0.1924 0.0683, -0.937 -0.1948 0.0764, -0.937 -0.192 0.0777, -0.937 -0.1954 0.068, -0.937 -0.1956 0.068, -0.937 -0.1978 0.0751, -0.937 -0.198 0.0682, -0.937 -0.2008 0.0715, -0.937 -0.2008 0.0721, -0.937 -0.1992 0.0687, -0.937 -0.1996 0.0689, -0.937 -0.2001 0.0694, -0.937 -0.2005 0.07, -0.937 -0.2008 0.0706, -0.937 -0.2006 0.0728, -0.937 -0.2002 0.0735, -0.937 -0.1997 0.0741, -0.937 -0.2755 0.1337, -0.937 -0.2619 0.1337, -0.937 -0.2793 0.1236, -0.937 -0.2619 0.1233, -0.937 -0.2846 0.1236, -0.937 -0.37 0.1233, -0.937 -0.37 0.161, -0.937 -0.2704 0.1607, -0.937 -0.2619 0.161, -0.937 -0.2601 0.1337, -0.937 -0.2565 0.1236, -0.937 -0.2502 0.1233, -0.937 -0.2512 0.1236, -0.937 -0.2502 0.161, -0.937 -0.2619 0.1516, -0.937 -0.2653 0.1607, -0.937 -0.2359 0.1233, -0.937 -0.2354 0.1244, -0.937 -0.2292 0.1236, -0.937 -0.2155 0.1233, -0.937 -0.219 0.1236, -0.937 -0.219 0.1607, -0.937 -0.2155 0.161, -0.937 -0.2295 0.1607, -0.937 -0.2359 0.161, -0.937 -0.2481 0.1359, -0.937 -0.2463 0.1321, -0.937 -0.2449 0.1545, -0.937 -0.2472 0.1512, -0.937 -0.2436 0.1288, -0.937 -0.2397 0.126, -0.937 -0.2359 0.1246, -0.937 -0.2436 0.1558, -0.937 -0.2352 0.16, -0.937 -0.2359 0.1598, -0.937 -0.2397 0.1584, -0.937 -0.2485 0.1477, -0.937 -0.2491 0.1426, -0.937 -0.249 0.1402, -0.937 -0.212 0.1278, -0.937 -0.212 0.1236, -0.937 -0.2068 0.1233, -0.937 -0.2068 0.161, -0.937 -0.2111 0.1607, -0.937 -0.2068 0.1607, -0.937 -0.2111 0.1564, -0.937 -0.2101 0.1403, -0.937 -0.2068 0.1403, -0.937 -0.2068 0.1278, -0.937 -0.1968 0.1403, -0.937 -0.1968 0.1278, -0.937 -0.2101 0.1445, -0.937 -0.2068 0.1564, -0.937 -0.192 0.1607, -0.937 -0.1899 0.161, -0.937 -0.192 0.1236, -0.937 0.3286 0.3976, -0.937 0.3286 0.2992, -0.937 0.3583 0.3976, -0.937 0.3583 0.2992, -0.937 -0.1846 0.1598, -0.937 -0.1807 0.1609, -0.937 -0.1798 0.161, -0.937 -0.2068 0.1236, -0.937 -0.1846 0.1548, -0.937 -0.184 0.1248, -0.937 -0.1759 0.157, -0.937 -0.1743 0.1569, -0.937 -0.1717 0.1276, -0.937 -0.175 0.1272, -0.937 -0.1774 0.1274, -0.937 -0.1842 0.155, -0.937 -0.1815 0.1283, -0.937 -0.1846 0.1297, -0.937 -0.1846 0.1251, -0.937 -0.1665 0.1302, -0.937 -0.1619 0.1402, -0.937 -0.1655 0.1311, -0.937 -0.1625 0.1365, -0.937 -0.1638 0.1336, -0.937 -0.1804 0.1564, -0.937 -0.1711 0.1562, -0.937 -0.1682 0.1549, -0.937 -0.1658 0.1529, -0.937 -0.1655 0.1526, -0.937 -0.1637 0.15, -0.937 -0.1625 0.1468, -0.937 -0.1619 0.1417, -0.937 -0.169 0.1286, -0.937 -0.1758 0.1613, -0.937 -0.1585 0.3976, -0.937 -0.1899 0.3976, -0.937 -0.1595 0.1523, -0.937 -0.1622 0.1558, -0.937 -0.163 0.1566, -0.937 -0.1666 0.1591, -0.937 -0.1585 0.133, -0.937 -0.1576 0.1354, -0.937 -0.1563 0.1233, -0.937 -0.1569 0.1414, -0.937 -0.1569 0.1434, -0.937 -0.1563 0.161, -0.937 -0.1578 0.1482, -0.937 -0.1585 0.15, -0.937 -0.1642 0.1258, -0.937 -0.1616 0.128, -0.937 -0.1585 0.1233, -0.937 -0.1613 0.1284, -0.937 -0.1591 0.1315, -0.937 -0.1743 0.123, -0.937 -0.1716 0.1231, -0.937 -0.1709 0.1233, -0.937 -0.1676 0.1241, -0.937 -0.1782 0.0902, -0.937 -0.171 0.0644, -0.937 -0.1686 0.0642, -0.937 -0.2286 0.0913, -0.937 -0.2334 0.0913, -0.937 -0.2359 0.1124, -0.937 -0.2502 0.1019, -0.937 -0.2502 0.1124, -0.937 -0.2229 0.0645, -0.937 -0.2201 0.0714, -0.937 -0.2207 0.0692, -0.937 -0.2208 0.0692, -0.937 -0.2155 0.1124, -0.937 -0.2155 0.0848, -0.937 -0.2214 0.0713, -0.937 -0.221 0.0701, -0.937 -0.2155 0.0724, -0.937 -0.208 0.0913, -0.937 -0.2132 0.0913, -0.937 -0.2184 0.0648, -0.937 -0.2183 0.0645, -0.937 -0.2164 0.06, -0.937 -0.2068 0.0498, -0.937 -0.209 0.0527, -0.937 -0.209 0.0568, -0.937 -0.2099 0.0565, -0.937 -0.2116 0.0563, -0.937 -0.2155 0.0531, -0.937 -0.2139 0.0525, -0.937 -0.2155 0.0498, -0.937 -0.212 0.0523, -0.937 -0.211 0.0524, -0.937 -0.2128 0.0564, -0.937 -0.2138 0.0568, -0.937 -0.2214 0.0608, -0.937 -0.2193 0.0567, -0.937 -0.2359 0.0498, -0.937 -0.2176 0.0547, -0.937 -0.2173 0.0544, -0.937 -0.2157 0.0532, -0.937 0.5946 0.0335, -0.937 0.5946 0.0498, -0.937 0.5946 0.0645, -0.937 0.5946 0.1124, -0.937 0.5946 0.1233, -0.937 0.5946 0.161, -0.937 0.5946 0.2795, -0.937 -0.1553 0.1278, -0.937 -0.1553 0.1236, -0.937 -0.1358 0.1236, -0.937 -0.1406 0.1607, -0.937 -0.1406 0.1278, -0.937 -0.1358 0.1607, -0.937 -0.1563 0.0645, -0.937 -0.1557 0.0648, -0.937 -0.1358 0.0648, -0.937 -0.1557 0.069, -0.937 -0.1549 0.0976, -0.937 -0.1406 0.0815, -0.937 -0.1406 0.069, -0.937 -0.1538 0.0815, -0.937 -0.1538 0.0857, -0.937 -0.1406 0.0857, -0.937 -0.1406 0.0976, -0.937 -0.1358 0.1019, -0.937 -0.1549 0.1019, -0.937 -0.1563 0.3976, -0.937 -0.2068 0.3976, -0.937 -0.2155 0.3976, -0.937 -0.2359 0.3976, -0.937 -0.2502 0.3976, -0.937 -0.2619 0.3976, -0.937 -0.37 0.3976, -0.937 -0.3219 0.0749, -0.937 -0.3065 0.0749, -0.937 -0.3257 0.0648, -0.937 -0.3029 0.0648, -0.937 -0.2955 0.0814, -0.937 -0.2946 0.0771, -0.937 -0.2976 0.0648, -0.937 -0.37 0.0645, -0.937 -0.37 0.1124, -0.937 -0.3169 0.1019, -0.937 -0.2927 0.0733, -0.937 -0.29 0.07, -0.937 -0.2861 0.0672, -0.937 -0.3117 0.1019, -0.937 -0.331 0.0648, -0.937 -0.2956 0.0838, -0.937 -0.295 0.0889, -0.937 -0.2654 0.1019, -0.937 -0.2654 0.0648, -0.937 -0.2756 0.0648, -0.937 -0.2818 0.0655, -0.937 -0.29 0.0969, -0.937 -0.2913 0.0957, -0.937 -0.2936 0.0924, -0.937 -0.276 0.1019, -0.937 -0.2816 0.1012, -0.937 -0.2861 0.0996, -0.937 -0.2502 0.0498, -0.937 -0.2619 0.0498, -0.937 -0.37 0.0498, -0.937 -0.1563 0.0039, -0.937 -0.1585 0.0039, -0.937 -0.1899 0.0039, -0.937 -0.2068 0.0039, -0.937 -0.2155 0.0039, -0.937 -0.2359 0.0039, -0.937 -0.2502 0.0039, -0.937 -0.2619 0.0039, -0.937 -0.37 0.0039, -0.7854 0.3583 0.0335, -0.8583 0.3583 0.0335, -0.7854 0.3583 0.2795, -0.8583 0.3583 0.2795, 0.8622 0.3583 0.2795, 0.8622 0.3583 0.0335, 0.7894 0.3583 0.2795, 0.7894 0.3583 0.0335, -0.128 0.7402 0.0827, -0.2618 0.7402 0.0827, -0.128 -0.0472 0.0827, -0.2618 -0.0472 0.0827, -0.3248 0.7402 0.0827, -0.4587 0.7402 0.0827, -0.3248 -0.0472 0.0827, -0.4587 -0.0472 0.0827, -0.5217 0.7402 0.0827, -0.7067 0.7402 0.0827, -0.5217 -0.0472 0.0827, -0.7067 -0.0472 0.0827, -0.065 -0.0472 0.0827, 0.0689 -0.0472 0.0827, -0.065 0.7402 0.0827, 0.0689 0.7402 0.0827, 0.4626 0.7402 0.0827, 0.3287 0.7402 0.0827, 0.4626 -0.0472 0.0827, 0.3287 -0.0472 0.0827, 0.1319 -0.0472 0.0827, 0.2657 -0.0472 0.0827, 0.1319 0.7402 0.0827, 0.2657 0.7402 0.0827
            ]
        }
        coordIndex [
            0,1,2,-1,3,4,5,-1,6,7,8,-1,9,10,11,-1,12,13,14,-1,15,16,17,-1,18,19,20,-1,21,22,23,-1,24,25,26,-1,27,28,29,-1,30,31,32,-1,32,31,3,-1,33,34,32,-1,32,34,35,-1,35,36,32,-1,32,36,37,-1,32,37,30,-1,38,39,40,-1,39,41,40,-1,40,41,42,-1,40,42,43,-1,44,38,45,-1,45,27,44,-1,44,27,29,-1,44,29,46,-1,47,48,29,-1,29,48,49,-1,29,49,50,-1,29,51,46,-1,46,51,52,-1,46,52,53,-1,53,52,54,-1,53,54,55,-1,50,56,29,-1,29,56,57,-1,29,57,51,-1,58,59,60,-1,58,60,61,-1,61,60,62,-1,61,62,63,-1,59,64,60,-1,60,64,65,-1,60,65,66,-1,66,65,67,-1,67,68,66,-1,66,68,69,-1,66,69,47,-1,47,69,70,-1,47,70,48,-1,71,72,60,-1,72,73,60,-1,60,73,74,-1,60,74,62,-1,75,76,77,-1,78,79,80,-1,79,81,80,-1,80,81,82,-1,80,82,83,-1,83,82,84,-1,83,84,77,-1,77,84,71,-1,77,71,75,-1,75,71,60,-1,0,85,1,-1,1,85,86,-1,1,86,87,-1,87,88,1,-1,1,88,89,-1,1,89,78,-1,90,91,4,-1,92,93,94,-1,95,96,0,-1,97,98,99,-1,99,98,100,-1,92,94,101,-1,95,0,102,-1,103,104,98,-1,98,104,105,-1,98,105,106,-1,4,91,0,-1,0,91,107,-1,0,107,102,-1,93,108,94,-1,94,108,109,-1,94,109,110,-1,111,112,113,-1,113,112,114,-1,113,114,115,-1,116,106,117,-1,117,106,118,-1,117,118,113,-1,113,118,119,-1,113,119,111,-1,116,120,106,-1,106,120,121,-1,106,121,98,-1,98,121,122,-1,98,122,100,-1,123,124,125,-1,125,124,126,-1,125,126,94,-1,94,126,127,-1,94,127,101,-1,128,129,94,-1,94,129,130,-1,94,130,98,-1,98,130,131,-1,98,131,103,-1,132,133,85,-1,85,133,134,-1,85,134,135,-1,135,136,85,-1,85,136,137,-1,85,137,138,-1,138,137,123,-1,138,123,139,-1,139,123,125,-1,96,140,0,-1,0,140,141,-1,0,141,85,-1,85,141,142,-1,85,142,132,-1,110,143,94,-1,94,143,144,-1,94,144,145,-1,145,146,94,-1,94,146,147,-1,94,147,128,-1,148,149,150,-1,150,106,148,-1,148,106,105,-1,148,105,151,-1,151,105,152,-1,152,153,151,-1,151,153,154,-1,151,154,155,-1,156,157,158,-1,157,159,158,-1,158,159,160,-1,158,160,161,-1,162,158,163,-1,149,148,162,-1,162,148,164,-1,162,164,158,-1,158,164,165,-1,158,165,156,-1,163,166,162,-1,162,166,167,-1,162,167,168,-1,161,160,169,-1,169,160,170,-1,169,170,171,-1,171,170,172,-1,171,172,173,-1,174,175,168,-1,168,175,176,-1,168,176,162,-1,31,177,3,-1,3,177,178,-1,3,178,4,-1,4,178,179,-1,4,179,90,-1,180,181,182,-1,182,181,183,-1,182,183,184,-1,184,183,185,-1,184,185,186,-1,187,188,189,-1,189,188,190,-1,190,188,191,-1,191,188,183,-1,191,183,192,-1,192,183,181,-1,192,181,26,-1,26,181,193,-1,26,193,24,-1,185,194,186,-1,186,194,195,-1,186,195,196,-1,196,195,197,-1,198,199,200,-1,200,199,201,-1,202,203,204,-1,204,203,205,-1,204,205,22,-1,206,207,208,-1,208,207,209,-1,208,209,205,-1,210,211,212,-1,213,214,215,-1,215,214,216,-1,217,218,210,-1,210,218,219,-1,210,219,220,-1,198,221,199,-1,199,221,222,-1,199,222,223,-1,223,222,224,-1,225,226,224,-1,224,226,227,-1,224,227,223,-1,220,228,210,-1,210,228,229,-1,210,229,211,-1,230,231,208,-1,208,231,232,-1,208,232,206,-1,233,234,235,-1,212,236,210,-1,210,236,237,-1,210,237,214,-1,214,237,201,-1,214,201,216,-1,216,201,199,-1,238,203,239,-1,240,241,242,-1,213,243,214,-1,214,243,244,-1,214,244,245,-1,246,247,224,-1,224,247,248,-1,224,248,249,-1,233,235,202,-1,242,250,240,-1,240,250,238,-1,240,238,251,-1,251,238,239,-1,235,252,202,-1,202,252,253,-1,202,253,203,-1,203,253,254,-1,203,254,239,-1,249,255,224,-1,224,255,256,-1,224,256,225,-1,21,23,257,-1,257,23,258,-1,257,258,259,-1,260,261,20,-1,262,263,20,-1,20,263,264,-1,265,266,267,-1,267,266,268,-1,267,268,269,-1,269,270,267,-1,267,270,271,-1,267,271,272,-1,272,271,273,-1,272,273,260,-1,274,275,261,-1,261,275,276,-1,261,276,20,-1,20,276,277,-1,20,277,262,-1,264,278,20,-1,20,278,279,-1,20,279,18,-1,280,281,282,-1,282,281,283,-1,282,283,284,-1,282,285,280,-1,280,285,286,-1,280,286,287,-1,287,288,280,-1,280,288,289,-1,280,289,290,-1,290,289,291,-1,290,291,292,-1,292,291,293,-1,292,293,261,-1,261,293,294,-1,261,294,274,-1,295,296,284,-1,284,296,297,-1,284,297,282,-1,298,299,234,-1,234,299,300,-1,234,300,235,-1,298,301,299,-1,299,301,302,-1,299,302,303,-1,303,302,304,-1,303,305,306,-1,304,307,303,-1,303,307,308,-1,303,308,309,-1,309,310,303,-1,303,310,311,-1,303,311,305,-1,306,312,303,-1,303,312,313,-1,303,313,314,-1,315,316,317,-1,317,316,318,-1,317,318,319,-1,320,321,322,-1,322,321,323,-1,316,324,318,-1,318,324,325,-1,318,325,326,-1,326,325,327,-1,326,327,328,-1,328,327,329,-1,328,329,323,-1,323,329,330,-1,323,330,322,-1,331,332,333,-1,331,333,334,-1,335,336,337,-1,337,336,338,-1,337,338,339,-1,340,341,326,-1,342,343,328,-1,341,344,326,-1,326,344,345,-1,326,345,331,-1,331,345,346,-1,331,346,332,-1,342,328,347,-1,338,348,339,-1,339,348,349,-1,339,349,328,-1,328,349,350,-1,328,350,347,-1,343,351,328,-1,328,351,352,-1,328,352,326,-1,326,352,353,-1,326,353,340,-1,354,355,334,-1,334,355,356,-1,337,357,358,-1,358,357,359,-1,333,335,334,-1,334,335,337,-1,334,337,360,-1,360,337,358,-1,361,362,363,-1,363,362,364,-1,363,364,365,-1,363,354,361,-1,361,354,334,-1,361,334,366,-1,366,334,360,-1,366,360,17,-1,17,360,367,-1,17,367,15,-1,359,357,368,-1,368,357,369,-1,368,369,370,-1,38,40,45,-1,45,40,371,-1,45,371,372,-1,372,371,373,-1,372,373,374,-1,375,369,376,-1,376,369,377,-1,355,378,356,-1,356,378,370,-1,356,370,14,-1,14,370,369,-1,14,369,379,-1,379,369,375,-1,12,14,380,-1,381,382,383,-1,384,385,386,-1,386,385,387,-1,386,387,379,-1,379,387,388,-1,379,388,14,-1,14,388,389,-1,14,389,380,-1,390,391,392,-1,392,391,393,-1,392,393,394,-1,384,386,383,-1,383,386,395,-1,383,395,381,-1,382,396,383,-1,383,396,397,-1,383,397,398,-1,398,399,383,-1,383,399,400,-1,383,400,401,-1,401,402,383,-1,383,402,391,-1,383,391,403,-1,403,391,390,-1,10,404,405,-1,405,404,377,-1,405,377,406,-1,11,407,408,-1,408,409,11,-1,11,409,410,-1,11,410,9,-1,411,412,413,-1,414,415,416,-1,416,415,417,-1,416,417,11,-1,11,417,418,-1,11,418,407,-1,419,420,421,-1,421,420,422,-1,421,422,423,-1,424,425,214,-1,214,425,426,-1,214,426,421,-1,421,426,427,-1,421,427,419,-1,13,424,267,-1,267,424,214,-1,267,214,265,-1,265,214,245,-1,265,245,241,-1,241,245,428,-1,241,428,242,-1,22,205,23,-1,23,205,209,-1,23,209,258,-1,258,209,429,-1,258,429,217,-1,217,429,430,-1,217,430,218,-1,431,432,433,-1,180,182,434,-1,434,182,435,-1,434,435,197,-1,197,435,433,-1,197,433,196,-1,196,433,432,-1,196,432,436,-1,437,438,439,-1,433,440,431,-1,431,440,441,-1,431,441,442,-1,442,441,437,-1,442,437,443,-1,443,437,439,-1,8,444,20,-1,20,444,445,-1,260,20,272,-1,272,20,445,-1,272,445,440,-1,440,445,446,-1,440,446,441,-1,447,444,448,-1,448,444,8,-1,448,8,449,-1,449,8,7,-1,450,451,452,-1,259,258,19,-1,19,258,450,-1,19,450,20,-1,20,450,452,-1,20,452,8,-1,8,452,453,-1,8,453,454,-1,455,456,457,-1,457,456,458,-1,457,458,450,-1,450,458,459,-1,450,459,451,-1,454,460,8,-1,8,460,461,-1,8,461,6,-1,462,463,464,-1,462,464,436,-1,463,465,464,-1,464,465,466,-1,464,466,457,-1,457,466,467,-1,457,467,455,-1,468,76,469,-1,469,76,75,-1,469,75,470,-1,470,75,60,-1,470,60,471,-1,471,60,66,-1,471,66,472,-1,472,66,47,-1,472,47,473,-1,473,47,29,-1,473,29,474,-1,474,29,28,-1,475,476,413,-1,413,476,477,-1,478,416,32,-1,412,414,413,-1,413,414,416,-1,413,416,475,-1,475,416,478,-1,475,478,479,-1,5,413,3,-1,3,413,477,-1,3,477,32,-1,32,477,480,-1,32,480,478,-1,481,482,483,-1,482,481,484,-1,484,481,5,-1,484,5,485,-1,486,487,488,-1,488,487,484,-1,488,484,489,-1,489,484,485,-1,489,485,490,-1,490,485,491,-1,2,481,0,-1,0,481,483,-1,0,483,4,-1,4,483,492,-1,4,492,5,-1,5,492,493,-1,5,493,485,-1,10,405,11,-1,11,405,494,-1,11,494,416,-1,416,494,40,-1,416,40,32,-1,32,40,43,-1,32,43,33,-1,2,217,481,-1,481,217,210,-1,481,210,5,-1,5,210,214,-1,5,214,413,-1,413,214,421,-1,413,421,411,-1,411,421,423,-1,13,267,14,-1,14,267,272,-1,14,272,356,-1,356,272,440,-1,356,440,334,-1,334,440,433,-1,334,433,331,-1,331,433,435,-1,331,435,326,-1,326,435,182,-1,326,182,318,-1,377,369,406,-1,406,369,357,-1,406,357,495,-1,495,357,337,-1,495,337,496,-1,496,337,339,-1,496,339,497,-1,497,339,328,-1,497,328,498,-1,498,328,323,-1,498,323,499,-1,499,323,321,-1,499,321,500,-1,501,502,503,-1,503,502,504,-1,505,506,507,-1,508,509,510,-1,506,511,507,-1,507,511,512,-1,507,512,513,-1,322,319,320,-1,320,319,318,-1,320,318,509,-1,509,318,182,-1,509,182,510,-1,510,182,514,-1,510,515,508,-1,508,515,503,-1,508,503,184,-1,184,503,504,-1,184,504,507,-1,505,507,516,-1,516,507,514,-1,516,514,517,-1,518,182,519,-1,519,182,184,-1,519,184,520,-1,520,184,507,-1,520,507,521,-1,521,507,513,-1,522,523,514,-1,514,523,524,-1,514,524,517,-1,518,525,182,-1,182,525,526,-1,182,526,514,-1,514,526,527,-1,514,527,522,-1,436,464,196,-1,196,464,528,-1,196,528,186,-1,186,528,529,-1,186,529,184,-1,184,529,530,-1,184,530,508,-1,78,80,1,-1,1,80,531,-1,1,531,2,-1,2,531,532,-1,2,532,217,-1,217,532,533,-1,217,533,258,-1,258,533,534,-1,258,534,450,-1,450,534,535,-1,450,535,457,-1,457,535,536,-1,457,536,464,-1,464,536,537,-1,464,537,528,-1,528,537,538,-1,528,538,529,-1,529,538,539,-1,529,539,530,-1,540,541,542,-1,542,541,543,-1,544,545,546,-1,546,545,547,-1,548,549,550,-1,550,549,551,-1,552,553,554,-1,554,553,555,-1,556,557,558,-1,558,557,559,-1,560,561,562,-1,562,561,563,-1,564,565,566,-1,566,565,567,-1,568,569,570,-1,570,569,571,-1,
        ]
    }
}
Shape{
    appearance Appearance {
        material  Material 	{
            diffuseColor 0.10196078431372549 0.10196078431372549 0.10196078431372549
            specularColor 0.03137254901960784 0.03137254901960784 0.03137254901960784
            ambientIntensity 0.102
            transparency 0.0
            shininess 0.5
        }
    }
    geometry IndexedFaceSet {
        ccw TRUE
        solid FALSE
        coord DEF co Coordinate {
            point [
                -0.7067 0.3583 0.2992, -0.7067 0.3583 0.3976, -0.7067 0.7402 0.2992, -0.7067 0.8898 0.3976, -0.7067 0.7402 0.2355, -0.7067 0.9489 0.3386, -0.7067 0.9489 0.2726, 0.7106 0.3583 0.3976, 0.7106 0.3583 0.2992, 0.7106 0.8898 0.3976, 0.7106 0.7402 0.2992, 0.7106 0.9489 0.3386, 0.7106 0.7402 0.2355, 0.7106 0.9489 0.2726
            ]
        }
        coordIndex [
            0,1,2,-1,2,1,3,-1,2,3,4,-1,4,3,5,-1,4,5,6,-1,7,8,9,-1,9,8,10,-1,9,10,11,-1,11,10,12,-1,11,12,13,-1,
        ]
    }
}
Shape{
    appearance Appearance {
        material  Material 	{
            diffuseColor 1.0 1.0 1.0
            specularColor 0.5019607843137255 0.5019607843137255 0.5019607843137255
            ambientIntensity 1.0
            transparency 0.0
            shininess 0.5
        }
    }
    geometry IndexedFaceSet {
        ccw TRUE
        solid FALSE
        coord DEF co Coordinate {
            point [
                0.5335 -0.2913 0.3976, 0.5335 -0.3503 0.3976, 0.5531 -0.37 0.3976, -0.878 0.3583 0.3976, -0.937 0.3583 0.3976, -0.937 0.3286 0.3976, -0.4508 -0.2913 0.3976, 0.8819 0.1418 0.3976, -0.5295 -0.2913 0.3976, -0.878 0.1418 0.3976, -0.937 -0.1585 0.3976, -0.937 -0.1899 0.3976, -0.937 -0.2068 0.3976, -0.937 -0.2155 0.3976, -0.937 -0.2359 0.3976, -0.4311 -0.37 0.3976, -0.3524 -0.37 0.3976, -0.4508 -0.3503 0.3976, -0.3327 -0.3503 0.3976, -0.3327 -0.2913 0.3976, -0.2539 -0.2913 0.3976, -0.937 -0.1206 0.3976, -0.937 -0.1563 0.3976, -0.937 -0.2619 0.3976, -0.937 -0.37 0.3976, -0.5492 -0.37 0.3976, -0.2343 -0.37 0.3976, -0.1555 -0.37 0.3976, -0.2539 -0.3503 0.3976, -0.1358 -0.3503 0.3976, -0.1358 -0.2913 0.3976, -0.0571 -0.2913 0.3976, 0.1398 -0.2913 0.3976, 0.1398 -0.3503 0.3976, 0.1594 -0.37 0.3976, -0.937 -0.2502 0.3976, -0.5295 -0.3503 0.3976, -0.0374 -0.37 0.3976, 0.0413 -0.37 0.3976, -0.0571 -0.3503 0.3976, 0.061 -0.3503 0.3976, 0.061 -0.2913 0.3976, 0.3366 -0.2913 0.3976, 0.2579 -0.2913 0.3976, 0.2579 -0.3503 0.3976, 0.2382 -0.37 0.3976, 0.3366 -0.3503 0.3976, 0.3563 -0.37 0.3976, 0.9409 -0.37 0.3976, 0.9409 0.3583 0.3976, 0.8819 0.3583 0.3976, 0.4547 -0.2913 0.3976, 0.4547 -0.3503 0.3976, 0.435 -0.37 0.3976, -0.937 0.3583 0.2992, -0.878 0.3583 0.2992, 0.8819 0.3583 0.2992, 0.9409 0.3583 0.2992
            ]
        }
        coordIndex [
            0,1,2,-1,3,4,5,-1,6,7,8,-1,8,7,9,-1,10,11,8,-1,11,12,8,-1,8,12,13,-1,8,13,14,-1,15,16,17,-1,17,16,18,-1,17,18,6,-1,6,18,19,-1,6,19,7,-1,7,19,20,-1,3,5,9,-1,9,5,21,-1,9,21,8,-1,8,21,22,-1,8,22,10,-1,23,24,25,-1,26,27,28,-1,28,27,29,-1,28,29,20,-1,20,29,30,-1,20,30,7,-1,7,30,31,-1,32,33,34,-1,14,35,8,-1,8,35,23,-1,8,23,36,-1,36,23,25,-1,37,38,39,-1,39,38,40,-1,39,40,31,-1,31,40,41,-1,31,41,7,-1,7,41,32,-1,42,7,43,-1,43,7,32,-1,43,32,44,-1,44,32,34,-1,44,34,45,-1,42,46,47,-1,48,49,7,-1,7,49,50,-1,2,48,0,-1,0,48,7,-1,0,7,51,-1,51,7,42,-1,51,42,52,-1,52,42,47,-1,52,47,53,-1,4,3,54,-1,54,3,55,-1,50,49,56,-1,56,49,57,-1,
        ]
    }
}
Shape{
    appearance Appearance {
        material  Material 	{
            diffuseColor 0.25098039215686274 0.25098039215686274 0.25098039215686274
            specularColor 0.12549019607843137 0.12549019607843137 0.12549019607843137
            ambientIntensity 0.251
            transparency 0.0
            shininess 0.5
        }
    }
    geometry IndexedFaceSet {
        ccw TRUE
        solid FALSE
        coord DEF co Coordinate {
            point [
                -0.3209 0.4174 0.3976, -0.2658 0.4174 0.3976, 0.7106 0.8898 0.3976, 0.1279 0.4174 0.3976, 0.1279 0.2599 0.3976, 0.2697 0.2599 0.3976, -0.4626 0.4174 0.3976, -0.4626 0.2599 0.3976, -0.3209 0.2599 0.3976, 0.3248 0.2599 0.3976, 0.4665 0.2599 0.3976, 0.3248 0.4174 0.3976, 0.4665 0.4174 0.3976, -0.5177 0.4174 0.3976, -0.7067 0.8898 0.3976, -0.5177 0.2599 0.3976, -0.7067 0.3583 0.3976, -0.8189 0.2599 0.3976, -0.8189 0.3583 0.3976, 0.5216 0.4174 0.3976, 0.7106 0.3583 0.3976, 0.5216 0.2599 0.3976, 0.8228 0.3583 0.3976, 0.8228 0.2599 0.3976, 0.2697 0.4174 0.3976, -0.2658 0.2599 0.3976, -0.124 0.2599 0.3976, -0.124 0.4174 0.3976, -0.0689 0.4174 0.3976, -0.0689 0.2599 0.3976, 0.0728 0.2599 0.3976, 0.0728 0.4174 0.3976
            ]
        }
        coordIndex [
            0,1,2,-1,3,4,5,-1,6,7,8,-1,9,10,11,-1,11,10,12,-1,8,0,6,-1,6,0,2,-1,6,2,13,-1,13,2,14,-1,13,14,15,-1,15,14,16,-1,15,16,17,-1,17,16,18,-1,2,19,20,-1,20,19,21,-1,20,21,22,-1,22,21,23,-1,24,11,2,-1,2,11,12,-1,2,12,19,-1,25,26,1,-1,1,26,27,-1,1,27,2,-1,2,27,28,-1,29,30,28,-1,28,30,31,-1,28,31,2,-1,2,31,3,-1,2,3,24,-1,24,3,5,-1,
        ]
    }
}
Shape{
    appearance Appearance {
        material  Material 	{
            diffuseColor 1.0 1.0 1.0
            specularColor 0.5019607843137255 0.5019607843137255 0.5019607843137255
            ambientIntensity 1.0
            transparency 0.0
            shininess 0.5
        }
    }
    geometry IndexedFaceSet {
        ccw TRUE
        solid FALSE
        coord DEF co Coordinate {
            point [
                0.5531 -0.37 0.0039, 0.5335 -0.3503 0.0039, 0.9409 -0.37 0.0039, 0.5335 -0.2913 0.0039, 0.1398 -0.2913 0.0039, 0.2579 -0.2913 0.0039, 0.2579 -0.3503 0.0039, 0.4547 -0.3503 0.0039, 0.435 -0.37 0.0039, 0.3563 -0.37 0.0039, 0.3366 -0.2913 0.0039, 0.7441 0.2678 0.0039, 0.7441 0.7402 0.0039, 0.061 -0.2913 0.0039, -0.937 -0.2359 0.0039, -0.937 -0.2155 0.0039, -0.5295 -0.2913 0.0039, -0.937 -0.2068 0.0039, 0.3366 -0.3503 0.0039, 0.4547 -0.2913 0.0039, 0.9409 0.2678 0.0039, 0.2382 -0.37 0.0039, 0.1594 -0.37 0.0039, 0.1398 -0.3503 0.0039, 0.061 -0.3503 0.0039, 0.0413 -0.37 0.0039, -0.0571 -0.2913 0.0039, -0.0374 -0.37 0.0039, -0.0571 -0.3503 0.0039, -0.3327 -0.3503 0.0039, -0.4508 -0.2913 0.0039, -0.3327 -0.2913 0.0039, -0.2539 -0.2913 0.0039, -0.3524 -0.37 0.0039, -0.4311 -0.37 0.0039, -0.4508 -0.3503 0.0039, -0.5492 -0.37 0.0039, -0.937 -0.37 0.0039, -0.5295 -0.3503 0.0039, -0.937 -0.2619 0.0039, -0.937 -0.2502 0.0039, -0.937 -0.1899 0.0039, -0.937 -0.1585 0.0039, -0.937 -0.1563 0.0039, -0.7402 0.7402 0.0039, -0.7402 0.2678 0.0039, -0.937 0.2678 0.0039, -0.937 -0.1206 0.0039, -0.1358 -0.3503 0.0039, -0.1555 -0.37 0.0039, -0.2343 -0.37 0.0039, -0.2539 -0.3503 0.0039, -0.1358 -0.2913 0.0039, 0.9409 0.5946 0.0335, 0.9409 0.5946 0.2795, 0.9409 0.2678 0.0335, 0.9409 0.2599 0.2795, 0.9409 0.3583 0.2992, 0.9409 0.3583 0.3976, 0.9409 0.2599 0.2992, 0.9409 -0.37 0.3976, 0.8622 0.5946 0.0335, 0.8622 0.5946 0.2795
            ]
        }
        coordIndex [
            0,1,2,-1,2,1,3,-1,4,5,6,-1,7,8,9,-1,10,5,11,-1,11,5,4,-1,11,4,12,-1,12,4,13,-1,14,15,16,-1,16,15,17,-1,9,18,7,-1,7,18,10,-1,7,10,19,-1,19,10,11,-1,19,11,3,-1,3,11,20,-1,3,20,2,-1,6,21,4,-1,4,21,22,-1,4,22,23,-1,24,25,26,-1,26,25,27,-1,26,27,28,-1,29,30,31,-1,31,30,12,-1,31,12,32,-1,29,33,30,-1,30,33,34,-1,30,34,35,-1,36,37,38,-1,38,37,39,-1,38,39,16,-1,16,39,40,-1,16,40,14,-1,17,41,16,-1,16,41,42,-1,16,42,43,-1,44,12,45,-1,45,12,30,-1,45,30,46,-1,46,30,16,-1,46,16,47,-1,47,16,43,-1,48,49,50,-1,50,51,48,-1,48,51,32,-1,48,32,52,-1,52,32,12,-1,52,12,26,-1,26,12,13,-1,26,13,24,-1,53,54,55,-1,55,54,56,-1,57,58,59,-1,59,58,60,-1,59,60,56,-1,56,60,2,-1,56,2,55,-1,55,2,20,-1,61,62,53,-1,53,62,54,-1,
        ]
    }
}
Shape{
    appearance Appearance {
        material  Material 	{
            diffuseColor 0.10196078431372549 0.10196078431372549 0.10196078431372549
            specularColor 0.03137254901960784 0.03137254901960784 0.03137254901960784
            ambientIntensity 0.102
            transparency 0.0
            shininess 0.5
        }
    }
    geometry IndexedFaceSet {
        ccw TRUE
        solid FALSE
        coord DEF co Coordinate {
            point [
                0.8228 0.3583 0.2992, 0.8228 0.3583 0.3976, 0.8228 0.2599 0.2992, 0.8228 0.2599 0.3976, -0.8189 0.2599 0.2992, -0.8189 0.2599 0.3976, -0.8189 0.3583 0.2992, -0.8189 0.3583 0.3976
            ]
        }
        coordIndex [
            0,1,2,-1,2,1,3,-1,4,5,6,-1,6,5,7,-1,
        ]
    }
}
Shape{
    appearance Appearance {
        material  Material 	{
            diffuseColor 1.0 1.0 1.0
            specularColor 0.5019607843137255 0.5019607843137255 0.5019607843137255
            ambientIntensity 1.0
            transparency 0.0
            shininess 0.5
        }
    }
    geometry IndexedFaceSet {
        ccw TRUE
        solid FALSE
        coord DEF co Coordinate {
            point [
                0.8819 0.1418 0.3976, 0.8819 0.1418 0.2795, 0.5177 0.1418 0.2795, 0.5177 0.1418 0.3189, 0.4705 0.1418 0.3189, -0.878 0.1418 0.3976, 0.2736 0.1418 0.3189, 0.2736 0.1418 0.2795, 0.124 0.1418 0.2795, 0.124 0.1418 0.3189, 0.0768 0.1418 0.3189, 0.3209 0.1418 0.3189, 0.3209 0.1418 0.2795, 0.4705 0.1418 0.2795, -0.1201 0.1418 0.3189, -0.1201 0.1418 0.2795, -0.2697 0.1418 0.2795, -0.2697 0.1418 0.3189, -0.3169 0.1418 0.3189, -0.0728 0.1418 0.3189, -0.0728 0.1418 0.2795, 0.0768 0.1418 0.2795, -0.5138 0.1418 0.2795, -0.878 0.1418 0.2795, -0.5138 0.1418 0.3189, -0.4665 0.1418 0.3189, -0.4665 0.1418 0.2795, -0.3169 0.1418 0.2795
            ]
        }
        coordIndex [
            0,1,2,-1,2,3,0,-1,0,3,4,-1,0,4,5,-1,6,7,8,-1,9,10,5,-1,8,9,6,-1,6,9,5,-1,6,5,11,-1,11,5,4,-1,11,4,12,-1,12,4,13,-1,14,15,16,-1,17,18,5,-1,16,17,14,-1,14,17,5,-1,14,5,19,-1,19,5,10,-1,19,10,20,-1,20,10,21,-1,22,23,24,-1,24,23,5,-1,24,5,25,-1,25,5,18,-1,25,18,26,-1,26,18,27,-1,
        ]
    }
}
Shape{
    appearance Appearance {
        material  Material 	{
            diffuseColor 0.25098039215686274 0.25098039215686274 0.25098039215686274
            specularColor 0.12549019607843137 0.12549019607843137 0.12549019607843137
            ambientIntensity 0.251
            transparency 0.0
            shininess 0.5
        }
    }
    geometry IndexedFaceSet {
        ccw TRUE
        solid FALSE
        coord DEF co Coordinate {
            point [
                -0.3209 0.2599 0.3976, -0.4626 0.2599 0.3976, -0.3209 0.2599 0.2795, -0.4626 0.2599 0.2795, -0.2658 0.2599 0.2795, -0.124 0.2599 0.2795, -0.2658 0.2599 0.3976, -0.124 0.2599 0.3976, -0.0689 0.2599 0.2795, 0.0728 0.2599 0.2795, -0.0689 0.2599 0.3976, 0.0728 0.2599 0.3976, 0.1279 0.2599 0.2795, 0.2697 0.2599 0.2795, 0.1279 0.2599 0.3976, 0.2697 0.2599 0.3976, 0.3248 0.2599 0.2795, 0.4665 0.2599 0.2795, 0.3248 0.2599 0.3976, 0.4665 0.2599 0.3976, -0.7854 0.2599 0.2795, -0.5177 0.2599 0.2795, -0.7854 0.2599 0.2992, -0.5177 0.2599 0.3976, -0.8189 0.2599 0.2992, -0.8189 0.2599 0.3976
            ]
        }
        coordIndex [
            0,1,2,-1,2,1,3,-1,4,5,6,-1,6,5,7,-1,8,9,10,-1,10,9,11,-1,12,13,14,-1,14,13,15,-1,16,17,18,-1,18,17,19,-1,20,21,22,-1,22,21,23,-1,22,23,24,-1,24,23,25,-1,
        ]
    }
}
Shape{
    appearance Appearance {
        material  Material 	{
            diffuseColor 1.0 1.0 1.0
            specularColor 0.5019607843137255 0.5019607843137255 0.5019607843137255
            ambientIntensity 1.0
            transparency 0.0
            shininess 0.5
        }
    }
    geometry IndexedFaceSet {
        ccw TRUE
        solid FALSE
        coord DEF co Coordinate {
            point [
                0.1594 -0.37 0.3976, 0.1594 -0.37 0.0039, 0.2382 -0.37 0.3976, 0.2382 -0.37 0.0039, 0.435 -0.37 0.0039, 0.435 -0.37 0.3976, 0.3563 -0.37 0.0039, 0.3563 -0.37 0.3976, -0.0374 -0.37 0.3976, -0.0374 -0.37 0.0039, 0.0413 -0.37 0.3976, 0.0413 -0.37 0.0039, -0.2343 -0.37 0.3976, -0.2343 -0.37 0.0039, -0.1555 -0.37 0.3976, -0.1555 -0.37 0.0039, -0.4311 -0.37 0.3976, -0.4311 -0.37 0.0039, -0.3524 -0.37 0.3976, -0.3524 -0.37 0.0039, -0.6614 -0.37 0.0827, -0.5492 -0.37 0.0039, -0.6614 -0.37 0.3189, -0.5492 -0.37 0.3976, -0.8976 -0.37 0.3189, -0.937 -0.37 0.3976, -0.8976 -0.37 0.0827, -0.937 -0.37 0.161, -0.937 -0.37 0.1233, -0.937 -0.37 0.1124, -0.937 -0.37 0.0645, -0.937 -0.37 0.0498, -0.937 -0.37 0.0039, -0.937 0.5946 0.0335, -0.937 0.5946 0.0498, -0.8583 0.5946 0.0335, -0.937 0.5946 0.0645, -0.937 0.5946 0.1124, -0.937 0.5946 0.1233, -0.8583 0.5946 0.2795, -0.937 0.5946 0.161, -0.937 0.5946 0.2795, 0.6653 -0.37 0.0827, 0.5531 -0.37 0.0039, 0.9016 -0.37 0.0827, 0.9409 -0.37 0.0039, 0.9016 -0.37 0.3189, 0.9409 -0.37 0.3976, 0.6653 -0.37 0.3189, 0.5531 -0.37 0.3976
            ]
        }
        coordIndex [
            0,1,2,-1,2,1,3,-1,4,5,6,-1,6,5,7,-1,8,9,10,-1,10,9,11,-1,12,13,14,-1,14,13,15,-1,16,17,18,-1,18,17,19,-1,20,21,22,-1,22,21,23,-1,22,23,24,-1,24,23,25,-1,24,25,26,-1,25,27,26,-1,26,27,28,-1,26,28,29,-1,29,30,26,-1,26,30,31,-1,26,31,20,-1,20,31,32,-1,20,32,21,-1,33,34,35,-1,35,34,36,-1,36,37,35,-1,35,37,38,-1,35,38,39,-1,39,38,40,-1,39,40,41,-1,42,43,44,-1,44,43,45,-1,44,45,46,-1,46,45,47,-1,46,47,48,-1,48,47,49,-1,48,49,42,-1,42,49,43,-1,
        ]
    }
}
Shape{
    appearance Appearance {
        material  Material 	{
            diffuseColor 0.10196078431372549 0.10196078431372549 0.10196078431372549
            specularColor 0.03137254901960784 0.03137254901960784 0.03137254901960784
            ambientIntensity 0.102
            transparency 0.0
            shininess 0.5
        }
    }
    geometry IndexedFaceSet {
        ccw TRUE
        solid FALSE
        coord DEF co Coordinate {
            point [
                0.7106 0.9489 0.3386, 0.7106 0.9489 0.2726, -0.7067 0.9489 0.3386, -0.7067 0.9489 0.2726
            ]
        }
        coordIndex [
            0,1,2,-1,2,1,3,-1,
        ]
    }
}
Shape{
    appearance Appearance {
        material  Material 	{
            diffuseColor 0.0 0.0 0.0
            specularColor 0.0 0.0 0.0
            ambientIntensity 0.0
            transparency 0.0
            shininess 0.5
        }
    }
    geometry IndexedFaceSet {
        ccw TRUE
        solid FALSE
        coord DEF co Coordinate {
            point [
                -0.7067 0.9489 0.2726, 0.7106 0.9489 0.2726, -0.7067 0.7402 0.2355, 0.7106 0.7402 0.2355, -0.7067 0.6615 0.2216, 0.7106 0.6615 0.2216
            ]
        }
        coordIndex [
            0,1,2,-1,2,1,3,-1,2,3,4,-1,4,3,5,-1,
        ]
    }
}
Shape{
    appearance Appearance {
        material  Material 	{
            diffuseColor 0.10196078431372549 0.10196078431372549 0.10196078431372549
            specularColor 0.03137254901960784 0.03137254901960784 0.03137254901960784
            ambientIntensity 0.102
            transparency 0.0
            shininess 0.5
        }
    }
    geometry IndexedFaceSet {
        ccw TRUE
        solid FALSE
        coord DEF co Coordinate {
            point [
                -0.7067 0.9489 0.3386, -0.7067 0.8898 0.3976, 0.7106 0.9489 0.3386, 0.7106 0.8898 0.3976
            ]
        }
        coordIndex [
            0,1,2,-1,2,1,3,-1,
        ]
    }
}
Shape{
    appearance Appearance {
        material  Material 	{
            diffuseColor 1.0 1.0 1.0
            specularColor 0.5019607843137255 0.5019607843137255 0.5019607843137255
            ambientIntensity 1.0
            transparency 0.0
            shininess 0.5
        }
    }
    geometry IndexedFaceSet {
        ccw TRUE
        solid FALSE
        coord DEF co Coordinate {
            point [
                -0.7854 0.7402 0.2992, -0.7854 0.3583 0.2992, -0.7067 0.7402 0.2992, -0.7067 0.3583 0.2992, -0.7854 0.7402 0.0335, -0.7854 0.3583 0.0335, -0.7854 0.3583 0.2795, -0.7854 0.2599 0.2795, -0.7854 0.2599 0.2992, 0.7894 0.3583 0.2992, 0.7894 0.7402 0.2992, 0.7106 0.3583 0.2992, 0.7106 0.7402 0.2992, 0.7894 0.3583 0.2795, 0.7894 0.3583 0.0335, 0.7894 0.7402 0.0335, 0.7894 0.2599 0.2992, 0.7894 0.2599 0.2795
            ]
        }
        coordIndex [
            0,1,2,-1,2,1,3,-1,4,5,0,-1,0,5,6,-1,0,6,1,-1,1,6,7,-1,1,7,8,-1,9,10,11,-1,11,10,12,-1,13,14,15,-1,16,17,9,-1,9,17,13,-1,9,13,10,-1,10,13,15,-1,
        ]
    }
}
Shape{
    appearance Appearance {
        material  Material 	{
            diffuseColor 0.25098039215686274 0.25098039215686274 0.25098039215686274
            specularColor 0.12549019607843137 0.12549019607843137 0.12549019607843137
            ambientIntensity 0.251
            transparency 0.0
            shininess 0.5
        }
    }
    geometry IndexedFaceSet {
        ccw TRUE
        solid FALSE
        coord DEF co Coordinate {
            point [
                0.8228 0.2599 0.2992, 0.8228 0.2599 0.3976, 0.7894 0.2599 0.2992, 0.5216 0.2599 0.3976, 0.7894 0.2599 0.2795, 0.5216 0.2599 0.2795
            ]
        }
        coordIndex [
            0,1,2,-1,2,1,3,-1,2,3,4,-1,4,3,5,-1,
        ]
    }
}
Shape{
    appearance Appearance {
        material  Material 	{
            diffuseColor 1.0 1.0 1.0
            specularColor 0.5019607843137255 0.5019607843137255 0.5019607843137255
            ambientIntensity 1.0
            transparency 0.0
            shininess 0.5
        }
    }
    geometry IndexedFaceSet {
        ccw TRUE
        solid FALSE
        coord DEF co Coordinate {
            point [
                0.4547 -0.3503 0.0039, 0.4547 -0.2913 0.0039, 0.4547 -0.3503 0.3976, 0.4547 -0.2913 0.3976, 0.5335 -0.3503 0.3976, 0.5335 -0.2913 0.3976, 0.5335 -0.3503 0.0039, 0.5335 -0.2913 0.0039, 0.4646 -0.2913 0.041, 0.4646 -0.2913 0.2362, 0.5236 -0.2913 0.041, 0.5236 -0.2913 0.2362, 0.435 -0.37 0.3976, 0.435 -0.37 0.0039, 0.5531 -0.37 0.0039, 0.5531 -0.37 0.3976, -0.5295 -0.3503 0.3976, -0.5492 -0.37 0.3976, -0.5295 -0.3503 0.0039, -0.5492 -0.37 0.0039, -0.5295 -0.2913 0.0039, -0.5295 -0.2913 0.3976, -0.5197 -0.2913 0.041, -0.5197 -0.2913 0.2362, -0.4606 -0.2913 0.041, -0.4508 -0.2913 0.0039, -0.4606 -0.2913 0.2362, -0.4508 -0.2913 0.3976, -0.4508 -0.3503 0.3976, -0.4508 -0.3503 0.0039, -0.4311 -0.37 0.0039, -0.4311 -0.37 0.3976, -0.3327 -0.3503 0.3976, -0.3524 -0.37 0.3976, -0.3327 -0.3503 0.0039, -0.3524 -0.37 0.0039, -0.3327 -0.2913 0.0039, -0.3327 -0.2913 0.3976, -0.3228 -0.2913 0.041, -0.3228 -0.2913 0.2362, -0.2638 -0.2913 0.041, -0.2539 -0.2913 0.0039, -0.2638 -0.2913 0.2362, -0.2539 -0.2913 0.3976, -0.2539 -0.3503 0.3976, -0.2539 -0.3503 0.0039, -0.2343 -0.37 0.0039, -0.2343 -0.37 0.3976, -0.1358 -0.3503 0.3976, -0.1555 -0.37 0.3976, -0.1358 -0.3503 0.0039, -0.1555 -0.37 0.0039, -0.1358 -0.2913 0.0039, -0.1358 -0.2913 0.3976, -0.126 -0.2913 0.041, -0.126 -0.2913 0.2362, -0.0669 -0.2913 0.041, -0.0571 -0.2913 0.0039, -0.0669 -0.2913 0.2362, -0.0571 -0.2913 0.3976, -0.0571 -0.3503 0.3976, -0.0571 -0.3503 0.0039, -0.0374 -0.37 0.0039, -0.0374 -0.37 0.3976, 0.061 -0.3503 0.3976, 0.0413 -0.37 0.3976, 0.061 -0.3503 0.0039, 0.0413 -0.37 0.0039, 0.061 -0.2913 0.0039, 0.061 -0.2913 0.3976, 0.1398 -0.2913 0.3976, 0.1398 -0.2913 0.0039, 0.1398 -0.3503 0.3976, 0.1398 -0.3503 0.0039, 0.1594 -0.37 0.0039, 0.1594 -0.37 0.3976, 0.2579 -0.3503 0.3976, 0.2382 -0.37 0.3976, 0.2579 -0.3503 0.0039, 0.2382 -0.37 0.0039, 0.2579 -0.2913 0.0039, 0.2579 -0.2913 0.3976, 0.2677 -0.2913 0.041, 0.2677 -0.2913 0.2362, 0.3268 -0.2913 0.041, 0.3366 -0.2913 0.0039, 0.3268 -0.2913 0.2362, 0.3366 -0.2913 0.3976, 0.3366 -0.3503 0.3976, 0.3366 -0.3503 0.0039, 0.3563 -0.37 0.0039, 0.3563 -0.37 0.3976
            ]
        }
        coordIndex [
            0,1,2,-1,2,1,3,-1,4,5,6,-1,6,5,7,-1,1,8,9,-1,8,1,10,-1,10,1,7,-1,10,7,11,-1,11,7,5,-1,11,5,9,-1,9,5,3,-1,9,3,1,-1,2,12,0,-1,0,12,13,-1,6,14,4,-1,4,14,15,-1,16,17,18,-1,18,17,19,-1,18,20,16,-1,16,20,21,-1,20,22,23,-1,22,20,24,-1,24,20,25,-1,24,25,26,-1,26,25,27,-1,26,27,23,-1,23,27,21,-1,23,21,20,-1,28,27,29,-1,29,27,25,-1,29,30,28,-1,28,30,31,-1,32,33,34,-1,34,33,35,-1,34,36,32,-1,32,36,37,-1,36,38,39,-1,38,36,40,-1,40,36,41,-1,40,41,42,-1,42,41,43,-1,42,43,39,-1,39,43,37,-1,39,37,36,-1,44,43,45,-1,45,43,41,-1,45,46,44,-1,44,46,47,-1,48,49,50,-1,50,49,51,-1,50,52,48,-1,48,52,53,-1,52,54,55,-1,54,52,56,-1,56,52,57,-1,56,57,58,-1,58,57,59,-1,58,59,55,-1,55,59,53,-1,55,53,52,-1,60,59,61,-1,61,59,57,-1,61,62,60,-1,60,62,63,-1,64,65,66,-1,66,65,67,-1,66,68,64,-1,64,68,69,-1,70,69,71,-1,71,69,68,-1,72,70,73,-1,73,70,71,-1,73,74,72,-1,72,74,75,-1,76,77,78,-1,78,77,79,-1,78,80,76,-1,76,80,81,-1,80,82,83,-1,82,80,84,-1,84,80,85,-1,84,85,86,-1,86,85,87,-1,86,87,83,-1,83,87,81,-1,83,81,80,-1,88,87,89,-1,89,87,85,-1,89,90,88,-1,88,90,91,-1,
        ]
    }
}
Shape{
    appearance Appearance {
        material  Material 	{
            diffuseColor 1.0 1.0 0.0
            specularColor 0.5019607843137255 0.5019607843137255 0.0
            ambientIntensity 0.886
            transparency 0.0
            shininess 0.5
        }
    }
    geometry IndexedFaceSet {
        ccw TRUE
        solid FALSE
        coord DEF co Coordinate {
            point [
                0.2677 -0.2913 0.2362, 0.2677 -0.3582 0.2362, 0.3268 -0.2913 0.2362, 0.3268 -0.3582 0.2362, 0.2677 -0.2913 0.041, 0.3268 -0.2913 0.041, 0.3268 -0.2951 0.0398, 0.2677 -0.2951 0.0398, 0.3268 -0.2991 0.0394, 0.2677 -0.2991 0.0394, 0.2677 -0.5938 0.0146, 0.2677 -0.5944 0.0197, 0.2677 -0.5747 0.0, 0.2677 -0.368 0.0814, 0.2677 -0.364 0.0845, 0.2677 -0.5944 0.0591, 0.2677 -0.456 0.0248, 0.2677 -0.4566 0.0197, 0.2677 -0.4566 0.0, 0.2677 -0.5846 0.0026, 0.2677 -0.5887 0.0058, 0.2677 -0.5918 0.0098, 0.2677 -0.442 0.0387, 0.2677 -0.4468 0.0367, 0.2677 -0.5747 0.0787, 0.2677 -0.5938 0.0641, 0.2677 -0.5918 0.0689, 0.2677 -0.5887 0.073, 0.2677 -0.3582 0.0984, 0.2677 -0.5798 0.0007, 0.2677 -0.3608 0.0886, 0.2677 -0.3589 0.0933, 0.2677 -0.4369 0.0394, 0.2677 -0.3779 0.0787, 0.2677 -0.3728 0.0794, 0.2677 -0.4509 0.0336, 0.2677 -0.454 0.0295, 0.2677 -0.5798 0.0781, 0.2677 -0.5846 0.0761, 0.3268 -0.454 0.0295, 0.3268 -0.4509 0.0336, 0.3268 -0.5747 0.0787, 0.3268 -0.4566 0.0, 0.3268 -0.4566 0.0197, 0.3268 -0.5747 0.0, 0.3268 -0.5944 0.0197, 0.3268 -0.5944 0.0591, 0.3268 -0.456 0.0248, 0.3268 -0.5938 0.0641, 0.3268 -0.3582 0.0984, 0.3268 -0.5918 0.0098, 0.3268 -0.5887 0.0058, 0.3268 -0.5846 0.0026, 0.3268 -0.5938 0.0146, 0.3268 -0.5798 0.0007, 0.3268 -0.3608 0.0886, 0.3268 -0.364 0.0845, 0.3268 -0.5798 0.0781, 0.3268 -0.5846 0.0761, 0.3268 -0.3589 0.0933, 0.3268 -0.5887 0.073, 0.3268 -0.5918 0.0689, 0.3268 -0.368 0.0814, 0.3268 -0.3728 0.0794, 0.3268 -0.3779 0.0787, 0.3268 -0.4468 0.0367, 0.3268 -0.442 0.0387, 0.3268 -0.4369 0.0394, 0.4646 -0.2913 0.2362, 0.4646 -0.3582 0.2362, 0.5236 -0.2913 0.2362, 0.5236 -0.3582 0.2362, 0.4646 -0.2913 0.041, 0.5236 -0.2913 0.041, 0.5236 -0.2951 0.0398, 0.4646 -0.2951 0.0398, 0.5236 -0.2991 0.0394, 0.4646 -0.2991 0.0394, 0.4646 -0.5938 0.0146, 0.4646 -0.5944 0.0197, 0.4646 -0.5747 0.0, 0.4646 -0.368 0.0814, 0.4646 -0.364 0.0845, 0.4646 -0.5944 0.0591, 0.4646 -0.456 0.0248, 0.4646 -0.4566 0.0197, 0.4646 -0.4566 0.0, 0.4646 -0.5846 0.0026, 0.4646 -0.5887 0.0058, 0.4646 -0.5918 0.0098, 0.4646 -0.442 0.0387, 0.4646 -0.4468 0.0367, 0.4646 -0.5747 0.0787, 0.4646 -0.5938 0.0641, 0.4646 -0.5918 0.0689, 0.4646 -0.5887 0.073, 0.4646 -0.3582 0.0984, 0.4646 -0.5798 0.0007, 0.4646 -0.3608 0.0886, 0.4646 -0.3589 0.0933, 0.4646 -0.4369 0.0394, 0.4646 -0.3779 0.0787, 0.4646 -0.3728 0.0794, 0.4646 -0.4509 0.0336, 0.4646 -0.454 0.0295, 0.4646 -0.5798 0.0781, 0.4646 -0.5846 0.0761, 0.5236 -0.454 0.0295, 0.5236 -0.4509 0.0336, 0.5236 -0.5747 0.0787, 0.5236 -0.4566 0.0, 0.5236 -0.4566 0.0197, 0.5236 -0.5747 0.0, 0.5236 -0.5944 0.0197, 0.5236 -0.5944 0.0591, 0.5236 -0.456 0.0248, 0.5236 -0.5938 0.0641, 0.5236 -0.3582 0.0984, 0.5236 -0.5918 0.0098, 0.5236 -0.5887 0.0058, 0.5236 -0.5846 0.0026, 0.5236 -0.5938 0.0146, 0.5236 -0.5798 0.0007, 0.5236 -0.3608 0.0886, 0.5236 -0.364 0.0845, 0.5236 -0.5798 0.0781, 0.5236 -0.5846 0.0761, 0.5236 -0.3589 0.0933, 0.5236 -0.5887 0.073, 0.5236 -0.5918 0.0689, 0.5236 -0.368 0.0814, 0.5236 -0.3728 0.0794, 0.5236 -0.3779 0.0787, 0.5236 -0.4468 0.0367, 0.5236 -0.442 0.0387, 0.5236 -0.4369 0.0394, -0.126 -0.2913 0.2362, -0.126 -0.3582 0.2362, -0.0669 -0.2913 0.2362, -0.0669 -0.3582 0.2362, -0.126 -0.2913 0.041, -0.0669 -0.2913 0.041, -0.0669 -0.2951 0.0398, -0.126 -0.2951 0.0398, -0.0669 -0.2991 0.0394, -0.126 -0.2991 0.0394, -0.126 -0.5938 0.0146, -0.126 -0.5944 0.0197, -0.126 -0.5747 0.0, -0.126 -0.368 0.0814, -0.126 -0.364 0.0845, -0.126 -0.5944 0.0591, -0.126 -0.456 0.0248, -0.126 -0.4566 0.0197, -0.126 -0.4566 0.0, -0.126 -0.5846 0.0026, -0.126 -0.5887 0.0058, -0.126 -0.5918 0.0098, -0.126 -0.442 0.0387, -0.126 -0.4468 0.0367, -0.126 -0.5747 0.0787, -0.126 -0.5938 0.0641, -0.126 -0.5918 0.0689, -0.126 -0.5887 0.073, -0.126 -0.3582 0.0984, -0.126 -0.5798 0.0007, -0.126 -0.3608 0.0886, -0.126 -0.3589 0.0933, -0.126 -0.4369 0.0394, -0.126 -0.3779 0.0787, -0.126 -0.3728 0.0794, -0.126 -0.4509 0.0336, -0.126 -0.454 0.0295, -0.126 -0.5798 0.0781, -0.126 -0.5846 0.0761, -0.0669 -0.454 0.0295, -0.0669 -0.4509 0.0336, -0.0669 -0.5747 0.0787, -0.0669 -0.4566 0.0, -0.0669 -0.4566 0.0197, -0.0669 -0.5747 0.0, -0.0669 -0.5944 0.0197, -0.0669 -0.5944 0.0591, -0.0669 -0.456 0.0248, -0.0669 -0.5938 0.0641, -0.0669 -0.3582 0.0984, -0.0669 -0.5918 0.0098, -0.0669 -0.5887 0.0058, -0.0669 -0.5846 0.0026, -0.0669 -0.5938 0.0146, -0.0669 -0.5798 0.0007, -0.0669 -0.3608 0.0886, -0.0669 -0.364 0.0845, -0.0669 -0.5798 0.0781, -0.0669 -0.5846 0.0761, -0.0669 -0.3589 0.0933, -0.0669 -0.5887 0.073, -0.0669 -0.5918 0.0689, -0.0669 -0.368 0.0814, -0.0669 -0.3728 0.0794, -0.0669 -0.4369 0.0394, -0.0669 -0.3779 0.0787, -0.0669 -0.442 0.0387, -0.0669 -0.4468 0.0367, -0.3228 -0.2913 0.2362, -0.3228 -0.3582 0.2362, -0.2638 -0.2913 0.2362, -0.2638 -0.3582 0.2362, -0.3228 -0.2913 0.041, -0.2638 -0.2913 0.041, -0.2638 -0.2951 0.0398, -0.3228 -0.2951 0.0398, -0.2638 -0.2991 0.0394, -0.3228 -0.2991 0.0394, -0.3228 -0.5938 0.0146, -0.3228 -0.5944 0.0197, -0.3228 -0.5747 0.0, -0.3228 -0.368 0.0814, -0.3228 -0.364 0.0845, -0.3228 -0.3582 0.0984, -0.3228 -0.442 0.0387, -0.3228 -0.4468 0.0367, -0.3228 -0.5747 0.0787, -0.3228 -0.3608 0.0886, -0.3228 -0.3589 0.0933, -0.3228 -0.5938 0.0641, -0.3228 -0.5918 0.0689, -0.3228 -0.456 0.0248, -0.3228 -0.5887 0.073, -0.3228 -0.5944 0.0591, -0.3228 -0.4566 0.0197, -0.3228 -0.4566 0.0, -0.3228 -0.5846 0.0026, -0.3228 -0.5887 0.0058, -0.3228 -0.5918 0.0098, -0.3228 -0.4369 0.0394, -0.3228 -0.3779 0.0787, -0.3228 -0.3728 0.0794, -0.3228 -0.5798 0.0007, -0.3228 -0.4509 0.0336, -0.3228 -0.454 0.0295, -0.3228 -0.5798 0.0781, -0.3228 -0.5846 0.0761, -0.2638 -0.454 0.0295, -0.2638 -0.4509 0.0336, -0.2638 -0.5747 0.0787, -0.2638 -0.4566 0.0, -0.2638 -0.4566 0.0197, -0.2638 -0.5747 0.0, -0.2638 -0.5944 0.0197, -0.2638 -0.5944 0.0591, -0.2638 -0.456 0.0248, -0.2638 -0.5938 0.0641, -0.2638 -0.3582 0.0984, -0.2638 -0.5918 0.0098, -0.2638 -0.5887 0.0058, -0.2638 -0.5846 0.0026, -0.2638 -0.5938 0.0146, -0.2638 -0.5798 0.0007, -0.2638 -0.3608 0.0886, -0.2638 -0.364 0.0845, -0.2638 -0.5798 0.0781, -0.2638 -0.5846 0.0761, -0.2638 -0.3589 0.0933, -0.2638 -0.5887 0.073, -0.2638 -0.5918 0.0689, -0.2638 -0.368 0.0814, -0.2638 -0.3728 0.0794, -0.2638 -0.4369 0.0394, -0.2638 -0.3779 0.0787, -0.2638 -0.442 0.0387, -0.2638 -0.4468 0.0367, -0.5197 -0.2913 0.2362, -0.5197 -0.3582 0.2362, -0.4606 -0.2913 0.2362, -0.4606 -0.3582 0.2362, -0.5197 -0.2913 0.041, -0.4606 -0.2913 0.041, -0.4606 -0.2951 0.0398, -0.5197 -0.2951 0.0398, -0.4606 -0.2991 0.0394, -0.5197 -0.2991 0.0394, -0.5197 -0.5938 0.0146, -0.5197 -0.5944 0.0197, -0.5197 -0.5747 0.0, -0.5197 -0.368 0.0814, -0.5197 -0.364 0.0845, -0.5197 -0.3582 0.0984, -0.5197 -0.442 0.0387, -0.5197 -0.4468 0.0367, -0.5197 -0.5747 0.0787, -0.5197 -0.3608 0.0886, -0.5197 -0.3589 0.0933, -0.5197 -0.5938 0.0641, -0.5197 -0.5918 0.0689, -0.5197 -0.456 0.0248, -0.5197 -0.5887 0.073, -0.5197 -0.5944 0.0591, -0.5197 -0.4566 0.0197, -0.5197 -0.4566 0.0, -0.5197 -0.5846 0.0026, -0.5197 -0.5887 0.0058, -0.5197 -0.5918 0.0098, -0.5197 -0.4369 0.0394, -0.5197 -0.3779 0.0787, -0.5197 -0.3728 0.0794, -0.5197 -0.5798 0.0007, -0.5197 -0.4509 0.0336, -0.5197 -0.454 0.0295, -0.5197 -0.5798 0.0781, -0.5197 -0.5846 0.0761, -0.4606 -0.454 0.0295, -0.4606 -0.4509 0.0336, -0.4606 -0.5747 0.0787, -0.4606 -0.4566 0.0, -0.4606 -0.4566 0.0197, -0.4606 -0.5747 0.0, -0.4606 -0.5944 0.0197, -0.4606 -0.5944 0.0591, -0.4606 -0.456 0.0248, -0.4606 -0.5938 0.0641, -0.4606 -0.3582 0.0984, -0.4606 -0.5918 0.0098, -0.4606 -0.5887 0.0058, -0.4606 -0.5846 0.0026, -0.4606 -0.5938 0.0146, -0.4606 -0.5798 0.0007, -0.4606 -0.3608 0.0886, -0.4606 -0.364 0.0845, -0.4606 -0.5798 0.0781, -0.4606 -0.5846 0.0761, -0.4606 -0.3589 0.0933, -0.4606 -0.5887 0.073, -0.4606 -0.5918 0.0689, -0.4606 -0.368 0.0814, -0.4606 -0.3728 0.0794, -0.4606 -0.4369 0.0394, -0.4606 -0.3779 0.0787, -0.4606 -0.442 0.0387, -0.4606 -0.4468 0.0367
            ]
        }
        coordIndex [
            0,1,2,-1,2,1,3,-1,4,5,6,-1,4,6,7,-1,7,6,8,-1,7,8,9,-1,10,11,12,-1,13,14,9,-1,15,16,17,-1,15,17,11,-1,11,17,18,-1,11,18,12,-1,19,20,21,-1,22,23,24,-1,15,25,16,-1,16,25,26,-1,16,26,27,-1,1,0,28,-1,28,0,4,-1,10,12,21,-1,21,12,29,-1,21,29,19,-1,9,14,7,-1,7,14,30,-1,7,30,4,-1,4,30,31,-1,4,31,28,-1,22,24,32,-1,32,24,33,-1,32,33,9,-1,9,33,34,-1,9,34,13,-1,23,35,24,-1,24,35,36,-1,24,36,37,-1,37,36,16,-1,37,16,38,-1,38,16,27,-1,39,40,41,-1,42,43,44,-1,44,43,45,-1,45,43,46,-1,46,43,47,-1,46,47,48,-1,2,3,5,-1,5,3,49,-1,50,51,52,-1,45,53,44,-1,44,53,50,-1,44,50,54,-1,54,50,52,-1,55,56,8,-1,39,41,47,-1,47,41,57,-1,47,57,58,-1,49,59,5,-1,5,59,55,-1,5,55,6,-1,6,55,8,-1,58,60,47,-1,47,60,61,-1,47,61,48,-1,56,62,8,-1,8,62,63,-1,8,63,64,-1,40,65,41,-1,41,65,66,-1,41,66,64,-1,64,66,67,-1,64,67,8,-1,32,9,67,-1,67,9,8,-1,32,67,22,-1,22,67,66,-1,22,66,23,-1,23,66,65,-1,23,65,35,-1,35,65,40,-1,35,40,36,-1,36,40,39,-1,36,39,16,-1,16,39,47,-1,16,47,17,-1,17,47,43,-1,18,17,42,-1,42,17,43,-1,12,18,44,-1,44,18,42,-1,12,44,54,-1,12,54,29,-1,29,54,52,-1,29,52,19,-1,19,52,51,-1,19,51,20,-1,20,51,50,-1,20,50,21,-1,21,50,53,-1,21,53,10,-1,10,53,45,-1,10,45,11,-1,15,11,46,-1,46,11,45,-1,15,46,48,-1,15,48,25,-1,25,48,61,-1,25,61,26,-1,26,61,60,-1,26,60,27,-1,27,60,58,-1,27,58,38,-1,38,58,57,-1,38,57,37,-1,37,57,41,-1,37,41,24,-1,33,24,64,-1,64,24,41,-1,33,64,34,-1,34,64,63,-1,34,63,13,-1,13,63,62,-1,13,62,14,-1,14,62,56,-1,14,56,30,-1,30,56,55,-1,30,55,31,-1,31,55,59,-1,31,59,28,-1,28,59,49,-1,1,28,3,-1,3,28,49,-1,68,69,70,-1,70,69,71,-1,72,73,74,-1,72,74,75,-1,75,74,76,-1,75,76,77,-1,78,79,80,-1,81,82,77,-1,83,84,85,-1,83,85,79,-1,79,85,86,-1,79,86,80,-1,87,88,89,-1,90,91,92,-1,83,93,84,-1,84,93,94,-1,84,94,95,-1,69,68,96,-1,96,68,72,-1,78,80,89,-1,89,80,97,-1,89,97,87,-1,77,82,75,-1,75,82,98,-1,75,98,72,-1,72,98,99,-1,72,99,96,-1,90,92,100,-1,100,92,101,-1,100,101,77,-1,77,101,102,-1,77,102,81,-1,91,103,92,-1,92,103,104,-1,92,104,105,-1,105,104,84,-1,105,84,106,-1,106,84,95,-1,107,108,109,-1,110,111,112,-1,112,111,113,-1,113,111,114,-1,114,111,115,-1,114,115,116,-1,70,71,73,-1,73,71,117,-1,118,119,120,-1,113,121,112,-1,112,121,118,-1,112,118,122,-1,122,118,120,-1,123,124,76,-1,107,109,115,-1,115,109,125,-1,115,125,126,-1,117,127,73,-1,73,127,123,-1,73,123,74,-1,74,123,76,-1,126,128,115,-1,115,128,129,-1,115,129,116,-1,124,130,76,-1,76,130,131,-1,76,131,132,-1,108,133,109,-1,109,133,134,-1,109,134,132,-1,132,134,135,-1,132,135,76,-1,100,77,135,-1,135,77,76,-1,100,135,90,-1,90,135,134,-1,90,134,91,-1,91,134,133,-1,91,133,103,-1,103,133,108,-1,103,108,104,-1,104,108,107,-1,104,107,84,-1,84,107,115,-1,84,115,85,-1,85,115,111,-1,86,85,110,-1,110,85,111,-1,80,86,112,-1,112,86,110,-1,80,112,122,-1,80,122,97,-1,97,122,120,-1,97,120,87,-1,87,120,119,-1,87,119,88,-1,88,119,118,-1,88,118,89,-1,89,118,121,-1,89,121,78,-1,78,121,113,-1,78,113,79,-1,83,79,114,-1,114,79,113,-1,83,114,116,-1,83,116,93,-1,93,116,129,-1,93,129,94,-1,94,129,128,-1,94,128,95,-1,95,128,126,-1,95,126,106,-1,106,126,125,-1,106,125,105,-1,105,125,109,-1,105,109,92,-1,101,92,132,-1,132,92,109,-1,101,132,102,-1,102,132,131,-1,102,131,81,-1,81,131,130,-1,81,130,82,-1,82,130,124,-1,82,124,98,-1,98,124,123,-1,98,123,99,-1,99,123,127,-1,99,127,96,-1,96,127,117,-1,69,96,71,-1,71,96,117,-1,136,137,138,-1,138,137,139,-1,140,141,142,-1,140,142,143,-1,143,142,144,-1,143,144,145,-1,146,147,148,-1,149,150,145,-1,151,152,153,-1,151,153,147,-1,147,153,154,-1,147,154,148,-1,155,156,157,-1,158,159,160,-1,151,161,152,-1,152,161,162,-1,152,162,163,-1,137,136,164,-1,164,136,140,-1,146,148,157,-1,157,148,165,-1,157,165,155,-1,145,150,143,-1,143,150,166,-1,143,166,140,-1,140,166,167,-1,140,167,164,-1,158,160,168,-1,168,160,169,-1,168,169,145,-1,145,169,170,-1,145,170,149,-1,159,171,160,-1,160,171,172,-1,160,172,173,-1,173,172,152,-1,173,152,174,-1,174,152,163,-1,175,176,177,-1,178,179,180,-1,180,179,181,-1,181,179,182,-1,182,179,183,-1,182,183,184,-1,138,139,141,-1,141,139,185,-1,186,187,188,-1,181,189,180,-1,180,189,186,-1,180,186,190,-1,190,186,188,-1,191,192,144,-1,175,177,183,-1,183,177,193,-1,183,193,194,-1,185,195,141,-1,141,195,191,-1,141,191,142,-1,142,191,144,-1,194,196,183,-1,183,196,197,-1,183,197,184,-1,192,198,144,-1,144,198,199,-1,144,199,200,-1,200,199,201,-1,200,201,202,-1,202,201,177,-1,202,177,203,-1,203,177,176,-1,168,145,200,-1,200,145,144,-1,168,200,158,-1,158,200,202,-1,158,202,159,-1,159,202,203,-1,159,203,171,-1,171,203,176,-1,171,176,172,-1,172,176,175,-1,172,175,152,-1,152,175,183,-1,152,183,153,-1,153,183,179,-1,154,153,178,-1,178,153,179,-1,148,154,180,-1,180,154,178,-1,148,180,190,-1,148,190,165,-1,165,190,188,-1,165,188,155,-1,155,188,187,-1,155,187,156,-1,156,187,186,-1,156,186,157,-1,157,186,189,-1,157,189,146,-1,146,189,181,-1,146,181,147,-1,151,147,182,-1,182,147,181,-1,151,182,184,-1,151,184,161,-1,161,184,197,-1,161,197,162,-1,162,197,196,-1,162,196,163,-1,163,196,194,-1,163,194,174,-1,174,194,193,-1,174,193,173,-1,173,193,177,-1,173,177,160,-1,169,160,201,-1,201,160,177,-1,169,201,170,-1,170,201,199,-1,170,199,149,-1,149,199,198,-1,149,198,150,-1,150,198,192,-1,150,192,166,-1,166,192,191,-1,166,191,167,-1,167,191,195,-1,167,195,164,-1,164,195,185,-1,137,164,139,-1,139,164,185,-1,204,205,206,-1,206,205,207,-1,208,209,210,-1,208,210,211,-1,211,210,212,-1,211,212,213,-1,214,215,216,-1,217,218,213,-1,205,204,219,-1,219,204,208,-1,220,221,222,-1,213,218,211,-1,211,218,223,-1,211,223,208,-1,208,223,224,-1,208,224,219,-1,225,226,227,-1,227,226,228,-1,225,227,229,-1,229,227,230,-1,229,230,215,-1,215,230,231,-1,215,231,216,-1,232,233,234,-1,220,222,235,-1,235,222,236,-1,235,236,213,-1,213,236,237,-1,213,237,217,-1,214,216,234,-1,234,216,238,-1,234,238,232,-1,221,239,222,-1,222,239,240,-1,222,240,241,-1,241,240,227,-1,241,227,242,-1,242,227,228,-1,243,244,245,-1,246,247,248,-1,248,247,249,-1,249,247,250,-1,250,247,251,-1,250,251,252,-1,206,207,209,-1,209,207,253,-1,254,255,256,-1,249,257,248,-1,248,257,254,-1,248,254,258,-1,258,254,256,-1,259,260,212,-1,243,245,251,-1,251,245,261,-1,251,261,262,-1,253,263,209,-1,209,263,259,-1,209,259,210,-1,210,259,212,-1,262,264,251,-1,251,264,265,-1,251,265,252,-1,260,266,212,-1,212,266,267,-1,212,267,268,-1,268,267,269,-1,268,269,270,-1,270,269,245,-1,270,245,271,-1,271,245,244,-1,235,213,268,-1,268,213,212,-1,235,268,220,-1,220,268,270,-1,220,270,221,-1,221,270,271,-1,221,271,239,-1,239,271,244,-1,239,244,240,-1,240,244,243,-1,240,243,227,-1,227,243,251,-1,227,251,230,-1,230,251,247,-1,231,230,246,-1,246,230,247,-1,216,231,248,-1,248,231,246,-1,216,248,258,-1,216,258,238,-1,238,258,256,-1,238,256,232,-1,232,256,255,-1,232,255,233,-1,233,255,254,-1,233,254,234,-1,234,254,257,-1,234,257,214,-1,214,257,249,-1,214,249,215,-1,229,215,250,-1,250,215,249,-1,229,250,252,-1,229,252,225,-1,225,252,265,-1,225,265,226,-1,226,265,264,-1,226,264,228,-1,228,264,262,-1,228,262,242,-1,242,262,261,-1,242,261,241,-1,241,261,245,-1,241,245,222,-1,236,222,269,-1,269,222,245,-1,236,269,237,-1,237,269,267,-1,237,267,217,-1,217,267,266,-1,217,266,218,-1,218,266,260,-1,218,260,223,-1,223,260,259,-1,223,259,224,-1,224,259,263,-1,224,263,219,-1,219,263,253,-1,205,219,207,-1,207,219,253,-1,272,273,274,-1,274,273,275,-1,276,277,278,-1,276,278,279,-1,279,278,280,-1,279,280,281,-1,282,283,284,-1,285,286,281,-1,273,272,287,-1,287,272,276,-1,288,289,290,-1,281,286,279,-1,279,286,291,-1,279,291,276,-1,276,291,292,-1,276,292,287,-1,293,294,295,-1,295,294,296,-1,293,295,297,-1,297,295,298,-1,297,298,283,-1,283,298,299,-1,283,299,284,-1,300,301,302,-1,288,290,303,-1,303,290,304,-1,303,304,281,-1,281,304,305,-1,281,305,285,-1,282,284,302,-1,302,284,306,-1,302,306,300,-1,289,307,290,-1,290,307,308,-1,290,308,309,-1,309,308,295,-1,309,295,310,-1,310,295,296,-1,311,312,313,-1,314,315,316,-1,316,315,317,-1,317,315,318,-1,318,315,319,-1,318,319,320,-1,274,275,277,-1,277,275,321,-1,322,323,324,-1,317,325,316,-1,316,325,322,-1,316,322,326,-1,326,322,324,-1,327,328,280,-1,311,313,319,-1,319,313,329,-1,319,329,330,-1,321,331,277,-1,277,331,327,-1,277,327,278,-1,278,327,280,-1,330,332,319,-1,319,332,333,-1,319,333,320,-1,328,334,280,-1,280,334,335,-1,280,335,336,-1,336,335,337,-1,336,337,338,-1,338,337,313,-1,338,313,339,-1,339,313,312,-1,303,281,336,-1,336,281,280,-1,303,336,288,-1,288,336,338,-1,288,338,289,-1,289,338,339,-1,289,339,307,-1,307,339,312,-1,307,312,308,-1,308,312,311,-1,308,311,295,-1,295,311,319,-1,295,319,298,-1,298,319,315,-1,299,298,314,-1,314,298,315,-1,284,299,316,-1,316,299,314,-1,284,316,326,-1,284,326,306,-1,306,326,324,-1,306,324,300,-1,300,324,323,-1,300,323,301,-1,301,323,322,-1,301,322,302,-1,302,322,325,-1,302,325,282,-1,282,325,317,-1,282,317,283,-1,297,283,318,-1,318,283,317,-1,297,318,320,-1,297,320,293,-1,293,320,333,-1,293,333,294,-1,294,333,332,-1,294,332,296,-1,296,332,330,-1,296,330,310,-1,310,330,329,-1,310,329,309,-1,309,329,313,-1,309,313,290,-1,304,290,337,-1,337,290,313,-1,304,337,305,-1,305,337,335,-1,305,335,285,-1,285,335,334,-1,285,334,286,-1,286,334,328,-1,286,328,291,-1,291,328,327,-1,291,327,292,-1,292,327,331,-1,292,331,287,-1,287,331,321,-1,273,287,275,-1,275,287,321,-1,
        ]
    }
}
Shape{
    appearance Appearance {
        material  Material 	{
            diffuseColor 1.0 1.0 1.0
            specularColor 0.5019607843137255 0.5019607843137255 0.5019607843137255
            ambientIntensity 1.0
            transparency 0.0
            shininess 0.5
        }
    }
    geometry IndexedFaceSet {
        ccw TRUE
        solid FALSE
        coord DEF co Coordinate {
            point [
                0.6653 -0.1732 0.3189, 0.9016 -0.1732 0.3189, 0.6653 -0.37 0.3189, 0.9016 -0.37 0.3189, 0.9016 -0.1732 0.0827, 0.9016 -0.37 0.0827, 0.6653 -0.1732 0.0827, 0.6653 -0.37 0.0827, -0.8976 -0.1732 0.0827, -0.8976 -0.1732 0.3189, -0.8976 -0.37 0.0827, -0.8976 -0.37 0.3189, -0.6614 -0.1732 0.3189, -0.6614 -0.37 0.3189, -0.6614 -0.1732 0.0827, -0.6614 -0.37 0.0827
            ]
        }
        coordIndex [
            0,1,2,-1,2,1,3,-1,1,4,3,-1,3,4,5,-1,4,6,5,-1,5,6,7,-1,6,0,7,-1,7,0,2,-1,6,4,0,-1,0,4,1,-1,8,9,10,-1,10,9,11,-1,9,12,11,-1,11,12,13,-1,12,14,13,-1,13,14,15,-1,14,8,15,-1,15,8,10,-1,14,12,8,-1,8,12,9,-1,
        ]
    }
}
Shape{
    appearance Appearance {
        material  Material 	{
            diffuseColor 0.0 0.0 0.0
            specularColor 0.0 0.0 0.0
            ambientIntensity 0.0
            transparency 0.0
            shininess 0.5
        }
    }
    geometry IndexedFaceSet {
        ccw TRUE
        solid FALSE
        coord DEF co Coordinate {
            point [
                -0.5177 0.2599 0.2795, -0.5177 0.4174 0.2795, -0.5177 0.2599 0.3976, -0.5177 0.4174 0.3976, -0.4626 0.4174 0.2795, -0.4626 0.4174 0.3976, -0.4626 0.2599 0.2795, -0.4626 0.2599 0.3976, 0.4665 0.2599 0.2795, 0.4665 0.4174 0.2795, 0.4665 0.2599 0.3976, 0.4665 0.4174 0.3976, 0.5216 0.4174 0.2795, 0.5216 0.4174 0.3976, 0.5216 0.2599 0.2795, 0.5216 0.2599 0.3976, 0.2697 0.2599 0.2795, 0.2697 0.4174 0.2795, 0.2697 0.2599 0.3976, 0.2697 0.4174 0.3976, 0.3248 0.4174 0.2795, 0.3248 0.4174 0.3976, 0.3248 0.2599 0.2795, 0.3248 0.2599 0.3976, 0.0728 0.2599 0.2795, 0.0728 0.4174 0.2795, 0.0728 0.2599 0.3976, 0.0728 0.4174 0.3976, 0.1279 0.4174 0.2795, 0.1279 0.4174 0.3976, 0.1279 0.2599 0.2795, 0.1279 0.2599 0.3976, -0.124 0.2599 0.2795, -0.124 0.4174 0.2795, -0.124 0.2599 0.3976, -0.124 0.4174 0.3976, -0.0689 0.4174 0.2795, -0.0689 0.4174 0.3976, -0.0689 0.2599 0.2795, -0.0689 0.2599 0.3976, -0.3209 0.2599 0.2795, -0.3209 0.4174 0.2795, -0.3209 0.2599 0.3976, -0.3209 0.4174 0.3976, -0.2658 0.4174 0.2795, -0.2658 0.4174 0.3976, -0.2658 0.2599 0.2795, -0.2658 0.2599 0.3976
            ]
        }
        coordIndex [
            0,1,2,-1,2,1,3,-1,1,4,3,-1,3,4,5,-1,4,6,5,-1,5,6,7,-1,8,9,10,-1,10,9,11,-1,9,12,11,-1,11,12,13,-1,12,14,13,-1,13,14,15,-1,16,17,18,-1,18,17,19,-1,17,20,19,-1,19,20,21,-1,20,22,21,-1,21,22,23,-1,24,25,26,-1,26,25,27,-1,25,28,27,-1,27,28,29,-1,28,30,29,-1,29,30,31,-1,32,33,34,-1,34,33,35,-1,33,36,35,-1,35,36,37,-1,36,38,37,-1,37,38,39,-1,40,41,42,-1,42,41,43,-1,41,44,43,-1,43,44,45,-1,44,46,45,-1,45,46,47,-1,
        ]
    }
}
Shape{
    appearance Appearance {
        material  Material 	{
            diffuseColor 1.0 1.0 0.0
            specularColor 0.5019607843137255 0.5019607843137255 0.0
            ambientIntensity 0.886
            transparency 0.0
            shininess 0.5
        }
    }
    geometry IndexedFaceSet {
        ccw TRUE
        solid FALSE
        coord DEF co Coordinate {
            point [
                0.3209 0.378 0.3189, 0.3209 0.1418 0.3189, 0.3209 0.378 0.2795, 0.3209 0.1418 0.2795, 0.2736 0.378 0.3189, 0.2736 0.378 0.2795, 0.2736 0.1418 0.3189, 0.2736 0.1418 0.2795, 0.124 0.378 0.3189, 0.124 0.1418 0.3189, 0.124 0.378 0.2795, 0.124 0.1418 0.2795, 0.0768 0.378 0.3189, 0.0768 0.378 0.2795, 0.0768 0.1418 0.3189, 0.0768 0.1418 0.2795, -0.0728 0.378 0.3189, -0.0728 0.1418 0.3189, -0.0728 0.378 0.2795, -0.0728 0.1418 0.2795, -0.1201 0.378 0.3189, -0.1201 0.378 0.2795, -0.1201 0.1418 0.3189, -0.1201 0.1418 0.2795, -0.2697 0.378 0.3189, -0.2697 0.1418 0.3189, -0.2697 0.378 0.2795, -0.2697 0.1418 0.2795, -0.3169 0.378 0.3189, -0.3169 0.378 0.2795, -0.3169 0.1418 0.3189, -0.3169 0.1418 0.2795, -0.4665 0.378 0.3189, -0.4665 0.1418 0.3189, -0.4665 0.378 0.2795, -0.4665 0.1418 0.2795, -0.5138 0.378 0.3189, -0.5138 0.378 0.2795, -0.5138 0.1418 0.3189, -0.5138 0.1418 0.2795, 0.5177 0.378 0.3189, 0.5177 0.1418 0.3189, 0.5177 0.378 0.2795, 0.5177 0.1418 0.2795, 0.4705 0.378 0.3189, 0.4705 0.378 0.2795, 0.4705 0.1418 0.3189, 0.4705 0.1418 0.2795
            ]
        }
        coordIndex [
            0,1,2,-1,2,1,3,-1,4,0,5,-1,5,0,2,-1,6,4,7,-1,7,4,5,-1,4,6,0,-1,0,6,1,-1,8,9,10,-1,10,9,11,-1,12,8,13,-1,13,8,10,-1,14,12,15,-1,15,12,13,-1,12,14,8,-1,8,14,9,-1,16,17,18,-1,18,17,19,-1,20,16,21,-1,21,16,18,-1,22,20,23,-1,23,20,21,-1,20,22,16,-1,16,22,17,-1,24,25,26,-1,26,25,27,-1,28,24,29,-1,29,24,26,-1,30,28,31,-1,31,28,29,-1,28,30,24,-1,24,30,25,-1,32,33,34,-1,34,33,35,-1,36,32,37,-1,37,32,34,-1,38,36,39,-1,39,36,37,-1,36,38,32,-1,32,38,33,-1,40,41,42,-1,42,41,43,-1,44,40,45,-1,45,40,42,-1,46,44,47,-1,47,44,45,-1,44,46,40,-1,40,46,41,-1,
        ]
    }
}
Shape{
    appearance Appearance {
        material  Material 	{
            diffuseColor 1.0 1.0 1.0
            specularColor 0.5019607843137255 0.5019607843137255 0.5019607843137255
            ambientIntensity 1.0
            transparency 0.0
            shininess 0.5
        }
    }
    geometry IndexedFaceSet {
        ccw TRUE
        solid FALSE
        coord DEF co Coordinate {
            point [
                0.9409 0.5946 0.2795, 0.8622 0.5946 0.2795, 0.9409 0.2599 0.2795, 0.8622 0.3583 0.2795, 0.8819 0.2599 0.2795, 0.7894 0.3583 0.2795, 0.8819 0.1418 0.2795, 0.7894 0.2599 0.2795, 0.5177 0.1418 0.2795, 0.5216 0.2599 0.2795, 0.5177 0.378 0.2795, 0.5216 0.4174 0.2795, 0.4705 0.378 0.2795, 0.4665 0.4174 0.2795, 0.4665 0.2599 0.2795, -0.124 0.4174 0.2795, -0.124 0.2599 0.2795, -0.1201 0.378 0.2795, 0.2736 0.378 0.2795, 0.2697 0.4174 0.2795, 0.2697 0.2599 0.2795, 0.0728 0.4174 0.2795, 0.0728 0.2599 0.2795, 0.0768 0.378 0.2795, 0.3248 0.4174 0.2795, 0.3209 0.378 0.2795, 0.3248 0.2599 0.2795, 0.3209 0.1418 0.2795, 0.4705 0.1418 0.2795, -0.3209 0.4174 0.2795, -0.3209 0.2599 0.2795, -0.3169 0.378 0.2795, 0.1279 0.4174 0.2795, 0.124 0.378 0.2795, 0.1279 0.2599 0.2795, 0.124 0.1418 0.2795, 0.2736 0.1418 0.2795, -0.0689 0.4174 0.2795, -0.0728 0.378 0.2795, -0.0689 0.2599 0.2795, -0.0728 0.1418 0.2795, 0.0768 0.1418 0.2795, -0.2658 0.4174 0.2795, -0.2697 0.378 0.2795, -0.2658 0.2599 0.2795, -0.2697 0.1418 0.2795, -0.1201 0.1418 0.2795, -0.5138 0.1418 0.2795, -0.5138 0.378 0.2795, -0.5177 0.2599 0.2795, -0.5177 0.4174 0.2795, -0.878 0.1418 0.2795, -0.7854 0.2599 0.2795, -0.878 0.2599 0.2795, -0.7854 0.3583 0.2795, -0.937 0.2599 0.2795, -0.8583 0.3583 0.2795, -0.937 0.3286 0.2795, -0.8583 0.5946 0.2795, -0.937 0.5946 0.2795, -0.4626 0.4174 0.2795, -0.4665 0.378 0.2795, -0.4626 0.2599 0.2795, -0.4665 0.1418 0.2795, -0.3169 0.1418 0.2795, -0.8583 0.5946 0.0335, -0.8583 0.3583 0.0335
            ]
        }
        coordIndex [
            0,1,2,-1,2,1,3,-1,2,3,4,-1,4,3,5,-1,4,5,6,-1,6,5,7,-1,6,7,8,-1,8,7,9,-1,8,9,10,-1,10,9,11,-1,10,11,12,-1,12,11,13,-1,12,13,14,-1,15,16,17,-1,18,19,20,-1,21,22,23,-1,19,18,24,-1,24,18,25,-1,24,25,26,-1,26,25,27,-1,26,27,14,-1,14,27,28,-1,14,28,12,-1,29,30,31,-1,21,23,32,-1,32,23,33,-1,32,33,34,-1,34,33,35,-1,34,35,20,-1,20,35,36,-1,20,36,18,-1,15,17,37,-1,37,17,38,-1,37,38,39,-1,39,38,40,-1,39,40,22,-1,22,40,41,-1,22,41,23,-1,29,31,42,-1,42,31,43,-1,42,43,44,-1,44,43,45,-1,44,45,16,-1,16,45,46,-1,16,46,17,-1,47,48,49,-1,49,48,50,-1,47,49,51,-1,51,49,52,-1,51,52,53,-1,53,52,54,-1,53,54,55,-1,55,54,56,-1,55,56,57,-1,57,56,58,-1,57,58,59,-1,50,48,60,-1,60,48,61,-1,60,61,62,-1,62,61,63,-1,62,63,30,-1,30,63,64,-1,30,64,31,-1,65,58,66,-1,66,58,56,-1,
        ]
    }
}
Shape{
    appearance Appearance {
        material  Material 	{
            diffuseColor 0.25098039215686274 0.25098039215686274 0.25098039215686274
            specularColor 0.12549019607843137 0.12549019607843137 0.12549019607843137
            ambientIntensity 0.251
            transparency 0.0
            shininess 0.5
        }
    }
    geometry IndexedFaceSet {
        ccw TRUE
        solid FALSE
        coord DEF co Coordinate {
            point [
                -0.8189 0.3583 0.2992, -0.8189 0.3583 0.3976, -0.7854 0.3583 0.2992, -0.7067 0.3583 0.3976, -0.7067 0.3583 0.2992
            ]
        }
        coordIndex [
            0,1,2,-1,2,1,3,-1,2,3,4,-1,
        ]
    }
}
Shape{
    appearance Appearance {
        material  Material 	{
            diffuseColor 1.0 1.0 1.0
            specularColor 0.5019607843137255 0.5019607843137255 0.5019607843137255
            ambientIntensity 1.0
            transparency 0.0
            shininess 0.5
        }
    }
    geometry IndexedFaceSet {
        ccw TRUE
        solid FALSE
        coord DEF co Coordinate {
            point [
                0.8622 0.3583 0.2795, 0.8622 0.5946 0.2795, 0.8622 0.3583 0.0335, 0.8622 0.5946 0.0335, 0.7106 0.3583 0.2992, 0.7106 0.3583 0.3976, 0.7894 0.3583 0.2992, 0.8228 0.3583 0.3976, 0.8228 0.3583 0.2992, 0.8819 0.2599 0.2795, 0.8819 0.1418 0.2795, 0.8819 0.2599 0.2992, 0.8819 0.1418 0.3976, 0.8819 0.3583 0.2992, 0.8819 0.3583 0.3976, -0.878 0.3583 0.2992, -0.878 0.3583 0.3976, -0.878 0.2599 0.2992, -0.878 0.1418 0.3976, -0.878 0.2599 0.2795, -0.878 0.1418 0.2795, -0.7067 -0.0472 0.2216, -0.7067 -0.0472 0.0827, -0.7067 0.6615 0.2216, -0.7067 0.7402 0.0827, -0.7067 0.7402 0.2355, 0.7106 -0.0472 0.0827, 0.7106 -0.0472 0.2216, 0.7106 0.7402 0.0827, 0.7106 0.6615 0.2216, 0.7106 0.7402 0.2355, -0.7854 0.7402 0.2992, -0.7067 0.7402 0.2992, -0.7402 0.7402 0.0335, -0.5217 0.7402 0.0514, -0.7402 0.7402 0.0039, -0.4587 0.7402 0.0514, 0.7441 0.7402 0.0039, -0.7854 0.7402 0.0335, -0.5217 0.7402 0.0827, -0.2618 0.7402 0.0514, -0.2618 0.7402 0.0827, -0.128 0.7402 0.0827, -0.128 0.7402 0.0514, -0.065 0.7402 0.0514, -0.3248 0.7402 0.0514, -0.3248 0.7402 0.0827, -0.4587 0.7402 0.0827, 0.1319 0.7402 0.0514, 0.1319 0.7402 0.0827, 0.2657 0.7402 0.0827, 0.2657 0.7402 0.0514, 0.3287 0.7402 0.0514, 0.0689 0.7402 0.0514, 0.0689 0.7402 0.0827, -0.065 0.7402 0.0827, 0.7106 0.7402 0.2992, 0.7894 0.7402 0.2992, 0.5256 0.7402 0.0514, 0.5256 0.7402 0.0827, 0.3287 0.7402 0.0827, 0.4626 0.7402 0.0827, 0.4626 0.7402 0.0514, 0.7441 0.7402 0.0335, 0.7894 0.7402 0.0335
            ]
        }
        coordIndex [
            0,1,2,-1,2,1,3,-1,4,5,6,-1,6,5,7,-1,6,7,8,-1,9,10,11,-1,11,10,12,-1,11,12,13,-1,13,12,14,-1,15,16,17,-1,17,16,18,-1,17,18,19,-1,19,18,20,-1,21,22,23,-1,23,22,24,-1,23,24,25,-1,26,27,28,-1,28,27,29,-1,28,29,30,-1,31,32,25,-1,33,34,35,-1,35,34,36,-1,35,36,37,-1,31,25,38,-1,38,25,24,-1,38,24,33,-1,33,24,39,-1,33,39,34,-1,40,41,42,-1,43,44,37,-1,42,43,40,-1,40,43,37,-1,40,37,45,-1,45,37,36,-1,45,36,46,-1,46,36,47,-1,48,49,50,-1,51,52,37,-1,50,51,48,-1,48,51,37,-1,48,37,53,-1,53,37,44,-1,53,44,54,-1,54,44,55,-1,30,56,57,-1,30,57,28,-1,58,59,28,-1,60,61,52,-1,52,61,62,-1,52,62,37,-1,37,62,58,-1,37,58,63,-1,63,58,28,-1,63,28,64,-1,64,28,57,-1,
        ]
    }
}
Shape{
    appearance Appearance {
        material  Material 	{
            diffuseColor 0.0 0.0 0.0
            specularColor 0.0 0.0 0.0
            ambientIntensity 0.0
            transparency 0.0
            shininess 0.5
        }
    }
    geometry IndexedFaceSet {
        ccw TRUE
        solid FALSE
        coord DEF co Coordinate {
            point [
                0.0709 0.5143 0.2216, 0.0709 -0.0472 0.2216, -0.0669 -0.0472 0.2216, 0.7106 0.6615 0.2216, -0.0669 0.5143 0.2216, -0.126 0.5143 0.2216, -0.126 -0.0472 0.2216, -0.2638 -0.0472 0.2216, -0.2638 0.5143 0.2216, -0.3228 -0.0472 0.2216, -0.4606 -0.0472 0.2216, -0.3228 0.5143 0.2216, -0.4606 0.5143 0.2216, -0.5197 -0.0472 0.2216, -0.7067 -0.0472 0.2216, -0.5197 0.5143 0.2216, -0.7067 0.6615 0.2216, 0.7106 -0.0472 0.2216, 0.5236 -0.0472 0.2216, 0.5236 0.5143 0.2216, 0.4646 0.5143 0.2216, 0.4646 -0.0472 0.2216, 0.3268 -0.0472 0.2216, 0.3268 0.5143 0.2216, 0.2677 0.5143 0.2216, 0.2677 -0.0472 0.2216, 0.1299 -0.0472 0.2216, 0.1299 0.5143 0.2216
            ]
        }
        coordIndex [
            0,1,2,-1,3,4,5,-1,6,7,5,-1,5,7,8,-1,5,8,3,-1,9,10,11,-1,11,10,12,-1,13,14,15,-1,15,14,16,-1,15,16,12,-1,12,16,3,-1,12,3,11,-1,11,3,8,-1,17,18,3,-1,3,18,19,-1,3,19,20,-1,21,22,20,-1,20,22,23,-1,20,23,3,-1,3,23,24,-1,25,26,24,-1,24,26,27,-1,24,27,3,-1,3,27,0,-1,3,0,4,-1,4,0,2,-1,
        ]
    }
}
Shape{
    appearance Appearance {
        material  Material 	{
            diffuseColor 1.0 1.0 1.0
            specularColor 0.5019607843137255 0.5019607843137255 0.5019607843137255
            ambientIntensity 1.0
            transparency 0.0
            shininess 0.5
        }
    }
    geometry IndexedFaceSet {
        ccw TRUE
        solid FALSE
        coord DEF co Coordinate {
            point [
                0.5256 -0.0472 0.0827, 0.7106 -0.0472 0.0827, 0.5256 0.7402 0.0827, 0.7106 0.7402 0.0827, -0.5217 -0.0472 0.0827, -0.7067 -0.0472 0.0827, -0.7067 -0.0472 0.2216, 0.7106 -0.0472 0.2216, 0.5236 -0.0472 0.2216, 0.5236 -0.0472 0.052, -0.5197 -0.0472 0.2216, -0.5197 -0.0472 0.052, -0.5217 -0.0472 0.0514, -0.4606 -0.0472 0.052, -0.4587 -0.0472 0.0514, -0.4587 -0.0472 0.0827, -0.4606 -0.0472 0.2216, -0.3248 -0.0472 0.0827, -0.3228 -0.0472 0.2216, -0.3228 -0.0472 0.052, -0.3248 -0.0472 0.0514, -0.2638 -0.0472 0.052, -0.2618 -0.0472 0.0514, -0.2618 -0.0472 0.0827, -0.2638 -0.0472 0.2216, -0.128 -0.0472 0.0827, 0.2657 -0.0472 0.0827, 0.2677 -0.0472 0.052, 0.2657 -0.0472 0.0514, 0.3268 -0.0472 0.052, 0.3287 -0.0472 0.0514, -0.126 -0.0472 0.2216, -0.126 -0.0472 0.052, -0.128 -0.0472 0.0514, -0.0669 -0.0472 0.052, -0.065 -0.0472 0.0514, -0.065 -0.0472 0.0827, -0.0669 -0.0472 0.2216, 0.0689 -0.0472 0.0827, 0.5256 -0.0472 0.0514, 0.4626 -0.0472 0.0514, 0.4646 -0.0472 0.052, 0.4626 -0.0472 0.0827, 0.0709 -0.0472 0.2216, 0.0709 -0.0472 0.052, 0.0689 -0.0472 0.0514, 0.1299 -0.0472 0.052, 0.1319 -0.0472 0.0514, 0.1319 -0.0472 0.0827, 0.1299 -0.0472 0.2216, 0.2677 -0.0472 0.2216, 0.3287 -0.0472 0.0827, 0.3268 -0.0472 0.2216, 0.4646 -0.0472 0.2216, 0.2657 0.7402 0.0514, 0.2657 0.7402 0.0827, 0.3287 0.7402 0.0514, 0.3287 0.7402 0.0827, 0.4626 0.7402 0.0514, 0.4626 0.7402 0.0827, 0.5256 0.7402 0.0514, 0.0689 0.7402 0.0514, 0.0689 0.7402 0.0827, 0.1319 0.7402 0.0514, 0.1319 0.7402 0.0827, -0.5217 0.7402 0.0514, -0.5217 0.7402 0.0827, -0.4587 0.7402 0.0514, -0.4587 0.7402 0.0827, -0.3248 0.7402 0.0514, -0.3248 0.7402 0.0827, -0.2618 0.7402 0.0514, -0.2618 0.7402 0.0827, -0.128 0.7402 0.0514, -0.128 0.7402 0.0827, -0.065 0.7402 0.0514, -0.065 0.7402 0.0827, -0.937 0.2678 0.0335, -0.7402 0.2678 0.0335, -0.937 0.2678 0.0039, -0.7402 0.2678 0.0039, -0.7402 0.7402 0.0335, -0.7402 0.7402 0.0039, -0.937 0.5946 0.0335, -0.8583 0.5946 0.0335, -0.937 0.3286 0.0335, -0.8583 0.3583 0.0335, -0.7854 0.7402 0.0335, -0.7854 0.3583 0.0335, 0.9409 0.2678 0.0335, 0.9409 0.2678 0.0039, 0.7441 0.2678 0.0335, 0.7441 0.2678 0.0039, 0.7441 0.7402 0.0335, 0.7441 0.7402 0.0039, 0.8622 0.5946 0.0335, 0.9409 0.5946 0.0335, 0.8622 0.3583 0.0335, 0.7894 0.3583 0.0335, 0.7894 0.7402 0.0335, -0.878 0.2599 0.2992, -0.878 0.2599 0.2795, -0.937 0.2599 0.2992, -0.937 0.2599 0.2795, -0.937 0.3583 0.2992, -0.878 0.3583 0.2992, -0.937 0.3286 0.2992, 0.8819 0.2599 0.2795, 0.8819 0.2599 0.2992, 0.9409 0.2599 0.2795, 0.9409 0.2599 0.2992, 0.8819 0.3583 0.2992, 0.9409 0.3583 0.2992, 0.7894 0.3583 0.2992, 0.8228 0.3583 0.2992, 0.7894 0.2599 0.2992, 0.8228 0.2599 0.2992, -0.7854 0.2599 0.2992, -0.8189 0.2599 0.2992, -0.7854 0.3583 0.2992, -0.8189 0.3583 0.2992
            ]
        }
        coordIndex [
            0,1,2,-1,2,1,3,-1,4,5,6,-1,7,1,8,-1,8,1,0,-1,8,0,9,-1,6,10,4,-1,4,10,11,-1,4,11,12,-1,12,11,13,-1,12,13,14,-1,14,13,15,-1,15,13,16,-1,15,16,17,-1,16,18,17,-1,17,18,19,-1,17,19,20,-1,20,19,21,-1,20,21,22,-1,22,21,23,-1,23,21,24,-1,23,24,25,-1,26,27,28,-1,28,27,29,-1,28,29,30,-1,24,31,25,-1,25,31,32,-1,25,32,33,-1,33,32,34,-1,33,34,35,-1,35,34,36,-1,36,34,37,-1,36,37,38,-1,0,39,9,-1,9,39,40,-1,9,40,41,-1,41,40,42,-1,37,43,38,-1,38,43,44,-1,38,44,45,-1,45,44,46,-1,45,46,47,-1,47,46,48,-1,48,46,49,-1,48,49,26,-1,26,49,50,-1,26,50,27,-1,30,29,51,-1,51,29,52,-1,51,52,42,-1,42,52,53,-1,42,53,41,-1,54,55,28,-1,28,55,26,-1,30,51,56,-1,56,51,57,-1,28,30,54,-1,54,30,56,-1,58,59,40,-1,40,59,42,-1,39,0,60,-1,60,0,2,-1,40,39,58,-1,58,39,60,-1,61,62,45,-1,45,62,38,-1,47,48,63,-1,63,48,64,-1,45,47,61,-1,61,47,63,-1,65,66,12,-1,12,66,4,-1,14,15,67,-1,67,15,68,-1,12,14,65,-1,65,14,67,-1,69,70,20,-1,20,70,17,-1,22,23,71,-1,71,23,72,-1,20,22,69,-1,69,22,71,-1,73,74,33,-1,33,74,25,-1,35,36,75,-1,75,36,76,-1,33,35,73,-1,73,35,75,-1,77,78,79,-1,79,78,80,-1,81,82,78,-1,78,82,80,-1,83,84,85,-1,85,84,86,-1,87,81,88,-1,88,81,78,-1,88,78,86,-1,86,78,77,-1,86,77,85,-1,89,90,91,-1,91,90,92,-1,91,92,93,-1,93,92,94,-1,95,96,97,-1,97,96,89,-1,97,89,98,-1,98,89,91,-1,98,91,99,-1,99,91,93,-1,100,101,102,-1,102,101,103,-1,104,105,106,-1,106,105,100,-1,106,100,102,-1,107,108,109,-1,109,108,110,-1,111,112,108,-1,108,112,110,-1,113,114,115,-1,115,114,116,-1,117,118,119,-1,119,118,120,-1,
        ]
    }
}
Shape{
    appearance Appearance {
        material  Material 	{
            diffuseColor 0.0 0.0 0.0
            specularColor 0.0 0.0 0.0
            ambientIntensity 0.0
            transparency 0.0
            shininess 0.5
        }
    }
    geometry IndexedFaceSet {
        ccw TRUE
        solid FALSE
        coord DEF co Coordinate {
            point [
                -0.941 -0.1553 0.1278, -0.941 -0.1553 0.1236, -0.937 -0.1553 0.1278, -0.937 -0.1553 0.1236, -0.941 -0.1406 0.1278, -0.937 -0.1406 0.1278, -0.941 -0.1406 0.1607, -0.937 -0.1406 0.1607, -0.941 -0.1358 0.1607, -0.937 -0.1358 0.1607, -0.941 -0.1358 0.1236, -0.937 -0.1358 0.1236, -0.941 -0.1743 0.123, -0.937 -0.1743 0.123, -0.941 -0.18 0.1235, -0.937 -0.1776 0.1233, -0.937 -0.18 0.1235, -0.937 -0.184 0.1248, -0.941 -0.184 0.1248, -0.937 -0.1846 0.1251, -0.941 -0.1846 0.1251, -0.941 -0.1846 0.1297, -0.937 -0.1846 0.1297, -0.937 -0.1815 0.1283, -0.941 -0.1815 0.1283, -0.937 -0.1774 0.1274, -0.941 -0.1774 0.1274, -0.937 -0.175 0.1272, -0.941 -0.175 0.1272, -0.937 -0.1717 0.1276, -0.941 -0.1717 0.1276, -0.937 -0.169 0.1286, -0.941 -0.169 0.1286, -0.937 -0.1665 0.1302, -0.941 -0.1665 0.1302, -0.937 -0.1655 0.1311, -0.941 -0.1655 0.1311, -0.937 -0.1638 0.1336, -0.941 -0.1638 0.1336, -0.937 -0.1625 0.1365, -0.941 -0.1625 0.1365, -0.937 -0.1619 0.1402, -0.941 -0.1619 0.1402, -0.937 -0.1619 0.1417, -0.941 -0.1619 0.1417, -0.937 -0.1625 0.1468, -0.941 -0.1625 0.1468, -0.937 -0.1637 0.15, -0.941 -0.1637 0.15, -0.937 -0.1655 0.1526, -0.941 -0.1655 0.1526, -0.937 -0.1658 0.1529, -0.941 -0.1658 0.1529, -0.937 -0.1682 0.1549, -0.941 -0.1682 0.1549, -0.937 -0.1711 0.1562, -0.941 -0.1711 0.1562, -0.937 -0.1743 0.1569, -0.941 -0.1743 0.1569, -0.937 -0.1759 0.157, -0.941 -0.1759 0.157, -0.937 -0.1804 0.1564, -0.941 -0.1804 0.1564, -0.937 -0.1842 0.155, -0.941 -0.1842 0.155, -0.937 -0.1846 0.1548, -0.941 -0.1846 0.1548, -0.941 -0.1846 0.1598, -0.937 -0.1846 0.1598, -0.937 -0.1758 0.1613, -0.941 -0.1758 0.1613, -0.937 -0.1798 0.161, -0.941 -0.1807 0.1609, -0.937 -0.1807 0.1609, -0.937 -0.1732 0.161, -0.941 -0.1705 0.1606, -0.937 -0.1705 0.1606, -0.937 -0.1666 0.1591, -0.941 -0.1666 0.1591, -0.937 -0.163 0.1566, -0.941 -0.163 0.1566, -0.937 -0.1622 0.1558, -0.941 -0.1622 0.1558, -0.937 -0.1595 0.1523, -0.941 -0.1595 0.1523, -0.937 -0.1585 0.15, -0.941 -0.1578 0.1482, -0.937 -0.1578 0.1482, -0.937 -0.1569 0.1434, -0.941 -0.1569 0.1434, -0.937 -0.1569 0.1414, -0.941 -0.1569 0.1414, -0.937 -0.1576 0.1354, -0.941 -0.1576 0.1354, -0.937 -0.1585 0.133, -0.941 -0.1591 0.1315, -0.937 -0.1591 0.1315, -0.937 -0.1613 0.1284, -0.941 -0.1613 0.1284, -0.937 -0.1616 0.128, -0.941 -0.1616 0.128, -0.941 -0.1716 0.1231, -0.937 -0.1642 0.1258, -0.941 -0.1642 0.1258, -0.937 -0.1676 0.1241, -0.941 -0.1676 0.1241, -0.937 -0.1709 0.1233, -0.937 -0.1716 0.1231, -0.941 -0.212 0.1278, -0.941 -0.212 0.1236, -0.937 -0.212 0.1278, -0.937 -0.212 0.1236, -0.937 -0.1968 0.1278, -0.941 -0.1968 0.1278, -0.937 -0.2068 0.1278, -0.941 -0.1968 0.1403, -0.937 -0.1968 0.1403, -0.941 -0.2101 0.1403, -0.937 -0.2068 0.1403, -0.937 -0.2101 0.1403, -0.941 -0.2101 0.1445, -0.937 -0.2101 0.1445, -0.937 -0.1968 0.1445, -0.941 -0.1968 0.1445, -0.937 -0.2068 0.1445, -0.941 -0.1968 0.1564, -0.937 -0.1968 0.1564, -0.941 -0.2111 0.1564, -0.937 -0.2068 0.1564, -0.937 -0.2111 0.1564, -0.941 -0.2111 0.1607, -0.937 -0.2111 0.1607, -0.937 -0.192 0.1607, -0.941 -0.192 0.1607, -0.937 -0.2068 0.1607, -0.941 -0.192 0.1236, -0.937 -0.192 0.1236, -0.937 -0.2068 0.1236, -0.941 -0.242 0.134, -0.941 -0.2402 0.1317, -0.941 -0.2436 0.1288, -0.941 -0.2397 0.1313, -0.941 -0.2397 0.126, -0.941 -0.2373 0.1296, -0.941 -0.2354 0.1244, -0.941 -0.2342 0.1284, -0.941 -0.2292 0.1236, -0.941 -0.2291 0.1278, -0.941 -0.219 0.1236, -0.941 -0.2238 0.1278, -0.941 -0.219 0.1607, -0.941 -0.2238 0.1564, -0.941 -0.2295 0.1607, -0.941 -0.2294 0.1564, -0.941 -0.2352 0.16, -0.941 -0.2343 0.1558, -0.941 -0.2397 0.1584, -0.941 -0.2375 0.1546, -0.941 -0.2436 0.1558, -0.941 -0.24 0.1529, -0.941 -0.2449 0.1545, -0.941 -0.2411 0.1519, -0.941 -0.2472 0.1512, -0.941 -0.2425 0.1498, -0.941 -0.2485 0.1477, -0.941 -0.2436 0.1471, -0.941 -0.2491 0.1426, -0.941 -0.2441 0.1425, -0.941 -0.249 0.1402, -0.941 -0.244 0.1401, -0.941 -0.2481 0.1359, -0.941 -0.2433 0.1367, -0.941 -0.2463 0.1321, -0.937 -0.2292 0.1236, -0.937 -0.219 0.1236, -0.937 -0.2436 0.1288, -0.937 -0.2354 0.1244, -0.937 -0.2359 0.1246, -0.937 -0.2397 0.126, -0.937 -0.2463 0.1321, -0.937 -0.2481 0.1359, -0.937 -0.249 0.1402, -0.937 -0.2491 0.1426, -0.937 -0.2485 0.1477, -0.937 -0.2472 0.1512, -0.937 -0.2449 0.1545, -0.937 -0.2436 0.1558, -0.937 -0.2295 0.1607, -0.937 -0.2397 0.1584, -0.937 -0.2359 0.1598, -0.937 -0.2352 0.16, -0.937 -0.219 0.1607, -0.937 -0.2294 0.1564, -0.937 -0.2238 0.1564, -0.937 -0.2238 0.1278, -0.937 -0.2291 0.1278, -0.937 -0.2402 0.1317, -0.937 -0.2397 0.1313, -0.937 -0.2373 0.1296, -0.937 -0.2342 0.1284, -0.937 -0.2441 0.1425, -0.937 -0.244 0.1401, -0.937 -0.2433 0.1367, -0.937 -0.242 0.134, -0.937 -0.24 0.1529, -0.937 -0.2411 0.1519, -0.937 -0.2425 0.1498, -0.937 -0.2436 0.1471, -0.937 -0.2343 0.1558, -0.937 -0.2375 0.1546
            ]
        }
        coordIndex [
            0,1,2,-1,2,1,3,-1,4,0,5,-1,5,0,2,-1,6,4,7,-1,7,4,5,-1,8,6,9,-1,9,6,7,-1,10,8,11,-1,11,8,9,-1,1,10,3,-1,3,10,11,-1,6,8,4,-1,4,8,10,-1,4,10,0,-1,0,10,1,-1,12,13,14,-1,14,13,15,-1,15,16,14,-1,14,16,17,-1,14,17,18,-1,18,17,19,-1,18,19,20,-1,21,20,22,-1,22,20,19,-1,21,22,23,-1,21,23,24,-1,24,23,25,-1,24,25,26,-1,26,25,27,-1,26,27,28,-1,28,27,29,-1,28,29,30,-1,30,29,31,-1,30,31,32,-1,32,31,33,-1,32,33,34,-1,34,33,35,-1,34,35,36,-1,36,35,37,-1,36,37,38,-1,38,37,39,-1,38,39,40,-1,40,39,41,-1,40,41,42,-1,42,41,43,-1,42,43,44,-1,44,43,45,-1,44,45,46,-1,46,45,47,-1,46,47,48,-1,48,47,49,-1,48,49,50,-1,50,49,51,-1,50,51,52,-1,52,51,53,-1,52,53,54,-1,54,53,55,-1,54,55,56,-1,56,55,57,-1,56,57,58,-1,58,57,59,-1,58,59,60,-1,60,59,61,-1,60,61,62,-1,62,61,63,-1,62,63,64,-1,64,63,65,-1,64,65,66,-1,67,66,68,-1,68,66,65,-1,69,70,71,-1,71,70,72,-1,71,72,73,-1,73,72,67,-1,73,67,68,-1,70,69,74,-1,70,74,75,-1,74,76,75,-1,75,76,77,-1,75,77,78,-1,78,77,79,-1,78,79,80,-1,80,79,81,-1,80,81,82,-1,82,81,83,-1,82,83,84,-1,84,83,85,-1,84,85,86,-1,85,87,86,-1,86,87,88,-1,86,88,89,-1,89,88,90,-1,89,90,91,-1,91,90,92,-1,91,92,93,-1,93,92,94,-1,93,94,95,-1,94,96,95,-1,95,96,97,-1,95,97,98,-1,98,97,99,-1,98,99,100,-1,13,12,101,-1,100,99,102,-1,100,102,103,-1,103,102,104,-1,103,104,105,-1,105,104,106,-1,105,106,101,-1,101,106,107,-1,101,107,13,-1,46,48,84,-1,54,56,75,-1,84,48,82,-1,75,56,70,-1,75,78,54,-1,54,78,80,-1,54,80,52,-1,52,80,82,-1,52,82,50,-1,50,82,48,-1,56,58,70,-1,70,58,60,-1,70,60,72,-1,72,60,62,-1,72,62,67,-1,67,62,64,-1,67,64,66,-1,91,44,89,-1,89,44,46,-1,89,46,86,-1,86,46,84,-1,20,21,18,-1,18,21,24,-1,18,24,14,-1,14,24,26,-1,14,26,12,-1,12,26,28,-1,12,28,101,-1,101,28,30,-1,101,30,105,-1,105,30,32,-1,105,32,103,-1,103,32,34,-1,103,34,100,-1,100,34,36,-1,100,36,98,-1,98,36,38,-1,98,38,95,-1,95,38,93,-1,93,38,40,-1,93,40,91,-1,91,40,42,-1,91,42,44,-1,108,109,110,-1,110,109,111,-1,112,113,114,-1,114,113,108,-1,114,108,110,-1,115,113,116,-1,116,113,112,-1,115,116,117,-1,117,116,118,-1,117,118,119,-1,120,117,121,-1,121,117,119,-1,122,123,124,-1,124,123,120,-1,124,120,121,-1,125,123,126,-1,126,123,122,-1,125,126,127,-1,127,126,128,-1,127,128,129,-1,130,127,131,-1,131,127,129,-1,132,133,134,-1,134,133,130,-1,134,130,131,-1,135,133,136,-1,136,133,132,-1,135,136,109,-1,109,136,137,-1,109,137,111,-1,135,109,108,-1,108,113,135,-1,135,113,115,-1,135,115,133,-1,127,130,125,-1,125,130,133,-1,125,133,123,-1,123,133,115,-1,123,115,120,-1,120,115,117,-1,138,139,140,-1,140,139,141,-1,140,141,142,-1,142,141,143,-1,142,143,144,-1,144,143,145,-1,144,145,146,-1,146,145,147,-1,146,147,148,-1,148,147,149,-1,148,149,150,-1,150,149,151,-1,150,151,152,-1,152,151,153,-1,152,153,154,-1,154,153,155,-1,154,155,156,-1,156,155,157,-1,156,157,158,-1,158,157,159,-1,158,159,160,-1,160,159,161,-1,160,161,162,-1,162,161,163,-1,162,163,164,-1,164,163,165,-1,164,165,166,-1,166,165,167,-1,166,167,168,-1,168,167,169,-1,168,169,170,-1,170,169,171,-1,170,171,172,-1,172,171,138,-1,172,138,140,-1,146,148,173,-1,173,148,174,-1,175,140,142,-1,146,173,176,-1,146,176,144,-1,144,176,177,-1,144,177,142,-1,142,177,178,-1,142,178,175,-1,140,175,179,-1,140,179,172,-1,172,179,180,-1,172,180,170,-1,170,180,181,-1,170,181,168,-1,168,181,182,-1,168,182,166,-1,166,182,183,-1,166,183,164,-1,164,183,184,-1,164,184,162,-1,162,184,185,-1,162,185,160,-1,160,185,186,-1,160,186,158,-1,187,152,154,-1,158,186,188,-1,158,188,156,-1,156,188,189,-1,156,189,154,-1,154,189,190,-1,154,190,187,-1,150,152,191,-1,191,152,187,-1,148,150,174,-1,174,150,191,-1,153,151,192,-1,192,151,193,-1,151,149,193,-1,193,149,194,-1,149,147,194,-1,194,147,195,-1,139,196,197,-1,139,197,141,-1,141,197,198,-1,141,198,143,-1,143,198,199,-1,143,199,145,-1,145,199,195,-1,145,195,147,-1,167,200,201,-1,167,201,169,-1,169,201,202,-1,169,202,171,-1,171,202,203,-1,171,203,138,-1,138,203,196,-1,138,196,139,-1,159,204,205,-1,159,205,161,-1,161,205,206,-1,161,206,163,-1,163,206,207,-1,163,207,165,-1,165,207,200,-1,165,200,167,-1,153,192,208,-1,153,208,155,-1,155,208,209,-1,155,209,157,-1,157,209,204,-1,157,204,159,-1,
        ]
    }
}
Shape{
    appearance Appearance {
        material  Material 	{
            diffuseColor 1.0 1.0 1.0
            specularColor 0.5019607843137255 0.5019607843137255 0.5019607843137255
            ambientIntensity 1.0
            transparency 0.0
            shininess 0.5
        }
    }
    geometry IndexedFaceSet {
        ccw TRUE
        solid FALSE
        coord DEF co Coordinate {
            point [
                -0.937 -0.2238 0.1564, -0.937 -0.2238 0.1278, -0.937 -0.2294 0.1564, -0.937 -0.2291 0.1278, -0.937 -0.2342 0.1284, -0.937 -0.2373 0.1296, -0.937 -0.2397 0.1313, -0.937 -0.2402 0.1317, -0.937 -0.242 0.134, -0.937 -0.2433 0.1367, -0.937 -0.2441 0.1425, -0.937 -0.24 0.1529, -0.937 -0.2375 0.1546, -0.937 -0.2436 0.1471, -0.937 -0.2425 0.1498, -0.937 -0.2411 0.1519, -0.937 -0.244 0.1401, -0.937 -0.2343 0.1558
            ]
        }
        coordIndex [
            0,1,2,-1,2,1,3,-1,3,4,2,-1,2,4,5,-1,2,5,6,-1,6,7,2,-1,2,7,8,-1,2,8,9,-1,10,11,12,-1,13,14,10,-1,10,14,15,-1,10,15,11,-1,9,16,2,-1,2,16,10,-1,2,10,17,-1,17,10,12,-1,
        ]
    }
}
Shape{
    appearance Appearance {
        material  Material 	{
            diffuseColor 0.0 0.0 0.0
            specularColor 0.0 0.0 0.0
            ambientIntensity 0.0
            transparency 0.0
            shininess 0.5
        }
    }
    geometry IndexedFaceSet {
        ccw TRUE
        solid FALSE
        coord DEF co Coordinate {
            point [
                -0.941 -0.2616 0.1379, -0.941 -0.2671 0.1533, -0.941 -0.2653 0.1607, -0.941 -0.2512 0.1236, -0.941 -0.2565 0.1236, -0.941 -0.2601 0.1337, -0.941 -0.2674 0.1544, -0.941 -0.2677 0.1559, -0.941 -0.2704 0.1607, -0.941 -0.2678 0.1559, -0.941 -0.2681 0.1544, -0.941 -0.2684 0.1533, -0.941 -0.274 0.1379, -0.941 -0.2846 0.1236, -0.941 -0.2793 0.1236, -0.941 -0.2755 0.1337, -0.937 -0.2704 0.1607, -0.937 -0.2846 0.1236, -0.937 -0.2653 0.1607, -0.937 -0.2512 0.1236, -0.937 -0.2619 0.1516, -0.937 -0.2565 0.1236, -0.937 -0.2601 0.1337, -0.937 -0.2755 0.1337, -0.937 -0.2619 0.1337, -0.937 -0.2793 0.1236, -0.937 -0.2616 0.1379, -0.937 -0.274 0.1379, -0.937 -0.2684 0.1533, -0.937 -0.2678 0.1559, -0.937 -0.2681 0.1544, -0.937 -0.2677 0.1559, -0.937 -0.2671 0.1533, -0.937 -0.2674 0.1544
            ]
        }
        coordIndex [
            0,1,2,-1,3,4,5,-1,1,6,2,-1,2,6,7,-1,2,7,8,-1,8,7,9,-1,8,9,10,-1,10,11,8,-1,8,11,12,-1,8,12,13,-1,14,13,15,-1,15,13,12,-1,15,12,5,-1,5,12,0,-1,5,0,3,-1,3,0,2,-1,8,13,16,-1,16,13,17,-1,2,8,18,-1,18,8,16,-1,19,3,20,-1,20,3,2,-1,20,2,18,-1,4,3,21,-1,21,3,19,-1,5,4,22,-1,22,4,21,-1,23,15,24,-1,24,15,5,-1,24,5,22,-1,14,15,25,-1,25,15,23,-1,13,14,17,-1,17,14,25,-1,0,12,26,-1,26,12,27,-1,12,11,27,-1,27,11,28,-1,9,29,30,-1,9,30,10,-1,10,30,28,-1,10,28,11,-1,9,7,29,-1,29,7,31,-1,1,32,33,-1,1,33,6,-1,6,33,31,-1,6,31,7,-1,1,0,32,-1,32,0,26,-1,
        ]
    }
}
Shape{
    appearance Appearance {
        material  Material 	{
            diffuseColor 1.0 1.0 1.0
            specularColor 0.5019607843137255 0.5019607843137255 0.5019607843137255
            ambientIntensity 1.0
            transparency 0.0
            shininess 0.5
        }
    }
    geometry IndexedFaceSet {
        ccw TRUE
        solid FALSE
        coord DEF co Coordinate {
            point [
                -0.937 -0.2678 0.1559, -0.937 -0.2677 0.1559, -0.937 -0.2681 0.1544, -0.937 -0.2674 0.1544, -0.937 -0.2684 0.1533, -0.937 -0.2671 0.1533, -0.937 -0.274 0.1379, -0.937 -0.2616 0.1379
            ]
        }
        coordIndex [
            0,1,2,-1,2,1,3,-1,2,3,4,-1,4,3,5,-1,4,5,6,-1,6,5,7,-1,
        ]
    }
}
Shape{
    appearance Appearance {
        material  Material 	{
            diffuseColor 0.0 0.0 0.0
            specularColor 0.0 0.0 0.0
            ambientIntensity 0.0
            transparency 0.0
            shininess 0.5
        }
    }
    geometry IndexedFaceSet {
        ccw TRUE
        solid FALSE
        coord DEF co Coordinate {
            point [
                -0.941 -0.1557 0.069, -0.941 -0.1557 0.0648, -0.937 -0.1557 0.069, -0.937 -0.1557 0.0648, -0.941 -0.1406 0.069, -0.937 -0.1406 0.069, -0.941 -0.1406 0.0815, -0.937 -0.1406 0.0815, -0.941 -0.1538 0.0815, -0.937 -0.1538 0.0815, -0.941 -0.1538 0.0857, -0.937 -0.1538 0.0857, -0.941 -0.1406 0.0857, -0.937 -0.1406 0.0857, -0.941 -0.1406 0.0976, -0.937 -0.1406 0.0976, -0.941 -0.1549 0.0976, -0.937 -0.1549 0.0976, -0.941 -0.1549 0.1019, -0.937 -0.1549 0.1019, -0.941 -0.1358 0.1019, -0.937 -0.1358 0.1019, -0.941 -0.1358 0.0648, -0.937 -0.1358 0.0648, -0.941 -0.1768 0.0648, -0.941 -0.1814 0.0648, -0.941 -0.1768 0.0689, -0.941 -0.1814 0.0818, -0.941 -0.1768 0.0816, -0.941 -0.1667 0.0761, -0.941 -0.1678 0.0766, -0.941 -0.1767 0.0689, -0.941 -0.1742 0.0696, -0.941 -0.1759 0.0678, -0.941 -0.1729 0.0687, -0.941 -0.1706 0.0772, -0.941 -0.1768 0.0781, -0.941 -0.1768 0.0755, -0.941 -0.1768 0.0752, -0.941 -0.1765 0.0732, -0.941 -0.1758 0.0715, -0.941 -0.1748 0.0701, -0.941 -0.1766 0.0837, -0.941 -0.1811 0.0854, -0.941 -0.1762 0.0853, -0.941 -0.1803 0.0875, -0.941 -0.1756 0.0863, -0.941 -0.1794 0.089, -0.941 -0.1749 0.087, -0.941 -0.1782 0.0902, -0.941 -0.1741 0.0876, -0.941 -0.1766 0.091, -0.941 -0.173 0.0879, -0.941 -0.1746 0.0916, -0.941 -0.1714 0.0881, -0.941 -0.1719 0.0919, -0.941 -0.1685 0.0878, -0.941 -0.1672 0.0913, -0.941 -0.1656 0.0867, -0.941 -0.1637 0.09, -0.941 -0.1628 0.0849, -0.941 -0.1628 0.0894, -0.941 -0.1658 0.0696, -0.941 -0.1624 0.0662, -0.941 -0.1662 0.0692, -0.941 -0.164 0.0652, -0.941 -0.1671 0.0685, -0.941 -0.1658 0.0645, -0.941 -0.1682 0.0681, -0.941 -0.1686 0.0642, -0.941 -0.1698 0.068, -0.941 -0.171 0.0644, -0.941 -0.1715 0.0682, -0.941 -0.1729 0.0651, -0.941 -0.1745 0.0662, -0.941 -0.1649 0.073, -0.941 -0.1602 0.0725, -0.941 -0.1649 0.0723, -0.941 -0.1602 0.0719, -0.941 -0.165 0.0712, -0.941 -0.1604 0.0698, -0.941 -0.1653 0.0703, -0.941 -0.161 0.0682, -0.941 -0.1619 0.0668, -0.941 -0.169 0.0805, -0.941 -0.1655 0.0797, -0.941 -0.1661 0.0756, -0.941 -0.1635 0.0786, -0.941 -0.1656 0.0749, -0.941 -0.1621 0.0774, -0.941 -0.1651 0.0741, -0.941 -0.1611 0.0761, -0.941 -0.1605 0.0745, -0.937 -0.1719 0.0919, -0.937 -0.1672 0.0913, -0.937 -0.1637 0.09, -0.937 -0.1628 0.0894, -0.937 -0.1628 0.0849, -0.937 -0.1656 0.0867, -0.937 -0.1685 0.0878, -0.937 -0.1714 0.0881, -0.937 -0.173 0.0879, -0.937 -0.1741 0.0876, -0.937 -0.1749 0.087, -0.937 -0.1756 0.0863, -0.937 -0.1762 0.0853, -0.937 -0.1766 0.0837, -0.937 -0.1768 0.0816, -0.937 -0.169 0.0805, -0.937 -0.1655 0.0797, -0.937 -0.1635 0.0786, -0.937 -0.1621 0.0774, -0.937 -0.1611 0.0761, -0.937 -0.1605 0.0745, -0.937 -0.1602 0.0725, -0.937 -0.1602 0.0719, -0.937 -0.1604 0.0698, -0.937 -0.161 0.0682, -0.937 -0.1619 0.0668, -0.937 -0.1624 0.0662, -0.937 -0.1686 0.0642, -0.937 -0.1659 0.0645, -0.937 -0.1658 0.0645, -0.937 -0.164 0.0652, -0.937 -0.171 0.0644, -0.937 -0.1711 0.0645, -0.937 -0.1729 0.0651, -0.937 -0.1745 0.0662, -0.937 -0.1759 0.0678, -0.937 -0.1767 0.0689, -0.937 -0.1768 0.0689, -0.937 -0.1768 0.0648, -0.937 -0.1814 0.0648, -0.937 -0.1814 0.0818, -0.937 -0.1811 0.0854, -0.937 -0.1803 0.0875, -0.937 -0.1794 0.089, -0.937 -0.1782 0.0902, -0.937 -0.1766 0.091, -0.937 -0.1746 0.0916, -0.937 -0.1661 0.0756, -0.937 -0.1667 0.0761, -0.937 -0.1678 0.0766, -0.937 -0.1706 0.0772, -0.937 -0.1649 0.0723, -0.937 -0.1649 0.073, -0.937 -0.1651 0.0741, -0.937 -0.1656 0.0749, -0.937 -0.1662 0.0692, -0.937 -0.1658 0.0696, -0.937 -0.1653 0.0703, -0.937 -0.165 0.0712, -0.937 -0.1698 0.068, -0.937 -0.1682 0.0681, -0.937 -0.1671 0.0685, -0.937 -0.1748 0.0701, -0.937 -0.1742 0.0696, -0.937 -0.1729 0.0687, -0.937 -0.1715 0.0682, -0.937 -0.1768 0.0755, -0.937 -0.1768 0.0752, -0.937 -0.1765 0.0732, -0.937 -0.1758 0.0715, -0.937 -0.1768 0.0781
            ]
        }
        coordIndex [
            0,1,2,-1,2,1,3,-1,4,0,5,-1,5,0,2,-1,6,4,7,-1,7,4,5,-1,8,6,9,-1,9,6,7,-1,10,8,11,-1,11,8,9,-1,12,10,13,-1,13,10,11,-1,14,12,15,-1,15,12,13,-1,16,14,17,-1,17,14,15,-1,18,16,19,-1,19,16,17,-1,20,18,21,-1,21,18,19,-1,22,20,23,-1,23,20,21,-1,1,22,3,-1,3,22,23,-1,8,10,6,-1,6,10,12,-1,1,0,22,-1,22,0,4,-1,16,18,14,-1,14,18,20,-1,14,20,12,-1,12,20,22,-1,12,22,6,-1,6,22,4,-1,24,25,26,-1,26,25,27,-1,28,29,30,-1,31,32,33,-1,33,32,34,-1,35,36,27,-1,27,36,37,-1,37,38,27,-1,27,38,39,-1,27,39,26,-1,26,39,40,-1,26,40,31,-1,31,40,41,-1,31,41,32,-1,30,35,28,-1,28,35,27,-1,28,27,42,-1,42,27,43,-1,42,43,44,-1,44,43,45,-1,44,45,46,-1,46,45,47,-1,46,47,48,-1,48,47,49,-1,48,49,50,-1,50,49,51,-1,50,51,52,-1,52,51,53,-1,52,53,54,-1,54,53,55,-1,54,55,56,-1,56,55,57,-1,56,57,58,-1,58,57,59,-1,58,59,60,-1,60,59,61,-1,62,63,64,-1,64,63,65,-1,64,65,66,-1,66,65,67,-1,66,67,68,-1,68,67,69,-1,68,69,70,-1,70,69,71,-1,70,71,72,-1,72,71,73,-1,72,73,34,-1,34,73,74,-1,34,74,33,-1,75,76,77,-1,77,76,78,-1,77,78,79,-1,79,78,80,-1,79,80,81,-1,81,80,82,-1,81,82,62,-1,62,82,83,-1,62,83,63,-1,28,84,29,-1,29,84,85,-1,29,85,86,-1,86,85,87,-1,86,87,88,-1,88,87,89,-1,88,89,90,-1,90,89,91,-1,90,91,75,-1,75,91,92,-1,75,92,76,-1,55,93,94,-1,55,94,57,-1,57,94,95,-1,57,95,59,-1,59,95,96,-1,59,96,61,-1,60,61,97,-1,97,61,96,-1,60,97,98,-1,60,98,58,-1,58,98,99,-1,58,99,56,-1,56,99,100,-1,56,100,54,-1,54,100,101,-1,54,101,52,-1,52,101,102,-1,52,102,50,-1,50,102,103,-1,50,103,48,-1,48,103,104,-1,48,104,46,-1,46,104,105,-1,46,105,44,-1,44,105,106,-1,44,106,42,-1,42,106,107,-1,42,107,28,-1,84,28,108,-1,108,28,107,-1,84,108,109,-1,84,109,85,-1,85,109,110,-1,85,110,87,-1,87,110,111,-1,87,111,89,-1,89,111,112,-1,89,112,91,-1,91,112,113,-1,91,113,92,-1,92,113,114,-1,92,114,76,-1,76,114,115,-1,76,115,78,-1,78,115,116,-1,78,116,80,-1,80,116,117,-1,80,117,82,-1,82,117,118,-1,82,118,83,-1,83,118,119,-1,83,119,63,-1,120,69,121,-1,121,69,67,-1,121,67,122,-1,122,67,65,-1,122,65,123,-1,123,65,63,-1,123,63,119,-1,69,120,124,-1,69,124,71,-1,71,124,125,-1,71,125,73,-1,125,126,73,-1,73,126,127,-1,73,127,74,-1,74,127,128,-1,74,128,33,-1,33,128,129,-1,33,129,31,-1,26,31,130,-1,130,31,129,-1,24,26,131,-1,131,26,130,-1,25,24,132,-1,132,24,131,-1,27,25,133,-1,133,25,132,-1,27,133,134,-1,27,134,43,-1,43,134,135,-1,43,135,45,-1,45,135,136,-1,45,136,47,-1,47,136,137,-1,47,137,49,-1,49,137,138,-1,49,138,51,-1,51,138,139,-1,51,139,53,-1,53,139,93,-1,53,93,55,-1,86,140,141,-1,86,141,29,-1,29,141,142,-1,29,142,30,-1,30,142,143,-1,30,143,35,-1,77,144,145,-1,77,145,75,-1,75,145,146,-1,75,146,90,-1,90,146,147,-1,90,147,88,-1,88,147,140,-1,88,140,86,-1,64,148,149,-1,64,149,62,-1,62,149,150,-1,62,150,81,-1,81,150,151,-1,81,151,79,-1,79,151,144,-1,79,144,77,-1,70,152,153,-1,70,153,68,-1,68,153,154,-1,68,154,66,-1,66,154,148,-1,66,148,64,-1,41,155,156,-1,41,156,32,-1,32,156,157,-1,32,157,34,-1,34,157,158,-1,34,158,72,-1,72,158,152,-1,72,152,70,-1,37,159,160,-1,37,160,38,-1,38,160,161,-1,38,161,39,-1,39,161,162,-1,39,162,40,-1,40,162,155,-1,40,155,41,-1,37,36,159,-1,159,36,163,-1,36,35,163,-1,163,35,143,-1,
        ]
    }
}
Shape{
    appearance Appearance {
        material  Material 	{
            diffuseColor 1.0 1.0 1.0
            specularColor 0.5019607843137255 0.5019607843137255 0.5019607843137255
            ambientIntensity 1.0
            transparency 0.0
            shininess 0.5
        }
    }
    geometry IndexedFaceSet {
        ccw TRUE
        solid FALSE
        coord DEF co Coordinate {
            point [
                -0.937 -0.1768 0.0752, -0.937 -0.1768 0.0755, -0.937 -0.1661 0.0756, -0.937 -0.1768 0.0781, -0.937 -0.1706 0.0772, -0.937 -0.1678 0.0766, -0.937 -0.1667 0.0761, -0.937 -0.1765 0.0732, -0.937 -0.1656 0.0749, -0.937 -0.1758 0.0715, -0.937 -0.1658 0.0696, -0.937 -0.1662 0.0692, -0.937 -0.1742 0.0696, -0.937 -0.1653 0.0703, -0.937 -0.1729 0.0687, -0.937 -0.1715 0.0682, -0.937 -0.1698 0.068, -0.937 -0.1651 0.0741, -0.937 -0.1649 0.073, -0.937 -0.1748 0.0701, -0.937 -0.1649 0.0723, -0.937 -0.165 0.0712, -0.937 -0.1671 0.0685, -0.937 -0.1682 0.0681
            ]
        }
        coordIndex [
            0,1,2,-1,1,3,4,-1,4,5,1,-1,1,5,6,-1,1,6,2,-1,0,2,7,-1,7,2,8,-1,7,8,9,-1,10,11,12,-1,10,12,13,-1,14,12,15,-1,15,12,16,-1,8,17,9,-1,9,17,18,-1,9,18,19,-1,19,18,20,-1,19,20,12,-1,12,20,21,-1,12,21,13,-1,11,22,12,-1,12,22,23,-1,12,23,16,-1,
        ]
    }
}
Shape{
    appearance Appearance {
        material  Material 	{
            diffuseColor 0.0 0.0 0.0
            specularColor 0.0 0.0 0.0
            ambientIntensity 0.0
            transparency 0.0
            shininess 0.5
        }
    }
    geometry IndexedFaceSet {
        ccw TRUE
        solid FALSE
        coord DEF co Coordinate {
            point [
                -0.937 -0.1877 0.0705, -0.941 -0.1877 0.0705, -0.941 -0.1895 0.0694, -0.941 -0.1954 0.068, -0.937 -0.1954 0.068, -0.937 -0.1924 0.0683, -0.941 -0.1924 0.0683, -0.937 -0.1899 0.0693, -0.937 -0.1895 0.0694, -0.941 -0.1877 0.0657, -0.937 -0.1877 0.0657, -0.937 -0.1899 0.0649, -0.941 -0.1907 0.0646, -0.937 -0.1949 0.0642, -0.941 -0.1949 0.0642, -0.937 -0.1922 0.0645, -0.937 -0.1907 0.0646, -0.937 -0.198 0.0645, -0.941 -0.1986 0.0645, -0.937 -0.1986 0.0645, -0.937 -0.2011 0.0654, -0.941 -0.2011 0.0654, -0.937 -0.2026 0.0663, -0.941 -0.2026 0.0663, -0.937 -0.204 0.0674, -0.941 -0.204 0.0674, -0.937 -0.2048 0.0687, -0.941 -0.2048 0.0687, -0.937 -0.2054 0.0701, -0.941 -0.2054 0.0701, -0.937 -0.2056 0.072, -0.941 -0.2056 0.072, -0.937 -0.2054 0.0737, -0.941 -0.2054 0.0737, -0.937 -0.2049 0.0751, -0.941 -0.2049 0.0751, -0.937 -0.2041 0.0764, -0.941 -0.2041 0.0764, -0.937 -0.203 0.0774, -0.941 -0.203 0.0774, -0.937 -0.1999 0.0791, -0.941 -0.1999 0.0791, -0.937 -0.1981 0.0798, -0.941 -0.1981 0.0798, -0.937 -0.1952 0.081, -0.941 -0.1952 0.081, -0.937 -0.1936 0.0821, -0.941 -0.1936 0.0821, -0.937 -0.1931 0.0826, -0.941 -0.1931 0.0826, -0.937 -0.1928 0.0832, -0.941 -0.1928 0.0832, -0.937 -0.1926 0.0839, -0.941 -0.1926 0.0839, -0.937 -0.1925 0.0845, -0.941 -0.1925 0.0845, -0.937 -0.1926 0.0853, -0.941 -0.1926 0.0853, -0.937 -0.1929 0.0859, -0.941 -0.1929 0.0859, -0.937 -0.1933 0.0865, -0.941 -0.1933 0.0865, -0.937 -0.194 0.0871, -0.941 -0.194 0.0871, -0.937 -0.195 0.0877, -0.941 -0.195 0.0877, -0.937 -0.1962 0.088, -0.941 -0.1962 0.088, -0.937 -0.1976 0.0881, -0.941 -0.1976 0.0881, -0.937 -0.2007 0.0877, -0.941 -0.2007 0.0877, -0.937 -0.2033 0.0868, -0.941 -0.2033 0.0868, -0.937 -0.2043 0.0862, -0.941 -0.2043 0.0862, -0.941 -0.2043 0.0907, -0.937 -0.2043 0.0907, -0.937 -0.2012 0.0916, -0.941 -0.2012 0.0916, -0.937 -0.1981 0.0919, -0.941 -0.1981 0.0919, -0.937 -0.1947 0.0915, -0.941 -0.1947 0.0915, -0.937 -0.1921 0.0906, -0.941 -0.1921 0.0906, -0.937 -0.1907 0.0898, -0.941 -0.1907 0.0898, -0.937 -0.1899 0.089, -0.941 -0.1894 0.0885, -0.937 -0.1894 0.0885, -0.937 -0.1885 0.0873, -0.941 -0.1885 0.0873, -0.937 -0.1879 0.0858, -0.941 -0.1879 0.0858, -0.937 -0.1878 0.0841, -0.941 -0.1878 0.0841, -0.937 -0.188 0.0823, -0.941 -0.188 0.0823, -0.937 -0.1885 0.0809, -0.941 -0.1885 0.0809, -0.937 -0.1891 0.0799, -0.941 -0.1891 0.0799, -0.937 -0.1948 0.0764, -0.941 -0.1948 0.0764, -0.941 -0.192 0.0777, -0.937 -0.1898 0.0791, -0.941 -0.1898 0.0791, -0.937 -0.1899 0.0791, -0.937 -0.192 0.0777, -0.937 -0.1978 0.0751, -0.941 -0.1978 0.0751, -0.937 -0.1997 0.0741, -0.941 -0.1997 0.0741, -0.937 -0.2002 0.0735, -0.941 -0.2002 0.0735, -0.937 -0.2006 0.0728, -0.941 -0.2006 0.0728, -0.937 -0.2008 0.0721, -0.941 -0.2008 0.0721, -0.937 -0.2008 0.0715, -0.941 -0.2008 0.0715, -0.937 -0.2008 0.0706, -0.941 -0.2008 0.0706, -0.937 -0.2005 0.07, -0.941 -0.2005 0.07, -0.937 -0.2001 0.0694, -0.941 -0.2001 0.0694, -0.937 -0.1996 0.0689, -0.941 -0.1996 0.0689, -0.937 -0.1992 0.0687, -0.941 -0.1992 0.0687, -0.937 -0.198 0.0682, -0.941 -0.198 0.0682, -0.937 -0.1956 0.068, -0.941 -0.1956 0.068, -0.941 -0.2286 0.0913, -0.941 -0.2334 0.0913, -0.937 -0.2286 0.0913, -0.937 -0.2334 0.0913, -0.941 -0.2214 0.0713, -0.937 -0.2214 0.0713, -0.937 -0.221 0.0701, -0.941 -0.221 0.0701, -0.937 -0.2208 0.0692, -0.941 -0.2208 0.0692, -0.941 -0.2207 0.0692, -0.937 -0.2207 0.0692, -0.941 -0.2201 0.0714, -0.937 -0.2201 0.0714, -0.941 -0.2132 0.0913, -0.937 -0.2155 0.0848, -0.937 -0.2132 0.0913, -0.941 -0.208 0.0913, -0.937 -0.208 0.0913, -0.941 -0.2184 0.0648, -0.937 -0.2155 0.0724, -0.937 -0.2184 0.0648, -0.937 -0.2164 0.06, -0.941 -0.2164 0.06, -0.937 -0.2183 0.0645, -0.937 -0.2155 0.0584, -0.941 -0.2155 0.0584, -0.937 -0.2146 0.0574, -0.941 -0.2146 0.0574, -0.937 -0.2138 0.0568, -0.941 -0.2138 0.0568, -0.937 -0.2128 0.0564, -0.941 -0.2128 0.0564, -0.937 -0.2116 0.0563, -0.941 -0.2116 0.0563, -0.937 -0.2099 0.0565, -0.941 -0.2099 0.0565, -0.937 -0.209 0.0568, -0.941 -0.209 0.0568, -0.941 -0.209 0.0527, -0.937 -0.209 0.0527, -0.937 -0.211 0.0524, -0.941 -0.211 0.0524, -0.937 -0.212 0.0523, -0.941 -0.212 0.0523, -0.937 -0.2139 0.0525, -0.941 -0.2139 0.0525, -0.937 -0.2155 0.0531, -0.941 -0.2157 0.0532, -0.937 -0.2157 0.0532, -0.937 -0.2173 0.0544, -0.941 -0.2173 0.0544, -0.937 -0.2176 0.0547, -0.941 -0.2176 0.0547, -0.937 -0.2193 0.0567, -0.941 -0.2193 0.0567, -0.937 -0.2214 0.0608, -0.941 -0.2214 0.0608, -0.937 -0.2229 0.0645, -0.941 -0.2584 0.069, -0.941 -0.2584 0.0648, -0.937 -0.2584 0.069, -0.937 -0.2584 0.0648, -0.941 -0.2432 0.069, -0.937 -0.2502 0.069, -0.937 -0.2432 0.069, -0.941 -0.2432 0.0815, -0.937 -0.2432 0.0815, -0.941 -0.2565 0.0815, -0.937 -0.2502 0.0815, -0.937 -0.2565 0.0815, -0.941 -0.2565 0.0857, -0.937 -0.2565 0.0857, -0.937 -0.2432 0.0857, -0.941 -0.2432 0.0857, -0.937 -0.2502 0.0857, -0.941 -0.2432 0.0976, -0.937 -0.2432 0.0976, -0.937 -0.2575 0.0976, -0.941 -0.2575 0.0976, -0.937 -0.2502 0.0976, -0.941 -0.2575 0.1019, -0.937 -0.2575 0.1019, -0.937 -0.2384 0.1019, -0.941 -0.2384 0.1019, -0.937 -0.2502 0.1019, -0.941 -0.2384 0.0648, -0.937 -0.2384 0.0648, -0.937 -0.2502 0.0648, -0.941 -0.2884 0.0751, -0.941 -0.2866 0.0729, -0.941 -0.29 0.07, -0.941 -0.2861 0.0725, -0.941 -0.2861 0.0672, -0.941 -0.2837 0.0708, -0.941 -0.2818 0.0655, -0.941 -0.2807 0.0696, -0.941 -0.2756 0.0648, -0.941 -0.2756 0.069, -0.941 -0.2654 0.0648, -0.941 -0.2702 0.069, -0.941 -0.2654 0.1019, -0.941 -0.2702 0.0976, -0.941 -0.276 0.1019, -0.941 -0.2758 0.0976, -0.941 -0.2816 0.1012, -0.941 -0.2807 0.097, -0.941 -0.2861 0.0996, -0.941 -0.2839 0.0958, -0.941 -0.29 0.0969, -0.941 -0.2865 0.0941, -0.941 -0.2913 0.0957, -0.941 -0.2875 0.0931, -0.941 -0.2936 0.0924, -0.941 -0.289 0.091, -0.941 -0.295 0.0889, -0.941 -0.29 0.0883, -0.941 -0.2956 0.0838, -0.941 -0.2905 0.0837, -0.941 -0.2955 0.0814, -0.941 -0.2904 0.0813, -0.941 -0.2946 0.0771, -0.941 -0.2897 0.0779, -0.941 -0.2927 0.0733, -0.937 -0.2756 0.0648, -0.937 -0.2654 0.0648, -0.937 -0.2818 0.0655, -0.937 -0.2861 0.0672, -0.937 -0.29 0.07, -0.937 -0.2927 0.0733, -0.937 -0.2946 0.0771, -0.937 -0.2955 0.0814, -0.937 -0.2956 0.0838, -0.937 -0.295 0.0889, -0.937 -0.2936 0.0924, -0.937 -0.2913 0.0957, -0.937 -0.29 0.0969, -0.937 -0.2861 0.0996, -0.937 -0.2816 0.1012, -0.937 -0.276 0.1019, -0.937 -0.2654 0.1019, -0.937 -0.2758 0.0976, -0.937 -0.2702 0.0976, -0.937 -0.2702 0.069, -0.937 -0.2756 0.069, -0.937 -0.2866 0.0729, -0.937 -0.2861 0.0725, -0.937 -0.2837 0.0708, -0.937 -0.2807 0.0696, -0.937 -0.2905 0.0837, -0.937 -0.2904 0.0813, -0.937 -0.2897 0.0779, -0.937 -0.2884 0.0751, -0.937 -0.2865 0.0941, -0.937 -0.2875 0.0931, -0.937 -0.289 0.091, -0.937 -0.29 0.0883, -0.937 -0.2807 0.097, -0.937 -0.2839 0.0958
            ]
        }
        coordIndex [
            0,1,2,-1,3,4,5,-1,3,5,6,-1,6,5,7,-1,6,7,2,-1,2,7,8,-1,2,8,0,-1,9,1,10,-1,10,1,0,-1,10,11,9,-1,9,11,12,-1,13,14,15,-1,15,14,12,-1,15,12,16,-1,16,12,11,-1,13,17,14,-1,14,17,18,-1,17,19,18,-1,18,19,20,-1,18,20,21,-1,21,20,22,-1,21,22,23,-1,23,22,24,-1,23,24,25,-1,25,24,26,-1,25,26,27,-1,27,26,28,-1,27,28,29,-1,29,28,30,-1,29,30,31,-1,31,30,32,-1,31,32,33,-1,33,32,34,-1,33,34,35,-1,35,34,36,-1,35,36,37,-1,37,36,38,-1,37,38,39,-1,39,38,40,-1,39,40,41,-1,41,40,42,-1,41,42,43,-1,43,42,44,-1,43,44,45,-1,45,44,46,-1,45,46,47,-1,47,46,48,-1,47,48,49,-1,49,48,50,-1,49,50,51,-1,51,50,52,-1,51,52,53,-1,53,52,54,-1,53,54,55,-1,55,54,56,-1,55,56,57,-1,57,56,58,-1,57,58,59,-1,59,58,60,-1,59,60,61,-1,61,60,62,-1,61,62,63,-1,63,62,64,-1,63,64,65,-1,65,64,66,-1,65,66,67,-1,67,66,68,-1,67,68,69,-1,69,68,70,-1,69,70,71,-1,71,70,72,-1,71,72,73,-1,73,72,74,-1,73,74,75,-1,76,75,77,-1,77,75,74,-1,76,77,78,-1,76,78,79,-1,79,78,80,-1,79,80,81,-1,81,80,82,-1,81,82,83,-1,83,82,84,-1,83,84,85,-1,85,84,86,-1,85,86,87,-1,86,88,87,-1,87,88,89,-1,88,90,89,-1,89,90,91,-1,89,91,92,-1,92,91,93,-1,92,93,94,-1,94,93,95,-1,94,95,96,-1,96,95,97,-1,96,97,98,-1,98,97,99,-1,98,99,100,-1,100,99,101,-1,100,101,102,-1,103,104,105,-1,102,101,106,-1,102,106,107,-1,107,106,108,-1,107,108,105,-1,105,108,109,-1,105,109,103,-1,104,103,110,-1,104,110,111,-1,111,110,112,-1,111,112,113,-1,113,112,114,-1,113,114,115,-1,115,114,116,-1,115,116,117,-1,117,116,118,-1,117,118,119,-1,119,118,120,-1,119,120,121,-1,121,120,122,-1,121,122,123,-1,123,122,124,-1,123,124,125,-1,125,124,126,-1,125,126,127,-1,127,126,128,-1,127,128,129,-1,129,128,130,-1,129,130,131,-1,131,130,132,-1,131,132,133,-1,133,132,134,-1,133,134,135,-1,135,134,4,-1,135,4,3,-1,61,63,85,-1,85,63,83,-1,111,43,104,-1,104,43,45,-1,21,23,127,-1,127,23,25,-1,127,25,125,-1,125,25,27,-1,125,27,123,-1,123,27,29,-1,123,29,121,-1,121,29,31,-1,121,31,119,-1,119,31,33,-1,119,33,117,-1,117,33,35,-1,117,35,115,-1,115,35,37,-1,115,37,113,-1,113,37,39,-1,113,39,111,-1,111,39,41,-1,111,41,43,-1,14,3,12,-1,12,3,6,-1,12,6,9,-1,9,6,2,-1,9,2,1,-1,63,65,83,-1,83,65,67,-1,83,67,81,-1,81,67,69,-1,81,69,79,-1,79,69,71,-1,79,71,76,-1,76,71,73,-1,76,73,75,-1,127,129,21,-1,21,129,131,-1,21,131,18,-1,18,131,133,-1,18,133,14,-1,14,133,135,-1,14,135,3,-1,85,87,61,-1,61,87,89,-1,61,89,59,-1,59,89,92,-1,59,92,57,-1,57,92,94,-1,57,94,55,-1,55,94,96,-1,55,96,53,-1,53,96,98,-1,53,98,51,-1,51,98,100,-1,51,100,49,-1,49,100,102,-1,49,102,47,-1,47,102,107,-1,47,107,45,-1,45,107,105,-1,45,105,104,-1,136,137,138,-1,138,137,139,-1,140,136,141,-1,141,136,138,-1,140,141,142,-1,140,142,143,-1,143,142,144,-1,143,144,145,-1,146,145,147,-1,147,145,144,-1,148,146,149,-1,149,146,147,-1,148,149,150,-1,150,149,151,-1,150,151,152,-1,153,150,154,-1,154,150,152,-1,153,154,155,-1,155,154,156,-1,155,156,157,-1,158,159,160,-1,160,159,155,-1,160,155,157,-1,159,158,161,-1,159,161,162,-1,162,161,163,-1,162,163,164,-1,164,163,165,-1,164,165,166,-1,166,165,167,-1,166,167,168,-1,168,167,169,-1,168,169,170,-1,170,169,171,-1,170,171,172,-1,172,171,173,-1,172,173,174,-1,175,174,176,-1,176,174,173,-1,175,176,177,-1,175,177,178,-1,178,177,179,-1,178,179,180,-1,180,179,181,-1,180,181,182,-1,182,181,183,-1,182,183,184,-1,183,185,184,-1,184,185,186,-1,184,186,187,-1,187,186,188,-1,187,188,189,-1,189,188,190,-1,189,190,191,-1,191,190,192,-1,191,192,193,-1,139,137,194,-1,194,137,193,-1,194,193,192,-1,143,145,193,-1,137,136,193,-1,193,136,140,-1,193,140,143,-1,150,153,148,-1,148,153,155,-1,148,155,146,-1,174,175,172,-1,172,175,178,-1,172,178,170,-1,170,178,180,-1,170,180,168,-1,168,180,182,-1,168,182,166,-1,166,182,184,-1,166,184,164,-1,191,162,189,-1,189,162,164,-1,189,164,187,-1,187,164,184,-1,145,146,193,-1,193,146,155,-1,193,155,191,-1,191,155,159,-1,191,159,162,-1,195,196,197,-1,197,196,198,-1,195,197,199,-1,199,197,200,-1,199,200,201,-1,202,199,203,-1,203,199,201,-1,202,203,204,-1,204,203,205,-1,204,205,206,-1,207,204,208,-1,208,204,206,-1,209,210,211,-1,211,210,207,-1,211,207,208,-1,212,210,213,-1,213,210,209,-1,214,215,216,-1,216,215,212,-1,216,212,213,-1,217,215,218,-1,218,215,214,-1,219,220,221,-1,221,220,217,-1,221,217,218,-1,222,220,223,-1,223,220,219,-1,222,223,196,-1,196,223,224,-1,196,224,198,-1,196,195,222,-1,222,195,199,-1,204,207,202,-1,202,207,210,-1,215,217,212,-1,212,217,220,-1,212,220,210,-1,210,220,222,-1,210,222,202,-1,202,222,199,-1,225,226,227,-1,227,226,228,-1,227,228,229,-1,229,228,230,-1,229,230,231,-1,231,230,232,-1,231,232,233,-1,233,232,234,-1,233,234,235,-1,235,234,236,-1,235,236,237,-1,237,236,238,-1,237,238,239,-1,239,238,240,-1,239,240,241,-1,241,240,242,-1,241,242,243,-1,243,242,244,-1,243,244,245,-1,245,244,246,-1,245,246,247,-1,247,246,248,-1,247,248,249,-1,249,248,250,-1,249,250,251,-1,251,250,252,-1,251,252,253,-1,253,252,254,-1,253,254,255,-1,255,254,256,-1,255,256,257,-1,257,256,258,-1,257,258,259,-1,259,258,225,-1,259,225,227,-1,233,235,260,-1,260,235,261,-1,233,260,262,-1,233,262,231,-1,231,262,263,-1,231,263,229,-1,229,263,264,-1,229,264,227,-1,227,264,265,-1,227,265,259,-1,259,265,266,-1,259,266,257,-1,257,266,267,-1,257,267,255,-1,255,267,268,-1,255,268,253,-1,253,268,269,-1,253,269,251,-1,251,269,270,-1,251,270,249,-1,249,270,271,-1,249,271,247,-1,247,271,272,-1,247,272,245,-1,245,272,273,-1,245,273,243,-1,243,273,274,-1,243,274,241,-1,241,274,275,-1,241,275,239,-1,237,239,276,-1,276,239,275,-1,235,237,261,-1,261,237,276,-1,240,238,277,-1,277,238,278,-1,238,236,278,-1,278,236,279,-1,236,234,279,-1,279,234,280,-1,226,281,282,-1,226,282,228,-1,228,282,283,-1,228,283,230,-1,230,283,284,-1,230,284,232,-1,232,284,280,-1,232,280,234,-1,254,285,286,-1,254,286,256,-1,256,286,287,-1,256,287,258,-1,258,287,288,-1,258,288,225,-1,225,288,281,-1,225,281,226,-1,246,289,290,-1,246,290,248,-1,248,290,291,-1,248,291,250,-1,250,291,292,-1,250,292,252,-1,252,292,285,-1,252,285,254,-1,240,277,293,-1,240,293,242,-1,242,293,294,-1,242,294,244,-1,244,294,289,-1,244,289,246,-1,
        ]
    }
}
Shape{
    appearance Appearance {
        material  Material 	{
            diffuseColor 1.0 1.0 1.0
            specularColor 0.5019607843137255 0.5019607843137255 0.5019607843137255
            ambientIntensity 1.0
            transparency 0.0
            shininess 0.5
        }
    }
    geometry IndexedFaceSet {
        ccw TRUE
        solid FALSE
        coord DEF co Coordinate {
            point [
                -0.937 -0.2702 0.0976, -0.937 -0.2702 0.069, -0.937 -0.2758 0.0976, -0.937 -0.2756 0.069, -0.937 -0.2807 0.0696, -0.937 -0.2837 0.0708, -0.937 -0.2861 0.0725, -0.937 -0.2866 0.0729, -0.937 -0.2884 0.0751, -0.937 -0.2897 0.0779, -0.937 -0.2905 0.0837, -0.937 -0.2865 0.0941, -0.937 -0.2839 0.0958, -0.937 -0.29 0.0883, -0.937 -0.289 0.091, -0.937 -0.2875 0.0931, -0.937 -0.2904 0.0813, -0.937 -0.2807 0.097
            ]
        }
        coordIndex [
            0,1,2,-1,2,1,3,-1,3,4,2,-1,2,4,5,-1,2,5,6,-1,6,7,2,-1,2,7,8,-1,2,8,9,-1,10,11,12,-1,13,14,10,-1,10,14,15,-1,10,15,11,-1,9,16,2,-1,2,16,10,-1,2,10,17,-1,17,10,12,-1,
        ]
    }
}
Shape{
    appearance Appearance {
        material  Material 	{
            diffuseColor 0.0 0.0 0.0
            specularColor 0.0 0.0 0.0
            ambientIntensity 0.0
            transparency 0.0
            shininess 0.5
        }
    }
    geometry IndexedFaceSet {
        ccw TRUE
        solid FALSE
        coord DEF co Coordinate {
            point [
                -0.941 -0.308 0.0791, -0.941 -0.3135 0.0945, -0.941 -0.3117 0.1019, -0.941 -0.2976 0.0648, -0.941 -0.3029 0.0648, -0.941 -0.3065 0.0749, -0.941 -0.3139 0.0956, -0.941 -0.3141 0.0971, -0.941 -0.3169 0.1019, -0.941 -0.3143 0.0971, -0.941 -0.3146 0.0955, -0.941 -0.3148 0.0945, -0.941 -0.3204 0.0791, -0.941 -0.331 0.0648, -0.941 -0.3257 0.0648, -0.941 -0.3219 0.0749, -0.937 -0.3169 0.1019, -0.937 -0.331 0.0648, -0.937 -0.3117 0.1019, -0.937 -0.2976 0.0648, -0.937 -0.3029 0.0648, -0.937 -0.3065 0.0749, -0.937 -0.3219 0.0749, -0.937 -0.3257 0.0648, -0.937 -0.308 0.0791, -0.937 -0.3204 0.0791, -0.937 -0.3148 0.0945, -0.937 -0.3143 0.0971, -0.937 -0.3146 0.0955, -0.937 -0.3141 0.0971, -0.937 -0.3135 0.0945, -0.937 -0.3139 0.0956
            ]
        }
        coordIndex [
            0,1,2,-1,3,4,5,-1,1,6,2,-1,2,6,7,-1,2,7,8,-1,8,7,9,-1,8,9,10,-1,10,11,8,-1,8,11,12,-1,8,12,13,-1,14,13,15,-1,15,13,12,-1,15,12,5,-1,5,12,0,-1,5,0,3,-1,3,0,2,-1,8,13,16,-1,16,13,17,-1,2,8,18,-1,18,8,16,-1,3,2,19,-1,19,2,18,-1,4,3,20,-1,20,3,19,-1,5,4,21,-1,21,4,20,-1,15,5,22,-1,22,5,21,-1,14,15,23,-1,23,15,22,-1,13,14,17,-1,17,14,23,-1,0,12,24,-1,24,12,25,-1,12,11,25,-1,25,11,26,-1,9,27,28,-1,9,28,10,-1,10,28,26,-1,10,26,11,-1,9,7,27,-1,27,7,29,-1,1,30,31,-1,1,31,6,-1,6,31,29,-1,6,29,7,-1,1,0,30,-1,30,0,24,-1,
        ]
    }
}
Shape{
    appearance Appearance {
        material  Material 	{
            diffuseColor 1.0 1.0 1.0
            specularColor 0.5019607843137255 0.5019607843137255 0.5019607843137255
            ambientIntensity 1.0
            transparency 0.0
            shininess 0.5
        }
    }
    geometry IndexedFaceSet {
        ccw TRUE
        solid FALSE
        coord DEF co Coordinate {
            point [
                -0.937 -0.3143 0.0971, -0.937 -0.3141 0.0971, -0.937 -0.3146 0.0955, -0.937 -0.3139 0.0956, -0.937 -0.3148 0.0945, -0.937 -0.3135 0.0945, -0.937 -0.3204 0.0791, -0.937 -0.308 0.0791
            ]
        }
        coordIndex [
            0,1,2,-1,2,1,3,-1,2,3,4,-1,4,3,5,-1,4,5,6,-1,6,5,7,-1,
        ]
    }
}
Shape{
    appearance Appearance {
        material  Material 	{
            diffuseColor 0.0 0.0 0.0
            specularColor 0.0 0.0 0.0
            ambientIntensity 0.0
            transparency 0.0
            shininess 0.5
        }
    }
    geometry IndexedFaceSet {
        ccw TRUE
        solid FALSE
        coord DEF co Coordinate {
            point [
                -0.941 0.0279 0.0595, -0.941 0.024 0.0547, -0.941 0.0303 0.0828, -0.941 -0.0577 0.0958, -0.941 -0.0496 0.1097, -0.941 -0.0142 0.0913, -0.941 0.0036 0.0834, -0.941 0.0011 0.0825, -0.941 0.0349 0.1286, -0.941 0.029 0.1318, -0.941 0.0304 0.148, -0.941 0.014 0.1487, -0.941 0.0058 0.1295, -0.941 0.0018 0.1378, -0.941 0.036 0.0864, -0.941 0.0339 0.0662, -0.941 0.0306 0.0652, -0.941 0.02 0.1493, -0.941 -0.001 0.0811, -0.941 -0.0027 0.0792, -0.941 -0.0208 0.0763, -0.941 0.0084 0.0833, -0.941 0.0118 0.0995, -0.941 0.0107 0.0824, -0.941 0.0176 0.0972, -0.941 0.0127 0.0809, -0.941 0.023 0.0935, -0.941 0.0138 0.0798, -0.941 0.0274 0.0885, -0.941 0.0151 0.0776, -0.941 0.0159 0.0752, -0.941 0.016 0.0726, -0.941 -0.004 0.0985, -0.941 0.0023 0.1, -0.941 0.0055 0.1002, -0.941 -0.0664 0.1219, -0.941 -0.0685 0.1219, -0.941 -0.0793 0.1361, -0.941 -0.0735 0.1212, -0.941 -0.0806 0.1356, -0.941 -0.0781 0.1195, -0.941 -0.0885 0.1318, -0.941 -0.0956 0.1257, -0.941 0.0086 0.155, -0.941 -0.0041 0.1449, -0.941 0.0024 0.1603, -0.941 -0.0112 0.1501, -0.941 -0.0046 0.1646, -0.941 0.0225 0.1333, -0.941 0.0198 0.1334, -0.941 0.017 0.1491, -0.941 0.0136 0.1327, -0.941 0.0077 0.1305, -0.941 -0.0038 0.077, -0.941 -0.0044 0.0746, -0.941 -0.0208 0.0736, -0.941 -0.0044 0.0722, -0.941 -0.0207 0.0709, -0.941 -0.0957 0.0765, -0.941 -0.0834 0.087, -0.941 -0.0885 0.0704, -0.941 -0.0795 0.0838, -0.941 -0.0805 0.0665, -0.941 -0.0749 0.0816, -0.941 -0.0717 0.0647, -0.941 -0.0701 0.0807, -0.941 -0.0561 0.0647, -0.941 -0.0583 0.0807, -0.941 -0.0547 0.0649, -0.941 0.0058 0.0836, -0.941 -0.0096 0.0955, -0.941 -0.0822 0.1166, -0.941 -0.0853 0.1132, -0.941 -0.101 0.1182, -0.941 -0.0877 0.1087, -0.941 -0.1042 0.1102, -0.941 -0.089 0.1036, -0.941 -0.1054 0.1016, -0.941 -0.0891 0.1013, -0.941 -0.1042 0.0922, -0.941 -0.0885 0.0962, -0.941 -0.1009 0.0838, -0.941 -0.0866 0.0915, -0.941 -0.0837 0.0874, -0.941 -0.0651 0.1569, -0.941 -0.0548 0.1448, -0.941 -0.0739 0.1467, -0.941 -0.0607 0.1377, -0.941 -0.0648 0.1292, -0.941 0.0453 0.1135, -0.941 0.0626 0.1091, -0.941 0.0461 0.1071, -0.941 0.0627 0.1066, -0.941 0.0458 0.103, -0.941 0.0614 0.0962, -0.941 0.0439 0.0966, -0.941 0.0577 0.0864, -0.941 0.0408 0.0912, -0.941 0.0516 0.0778, -0.941 0.0434 0.0708, -0.941 0.0156 0.0701, -0.941 0.0145 0.0679, -0.941 -0.0168 0.1691, -0.941 -0.0198 0.1535, -0.941 -0.0293 0.1706, -0.941 -0.0295 0.1548, -0.941 -0.0412 0.1692, -0.941 -0.0385 0.1537, -0.941 -0.0543 0.1643, -0.941 -0.0467 0.1505, -0.941 -0.0541 0.1454, -0.941 0.0402 0.1442, -0.941 0.0486 0.1383, -0.941 0.0394 0.1246, -0.941 0.0503 0.1366, -0.941 0.0431 0.1194, -0.941 0.0567 0.1285, -0.941 0.0609 0.119, -0.941 -0.0191 0.0644, -0.941 -0.0038 0.0697, -0.941 -0.016 0.0585, -0.941 -0.0026 0.0674, -0.941 -0.012 0.054, -0.941 -0.0011 0.0658, -0.941 -0.0067 0.0503, -0.941 0.0009 0.0643, -0.941 -0.0009 0.048, -0.941 0.0032 0.0634, -0.941 0.0055 0.0473, -0.941 0.0058 0.0631, -0.941 0.0065 0.0473, -0.941 0.0062 0.0631, -0.941 0.0128 0.0483, -0.941 0.0086 0.0635, -0.941 0.0188 0.0508, -0.941 0.011 0.0645, -0.941 0.013 0.066, -0.941 -0.0569 0.081, -0.941 -0.0506 0.0674, -0.941 -0.0512 0.0668, -0.941 -0.0577 0.0808, -0.941 -0.0529 0.0656, -0.941 -0.0485 0.0728, -0.941 -0.0488 0.0709, -0.941 -0.0494 0.0691, -0.941 -0.0546 0.0807, -0.941 -0.0528 0.08, -0.941 -0.0486 0.0739, -0.941 -0.0512 0.0789, -0.941 -0.0501 0.0777, -0.941 -0.0491 0.0759, -0.941 -0.0567 0.081, -0.937 -0.0974 0.1233, -0.937 -0.101 0.1182, -0.937 -0.1033 0.1124, -0.937 -0.1042 0.1102, -0.937 -0.1054 0.1016, -0.937 -0.0956 0.1257, -0.937 -0.0885 0.1318, -0.937 -0.0806 0.1356, -0.937 -0.0793 0.1361, -0.937 -0.0739 0.1467, -0.937 -0.0651 0.1569, -0.937 -0.0592 0.161, -0.937 -0.0543 0.1643, -0.937 -0.0412 0.1692, -0.937 -0.0293 0.1706, -0.937 0.0024 0.1603, -0.937 0.0013 0.161, -0.937 -0.0046 0.1646, -0.937 -0.0168 0.1691, -0.937 0.0086 0.155, -0.937 0.014 0.1487, -0.937 0.017 0.1491, -0.937 0.02 0.1493, -0.937 0.0304 0.148, -0.937 0.0402 0.1442, -0.937 0.0486 0.1383, -0.937 0.0503 0.1366, -0.937 0.0567 0.1285, -0.937 0.059 0.1233, -0.937 0.0609 0.119, -0.937 0.0621 0.1124, -0.937 0.0626 0.1091, -0.937 0.0627 0.1066, -0.937 0.0614 0.0962, -0.937 0.0577 0.0864, -0.937 0.0516 0.0778, -0.937 0.0434 0.0708, -0.937 0.0339 0.0662, -0.937 0.0306 0.0652, -0.937 0.0302 0.0645, -0.937 0.0279 0.0595, -0.937 0.024 0.0547, -0.937 0.0188 0.0508, -0.937 0.0164 0.0498, -0.937 0.0128 0.0483, -0.937 0.0065 0.0473, -0.937 0.0055 0.0473, -0.937 -0.0208 0.0736, -0.937 -0.0009 0.048, -0.937 -0.0054 0.0498, -0.937 -0.0067 0.0503, -0.937 -0.012 0.054, -0.937 -0.016 0.0585, -0.937 -0.0191 0.0644, -0.937 -0.0192 0.0645, -0.937 -0.0207 0.0709, -0.937 -0.0208 0.0763, -0.937 -0.0577 0.0958, -0.937 -0.0496 0.1097, -0.937 -0.0142 0.0913, -0.937 -0.0096 0.0955, -0.937 -0.004 0.0985, -0.937 0.0023 0.1, -0.937 0.0055 0.1002, -0.937 0.0118 0.0995, -0.937 0.0176 0.0972, -0.937 0.023 0.0935, -0.937 0.0274 0.0885, -0.937 0.0303 0.0828, -0.937 0.036 0.0864, -0.937 0.0408 0.0912, -0.937 0.0439 0.0966, -0.937 0.0458 0.103, -0.937 0.0461 0.1071, -0.937 0.0455 0.1124, -0.937 0.0453 0.1135, -0.937 0.0431 0.1194, -0.937 0.0403 0.1233, -0.937 0.0394 0.1246, -0.937 0.0349 0.1286, -0.937 0.029 0.1318, -0.937 0.0225 0.1333, -0.937 0.0198 0.1334, -0.937 0.0136 0.1327, -0.937 0.0077 0.1305, -0.937 0.0058 0.1295, -0.937 0.0018 0.1378, -0.937 -0.0041 0.1449, -0.937 -0.0112 0.1501, -0.937 -0.0198 0.1535, -0.937 -0.0295 0.1548, -0.937 -0.0664 0.1219, -0.937 -0.0661 0.1233, -0.937 -0.0648 0.1292, -0.937 -0.0607 0.1377, -0.937 -0.0548 0.1448, -0.937 -0.0541 0.1454, -0.937 -0.0467 0.1505, -0.937 -0.0385 0.1537, -0.937 -0.0685 0.1219, -0.937 -0.0735 0.1212, -0.937 -0.0781 0.1195, -0.937 -0.0822 0.1166, -0.937 -0.0853 0.1132, -0.937 -0.0857 0.1124, -0.937 -0.0877 0.1087, -0.937 -0.089 0.1036, -0.937 -0.0891 0.1013, -0.937 -0.0885 0.0962, -0.937 -0.0866 0.0915, -0.937 -0.0837 0.0874, -0.937 -0.0834 0.087, -0.937 -0.0795 0.0838, -0.937 -0.0749 0.0816, -0.937 -0.0701 0.0807, -0.937 -0.0583 0.0807, -0.937 -0.0577 0.0808, -0.937 -0.0569 0.081, -0.937 -0.0567 0.081, -0.937 -0.0546 0.0807, -0.937 -0.0528 0.08, -0.937 -0.0512 0.0789, -0.937 -0.0501 0.0777, -0.937 -0.0491 0.0759, -0.937 -0.0486 0.0739, -0.937 -0.0485 0.0728, -0.937 -0.0488 0.0709, -0.937 -0.0494 0.0691, -0.937 -0.0506 0.0674, -0.937 -0.0512 0.0668, -0.937 -0.0529 0.0656, -0.937 -0.0547 0.0649, -0.937 -0.0561 0.0647, -0.937 -0.0717 0.0647, -0.937 -0.0805 0.0665, -0.937 -0.0885 0.0704, -0.937 -0.0957 0.0765, -0.937 -0.1009 0.0838, -0.937 -0.1042 0.0922, -0.937 0.0058 0.0836, -0.937 0.0036 0.0834, -0.937 0.0011 0.0825, -0.937 -0.001 0.0811, -0.937 -0.0027 0.0792, -0.937 -0.0038 0.077, -0.937 -0.0044 0.0746, -0.937 -0.0044 0.0722, -0.937 -0.0038 0.0697, -0.937 -0.0026 0.0674, -0.937 -0.0011 0.0658, -0.937 0.0009 0.0643, -0.937 0.0032 0.0634, -0.937 0.0058 0.0631, -0.937 0.0062 0.0631, -0.937 0.0086 0.0635, -0.937 0.011 0.0645, -0.937 0.013 0.066, -0.937 0.0145 0.0679, -0.937 0.0156 0.0701, -0.937 0.016 0.0726, -0.937 0.0159 0.0752, -0.937 0.0151 0.0776, -0.937 0.0138 0.0798, -0.937 0.0127 0.0809, -0.937 0.0107 0.0824, -0.937 0.0084 0.0833
            ]
        }
        coordIndex [
            0,1,2,-1,3,4,5,-1,6,7,3,-1,8,9,10,-1,11,12,13,-1,14,15,2,-1,2,15,16,-1,2,16,0,-1,10,9,17,-1,7,18,3,-1,3,18,19,-1,3,19,20,-1,21,22,23,-1,23,22,24,-1,23,24,25,-1,25,24,26,-1,25,26,27,-1,27,26,28,-1,27,28,29,-1,29,28,2,-1,29,2,30,-1,30,2,31,-1,32,33,21,-1,21,33,34,-1,21,34,22,-1,35,36,37,-1,37,36,38,-1,37,38,39,-1,39,38,40,-1,39,40,41,-1,41,40,42,-1,11,13,43,-1,43,13,44,-1,43,44,45,-1,45,44,46,-1,45,46,47,-1,9,48,17,-1,17,48,49,-1,17,49,50,-1,50,49,51,-1,50,51,11,-1,11,51,52,-1,11,52,12,-1,19,53,20,-1,20,53,54,-1,20,54,55,-1,55,54,56,-1,55,56,57,-1,58,59,60,-1,60,59,61,-1,60,61,62,-1,62,61,63,-1,62,63,64,-1,64,63,65,-1,64,65,66,-1,66,65,67,-1,66,67,68,-1,6,3,69,-1,69,3,5,-1,69,5,21,-1,21,5,70,-1,21,70,32,-1,40,71,42,-1,42,71,72,-1,42,72,73,-1,73,72,74,-1,73,74,75,-1,75,74,76,-1,75,76,77,-1,77,76,78,-1,77,78,79,-1,79,78,80,-1,79,80,81,-1,81,80,82,-1,81,82,58,-1,58,82,83,-1,58,83,59,-1,84,85,86,-1,86,85,87,-1,86,87,37,-1,37,87,88,-1,37,88,35,-1,89,90,91,-1,91,90,92,-1,91,92,93,-1,93,92,94,-1,93,94,95,-1,95,94,96,-1,95,96,97,-1,97,96,98,-1,97,98,14,-1,14,98,99,-1,14,99,15,-1,31,2,100,-1,100,2,1,-1,100,1,101,-1,47,46,102,-1,102,46,103,-1,102,103,104,-1,104,103,105,-1,104,105,106,-1,106,105,107,-1,106,107,108,-1,108,107,109,-1,108,109,84,-1,84,109,110,-1,84,110,85,-1,10,111,8,-1,8,111,112,-1,8,112,113,-1,113,112,114,-1,113,114,115,-1,115,114,116,-1,115,116,89,-1,89,116,117,-1,89,117,90,-1,57,56,118,-1,118,56,119,-1,118,119,120,-1,120,119,121,-1,120,121,122,-1,122,121,123,-1,122,123,124,-1,124,123,125,-1,124,125,126,-1,126,125,127,-1,126,127,128,-1,128,127,129,-1,128,129,130,-1,130,129,131,-1,130,131,132,-1,132,131,133,-1,132,133,134,-1,134,133,135,-1,134,135,1,-1,1,135,136,-1,1,136,101,-1,137,138,139,-1,67,140,68,-1,68,140,137,-1,68,137,141,-1,141,137,139,-1,142,143,137,-1,137,143,144,-1,137,144,138,-1,145,146,147,-1,146,148,147,-1,147,148,149,-1,147,149,150,-1,142,137,147,-1,147,137,151,-1,147,151,145,-1,152,42,153,-1,153,42,73,-1,153,73,154,-1,154,73,75,-1,154,75,155,-1,155,75,77,-1,155,77,156,-1,152,157,42,-1,42,157,158,-1,42,158,41,-1,41,158,159,-1,41,159,39,-1,39,159,160,-1,39,160,37,-1,37,160,161,-1,37,161,86,-1,86,161,162,-1,86,162,84,-1,84,162,108,-1,108,162,163,-1,163,164,108,-1,108,164,165,-1,108,165,106,-1,106,165,166,-1,106,166,104,-1,167,45,168,-1,168,45,47,-1,168,47,169,-1,169,47,102,-1,169,102,170,-1,170,102,104,-1,170,104,166,-1,45,167,171,-1,45,171,43,-1,43,171,172,-1,43,172,11,-1,11,172,173,-1,11,173,50,-1,50,173,174,-1,50,174,17,-1,17,174,175,-1,17,175,10,-1,10,175,176,-1,10,176,111,-1,111,176,177,-1,111,177,112,-1,112,177,178,-1,112,178,114,-1,117,116,179,-1,179,116,114,-1,179,114,178,-1,179,180,117,-1,117,180,181,-1,117,181,90,-1,90,181,182,-1,182,183,90,-1,90,183,184,-1,90,184,92,-1,92,184,185,-1,92,185,94,-1,94,185,186,-1,94,186,96,-1,96,186,187,-1,96,187,98,-1,98,187,188,-1,98,188,99,-1,99,188,189,-1,99,189,15,-1,15,189,190,-1,15,190,16,-1,16,190,191,-1,16,191,0,-1,191,192,0,-1,0,192,193,-1,0,193,1,-1,1,193,194,-1,1,194,134,-1,134,194,195,-1,134,195,132,-1,195,196,132,-1,132,196,197,-1,132,197,130,-1,130,197,198,-1,130,198,128,-1,199,55,57,-1,128,198,200,-1,128,200,126,-1,126,200,201,-1,126,201,124,-1,201,202,124,-1,124,202,203,-1,124,203,122,-1,122,203,204,-1,122,204,120,-1,120,204,205,-1,120,205,118,-1,118,205,206,-1,118,206,57,-1,57,206,207,-1,57,207,199,-1,20,55,208,-1,208,55,199,-1,3,20,209,-1,209,20,208,-1,4,3,210,-1,210,3,209,-1,5,4,211,-1,211,4,210,-1,5,211,212,-1,5,212,70,-1,70,212,213,-1,70,213,32,-1,32,213,214,-1,32,214,33,-1,33,214,215,-1,33,215,34,-1,34,215,216,-1,34,216,22,-1,22,216,217,-1,22,217,24,-1,24,217,218,-1,24,218,26,-1,26,218,219,-1,26,219,28,-1,28,219,220,-1,28,220,2,-1,2,220,221,-1,2,221,14,-1,14,221,222,-1,14,222,97,-1,97,222,223,-1,97,223,95,-1,95,223,224,-1,95,224,93,-1,93,224,225,-1,93,225,91,-1,225,226,91,-1,91,226,89,-1,226,227,89,-1,89,227,228,-1,89,228,115,-1,115,228,229,-1,115,229,113,-1,229,230,113,-1,113,230,231,-1,113,231,8,-1,8,231,232,-1,8,232,9,-1,9,232,233,-1,9,233,48,-1,48,233,234,-1,48,234,49,-1,49,234,235,-1,49,235,51,-1,51,235,236,-1,51,236,52,-1,52,236,237,-1,52,237,12,-1,12,237,238,-1,12,238,13,-1,13,238,239,-1,13,239,44,-1,44,239,240,-1,44,240,46,-1,46,240,241,-1,46,241,103,-1,103,241,242,-1,103,242,105,-1,243,35,244,-1,244,35,88,-1,244,88,245,-1,245,88,87,-1,245,87,246,-1,246,87,85,-1,246,85,247,-1,247,85,110,-1,247,110,248,-1,248,110,109,-1,248,109,249,-1,249,109,107,-1,249,107,250,-1,250,107,105,-1,250,105,242,-1,36,35,251,-1,251,35,243,-1,36,251,252,-1,36,252,38,-1,38,252,253,-1,38,253,40,-1,40,253,254,-1,40,254,71,-1,71,254,255,-1,71,255,72,-1,72,255,256,-1,72,256,74,-1,256,257,74,-1,74,257,258,-1,74,258,76,-1,76,258,259,-1,76,259,78,-1,78,259,260,-1,78,260,80,-1,80,260,261,-1,80,261,82,-1,82,261,262,-1,82,262,83,-1,83,262,263,-1,83,263,59,-1,59,263,264,-1,59,264,61,-1,61,264,265,-1,61,265,63,-1,63,265,266,-1,63,266,65,-1,67,65,267,-1,267,65,266,-1,67,267,268,-1,67,268,140,-1,140,268,269,-1,140,269,137,-1,137,269,270,-1,137,270,151,-1,151,270,271,-1,151,271,145,-1,145,271,272,-1,145,272,146,-1,146,272,273,-1,146,273,148,-1,148,273,274,-1,148,274,149,-1,149,274,275,-1,149,275,150,-1,150,275,276,-1,150,276,147,-1,147,276,277,-1,147,277,142,-1,142,277,278,-1,142,278,143,-1,143,278,279,-1,143,279,144,-1,144,279,280,-1,144,280,138,-1,138,280,281,-1,138,281,139,-1,139,281,282,-1,139,282,141,-1,141,282,283,-1,141,283,68,-1,68,283,284,-1,68,284,66,-1,64,66,285,-1,285,66,284,-1,64,285,286,-1,64,286,62,-1,62,286,287,-1,62,287,60,-1,60,287,288,-1,60,288,58,-1,58,288,289,-1,58,289,81,-1,81,289,290,-1,81,290,79,-1,79,290,156,-1,79,156,77,-1,69,291,292,-1,69,292,6,-1,6,292,293,-1,6,293,7,-1,7,293,294,-1,7,294,18,-1,18,294,295,-1,18,295,19,-1,19,295,296,-1,19,296,53,-1,53,296,297,-1,53,297,54,-1,54,297,298,-1,54,298,56,-1,56,298,299,-1,56,299,119,-1,119,299,300,-1,119,300,121,-1,121,300,301,-1,121,301,123,-1,123,301,302,-1,123,302,125,-1,125,302,303,-1,125,303,127,-1,127,303,304,-1,127,304,129,-1,129,304,305,-1,129,305,131,-1,131,305,306,-1,131,306,133,-1,133,306,307,-1,133,307,135,-1,135,307,308,-1,135,308,136,-1,136,308,309,-1,136,309,101,-1,101,309,310,-1,101,310,100,-1,100,310,311,-1,100,311,31,-1,31,311,312,-1,31,312,30,-1,30,312,313,-1,30,313,29,-1,29,313,314,-1,29,314,27,-1,27,314,315,-1,27,315,25,-1,25,315,316,-1,25,316,23,-1,23,316,317,-1,23,317,21,-1,21,317,291,-1,21,291,69,-1,
        ]
    }
}
Shape{
    appearance Appearance {
        material  Material 	{
            diffuseColor 1.0 1.0 1.0
            specularColor 0.5019607843137255 0.5019607843137255 0.5019607843137255
            ambientIntensity 1.0
            transparency 0.0
            shininess 0.5
        }
    }
    geometry IndexedFaceSet {
        ccw TRUE
        solid FALSE
        coord DEF co Coordinate {
            point [
                -0.937 0.0062 0.0631, -0.937 0.0127 0.0809, -0.937 0.0138 0.0798, -0.937 0.0032 0.0634, -0.937 0.0009 0.0643, -0.937 0.0036 0.0834, -0.937 0.0058 0.0836, -0.937 0.0084 0.0833, -0.937 0.0107 0.0824, -0.937 0.0156 0.0701, -0.937 0.0145 0.0679, -0.937 0.013 0.066, -0.937 0.0058 0.0631, -0.937 0.0151 0.0776, -0.937 0.0159 0.0752, -0.937 0.016 0.0726, -0.937 0.011 0.0645, -0.937 0.0086 0.0635, -0.937 -0.0011 0.0658, -0.937 -0.0026 0.0674, -0.937 -0.0038 0.0697, -0.937 -0.0044 0.0722, -0.937 -0.0044 0.0746, -0.937 -0.0038 0.077, -0.937 -0.0027 0.0792, -0.937 -0.001 0.0811, -0.937 0.0011 0.0825
            ]
        }
        coordIndex [
            0,1,2,-1,3,4,5,-1,6,7,0,-1,0,7,8,-1,0,8,1,-1,9,10,2,-1,2,10,11,-1,6,0,5,-1,5,0,12,-1,5,12,3,-1,13,14,2,-1,2,14,15,-1,2,15,9,-1,11,16,2,-1,2,16,17,-1,2,17,0,-1,4,18,5,-1,5,18,19,-1,5,19,20,-1,20,21,5,-1,5,21,22,-1,5,22,23,-1,23,24,5,-1,5,24,25,-1,5,25,26,-1,
        ]
    }
}
Shape{
    appearance Appearance {
        material  Material 	{
            diffuseColor 1.0 1.0 0.0
            specularColor 0.5019607843137255 0.5019607843137255 0.0
            ambientIntensity 0.886
            transparency 0.0
            shininess 0.5
        }
    }
    geometry IndexedFaceSet {
        ccw TRUE
        solid FALSE
        coord DEF co Coordinate {
            point [
                -0.2638 0.5143 0.2216, -0.2638 0.5414 0.2012, -0.3228 0.5143 0.2216, -0.3228 0.5414 0.2012, -0.3228 -0.0472 0.052, -0.3228 0.6444 0.052, -0.2638 -0.0472 0.052, -0.2638 0.6444 0.052, -0.3228 0.5124 0.1626, -0.3228 0.4474 0.2114, -0.3228 0.54 0.1666, -0.3228 0.5453 0.1737, -0.3228 0.5922 0.0799, -0.3228 0.6265 0.1141, -0.3228 0.6541 0.0935, -0.3228 0.6562 0.0638, -0.3228 0.6592 0.0676, -0.3228 0.6616 0.0815, -0.3228 0.662 0.0767, -0.3228 0.6612 0.072, -0.3228 0.0068 0.0799, -0.3228 0.0068 0.2114, -0.3228 -0.0472 0.2216, -0.3228 0.5446 0.1982, -0.3228 0.5162 0.1604, -0.3228 0.537 0.1633, -0.3228 0.5333 0.1609, -0.3228 0.5471 0.1946, -0.3228 0.5486 0.1904, -0.3228 0.5476 0.1775, -0.3228 0.5493 0.1861, -0.3228 0.5489 0.1817, -0.3228 0.5292 0.1593, -0.3228 0.5248 0.1587, -0.3228 0.5204 0.159, -0.3228 0.6602 0.0861, -0.3228 0.6576 0.0901, -0.2638 0.6541 0.0935, -0.2638 0.6265 0.1141, -0.2638 0.5922 0.0799, -0.2638 0.4474 0.2114, -0.2638 -0.0472 0.2216, -0.2638 0.0068 0.2114, -0.2638 0.537 0.1633, -0.2638 0.54 0.1666, -0.2638 0.5162 0.1604, -0.2638 0.6592 0.0676, -0.2638 0.6612 0.072, -0.2638 0.0068 0.0799, -0.2638 0.6562 0.0638, -0.2638 0.662 0.0767, -0.2638 0.6616 0.0815, -0.2638 0.6576 0.0901, -0.2638 0.6602 0.0861, -0.2638 0.5446 0.1982, -0.2638 0.5453 0.1737, -0.2638 0.5124 0.1626, -0.2638 0.5204 0.159, -0.2638 0.5248 0.1587, -0.2638 0.5292 0.1593, -0.2638 0.5333 0.1609, -0.2638 0.5489 0.1817, -0.2638 0.5493 0.1861, -0.2638 0.5476 0.1775, -0.2638 0.5486 0.1904, -0.2638 0.5471 0.1946, -0.4606 0.5143 0.2216, -0.4606 0.5414 0.2012, -0.5197 0.5143 0.2216, -0.5197 0.5414 0.2012, -0.5197 -0.0472 0.052, -0.5197 0.6444 0.052, -0.4606 -0.0472 0.052, -0.4606 0.6444 0.052, -0.5197 0.5124 0.1626, -0.5197 0.4474 0.2114, -0.5197 0.54 0.1666, -0.5197 0.5453 0.1737, -0.5197 0.5922 0.0799, -0.5197 0.6265 0.1141, -0.5197 0.6541 0.0935, -0.5197 0.6562 0.0638, -0.5197 0.6592 0.0676, -0.5197 0.6616 0.0815, -0.5197 0.662 0.0767, -0.5197 0.6612 0.072, -0.5197 0.0068 0.0799, -0.5197 0.0068 0.2114, -0.5197 -0.0472 0.2216, -0.5197 0.5446 0.1982, -0.5197 0.5162 0.1604, -0.5197 0.537 0.1633, -0.5197 0.5333 0.1609, -0.5197 0.5471 0.1946, -0.5197 0.5486 0.1904, -0.5197 0.5476 0.1775, -0.5197 0.5493 0.1861, -0.5197 0.5489 0.1817, -0.5197 0.5292 0.1593, -0.5197 0.5248 0.1587, -0.5197 0.5204 0.159, -0.5197 0.6602 0.0861, -0.5197 0.6576 0.0901, -0.4606 0.6541 0.0935, -0.4606 0.6265 0.1141, -0.4606 0.5922 0.0799, -0.4606 0.4474 0.2114, -0.4606 -0.0472 0.2216, -0.4606 0.0068 0.2114, -0.4606 0.537 0.1633, -0.4606 0.54 0.1666, -0.4606 0.5162 0.1604, -0.4606 0.6592 0.0676, -0.4606 0.6612 0.072, -0.4606 0.0068 0.0799, -0.4606 0.6562 0.0638, -0.4606 0.662 0.0767, -0.4606 0.6616 0.0815, -0.4606 0.6576 0.0901, -0.4606 0.6602 0.0861, -0.4606 0.5446 0.1982, -0.4606 0.5453 0.1737, -0.4606 0.5124 0.1626, -0.4606 0.5204 0.159, -0.4606 0.5248 0.1587, -0.4606 0.5292 0.1593, -0.4606 0.5333 0.1609, -0.4606 0.5489 0.1817, -0.4606 0.5493 0.1861, -0.4606 0.5476 0.1775, -0.4606 0.5486 0.1904, -0.4606 0.5471 0.1946, -0.0669 0.5143 0.2216, -0.0669 0.5414 0.2012, -0.126 0.5143 0.2216, -0.126 0.5414 0.2012, -0.126 -0.0472 0.052, -0.126 0.6444 0.052, -0.0669 -0.0472 0.052, -0.0669 0.6444 0.052, -0.126 0.5124 0.1626, -0.126 0.4474 0.2114, -0.126 0.54 0.1666, -0.126 0.6592 0.0676, -0.126 0.6562 0.0638, -0.126 0.6541 0.0935, -0.126 0.6265 0.1141, -0.126 0.6616 0.0815, -0.126 0.662 0.0767, -0.126 0.6612 0.072, -0.126 0.5446 0.1982, -0.126 0.5453 0.1737, -0.126 -0.0472 0.2216, -0.126 0.0068 0.2114, -0.126 0.0068 0.0799, -0.126 0.5922 0.0799, -0.126 0.5162 0.1604, -0.126 0.537 0.1633, -0.126 0.5333 0.1609, -0.126 0.5471 0.1946, -0.126 0.5486 0.1904, -0.126 0.5476 0.1775, -0.126 0.5493 0.1861, -0.126 0.5489 0.1817, -0.126 0.5292 0.1593, -0.126 0.5248 0.1587, -0.126 0.5204 0.159, -0.126 0.6602 0.0861, -0.126 0.6576 0.0901, -0.0669 0.6541 0.0935, -0.0669 0.6265 0.1141, -0.0669 0.5922 0.0799, -0.0669 -0.0472 0.2216, -0.0669 0.4474 0.2114, -0.0669 0.0068 0.2114, -0.0669 0.6592 0.0676, -0.0669 0.6612 0.072, -0.0669 0.5446 0.1982, -0.0669 0.5453 0.1737, -0.0669 0.0068 0.0799, -0.0669 0.6562 0.0638, -0.0669 0.5124 0.1626, -0.0669 0.54 0.1666, -0.0669 0.5162 0.1604, -0.0669 0.537 0.1633, -0.0669 0.662 0.0767, -0.0669 0.6616 0.0815, -0.0669 0.6576 0.0901, -0.0669 0.6602 0.0861, -0.0669 0.5204 0.159, -0.0669 0.5248 0.1587, -0.0669 0.5292 0.1593, -0.0669 0.5333 0.1609, -0.0669 0.5489 0.1817, -0.0669 0.5493 0.1861, -0.0669 0.5476 0.1775, -0.0669 0.5486 0.1904, -0.0669 0.5471 0.1946, 0.1299 0.5143 0.2216, 0.1299 0.5414 0.2012, 0.0709 0.5143 0.2216, 0.0709 0.5414 0.2012, 0.0709 -0.0472 0.052, 0.0709 0.6444 0.052, 0.1299 -0.0472 0.052, 0.1299 0.6444 0.052, 0.0709 0.5124 0.1626, 0.0709 0.4474 0.2114, 0.0709 0.54 0.1666, 0.0709 0.5453 0.1737, 0.0709 0.5922 0.0799, 0.0709 0.6265 0.1141, 0.0709 0.6541 0.0935, 0.0709 0.6562 0.0638, 0.0709 0.6592 0.0676, 0.0709 0.6616 0.0815, 0.0709 0.662 0.0767, 0.0709 0.6612 0.072, 0.0709 0.0068 0.0799, 0.0709 0.0068 0.2114, 0.0709 -0.0472 0.2216, 0.0709 0.5446 0.1982, 0.0709 0.5162 0.1604, 0.0709 0.537 0.1633, 0.0709 0.5333 0.1609, 0.0709 0.5471 0.1946, 0.0709 0.5486 0.1904, 0.0709 0.5476 0.1775, 0.0709 0.5493 0.1861, 0.0709 0.5489 0.1817, 0.0709 0.5292 0.1593, 0.0709 0.5248 0.1587, 0.0709 0.5204 0.159, 0.0709 0.6602 0.0861, 0.0709 0.6576 0.0901, 0.1299 0.6541 0.0935, 0.1299 0.6265 0.1141, 0.1299 0.5922 0.0799, 0.1299 0.4474 0.2114, 0.1299 -0.0472 0.2216, 0.1299 0.0068 0.2114, 0.1299 0.537 0.1633, 0.1299 0.54 0.1666, 0.1299 0.5162 0.1604, 0.1299 0.6592 0.0676, 0.1299 0.6612 0.072, 0.1299 0.0068 0.0799, 0.1299 0.6562 0.0638, 0.1299 0.662 0.0767, 0.1299 0.6616 0.0815, 0.1299 0.6576 0.0901, 0.1299 0.6602 0.0861, 0.1299 0.5446 0.1982, 0.1299 0.5453 0.1737, 0.1299 0.5124 0.1626, 0.1299 0.5204 0.159, 0.1299 0.5248 0.1587, 0.1299 0.5292 0.1593, 0.1299 0.5333 0.1609, 0.1299 0.5489 0.1817, 0.1299 0.5493 0.1861, 0.1299 0.5476 0.1775, 0.1299 0.5486 0.1904, 0.1299 0.5471 0.1946, 0.3268 0.5143 0.2216, 0.3268 0.5414 0.2012, 0.2677 0.5143 0.2216, 0.2677 0.5414 0.2012, 0.2677 -0.0472 0.052, 0.2677 0.6444 0.052, 0.3268 -0.0472 0.052, 0.3268 0.6444 0.052, 0.2677 0.5124 0.1626, 0.2677 0.4474 0.2114, 0.2677 0.54 0.1666, 0.2677 0.5453 0.1737, 0.2677 0.5922 0.0799, 0.2677 0.6265 0.1141, 0.2677 0.6541 0.0935, 0.2677 0.6562 0.0638, 0.2677 0.6592 0.0676, 0.2677 0.6616 0.0815, 0.2677 0.662 0.0767, 0.2677 0.6612 0.072, 0.2677 0.0068 0.0799, 0.2677 0.0068 0.2114, 0.2677 -0.0472 0.2216, 0.2677 0.5446 0.1982, 0.2677 0.5162 0.1604, 0.2677 0.537 0.1633, 0.2677 0.5333 0.1609, 0.2677 0.5471 0.1946, 0.2677 0.5486 0.1904, 0.2677 0.5476 0.1775, 0.2677 0.5493 0.1861, 0.2677 0.5489 0.1817, 0.2677 0.5292 0.1593, 0.2677 0.5248 0.1587, 0.2677 0.5204 0.159, 0.2677 0.6602 0.0861, 0.2677 0.6576 0.0901, 0.3268 0.6541 0.0935, 0.3268 0.6265 0.1141, 0.3268 0.5922 0.0799, 0.3268 0.4474 0.2114, 0.3268 -0.0472 0.2216, 0.3268 0.0068 0.2114, 0.3268 0.537 0.1633, 0.3268 0.54 0.1666, 0.3268 0.5162 0.1604, 0.3268 0.6592 0.0676, 0.3268 0.6612 0.072, 0.3268 0.0068 0.0799, 0.3268 0.6562 0.0638, 0.3268 0.662 0.0767, 0.3268 0.6616 0.0815, 0.3268 0.6576 0.0901, 0.3268 0.6602 0.0861, 0.3268 0.5446 0.1982, 0.3268 0.5453 0.1737, 0.3268 0.5124 0.1626, 0.3268 0.5204 0.159, 0.3268 0.5248 0.1587, 0.3268 0.5292 0.1593, 0.3268 0.5333 0.1609, 0.3268 0.5489 0.1817, 0.3268 0.5493 0.1861, 0.3268 0.5476 0.1775, 0.3268 0.5486 0.1904, 0.3268 0.5471 0.1946, 0.5236 0.5143 0.2216, 0.5236 0.5414 0.2012, 0.4646 0.5143 0.2216, 0.4646 0.5414 0.2012, 0.4646 -0.0472 0.052, 0.4646 0.6444 0.052, 0.5236 -0.0472 0.052, 0.5236 0.6444 0.052, 0.4646 0.5124 0.1626, 0.4646 0.4474 0.2114, 0.4646 0.54 0.1666, 0.4646 0.5453 0.1737, 0.4646 0.5922 0.0799, 0.4646 0.6265 0.1141, 0.4646 0.6541 0.0935, 0.4646 0.6562 0.0638, 0.4646 0.6592 0.0676, 0.4646 0.6616 0.0815, 0.4646 0.662 0.0767, 0.4646 0.6612 0.072, 0.4646 0.0068 0.0799, 0.4646 0.0068 0.2114, 0.4646 -0.0472 0.2216, 0.4646 0.5446 0.1982, 0.4646 0.5162 0.1604, 0.4646 0.537 0.1633, 0.4646 0.5333 0.1609, 0.4646 0.5471 0.1946, 0.4646 0.5486 0.1904, 0.4646 0.5476 0.1775, 0.4646 0.5493 0.1861, 0.4646 0.5489 0.1817, 0.4646 0.5292 0.1593, 0.4646 0.5248 0.1587, 0.4646 0.5204 0.159, 0.4646 0.6602 0.0861, 0.4646 0.6576 0.0901, 0.5236 0.6541 0.0935, 0.5236 0.6265 0.1141, 0.5236 0.5922 0.0799, 0.5236 0.4474 0.2114, 0.5236 -0.0472 0.2216, 0.5236 0.0068 0.2114, 0.5236 0.537 0.1633, 0.5236 0.54 0.1666, 0.5236 0.5162 0.1604, 0.5236 0.6592 0.0676, 0.5236 0.6612 0.072, 0.5236 0.0068 0.0799, 0.5236 0.6562 0.0638, 0.5236 0.662 0.0767, 0.5236 0.6616 0.0815, 0.5236 0.6576 0.0901, 0.5236 0.6602 0.0861, 0.5236 0.5446 0.1982, 0.5236 0.5453 0.1737, 0.5236 0.5124 0.1626, 0.5236 0.5204 0.159, 0.5236 0.5248 0.1587, 0.5236 0.5292 0.1593, 0.5236 0.5333 0.1609, 0.5236 0.5489 0.1817, 0.5236 0.5493 0.1861, 0.5236 0.5476 0.1775, 0.5236 0.5486 0.1904, 0.5236 0.5471 0.1946
            ]
        }
        coordIndex [
            0,1,2,-1,2,1,3,-1,4,5,6,-1,6,5,7,-1,8,9,10,-1,10,9,11,-1,12,13,5,-1,5,13,14,-1,5,14,15,-1,15,14,16,-1,17,18,19,-1,12,5,20,-1,20,5,4,-1,20,4,21,-1,21,4,22,-1,21,22,9,-1,9,22,2,-1,9,2,11,-1,11,2,3,-1,11,3,23,-1,8,10,24,-1,24,10,25,-1,24,25,26,-1,23,27,11,-1,11,27,28,-1,11,28,29,-1,29,28,30,-1,29,30,31,-1,26,32,24,-1,24,32,33,-1,24,33,34,-1,17,19,35,-1,16,14,19,-1,19,14,36,-1,19,36,35,-1,37,38,39,-1,1,0,40,-1,40,0,41,-1,40,41,42,-1,43,44,45,-1,46,47,37,-1,42,41,48,-1,48,41,6,-1,48,6,39,-1,39,6,7,-1,39,7,37,-1,37,7,49,-1,37,49,46,-1,47,50,37,-1,37,50,51,-1,37,51,52,-1,52,51,53,-1,54,1,55,-1,55,1,40,-1,55,40,44,-1,44,40,56,-1,44,56,45,-1,45,57,58,-1,58,59,45,-1,45,59,60,-1,45,60,43,-1,61,62,63,-1,63,62,64,-1,63,64,55,-1,55,64,65,-1,55,65,54,-1,3,1,54,-1,3,54,23,-1,23,54,65,-1,23,65,27,-1,27,65,64,-1,27,64,28,-1,28,64,62,-1,28,62,30,-1,30,62,61,-1,30,61,31,-1,31,61,63,-1,31,63,29,-1,29,63,55,-1,29,55,11,-1,10,11,44,-1,44,11,55,-1,10,44,43,-1,10,43,25,-1,25,43,60,-1,25,60,26,-1,26,60,59,-1,26,59,32,-1,32,59,58,-1,32,58,33,-1,33,58,57,-1,33,57,34,-1,34,57,45,-1,34,45,24,-1,24,45,56,-1,24,56,8,-1,9,8,40,-1,40,8,56,-1,21,9,42,-1,42,9,40,-1,20,21,48,-1,48,21,42,-1,12,20,39,-1,39,20,48,-1,13,12,38,-1,38,12,39,-1,14,13,37,-1,37,13,38,-1,14,37,52,-1,14,52,36,-1,36,52,53,-1,36,53,35,-1,35,53,51,-1,35,51,17,-1,17,51,50,-1,17,50,18,-1,18,50,47,-1,18,47,19,-1,19,47,46,-1,19,46,16,-1,16,46,49,-1,16,49,15,-1,5,15,7,-1,7,15,49,-1,66,67,68,-1,68,67,69,-1,70,71,72,-1,72,71,73,-1,74,75,76,-1,76,75,77,-1,78,79,71,-1,71,79,80,-1,71,80,81,-1,81,80,82,-1,83,84,85,-1,78,71,86,-1,86,71,70,-1,86,70,87,-1,87,70,88,-1,87,88,75,-1,75,88,68,-1,75,68,77,-1,77,68,69,-1,77,69,89,-1,74,76,90,-1,90,76,91,-1,90,91,92,-1,89,93,77,-1,77,93,94,-1,77,94,95,-1,95,94,96,-1,95,96,97,-1,92,98,90,-1,90,98,99,-1,90,99,100,-1,83,85,101,-1,82,80,85,-1,85,80,102,-1,85,102,101,-1,103,104,105,-1,67,66,106,-1,106,66,107,-1,106,107,108,-1,109,110,111,-1,112,113,103,-1,108,107,114,-1,114,107,72,-1,114,72,105,-1,105,72,73,-1,105,73,103,-1,103,73,115,-1,103,115,112,-1,113,116,103,-1,103,116,117,-1,103,117,118,-1,118,117,119,-1,120,67,121,-1,121,67,106,-1,121,106,110,-1,110,106,122,-1,110,122,111,-1,111,123,124,-1,124,125,111,-1,111,125,126,-1,111,126,109,-1,127,128,129,-1,129,128,130,-1,129,130,121,-1,121,130,131,-1,121,131,120,-1,69,67,120,-1,69,120,89,-1,89,120,131,-1,89,131,93,-1,93,131,130,-1,93,130,94,-1,94,130,128,-1,94,128,96,-1,96,128,127,-1,96,127,97,-1,97,127,129,-1,97,129,95,-1,95,129,121,-1,95,121,77,-1,76,77,110,-1,110,77,121,-1,76,110,109,-1,76,109,91,-1,91,109,126,-1,91,126,92,-1,92,126,125,-1,92,125,98,-1,98,125,124,-1,98,124,99,-1,99,124,123,-1,99,123,100,-1,100,123,111,-1,100,111,90,-1,90,111,122,-1,90,122,74,-1,75,74,106,-1,106,74,122,-1,87,75,108,-1,108,75,106,-1,86,87,114,-1,114,87,108,-1,78,86,105,-1,105,86,114,-1,79,78,104,-1,104,78,105,-1,80,79,103,-1,103,79,104,-1,80,103,118,-1,80,118,102,-1,102,118,119,-1,102,119,101,-1,101,119,117,-1,101,117,83,-1,83,117,116,-1,83,116,84,-1,84,116,113,-1,84,113,85,-1,85,113,112,-1,85,112,82,-1,82,112,115,-1,82,115,81,-1,71,81,73,-1,73,81,115,-1,132,133,134,-1,134,133,135,-1,136,137,138,-1,138,137,139,-1,140,141,142,-1,143,144,145,-1,145,144,137,-1,145,137,146,-1,147,148,149,-1,150,151,135,-1,135,151,142,-1,135,142,134,-1,134,142,141,-1,134,141,152,-1,152,141,153,-1,152,153,136,-1,136,153,154,-1,136,154,137,-1,137,154,155,-1,137,155,146,-1,140,142,156,-1,156,142,157,-1,156,157,158,-1,150,159,151,-1,151,159,160,-1,151,160,161,-1,161,160,162,-1,161,162,163,-1,158,164,156,-1,156,164,165,-1,156,165,166,-1,147,149,167,-1,143,145,149,-1,149,145,168,-1,149,168,167,-1,169,170,171,-1,132,172,173,-1,173,172,174,-1,175,176,169,-1,177,133,178,-1,174,172,179,-1,179,172,138,-1,179,138,171,-1,171,138,139,-1,171,139,169,-1,169,139,180,-1,169,180,175,-1,173,181,182,-1,182,181,183,-1,182,183,184,-1,132,173,133,-1,133,173,182,-1,133,182,178,-1,176,185,169,-1,169,185,186,-1,169,186,187,-1,187,186,188,-1,183,189,190,-1,190,191,183,-1,183,191,192,-1,183,192,184,-1,193,194,195,-1,195,194,196,-1,195,196,178,-1,178,196,197,-1,178,197,177,-1,135,133,177,-1,135,177,150,-1,150,177,197,-1,150,197,159,-1,159,197,196,-1,159,196,160,-1,160,196,194,-1,160,194,162,-1,162,194,193,-1,162,193,163,-1,163,193,195,-1,163,195,161,-1,161,195,178,-1,161,178,151,-1,142,151,182,-1,182,151,178,-1,142,182,184,-1,142,184,157,-1,157,184,192,-1,157,192,158,-1,158,192,191,-1,158,191,164,-1,164,191,190,-1,164,190,165,-1,165,190,189,-1,165,189,166,-1,166,189,183,-1,166,183,156,-1,156,183,181,-1,156,181,140,-1,141,140,173,-1,173,140,181,-1,153,141,174,-1,174,141,173,-1,154,153,179,-1,179,153,174,-1,155,154,171,-1,171,154,179,-1,146,155,170,-1,170,155,171,-1,145,146,169,-1,169,146,170,-1,145,169,187,-1,145,187,168,-1,168,187,188,-1,168,188,167,-1,167,188,186,-1,167,186,147,-1,147,186,185,-1,147,185,148,-1,148,185,176,-1,148,176,149,-1,149,176,175,-1,149,175,143,-1,143,175,180,-1,143,180,144,-1,137,144,139,-1,139,144,180,-1,198,199,200,-1,200,199,201,-1,202,203,204,-1,204,203,205,-1,206,207,208,-1,208,207,209,-1,210,211,203,-1,203,211,212,-1,203,212,213,-1,213,212,214,-1,215,216,217,-1,210,203,218,-1,218,203,202,-1,218,202,219,-1,219,202,220,-1,219,220,207,-1,207,220,200,-1,207,200,209,-1,209,200,201,-1,209,201,221,-1,206,208,222,-1,222,208,223,-1,222,223,224,-1,221,225,209,-1,209,225,226,-1,209,226,227,-1,227,226,228,-1,227,228,229,-1,224,230,222,-1,222,230,231,-1,222,231,232,-1,215,217,233,-1,214,212,217,-1,217,212,234,-1,217,234,233,-1,235,236,237,-1,199,198,238,-1,238,198,239,-1,238,239,240,-1,241,242,243,-1,244,245,235,-1,240,239,246,-1,246,239,204,-1,246,204,237,-1,237,204,205,-1,237,205,235,-1,235,205,247,-1,235,247,244,-1,245,248,235,-1,235,248,249,-1,235,249,250,-1,250,249,251,-1,252,199,253,-1,253,199,238,-1,253,238,242,-1,242,238,254,-1,242,254,243,-1,243,255,256,-1,256,257,243,-1,243,257,258,-1,243,258,241,-1,259,260,261,-1,261,260,262,-1,261,262,253,-1,253,262,263,-1,253,263,252,-1,201,199,252,-1,201,252,221,-1,221,252,263,-1,221,263,225,-1,225,263,262,-1,225,262,226,-1,226,262,260,-1,226,260,228,-1,228,260,259,-1,228,259,229,-1,229,259,261,-1,229,261,227,-1,227,261,253,-1,227,253,209,-1,208,209,242,-1,242,209,253,-1,208,242,241,-1,208,241,223,-1,223,241,258,-1,223,258,224,-1,224,258,257,-1,224,257,230,-1,230,257,256,-1,230,256,231,-1,231,256,255,-1,231,255,232,-1,232,255,243,-1,232,243,222,-1,222,243,254,-1,222,254,206,-1,207,206,238,-1,238,206,254,-1,219,207,240,-1,240,207,238,-1,218,219,246,-1,246,219,240,-1,210,218,237,-1,237,218,246,-1,211,210,236,-1,236,210,237,-1,212,211,235,-1,235,211,236,-1,212,235,250,-1,212,250,234,-1,234,250,251,-1,234,251,233,-1,233,251,249,-1,233,249,215,-1,215,249,248,-1,215,248,216,-1,216,248,245,-1,216,245,217,-1,217,245,244,-1,217,244,214,-1,214,244,247,-1,214,247,213,-1,203,213,205,-1,205,213,247,-1,264,265,266,-1,266,265,267,-1,268,269,270,-1,270,269,271,-1,272,273,274,-1,274,273,275,-1,276,277,269,-1,269,277,278,-1,269,278,279,-1,279,278,280,-1,281,282,283,-1,276,269,284,-1,284,269,268,-1,284,268,285,-1,285,268,286,-1,285,286,273,-1,273,286,266,-1,273,266,275,-1,275,266,267,-1,275,267,287,-1,272,274,288,-1,288,274,289,-1,288,289,290,-1,287,291,275,-1,275,291,292,-1,275,292,293,-1,293,292,294,-1,293,294,295,-1,290,296,288,-1,288,296,297,-1,288,297,298,-1,281,283,299,-1,280,278,283,-1,283,278,300,-1,283,300,299,-1,301,302,303,-1,265,264,304,-1,304,264,305,-1,304,305,306,-1,307,308,309,-1,310,311,301,-1,306,305,312,-1,312,305,270,-1,312,270,303,-1,303,270,271,-1,303,271,301,-1,301,271,313,-1,301,313,310,-1,311,314,301,-1,301,314,315,-1,301,315,316,-1,316,315,317,-1,318,265,319,-1,319,265,304,-1,319,304,308,-1,308,304,320,-1,308,320,309,-1,309,321,322,-1,322,323,309,-1,309,323,324,-1,309,324,307,-1,325,326,327,-1,327,326,328,-1,327,328,319,-1,319,328,329,-1,319,329,318,-1,267,265,318,-1,267,318,287,-1,287,318,329,-1,287,329,291,-1,291,329,328,-1,291,328,292,-1,292,328,326,-1,292,326,294,-1,294,326,325,-1,294,325,295,-1,295,325,327,-1,295,327,293,-1,293,327,319,-1,293,319,275,-1,274,275,308,-1,308,275,319,-1,274,308,307,-1,274,307,289,-1,289,307,324,-1,289,324,290,-1,290,324,323,-1,290,323,296,-1,296,323,322,-1,296,322,297,-1,297,322,321,-1,297,321,298,-1,298,321,309,-1,298,309,288,-1,288,309,320,-1,288,320,272,-1,273,272,304,-1,304,272,320,-1,285,273,306,-1,306,273,304,-1,284,285,312,-1,312,285,306,-1,276,284,303,-1,303,284,312,-1,277,276,302,-1,302,276,303,-1,278,277,301,-1,301,277,302,-1,278,301,316,-1,278,316,300,-1,300,316,317,-1,300,317,299,-1,299,317,315,-1,299,315,281,-1,281,315,314,-1,281,314,282,-1,282,314,311,-1,282,311,283,-1,283,311,310,-1,283,310,280,-1,280,310,313,-1,280,313,279,-1,269,279,271,-1,271,279,313,-1,330,331,332,-1,332,331,333,-1,334,335,336,-1,336,335,337,-1,338,339,340,-1,340,339,341,-1,342,343,335,-1,335,343,344,-1,335,344,345,-1,345,344,346,-1,347,348,349,-1,342,335,350,-1,350,335,334,-1,350,334,351,-1,351,334,352,-1,351,352,339,-1,339,352,332,-1,339,332,341,-1,341,332,333,-1,341,333,353,-1,338,340,354,-1,354,340,355,-1,354,355,356,-1,353,357,341,-1,341,357,358,-1,341,358,359,-1,359,358,360,-1,359,360,361,-1,356,362,354,-1,354,362,363,-1,354,363,364,-1,347,349,365,-1,346,344,349,-1,349,344,366,-1,349,366,365,-1,367,368,369,-1,331,330,370,-1,370,330,371,-1,370,371,372,-1,373,374,375,-1,376,377,367,-1,372,371,378,-1,378,371,336,-1,378,336,369,-1,369,336,337,-1,369,337,367,-1,367,337,379,-1,367,379,376,-1,377,380,367,-1,367,380,381,-1,367,381,382,-1,382,381,383,-1,384,331,385,-1,385,331,370,-1,385,370,374,-1,374,370,386,-1,374,386,375,-1,375,387,388,-1,388,389,375,-1,375,389,390,-1,375,390,373,-1,391,392,393,-1,393,392,394,-1,393,394,385,-1,385,394,395,-1,385,395,384,-1,333,331,384,-1,333,384,353,-1,353,384,395,-1,353,395,357,-1,357,395,394,-1,357,394,358,-1,358,394,392,-1,358,392,360,-1,360,392,391,-1,360,391,361,-1,361,391,393,-1,361,393,359,-1,359,393,385,-1,359,385,341,-1,340,341,374,-1,374,341,385,-1,340,374,373,-1,340,373,355,-1,355,373,390,-1,355,390,356,-1,356,390,389,-1,356,389,362,-1,362,389,388,-1,362,388,363,-1,363,388,387,-1,363,387,364,-1,364,387,375,-1,364,375,354,-1,354,375,386,-1,354,386,338,-1,339,338,370,-1,370,338,386,-1,351,339,372,-1,372,339,370,-1,350,351,378,-1,378,351,372,-1,342,350,369,-1,369,350,378,-1,343,342,368,-1,368,342,369,-1,344,343,367,-1,367,343,368,-1,344,367,382,-1,344,382,366,-1,366,382,383,-1,366,383,365,-1,365,383,381,-1,365,381,347,-1,347,381,380,-1,347,380,348,-1,348,380,377,-1,348,377,349,-1,349,377,376,-1,349,376,346,-1,346,376,379,-1,346,379,345,-1,335,345,337,-1,337,345,379,-1,
        ]
    }
}