#VRML V2.0 utf8
# 3D model generated by easyeda2kicad.py (https://github.com/uPesy/easyeda2kicad.py)

Shape{
    appearance Appearance {
        material  Material 	{
            diffuseColor 1.0 1.0 1.0
            specularColor 0.8784313725490196 0.8784313725490196 0.8784313725490196
            ambientIntensity 1.0
            transparency 0.0
            shininess 0.5
        }
    }
    geometry IndexedFaceSet {
        ccw TRUE
        solid FALSE
        coord DEF co Coordinate {
            point [
                -0.965 0.7045 -0.0069, -0.965 0.1545 -0.0069, -0.965 0.7045 0.0531, -0.965 0.1545 0.0531, -0.805 0.7045 -0.0069, -0.805 0.7045 0.0531, -0.805 0.1545 -0.0069, -0.805 0.1545 0.0531, 0.805 0.7045 -0.0069, 0.805 0.1545 -0.0069, 0.805 0.7045 0.0531, 0.805 0.1545 0.0531, 0.965 0.7045 -0.0069, 0.965 0.7045 0.0531, 0.965 0.1545 -0.0069, 0.965 0.1545 0.0531, 0.215 0.7045 -0.0069, 0.215 0.1545 -0.0069, 0.215 0.7045 0.0531, 0.215 0.1545 0.0531, 0.375 0.7045 -0.0069, 0.375 0.7045 0.0531, 0.375 0.1545 -0.0069, 0.375 0.1545 0.0531
            ]
        }
        coordIndex [
            0,1,2,-1,2,1,3,-1,4,0,5,-1,5,0,2,-1,6,4,7,-1,7,4,5,-1,1,6,3,-1,3,6,7,-1,4,6,0,-1,0,6,1,-1,7,5,3,-1,3,5,2,-1,8,9,10,-1,10,9,11,-1,12,8,13,-1,13,8,10,-1,14,12,15,-1,15,12,13,-1,9,14,11,-1,11,14,15,-1,12,14,8,-1,8,14,9,-1,15,13,11,-1,11,13,10,-1,16,17,18,-1,18,17,19,-1,20,16,21,-1,21,16,18,-1,22,20,23,-1,23,20,21,-1,17,22,19,-1,19,22,23,-1,20,22,16,-1,16,22,17,-1,23,21,19,-1,19,21,18,-1,
        ]
    }
}
Shape{
    appearance Appearance {
        material  Material 	{
            diffuseColor 0.5254901960784314 0.5254901960784314 0.5254901960784314
            specularColor 0.2627450980392157 0.2627450980392157 0.2627450980392157
            ambientIntensity 0.5255
            transparency 0.0
            shininess 0.5
        }
    }
    geometry IndexedFaceSet {
        ccw TRUE
        solid FALSE
        coord DEF co Coordinate {
            point [
                -0.435 -0.1555 0.0031, -0.4362 -0.1745 0.0031, -0.4356 -0.169 -0.1468, -0.4397 -0.1933 0.0031, -0.4373 -0.1824 -0.1468, -0.4363 -0.1745 -0.1468, -0.4455 -0.2114 -0.1468, -0.4443 -0.2085 -0.1468, -0.4454 -0.2115 0.0031, -0.4403 -0.1956 -0.1468, -0.4397 -0.1933 -0.1468, -0.4495 -0.221 -0.1468, -0.4534 -0.2288 0.0031, -0.4535 -0.2287 -0.1468, -0.4557 -0.233 -0.1468, -0.4635 -0.245 0.0031, -0.463 -0.2444 -0.1468, -0.4754 -0.2599 0.0031, -0.4712 -0.2551 -0.1468, -0.4635 -0.245 -0.1468, -0.4891 -0.2732 0.0031, -0.4804 -0.2651 -0.1468, -0.4755 -0.2598 -0.1468, -0.5044 -0.2846 -0.1468, -0.5011 -0.2824 -0.1468, -0.5044 -0.2847 0.0031, -0.4903 -0.2742 -0.1468, -0.4892 -0.2731 -0.1468, -0.5125 -0.2897 -0.1468, -0.5209 -0.2942 0.0031, -0.5209 -0.2941 -0.1468, -0.5245 -0.296 -0.1468, -0.5385 -0.3017 0.0031, -0.537 -0.3011 -0.1468, -0.5568 -0.3069 0.0031, -0.5499 -0.3052 -0.1468, -0.5385 -0.3016 -0.1468, -0.5757 -0.3098 0.0031, -0.5631 -0.3081 -0.1468, -0.5569 -0.3067 -0.1468, -0.5947 -0.3103 -0.1468, -0.59 -0.3105 -0.1468, -0.5948 -0.3104 0.0031, -0.5765 -0.3099 -0.1468, -0.5757 -0.3098 -0.1468, -0.6035 -0.3099 -0.1468, -0.6138 -0.3086 0.0031, -0.6137 -0.3085 -0.1468, -0.6169 -0.3081 -0.1468, -0.6324 -0.3046 0.0031, -0.6301 -0.3052 -0.1468, -0.6504 -0.2982 0.0031, -0.643 -0.3011 -0.1468, -0.6324 -0.3045 -0.1468, -0.6675 -0.2897 0.0031, -0.6555 -0.296 -0.1468, -0.6503 -0.2981 -0.1468, -0.6834 -0.2792 0.0031, -0.6789 -0.2824 -0.1468, -0.6675 -0.2897 -0.1468, -0.6979 -0.2668 0.0031, -0.6896 -0.2742 -0.1468, -0.6833 -0.2791 -0.1468, -0.7107 -0.2526 -0.1468, -0.7087 -0.2551 -0.1468, -0.7107 -0.2527 0.0031, -0.6996 -0.2651 -0.1468, -0.6978 -0.2667 -0.1468, -0.7169 -0.2444 -0.1468, -0.7218 -0.2371 0.0031, -0.7217 -0.237 -0.1468, -0.7242 -0.233 -0.1468, -0.7308 -0.2203 0.0031, -0.7305 -0.221 -0.1468, -0.7377 -0.2025 0.0031, -0.7356 -0.2085 -0.1468, -0.7308 -0.2203 -0.1468, -0.7423 -0.184 0.0031, -0.7397 -0.1956 -0.1468, -0.7375 -0.2024 -0.1468, -0.7446 -0.165 -0.1468, -0.7444 -0.169 -0.1468, -0.7447 -0.165 0.0031, -0.7426 -0.1824 -0.1468, -0.7423 -0.1839 -0.1468, -0.745 -0.1555 -0.1468, -0.7447 -0.1459 0.0031, -0.7446 -0.1459 -0.1468, -0.7444 -0.142 -0.1468, -0.7423 -0.127 0.0031, -0.7426 -0.1286 -0.1468, -0.7377 -0.1085 0.0031, -0.7397 -0.1154 -0.1468, -0.7423 -0.127 -0.1468, -0.7308 -0.0907 0.0031, -0.7356 -0.1025 -0.1468, -0.7375 -0.1085 -0.1468, -0.7217 -0.074 -0.1468, -0.7242 -0.078 -0.1468, -0.7218 -0.0739 0.0031, -0.7305 -0.09 -0.1468, -0.7308 -0.0907 -0.1468, -0.7169 -0.0666 -0.1468, -0.7107 -0.0583 0.0031, -0.7107 -0.0584 -0.1468, -0.7087 -0.0558 -0.1468, -0.6979 -0.0442 0.0031, -0.6996 -0.0459 -0.1468, -0.6834 -0.0318 0.0031, -0.6896 -0.0367 -0.1468, -0.6978 -0.0443 -0.1468, -0.6675 -0.0212 0.0031, -0.6789 -0.0285 -0.1468, -0.6833 -0.0319 -0.1468, -0.6504 -0.0127 0.0031, -0.6555 -0.015 -0.1468, -0.6675 -0.0212 -0.1468, -0.6324 -0.0064 0.0031, -0.643 -0.0098 -0.1468, -0.6503 -0.0129 -0.1468, -0.6137 -0.0024 -0.1468, -0.6169 -0.0028 -0.1468, -0.6138 -0.0023 0.0031, -0.6301 -0.0058 -0.1468, -0.6324 -0.0065 -0.1468, -0.6035 -0.0011 -0.1468, -0.5948 -0.0006 0.0031, -0.5947 -0.0007 -0.1468, -0.59 -0.0005 -0.1468, -0.5757 -0.0011 0.0031, -0.5765 -0.0011 -0.1468, -0.5568 -0.0041 0.0031, -0.5631 -0.0028 -0.1468, -0.5757 -0.0012 -0.1468, -0.5385 -0.0093 0.0031, -0.5499 -0.0058 -0.1468, -0.5569 -0.0042 -0.1468, -0.5209 -0.0168 -0.1468, -0.5245 -0.015 -0.1468, -0.5209 -0.0167 0.0031, -0.537 -0.0098 -0.1468, -0.5385 -0.0093 -0.1468, -0.5125 -0.0212 -0.1468, -0.5044 -0.0263 0.0031, -0.5044 -0.0264 -0.1468, -0.5011 -0.0285 -0.1468, -0.4891 -0.0378 0.0031, -0.4903 -0.0367 -0.1468, -0.4754 -0.0511 0.0031, -0.4804 -0.0459 -0.1468, -0.4892 -0.0378 -0.1468, -0.4635 -0.0659 0.0031, -0.4712 -0.0558 -0.1468, -0.4755 -0.0512 -0.1468, -0.4535 -0.0822 -0.1468, -0.4557 -0.078 -0.1468, -0.4534 -0.0822 0.0031, -0.463 -0.0666 -0.1468, -0.4635 -0.0659 -0.1468, -0.4495 -0.09 -0.1468, -0.4454 -0.0995 0.0031, -0.4455 -0.0995 -0.1468, -0.4443 -0.1025 -0.1468, -0.4397 -0.1177 0.0031, -0.4403 -0.1154 -0.1468, -0.4362 -0.1364 0.0031, -0.4373 -0.1286 -0.1468, -0.4397 -0.1177 -0.1468, -0.435 -0.1555 -0.1468, -0.4356 -0.142 -0.1468, -0.4363 -0.1365 -0.1468, -0.4866 -0.1372 -0.1968, -0.4854 -0.1463 -0.1968, -0.59 -0.1555 -0.1968, -0.485 -0.1555 -0.1968, -0.4854 -0.1646 -0.1968, -0.4948 -0.1111 -0.1968, -0.4913 -0.1196 -0.1968, -0.4886 -0.1283 -0.1968, -0.5095 -0.088 -0.1968, -0.504 -0.0953 -0.1968, -0.499 -0.103 -0.1968, -0.5298 -0.0695 -0.1968, -0.5225 -0.075 -0.1968, -0.5157 -0.0812 -0.1968, -0.5541 -0.0568 -0.1968, -0.5456 -0.0603 -0.1968, -0.5375 -0.0645 -0.1968, -0.5808 -0.0509 -0.1968, -0.5717 -0.0521 -0.1968, -0.5628 -0.0541 -0.1968, -0.6082 -0.0521 -0.1968, -0.5991 -0.0509 -0.1968, -0.59 -0.0505 -0.1968, -0.6344 -0.0603 -0.1968, -0.6259 -0.0568 -0.1968, -0.6172 -0.0541 -0.1968, -0.6575 -0.075 -0.1968, -0.6502 -0.0695 -0.1968, -0.6425 -0.0645 -0.1968, -0.676 -0.0953 -0.1968, -0.6704 -0.088 -0.1968, -0.6642 -0.0812 -0.1968, -0.6886 -0.1196 -0.1968, -0.6851 -0.1111 -0.1968, -0.6809 -0.103 -0.1968, -0.6946 -0.1463 -0.1968, -0.6934 -0.1372 -0.1968, -0.6914 -0.1283 -0.1968, -0.6934 -0.1737 -0.1968, -0.6946 -0.1646 -0.1968, -0.695 -0.1555 -0.1968, -0.6851 -0.1999 -0.1968, -0.6886 -0.1914 -0.1968, -0.6914 -0.1827 -0.1968, -0.6704 -0.223 -0.1968, -0.676 -0.2157 -0.1968, -0.6809 -0.208 -0.1968, -0.6502 -0.2415 -0.1968, -0.6575 -0.2359 -0.1968, -0.6642 -0.2297 -0.1968, -0.6259 -0.2541 -0.1968, -0.6344 -0.2506 -0.1968, -0.6425 -0.2464 -0.1968, -0.5991 -0.2601 -0.1968, -0.6082 -0.2589 -0.1968, -0.6172 -0.2569 -0.1968, -0.5717 -0.2589 -0.1968, -0.5808 -0.2601 -0.1968, -0.59 -0.2605 -0.1968, -0.5456 -0.2506 -0.1968, -0.5541 -0.2541 -0.1968, -0.5628 -0.2569 -0.1968, -0.5225 -0.2359 -0.1968, -0.5298 -0.2415 -0.1968, -0.5375 -0.2464 -0.1968, -0.504 -0.2157 -0.1968, -0.5095 -0.223 -0.1968, -0.5157 -0.2297 -0.1968, -0.4913 -0.1914 -0.1968, -0.4948 -0.1999 -0.1968, -0.499 -0.208 -0.1968, -0.4866 -0.1737 -0.1968, -0.4886 -0.1827 -0.1968, -0.59 -0.1555 0.0031, -0.4408 -0.1955 -0.154, -0.4378 -0.1823 -0.154, -0.4448 -0.2083 -0.154, -0.45 -0.2208 -0.154, -0.4562 -0.2327 -0.154, -0.4634 -0.2441 -0.154, -0.4716 -0.2548 -0.154, -0.4807 -0.2647 -0.154, -0.4907 -0.2738 -0.154, -0.5014 -0.282 -0.154, -0.5127 -0.2893 -0.154, -0.5247 -0.2955 -0.154, -0.5371 -0.3007 -0.154, -0.55 -0.3047 -0.154, -0.5632 -0.3076 -0.154, -0.5765 -0.3094 -0.154, -0.59 -0.31 -0.154, -0.6034 -0.3094 -0.154, -0.6168 -0.3076 -0.154, -0.63 -0.3047 -0.154, -0.6428 -0.3007 -0.154, -0.6553 -0.2955 -0.154, -0.6672 -0.2893 -0.154, -0.6786 -0.282 -0.154, -0.6893 -0.2738 -0.154, -0.6992 -0.2647 -0.154, -0.7083 -0.2548 -0.154, -0.7165 -0.2441 -0.154, -0.7238 -0.2327 -0.154, -0.73 -0.2208 -0.154, -0.7352 -0.2083 -0.154, -0.7392 -0.1955 -0.154, -0.7421 -0.1823 -0.154, -0.7439 -0.1689 -0.154, -0.7445 -0.1555 -0.154, -0.7439 -0.142 -0.154, -0.7421 -0.1287 -0.154, -0.7392 -0.1155 -0.154, -0.7352 -0.1026 -0.154, -0.73 -0.0902 -0.154, -0.7238 -0.0782 -0.154, -0.7165 -0.0669 -0.154, -0.7083 -0.0562 -0.154, -0.6992 -0.0462 -0.154, -0.6893 -0.0371 -0.154, -0.6786 -0.0289 -0.154, -0.6672 -0.0217 -0.154, -0.6553 -0.0155 -0.154, -0.6428 -0.0103 -0.154, -0.63 -0.0063 -0.154, -0.6168 -0.0033 -0.154, -0.6034 -0.0016 -0.154, -0.59 -0.001 -0.154, -0.5765 -0.0016 -0.154, -0.5632 -0.0033 -0.154, -0.55 -0.0063 -0.154, -0.5371 -0.0103 -0.154, -0.5247 -0.0155 -0.154, -0.5127 -0.0217 -0.154, -0.5014 -0.0289 -0.154, -0.4907 -0.0371 -0.154, -0.4807 -0.0462 -0.154, -0.4716 -0.0562 -0.154, -0.4634 -0.0669 -0.154, -0.4562 -0.0782 -0.154, -0.45 -0.0902 -0.154, -0.4448 -0.1026 -0.154, -0.4408 -0.1155 -0.154, -0.4378 -0.1287 -0.154, -0.4361 -0.142 -0.154, -0.4355 -0.1555 -0.154, -0.4361 -0.1689 -0.154, -0.4376 -0.1421 -0.1609, -0.4393 -0.1289 -0.1609, -0.4422 -0.1159 -0.1609, -0.4462 -0.1032 -0.1609, -0.4513 -0.0908 -0.1609, -0.4575 -0.079 -0.1609, -0.4647 -0.0677 -0.1609, -0.4728 -0.0571 -0.1609, -0.4818 -0.0473 -0.1609, -0.4916 -0.0383 -0.1609, -0.5022 -0.0302 -0.1609, -0.5135 -0.023 -0.1609, -0.5253 -0.0168 -0.1609, -0.5377 -0.0117 -0.1609, -0.5504 -0.0077 -0.1609, -0.5634 -0.0048 -0.1609, -0.5766 -0.0031 -0.1609, -0.59 -0.0025 -0.1609, -0.6033 -0.0031 -0.1609, -0.6165 -0.0048 -0.1609, -0.6296 -0.0077 -0.1609, -0.6423 -0.0117 -0.1609, -0.6546 -0.0168 -0.1609, -0.6665 -0.023 -0.1609, -0.6777 -0.0302 -0.1609, -0.6883 -0.0383 -0.1609, -0.6981 -0.0473 -0.1609, -0.7072 -0.0571 -0.1609, -0.7153 -0.0677 -0.1609, -0.7225 -0.079 -0.1609, -0.7286 -0.0908 -0.1609, -0.7337 -0.1032 -0.1609, -0.7377 -0.1159 -0.1609, -0.7406 -0.1289 -0.1609, -0.7424 -0.1421 -0.1609, -0.743 -0.1555 -0.1609, -0.7424 -0.1688 -0.1609, -0.7406 -0.182 -0.1609, -0.7377 -0.1951 -0.1609, -0.7337 -0.2078 -0.1609, -0.7286 -0.2201 -0.1609, -0.7225 -0.232 -0.1609, -0.7153 -0.2432 -0.1609, -0.7072 -0.2538 -0.1609, -0.6981 -0.2636 -0.1609, -0.6883 -0.2727 -0.1609, -0.6777 -0.2808 -0.1609, -0.6665 -0.288 -0.1609, -0.6546 -0.2941 -0.1609, -0.6423 -0.2992 -0.1609, -0.6296 -0.3032 -0.1609, -0.6165 -0.3061 -0.1609, -0.6033 -0.3079 -0.1609, -0.59 -0.3085 -0.1609, -0.5766 -0.3079 -0.1609, -0.5634 -0.3061 -0.1609, -0.5504 -0.3032 -0.1609, -0.5377 -0.2992 -0.1609, -0.5253 -0.2941 -0.1609, -0.5135 -0.288 -0.1609, -0.5022 -0.2808 -0.1609, -0.4916 -0.2727 -0.1609, -0.4818 -0.2636 -0.1609, -0.4728 -0.2538 -0.1609, -0.4647 -0.2432 -0.1609, -0.4575 -0.232 -0.1609, -0.4513 -0.2201 -0.1609, -0.4462 -0.2078 -0.1609, -0.4422 -0.1951 -0.1609, -0.4393 -0.182 -0.1609, -0.4376 -0.1688 -0.1609, -0.437 -0.1555 -0.1609, -0.4401 -0.1424 -0.1676, -0.4418 -0.1293 -0.1676, -0.4446 -0.1165 -0.1676, -0.4486 -0.104 -0.1676, -0.4536 -0.0919 -0.1676, -0.4597 -0.0802 -0.1676, -0.4667 -0.0692 -0.1676, -0.4747 -0.0588 -0.1676, -0.4836 -0.0491 -0.1676, -0.4933 -0.0402 -0.1676, -0.5037 -0.0322 -0.1676, -0.5147 -0.0252 -0.1676, -0.5264 -0.0191 -0.1676, -0.5385 -0.0141 -0.1676, -0.551 -0.0101 -0.1676, -0.5638 -0.0073 -0.1676, -0.5769 -0.0056 -0.1676, -0.59 -0.005 -0.1676, -0.6031 -0.0056 -0.1676, -0.6161 -0.0073 -0.1676, -0.6289 -0.0101 -0.1676, -0.6414 -0.0141 -0.1676, -0.6536 -0.0191 -0.1676, -0.6652 -0.0252 -0.1676, -0.6763 -0.0322 -0.1676, -0.6867 -0.0402 -0.1676, -0.6964 -0.0491 -0.1676, -0.7053 -0.0588 -0.1676, -0.7132 -0.0692 -0.1676, -0.7203 -0.0802 -0.1676, -0.7264 -0.0919 -0.1676, -0.7314 -0.104 -0.1676, -0.7353 -0.1165 -0.1676, -0.7382 -0.1293 -0.1676, -0.7399 -0.1424 -0.1676, -0.7405 -0.1555 -0.1676, -0.7399 -0.1686 -0.1676, -0.7382 -0.1816 -0.1676, -0.7353 -0.1944 -0.1676, -0.7314 -0.2069 -0.1676, -0.7264 -0.2191 -0.1676, -0.7203 -0.2307 -0.1676, -0.7132 -0.2418 -0.1676, -0.7053 -0.2522 -0.1676, -0.6964 -0.2619 -0.1676, -0.6867 -0.2708 -0.1676, -0.6763 -0.2787 -0.1676, -0.6652 -0.2858 -0.1676, -0.6536 -0.2919 -0.1676, -0.6414 -0.2969 -0.1676, -0.6289 -0.3008 -0.1676, -0.6161 -0.3037 -0.1676, -0.6031 -0.3054 -0.1676, -0.59 -0.306 -0.1676, -0.5769 -0.3054 -0.1676, -0.5638 -0.3037 -0.1676, -0.551 -0.3008 -0.1676, -0.5385 -0.2969 -0.1676, -0.5264 -0.2919 -0.1676, -0.5147 -0.2858 -0.1676, -0.5037 -0.2787 -0.1676, -0.4933 -0.2708 -0.1676, -0.4836 -0.2619 -0.1676, -0.4747 -0.2522 -0.1676, -0.4667 -0.2418 -0.1676, -0.4597 -0.2307 -0.1676, -0.4536 -0.2191 -0.1676, -0.4486 -0.2069 -0.1676, -0.4446 -0.1944 -0.1676, -0.4418 -0.1816 -0.1676, -0.4401 -0.1686 -0.1676, -0.4395 -0.1555 -0.1676, -0.4435 -0.1427 -0.1739, -0.4452 -0.1299 -0.1739, -0.4479 -0.1174 -0.1739, -0.4518 -0.1052 -0.1739, -0.4567 -0.0933 -0.1739, -0.4626 -0.0819 -0.1739, -0.4695 -0.0711 -0.1739, -0.4773 -0.061 -0.1739, -0.486 -0.0515 -0.1739, -0.4955 -0.0428 -0.1739, -0.5056 -0.035 -0.1739, -0.5164 -0.0281 -0.1739, -0.5278 -0.0222 -0.1739, -0.5397 -0.0173 -0.1739, -0.5519 -0.0134 -0.1739, -0.5644 -0.0107 -0.1739, -0.5772 -0.009 -0.1739, -0.59 -0.0084 -0.1739, -0.6028 -0.009 -0.1739, -0.6155 -0.0107 -0.1739, -0.628 -0.0134 -0.1739, -0.6403 -0.0173 -0.1739, -0.6521 -0.0222 -0.1739, -0.6635 -0.0281 -0.1739, -0.6743 -0.035 -0.1739, -0.6845 -0.0428 -0.1739, -0.694 -0.0515 -0.1739, -0.7026 -0.061 -0.1739, -0.7104 -0.0711 -0.1739, -0.7173 -0.0819 -0.1739, -0.7233 -0.0933 -0.1739, -0.7282 -0.1052 -0.1739, -0.732 -0.1174 -0.1739, -0.7348 -0.1299 -0.1739, -0.7365 -0.1427 -0.1739, -0.737 -0.1555 -0.1739, -0.7365 -0.1683 -0.1739, -0.7348 -0.181 -0.1739, -0.732 -0.1935 -0.1739, -0.7282 -0.2058 -0.1739, -0.7233 -0.2176 -0.1739, -0.7173 -0.229 -0.1739, -0.7104 -0.2398 -0.1739, -0.7026 -0.25 -0.1739, -0.694 -0.2595 -0.1739, -0.6845 -0.2681 -0.1739, -0.6743 -0.2759 -0.1739, -0.6635 -0.2828 -0.1739, -0.6521 -0.2888 -0.1739, -0.6403 -0.2937 -0.1739, -0.628 -0.2975 -0.1739, -0.6155 -0.3003 -0.1739, -0.6028 -0.302 -0.1739, -0.59 -0.3025 -0.1739, -0.5772 -0.302 -0.1739, -0.5644 -0.3003 -0.1739, -0.5519 -0.2975 -0.1739, -0.5397 -0.2937 -0.1739, -0.5278 -0.2888 -0.1739, -0.5164 -0.2828 -0.1739, -0.5056 -0.2759 -0.1739, -0.4955 -0.2681 -0.1739, -0.486 -0.2595 -0.1739, -0.4773 -0.25 -0.1739, -0.4695 -0.2398 -0.1739, -0.4626 -0.229 -0.1739, -0.4567 -0.2176 -0.1739, -0.4518 -0.2058 -0.1739, -0.4479 -0.1935 -0.1739, -0.4452 -0.181 -0.1739, -0.4435 -0.1683 -0.1739, -0.4429 -0.1555 -0.1739, -0.4477 -0.143 -0.1796, -0.4494 -0.1307 -0.1796, -0.4521 -0.1185 -0.1796, -0.4558 -0.1066 -0.1796, -0.4606 -0.0951 -0.1796, -0.4663 -0.0841 -0.1796, -0.473 -0.0736 -0.1796, -0.4806 -0.0637 -0.1796, -0.489 -0.0545 -0.1796, -0.4982 -0.0461 -0.1796, -0.5081 -0.0385 -0.1796, -0.5186 -0.0318 -0.1796, -0.5296 -0.0261 -0.1796, -0.5411 -0.0213 -0.1796, -0.553 -0.0176 -0.1796, -0.5652 -0.0149 -0.1796, -0.5775 -0.0132 -0.1796, -0.59 -0.0127 -0.1796, -0.6024 -0.0132 -0.1796, -0.6148 -0.0149 -0.1796, -0.6269 -0.0176 -0.1796, -0.6388 -0.0213 -0.1796, -0.6503 -0.0261 -0.1796, -0.6614 -0.0318 -0.1796, -0.6719 -0.0385 -0.1796, -0.6818 -0.0461 -0.1796, -0.6909 -0.0545 -0.1796, -0.6994 -0.0637 -0.1796, -0.7069 -0.0736 -0.1796, -0.7136 -0.0841 -0.1796, -0.7194 -0.0951 -0.1796, -0.7242 -0.1066 -0.1796, -0.7279 -0.1185 -0.1796, -0.7306 -0.1307 -0.1796, -0.7322 -0.143 -0.1796, -0.7328 -0.1555 -0.1796, -0.7322 -0.1679 -0.1796, -0.7306 -0.1803 -0.1796, -0.7279 -0.1924 -0.1796, -0.7242 -0.2043 -0.1796, -0.7194 -0.2158 -0.1796, -0.7136 -0.2269 -0.1796, -0.7069 -0.2374 -0.1796, -0.6994 -0.2473 -0.1796, -0.6909 -0.2564 -0.1796, -0.6818 -0.2649 -0.1796, -0.6719 -0.2724 -0.1796, -0.6614 -0.2791 -0.1796, -0.6503 -0.2849 -0.1796, -0.6388 -0.2897 -0.1796, -0.6269 -0.2934 -0.1796, -0.6148 -0.2961 -0.1796, -0.6024 -0.2977 -0.1796, -0.59 -0.2983 -0.1796, -0.5775 -0.2977 -0.1796, -0.5652 -0.2961 -0.1796, -0.553 -0.2934 -0.1796, -0.5411 -0.2897 -0.1796, -0.5296 -0.2849 -0.1796, -0.5186 -0.2791 -0.1796, -0.5081 -0.2724 -0.1796, -0.4982 -0.2649 -0.1796, -0.489 -0.2564 -0.1796, -0.4806 -0.2473 -0.1796, -0.473 -0.2374 -0.1796, -0.4663 -0.2269 -0.1796, -0.4606 -0.2158 -0.1796, -0.4558 -0.2043 -0.1796, -0.4521 -0.1924 -0.1796, -0.4494 -0.1803 -0.1796, -0.4477 -0.1679 -0.1796, -0.4472 -0.1555 -0.1796, -0.4528 -0.1435 -0.1846, -0.4543 -0.1316 -0.1846, -0.4569 -0.1198 -0.1846, -0.4605 -0.1084 -0.1846, -0.4651 -0.0973 -0.1846, -0.4707 -0.0866 -0.1846, -0.4771 -0.0765 -0.1846, -0.4845 -0.0669 -0.1846, -0.4926 -0.0581 -0.1846, -0.5014 -0.05 -0.1846, -0.511 -0.0426 -0.1846, -0.5211 -0.0362 -0.1846, -0.5318 -0.0306 -0.1846, -0.5429 -0.026 -0.1846, -0.5543 -0.0224 -0.1846, -0.5661 -0.0198 -0.1846, -0.578 -0.0183 -0.1846, -0.59 -0.0177 -0.1846, -0.602 -0.0183 -0.1846, -0.6139 -0.0198 -0.1846, -0.6256 -0.0224 -0.1846, -0.6371 -0.026 -0.1846, -0.6482 -0.0306 -0.1846, -0.6589 -0.0362 -0.1846, -0.669 -0.0426 -0.1846, -0.6785 -0.05 -0.1846, -0.6874 -0.0581 -0.1846, -0.6955 -0.0669 -0.1846, -0.7028 -0.0765 -0.1846, -0.7093 -0.0866 -0.1846, -0.7148 -0.0973 -0.1846, -0.7194 -0.1084 -0.1846, -0.723 -0.1198 -0.1846, -0.7256 -0.1316 -0.1846, -0.7272 -0.1435 -0.1846, -0.7277 -0.1555 -0.1846, -0.7272 -0.1675 -0.1846, -0.7256 -0.1794 -0.1846, -0.723 -0.1911 -0.1846, -0.7194 -0.2026 -0.1846, -0.7148 -0.2137 -0.1846, -0.7093 -0.2244 -0.1846, -0.7028 -0.2345 -0.1846, -0.6955 -0.244 -0.1846, -0.6874 -0.2529 -0.1846, -0.6785 -0.261 -0.1846, -0.669 -0.2683 -0.1846, -0.6589 -0.2748 -0.1846, -0.6482 -0.2803 -0.1846, -0.6371 -0.2849 -0.1846, -0.6256 -0.2885 -0.1846, -0.6139 -0.2911 -0.1846, -0.602 -0.2927 -0.1846, -0.59 -0.2932 -0.1846, -0.578 -0.2927 -0.1846, -0.5661 -0.2911 -0.1846, -0.5543 -0.2885 -0.1846, -0.5429 -0.2849 -0.1846, -0.5318 -0.2803 -0.1846, -0.5211 -0.2748 -0.1846, -0.511 -0.2683 -0.1846, -0.5014 -0.261 -0.1846, -0.4926 -0.2529 -0.1846, -0.4845 -0.244 -0.1846, -0.4771 -0.2345 -0.1846, -0.4707 -0.2244 -0.1846, -0.4651 -0.2137 -0.1846, -0.4605 -0.2026 -0.1846, -0.4569 -0.1911 -0.1846, -0.4543 -0.1794 -0.1846, -0.4528 -0.1675 -0.1846, -0.4522 -0.1555 -0.1846, -0.4585 -0.144 -0.1889, -0.46 -0.1326 -0.1889, -0.4624 -0.1213 -0.1889, -0.4659 -0.1103 -0.1889, -0.4703 -0.0997 -0.1889, -0.4756 -0.0895 -0.1889, -0.4818 -0.0797 -0.1889, -0.4888 -0.0706 -0.1889, -0.4966 -0.0621 -0.1889, -0.5051 -0.0543 -0.1889, -0.5142 -0.0473 -0.1889, -0.524 -0.0411 -0.1889, -0.5342 -0.0358 -0.1889, -0.5448 -0.0314 -0.1889, -0.5558 -0.0279 -0.1889, -0.5671 -0.0255 -0.1889, -0.5785 -0.024 -0.1889, -0.59 -0.0234 -0.1889, -0.6015 -0.024 -0.1889, -0.6129 -0.0255 -0.1889, -0.6242 -0.0279 -0.1889, -0.6351 -0.0314 -0.1889, -0.6458 -0.0358 -0.1889, -0.656 -0.0411 -0.1889, -0.6657 -0.0473 -0.1889, -0.6748 -0.0543 -0.1889, -0.6833 -0.0621 -0.1889, -0.6911 -0.0706 -0.1889, -0.6981 -0.0797 -0.1889, -0.7043 -0.0895 -0.1889, -0.7096 -0.0997 -0.1889, -0.714 -0.1103 -0.1889, -0.7175 -0.1213 -0.1889, -0.72 -0.1326 -0.1889, -0.7215 -0.144 -0.1889, -0.722 -0.1555 -0.1889, -0.7215 -0.167 -0.1889, -0.72 -0.1784 -0.1889, -0.7175 -0.1897 -0.1889, -0.714 -0.2006 -0.1889, -0.7096 -0.2113 -0.1889, -0.7043 -0.2215 -0.1889, -0.6981 -0.2312 -0.1889, -0.6911 -0.2403 -0.1889, -0.6833 -0.2488 -0.1889, -0.6748 -0.2566 -0.1889, -0.6657 -0.2636 -0.1889, -0.656 -0.2698 -0.1889, -0.6458 -0.2751 -0.1889, -0.6351 -0.2795 -0.1889, -0.6242 -0.283 -0.1889, -0.6129 -0.2855 -0.1889, -0.6015 -0.287 -0.1889, -0.59 -0.2875 -0.1889, -0.5785 -0.287 -0.1889, -0.5671 -0.2855 -0.1889, -0.5558 -0.283 -0.1889, -0.5448 -0.2795 -0.1889, -0.5342 -0.2751 -0.1889, -0.524 -0.2698 -0.1889, -0.5142 -0.2636 -0.1889, -0.5051 -0.2566 -0.1889, -0.4966 -0.2488 -0.1889, -0.4888 -0.2403 -0.1889, -0.4818 -0.2312 -0.1889, -0.4756 -0.2215 -0.1889, -0.4703 -0.2113 -0.1889, -0.4659 -0.2006 -0.1889, -0.4624 -0.1897 -0.1889, -0.46 -0.1784 -0.1889, -0.4585 -0.167 -0.1889, -0.4579 -0.1555 -0.1889, -0.4647 -0.1445 -0.1923, -0.4661 -0.1336 -0.1923, -0.4685 -0.1229 -0.1923, -0.4718 -0.1125 -0.1923, -0.476 -0.1023 -0.1923, -0.4811 -0.0926 -0.1923, -0.487 -0.0833 -0.1923, -0.4936 -0.0746 -0.1923, -0.501 -0.0665 -0.1923, -0.5091 -0.0591 -0.1923, -0.5178 -0.0525 -0.1923, -0.5271 -0.0466 -0.1923, -0.5368 -0.0415 -0.1923, -0.547 -0.0373 -0.1923, -0.5574 -0.034 -0.1923, -0.5681 -0.0316 -0.1923, -0.579 -0.0302 -0.1923, -0.59 -0.0297 -0.1923, -0.6009 -0.0302 -0.1923, -0.6118 -0.0316 -0.1923, -0.6225 -0.034 -0.1923, -0.633 -0.0373 -0.1923, -0.6431 -0.0415 -0.1923, -0.6529 -0.0466 -0.1923, -0.6621 -0.0525 -0.1923, -0.6708 -0.0591 -0.1923, -0.6789 -0.0665 -0.1923, -0.6863 -0.0746 -0.1923, -0.693 -0.0833 -0.1923, -0.6989 -0.0926 -0.1923, -0.704 -0.1023 -0.1923, -0.7082 -0.1125 -0.1923, -0.7115 -0.1229 -0.1923, -0.7138 -0.1336 -0.1923, -0.7153 -0.1445 -0.1923, -0.7158 -0.1555 -0.1923, -0.7153 -0.1664 -0.1923, -0.7138 -0.1773 -0.1923, -0.7115 -0.188 -0.1923, -0.7082 -0.1985 -0.1923, -0.704 -0.2086 -0.1923, -0.6989 -0.2184 -0.1923, -0.693 -0.2276 -0.1923, -0.6863 -0.2363 -0.1923, -0.6789 -0.2444 -0.1923, -0.6708 -0.2518 -0.1923, -0.6621 -0.2585 -0.1923, -0.6529 -0.2644 -0.1923, -0.6431 -0.2695 -0.1923, -0.633 -0.2737 -0.1923, -0.6225 -0.277 -0.1923, -0.6118 -0.2793 -0.1923, -0.6009 -0.2808 -0.1923, -0.59 -0.2813 -0.1923, -0.579 -0.2808 -0.1923, -0.5681 -0.2793 -0.1923, -0.5574 -0.277 -0.1923, -0.547 -0.2737 -0.1923, -0.5368 -0.2695 -0.1923, -0.5271 -0.2644 -0.1923, -0.5178 -0.2585 -0.1923, -0.5091 -0.2518 -0.1923, -0.501 -0.2444 -0.1923, -0.4936 -0.2363 -0.1923, -0.487 -0.2276 -0.1923, -0.4811 -0.2184 -0.1923, -0.476 -0.2086 -0.1923, -0.4718 -0.1985 -0.1923, -0.4685 -0.188 -0.1923, -0.4661 -0.1773 -0.1923, -0.4647 -0.1664 -0.1923, -0.4642 -0.1555 -0.1923, -0.4713 -0.1451 -0.1948, -0.4727 -0.1348 -0.1948, -0.475 -0.1247 -0.1948, -0.4781 -0.1148 -0.1948, -0.4821 -0.1052 -0.1948, -0.4868 -0.0959 -0.1948, -0.4924 -0.0872 -0.1948, -0.4988 -0.0789 -0.1948, -0.5058 -0.0713 -0.1948, -0.5134 -0.0643 -0.1948, -0.5217 -0.0579 -0.1948, -0.5304 -0.0523 -0.1948, -0.5397 -0.0476 -0.1948, -0.5493 -0.0436 -0.1948, -0.5592 -0.0405 -0.1948, -0.5693 -0.0382 -0.1948, -0.5796 -0.0368 -0.1948, -0.59 -0.0364 -0.1948, -0.6004 -0.0368 -0.1948, -0.6107 -0.0382 -0.1948, -0.6208 -0.0405 -0.1948, -0.6307 -0.0436 -0.1948, -0.6403 -0.0476 -0.1948, -0.6495 -0.0523 -0.1948, -0.6583 -0.0579 -0.1948, -0.6665 -0.0643 -0.1948, -0.6742 -0.0713 -0.1948, -0.6812 -0.0789 -0.1948, -0.6875 -0.0872 -0.1948, -0.6931 -0.0959 -0.1948, -0.6979 -0.1052 -0.1948, -0.7019 -0.1148 -0.1948, -0.705 -0.1247 -0.1948, -0.7073 -0.1348 -0.1948, -0.7086 -0.1451 -0.1948, -0.7091 -0.1555 -0.1948, -0.7086 -0.1659 -0.1948, -0.7073 -0.1762 -0.1948, -0.705 -0.1863 -0.1948, -0.7019 -0.1962 -0.1948, -0.6979 -0.2058 -0.1948, -0.6931 -0.215 -0.1948, -0.6875 -0.2238 -0.1948, -0.6812 -0.232 -0.1948, -0.6742 -0.2397 -0.1948, -0.6665 -0.2467 -0.1948, -0.6583 -0.253 -0.1948, -0.6495 -0.2586 -0.1948, -0.6403 -0.2634 -0.1948, -0.6307 -0.2674 -0.1948, -0.6208 -0.2705 -0.1948, -0.6107 -0.2728 -0.1948, -0.6004 -0.2741 -0.1948, -0.59 -0.2746 -0.1948, -0.5796 -0.2741 -0.1948, -0.5693 -0.2728 -0.1948, -0.5592 -0.2705 -0.1948, -0.5493 -0.2674 -0.1948, -0.5397 -0.2634 -0.1948, -0.5304 -0.2586 -0.1948, -0.5217 -0.253 -0.1948, -0.5134 -0.2467 -0.1948, -0.5058 -0.2397 -0.1948, -0.4988 -0.232 -0.1948, -0.4924 -0.2238 -0.1948, -0.4868 -0.215 -0.1948, -0.4821 -0.2058 -0.1948, -0.4781 -0.1962 -0.1948, -0.475 -0.1863 -0.1948, -0.4727 -0.1762 -0.1948, -0.4713 -0.1659 -0.1948, -0.4709 -0.1555 -0.1948, -0.4783 -0.1457 -0.1963, -0.4796 -0.136 -0.1963, -0.4817 -0.1265 -0.1963, -0.4846 -0.1171 -0.1963, -0.4884 -0.1081 -0.1963, -0.4929 -0.0994 -0.1963, -0.4981 -0.0912 -0.1963, -0.5041 -0.0834 -0.1963, -0.5107 -0.0762 -0.1963, -0.5179 -0.0696 -0.1963, -0.5257 -0.0636 -0.1963, -0.5339 -0.0584 -0.1963, -0.5426 -0.0539 -0.1963, -0.5516 -0.0501 -0.1963, -0.561 -0.0472 -0.1963, -0.5705 -0.0451 -0.1963, -0.5802 -0.0438 -0.1963, -0.59 -0.0434 -0.1963, -0.5998 -0.0438 -0.1963, -0.6094 -0.0451 -0.1963, -0.619 -0.0472 -0.1963, -0.6283 -0.0501 -0.1963, -0.6374 -0.0539 -0.1963, -0.646 -0.0584 -0.1963, -0.6543 -0.0636 -0.1963, -0.662 -0.0696 -0.1963, -0.6693 -0.0762 -0.1963, -0.6759 -0.0834 -0.1963, -0.6818 -0.0912 -0.1963, -0.6871 -0.0994 -0.1963, -0.6916 -0.1081 -0.1963, -0.6953 -0.1171 -0.1963, -0.6983 -0.1265 -0.1963, -0.7004 -0.136 -0.1963, -0.7017 -0.1457 -0.1963, -0.7021 -0.1555 -0.1963, -0.7017 -0.1653 -0.1963, -0.7004 -0.1749 -0.1963, -0.6983 -0.1845 -0.1963, -0.6953 -0.1938 -0.1963, -0.6916 -0.2029 -0.1963, -0.6871 -0.2115 -0.1963, -0.6818 -0.2198 -0.1963, -0.6759 -0.2275 -0.1963, -0.6693 -0.2348 -0.1963, -0.662 -0.2414 -0.1963, -0.6543 -0.2473 -0.1963, -0.646 -0.2526 -0.1963, -0.6374 -0.2571 -0.1963, -0.6283 -0.2608 -0.1963, -0.619 -0.2638 -0.1963, -0.6094 -0.2659 -0.1963, -0.5998 -0.2672 -0.1963, -0.59 -0.2676 -0.1963, -0.5802 -0.2672 -0.1963, -0.5705 -0.2659 -0.1963, -0.561 -0.2638 -0.1963, -0.5516 -0.2608 -0.1963, -0.5426 -0.2571 -0.1963, -0.5339 -0.2526 -0.1963, -0.5257 -0.2473 -0.1963, -0.5179 -0.2414 -0.1963, -0.5107 -0.2348 -0.1963, -0.5041 -0.2275 -0.1963, -0.4981 -0.2198 -0.1963, -0.4929 -0.2115 -0.1963, -0.4884 -0.2029 -0.1963, -0.4846 -0.1938 -0.1963, -0.4817 -0.1845 -0.1963, -0.4796 -0.1749 -0.1963, -0.4783 -0.1653 -0.1963, -0.4779 -0.1555 -0.1963, 0.745 -0.1555 0.0031, 0.7438 -0.1745 0.0031, 0.7444 -0.169 -0.1468, 0.7403 -0.1933 0.0031, 0.7427 -0.1824 -0.1468, 0.7437 -0.1745 -0.1468, 0.7345 -0.2114 -0.1468, 0.7357 -0.2085 -0.1468, 0.7346 -0.2115 0.0031, 0.7397 -0.1956 -0.1468, 0.7403 -0.1933 -0.1468, 0.7305 -0.221 -0.1468, 0.7266 -0.2288 0.0031, 0.7265 -0.2287 -0.1468, 0.7243 -0.233 -0.1468, 0.7165 -0.245 0.0031, 0.717 -0.2444 -0.1468, 0.7046 -0.2599 0.0031, 0.7088 -0.2551 -0.1468, 0.7165 -0.245 -0.1468, 0.6909 -0.2732 0.0031, 0.6996 -0.2651 -0.1468, 0.7045 -0.2598 -0.1468, 0.6756 -0.2846 -0.1468, 0.6789 -0.2824 -0.1468, 0.6756 -0.2847 0.0031, 0.6897 -0.2742 -0.1468, 0.6908 -0.2731 -0.1468, 0.6675 -0.2897 -0.1468, 0.6591 -0.2942 0.0031, 0.6591 -0.2941 -0.1468, 0.6555 -0.296 -0.1468, 0.6415 -0.3017 0.0031, 0.643 -0.3011 -0.1468, 0.6232 -0.3069 0.0031, 0.6301 -0.3052 -0.1468, 0.6415 -0.3016 -0.1468, 0.6043 -0.3098 0.0031, 0.6169 -0.3081 -0.1468, 0.6231 -0.3067 -0.1468, 0.5853 -0.3103 -0.1468, 0.59 -0.3105 -0.1468, 0.5852 -0.3104 0.0031, 0.6035 -0.3099 -0.1468, 0.6043 -0.3098 -0.1468, 0.5765 -0.3099 -0.1468, 0.5662 -0.3086 0.0031, 0.5663 -0.3085 -0.1468, 0.5631 -0.3081 -0.1468, 0.5476 -0.3046 0.0031, 0.5499 -0.3052 -0.1468, 0.5296 -0.2982 0.0031, 0.537 -0.3011 -0.1468, 0.5476 -0.3045 -0.1468, 0.5125 -0.2897 0.0031, 0.5245 -0.296 -0.1468, 0.5297 -0.2981 -0.1468, 0.4966 -0.2792 0.0031, 0.5011 -0.2824 -0.1468, 0.5125 -0.2897 -0.1468, 0.4821 -0.2668 0.0031, 0.4904 -0.2742 -0.1468, 0.4967 -0.2791 -0.1468, 0.4693 -0.2526 -0.1468, 0.4713 -0.2551 -0.1468, 0.4693 -0.2527 0.0031, 0.4804 -0.2651 -0.1468, 0.4822 -0.2667 -0.1468, 0.4631 -0.2444 -0.1468, 0.4582 -0.2371 0.0031, 0.4583 -0.237 -0.1468, 0.4558 -0.233 -0.1468, 0.4492 -0.2203 0.0031, 0.4495 -0.221 -0.1468, 0.4423 -0.2025 0.0031, 0.4444 -0.2085 -0.1468, 0.4492 -0.2203 -0.1468, 0.4377 -0.184 0.0031, 0.4403 -0.1956 -0.1468, 0.4425 -0.2024 -0.1468, 0.4354 -0.165 -0.1468, 0.4356 -0.169 -0.1468, 0.4353 -0.165 0.0031, 0.4374 -0.1824 -0.1468, 0.4377 -0.1839 -0.1468, 0.435 -0.1555 -0.1468, 0.435 -0.1555 0.0031, 0.4354 -0.1459 -0.1468, 0.4353 -0.1459 0.0031, 0.4356 -0.142 -0.1468, 0.4377 -0.127 0.0031, 0.4374 -0.1286 -0.1468, 0.4423 -0.1085 0.0031, 0.4403 -0.1154 -0.1468, 0.4377 -0.127 -0.1468, 0.4492 -0.0907 0.0031, 0.4444 -0.1025 -0.1468, 0.4425 -0.1085 -0.1468, 0.4583 -0.074 -0.1468, 0.4558 -0.078 -0.1468, 0.4582 -0.0739 0.0031, 0.4495 -0.09 -0.1468, 0.4492 -0.0907 -0.1468, 0.4631 -0.0666 -0.1468, 0.4693 -0.0583 0.0031, 0.4693 -0.0584 -0.1468, 0.4713 -0.0558 -0.1468, 0.4821 -0.0442 0.0031, 0.4804 -0.0459 -0.1468, 0.4966 -0.0318 0.0031, 0.4904 -0.0367 -0.1468, 0.4822 -0.0443 -0.1468, 0.5125 -0.0212 0.0031, 0.5011 -0.0285 -0.1468, 0.4967 -0.0319 -0.1468, 0.5296 -0.0127 0.0031, 0.5245 -0.015 -0.1468, 0.5125 -0.0212 -0.1468, 0.5476 -0.0064 0.0031, 0.537 -0.0098 -0.1468, 0.5297 -0.0129 -0.1468, 0.5663 -0.0024 -0.1468, 0.5631 -0.0028 -0.1468, 0.5662 -0.0023 0.0031, 0.5499 -0.0058 -0.1468, 0.5476 -0.0065 -0.1468, 0.5765 -0.0011 -0.1468, 0.5852 -0.0006 0.0031, 0.5853 -0.0007 -0.1468, 0.59 -0.0005 -0.1468, 0.6043 -0.0011 0.0031, 0.6035 -0.0011 -0.1468, 0.6232 -0.0041 0.0031, 0.6169 -0.0028 -0.1468, 0.6043 -0.0012 -0.1468, 0.6415 -0.0093 0.0031, 0.6301 -0.0058 -0.1468, 0.6231 -0.0042 -0.1468, 0.6591 -0.0168 -0.1468, 0.6555 -0.015 -0.1468, 0.6591 -0.0167 0.0031, 0.643 -0.0098 -0.1468, 0.6415 -0.0093 -0.1468, 0.6675 -0.0212 -0.1468, 0.6756 -0.0263 0.0031, 0.6756 -0.0264 -0.1468, 0.6789 -0.0285 -0.1468, 0.6909 -0.0378 0.0031, 0.6897 -0.0367 -0.1468, 0.7046 -0.0511 0.0031, 0.6996 -0.0459 -0.1468, 0.6908 -0.0378 -0.1468, 0.7165 -0.0659 0.0031, 0.7088 -0.0558 -0.1468, 0.7045 -0.0512 -0.1468, 0.7265 -0.0822 -0.1468, 0.7243 -0.078 -0.1468, 0.7266 -0.0822 0.0031, 0.717 -0.0666 -0.1468, 0.7165 -0.0659 -0.1468, 0.7305 -0.09 -0.1468, 0.7346 -0.0995 0.0031, 0.7345 -0.0995 -0.1468, 0.7357 -0.1025 -0.1468, 0.7403 -0.1177 0.0031, 0.7397 -0.1154 -0.1468, 0.7438 -0.1364 0.0031, 0.7427 -0.1286 -0.1468, 0.7403 -0.1177 -0.1468, 0.745 -0.1555 -0.1468, 0.7444 -0.142 -0.1468, 0.7437 -0.1365 -0.1468, 0.4866 -0.1737 -0.1968, 0.4854 -0.1646 -0.1968, 0.59 -0.1555 -0.1968, 0.485 -0.1555 -0.1968, 0.4854 -0.1463 -0.1968, 0.4949 -0.1999 -0.1968, 0.4914 -0.1914 -0.1968, 0.4886 -0.1827 -0.1968, 0.5096 -0.223 -0.1968, 0.504 -0.2157 -0.1968, 0.4991 -0.208 -0.1968, 0.5298 -0.2415 -0.1968, 0.5225 -0.2359 -0.1968, 0.5158 -0.2297 -0.1968, 0.5541 -0.2541 -0.1968, 0.5456 -0.2506 -0.1968, 0.5375 -0.2464 -0.1968, 0.5809 -0.2601 -0.1968, 0.5718 -0.2589 -0.1968, 0.5628 -0.2569 -0.1968, 0.6083 -0.2589 -0.1968, 0.5992 -0.2601 -0.1968, 0.59 -0.2605 -0.1968, 0.6344 -0.2506 -0.1968, 0.6259 -0.2541 -0.1968, 0.6172 -0.2569 -0.1968, 0.6575 -0.2359 -0.1968, 0.6502 -0.2415 -0.1968, 0.6425 -0.2464 -0.1968, 0.676 -0.2157 -0.1968, 0.6705 -0.223 -0.1968, 0.6643 -0.2297 -0.1968, 0.6887 -0.1914 -0.1968, 0.6852 -0.1999 -0.1968, 0.681 -0.208 -0.1968, 0.6946 -0.1646 -0.1968, 0.6934 -0.1737 -0.1968, 0.6914 -0.1827 -0.1968, 0.6934 -0.1372 -0.1968, 0.6946 -0.1463 -0.1968, 0.695 -0.1555 -0.1968, 0.6852 -0.1111 -0.1968, 0.6887 -0.1196 -0.1968, 0.6914 -0.1283 -0.1968, 0.6705 -0.088 -0.1968, 0.676 -0.0953 -0.1968, 0.681 -0.103 -0.1968, 0.6502 -0.0695 -0.1968, 0.6575 -0.075 -0.1968, 0.6643 -0.0812 -0.1968, 0.6259 -0.0568 -0.1968, 0.6344 -0.0603 -0.1968, 0.6425 -0.0645 -0.1968, 0.5992 -0.0509 -0.1968, 0.6083 -0.0521 -0.1968, 0.6172 -0.0541 -0.1968, 0.5718 -0.0521 -0.1968, 0.5809 -0.0509 -0.1968, 0.59 -0.0505 -0.1968, 0.5456 -0.0603 -0.1968, 0.5541 -0.0568 -0.1968, 0.5628 -0.0541 -0.1968, 0.5225 -0.075 -0.1968, 0.5298 -0.0695 -0.1968, 0.5375 -0.0645 -0.1968, 0.504 -0.0953 -0.1968, 0.5096 -0.088 -0.1968, 0.5158 -0.0812 -0.1968, 0.4914 -0.1196 -0.1968, 0.4949 -0.1111 -0.1968, 0.4991 -0.103 -0.1968, 0.4866 -0.1372 -0.1968, 0.4886 -0.1283 -0.1968, 0.59 -0.1555 0.0031, 0.4361 -0.142 -0.154, 0.4408 -0.1155 -0.154, 0.45 -0.0902 -0.154, 0.4635 -0.0669 -0.154, 0.4717 -0.0562 -0.154, 0.4907 -0.0371 -0.154, 0.5372 -0.0103 -0.154, 0.55 -0.0063 -0.154, 0.5766 -0.0016 -0.154, 0.6168 -0.0033 -0.154, 0.63 -0.0063 -0.154, 0.6429 -0.0103 -0.154, 0.6673 -0.0217 -0.154, 0.6786 -0.0289 -0.154, 0.6993 -0.0462 -0.154, 0.7166 -0.0669 -0.154, 0.73 -0.0902 -0.154, 0.7352 -0.1026 -0.154, 0.7422 -0.1287 -0.154, 0.7422 -0.1823 -0.154, 0.7392 -0.1955 -0.154, 0.73 -0.2208 -0.154, 0.7084 -0.2548 -0.154, 0.6993 -0.2647 -0.154, 0.6893 -0.2738 -0.154, 0.6673 -0.2893 -0.154, 0.6553 -0.2955 -0.154, 0.63 -0.3047 -0.154, 0.6035 -0.3094 -0.154, 0.5766 -0.3094 -0.154, 0.5632 -0.3076 -0.154, 0.5372 -0.3007 -0.154, 0.4907 -0.2738 -0.154, 0.4808 -0.2647 -0.154, 0.4635 -0.2441 -0.154, 0.4448 -0.2083 -0.154, 0.4408 -0.1955 -0.154, 0.4379 -0.1823 -0.154, 0.4355 -0.1555 -0.154, 0.4929 -0.2115 -0.1963, 0.4982 -0.2198 -0.1963, 0.4869 -0.215 -0.1948, 0.4925 -0.2238 -0.1948, 0.4811 -0.2184 -0.1923, 0.487 -0.2276 -0.1923, 0.4757 -0.2215 -0.1889, 0.4819 -0.2312 -0.1889, 0.4707 -0.2244 -0.1846, 0.4772 -0.2345 -0.1846, 0.4664 -0.2269 -0.1796, 0.4731 -0.2374 -0.1796, 0.4627 -0.229 -0.1739, 0.4696 -0.2398 -0.1739, 0.4597 -0.2307 -0.1676, 0.4668 -0.2418 -0.1676, 0.4575 -0.232 -0.1609, 0.4647 -0.2432 -0.1609, 0.4562 -0.2327 -0.154, 0.5426 -0.2571 -0.1963, 0.5517 -0.2608 -0.1963, 0.5397 -0.2634 -0.1948, 0.5493 -0.2674 -0.1948, 0.5369 -0.2695 -0.1923, 0.547 -0.2737 -0.1923, 0.5342 -0.2751 -0.1889, 0.5449 -0.2795 -0.1889, 0.5318 -0.2803 -0.1846, 0.5429 -0.2849 -0.1846, 0.5297 -0.2849 -0.1796, 0.5412 -0.2897 -0.1796, 0.5279 -0.2888 -0.1739, 0.5397 -0.2937 -0.1739, 0.5264 -0.2919 -0.1676, 0.5386 -0.2969 -0.1676, 0.5254 -0.2941 -0.1609, 0.5377 -0.2992 -0.1609, 0.5247 -0.2955 -0.154, 0.6095 -0.2659 -0.1963, 0.619 -0.2638 -0.1963, 0.6107 -0.2728 -0.1948, 0.6208 -0.2705 -0.1948, 0.6119 -0.2793 -0.1923, 0.6226 -0.277 -0.1923, 0.6129 -0.2855 -0.1889, 0.6242 -0.283 -0.1889, 0.6139 -0.2911 -0.1846, 0.6257 -0.2885 -0.1846, 0.6148 -0.2961 -0.1796, 0.627 -0.2934 -0.1796, 0.6156 -0.3003 -0.1739, 0.6281 -0.2975 -0.1739, 0.6162 -0.3037 -0.1676, 0.629 -0.3008 -0.1676, 0.6166 -0.3061 -0.1609, 0.6296 -0.3032 -0.1609, 0.6168 -0.3076 -0.154, 0.6871 -0.2115 -0.1963, 0.6916 -0.2029 -0.1963, 0.6932 -0.215 -0.1948, 0.6979 -0.2058 -0.1948, 0.6989 -0.2184 -0.1923, 0.704 -0.2086 -0.1923, 0.7044 -0.2215 -0.1889, 0.7097 -0.2113 -0.1889, 0.7093 -0.2244 -0.1846, 0.7149 -0.2137 -0.1846, 0.7137 -0.2269 -0.1796, 0.7194 -0.2158 -0.1796, 0.7174 -0.229 -0.1739, 0.7233 -0.2176 -0.1739, 0.7203 -0.2307 -0.1676, 0.7264 -0.2191 -0.1676, 0.7225 -0.232 -0.1609, 0.7287 -0.2201 -0.1609, 0.7238 -0.2327 -0.154, 0.7017 -0.1457 -0.1963, 0.7004 -0.136 -0.1963, 0.7087 -0.1451 -0.1948, 0.7073 -0.1348 -0.1948, 0.7153 -0.1445 -0.1923, 0.7139 -0.1336 -0.1923, 0.7215 -0.144 -0.1889, 0.72 -0.1326 -0.1889, 0.7272 -0.1435 -0.1846, 0.7257 -0.1316 -0.1846, 0.7323 -0.143 -0.1796, 0.7306 -0.1307 -0.1796, 0.7365 -0.1427 -0.1739, 0.7348 -0.1299 -0.1739, 0.7399 -0.1424 -0.1676, 0.7382 -0.1293 -0.1676, 0.7424 -0.1421 -0.1609, 0.7407 -0.1289 -0.1609, 0.7439 -0.142 -0.154, 0.6759 -0.0834 -0.1963, 0.6693 -0.0762 -0.1963, 0.6812 -0.0789 -0.1948, 0.6742 -0.0713 -0.1948, 0.6864 -0.0746 -0.1923, 0.679 -0.0665 -0.1923, 0.6912 -0.0706 -0.1889, 0.6834 -0.0621 -0.1889, 0.6955 -0.0669 -0.1846, 0.6874 -0.0581 -0.1846, 0.6994 -0.0637 -0.1796, 0.691 -0.0545 -0.1796, 0.7027 -0.061 -0.1739, 0.694 -0.0515 -0.1739, 0.7053 -0.0588 -0.1676, 0.6964 -0.0491 -0.1676, 0.7072 -0.0571 -0.1609, 0.6982 -0.0473 -0.1609, 0.7084 -0.0562 -0.154, 0.59 -0.0434 -0.1963, 0.5802 -0.0438 -0.1963, 0.59 -0.0364 -0.1948, 0.5796 -0.0368 -0.1948, 0.59 -0.0297 -0.1923, 0.5791 -0.0302 -0.1923, 0.59 -0.0234 -0.1889, 0.5785 -0.024 -0.1889, 0.59 -0.0177 -0.1846, 0.578 -0.0183 -0.1846, 0.59 -0.0127 -0.1796, 0.5776 -0.0132 -0.1796, 0.59 -0.0084 -0.1739, 0.5772 -0.009 -0.1739, 0.59 -0.005 -0.1676, 0.5769 -0.0056 -0.1676, 0.59 -0.0025 -0.1609, 0.5767 -0.0031 -0.1609, 0.59 -0.001 -0.154, 0.5257 -0.0636 -0.1963, 0.518 -0.0696 -0.1963, 0.5217 -0.0579 -0.1948, 0.5135 -0.0643 -0.1948, 0.5179 -0.0525 -0.1923, 0.5092 -0.0591 -0.1923, 0.5143 -0.0473 -0.1889, 0.5052 -0.0543 -0.1889, 0.511 -0.0426 -0.1846, 0.5015 -0.05 -0.1846, 0.5081 -0.0385 -0.1796, 0.4982 -0.0461 -0.1796, 0.5057 -0.035 -0.1739, 0.4955 -0.0428 -0.1739, 0.5037 -0.0322 -0.1676, 0.4933 -0.0402 -0.1676, 0.5023 -0.0302 -0.1609, 0.4917 -0.0383 -0.1609, 0.5014 -0.0289 -0.154, 0.4847 -0.1171 -0.1963, 0.4817 -0.1265 -0.1963, 0.4781 -0.1148 -0.1948, 0.475 -0.1247 -0.1948, 0.4718 -0.1125 -0.1923, 0.4685 -0.1229 -0.1923, 0.466 -0.1103 -0.1889, 0.4625 -0.1213 -0.1889, 0.4606 -0.1084 -0.1846, 0.457 -0.1198 -0.1846, 0.4558 -0.1066 -0.1796, 0.4521 -0.1185 -0.1796, 0.4518 -0.1052 -0.1739, 0.448 -0.1174 -0.1739, 0.4486 -0.104 -0.1676, 0.4447 -0.1165 -0.1676, 0.4463 -0.1032 -0.1609, 0.4423 -0.1159 -0.1609, 0.4448 -0.1026 -0.154, 0.4361 -0.1689 -0.154, 0.4376 -0.1688 -0.1609, 0.437 -0.1555 -0.1609, 0.4401 -0.1686 -0.1676, 0.4395 -0.1555 -0.1676, 0.4435 -0.1683 -0.1739, 0.443 -0.1555 -0.1739, 0.4478 -0.1679 -0.1796, 0.4472 -0.1555 -0.1796, 0.4528 -0.1675 -0.1846, 0.4523 -0.1555 -0.1846, 0.4585 -0.167 -0.1889, 0.458 -0.1555 -0.1889, 0.4647 -0.1664 -0.1923, 0.4642 -0.1555 -0.1923, 0.4714 -0.1659 -0.1948, 0.4709 -0.1555 -0.1948, 0.4783 -0.1653 -0.1963, 0.4779 -0.1555 -0.1963, 0.4796 -0.1749 -0.1963, 0.4727 -0.1762 -0.1948, 0.4662 -0.1773 -0.1923, 0.46 -0.1784 -0.1889, 0.4544 -0.1794 -0.1846, 0.4494 -0.1803 -0.1796, 0.4452 -0.181 -0.1739, 0.4418 -0.1816 -0.1676, 0.4394 -0.182 -0.1609, 0.4423 -0.1951 -0.1609, 0.4447 -0.1944 -0.1676, 0.448 -0.1935 -0.1739, 0.4521 -0.1924 -0.1796, 0.457 -0.1911 -0.1846, 0.4625 -0.1897 -0.1889, 0.4685 -0.188 -0.1923, 0.475 -0.1863 -0.1948, 0.4817 -0.1845 -0.1963, 0.4463 -0.2078 -0.1609, 0.4486 -0.2069 -0.1676, 0.4518 -0.2058 -0.1739, 0.4558 -0.2043 -0.1796, 0.4606 -0.2026 -0.1846, 0.466 -0.2006 -0.1889, 0.4718 -0.1985 -0.1923, 0.4781 -0.1962 -0.1948, 0.4847 -0.1938 -0.1963, 0.45 -0.2208 -0.154, 0.4514 -0.2201 -0.1609, 0.4536 -0.2191 -0.1676, 0.4567 -0.2176 -0.1739, 0.4606 -0.2158 -0.1796, 0.4652 -0.2137 -0.1846, 0.4704 -0.2113 -0.1889, 0.476 -0.2086 -0.1923, 0.4821 -0.2058 -0.1948, 0.4884 -0.2029 -0.1963, 0.4717 -0.2548 -0.154, 0.4728 -0.2538 -0.1609, 0.4747 -0.2522 -0.1676, 0.4774 -0.25 -0.1739, 0.4806 -0.2473 -0.1796, 0.4845 -0.244 -0.1846, 0.4889 -0.2403 -0.1889, 0.4937 -0.2363 -0.1923, 0.4988 -0.232 -0.1948, 0.5041 -0.2275 -0.1963, 0.5107 -0.2348 -0.1963, 0.5058 -0.2397 -0.1948, 0.5011 -0.2444 -0.1923, 0.4967 -0.2488 -0.1889, 0.4926 -0.2529 -0.1846, 0.4891 -0.2564 -0.1796, 0.486 -0.2595 -0.1739, 0.4836 -0.2619 -0.1676, 0.4819 -0.2636 -0.1609, 0.4917 -0.2727 -0.1609, 0.4933 -0.2708 -0.1676, 0.4955 -0.2681 -0.1739, 0.4982 -0.2649 -0.1796, 0.5015 -0.261 -0.1846, 0.5052 -0.2566 -0.1889, 0.5092 -0.2518 -0.1923, 0.5135 -0.2467 -0.1948, 0.518 -0.2414 -0.1963, 0.5014 -0.282 -0.154, 0.5023 -0.2808 -0.1609, 0.5037 -0.2787 -0.1676, 0.5057 -0.2759 -0.1739, 0.5081 -0.2724 -0.1796, 0.511 -0.2683 -0.1846, 0.5143 -0.2636 -0.1889, 0.5179 -0.2585 -0.1923, 0.5217 -0.253 -0.1948, 0.5257 -0.2473 -0.1963, 0.534 -0.2526 -0.1963, 0.5305 -0.2586 -0.1948, 0.5271 -0.2644 -0.1923, 0.524 -0.2698 -0.1889, 0.5211 -0.2748 -0.1846, 0.5186 -0.2791 -0.1796, 0.5165 -0.2828 -0.1739, 0.5148 -0.2858 -0.1676, 0.5135 -0.288 -0.1609, 0.5128 -0.2893 -0.154, 0.55 -0.3047 -0.154, 0.5504 -0.3032 -0.1609, 0.5511 -0.3008 -0.1676, 0.552 -0.2975 -0.1739, 0.5531 -0.2934 -0.1796, 0.5544 -0.2885 -0.1846, 0.5558 -0.283 -0.1889, 0.5575 -0.277 -0.1923, 0.5592 -0.2705 -0.1948, 0.561 -0.2638 -0.1963, 0.5706 -0.2659 -0.1963, 0.5693 -0.2728 -0.1948, 0.5682 -0.2793 -0.1923, 0.5671 -0.2855 -0.1889, 0.5661 -0.2911 -0.1846, 0.5652 -0.2961 -0.1796, 0.5645 -0.3003 -0.1739, 0.5639 -0.3037 -0.1676, 0.5635 -0.3061 -0.1609, 0.5767 -0.3079 -0.1609, 0.5769 -0.3054 -0.1676, 0.5772 -0.302 -0.1739, 0.5776 -0.2977 -0.1796, 0.578 -0.2927 -0.1846, 0.5785 -0.287 -0.1889, 0.5791 -0.2808 -0.1923, 0.5796 -0.2741 -0.1948, 0.5802 -0.2672 -0.1963, 0.59 -0.31 -0.154, 0.59 -0.3085 -0.1609, 0.59 -0.306 -0.1676, 0.59 -0.3025 -0.1739, 0.59 -0.2983 -0.1796, 0.59 -0.2932 -0.1846, 0.59 -0.2875 -0.1889, 0.59 -0.2813 -0.1923, 0.59 -0.2746 -0.1948, 0.59 -0.2676 -0.1963, 0.5998 -0.2672 -0.1963, 0.6004 -0.2741 -0.1948, 0.601 -0.2808 -0.1923, 0.6015 -0.287 -0.1889, 0.602 -0.2927 -0.1846, 0.6025 -0.2977 -0.1796, 0.6028 -0.302 -0.1739, 0.6031 -0.3054 -0.1676, 0.6034 -0.3079 -0.1609, 0.6429 -0.3007 -0.154, 0.6423 -0.2992 -0.1609, 0.6415 -0.2969 -0.1676, 0.6403 -0.2937 -0.1739, 0.6389 -0.2897 -0.1796, 0.6371 -0.2849 -0.1846, 0.6352 -0.2795 -0.1889, 0.633 -0.2737 -0.1923, 0.6307 -0.2674 -0.1948, 0.6284 -0.2608 -0.1963, 0.6374 -0.2571 -0.1963, 0.6403 -0.2634 -0.1948, 0.6432 -0.2695 -0.1923, 0.6458 -0.2751 -0.1889, 0.6482 -0.2803 -0.1846, 0.6504 -0.2849 -0.1796, 0.6522 -0.2888 -0.1739, 0.6536 -0.2919 -0.1676, 0.6547 -0.2941 -0.1609, 0.6665 -0.288 -0.1609, 0.6653 -0.2858 -0.1676, 0.6636 -0.2828 -0.1739, 0.6614 -0.2791 -0.1796, 0.6589 -0.2748 -0.1846, 0.656 -0.2698 -0.1889, 0.6529 -0.2644 -0.1923, 0.6496 -0.2586 -0.1948, 0.6461 -0.2526 -0.1963, 0.6786 -0.282 -0.154, 0.6778 -0.2808 -0.1609, 0.6763 -0.2787 -0.1676, 0.6744 -0.2759 -0.1739, 0.6719 -0.2724 -0.1796, 0.669 -0.2683 -0.1846, 0.6658 -0.2636 -0.1889, 0.6622 -0.2585 -0.1923, 0.6583 -0.253 -0.1948, 0.6543 -0.2473 -0.1963, 0.6621 -0.2414 -0.1963, 0.6666 -0.2467 -0.1948, 0.6709 -0.2518 -0.1923, 0.6749 -0.2566 -0.1889, 0.6786 -0.261 -0.1846, 0.6818 -0.2649 -0.1796, 0.6845 -0.2681 -0.1739, 0.6867 -0.2708 -0.1676, 0.6884 -0.2727 -0.1609, 0.6982 -0.2636 -0.1609, 0.6964 -0.2619 -0.1676, 0.694 -0.2595 -0.1739, 0.691 -0.2564 -0.1796, 0.6874 -0.2529 -0.1846, 0.6834 -0.2488 -0.1889, 0.679 -0.2444 -0.1923, 0.6742 -0.2397 -0.1948, 0.6693 -0.2348 -0.1963, 0.7072 -0.2538 -0.1609, 0.7053 -0.2522 -0.1676, 0.7027 -0.25 -0.1739, 0.6994 -0.2473 -0.1796, 0.6955 -0.244 -0.1846, 0.6912 -0.2403 -0.1889, 0.6864 -0.2363 -0.1923, 0.6812 -0.232 -0.1948, 0.6759 -0.2275 -0.1963, 0.7166 -0.2441 -0.154, 0.7153 -0.2432 -0.1609, 0.7133 -0.2418 -0.1676, 0.7105 -0.2398 -0.1739, 0.707 -0.2374 -0.1796, 0.7029 -0.2345 -0.1846, 0.6982 -0.2312 -0.1889, 0.693 -0.2276 -0.1923, 0.6876 -0.2238 -0.1948, 0.6819 -0.2198 -0.1963, 0.7352 -0.2083 -0.154, 0.7338 -0.2078 -0.1609, 0.7314 -0.2069 -0.1676, 0.7282 -0.2058 -0.1739, 0.7242 -0.2043 -0.1796, 0.7195 -0.2026 -0.1846, 0.7141 -0.2006 -0.1889, 0.7082 -0.1985 -0.1923, 0.7019 -0.1962 -0.1948, 0.6954 -0.1938 -0.1963, 0.6983 -0.1845 -0.1963, 0.705 -0.1863 -0.1948, 0.7115 -0.188 -0.1923, 0.7176 -0.1897 -0.1889, 0.7231 -0.1911 -0.1846, 0.7279 -0.1924 -0.1796, 0.7321 -0.1935 -0.1739, 0.7354 -0.1944 -0.1676, 0.7378 -0.1951 -0.1609, 0.7407 -0.182 -0.1609, 0.7382 -0.1816 -0.1676, 0.7348 -0.181 -0.1739, 0.7306 -0.1803 -0.1796, 0.7257 -0.1794 -0.1846, 0.72 -0.1784 -0.1889, 0.7139 -0.1773 -0.1923, 0.7073 -0.1762 -0.1948, 0.7004 -0.1749 -0.1963, 0.7439 -0.1689 -0.154, 0.7424 -0.1688 -0.1609, 0.7399 -0.1686 -0.1676, 0.7365 -0.1683 -0.1739, 0.7323 -0.1679 -0.1796, 0.7272 -0.1675 -0.1846, 0.7215 -0.167 -0.1889, 0.7153 -0.1664 -0.1923, 0.7087 -0.1659 -0.1948, 0.7017 -0.1653 -0.1963, 0.7021 -0.1555 -0.1963, 0.7091 -0.1555 -0.1948, 0.7158 -0.1555 -0.1923, 0.7221 -0.1555 -0.1889, 0.7278 -0.1555 -0.1846, 0.7328 -0.1555 -0.1796, 0.7371 -0.1555 -0.1739, 0.7405 -0.1555 -0.1676, 0.743 -0.1555 -0.1609, 0.7445 -0.1555 -0.154, 0.7392 -0.1155 -0.154, 0.7378 -0.1159 -0.1609, 0.7354 -0.1165 -0.1676, 0.7321 -0.1174 -0.1739, 0.7279 -0.1185 -0.1796, 0.7231 -0.1198 -0.1846, 0.7176 -0.1213 -0.1889, 0.7115 -0.1229 -0.1923, 0.705 -0.1247 -0.1948, 0.6983 -0.1265 -0.1963, 0.6954 -0.1171 -0.1963, 0.7019 -0.1148 -0.1948, 0.7082 -0.1125 -0.1923, 0.7141 -0.1103 -0.1889, 0.7195 -0.1084 -0.1846, 0.7242 -0.1066 -0.1796, 0.7282 -0.1052 -0.1739, 0.7314 -0.104 -0.1676, 0.7338 -0.1032 -0.1609, 0.7287 -0.0908 -0.1609, 0.7264 -0.0919 -0.1676, 0.7233 -0.0933 -0.1739, 0.7194 -0.0951 -0.1796, 0.7149 -0.0973 -0.1846, 0.7097 -0.0997 -0.1889, 0.704 -0.1023 -0.1923, 0.6979 -0.1052 -0.1948, 0.6916 -0.1081 -0.1963, 0.7238 -0.0782 -0.154, 0.7225 -0.079 -0.1609, 0.7203 -0.0802 -0.1676, 0.7174 -0.0819 -0.1739, 0.7137 -0.0841 -0.1796, 0.7093 -0.0866 -0.1846, 0.7044 -0.0895 -0.1889, 0.6989 -0.0926 -0.1923, 0.6932 -0.0959 -0.1948, 0.6871 -0.0994 -0.1963, 0.6819 -0.0912 -0.1963, 0.6876 -0.0872 -0.1948, 0.693 -0.0833 -0.1923, 0.6982 -0.0797 -0.1889, 0.7029 -0.0765 -0.1846, 0.707 -0.0736 -0.1796, 0.7105 -0.0711 -0.1739, 0.7133 -0.0692 -0.1676, 0.7153 -0.0677 -0.1609, 0.6893 -0.0371 -0.154, 0.6884 -0.0383 -0.1609, 0.6867 -0.0402 -0.1676, 0.6845 -0.0428 -0.1739, 0.6818 -0.0461 -0.1796, 0.6786 -0.05 -0.1846, 0.6749 -0.0543 -0.1889, 0.6709 -0.0591 -0.1923, 0.6666 -0.0643 -0.1948, 0.6621 -0.0696 -0.1963, 0.6543 -0.0636 -0.1963, 0.6583 -0.0579 -0.1948, 0.6622 -0.0525 -0.1923, 0.6658 -0.0473 -0.1889, 0.669 -0.0426 -0.1846, 0.6719 -0.0385 -0.1796, 0.6744 -0.035 -0.1739, 0.6763 -0.0322 -0.1676, 0.6778 -0.0302 -0.1609, 0.6665 -0.023 -0.1609, 0.6653 -0.0252 -0.1676, 0.6636 -0.0281 -0.1739, 0.6614 -0.0318 -0.1796, 0.6589 -0.0362 -0.1846, 0.656 -0.0411 -0.1889, 0.6529 -0.0466 -0.1923, 0.6496 -0.0523 -0.1948, 0.6461 -0.0584 -0.1963, 0.6553 -0.0155 -0.154, 0.6547 -0.0168 -0.1609, 0.6536 -0.0191 -0.1676, 0.6522 -0.0222 -0.1739, 0.6504 -0.0261 -0.1796, 0.6482 -0.0306 -0.1846, 0.6458 -0.0358 -0.1889, 0.6432 -0.0415 -0.1923, 0.6403 -0.0476 -0.1948, 0.6374 -0.0539 -0.1963, 0.6284 -0.0501 -0.1963, 0.6307 -0.0436 -0.1948, 0.633 -0.0373 -0.1923, 0.6352 -0.0314 -0.1889, 0.6371 -0.026 -0.1846, 0.6389 -0.0213 -0.1796, 0.6403 -0.0173 -0.1739, 0.6415 -0.0141 -0.1676, 0.6423 -0.0117 -0.1609, 0.6296 -0.0077 -0.1609, 0.629 -0.0101 -0.1676, 0.6281 -0.0134 -0.1739, 0.627 -0.0176 -0.1796, 0.6257 -0.0224 -0.1846, 0.6242 -0.0279 -0.1889, 0.6226 -0.034 -0.1923, 0.6208 -0.0405 -0.1948, 0.619 -0.0472 -0.1963, 0.6166 -0.0048 -0.1609, 0.6162 -0.0073 -0.1676, 0.6156 -0.0107 -0.1739, 0.6148 -0.0149 -0.1796, 0.6139 -0.0198 -0.1846, 0.6129 -0.0255 -0.1889, 0.6119 -0.0316 -0.1923, 0.6107 -0.0382 -0.1948, 0.6095 -0.0451 -0.1963, 0.6035 -0.0016 -0.154, 0.6034 -0.0031 -0.1609, 0.6031 -0.0056 -0.1676, 0.6028 -0.009 -0.1739, 0.6025 -0.0132 -0.1796, 0.602 -0.0183 -0.1846, 0.6015 -0.024 -0.1889, 0.601 -0.0302 -0.1923, 0.6004 -0.0368 -0.1948, 0.5998 -0.0438 -0.1963, 0.5632 -0.0033 -0.154, 0.5635 -0.0048 -0.1609, 0.5639 -0.0073 -0.1676, 0.5645 -0.0107 -0.1739, 0.5652 -0.0149 -0.1796, 0.5661 -0.0198 -0.1846, 0.5671 -0.0255 -0.1889, 0.5682 -0.0316 -0.1923, 0.5693 -0.0382 -0.1948, 0.5706 -0.0451 -0.1963, 0.561 -0.0472 -0.1963, 0.5592 -0.0405 -0.1948, 0.5575 -0.034 -0.1923, 0.5558 -0.0279 -0.1889, 0.5544 -0.0224 -0.1846, 0.5531 -0.0176 -0.1796, 0.552 -0.0134 -0.1739, 0.5511 -0.0101 -0.1676, 0.5504 -0.0077 -0.1609, 0.5377 -0.0117 -0.1609, 0.5386 -0.0141 -0.1676, 0.5397 -0.0173 -0.1739, 0.5412 -0.0213 -0.1796, 0.5429 -0.026 -0.1846, 0.5449 -0.0314 -0.1889, 0.547 -0.0373 -0.1923, 0.5493 -0.0436 -0.1948, 0.5517 -0.0501 -0.1963, 0.5247 -0.0155 -0.154, 0.5254 -0.0168 -0.1609, 0.5264 -0.0191 -0.1676, 0.5279 -0.0222 -0.1739, 0.5297 -0.0261 -0.1796, 0.5318 -0.0306 -0.1846, 0.5342 -0.0358 -0.1889, 0.5369 -0.0415 -0.1923, 0.5397 -0.0476 -0.1948, 0.5426 -0.0539 -0.1963, 0.534 -0.0584 -0.1963, 0.5305 -0.0523 -0.1948, 0.5271 -0.0466 -0.1923, 0.524 -0.0411 -0.1889, 0.5211 -0.0362 -0.1846, 0.5186 -0.0318 -0.1796, 0.5165 -0.0281 -0.1739, 0.5148 -0.0252 -0.1676, 0.5135 -0.023 -0.1609, 0.5128 -0.0217 -0.154, 0.4808 -0.0462 -0.154, 0.4819 -0.0473 -0.1609, 0.4836 -0.0491 -0.1676, 0.486 -0.0515 -0.1739, 0.4891 -0.0545 -0.1796, 0.4926 -0.0581 -0.1846, 0.4967 -0.0621 -0.1889, 0.5011 -0.0665 -0.1923, 0.5058 -0.0713 -0.1948, 0.5107 -0.0762 -0.1963, 0.5041 -0.0834 -0.1963, 0.4988 -0.0789 -0.1948, 0.4937 -0.0746 -0.1923, 0.4889 -0.0706 -0.1889, 0.4845 -0.0669 -0.1846, 0.4806 -0.0637 -0.1796, 0.4774 -0.061 -0.1739, 0.4747 -0.0588 -0.1676, 0.4728 -0.0571 -0.1609, 0.4647 -0.0677 -0.1609, 0.4668 -0.0692 -0.1676, 0.4696 -0.0711 -0.1739, 0.4731 -0.0736 -0.1796, 0.4772 -0.0765 -0.1846, 0.4819 -0.0797 -0.1889, 0.487 -0.0833 -0.1923, 0.4925 -0.0872 -0.1948, 0.4982 -0.0912 -0.1963, 0.4562 -0.0782 -0.154, 0.4575 -0.079 -0.1609, 0.4597 -0.0802 -0.1676, 0.4627 -0.0819 -0.1739, 0.4664 -0.0841 -0.1796, 0.4707 -0.0866 -0.1846, 0.4757 -0.0895 -0.1889, 0.4811 -0.0926 -0.1923, 0.4869 -0.0959 -0.1948, 0.4929 -0.0994 -0.1963, 0.4884 -0.1081 -0.1963, 0.4821 -0.1052 -0.1948, 0.476 -0.1023 -0.1923, 0.4704 -0.0997 -0.1889, 0.4652 -0.0973 -0.1846, 0.4606 -0.0951 -0.1796, 0.4567 -0.0933 -0.1739, 0.4536 -0.0919 -0.1676, 0.4514 -0.0908 -0.1609, 0.4379 -0.1287 -0.154, 0.4394 -0.1289 -0.1609, 0.4418 -0.1293 -0.1676, 0.4452 -0.1299 -0.1739, 0.4494 -0.1307 -0.1796, 0.4544 -0.1316 -0.1846, 0.46 -0.1326 -0.1889, 0.4662 -0.1336 -0.1923, 0.4727 -0.1348 -0.1948, 0.4796 -0.136 -0.1963, 0.4783 -0.1457 -0.1963, 0.4714 -0.1451 -0.1948, 0.4647 -0.1445 -0.1923, 0.4585 -0.144 -0.1889, 0.4528 -0.1435 -0.1846, 0.4478 -0.143 -0.1796, 0.4435 -0.1427 -0.1739, 0.4401 -0.1424 -0.1676, 0.4376 -0.1421 -0.1609, 1.32 -0.3455 0.1431, 1.32 -0.6555 0.1431, 1.32 -0.6555 0.0631, 1.32 0.3445 0.0631, 1.32 0.3445 0.1431, 1.32 0.1445 0.0631, 1.32 0.0345 0.1431, 1.32 -0.4555 0.0631, 1.32 -0.4555 0.0131, 1.32 0.1445 0.0131, 1.32 0.0345 0.5531, 1.32 -0.3455 0.5531
            ]
        }
        coordIndex [
            0,1,2,-1,3,4,1,-1,1,4,5,-1,1,5,2,-1,6,7,8,-1,8,7,9,-1,8,9,3,-1,3,9,10,-1,3,10,4,-1,6,8,11,-1,11,8,12,-1,11,12,13,-1,13,12,14,-1,14,12,15,-1,14,15,16,-1,17,18,15,-1,15,18,19,-1,15,19,16,-1,20,21,17,-1,17,21,22,-1,17,22,18,-1,23,24,25,-1,25,24,26,-1,25,26,20,-1,20,26,27,-1,20,27,21,-1,23,25,28,-1,28,25,29,-1,28,29,30,-1,30,29,31,-1,31,29,32,-1,31,32,33,-1,34,35,32,-1,32,35,36,-1,32,36,33,-1,37,38,34,-1,34,38,39,-1,34,39,35,-1,40,41,42,-1,42,41,43,-1,42,43,37,-1,37,43,44,-1,37,44,38,-1,40,42,45,-1,45,42,46,-1,45,46,47,-1,47,46,48,-1,48,46,49,-1,48,49,50,-1,51,52,49,-1,49,52,53,-1,49,53,50,-1,54,55,51,-1,51,55,56,-1,51,56,52,-1,57,58,54,-1,54,58,59,-1,54,59,55,-1,60,61,57,-1,57,61,62,-1,57,62,58,-1,63,64,65,-1,65,64,66,-1,65,66,60,-1,60,66,67,-1,60,67,61,-1,63,65,68,-1,68,65,69,-1,68,69,70,-1,70,69,71,-1,71,69,72,-1,71,72,73,-1,74,75,72,-1,72,75,76,-1,72,76,73,-1,77,78,74,-1,74,78,79,-1,74,79,75,-1,80,81,82,-1,82,81,83,-1,82,83,77,-1,77,83,84,-1,77,84,78,-1,80,82,85,-1,85,82,86,-1,85,86,87,-1,87,86,88,-1,88,86,89,-1,88,89,90,-1,91,92,89,-1,89,92,93,-1,89,93,90,-1,94,95,91,-1,91,95,96,-1,91,96,92,-1,97,98,99,-1,99,98,100,-1,99,100,94,-1,94,100,101,-1,94,101,95,-1,97,99,102,-1,102,99,103,-1,102,103,104,-1,104,103,105,-1,105,103,106,-1,105,106,107,-1,108,109,106,-1,106,109,110,-1,106,110,107,-1,111,112,108,-1,108,112,113,-1,108,113,109,-1,114,115,111,-1,111,115,116,-1,111,116,112,-1,117,118,114,-1,114,118,119,-1,114,119,115,-1,120,121,122,-1,122,121,123,-1,122,123,117,-1,117,123,124,-1,117,124,118,-1,120,122,125,-1,125,122,126,-1,125,126,127,-1,127,126,128,-1,128,126,129,-1,128,129,130,-1,131,132,129,-1,129,132,133,-1,129,133,130,-1,134,135,131,-1,131,135,136,-1,131,136,132,-1,137,138,139,-1,139,138,140,-1,139,140,134,-1,134,140,141,-1,134,141,135,-1,137,139,142,-1,142,139,143,-1,142,143,144,-1,144,143,145,-1,145,143,146,-1,145,146,147,-1,148,149,146,-1,146,149,150,-1,146,150,147,-1,151,152,148,-1,148,152,153,-1,148,153,149,-1,154,155,156,-1,156,155,157,-1,156,157,151,-1,151,157,158,-1,151,158,152,-1,154,156,159,-1,159,156,160,-1,159,160,161,-1,161,160,162,-1,162,160,163,-1,162,163,164,-1,165,166,163,-1,163,166,167,-1,163,167,164,-1,2,168,0,-1,0,168,169,-1,0,169,165,-1,165,169,170,-1,165,170,166,-1,171,172,173,-1,173,172,174,-1,173,174,175,-1,176,177,173,-1,173,177,178,-1,173,178,171,-1,179,180,173,-1,173,180,181,-1,173,181,176,-1,182,183,173,-1,173,183,184,-1,173,184,179,-1,185,186,173,-1,173,186,187,-1,173,187,182,-1,188,189,173,-1,173,189,190,-1,173,190,185,-1,191,192,173,-1,173,192,193,-1,173,193,188,-1,194,195,173,-1,173,195,196,-1,173,196,191,-1,197,198,173,-1,173,198,199,-1,173,199,194,-1,200,201,173,-1,173,201,202,-1,173,202,197,-1,203,204,173,-1,173,204,205,-1,173,205,200,-1,206,207,173,-1,173,207,208,-1,173,208,203,-1,209,210,173,-1,173,210,211,-1,173,211,206,-1,212,213,173,-1,173,213,214,-1,173,214,209,-1,215,216,173,-1,173,216,217,-1,173,217,212,-1,218,219,173,-1,173,219,220,-1,173,220,215,-1,221,222,173,-1,173,222,223,-1,173,223,218,-1,224,225,173,-1,173,225,226,-1,173,226,221,-1,227,228,173,-1,173,228,229,-1,173,229,224,-1,230,231,173,-1,173,231,232,-1,173,232,227,-1,233,234,173,-1,173,234,235,-1,173,235,230,-1,236,237,173,-1,173,237,238,-1,173,238,233,-1,239,240,173,-1,173,240,241,-1,173,241,236,-1,175,242,173,-1,173,242,243,-1,173,243,239,-1,3,1,244,-1,244,1,0,-1,244,0,165,-1,15,12,244,-1,244,12,8,-1,244,8,3,-1,25,20,244,-1,244,20,17,-1,244,17,15,-1,34,32,244,-1,244,32,29,-1,244,29,25,-1,46,42,244,-1,244,42,37,-1,244,37,34,-1,54,51,244,-1,244,51,49,-1,244,49,46,-1,65,60,244,-1,244,60,57,-1,244,57,54,-1,74,72,244,-1,244,72,69,-1,244,69,65,-1,86,82,244,-1,244,82,77,-1,244,77,74,-1,94,91,244,-1,244,91,89,-1,244,89,86,-1,106,103,244,-1,244,103,99,-1,244,99,94,-1,114,111,244,-1,244,111,108,-1,244,108,106,-1,126,122,244,-1,244,122,117,-1,244,117,114,-1,134,131,244,-1,244,131,129,-1,244,129,126,-1,146,143,244,-1,244,143,139,-1,244,139,134,-1,156,151,244,-1,244,151,148,-1,244,148,146,-1,165,163,244,-1,244,163,160,-1,244,160,156,-1,10,245,246,-1,10,9,245,-1,245,9,7,-1,245,7,247,-1,247,7,6,-1,247,6,248,-1,248,6,11,-1,248,11,249,-1,249,11,13,-1,13,14,249,-1,249,14,16,-1,249,16,250,-1,250,16,19,-1,250,19,251,-1,19,18,251,-1,251,18,22,-1,251,22,252,-1,22,21,252,-1,252,21,27,-1,252,27,253,-1,27,26,253,-1,253,26,24,-1,253,24,254,-1,254,24,23,-1,254,23,255,-1,23,28,255,-1,255,28,30,-1,255,30,256,-1,30,31,256,-1,256,31,33,-1,256,33,257,-1,257,33,36,-1,257,36,258,-1,258,36,35,-1,258,35,259,-1,259,35,39,-1,39,38,259,-1,259,38,44,-1,259,44,260,-1,44,43,260,-1,260,43,41,-1,260,41,261,-1,261,41,40,-1,261,40,262,-1,40,45,262,-1,262,45,47,-1,262,47,263,-1,47,48,263,-1,263,48,50,-1,263,50,264,-1,264,50,53,-1,264,53,265,-1,265,53,52,-1,265,52,266,-1,266,52,56,-1,56,55,266,-1,266,55,59,-1,266,59,267,-1,267,59,58,-1,267,58,268,-1,268,58,62,-1,268,62,269,-1,62,61,269,-1,269,61,67,-1,269,67,270,-1,67,66,270,-1,270,66,64,-1,270,64,271,-1,271,64,63,-1,271,63,272,-1,272,63,68,-1,272,68,273,-1,273,68,70,-1,70,71,273,-1,273,71,73,-1,273,73,274,-1,274,73,76,-1,274,76,275,-1,76,75,275,-1,275,75,79,-1,275,79,276,-1,79,78,276,-1,276,78,84,-1,276,84,277,-1,84,83,277,-1,277,83,81,-1,277,81,278,-1,278,81,80,-1,278,80,279,-1,80,85,279,-1,279,85,87,-1,279,87,280,-1,87,88,280,-1,280,88,90,-1,280,90,281,-1,281,90,93,-1,281,93,282,-1,282,93,92,-1,282,92,283,-1,283,92,96,-1,96,95,283,-1,283,95,101,-1,283,101,284,-1,101,100,284,-1,284,100,98,-1,284,98,285,-1,285,98,97,-1,285,97,286,-1,97,102,286,-1,286,102,104,-1,286,104,287,-1,104,105,287,-1,287,105,107,-1,287,107,288,-1,288,107,110,-1,288,110,289,-1,289,110,109,-1,289,109,290,-1,290,109,113,-1,113,112,290,-1,290,112,116,-1,290,116,291,-1,291,116,115,-1,291,115,292,-1,292,115,119,-1,292,119,293,-1,119,118,293,-1,293,118,124,-1,293,124,294,-1,124,123,294,-1,294,123,121,-1,294,121,295,-1,295,121,120,-1,295,120,296,-1,296,120,125,-1,296,125,297,-1,297,125,127,-1,127,128,297,-1,297,128,130,-1,297,130,298,-1,298,130,133,-1,298,133,299,-1,133,132,299,-1,299,132,136,-1,299,136,300,-1,136,135,300,-1,300,135,141,-1,300,141,301,-1,141,140,301,-1,301,140,138,-1,301,138,302,-1,302,138,137,-1,302,137,303,-1,137,142,303,-1,303,142,144,-1,303,144,304,-1,144,145,304,-1,304,145,147,-1,304,147,305,-1,305,147,150,-1,305,150,306,-1,306,150,149,-1,306,149,307,-1,307,149,153,-1,153,152,307,-1,307,152,158,-1,307,158,308,-1,158,157,308,-1,308,157,155,-1,308,155,309,-1,309,155,154,-1,309,154,310,-1,154,159,310,-1,310,159,161,-1,310,161,311,-1,161,162,311,-1,311,162,164,-1,311,164,312,-1,312,164,167,-1,312,167,313,-1,313,167,166,-1,313,166,314,-1,314,166,170,-1,170,169,314,-1,314,169,168,-1,314,168,315,-1,315,168,2,-1,315,2,316,-1,316,2,5,-1,316,5,246,-1,246,5,4,-1,246,4,10,-1,315,317,314,-1,314,317,318,-1,314,318,313,-1,313,318,319,-1,313,319,312,-1,312,319,320,-1,312,320,311,-1,311,320,321,-1,311,321,310,-1,310,321,322,-1,310,322,309,-1,309,322,323,-1,309,323,308,-1,308,323,324,-1,308,324,307,-1,307,324,325,-1,307,325,306,-1,306,325,326,-1,306,326,305,-1,305,326,327,-1,305,327,304,-1,304,327,328,-1,304,328,303,-1,303,328,329,-1,303,329,302,-1,302,329,330,-1,302,330,301,-1,301,330,331,-1,301,331,300,-1,300,331,332,-1,300,332,299,-1,299,332,333,-1,299,333,298,-1,298,333,334,-1,298,334,297,-1,297,334,335,-1,297,335,296,-1,296,335,336,-1,296,336,295,-1,295,336,337,-1,295,337,294,-1,294,337,338,-1,294,338,293,-1,293,338,339,-1,293,339,292,-1,292,339,340,-1,292,340,291,-1,291,340,341,-1,291,341,290,-1,290,341,342,-1,290,342,289,-1,289,342,343,-1,289,343,288,-1,288,343,344,-1,288,344,287,-1,287,344,345,-1,287,345,286,-1,286,345,346,-1,286,346,285,-1,285,346,347,-1,285,347,284,-1,284,347,348,-1,284,348,283,-1,283,348,349,-1,283,349,282,-1,282,349,350,-1,282,350,281,-1,281,350,351,-1,281,351,280,-1,280,351,352,-1,280,352,279,-1,279,352,353,-1,279,353,278,-1,278,353,354,-1,278,354,277,-1,277,354,355,-1,277,355,276,-1,276,355,356,-1,276,356,275,-1,275,356,357,-1,275,357,274,-1,274,357,358,-1,274,358,273,-1,273,358,359,-1,273,359,272,-1,272,359,360,-1,272,360,271,-1,271,360,361,-1,271,361,270,-1,270,361,362,-1,270,362,269,-1,269,362,363,-1,269,363,268,-1,268,363,364,-1,268,364,267,-1,267,364,365,-1,267,365,266,-1,266,365,366,-1,266,366,265,-1,265,366,367,-1,265,367,264,-1,264,367,368,-1,264,368,263,-1,263,368,369,-1,263,369,262,-1,262,369,370,-1,262,370,261,-1,261,370,371,-1,261,371,260,-1,260,371,372,-1,260,372,259,-1,259,372,373,-1,259,373,258,-1,258,373,374,-1,258,374,257,-1,257,374,375,-1,257,375,256,-1,256,375,376,-1,256,376,255,-1,255,376,377,-1,255,377,254,-1,254,377,378,-1,254,378,253,-1,253,378,379,-1,253,379,252,-1,252,379,380,-1,252,380,251,-1,251,380,381,-1,251,381,250,-1,250,381,382,-1,250,382,249,-1,249,382,383,-1,249,383,248,-1,248,383,384,-1,248,384,247,-1,247,384,385,-1,247,385,245,-1,245,385,386,-1,245,386,246,-1,246,386,387,-1,246,387,316,-1,316,387,388,-1,316,388,315,-1,315,388,317,-1,388,389,317,-1,317,389,390,-1,317,390,318,-1,318,390,391,-1,318,391,319,-1,319,391,392,-1,319,392,320,-1,320,392,393,-1,320,393,321,-1,321,393,394,-1,321,394,322,-1,322,394,395,-1,322,395,323,-1,323,395,396,-1,323,396,324,-1,324,396,397,-1,324,397,325,-1,325,397,398,-1,325,398,326,-1,326,398,399,-1,326,399,327,-1,327,399,400,-1,327,400,328,-1,328,400,401,-1,328,401,329,-1,329,401,402,-1,329,402,330,-1,330,402,403,-1,330,403,331,-1,331,403,404,-1,331,404,332,-1,332,404,405,-1,332,405,333,-1,333,405,406,-1,333,406,334,-1,334,406,407,-1,334,407,335,-1,335,407,408,-1,335,408,336,-1,336,408,409,-1,336,409,337,-1,337,409,410,-1,337,410,338,-1,338,410,411,-1,338,411,339,-1,339,411,412,-1,339,412,340,-1,340,412,413,-1,340,413,341,-1,341,413,414,-1,341,414,342,-1,342,414,415,-1,342,415,343,-1,343,415,416,-1,343,416,344,-1,344,416,417,-1,344,417,345,-1,345,417,418,-1,345,418,346,-1,346,418,419,-1,346,419,347,-1,347,419,420,-1,347,420,348,-1,348,420,421,-1,348,421,349,-1,349,421,422,-1,349,422,350,-1,350,422,423,-1,350,423,351,-1,351,423,424,-1,351,424,352,-1,352,424,425,-1,352,425,353,-1,353,425,426,-1,353,426,354,-1,354,426,427,-1,354,427,355,-1,355,427,428,-1,355,428,356,-1,356,428,429,-1,356,429,357,-1,357,429,430,-1,357,430,358,-1,358,430,431,-1,358,431,359,-1,359,431,432,-1,359,432,360,-1,360,432,433,-1,360,433,361,-1,361,433,434,-1,361,434,362,-1,362,434,435,-1,362,435,363,-1,363,435,436,-1,363,436,364,-1,364,436,437,-1,364,437,365,-1,365,437,438,-1,365,438,366,-1,366,438,439,-1,366,439,367,-1,367,439,440,-1,367,440,368,-1,368,440,441,-1,368,441,369,-1,369,441,442,-1,369,442,370,-1,370,442,443,-1,370,443,371,-1,371,443,444,-1,371,444,372,-1,372,444,445,-1,372,445,373,-1,373,445,446,-1,373,446,374,-1,374,446,447,-1,374,447,375,-1,375,447,448,-1,375,448,376,-1,376,448,449,-1,376,449,377,-1,377,449,450,-1,377,450,378,-1,378,450,451,-1,378,451,379,-1,379,451,452,-1,379,452,380,-1,380,452,453,-1,380,453,381,-1,381,453,454,-1,381,454,382,-1,382,454,455,-1,382,455,383,-1,383,455,456,-1,383,456,384,-1,384,456,457,-1,384,457,385,-1,385,457,458,-1,385,458,386,-1,386,458,459,-1,386,459,387,-1,387,459,460,-1,387,460,388,-1,388,460,389,-1,460,461,389,-1,389,461,462,-1,389,462,390,-1,390,462,463,-1,390,463,391,-1,391,463,464,-1,391,464,392,-1,392,464,465,-1,392,465,393,-1,393,465,466,-1,393,466,394,-1,394,466,467,-1,394,467,395,-1,395,467,468,-1,395,468,396,-1,396,468,469,-1,396,469,397,-1,397,469,470,-1,397,470,398,-1,398,470,471,-1,398,471,399,-1,399,471,472,-1,399,472,400,-1,400,472,473,-1,400,473,401,-1,401,473,474,-1,401,474,402,-1,402,474,475,-1,402,475,403,-1,403,475,476,-1,403,476,404,-1,404,476,477,-1,404,477,405,-1,405,477,478,-1,405,478,406,-1,406,478,479,-1,406,479,407,-1,407,479,480,-1,407,480,408,-1,408,480,481,-1,408,481,409,-1,409,481,482,-1,409,482,410,-1,410,482,483,-1,410,483,411,-1,411,483,484,-1,411,484,412,-1,412,484,485,-1,412,485,413,-1,413,485,486,-1,413,486,414,-1,414,486,487,-1,414,487,415,-1,415,487,488,-1,415,488,416,-1,416,488,489,-1,416,489,417,-1,417,489,490,-1,417,490,418,-1,418,490,491,-1,418,491,419,-1,419,491,492,-1,419,492,420,-1,420,492,493,-1,420,493,421,-1,421,493,494,-1,421,494,422,-1,422,494,495,-1,422,495,423,-1,423,495,496,-1,423,496,424,-1,424,496,497,-1,424,497,425,-1,425,497,498,-1,425,498,426,-1,426,498,499,-1,426,499,427,-1,427,499,500,-1,427,500,428,-1,428,500,501,-1,428,501,429,-1,429,501,502,-1,429,502,430,-1,430,502,503,-1,430,503,431,-1,431,503,504,-1,431,504,432,-1,432,504,505,-1,432,505,433,-1,433,505,506,-1,433,506,434,-1,434,506,507,-1,434,507,435,-1,435,507,508,-1,435,508,436,-1,436,508,509,-1,436,509,437,-1,437,509,510,-1,437,510,438,-1,438,510,511,-1,438,511,439,-1,439,511,512,-1,439,512,440,-1,440,512,513,-1,440,513,441,-1,441,513,514,-1,441,514,442,-1,442,514,515,-1,442,515,443,-1,443,515,516,-1,443,516,444,-1,444,516,517,-1,444,517,445,-1,445,517,518,-1,445,518,446,-1,446,518,519,-1,446,519,447,-1,447,519,520,-1,447,520,448,-1,448,520,521,-1,448,521,449,-1,449,521,522,-1,449,522,450,-1,450,522,523,-1,450,523,451,-1,451,523,524,-1,451,524,452,-1,452,524,525,-1,452,525,453,-1,453,525,526,-1,453,526,454,-1,454,526,527,-1,454,527,455,-1,455,527,528,-1,455,528,456,-1,456,528,529,-1,456,529,457,-1,457,529,530,-1,457,530,458,-1,458,530,531,-1,458,531,459,-1,459,531,532,-1,459,532,460,-1,460,532,461,-1,532,533,461,-1,461,533,534,-1,461,534,462,-1,462,534,535,-1,462,535,463,-1,463,535,536,-1,463,536,464,-1,464,536,537,-1,464,537,465,-1,465,537,538,-1,465,538,466,-1,466,538,539,-1,466,539,467,-1,467,539,540,-1,467,540,468,-1,468,540,541,-1,468,541,469,-1,469,541,542,-1,469,542,470,-1,470,542,543,-1,470,543,471,-1,471,543,544,-1,471,544,472,-1,472,544,545,-1,472,545,473,-1,473,545,546,-1,473,546,474,-1,474,546,547,-1,474,547,475,-1,475,547,548,-1,475,548,476,-1,476,548,549,-1,476,549,477,-1,477,549,550,-1,477,550,478,-1,478,550,551,-1,478,551,479,-1,479,551,552,-1,479,552,480,-1,480,552,553,-1,480,553,481,-1,481,553,554,-1,481,554,482,-1,482,554,555,-1,482,555,483,-1,483,555,556,-1,483,556,484,-1,484,556,557,-1,484,557,485,-1,485,557,558,-1,485,558,486,-1,486,558,559,-1,486,559,487,-1,487,559,560,-1,487,560,488,-1,488,560,561,-1,488,561,489,-1,489,561,562,-1,489,562,490,-1,490,562,563,-1,490,563,491,-1,491,563,564,-1,491,564,492,-1,492,564,565,-1,492,565,493,-1,493,565,566,-1,493,566,494,-1,494,566,567,-1,494,567,495,-1,495,567,568,-1,495,568,496,-1,496,568,569,-1,496,569,497,-1,497,569,570,-1,497,570,498,-1,498,570,571,-1,498,571,499,-1,499,571,572,-1,499,572,500,-1,500,572,573,-1,500,573,501,-1,501,573,574,-1,501,574,502,-1,502,574,575,-1,502,575,503,-1,503,575,576,-1,503,576,504,-1,504,576,577,-1,504,577,505,-1,505,577,578,-1,505,578,506,-1,506,578,579,-1,506,579,507,-1,507,579,580,-1,507,580,508,-1,508,580,581,-1,508,581,509,-1,509,581,582,-1,509,582,510,-1,510,582,583,-1,510,583,511,-1,511,583,584,-1,511,584,512,-1,512,584,585,-1,512,585,513,-1,513,585,586,-1,513,586,514,-1,514,586,587,-1,514,587,515,-1,515,587,588,-1,515,588,516,-1,516,588,589,-1,516,589,517,-1,517,589,590,-1,517,590,518,-1,518,590,591,-1,518,591,519,-1,519,591,592,-1,519,592,520,-1,520,592,593,-1,520,593,521,-1,521,593,594,-1,521,594,522,-1,522,594,595,-1,522,595,523,-1,523,595,596,-1,523,596,524,-1,524,596,597,-1,524,597,525,-1,525,597,598,-1,525,598,526,-1,526,598,599,-1,526,599,527,-1,527,599,600,-1,527,600,528,-1,528,600,601,-1,528,601,529,-1,529,601,602,-1,529,602,530,-1,530,602,603,-1,530,603,531,-1,531,603,604,-1,531,604,532,-1,532,604,533,-1,604,605,533,-1,533,605,606,-1,533,606,534,-1,534,606,607,-1,534,607,535,-1,535,607,608,-1,535,608,536,-1,536,608,609,-1,536,609,537,-1,537,609,610,-1,537,610,538,-1,538,610,611,-1,538,611,539,-1,539,611,612,-1,539,612,540,-1,540,612,613,-1,540,613,541,-1,541,613,614,-1,541,614,542,-1,542,614,615,-1,542,615,543,-1,543,615,616,-1,543,616,544,-1,544,616,617,-1,544,617,545,-1,545,617,618,-1,545,618,546,-1,546,618,619,-1,546,619,547,-1,547,619,620,-1,547,620,548,-1,548,620,621,-1,548,621,549,-1,549,621,622,-1,549,622,550,-1,550,622,623,-1,550,623,551,-1,551,623,624,-1,551,624,552,-1,552,624,625,-1,552,625,553,-1,553,625,626,-1,553,626,554,-1,554,626,627,-1,554,627,555,-1,555,627,628,-1,555,628,556,-1,556,628,629,-1,556,629,557,-1,557,629,630,-1,557,630,558,-1,558,630,631,-1,558,631,559,-1,559,631,632,-1,559,632,560,-1,560,632,633,-1,560,633,561,-1,561,633,634,-1,561,634,562,-1,562,634,635,-1,562,635,563,-1,563,635,636,-1,563,636,564,-1,564,636,637,-1,564,637,565,-1,565,637,638,-1,565,638,566,-1,566,638,639,-1,566,639,567,-1,567,639,640,-1,567,640,568,-1,568,640,641,-1,568,641,569,-1,569,641,642,-1,569,642,570,-1,570,642,643,-1,570,643,571,-1,571,643,644,-1,571,644,572,-1,572,644,645,-1,572,645,573,-1,573,645,646,-1,573,646,574,-1,574,646,647,-1,574,647,575,-1,575,647,648,-1,575,648,576,-1,576,648,649,-1,576,649,577,-1,577,649,650,-1,577,650,578,-1,578,650,651,-1,578,651,579,-1,579,651,652,-1,579,652,580,-1,580,652,653,-1,580,653,581,-1,581,653,654,-1,581,654,582,-1,582,654,655,-1,582,655,583,-1,583,655,656,-1,583,656,584,-1,584,656,657,-1,584,657,585,-1,585,657,658,-1,585,658,586,-1,586,658,659,-1,586,659,587,-1,587,659,660,-1,587,660,588,-1,588,660,661,-1,588,661,589,-1,589,661,662,-1,589,662,590,-1,590,662,663,-1,590,663,591,-1,591,663,664,-1,591,664,592,-1,592,664,665,-1,592,665,593,-1,593,665,666,-1,593,666,594,-1,594,666,667,-1,594,667,595,-1,595,667,668,-1,595,668,596,-1,596,668,669,-1,596,669,597,-1,597,669,670,-1,597,670,598,-1,598,670,671,-1,598,671,599,-1,599,671,672,-1,599,672,600,-1,600,672,673,-1,600,673,601,-1,601,673,674,-1,601,674,602,-1,602,674,675,-1,602,675,603,-1,603,675,676,-1,603,676,604,-1,604,676,605,-1,676,677,605,-1,605,677,678,-1,605,678,606,-1,606,678,679,-1,606,679,607,-1,607,679,680,-1,607,680,608,-1,608,680,681,-1,608,681,609,-1,609,681,682,-1,609,682,610,-1,610,682,683,-1,610,683,611,-1,611,683,684,-1,611,684,612,-1,612,684,685,-1,612,685,613,-1,613,685,686,-1,613,686,614,-1,614,686,687,-1,614,687,615,-1,615,687,688,-1,615,688,616,-1,616,688,689,-1,616,689,617,-1,617,689,690,-1,617,690,618,-1,618,690,691,-1,618,691,619,-1,619,691,692,-1,619,692,620,-1,620,692,693,-1,620,693,621,-1,621,693,694,-1,621,694,622,-1,622,694,695,-1,622,695,623,-1,623,695,696,-1,623,696,624,-1,624,696,697,-1,624,697,625,-1,625,697,698,-1,625,698,626,-1,626,698,699,-1,626,699,627,-1,627,699,700,-1,627,700,628,-1,628,700,701,-1,628,701,629,-1,629,701,702,-1,629,702,630,-1,630,702,703,-1,630,703,631,-1,631,703,704,-1,631,704,632,-1,632,704,705,-1,632,705,633,-1,633,705,706,-1,633,706,634,-1,634,706,707,-1,634,707,635,-1,635,707,708,-1,635,708,636,-1,636,708,709,-1,636,709,637,-1,637,709,710,-1,637,710,638,-1,638,710,711,-1,638,711,639,-1,639,711,712,-1,639,712,640,-1,640,712,713,-1,640,713,641,-1,641,713,714,-1,641,714,642,-1,642,714,715,-1,642,715,643,-1,643,715,716,-1,643,716,644,-1,644,716,717,-1,644,717,645,-1,645,717,718,-1,645,718,646,-1,646,718,719,-1,646,719,647,-1,647,719,720,-1,647,720,648,-1,648,720,721,-1,648,721,649,-1,649,721,722,-1,649,722,650,-1,650,722,723,-1,650,723,651,-1,651,723,724,-1,651,724,652,-1,652,724,725,-1,652,725,653,-1,653,725,726,-1,653,726,654,-1,654,726,727,-1,654,727,655,-1,655,727,728,-1,655,728,656,-1,656,728,729,-1,656,729,657,-1,657,729,730,-1,657,730,658,-1,658,730,731,-1,658,731,659,-1,659,731,732,-1,659,732,660,-1,660,732,733,-1,660,733,661,-1,661,733,734,-1,661,734,662,-1,662,734,735,-1,662,735,663,-1,663,735,736,-1,663,736,664,-1,664,736,737,-1,664,737,665,-1,665,737,738,-1,665,738,666,-1,666,738,739,-1,666,739,667,-1,667,739,740,-1,667,740,668,-1,668,740,741,-1,668,741,669,-1,669,741,742,-1,669,742,670,-1,670,742,743,-1,670,743,671,-1,671,743,744,-1,671,744,672,-1,672,744,745,-1,672,745,673,-1,673,745,746,-1,673,746,674,-1,674,746,747,-1,674,747,675,-1,675,747,748,-1,675,748,676,-1,676,748,677,-1,748,749,677,-1,677,749,750,-1,677,750,678,-1,678,750,751,-1,678,751,679,-1,679,751,752,-1,679,752,680,-1,680,752,753,-1,680,753,681,-1,681,753,754,-1,681,754,682,-1,682,754,755,-1,682,755,683,-1,683,755,756,-1,683,756,684,-1,684,756,757,-1,684,757,685,-1,685,757,758,-1,685,758,686,-1,686,758,759,-1,686,759,687,-1,687,759,760,-1,687,760,688,-1,688,760,761,-1,688,761,689,-1,689,761,762,-1,689,762,690,-1,690,762,763,-1,690,763,691,-1,691,763,764,-1,691,764,692,-1,692,764,765,-1,692,765,693,-1,693,765,766,-1,693,766,694,-1,694,766,767,-1,694,767,695,-1,695,767,768,-1,695,768,696,-1,696,768,769,-1,696,769,697,-1,697,769,770,-1,697,770,698,-1,698,770,771,-1,698,771,699,-1,699,771,772,-1,699,772,700,-1,700,772,773,-1,700,773,701,-1,701,773,774,-1,701,774,702,-1,702,774,775,-1,702,775,703,-1,703,775,776,-1,703,776,704,-1,704,776,777,-1,704,777,705,-1,705,777,778,-1,705,778,706,-1,706,778,779,-1,706,779,707,-1,707,779,780,-1,707,780,708,-1,708,780,781,-1,708,781,709,-1,709,781,782,-1,709,782,710,-1,710,782,783,-1,710,783,711,-1,711,783,784,-1,711,784,712,-1,712,784,785,-1,712,785,713,-1,713,785,786,-1,713,786,714,-1,714,786,787,-1,714,787,715,-1,715,787,788,-1,715,788,716,-1,716,788,789,-1,716,789,717,-1,717,789,790,-1,717,790,718,-1,718,790,791,-1,718,791,719,-1,719,791,792,-1,719,792,720,-1,720,792,793,-1,720,793,721,-1,721,793,794,-1,721,794,722,-1,722,794,795,-1,722,795,723,-1,723,795,796,-1,723,796,724,-1,724,796,797,-1,724,797,725,-1,725,797,798,-1,725,798,726,-1,726,798,799,-1,726,799,727,-1,727,799,800,-1,727,800,728,-1,728,800,801,-1,728,801,729,-1,729,801,802,-1,729,802,730,-1,730,802,803,-1,730,803,731,-1,731,803,804,-1,731,804,732,-1,732,804,805,-1,732,805,733,-1,733,805,806,-1,733,806,734,-1,734,806,807,-1,734,807,735,-1,735,807,808,-1,735,808,736,-1,736,808,809,-1,736,809,737,-1,737,809,810,-1,737,810,738,-1,738,810,811,-1,738,811,739,-1,739,811,812,-1,739,812,740,-1,740,812,813,-1,740,813,741,-1,741,813,814,-1,741,814,742,-1,742,814,815,-1,742,815,743,-1,743,815,816,-1,743,816,744,-1,744,816,817,-1,744,817,745,-1,745,817,818,-1,745,818,746,-1,746,818,819,-1,746,819,747,-1,747,819,820,-1,747,820,748,-1,748,820,749,-1,820,821,749,-1,749,821,822,-1,749,822,750,-1,750,822,823,-1,750,823,751,-1,751,823,824,-1,751,824,752,-1,752,824,825,-1,752,825,753,-1,753,825,826,-1,753,826,754,-1,754,826,827,-1,754,827,755,-1,755,827,828,-1,755,828,756,-1,756,828,829,-1,756,829,757,-1,757,829,830,-1,757,830,758,-1,758,830,831,-1,758,831,759,-1,759,831,832,-1,759,832,760,-1,760,832,833,-1,760,833,761,-1,761,833,834,-1,761,834,762,-1,762,834,835,-1,762,835,763,-1,763,835,836,-1,763,836,764,-1,764,836,837,-1,764,837,765,-1,765,837,838,-1,765,838,766,-1,766,838,839,-1,766,839,767,-1,767,839,840,-1,767,840,768,-1,768,840,841,-1,768,841,769,-1,769,841,842,-1,769,842,770,-1,770,842,843,-1,770,843,771,-1,771,843,844,-1,771,844,772,-1,772,844,845,-1,772,845,773,-1,773,845,846,-1,773,846,774,-1,774,846,847,-1,774,847,775,-1,775,847,848,-1,775,848,776,-1,776,848,849,-1,776,849,777,-1,777,849,850,-1,777,850,778,-1,778,850,851,-1,778,851,779,-1,779,851,852,-1,779,852,780,-1,780,852,853,-1,780,853,781,-1,781,853,854,-1,781,854,782,-1,782,854,855,-1,782,855,783,-1,783,855,856,-1,783,856,784,-1,784,856,857,-1,784,857,785,-1,785,857,858,-1,785,858,786,-1,786,858,859,-1,786,859,787,-1,787,859,860,-1,787,860,788,-1,788,860,861,-1,788,861,789,-1,789,861,862,-1,789,862,790,-1,790,862,863,-1,790,863,791,-1,791,863,864,-1,791,864,792,-1,792,864,865,-1,792,865,793,-1,793,865,866,-1,793,866,794,-1,794,866,867,-1,794,867,795,-1,795,867,868,-1,795,868,796,-1,796,868,869,-1,796,869,797,-1,797,869,870,-1,797,870,798,-1,798,870,871,-1,798,871,799,-1,799,871,872,-1,799,872,800,-1,800,872,873,-1,800,873,801,-1,801,873,874,-1,801,874,802,-1,802,874,875,-1,802,875,803,-1,803,875,876,-1,803,876,804,-1,804,876,877,-1,804,877,805,-1,805,877,878,-1,805,878,806,-1,806,878,879,-1,806,879,807,-1,807,879,880,-1,807,880,808,-1,808,880,881,-1,808,881,809,-1,809,881,882,-1,809,882,810,-1,810,882,883,-1,810,883,811,-1,811,883,884,-1,811,884,812,-1,812,884,885,-1,812,885,813,-1,813,885,886,-1,813,886,814,-1,814,886,887,-1,814,887,815,-1,815,887,888,-1,815,888,816,-1,816,888,889,-1,816,889,817,-1,817,889,890,-1,817,890,818,-1,818,890,891,-1,818,891,819,-1,819,891,892,-1,819,892,820,-1,820,892,821,-1,892,893,821,-1,821,893,894,-1,821,894,822,-1,822,894,895,-1,822,895,823,-1,823,895,896,-1,823,896,824,-1,824,896,897,-1,824,897,825,-1,825,897,898,-1,825,898,826,-1,826,898,899,-1,826,899,827,-1,827,899,900,-1,827,900,828,-1,828,900,901,-1,828,901,829,-1,829,901,902,-1,829,902,830,-1,830,902,903,-1,830,903,831,-1,831,903,904,-1,831,904,832,-1,832,904,905,-1,832,905,833,-1,833,905,906,-1,833,906,834,-1,834,906,907,-1,834,907,835,-1,835,907,908,-1,835,908,836,-1,836,908,909,-1,836,909,837,-1,837,909,910,-1,837,910,838,-1,838,910,911,-1,838,911,839,-1,839,911,912,-1,839,912,840,-1,840,912,913,-1,840,913,841,-1,841,913,914,-1,841,914,842,-1,842,914,915,-1,842,915,843,-1,843,915,916,-1,843,916,844,-1,844,916,917,-1,844,917,845,-1,845,917,918,-1,845,918,846,-1,846,918,919,-1,846,919,847,-1,847,919,920,-1,847,920,848,-1,848,920,921,-1,848,921,849,-1,849,921,922,-1,849,922,850,-1,850,922,923,-1,850,923,851,-1,851,923,924,-1,851,924,852,-1,852,924,925,-1,852,925,853,-1,853,925,926,-1,853,926,854,-1,854,926,927,-1,854,927,855,-1,855,927,928,-1,855,928,856,-1,856,928,929,-1,856,929,857,-1,857,929,930,-1,857,930,858,-1,858,930,931,-1,858,931,859,-1,859,931,932,-1,859,932,860,-1,860,932,933,-1,860,933,861,-1,861,933,934,-1,861,934,862,-1,862,934,935,-1,862,935,863,-1,863,935,936,-1,863,936,864,-1,864,936,937,-1,864,937,865,-1,865,937,938,-1,865,938,866,-1,866,938,939,-1,866,939,867,-1,867,939,940,-1,867,940,868,-1,868,940,941,-1,868,941,869,-1,869,941,942,-1,869,942,870,-1,870,942,943,-1,870,943,871,-1,871,943,944,-1,871,944,872,-1,872,944,945,-1,872,945,873,-1,873,945,946,-1,873,946,874,-1,874,946,947,-1,874,947,875,-1,875,947,948,-1,875,948,876,-1,876,948,949,-1,876,949,877,-1,877,949,950,-1,877,950,878,-1,878,950,951,-1,878,951,879,-1,879,951,952,-1,879,952,880,-1,880,952,953,-1,880,953,881,-1,881,953,954,-1,881,954,882,-1,882,954,955,-1,882,955,883,-1,883,955,956,-1,883,956,884,-1,884,956,957,-1,884,957,885,-1,885,957,958,-1,885,958,886,-1,886,958,959,-1,886,959,887,-1,887,959,960,-1,887,960,888,-1,888,960,961,-1,888,961,889,-1,889,961,962,-1,889,962,890,-1,890,962,963,-1,890,963,891,-1,891,963,964,-1,891,964,892,-1,892,964,893,-1,964,172,893,-1,893,172,171,-1,893,171,894,-1,894,171,178,-1,894,178,895,-1,895,178,177,-1,895,177,896,-1,896,177,176,-1,896,176,897,-1,897,176,181,-1,897,181,898,-1,898,181,180,-1,898,180,899,-1,899,180,179,-1,899,179,900,-1,900,179,184,-1,900,184,901,-1,901,184,183,-1,901,183,902,-1,902,183,182,-1,902,182,903,-1,903,182,187,-1,903,187,904,-1,904,187,186,-1,904,186,905,-1,905,186,185,-1,905,185,906,-1,906,185,190,-1,906,190,907,-1,907,190,189,-1,907,189,908,-1,908,189,188,-1,908,188,909,-1,909,188,193,-1,909,193,910,-1,910,193,192,-1,910,192,911,-1,911,192,191,-1,911,191,912,-1,912,191,196,-1,912,196,913,-1,913,196,195,-1,913,195,914,-1,914,195,194,-1,914,194,915,-1,915,194,199,-1,915,199,916,-1,916,199,198,-1,916,198,917,-1,917,198,197,-1,917,197,918,-1,918,197,202,-1,918,202,919,-1,919,202,201,-1,919,201,920,-1,920,201,200,-1,920,200,921,-1,921,200,205,-1,921,205,922,-1,922,205,204,-1,922,204,923,-1,923,204,203,-1,923,203,924,-1,924,203,208,-1,924,208,925,-1,925,208,207,-1,925,207,926,-1,926,207,206,-1,926,206,927,-1,927,206,211,-1,927,211,928,-1,928,211,210,-1,928,210,929,-1,929,210,209,-1,929,209,930,-1,930,209,214,-1,930,214,931,-1,931,214,213,-1,931,213,932,-1,932,213,212,-1,932,212,933,-1,933,212,217,-1,933,217,934,-1,934,217,216,-1,934,216,935,-1,935,216,215,-1,935,215,936,-1,936,215,220,-1,936,220,937,-1,937,220,219,-1,937,219,938,-1,938,219,218,-1,938,218,939,-1,939,218,223,-1,939,223,940,-1,940,223,222,-1,940,222,941,-1,941,222,221,-1,941,221,942,-1,942,221,226,-1,942,226,943,-1,943,226,225,-1,943,225,944,-1,944,225,224,-1,944,224,945,-1,945,224,229,-1,945,229,946,-1,946,229,228,-1,946,228,947,-1,947,228,227,-1,947,227,948,-1,948,227,232,-1,948,232,949,-1,949,232,231,-1,949,231,950,-1,950,231,230,-1,950,230,951,-1,951,230,235,-1,951,235,952,-1,952,235,234,-1,952,234,953,-1,953,234,233,-1,953,233,954,-1,954,233,238,-1,954,238,955,-1,955,238,237,-1,955,237,956,-1,956,237,236,-1,956,236,957,-1,957,236,241,-1,957,241,958,-1,958,241,240,-1,958,240,959,-1,959,240,239,-1,959,239,960,-1,960,239,243,-1,960,243,961,-1,961,243,242,-1,961,242,962,-1,962,242,175,-1,962,175,963,-1,963,175,174,-1,963,174,964,-1,964,174,172,-1,965,966,967,-1,968,969,966,-1,966,969,970,-1,966,970,967,-1,971,972,973,-1,973,972,974,-1,973,974,968,-1,968,974,975,-1,968,975,969,-1,971,973,976,-1,976,973,977,-1,976,977,978,-1,978,977,979,-1,979,977,980,-1,979,980,981,-1,982,983,980,-1,980,983,984,-1,980,984,981,-1,985,986,982,-1,982,986,987,-1,982,987,983,-1,988,989,990,-1,990,989,991,-1,990,991,985,-1,985,991,992,-1,985,992,986,-1,988,990,993,-1,993,990,994,-1,993,994,995,-1,995,994,996,-1,996,994,997,-1,996,997,998,-1,999,1000,997,-1,997,1000,1001,-1,997,1001,998,-1,1002,1003,999,-1,999,1003,1004,-1,999,1004,1000,-1,1005,1006,1007,-1,1007,1006,1008,-1,1007,1008,1002,-1,1002,1008,1009,-1,1002,1009,1003,-1,1005,1007,1010,-1,1010,1007,1011,-1,1010,1011,1012,-1,1012,1011,1013,-1,1013,1011,1014,-1,1013,1014,1015,-1,1016,1017,1014,-1,1014,1017,1018,-1,1014,1018,1015,-1,1019,1020,1016,-1,1016,1020,1021,-1,1016,1021,1017,-1,1022,1023,1019,-1,1019,1023,1024,-1,1019,1024,1020,-1,1025,1026,1022,-1,1022,1026,1027,-1,1022,1027,1023,-1,1028,1029,1030,-1,1030,1029,1031,-1,1030,1031,1025,-1,1025,1031,1032,-1,1025,1032,1026,-1,1028,1030,1033,-1,1033,1030,1034,-1,1033,1034,1035,-1,1035,1034,1036,-1,1036,1034,1037,-1,1036,1037,1038,-1,1039,1040,1037,-1,1037,1040,1041,-1,1037,1041,1038,-1,1042,1043,1039,-1,1039,1043,1044,-1,1039,1044,1040,-1,1045,1046,1047,-1,1047,1046,1048,-1,1047,1048,1042,-1,1042,1048,1049,-1,1042,1049,1043,-1,1045,1047,1050,-1,1050,1047,1051,-1,1050,1051,1052,-1,1052,1051,1053,-1,1052,1053,1054,-1,1054,1053,1055,-1,1054,1055,1056,-1,1057,1058,1055,-1,1055,1058,1059,-1,1055,1059,1056,-1,1060,1061,1057,-1,1057,1061,1062,-1,1057,1062,1058,-1,1063,1064,1065,-1,1065,1064,1066,-1,1065,1066,1060,-1,1060,1066,1067,-1,1060,1067,1061,-1,1063,1065,1068,-1,1068,1065,1069,-1,1068,1069,1070,-1,1070,1069,1071,-1,1071,1069,1072,-1,1071,1072,1073,-1,1074,1075,1072,-1,1072,1075,1076,-1,1072,1076,1073,-1,1077,1078,1074,-1,1074,1078,1079,-1,1074,1079,1075,-1,1080,1081,1077,-1,1077,1081,1082,-1,1077,1082,1078,-1,1083,1084,1080,-1,1080,1084,1085,-1,1080,1085,1081,-1,1086,1087,1088,-1,1088,1087,1089,-1,1088,1089,1083,-1,1083,1089,1090,-1,1083,1090,1084,-1,1086,1088,1091,-1,1091,1088,1092,-1,1091,1092,1093,-1,1093,1092,1094,-1,1094,1092,1095,-1,1094,1095,1096,-1,1097,1098,1095,-1,1095,1098,1099,-1,1095,1099,1096,-1,1100,1101,1097,-1,1097,1101,1102,-1,1097,1102,1098,-1,1103,1104,1105,-1,1105,1104,1106,-1,1105,1106,1100,-1,1100,1106,1107,-1,1100,1107,1101,-1,1103,1105,1108,-1,1108,1105,1109,-1,1108,1109,1110,-1,1110,1109,1111,-1,1111,1109,1112,-1,1111,1112,1113,-1,1114,1115,1112,-1,1112,1115,1116,-1,1112,1116,1113,-1,1117,1118,1114,-1,1114,1118,1119,-1,1114,1119,1115,-1,1120,1121,1122,-1,1122,1121,1123,-1,1122,1123,1117,-1,1117,1123,1124,-1,1117,1124,1118,-1,1120,1122,1125,-1,1125,1122,1126,-1,1125,1126,1127,-1,1127,1126,1128,-1,1128,1126,1129,-1,1128,1129,1130,-1,1131,1132,1129,-1,1129,1132,1133,-1,1129,1133,1130,-1,967,1134,965,-1,965,1134,1135,-1,965,1135,1131,-1,1131,1135,1136,-1,1131,1136,1132,-1,1137,1138,1139,-1,1139,1138,1140,-1,1139,1140,1141,-1,1142,1143,1139,-1,1139,1143,1144,-1,1139,1144,1137,-1,1145,1146,1139,-1,1139,1146,1147,-1,1139,1147,1142,-1,1148,1149,1139,-1,1139,1149,1150,-1,1139,1150,1145,-1,1151,1152,1139,-1,1139,1152,1153,-1,1139,1153,1148,-1,1154,1155,1139,-1,1139,1155,1156,-1,1139,1156,1151,-1,1157,1158,1139,-1,1139,1158,1159,-1,1139,1159,1154,-1,1160,1161,1139,-1,1139,1161,1162,-1,1139,1162,1157,-1,1163,1164,1139,-1,1139,1164,1165,-1,1139,1165,1160,-1,1166,1167,1139,-1,1139,1167,1168,-1,1139,1168,1163,-1,1169,1170,1139,-1,1139,1170,1171,-1,1139,1171,1166,-1,1172,1173,1139,-1,1139,1173,1174,-1,1139,1174,1169,-1,1175,1176,1139,-1,1139,1176,1177,-1,1139,1177,1172,-1,1178,1179,1139,-1,1139,1179,1180,-1,1139,1180,1175,-1,1181,1182,1139,-1,1139,1182,1183,-1,1139,1183,1178,-1,1184,1185,1139,-1,1139,1185,1186,-1,1139,1186,1181,-1,1187,1188,1139,-1,1139,1188,1189,-1,1139,1189,1184,-1,1190,1191,1139,-1,1139,1191,1192,-1,1139,1192,1187,-1,1193,1194,1139,-1,1139,1194,1195,-1,1139,1195,1190,-1,1196,1197,1139,-1,1139,1197,1198,-1,1139,1198,1193,-1,1199,1200,1139,-1,1139,1200,1201,-1,1139,1201,1196,-1,1202,1203,1139,-1,1139,1203,1204,-1,1139,1204,1199,-1,1205,1206,1139,-1,1139,1206,1207,-1,1139,1207,1202,-1,1141,1208,1139,-1,1139,1208,1209,-1,1139,1209,1205,-1,1051,1047,1210,-1,1057,1055,1210,-1,1210,1055,1053,-1,1210,1053,1051,-1,1069,1065,1210,-1,1210,1065,1060,-1,1210,1060,1057,-1,1077,1074,1210,-1,1210,1074,1072,-1,1210,1072,1069,-1,1088,1083,1210,-1,1210,1083,1080,-1,1210,1080,1077,-1,1097,1095,1210,-1,1210,1095,1092,-1,1210,1092,1088,-1,1109,1105,1210,-1,1210,1105,1100,-1,1210,1100,1097,-1,1117,1114,1210,-1,1210,1114,1112,-1,1210,1112,1109,-1,1129,1126,1210,-1,1210,1126,1122,-1,1210,1122,1117,-1,966,965,1210,-1,1210,965,1131,-1,1210,1131,1129,-1,977,973,1210,-1,1210,973,968,-1,1210,968,966,-1,985,982,1210,-1,1210,982,980,-1,1210,980,977,-1,997,994,1210,-1,1210,994,990,-1,1210,990,985,-1,1007,1002,1210,-1,1210,1002,999,-1,1210,999,997,-1,1016,1014,1210,-1,1210,1014,1011,-1,1210,1011,1007,-1,1025,1022,1210,-1,1210,1022,1019,-1,1210,1019,1016,-1,1037,1034,1210,-1,1210,1034,1030,-1,1210,1030,1025,-1,1047,1042,1210,-1,1210,1042,1039,-1,1210,1039,1037,-1,1052,1054,1211,-1,1059,1058,1212,-1,1067,1066,1213,-1,1063,1068,1214,-1,1070,1071,1215,-1,1076,1075,1216,-1,1085,1084,1217,-1,1090,1089,1218,-1,1086,1091,1219,-1,1099,1098,1220,-1,1102,1101,1221,-1,1107,1106,1222,-1,1103,1108,1223,-1,1110,1111,1224,-1,1116,1115,1225,-1,1124,1123,1226,-1,1120,1125,1227,-1,1127,1128,1228,-1,1133,1132,1229,-1,970,969,1230,-1,975,974,1231,-1,971,976,1232,-1,984,983,1233,-1,987,986,1234,-1,992,991,1235,-1,988,993,1236,-1,995,996,1237,-1,1001,1000,1238,-1,1009,1008,1239,-1,1005,1010,1240,-1,1012,1013,1241,-1,1018,1017,1242,-1,1027,1026,1243,-1,1032,1031,1244,-1,1028,1033,1245,-1,1041,1040,1246,-1,1044,1043,1247,-1,1049,1048,1248,-1,1045,1050,1249,-1,1147,1146,1250,-1,1250,1146,1251,-1,1250,1251,1252,-1,1252,1251,1253,-1,1252,1253,1254,-1,1254,1253,1255,-1,1254,1255,1256,-1,1256,1255,1257,-1,1256,1257,1258,-1,1258,1257,1259,-1,1258,1259,1260,-1,1260,1259,1261,-1,1260,1261,1262,-1,1262,1261,1263,-1,1262,1263,1264,-1,1264,1263,1265,-1,1264,1265,1266,-1,1266,1265,1267,-1,1266,1267,1268,-1,1268,1267,1245,-1,1152,1151,1269,-1,1269,1151,1270,-1,1269,1270,1271,-1,1271,1270,1272,-1,1271,1272,1273,-1,1273,1272,1274,-1,1273,1274,1275,-1,1275,1274,1276,-1,1275,1276,1277,-1,1277,1276,1278,-1,1277,1278,1279,-1,1279,1278,1280,-1,1279,1280,1281,-1,1281,1280,1282,-1,1281,1282,1283,-1,1283,1282,1284,-1,1283,1284,1285,-1,1285,1284,1286,-1,1285,1286,1287,-1,1287,1286,1242,-1,1157,1162,1288,-1,1288,1162,1289,-1,1288,1289,1290,-1,1290,1289,1291,-1,1290,1291,1292,-1,1292,1291,1293,-1,1292,1293,1294,-1,1294,1293,1295,-1,1294,1295,1296,-1,1296,1295,1297,-1,1296,1297,1298,-1,1298,1297,1299,-1,1298,1299,1300,-1,1300,1299,1301,-1,1300,1301,1302,-1,1302,1301,1303,-1,1302,1303,1304,-1,1304,1303,1305,-1,1304,1305,1306,-1,1306,1305,1238,-1,1171,1170,1307,-1,1307,1170,1308,-1,1307,1308,1309,-1,1309,1308,1310,-1,1309,1310,1311,-1,1311,1310,1312,-1,1311,1312,1313,-1,1313,1312,1314,-1,1313,1314,1315,-1,1315,1314,1316,-1,1315,1316,1317,-1,1317,1316,1318,-1,1317,1318,1319,-1,1319,1318,1320,-1,1319,1320,1321,-1,1321,1320,1322,-1,1321,1322,1323,-1,1323,1322,1324,-1,1323,1324,1325,-1,1325,1324,1232,-1,1176,1175,1326,-1,1326,1175,1327,-1,1326,1327,1328,-1,1328,1327,1329,-1,1328,1329,1330,-1,1330,1329,1331,-1,1330,1331,1332,-1,1332,1331,1333,-1,1332,1333,1334,-1,1334,1333,1335,-1,1334,1335,1336,-1,1336,1335,1337,-1,1336,1337,1338,-1,1338,1337,1339,-1,1338,1339,1340,-1,1340,1339,1341,-1,1340,1341,1342,-1,1342,1341,1343,-1,1342,1343,1344,-1,1344,1343,1229,-1,1181,1186,1345,-1,1345,1186,1346,-1,1345,1346,1347,-1,1347,1346,1348,-1,1347,1348,1349,-1,1349,1348,1350,-1,1349,1350,1351,-1,1351,1350,1352,-1,1351,1352,1353,-1,1353,1352,1354,-1,1353,1354,1355,-1,1355,1354,1356,-1,1355,1356,1357,-1,1357,1356,1358,-1,1357,1358,1359,-1,1359,1358,1360,-1,1359,1360,1361,-1,1361,1360,1362,-1,1361,1362,1363,-1,1363,1362,1225,-1,1195,1194,1364,-1,1364,1194,1365,-1,1364,1365,1366,-1,1366,1365,1367,-1,1366,1367,1368,-1,1368,1367,1369,-1,1368,1369,1370,-1,1370,1369,1371,-1,1370,1371,1372,-1,1372,1371,1373,-1,1372,1373,1374,-1,1374,1373,1375,-1,1374,1375,1376,-1,1376,1375,1377,-1,1376,1377,1378,-1,1378,1377,1379,-1,1378,1379,1380,-1,1380,1379,1381,-1,1380,1381,1382,-1,1382,1381,1219,-1,1200,1199,1383,-1,1383,1199,1384,-1,1383,1384,1385,-1,1385,1384,1386,-1,1385,1386,1387,-1,1387,1386,1388,-1,1387,1388,1389,-1,1389,1388,1390,-1,1389,1390,1391,-1,1391,1390,1392,-1,1391,1392,1393,-1,1393,1392,1394,-1,1393,1394,1395,-1,1395,1394,1396,-1,1395,1396,1397,-1,1397,1396,1398,-1,1397,1398,1399,-1,1399,1398,1400,-1,1399,1400,1401,-1,1401,1400,1216,-1,1205,1209,1402,-1,1402,1209,1403,-1,1402,1403,1404,-1,1404,1403,1405,-1,1404,1405,1406,-1,1406,1405,1407,-1,1406,1407,1408,-1,1408,1407,1409,-1,1408,1409,1410,-1,1410,1409,1411,-1,1410,1411,1412,-1,1412,1411,1413,-1,1412,1413,1414,-1,1414,1413,1415,-1,1414,1415,1416,-1,1416,1415,1417,-1,1416,1417,1418,-1,1418,1417,1419,-1,1418,1419,1420,-1,1420,1419,1212,-1,1046,1045,1421,-1,1421,1045,1249,-1,1421,1249,1422,-1,1422,1249,1423,-1,1422,1423,1424,-1,1424,1423,1425,-1,1424,1425,1426,-1,1426,1425,1427,-1,1426,1427,1428,-1,1428,1427,1429,-1,1428,1429,1430,-1,1430,1429,1431,-1,1430,1431,1432,-1,1432,1431,1433,-1,1432,1433,1434,-1,1434,1433,1435,-1,1434,1435,1436,-1,1436,1435,1437,-1,1436,1437,1438,-1,1438,1437,1439,-1,1438,1439,1138,-1,1138,1439,1140,-1,1138,1137,1438,-1,1438,1137,1440,-1,1438,1440,1436,-1,1436,1440,1441,-1,1436,1441,1434,-1,1434,1441,1442,-1,1434,1442,1432,-1,1432,1442,1443,-1,1432,1443,1430,-1,1430,1443,1444,-1,1430,1444,1428,-1,1428,1444,1445,-1,1428,1445,1426,-1,1426,1445,1446,-1,1426,1446,1424,-1,1424,1446,1447,-1,1424,1447,1422,-1,1422,1447,1448,-1,1422,1448,1421,-1,1421,1448,1248,-1,1421,1248,1046,-1,1046,1248,1048,-1,1043,1049,1247,-1,1247,1049,1248,-1,1247,1248,1449,-1,1449,1248,1448,-1,1449,1448,1450,-1,1450,1448,1447,-1,1450,1447,1451,-1,1451,1447,1446,-1,1451,1446,1452,-1,1452,1446,1445,-1,1452,1445,1453,-1,1453,1445,1444,-1,1453,1444,1454,-1,1454,1444,1443,-1,1454,1443,1455,-1,1455,1443,1442,-1,1455,1442,1456,-1,1456,1442,1441,-1,1456,1441,1457,-1,1457,1441,1440,-1,1457,1440,1144,-1,1144,1440,1137,-1,1040,1044,1246,-1,1246,1044,1247,-1,1246,1247,1458,-1,1458,1247,1449,-1,1458,1449,1459,-1,1459,1449,1450,-1,1459,1450,1460,-1,1460,1450,1451,-1,1460,1451,1461,-1,1461,1451,1452,-1,1461,1452,1462,-1,1462,1452,1453,-1,1462,1453,1463,-1,1463,1453,1454,-1,1463,1454,1464,-1,1464,1454,1455,-1,1464,1455,1465,-1,1465,1455,1456,-1,1465,1456,1466,-1,1466,1456,1457,-1,1466,1457,1143,-1,1143,1457,1144,-1,1038,1041,1467,-1,1467,1041,1246,-1,1467,1246,1468,-1,1468,1246,1458,-1,1468,1458,1469,-1,1469,1458,1459,-1,1469,1459,1470,-1,1470,1459,1460,-1,1470,1460,1471,-1,1471,1460,1461,-1,1471,1461,1472,-1,1472,1461,1462,-1,1472,1462,1473,-1,1473,1462,1463,-1,1473,1463,1474,-1,1474,1463,1464,-1,1474,1464,1475,-1,1475,1464,1465,-1,1475,1465,1476,-1,1476,1465,1466,-1,1476,1466,1142,-1,1142,1466,1143,-1,1142,1147,1476,-1,1476,1147,1250,-1,1476,1250,1475,-1,1475,1250,1252,-1,1475,1252,1474,-1,1474,1252,1254,-1,1474,1254,1473,-1,1473,1254,1256,-1,1473,1256,1472,-1,1472,1256,1258,-1,1472,1258,1471,-1,1471,1258,1260,-1,1471,1260,1470,-1,1470,1260,1262,-1,1470,1262,1469,-1,1469,1262,1264,-1,1469,1264,1468,-1,1468,1264,1266,-1,1468,1266,1467,-1,1467,1266,1268,-1,1467,1268,1038,-1,1038,1268,1036,-1,1245,1033,1268,-1,1268,1033,1035,-1,1268,1035,1036,-1,1029,1028,1477,-1,1477,1028,1245,-1,1477,1245,1478,-1,1478,1245,1267,-1,1478,1267,1479,-1,1479,1267,1265,-1,1479,1265,1480,-1,1480,1265,1263,-1,1480,1263,1481,-1,1481,1263,1261,-1,1481,1261,1482,-1,1482,1261,1259,-1,1482,1259,1483,-1,1483,1259,1257,-1,1483,1257,1484,-1,1484,1257,1255,-1,1484,1255,1485,-1,1485,1255,1253,-1,1485,1253,1486,-1,1486,1253,1251,-1,1486,1251,1145,-1,1145,1251,1146,-1,1145,1150,1486,-1,1486,1150,1487,-1,1486,1487,1485,-1,1485,1487,1488,-1,1485,1488,1484,-1,1484,1488,1489,-1,1484,1489,1483,-1,1483,1489,1490,-1,1483,1490,1482,-1,1482,1490,1491,-1,1482,1491,1481,-1,1481,1491,1492,-1,1481,1492,1480,-1,1480,1492,1493,-1,1480,1493,1479,-1,1479,1493,1494,-1,1479,1494,1478,-1,1478,1494,1495,-1,1478,1495,1477,-1,1477,1495,1244,-1,1477,1244,1029,-1,1029,1244,1031,-1,1026,1032,1243,-1,1243,1032,1244,-1,1243,1244,1496,-1,1496,1244,1495,-1,1496,1495,1497,-1,1497,1495,1494,-1,1497,1494,1498,-1,1498,1494,1493,-1,1498,1493,1499,-1,1499,1493,1492,-1,1499,1492,1500,-1,1500,1492,1491,-1,1500,1491,1501,-1,1501,1491,1490,-1,1501,1490,1502,-1,1502,1490,1489,-1,1502,1489,1503,-1,1503,1489,1488,-1,1503,1488,1504,-1,1504,1488,1487,-1,1504,1487,1149,-1,1149,1487,1150,-1,1023,1027,1505,-1,1505,1027,1243,-1,1505,1243,1506,-1,1506,1243,1496,-1,1506,1496,1507,-1,1507,1496,1497,-1,1507,1497,1508,-1,1508,1497,1498,-1,1508,1498,1509,-1,1509,1498,1499,-1,1509,1499,1510,-1,1510,1499,1500,-1,1510,1500,1511,-1,1511,1500,1501,-1,1511,1501,1512,-1,1512,1501,1502,-1,1512,1502,1513,-1,1513,1502,1503,-1,1513,1503,1514,-1,1514,1503,1504,-1,1514,1504,1148,-1,1148,1504,1149,-1,1148,1153,1514,-1,1514,1153,1515,-1,1514,1515,1513,-1,1513,1515,1516,-1,1513,1516,1512,-1,1512,1516,1517,-1,1512,1517,1511,-1,1511,1517,1518,-1,1511,1518,1510,-1,1510,1518,1519,-1,1510,1519,1509,-1,1509,1519,1520,-1,1509,1520,1508,-1,1508,1520,1521,-1,1508,1521,1507,-1,1507,1521,1522,-1,1507,1522,1506,-1,1506,1522,1523,-1,1506,1523,1505,-1,1505,1523,1524,-1,1505,1524,1023,-1,1023,1524,1024,-1,1153,1152,1515,-1,1515,1152,1269,-1,1515,1269,1516,-1,1516,1269,1271,-1,1516,1271,1517,-1,1517,1271,1273,-1,1517,1273,1518,-1,1518,1273,1275,-1,1518,1275,1519,-1,1519,1275,1277,-1,1519,1277,1520,-1,1520,1277,1279,-1,1520,1279,1521,-1,1521,1279,1281,-1,1521,1281,1522,-1,1522,1281,1283,-1,1522,1283,1523,-1,1523,1283,1285,-1,1523,1285,1524,-1,1524,1285,1287,-1,1524,1287,1024,-1,1024,1287,1020,-1,1242,1017,1287,-1,1287,1017,1021,-1,1287,1021,1020,-1,1015,1018,1525,-1,1525,1018,1242,-1,1525,1242,1526,-1,1526,1242,1286,-1,1526,1286,1527,-1,1527,1286,1284,-1,1527,1284,1528,-1,1528,1284,1282,-1,1528,1282,1529,-1,1529,1282,1280,-1,1529,1280,1530,-1,1530,1280,1278,-1,1530,1278,1531,-1,1531,1278,1276,-1,1531,1276,1532,-1,1532,1276,1274,-1,1532,1274,1533,-1,1533,1274,1272,-1,1533,1272,1534,-1,1534,1272,1270,-1,1534,1270,1156,-1,1156,1270,1151,-1,1156,1155,1534,-1,1534,1155,1535,-1,1534,1535,1533,-1,1533,1535,1536,-1,1533,1536,1532,-1,1532,1536,1537,-1,1532,1537,1531,-1,1531,1537,1538,-1,1531,1538,1530,-1,1530,1538,1539,-1,1530,1539,1529,-1,1529,1539,1540,-1,1529,1540,1528,-1,1528,1540,1541,-1,1528,1541,1527,-1,1527,1541,1542,-1,1527,1542,1526,-1,1526,1542,1543,-1,1526,1543,1525,-1,1525,1543,1241,-1,1525,1241,1015,-1,1015,1241,1013,-1,1010,1012,1240,-1,1240,1012,1241,-1,1240,1241,1544,-1,1544,1241,1543,-1,1544,1543,1545,-1,1545,1543,1542,-1,1545,1542,1546,-1,1546,1542,1541,-1,1546,1541,1547,-1,1547,1541,1540,-1,1547,1540,1548,-1,1548,1540,1539,-1,1548,1539,1549,-1,1549,1539,1538,-1,1549,1538,1550,-1,1550,1538,1537,-1,1550,1537,1551,-1,1551,1537,1536,-1,1551,1536,1552,-1,1552,1536,1535,-1,1552,1535,1154,-1,1154,1535,1155,-1,1006,1005,1553,-1,1553,1005,1240,-1,1553,1240,1554,-1,1554,1240,1544,-1,1554,1544,1555,-1,1555,1544,1545,-1,1555,1545,1556,-1,1556,1545,1546,-1,1556,1546,1557,-1,1557,1546,1547,-1,1557,1547,1558,-1,1558,1547,1548,-1,1558,1548,1559,-1,1559,1548,1549,-1,1559,1549,1560,-1,1560,1549,1550,-1,1560,1550,1561,-1,1561,1550,1551,-1,1561,1551,1562,-1,1562,1551,1552,-1,1562,1552,1159,-1,1159,1552,1154,-1,1159,1158,1562,-1,1562,1158,1563,-1,1562,1563,1561,-1,1561,1563,1564,-1,1561,1564,1560,-1,1560,1564,1565,-1,1560,1565,1559,-1,1559,1565,1566,-1,1559,1566,1558,-1,1558,1566,1567,-1,1558,1567,1557,-1,1557,1567,1568,-1,1557,1568,1556,-1,1556,1568,1569,-1,1556,1569,1555,-1,1555,1569,1570,-1,1555,1570,1554,-1,1554,1570,1571,-1,1554,1571,1553,-1,1553,1571,1239,-1,1553,1239,1006,-1,1006,1239,1008,-1,1003,1009,1306,-1,1306,1009,1239,-1,1306,1239,1304,-1,1304,1239,1571,-1,1304,1571,1302,-1,1302,1571,1570,-1,1302,1570,1300,-1,1300,1570,1569,-1,1300,1569,1298,-1,1298,1569,1568,-1,1298,1568,1296,-1,1296,1568,1567,-1,1296,1567,1294,-1,1294,1567,1566,-1,1294,1566,1292,-1,1292,1566,1565,-1,1292,1565,1290,-1,1290,1565,1564,-1,1290,1564,1288,-1,1288,1564,1563,-1,1288,1563,1157,-1,1157,1563,1158,-1,1238,1000,1306,-1,1306,1000,1004,-1,1306,1004,1003,-1,998,1001,1572,-1,1572,1001,1238,-1,1572,1238,1573,-1,1573,1238,1305,-1,1573,1305,1574,-1,1574,1305,1303,-1,1574,1303,1575,-1,1575,1303,1301,-1,1575,1301,1576,-1,1576,1301,1299,-1,1576,1299,1577,-1,1577,1299,1297,-1,1577,1297,1578,-1,1578,1297,1295,-1,1578,1295,1579,-1,1579,1295,1293,-1,1579,1293,1580,-1,1580,1293,1291,-1,1580,1291,1581,-1,1581,1291,1289,-1,1581,1289,1161,-1,1161,1289,1162,-1,1161,1160,1581,-1,1581,1160,1582,-1,1581,1582,1580,-1,1580,1582,1583,-1,1580,1583,1579,-1,1579,1583,1584,-1,1579,1584,1578,-1,1578,1584,1585,-1,1578,1585,1577,-1,1577,1585,1586,-1,1577,1586,1576,-1,1576,1586,1587,-1,1576,1587,1575,-1,1575,1587,1588,-1,1575,1588,1574,-1,1574,1588,1589,-1,1574,1589,1573,-1,1573,1589,1590,-1,1573,1590,1572,-1,1572,1590,1237,-1,1572,1237,998,-1,998,1237,996,-1,993,995,1236,-1,1236,995,1237,-1,1236,1237,1591,-1,1591,1237,1590,-1,1591,1590,1592,-1,1592,1590,1589,-1,1592,1589,1593,-1,1593,1589,1588,-1,1593,1588,1594,-1,1594,1588,1587,-1,1594,1587,1595,-1,1595,1587,1586,-1,1595,1586,1596,-1,1596,1586,1585,-1,1596,1585,1597,-1,1597,1585,1584,-1,1597,1584,1598,-1,1598,1584,1583,-1,1598,1583,1599,-1,1599,1583,1582,-1,1599,1582,1165,-1,1165,1582,1160,-1,989,988,1600,-1,1600,988,1236,-1,1600,1236,1601,-1,1601,1236,1591,-1,1601,1591,1602,-1,1602,1591,1592,-1,1602,1592,1603,-1,1603,1592,1593,-1,1603,1593,1604,-1,1604,1593,1594,-1,1604,1594,1605,-1,1605,1594,1595,-1,1605,1595,1606,-1,1606,1595,1596,-1,1606,1596,1607,-1,1607,1596,1597,-1,1607,1597,1608,-1,1608,1597,1598,-1,1608,1598,1609,-1,1609,1598,1599,-1,1609,1599,1164,-1,1164,1599,1165,-1,1164,1163,1609,-1,1609,1163,1610,-1,1609,1610,1608,-1,1608,1610,1611,-1,1608,1611,1607,-1,1607,1611,1612,-1,1607,1612,1606,-1,1606,1612,1613,-1,1606,1613,1605,-1,1605,1613,1614,-1,1605,1614,1604,-1,1604,1614,1615,-1,1604,1615,1603,-1,1603,1615,1616,-1,1603,1616,1602,-1,1602,1616,1617,-1,1602,1617,1601,-1,1601,1617,1618,-1,1601,1618,1600,-1,1600,1618,1235,-1,1600,1235,989,-1,989,1235,991,-1,986,992,1234,-1,1234,992,1235,-1,1234,1235,1619,-1,1619,1235,1618,-1,1619,1618,1620,-1,1620,1618,1617,-1,1620,1617,1621,-1,1621,1617,1616,-1,1621,1616,1622,-1,1622,1616,1615,-1,1622,1615,1623,-1,1623,1615,1614,-1,1623,1614,1624,-1,1624,1614,1613,-1,1624,1613,1625,-1,1625,1613,1612,-1,1625,1612,1626,-1,1626,1612,1611,-1,1626,1611,1627,-1,1627,1611,1610,-1,1627,1610,1168,-1,1168,1610,1163,-1,983,987,1233,-1,1233,987,1234,-1,1233,1234,1628,-1,1628,1234,1619,-1,1628,1619,1629,-1,1629,1619,1620,-1,1629,1620,1630,-1,1630,1620,1621,-1,1630,1621,1631,-1,1631,1621,1622,-1,1631,1622,1632,-1,1632,1622,1623,-1,1632,1623,1633,-1,1633,1623,1624,-1,1633,1624,1634,-1,1634,1624,1625,-1,1634,1625,1635,-1,1635,1625,1626,-1,1635,1626,1636,-1,1636,1626,1627,-1,1636,1627,1167,-1,1167,1627,1168,-1,981,984,1637,-1,1637,984,1233,-1,1637,1233,1638,-1,1638,1233,1628,-1,1638,1628,1639,-1,1639,1628,1629,-1,1639,1629,1640,-1,1640,1629,1630,-1,1640,1630,1641,-1,1641,1630,1631,-1,1641,1631,1642,-1,1642,1631,1632,-1,1642,1632,1643,-1,1643,1632,1633,-1,1643,1633,1644,-1,1644,1633,1634,-1,1644,1634,1645,-1,1645,1634,1635,-1,1645,1635,1646,-1,1646,1635,1636,-1,1646,1636,1166,-1,1166,1636,1167,-1,1166,1171,1646,-1,1646,1171,1307,-1,1646,1307,1645,-1,1645,1307,1309,-1,1645,1309,1644,-1,1644,1309,1311,-1,1644,1311,1643,-1,1643,1311,1313,-1,1643,1313,1642,-1,1642,1313,1315,-1,1642,1315,1641,-1,1641,1315,1317,-1,1641,1317,1640,-1,1640,1317,1319,-1,1640,1319,1639,-1,1639,1319,1321,-1,1639,1321,1638,-1,1638,1321,1323,-1,1638,1323,1637,-1,1637,1323,1325,-1,1637,1325,981,-1,981,1325,979,-1,1232,976,1325,-1,1325,976,978,-1,1325,978,979,-1,972,971,1647,-1,1647,971,1232,-1,1647,1232,1648,-1,1648,1232,1324,-1,1648,1324,1649,-1,1649,1324,1322,-1,1649,1322,1650,-1,1650,1322,1320,-1,1650,1320,1651,-1,1651,1320,1318,-1,1651,1318,1652,-1,1652,1318,1316,-1,1652,1316,1653,-1,1653,1316,1314,-1,1653,1314,1654,-1,1654,1314,1312,-1,1654,1312,1655,-1,1655,1312,1310,-1,1655,1310,1656,-1,1656,1310,1308,-1,1656,1308,1169,-1,1169,1308,1170,-1,1169,1174,1656,-1,1656,1174,1657,-1,1656,1657,1655,-1,1655,1657,1658,-1,1655,1658,1654,-1,1654,1658,1659,-1,1654,1659,1653,-1,1653,1659,1660,-1,1653,1660,1652,-1,1652,1660,1661,-1,1652,1661,1651,-1,1651,1661,1662,-1,1651,1662,1650,-1,1650,1662,1663,-1,1650,1663,1649,-1,1649,1663,1664,-1,1649,1664,1648,-1,1648,1664,1665,-1,1648,1665,1647,-1,1647,1665,1231,-1,1647,1231,972,-1,972,1231,974,-1,969,975,1230,-1,1230,975,1231,-1,1230,1231,1666,-1,1666,1231,1665,-1,1666,1665,1667,-1,1667,1665,1664,-1,1667,1664,1668,-1,1668,1664,1663,-1,1668,1663,1669,-1,1669,1663,1662,-1,1669,1662,1670,-1,1670,1662,1661,-1,1670,1661,1671,-1,1671,1661,1660,-1,1671,1660,1672,-1,1672,1660,1659,-1,1672,1659,1673,-1,1673,1659,1658,-1,1673,1658,1674,-1,1674,1658,1657,-1,1674,1657,1173,-1,1173,1657,1174,-1,967,970,1675,-1,1675,970,1230,-1,1675,1230,1676,-1,1676,1230,1666,-1,1676,1666,1677,-1,1677,1666,1667,-1,1677,1667,1678,-1,1678,1667,1668,-1,1678,1668,1679,-1,1679,1668,1669,-1,1679,1669,1680,-1,1680,1669,1670,-1,1680,1670,1681,-1,1681,1670,1671,-1,1681,1671,1682,-1,1682,1671,1672,-1,1682,1672,1683,-1,1683,1672,1673,-1,1683,1673,1684,-1,1684,1673,1674,-1,1684,1674,1172,-1,1172,1674,1173,-1,1172,1177,1684,-1,1684,1177,1685,-1,1684,1685,1683,-1,1683,1685,1686,-1,1683,1686,1682,-1,1682,1686,1687,-1,1682,1687,1681,-1,1681,1687,1688,-1,1681,1688,1680,-1,1680,1688,1689,-1,1680,1689,1679,-1,1679,1689,1690,-1,1679,1690,1678,-1,1678,1690,1691,-1,1678,1691,1677,-1,1677,1691,1692,-1,1677,1692,1676,-1,1676,1692,1693,-1,1676,1693,1675,-1,1675,1693,1694,-1,1675,1694,967,-1,967,1694,1134,-1,1177,1176,1685,-1,1685,1176,1326,-1,1685,1326,1686,-1,1686,1326,1328,-1,1686,1328,1687,-1,1687,1328,1330,-1,1687,1330,1688,-1,1688,1330,1332,-1,1688,1332,1689,-1,1689,1332,1334,-1,1689,1334,1690,-1,1690,1334,1336,-1,1690,1336,1691,-1,1691,1336,1338,-1,1691,1338,1692,-1,1692,1338,1340,-1,1692,1340,1693,-1,1693,1340,1342,-1,1693,1342,1694,-1,1694,1342,1344,-1,1694,1344,1134,-1,1134,1344,1135,-1,1229,1132,1344,-1,1344,1132,1136,-1,1344,1136,1135,-1,1130,1133,1695,-1,1695,1133,1229,-1,1695,1229,1696,-1,1696,1229,1343,-1,1696,1343,1697,-1,1697,1343,1341,-1,1697,1341,1698,-1,1698,1341,1339,-1,1698,1339,1699,-1,1699,1339,1337,-1,1699,1337,1700,-1,1700,1337,1335,-1,1700,1335,1701,-1,1701,1335,1333,-1,1701,1333,1702,-1,1702,1333,1331,-1,1702,1331,1703,-1,1703,1331,1329,-1,1703,1329,1704,-1,1704,1329,1327,-1,1704,1327,1180,-1,1180,1327,1175,-1,1180,1179,1704,-1,1704,1179,1705,-1,1704,1705,1703,-1,1703,1705,1706,-1,1703,1706,1702,-1,1702,1706,1707,-1,1702,1707,1701,-1,1701,1707,1708,-1,1701,1708,1700,-1,1700,1708,1709,-1,1700,1709,1699,-1,1699,1709,1710,-1,1699,1710,1698,-1,1698,1710,1711,-1,1698,1711,1697,-1,1697,1711,1712,-1,1697,1712,1696,-1,1696,1712,1713,-1,1696,1713,1695,-1,1695,1713,1228,-1,1695,1228,1130,-1,1130,1228,1128,-1,1125,1127,1227,-1,1227,1127,1228,-1,1227,1228,1714,-1,1714,1228,1713,-1,1714,1713,1715,-1,1715,1713,1712,-1,1715,1712,1716,-1,1716,1712,1711,-1,1716,1711,1717,-1,1717,1711,1710,-1,1717,1710,1718,-1,1718,1710,1709,-1,1718,1709,1719,-1,1719,1709,1708,-1,1719,1708,1720,-1,1720,1708,1707,-1,1720,1707,1721,-1,1721,1707,1706,-1,1721,1706,1722,-1,1722,1706,1705,-1,1722,1705,1178,-1,1178,1705,1179,-1,1121,1120,1723,-1,1723,1120,1227,-1,1723,1227,1724,-1,1724,1227,1714,-1,1724,1714,1725,-1,1725,1714,1715,-1,1725,1715,1726,-1,1726,1715,1716,-1,1726,1716,1727,-1,1727,1716,1717,-1,1727,1717,1728,-1,1728,1717,1718,-1,1728,1718,1729,-1,1729,1718,1719,-1,1729,1719,1730,-1,1730,1719,1720,-1,1730,1720,1731,-1,1731,1720,1721,-1,1731,1721,1732,-1,1732,1721,1722,-1,1732,1722,1183,-1,1183,1722,1178,-1,1183,1182,1732,-1,1732,1182,1733,-1,1732,1733,1731,-1,1731,1733,1734,-1,1731,1734,1730,-1,1730,1734,1735,-1,1730,1735,1729,-1,1729,1735,1736,-1,1729,1736,1728,-1,1728,1736,1737,-1,1728,1737,1727,-1,1727,1737,1738,-1,1727,1738,1726,-1,1726,1738,1739,-1,1726,1739,1725,-1,1725,1739,1740,-1,1725,1740,1724,-1,1724,1740,1741,-1,1724,1741,1723,-1,1723,1741,1226,-1,1723,1226,1121,-1,1121,1226,1123,-1,1118,1124,1363,-1,1363,1124,1226,-1,1363,1226,1361,-1,1361,1226,1741,-1,1361,1741,1359,-1,1359,1741,1740,-1,1359,1740,1357,-1,1357,1740,1739,-1,1357,1739,1355,-1,1355,1739,1738,-1,1355,1738,1353,-1,1353,1738,1737,-1,1353,1737,1351,-1,1351,1737,1736,-1,1351,1736,1349,-1,1349,1736,1735,-1,1349,1735,1347,-1,1347,1735,1734,-1,1347,1734,1345,-1,1345,1734,1733,-1,1345,1733,1181,-1,1181,1733,1182,-1,1225,1115,1363,-1,1363,1115,1119,-1,1363,1119,1118,-1,1113,1116,1742,-1,1742,1116,1225,-1,1742,1225,1743,-1,1743,1225,1362,-1,1743,1362,1744,-1,1744,1362,1360,-1,1744,1360,1745,-1,1745,1360,1358,-1,1745,1358,1746,-1,1746,1358,1356,-1,1746,1356,1747,-1,1747,1356,1354,-1,1747,1354,1748,-1,1748,1354,1352,-1,1748,1352,1749,-1,1749,1352,1350,-1,1749,1350,1750,-1,1750,1350,1348,-1,1750,1348,1751,-1,1751,1348,1346,-1,1751,1346,1185,-1,1185,1346,1186,-1,1185,1184,1751,-1,1751,1184,1752,-1,1751,1752,1750,-1,1750,1752,1753,-1,1750,1753,1749,-1,1749,1753,1754,-1,1749,1754,1748,-1,1748,1754,1755,-1,1748,1755,1747,-1,1747,1755,1756,-1,1747,1756,1746,-1,1746,1756,1757,-1,1746,1757,1745,-1,1745,1757,1758,-1,1745,1758,1744,-1,1744,1758,1759,-1,1744,1759,1743,-1,1743,1759,1760,-1,1743,1760,1742,-1,1742,1760,1224,-1,1742,1224,1113,-1,1113,1224,1111,-1,1108,1110,1223,-1,1223,1110,1224,-1,1223,1224,1761,-1,1761,1224,1760,-1,1761,1760,1762,-1,1762,1760,1759,-1,1762,1759,1763,-1,1763,1759,1758,-1,1763,1758,1764,-1,1764,1758,1757,-1,1764,1757,1765,-1,1765,1757,1756,-1,1765,1756,1766,-1,1766,1756,1755,-1,1766,1755,1767,-1,1767,1755,1754,-1,1767,1754,1768,-1,1768,1754,1753,-1,1768,1753,1769,-1,1769,1753,1752,-1,1769,1752,1189,-1,1189,1752,1184,-1,1104,1103,1770,-1,1770,1103,1223,-1,1770,1223,1771,-1,1771,1223,1761,-1,1771,1761,1772,-1,1772,1761,1762,-1,1772,1762,1773,-1,1773,1762,1763,-1,1773,1763,1774,-1,1774,1763,1764,-1,1774,1764,1775,-1,1775,1764,1765,-1,1775,1765,1776,-1,1776,1765,1766,-1,1776,1766,1777,-1,1777,1766,1767,-1,1777,1767,1778,-1,1778,1767,1768,-1,1778,1768,1779,-1,1779,1768,1769,-1,1779,1769,1188,-1,1188,1769,1189,-1,1188,1187,1779,-1,1779,1187,1780,-1,1779,1780,1778,-1,1778,1780,1781,-1,1778,1781,1777,-1,1777,1781,1782,-1,1777,1782,1776,-1,1776,1782,1783,-1,1776,1783,1775,-1,1775,1783,1784,-1,1775,1784,1774,-1,1774,1784,1785,-1,1774,1785,1773,-1,1773,1785,1786,-1,1773,1786,1772,-1,1772,1786,1787,-1,1772,1787,1771,-1,1771,1787,1788,-1,1771,1788,1770,-1,1770,1788,1222,-1,1770,1222,1104,-1,1104,1222,1106,-1,1101,1107,1221,-1,1221,1107,1222,-1,1221,1222,1789,-1,1789,1222,1788,-1,1789,1788,1790,-1,1790,1788,1787,-1,1790,1787,1791,-1,1791,1787,1786,-1,1791,1786,1792,-1,1792,1786,1785,-1,1792,1785,1793,-1,1793,1785,1784,-1,1793,1784,1794,-1,1794,1784,1783,-1,1794,1783,1795,-1,1795,1783,1782,-1,1795,1782,1796,-1,1796,1782,1781,-1,1796,1781,1797,-1,1797,1781,1780,-1,1797,1780,1192,-1,1192,1780,1187,-1,1098,1102,1220,-1,1220,1102,1221,-1,1220,1221,1798,-1,1798,1221,1789,-1,1798,1789,1799,-1,1799,1789,1790,-1,1799,1790,1800,-1,1800,1790,1791,-1,1800,1791,1801,-1,1801,1791,1792,-1,1801,1792,1802,-1,1802,1792,1793,-1,1802,1793,1803,-1,1803,1793,1794,-1,1803,1794,1804,-1,1804,1794,1795,-1,1804,1795,1805,-1,1805,1795,1796,-1,1805,1796,1806,-1,1806,1796,1797,-1,1806,1797,1191,-1,1191,1797,1192,-1,1096,1099,1807,-1,1807,1099,1220,-1,1807,1220,1808,-1,1808,1220,1798,-1,1808,1798,1809,-1,1809,1798,1799,-1,1809,1799,1810,-1,1810,1799,1800,-1,1810,1800,1811,-1,1811,1800,1801,-1,1811,1801,1812,-1,1812,1801,1802,-1,1812,1802,1813,-1,1813,1802,1803,-1,1813,1803,1814,-1,1814,1803,1804,-1,1814,1804,1815,-1,1815,1804,1805,-1,1815,1805,1816,-1,1816,1805,1806,-1,1816,1806,1190,-1,1190,1806,1191,-1,1190,1195,1816,-1,1816,1195,1364,-1,1816,1364,1815,-1,1815,1364,1366,-1,1815,1366,1814,-1,1814,1366,1368,-1,1814,1368,1813,-1,1813,1368,1370,-1,1813,1370,1812,-1,1812,1370,1372,-1,1812,1372,1811,-1,1811,1372,1374,-1,1811,1374,1810,-1,1810,1374,1376,-1,1810,1376,1809,-1,1809,1376,1378,-1,1809,1378,1808,-1,1808,1378,1380,-1,1808,1380,1807,-1,1807,1380,1382,-1,1807,1382,1096,-1,1096,1382,1094,-1,1219,1091,1382,-1,1382,1091,1093,-1,1382,1093,1094,-1,1087,1086,1817,-1,1817,1086,1219,-1,1817,1219,1818,-1,1818,1219,1381,-1,1818,1381,1819,-1,1819,1381,1379,-1,1819,1379,1820,-1,1820,1379,1377,-1,1820,1377,1821,-1,1821,1377,1375,-1,1821,1375,1822,-1,1822,1375,1373,-1,1822,1373,1823,-1,1823,1373,1371,-1,1823,1371,1824,-1,1824,1371,1369,-1,1824,1369,1825,-1,1825,1369,1367,-1,1825,1367,1826,-1,1826,1367,1365,-1,1826,1365,1193,-1,1193,1365,1194,-1,1193,1198,1826,-1,1826,1198,1827,-1,1826,1827,1825,-1,1825,1827,1828,-1,1825,1828,1824,-1,1824,1828,1829,-1,1824,1829,1823,-1,1823,1829,1830,-1,1823,1830,1822,-1,1822,1830,1831,-1,1822,1831,1821,-1,1821,1831,1832,-1,1821,1832,1820,-1,1820,1832,1833,-1,1820,1833,1819,-1,1819,1833,1834,-1,1819,1834,1818,-1,1818,1834,1835,-1,1818,1835,1817,-1,1817,1835,1218,-1,1817,1218,1087,-1,1087,1218,1089,-1,1084,1090,1217,-1,1217,1090,1218,-1,1217,1218,1836,-1,1836,1218,1835,-1,1836,1835,1837,-1,1837,1835,1834,-1,1837,1834,1838,-1,1838,1834,1833,-1,1838,1833,1839,-1,1839,1833,1832,-1,1839,1832,1840,-1,1840,1832,1831,-1,1840,1831,1841,-1,1841,1831,1830,-1,1841,1830,1842,-1,1842,1830,1829,-1,1842,1829,1843,-1,1843,1829,1828,-1,1843,1828,1844,-1,1844,1828,1827,-1,1844,1827,1197,-1,1197,1827,1198,-1,1081,1085,1845,-1,1845,1085,1217,-1,1845,1217,1846,-1,1846,1217,1836,-1,1846,1836,1847,-1,1847,1836,1837,-1,1847,1837,1848,-1,1848,1837,1838,-1,1848,1838,1849,-1,1849,1838,1839,-1,1849,1839,1850,-1,1850,1839,1840,-1,1850,1840,1851,-1,1851,1840,1841,-1,1851,1841,1852,-1,1852,1841,1842,-1,1852,1842,1853,-1,1853,1842,1843,-1,1853,1843,1854,-1,1854,1843,1844,-1,1854,1844,1196,-1,1196,1844,1197,-1,1196,1201,1854,-1,1854,1201,1855,-1,1854,1855,1853,-1,1853,1855,1856,-1,1853,1856,1852,-1,1852,1856,1857,-1,1852,1857,1851,-1,1851,1857,1858,-1,1851,1858,1850,-1,1850,1858,1859,-1,1850,1859,1849,-1,1849,1859,1860,-1,1849,1860,1848,-1,1848,1860,1861,-1,1848,1861,1847,-1,1847,1861,1862,-1,1847,1862,1846,-1,1846,1862,1863,-1,1846,1863,1845,-1,1845,1863,1864,-1,1845,1864,1081,-1,1081,1864,1082,-1,1201,1200,1855,-1,1855,1200,1383,-1,1855,1383,1856,-1,1856,1383,1385,-1,1856,1385,1857,-1,1857,1385,1387,-1,1857,1387,1858,-1,1858,1387,1389,-1,1858,1389,1859,-1,1859,1389,1391,-1,1859,1391,1860,-1,1860,1391,1393,-1,1860,1393,1861,-1,1861,1393,1395,-1,1861,1395,1862,-1,1862,1395,1397,-1,1862,1397,1863,-1,1863,1397,1399,-1,1863,1399,1864,-1,1864,1399,1401,-1,1864,1401,1082,-1,1082,1401,1078,-1,1216,1075,1401,-1,1401,1075,1079,-1,1401,1079,1078,-1,1073,1076,1865,-1,1865,1076,1216,-1,1865,1216,1866,-1,1866,1216,1400,-1,1866,1400,1867,-1,1867,1400,1398,-1,1867,1398,1868,-1,1868,1398,1396,-1,1868,1396,1869,-1,1869,1396,1394,-1,1869,1394,1870,-1,1870,1394,1392,-1,1870,1392,1871,-1,1871,1392,1390,-1,1871,1390,1872,-1,1872,1390,1388,-1,1872,1388,1873,-1,1873,1388,1386,-1,1873,1386,1874,-1,1874,1386,1384,-1,1874,1384,1204,-1,1204,1384,1199,-1,1204,1203,1874,-1,1874,1203,1875,-1,1874,1875,1873,-1,1873,1875,1876,-1,1873,1876,1872,-1,1872,1876,1877,-1,1872,1877,1871,-1,1871,1877,1878,-1,1871,1878,1870,-1,1870,1878,1879,-1,1870,1879,1869,-1,1869,1879,1880,-1,1869,1880,1868,-1,1868,1880,1881,-1,1868,1881,1867,-1,1867,1881,1882,-1,1867,1882,1866,-1,1866,1882,1883,-1,1866,1883,1865,-1,1865,1883,1215,-1,1865,1215,1073,-1,1073,1215,1071,-1,1068,1070,1214,-1,1214,1070,1215,-1,1214,1215,1884,-1,1884,1215,1883,-1,1884,1883,1885,-1,1885,1883,1882,-1,1885,1882,1886,-1,1886,1882,1881,-1,1886,1881,1887,-1,1887,1881,1880,-1,1887,1880,1888,-1,1888,1880,1879,-1,1888,1879,1889,-1,1889,1879,1878,-1,1889,1878,1890,-1,1890,1878,1877,-1,1890,1877,1891,-1,1891,1877,1876,-1,1891,1876,1892,-1,1892,1876,1875,-1,1892,1875,1202,-1,1202,1875,1203,-1,1064,1063,1893,-1,1893,1063,1214,-1,1893,1214,1894,-1,1894,1214,1884,-1,1894,1884,1895,-1,1895,1884,1885,-1,1895,1885,1896,-1,1896,1885,1886,-1,1896,1886,1897,-1,1897,1886,1887,-1,1897,1887,1898,-1,1898,1887,1888,-1,1898,1888,1899,-1,1899,1888,1889,-1,1899,1889,1900,-1,1900,1889,1890,-1,1900,1890,1901,-1,1901,1890,1891,-1,1901,1891,1902,-1,1902,1891,1892,-1,1902,1892,1207,-1,1207,1892,1202,-1,1207,1206,1902,-1,1902,1206,1903,-1,1902,1903,1901,-1,1901,1903,1904,-1,1901,1904,1900,-1,1900,1904,1905,-1,1900,1905,1899,-1,1899,1905,1906,-1,1899,1906,1898,-1,1898,1906,1907,-1,1898,1907,1897,-1,1897,1907,1908,-1,1897,1908,1896,-1,1896,1908,1909,-1,1896,1909,1895,-1,1895,1909,1910,-1,1895,1910,1894,-1,1894,1910,1911,-1,1894,1911,1893,-1,1893,1911,1213,-1,1893,1213,1064,-1,1064,1213,1066,-1,1061,1067,1420,-1,1420,1067,1213,-1,1420,1213,1418,-1,1418,1213,1911,-1,1418,1911,1416,-1,1416,1911,1910,-1,1416,1910,1414,-1,1414,1910,1909,-1,1414,1909,1412,-1,1412,1909,1908,-1,1412,1908,1410,-1,1410,1908,1907,-1,1410,1907,1408,-1,1408,1907,1906,-1,1408,1906,1406,-1,1406,1906,1905,-1,1406,1905,1404,-1,1404,1905,1904,-1,1404,1904,1402,-1,1402,1904,1903,-1,1402,1903,1205,-1,1205,1903,1206,-1,1212,1058,1420,-1,1420,1058,1062,-1,1420,1062,1061,-1,1056,1059,1912,-1,1912,1059,1212,-1,1912,1212,1913,-1,1913,1212,1419,-1,1913,1419,1914,-1,1914,1419,1417,-1,1914,1417,1915,-1,1915,1417,1415,-1,1915,1415,1916,-1,1916,1415,1413,-1,1916,1413,1917,-1,1917,1413,1411,-1,1917,1411,1918,-1,1918,1411,1409,-1,1918,1409,1919,-1,1919,1409,1407,-1,1919,1407,1920,-1,1920,1407,1405,-1,1920,1405,1921,-1,1921,1405,1403,-1,1921,1403,1208,-1,1208,1403,1209,-1,1208,1141,1921,-1,1921,1141,1922,-1,1921,1922,1920,-1,1920,1922,1923,-1,1920,1923,1919,-1,1919,1923,1924,-1,1919,1924,1918,-1,1918,1924,1925,-1,1918,1925,1917,-1,1917,1925,1926,-1,1917,1926,1916,-1,1916,1926,1927,-1,1916,1927,1915,-1,1915,1927,1928,-1,1915,1928,1914,-1,1914,1928,1929,-1,1914,1929,1913,-1,1913,1929,1930,-1,1913,1930,1912,-1,1912,1930,1211,-1,1912,1211,1056,-1,1056,1211,1054,-1,1050,1052,1249,-1,1249,1052,1211,-1,1249,1211,1423,-1,1423,1211,1930,-1,1423,1930,1425,-1,1425,1930,1929,-1,1425,1929,1427,-1,1427,1929,1928,-1,1427,1928,1429,-1,1429,1928,1927,-1,1429,1927,1431,-1,1431,1927,1926,-1,1431,1926,1433,-1,1433,1926,1925,-1,1433,1925,1435,-1,1435,1925,1924,-1,1435,1924,1437,-1,1437,1924,1923,-1,1437,1923,1439,-1,1439,1923,1922,-1,1439,1922,1140,-1,1140,1922,1141,-1,1931,1932,1933,-1,1934,1935,1936,-1,1936,1935,1937,-1,1933,1938,1931,-1,1931,1938,1939,-1,1931,1939,1940,-1,1941,1942,1937,-1,1937,1942,1931,-1,1937,1931,1936,-1,1936,1931,1940,-1,
        ]
    }
}
Shape{
    appearance Appearance {
        material  Material 	{
            diffuseColor 1.0 1.0 1.0
            specularColor 0.8784313725490196 0.8784313725490196 0.8784313725490196
            ambientIntensity 1.0
            transparency 0.0
            shininess 0.5
        }
    }
    geometry IndexedFaceSet {
        ccw TRUE
        solid FALSE
        coord DEF co Coordinate {
            point [
                1.32 -0.3455 0.5531, 1.32 0.0345 0.5531, 1.27 -0.3455 0.5531, 1.27 0.0345 0.5531
            ]
        }
        coordIndex [
            0,1,2,-1,2,1,3,-1,
        ]
    }
}
Shape{
    appearance Appearance {
        material  Material 	{
            diffuseColor 0.5254901960784314 0.5254901960784314 0.5254901960784314
            specularColor 0.2627450980392157 0.2627450980392157 0.2627450980392157
            ambientIntensity 0.5255
            transparency 0.0
            shininess 0.5
        }
    }
    geometry IndexedFaceSet {
        ccw TRUE
        solid FALSE
        coord DEF co Coordinate {
            point [
                1.32 -0.3455 0.1431, 1.32 -0.3455 0.5531, 1.27 -0.3455 0.1431, 1.27 -0.3455 0.5531, 1.32 -0.6555 0.1431, 1.27 -0.6555 0.1431
            ]
        }
        coordIndex [
            0,1,2,-1,2,1,3,-1,4,0,5,-1,5,0,2,-1,
        ]
    }
}
Shape{
    appearance Appearance {
        material  Material 	{
            diffuseColor 1.0 1.0 1.0
            specularColor 0.8784313725490196 0.8784313725490196 0.8784313725490196
            ambientIntensity 1.0
            transparency 0.0
            shininess 0.5
        }
    }
    geometry IndexedFaceSet {
        ccw TRUE
        solid FALSE
        coord DEF co Coordinate {
            point [
                1.32 -0.6555 0.1431, 1.27 -0.6555 0.1431, 1.32 -0.6555 0.0631, 1.27 -0.6555 0.0131, 1.42 -0.6555 0.0631, 1.42 -0.6555 0.0131
            ]
        }
        coordIndex [
            0,1,2,-1,2,1,3,-1,2,3,4,-1,4,3,5,-1,
        ]
    }
}
Shape{
    appearance Appearance {
        material  Material 	{
            diffuseColor 0.5254901960784314 0.5254901960784314 0.5254901960784314
            specularColor 0.2627450980392157 0.2627450980392157 0.2627450980392157
            ambientIntensity 0.5255
            transparency 0.0
            shininess 0.5
        }
    }
    geometry IndexedFaceSet {
        ccw TRUE
        solid FALSE
        coord DEF co Coordinate {
            point [
                1.32 -0.4555 0.0131, 1.52 -0.4555 0.0131, 1.52 -0.5555 0.0131, 1.4982 0.3069 0.0131, 1.5101 0.2879 0.0131, 1.32 0.1445 0.0131, 1.4423 -0.653 0.0131, 1.42 -0.6555 0.0131, 1.27 -0.6555 0.0131, 1.5175 0.2668 0.0131, 1.52 0.2445 0.0131, 1.52 0.1445 0.0131, 1.27 0.3445 0.0131, 1.42 0.3445 0.0131, 1.4423 0.342 0.0131, 1.4634 0.3346 0.0131, 1.4824 0.3227 0.0131, 1.4982 -0.6178 0.0131, 1.4824 -0.6337 0.0131, 1.4634 -0.6456 0.0131, 1.5175 -0.5777 0.0131, 1.5101 -0.5989 0.0131
            ]
        }
        coordIndex [
            0,1,2,-1,3,4,5,-1,6,7,0,-1,0,7,8,-1,0,8,5,-1,4,9,5,-1,5,9,10,-1,5,10,11,-1,8,12,5,-1,5,12,13,-1,5,13,14,-1,14,15,5,-1,5,15,16,-1,5,16,3,-1,17,18,0,-1,0,18,19,-1,0,19,6,-1,2,20,0,-1,0,20,21,-1,0,21,17,-1,
        ]
    }
}
Shape{
    appearance Appearance {
        material  Material 	{
            diffuseColor 1.0 1.0 1.0
            specularColor 0.8784313725490196 0.8784313725490196 0.8784313725490196
            ambientIntensity 1.0
            transparency 0.0
            shininess 0.5
        }
    }
    geometry IndexedFaceSet {
        ccw TRUE
        solid FALSE
        coord DEF co Coordinate {
            point [
                1.42 0.3445 0.0631, 1.42 0.3445 0.0131, 1.32 0.3445 0.0631, 1.27 0.3445 0.0131, 1.32 0.3445 0.1431, 1.27 0.3445 0.1431, 1.32 0.0345 0.1431, 1.27 0.0345 0.1431, 1.32 0.0345 0.5531, 1.27 0.0345 0.5531, 1.27 -0.6555 0.0131, 1.27 -0.6555 0.1431, 1.27 -0.3455 0.1431, 1.27 -0.3455 0.5531, 1.52 0.1445 0.0631, 1.52 0.2445 0.0631, 1.32 0.1445 0.0631, 1.5175 0.2668 0.0631, 1.5101 0.2879 0.0631, 1.4982 0.3069 0.0631, 1.4824 0.3227 0.0631, 1.4634 0.3346 0.0631, 1.4423 0.342 0.0631
            ]
        }
        coordIndex [
            0,1,2,-1,2,1,3,-1,2,3,4,-1,4,3,5,-1,6,4,7,-1,7,4,5,-1,8,6,9,-1,9,6,7,-1,7,5,3,-1,10,11,12,-1,13,9,12,-1,12,9,7,-1,12,7,10,-1,10,7,3,-1,14,15,16,-1,16,15,17,-1,16,17,18,-1,18,19,16,-1,16,19,20,-1,16,20,21,-1,21,22,16,-1,16,22,0,-1,16,0,2,-1,
        ]
    }
}
Shape{
    appearance Appearance {
        material  Material 	{
            diffuseColor 0.5254901960784314 0.5254901960784314 0.5254901960784314
            specularColor 0.2627450980392157 0.2627450980392157 0.2627450980392157
            ambientIntensity 0.5255
            transparency 0.0
            shininess 0.5
        }
    }
    geometry IndexedFaceSet {
        ccw TRUE
        solid FALSE
        coord DEF co Coordinate {
            point [
                1.52 0.1445 0.0131, 1.52 0.1445 0.0631, 1.32 0.1445 0.0131, 1.32 0.1445 0.0631
            ]
        }
        coordIndex [
            0,1,2,-1,2,1,3,-1,
        ]
    }
}
Shape{
    appearance Appearance {
        material  Material 	{
            diffuseColor 1.0 1.0 1.0
            specularColor 0.8784313725490196 0.8784313725490196 0.8784313725490196
            ambientIntensity 1.0
            transparency 0.0
            shininess 0.5
        }
    }
    geometry IndexedFaceSet {
        ccw TRUE
        solid FALSE
        coord DEF co Coordinate {
            point [
                1.52 0.2445 0.0631, 1.52 0.1445 0.0631, 1.52 0.2445 0.0131, 1.52 0.1445 0.0131, 1.42 0.3445 0.0131, 1.42 0.3445 0.0631, 1.4423 0.342 0.0631, 1.4423 0.342 0.0131, 1.4634 0.3346 0.0631, 1.4634 0.3346 0.0131, 1.4824 0.3227 0.0631, 1.4824 0.3227 0.0131, 1.4982 0.3069 0.0631, 1.4982 0.3069 0.0131, 1.5101 0.2879 0.0631, 1.5101 0.2879 0.0131, 1.5175 0.2668 0.0631, 1.5175 0.2668 0.0131
            ]
        }
        coordIndex [
            0,1,2,-1,2,1,3,-1,4,5,6,-1,4,6,7,-1,7,6,8,-1,7,8,9,-1,9,8,10,-1,9,10,11,-1,11,10,12,-1,11,12,13,-1,13,12,14,-1,13,14,15,-1,15,14,16,-1,15,16,17,-1,17,16,0,-1,17,0,2,-1,
        ]
    }
}
Shape{
    appearance Appearance {
        material  Material 	{
            diffuseColor 0.5254901960784314 0.5254901960784314 0.5254901960784314
            specularColor 0.2627450980392157 0.2627450980392157 0.2627450980392157
            ambientIntensity 0.5255
            transparency 0.0
            shininess 0.5
        }
    }
    geometry IndexedFaceSet {
        ccw TRUE
        solid FALSE
        coord DEF co Coordinate {
            point [
                1.52 -0.4555 0.0631, 1.52 -0.4555 0.0131, 1.32 -0.4555 0.0631, 1.32 -0.4555 0.0131
            ]
        }
        coordIndex [
            0,1,2,-1,2,1,3,-1,
        ]
    }
}
Shape{
    appearance Appearance {
        material  Material 	{
            diffuseColor 1.0 1.0 1.0
            specularColor 0.8784313725490196 0.8784313725490196 0.8784313725490196
            ambientIntensity 1.0
            transparency 0.0
            shininess 0.5
        }
    }
    geometry IndexedFaceSet {
        ccw TRUE
        solid FALSE
        coord DEF co Coordinate {
            point [
                1.32 -0.6555 0.0631, 1.42 -0.6555 0.0631, 1.32 -0.4555 0.0631, 1.4423 -0.653 0.0631, 1.4634 -0.6456 0.0631, 1.4824 -0.6337 0.0631, 1.4982 -0.6178 0.0631, 1.5101 -0.5989 0.0631, 1.5175 -0.5777 0.0631, 1.52 -0.5555 0.0631, 1.52 -0.4555 0.0631
            ]
        }
        coordIndex [
            0,1,2,-1,2,1,3,-1,2,3,4,-1,4,5,2,-1,2,5,6,-1,2,6,7,-1,7,8,2,-1,2,8,9,-1,2,9,10,-1,
        ]
    }
}
Shape{
    appearance Appearance {
        material  Material 	{
            diffuseColor 0.5254901960784314 0.5254901960784314 0.5254901960784314
            specularColor 0.2627450980392157 0.2627450980392157 0.2627450980392157
            ambientIntensity 0.5255
            transparency 0.0
            shininess 0.5
        }
    }
    geometry IndexedFaceSet {
        ccw TRUE
        solid FALSE
        coord DEF co Coordinate {
            point [
                1.52 -0.5555 0.0131, 1.52 -0.4555 0.0131, 1.52 -0.5555 0.0631, 1.52 -0.4555 0.0631
            ]
        }
        coordIndex [
            0,1,2,-1,2,1,3,-1,
        ]
    }
}
Shape{
    appearance Appearance {
        material  Material 	{
            diffuseColor 1.0 1.0 1.0
            specularColor 0.8784313725490196 0.8784313725490196 0.8784313725490196
            ambientIntensity 1.0
            transparency 0.0
            shininess 0.5
        }
    }
    geometry IndexedFaceSet {
        ccw TRUE
        solid FALSE
        coord DEF co Coordinate {
            point [
                1.52 -0.5555 0.0131, 1.52 -0.5555 0.0631, 1.5175 -0.5777 0.0631, 1.5175 -0.5777 0.0131, 1.5101 -0.5989 0.0631, 1.5101 -0.5989 0.0131, 1.4982 -0.6178 0.0631, 1.4982 -0.6178 0.0131, 1.4824 -0.6337 0.0631, 1.4824 -0.6337 0.0131, 1.4634 -0.6456 0.0631, 1.4634 -0.6456 0.0131, 1.4423 -0.653 0.0631, 1.4423 -0.653 0.0131, 1.42 -0.6555 0.0631, 1.42 -0.6555 0.0131, -1.32 0.3345 0.0031, -1.32 -0.4455 0.0031, -1.32 0.3345 0.0531, -1.32 -0.4455 0.0531, -1.27 0.3345 0.0531, -1.27 0.3345 0.0031, -1.52 -0.5455 0.0031, -1.52 -0.4455 0.0031, -1.5181 -0.565 0.0031, -1.27 -0.6455 0.0031, -1.42 -0.6455 0.0031, -1.4395 -0.6436 0.0031, -1.4582 -0.6379 0.0031, -1.4755 -0.6286 0.0031, -1.4907 -0.6162 0.0031, -1.5031 -0.601 0.0031, -1.5124 -0.5837 0.0031, -1.42 -0.6455 0.0531, -1.27 -0.6455 0.0531, -1.52 -0.4455 0.0531, -1.52 -0.5455 0.0531, -1.5181 -0.565 0.0531, -1.5124 -0.5837 0.0531, -1.5031 -0.601 0.0531, -1.4907 -0.6162 0.0531, -1.4755 -0.6286 0.0531, -1.4582 -0.6379 0.0531, -1.4395 -0.6436 0.0531, -1.52 0.2345 0.0531, -1.52 0.1345 0.0531, -1.32 0.1345 0.0531, -1.5194 0.2457 0.0531, -1.42 0.3345 0.0531, -1.4312 0.3339 0.0531, -1.4422 0.332 0.0531, -1.453 0.3289 0.0531, -1.4634 0.3246 0.0531, -1.4907 0.3052 0.0531, -1.4982 0.2969 0.0531, -1.5047 0.2877 0.0531, -1.5101 0.2779 0.0531, -1.5144 0.2675 0.0531, -1.5175 0.2568 0.0531, -1.4732 0.3192 0.0531, -1.4823 0.3127 0.0531, -1.42 0.3345 0.0031, -1.32 0.1345 0.0031, -1.52 0.1345 0.0031, -1.52 0.2345 0.0031, -1.5194 0.2457 0.0031, -1.4907 0.3052 0.0031, -1.4823 0.3127 0.0031, -1.5175 0.2568 0.0031, -1.5144 0.2675 0.0031, -1.5101 0.2779 0.0031, -1.5047 0.2877 0.0031, -1.4982 0.2969 0.0031, -1.4732 0.3192 0.0031, -1.4634 0.3246 0.0031, -1.453 0.3289 0.0031, -1.4422 0.332 0.0031, -1.4312 0.3339 0.0031, -1.32 0.0345 0.5531, -1.32 -0.3455 0.5531, -1.27 0.0345 0.5531, -1.27 -0.3455 0.5531, -1.32 0.0345 0.1431, -1.27 0.0345 0.1431, -1.32 0.3545 0.1431, -1.27 0.3545 0.1431, -1.32 0.3545 0.0531, -1.27 0.3545 0.0531, -1.32 -0.6655 0.0531, -1.27 -0.6655 0.0531, -1.32 -0.6655 0.1431, -1.27 -0.6655 0.1431, -1.32 -0.3455 0.1431, -1.27 -0.3455 0.1431
            ]
        }
        coordIndex [
            0,1,2,-1,0,2,3,-1,3,2,4,-1,3,4,5,-1,5,4,6,-1,5,6,7,-1,7,6,8,-1,7,8,9,-1,9,8,10,-1,9,10,11,-1,11,10,12,-1,11,12,13,-1,13,12,14,-1,13,14,15,-1,16,17,18,-1,18,17,19,-1,20,21,18,-1,18,21,16,-1,17,16,21,-1,22,23,17,-1,22,17,24,-1,21,25,17,-1,17,25,26,-1,17,26,27,-1,27,28,17,-1,17,28,29,-1,17,29,30,-1,30,31,17,-1,17,31,32,-1,17,32,24,-1,33,26,34,-1,34,26,25,-1,34,25,20,-1,20,25,21,-1,34,20,19,-1,19,20,18,-1,19,35,36,-1,36,37,19,-1,19,37,38,-1,19,38,39,-1,39,40,19,-1,19,40,41,-1,19,41,42,-1,42,43,19,-1,19,43,33,-1,19,33,34,-1,23,35,17,-1,17,35,19,-1,23,22,35,-1,35,22,36,-1,26,33,43,-1,26,43,27,-1,27,43,42,-1,27,42,28,-1,28,42,41,-1,28,41,29,-1,29,41,40,-1,29,40,30,-1,30,40,39,-1,30,39,31,-1,31,39,38,-1,31,38,32,-1,32,38,37,-1,32,37,24,-1,24,37,36,-1,24,36,22,-1,44,45,46,-1,44,46,47,-1,18,48,46,-1,46,48,49,-1,49,50,46,-1,46,50,51,-1,46,51,52,-1,53,54,46,-1,46,54,55,-1,46,55,56,-1,56,57,46,-1,46,57,58,-1,46,58,47,-1,52,59,46,-1,46,59,60,-1,46,60,53,-1,48,18,61,-1,61,18,16,-1,61,16,62,-1,63,64,62,-1,62,64,65,-1,66,67,62,-1,65,68,62,-1,62,68,69,-1,62,69,70,-1,70,71,62,-1,62,71,72,-1,62,72,66,-1,67,73,62,-1,62,73,74,-1,62,74,75,-1,75,76,62,-1,62,76,77,-1,62,77,61,-1,45,63,46,-1,46,63,62,-1,64,63,44,-1,44,63,45,-1,62,16,46,-1,46,16,18,-1,64,44,47,-1,64,47,65,-1,65,47,58,-1,65,58,68,-1,68,58,57,-1,68,57,69,-1,69,57,56,-1,69,56,70,-1,70,56,55,-1,70,55,71,-1,71,55,54,-1,71,54,72,-1,72,54,53,-1,72,53,66,-1,66,53,60,-1,66,60,67,-1,67,60,59,-1,67,59,73,-1,73,59,52,-1,73,52,74,-1,74,52,51,-1,74,51,75,-1,75,51,50,-1,75,50,76,-1,76,50,49,-1,76,49,77,-1,77,49,48,-1,77,48,61,-1,78,79,80,-1,80,79,81,-1,82,78,83,-1,83,78,80,-1,84,82,85,-1,85,82,83,-1,86,84,87,-1,87,84,85,-1,88,86,89,-1,89,86,87,-1,90,88,91,-1,91,88,89,-1,92,90,93,-1,93,90,91,-1,79,92,81,-1,81,92,93,-1,82,84,86,-1,88,90,92,-1,79,78,92,-1,92,78,82,-1,92,82,88,-1,88,82,86,-1,93,91,89,-1,87,85,83,-1,80,81,83,-1,83,81,93,-1,83,93,87,-1,87,93,89,-1,
        ]
    }
}
Shape{
    appearance Appearance {
        material  Material 	{
            diffuseColor 0.5254901960784314 0.5254901960784314 0.5254901960784314
            specularColor 0.2627450980392157 0.2627450980392157 0.2627450980392157
            ambientIntensity 0.5255
            transparency 0.0
            shininess 0.5
        }
    }
    geometry IndexedFaceSet {
        ccw TRUE
        solid FALSE
        coord DEF co Coordinate {
            point [
                -1.32 -0.3555 0.5031, -1.32 -0.3555 0.1531, -1.32 -0.3655 0.5031, -1.32 -0.6455 0.1531, -1.32 -0.3655 0.5531, -1.32 -0.6455 0.5531, -1.32 0.3545 0.0531, -1.32 0.3545 0.0031, -1.32 0.3345 0.0531, -1.32 0.3345 0.0031
            ]
        }
        coordIndex [
            0,1,2,-1,2,1,3,-1,2,3,4,-1,4,3,5,-1,6,7,8,-1,8,7,9,-1,
        ]
    }
}
Shape{
    appearance Appearance {
        material  Material 	{
            diffuseColor 1.0 1.0 1.0
            specularColor 0.8784313725490196 0.8784313725490196 0.8784313725490196
            ambientIntensity 1.0
            transparency 0.0
            shininess 0.5
        }
    }
    geometry IndexedFaceSet {
        ccw TRUE
        solid FALSE
        coord DEF co Coordinate {
            point [
                -1.0 -0.3555 0.5531, 1.0 0.0445 0.5531, -1.0 0.0445 0.5531, -1.27 0.0445 0.5531, -1.27 -0.3555 0.5531, -1.19 0.0445 0.5531, -1.19 -0.3555 0.5531, 1.0 -0.3555 0.5531, 1.27 0.0445 0.5531, 1.19 0.0445 0.5531, 1.0 -0.5555 0.5531, 1.19 -0.3555 0.5531, 1.27 -0.3555 0.5531, 1.0 0.2445 0.5531, 1.19 0.3245 0.5531, -1.0 0.2445 0.5531, -1.19 0.3245 0.5531, -1.0 -0.5555 0.5531, -1.19 -0.6355 0.5531, 1.19 -0.6355 0.5531
            ]
        }
        coordIndex [
            0,1,2,-1,3,4,5,-1,5,4,6,-1,7,8,9,-1,7,10,8,-1,8,10,11,-1,8,11,12,-1,0,7,1,-1,1,7,9,-1,1,9,13,-1,13,9,14,-1,13,14,15,-1,15,14,16,-1,15,16,2,-1,2,16,5,-1,2,5,0,-1,0,5,6,-1,0,6,17,-1,17,6,18,-1,17,18,10,-1,10,18,19,-1,10,19,11,-1,
        ]
    }
}
Shape{
    appearance Appearance {
        material  Material 	{
            diffuseColor 0.5254901960784314 0.5254901960784314 0.5254901960784314
            specularColor 0.2627450980392157 0.2627450980392157 0.2627450980392157
            ambientIntensity 0.5255
            transparency 0.0
            shininess 0.5
        }
    }
    geometry IndexedFaceSet {
        ccw TRUE
        solid FALSE
        coord DEF co Coordinate {
            point [
                -0.5864 -0.325 0.0031, -0.5864 0.3545 0.0031, -0.1602 0.3545 0.0031, -0.0475 -0.0555 0.0031, -0.0475 0.3545 0.0031, 0.0403 0.3545 0.0031, -0.1 -0.2555 0.0031, -0.0475 -0.2555 0.0031, -0.0475 -0.325 0.0031, 0.052 -0.4965 0.0031, 0.052 -0.5097 0.0031, 0.0403 -0.5167 0.0031, 0.0648 -0.515 0.0031, 0.0769 -0.5167 0.0031, 0.0659 -0.3955 0.0031, 0.052 -0.3992 0.0031, 0.0403 -0.3952 0.0031, 0.052 -0.4153 0.0031, 0.0655 -0.4095 0.0031, 0.0541 -0.4977 0.0031, 0.0801 -0.4076 0.0031, 0.0919 -0.409 0.0031, 0.1009 -0.4122 0.0031, 0.1092 -0.4178 0.0031, 0.1164 -0.4258 0.0031, 0.1252 -0.4572 0.0031, 0.1239 -0.4702 0.0031, 0.1207 -0.4805 0.0031, 0.094 -0.503 0.0031, 0.0828 -0.5042 0.0031, 0.1027 -0.4998 0.0031, 0.1101 -0.4948 0.0031, 0.1157 -0.4888 0.0031, 0.0669 -0.5025 0.0031, 0.1214 -0.435 0.0031, 0.1246 -0.4479 0.0031, 0.0696 -0.3952 0.0031, 0.0403 -0.325 0.0031, 0.0802 -0.3945 0.0031, 0.1211 -0.5057 0.0031, 0.1301 -0.4962 0.0031, 0.1464 -0.5167 0.0031, 0.1464 -0.3952 0.0031, 0.1279 -0.4163 0.0031, 0.1171 -0.4059 0.0031, 0.0921 -0.5167 0.0031, 0.0998 -0.5159 0.0031, 0.1114 -0.5119 0.0031, 0.1413 -0.4582 0.0031, 0.1395 -0.4411 0.0031, 0.1349 -0.4275 0.0031, 0.1057 -0.3993 0.0031, 0.0923 -0.3955 0.0031, 0.0892 -0.3952 0.0031, 0.1365 -0.4848 0.0031, 0.1401 -0.4721 0.0031, 0.0817 -0.5173 0.0031, 0.0403 -0.6655 0.0031, 0.1464 -0.6655 0.0031, 0.085 -0.5174 0.0031, 0.1464 0.3545 0.0031, 0.215 0.3545 0.0031, 0.215 0.1545 0.0031, -1.27 0.3345 0.0031, -1.1 -0.0555 0.0031, -1.27 -0.325 0.0031, -1.1 -0.2555 0.0031, -0.9 -0.2555 0.0031, -1.27 -0.3952 0.0031, -0.9 -0.0555 0.0031, -0.805 0.3545 0.0031, -0.805 0.1545 0.0031, -0.965 0.1545 0.0031, -0.965 0.3545 0.0031, -1.32 0.3545 0.0031, -1.32 0.3345 0.0031, -0.5864 -0.3952 0.0031, -0.5864 -0.5167 0.0031, -1.27 -0.5167 0.0031, -0.5864 -0.6655 0.0031, -1.32 -0.6655 0.0031, -1.27 -0.6455 0.0031, -1.32 -0.6455 0.0031, 0.5565 0.3545 0.0031, 0.805 0.3545 0.0031, 0.805 0.1545 0.0031, 0.5565 -0.325 0.0031, 0.9 -0.0555 0.0031, 1.1 -0.0555 0.0031, 0.965 0.1545 0.0031, 0.965 0.3545 0.0031, 0.9 -0.2555 0.0031, 1.1 -0.2555 0.0031, 1.185 -0.325 0.0031, 1.185 0.3545 0.0031, 0.0403 -0.2555 0.0031, 0.1464 -0.325 0.0031, 0.1 -0.2555 0.0031, 0.1 -0.0555 0.0031, 0.375 0.3545 0.0031, 0.375 0.1545 0.0031, 0.0403 -0.0555 0.0031, -0.1602 -0.325 0.0031, -0.1 -0.0555 0.0031, 0.5565 -0.3952 0.0031, -0.2553 -0.5159 0.0031, -0.1602 -0.5167 0.0031, -0.2729 -0.5159 0.0031, -0.2261 -0.3959 0.0031, -0.1602 -0.3952 0.0031, -0.2432 -0.4823 0.0031, -0.1936 -0.4823 0.0031, -0.1822 -0.5159 0.0031, -0.1646 -0.5159 0.0031, -0.21 -0.3959 0.0031, -0.0475 -0.3952 0.0031, -0.0931 -0.3959 0.0031, -0.1104 -0.3978 0.0031, -0.1245 -0.4027 0.0031, -0.1375 -0.4115 0.0031, -0.1498 -0.483 0.0031, -0.1429 -0.4938 0.0031, -0.1331 -0.5032 0.0031, -0.1205 -0.5105 0.0031, -0.1377 -0.4116 0.0031, -0.1461 -0.421 0.0031, -0.1517 -0.4313 0.0031, -0.1549 -0.4431 0.0031, -0.1558 -0.4544 0.0031, -0.1541 -0.4705 0.0031, -0.1067 -0.5146 0.0031, -0.0919 -0.5159 0.0031, -0.0475 -0.5167 0.0031, -0.0592 -0.5159 0.0031, -0.0592 -0.3959 0.0031, 0.0286 -0.5159 0.0031, 0.0286 -0.3959 0.0031, -0.0329 -0.3959 0.0031, -0.0329 -0.4091 0.0031, -0.0358 -0.5028 0.0031, -0.0358 -0.5159 0.0031, 0.0125 -0.4618 0.0031, 0.0125 -0.5028 0.0031, -0.03 -0.4618 0.0031, -0.03 -0.4486 0.0031, 0.0125 -0.4486 0.0031, 0.0125 -0.4091 0.0031, 0.1515 -0.5028 0.0031, 0.1515 -0.5159 0.0031, 0.1969 -0.5028 0.0031, 0.1969 -0.3959 0.0031, 0.213 -0.3959 0.0031, 0.213 -0.5159 0.0031, 0.5565 -0.5167 0.0031, -0.0475 -0.6655 0.0031, -0.1602 -0.6655 0.0031, 0.5565 -0.6655 0.0031, 1.185 -0.3952 0.0031, 1.185 -0.5167 0.0031, 1.185 -0.6655 0.0031, 1.27 0.3545 0.0031, 1.27 -0.325 0.0031, 1.27 -0.3952 0.0031, 1.27 -0.5167 0.0031, 1.27 -0.6655 0.0031
            ]
        }
        coordIndex [
            0,1,2,-1,3,4,5,-1,6,7,8,-1,9,10,11,-1,11,10,12,-1,11,12,13,-1,14,15,16,-1,16,15,17,-1,16,17,9,-1,9,17,18,-1,9,18,19,-1,19,18,20,-1,19,20,21,-1,21,22,19,-1,19,22,23,-1,19,23,24,-1,25,26,19,-1,19,26,27,-1,28,29,30,-1,30,29,31,-1,27,32,19,-1,19,32,31,-1,19,31,33,-1,33,31,29,-1,24,34,19,-1,19,34,35,-1,19,35,25,-1,14,16,36,-1,36,16,37,-1,36,37,38,-1,39,40,41,-1,42,43,44,-1,45,46,41,-1,41,46,47,-1,41,47,39,-1,48,49,42,-1,42,49,50,-1,42,50,43,-1,44,51,42,-1,42,51,52,-1,42,52,53,-1,40,54,41,-1,41,54,55,-1,41,55,48,-1,13,56,57,-1,41,58,45,-1,45,58,57,-1,45,57,59,-1,59,57,56,-1,60,61,62,-1,63,64,65,-1,65,64,66,-1,65,66,67,-1,68,65,0,-1,0,65,67,-1,0,67,1,-1,1,67,69,-1,70,1,71,-1,71,1,69,-1,71,69,72,-1,72,69,64,-1,72,64,73,-1,73,64,63,-1,73,63,74,-1,74,63,75,-1,76,77,78,-1,79,80,81,-1,81,80,82,-1,83,84,85,-1,86,83,87,-1,87,83,85,-1,87,85,88,-1,88,85,89,-1,88,89,90,-1,91,92,93,-1,93,92,88,-1,93,88,94,-1,94,88,90,-1,4,3,2,-1,37,95,96,-1,96,95,97,-1,96,97,98,-1,99,83,100,-1,100,83,86,-1,100,86,62,-1,62,86,96,-1,62,96,60,-1,60,96,98,-1,60,98,5,-1,5,98,101,-1,5,101,3,-1,78,68,76,-1,76,68,0,-1,76,0,102,-1,102,0,2,-1,102,2,103,-1,103,2,3,-1,38,37,53,-1,53,37,96,-1,53,96,42,-1,42,96,86,-1,42,86,104,-1,105,106,107,-1,107,106,77,-1,107,77,108,-1,108,77,76,-1,108,76,109,-1,109,76,102,-1,110,111,105,-1,105,111,112,-1,105,112,106,-1,106,112,113,-1,106,113,109,-1,109,113,114,-1,109,114,108,-1,103,6,102,-1,102,6,8,-1,102,8,109,-1,109,8,115,-1,109,115,116,-1,116,117,109,-1,109,117,118,-1,109,118,119,-1,120,121,106,-1,106,121,122,-1,106,122,123,-1,119,124,109,-1,109,124,125,-1,109,125,126,-1,126,127,109,-1,109,127,128,-1,109,128,106,-1,106,128,129,-1,106,129,120,-1,123,130,106,-1,106,130,131,-1,106,131,132,-1,132,131,133,-1,132,133,115,-1,115,133,134,-1,115,134,116,-1,135,11,132,-1,9,11,16,-1,16,11,135,-1,16,135,136,-1,7,95,8,-1,8,95,37,-1,8,37,115,-1,115,37,16,-1,115,16,137,-1,137,16,136,-1,137,138,115,-1,115,138,139,-1,115,139,132,-1,132,139,140,-1,132,140,135,-1,141,142,143,-1,143,142,139,-1,143,139,144,-1,144,139,138,-1,144,138,145,-1,145,138,146,-1,48,42,41,-1,41,42,147,-1,41,147,148,-1,149,147,150,-1,150,147,42,-1,150,42,151,-1,151,42,104,-1,151,104,152,-1,152,104,153,-1,13,57,11,-1,11,57,154,-1,11,154,132,-1,132,154,155,-1,132,155,106,-1,106,155,79,-1,106,79,77,-1,77,79,81,-1,77,81,78,-1,148,152,41,-1,41,152,153,-1,41,153,58,-1,58,153,156,-1,87,91,86,-1,86,91,93,-1,86,93,104,-1,104,93,157,-1,104,157,153,-1,153,157,158,-1,153,158,156,-1,156,158,159,-1,94,160,93,-1,93,160,161,-1,93,161,157,-1,157,161,162,-1,157,162,158,-1,158,162,163,-1,158,163,159,-1,159,163,164,-1,
        ]
    }
}
Shape{
    appearance Appearance {
        material  Material 	{
            diffuseColor 1.0 1.0 1.0
            specularColor 0.8784313725490196 0.8784313725490196 0.8784313725490196
            ambientIntensity 1.0
            transparency 0.0
            shininess 0.5
        }
    }
    geometry IndexedFaceSet {
        ccw TRUE
        solid FALSE
        coord DEF co Coordinate {
            point [
                0.2 -0.6155 0.5031, 0.2 -0.6555 0.5031, -0.5 -0.6155 0.5031, -0.5 -0.6555 0.5031
            ]
        }
        coordIndex [
            0,1,2,-1,2,1,3,-1,
        ]
    }
}
Shape{
    appearance Appearance {
        material  Material 	{
            diffuseColor 0.5254901960784314 0.5254901960784314 0.5254901960784314
            specularColor 0.2627450980392157 0.2627450980392157 0.2627450980392157
            ambientIntensity 0.5255
            transparency 0.0
            shininess 0.5
        }
    }
    geometry IndexedFaceSet {
        ccw TRUE
        solid FALSE
        coord DEF co Coordinate {
            point [
                0.5 -0.6655 0.3731, 0.5 -0.6655 0.4831, 0.5 -1.1955 0.3731, 0.5 -1.1955 0.4831, 0.48 -1.1955 0.3531, 0.22 -1.1955 0.3531, 0.48 -0.6655 0.3531, 0.22 -0.6655 0.3531
            ]
        }
        coordIndex [
            0,1,2,-1,2,1,3,-1,4,5,6,-1,6,5,7,-1,
        ]
    }
}
Shape{
    appearance Appearance {
        material  Material 	{
            diffuseColor 1.0 1.0 1.0
            specularColor 0.8784313725490196 0.8784313725490196 0.8784313725490196
            ambientIntensity 1.0
            transparency 0.0
            shininess 0.5
        }
    }
    geometry IndexedFaceSet {
        ccw TRUE
        solid FALSE
        coord DEF co Coordinate {
            point [
                -1.19 0.0445 0.5531, -1.1952 0.0445 0.5525, -1.27 0.0445 0.5531, -1.2 0.0445 0.5505, -1.2041 0.0445 0.5473, -1.21 0.0445 0.5031, -1.27 0.0445 0.5031, -1.21 0.0445 0.5332, -1.2073 0.0445 0.5432, -1.2093 0.0445 0.5383, -1.1952 -0.3555 0.5525, -1.19 -0.3555 0.5531, -1.27 -0.3555 0.5531, -1.2093 -0.3555 0.5383, -1.2073 -0.3555 0.5432, -1.27 -0.3555 0.5031, -1.21 -0.3555 0.5031, -1.21 -0.3555 0.5332, -1.2041 -0.3555 0.5473, -1.2 -0.3555 0.5505, -1.21 -0.6555 0.5332, -1.21 -0.6555 0.5031, 0.2027 -0.6555 0.4931, 0.2 -0.6555 0.5031, 0.2007 -0.6555 0.4883, 0.2 -0.6555 0.4831, 0.2148 -0.6555 0.5025, 0.22 -0.6555 0.5031, 0.2059 -0.6555 0.4973, 0.21 -0.6555 0.5005, -0.5 -0.6555 0.5031, 1.21 -0.6555 0.5332, 1.21 -0.6555 0.5031, 1.21 -0.3555 0.5332, 1.21 -0.3555 0.5031, 1.19 -0.3555 0.5531, 1.1952 -0.3555 0.5525, 1.27 -0.3555 0.5531, 1.2 -0.3555 0.5505, 1.2042 -0.3555 0.5473, 1.27 -0.3555 0.5031, 1.2073 -0.3555 0.5432, 1.2093 -0.3555 0.5383, 1.27 0.0445 0.5031, 1.21 0.0445 0.5031, 1.27 0.0445 0.5531, 1.21 0.0445 0.5332, 1.2093 0.0445 0.5383, 1.19 0.0445 0.5531, 1.1952 0.0445 0.5525, 1.2 0.0445 0.5505, 1.2073 0.0445 0.5432, 1.2042 0.0445 0.5473, 1.21 0.3445 0.5332, 1.21 0.3445 0.5031, -1.21 0.3445 0.5332, -1.21 0.3445 0.5031, -1.27 -0.6655 0.0531, -1.27 -0.6655 0.1531, -1.27 -0.6455 0.0531, -1.27 -0.3555 0.1531, -1.27 0.3545 0.1531, -1.27 0.3545 0.0531, -1.27 0.0445 0.1531, -1.27 0.3345 0.0531, -1.27 -0.325 0.0031, -1.27 0.3345 0.0031, -1.27 -0.6455 0.0031, -1.27 -0.5167 0.0031, -1.27 -0.3952 0.0031, 1.27 0.0445 0.1531, 1.27 -0.3555 0.1531, 1.27 -0.3952 0.0031, 1.27 -0.5167 0.0031, 1.27 -0.6655 0.1531, 1.27 -0.6655 0.0031, 1.27 0.3545 0.1531, 1.27 0.3545 0.0031, 1.27 -0.325 0.0031
            ]
        }
        coordIndex [
            0,1,2,-1,2,1,3,-1,2,3,4,-1,5,6,7,-1,7,6,2,-1,4,8,2,-1,2,8,9,-1,2,9,7,-1,10,11,12,-1,12,13,14,-1,15,16,12,-1,12,16,17,-1,12,17,13,-1,14,18,12,-1,12,18,19,-1,12,19,10,-1,17,16,20,-1,20,16,21,-1,22,23,24,-1,24,23,25,-1,23,26,27,-1,22,28,23,-1,23,28,29,-1,23,29,26,-1,21,30,20,-1,20,30,23,-1,20,23,31,-1,31,23,27,-1,31,27,32,-1,31,32,33,-1,33,32,34,-1,35,36,37,-1,37,36,38,-1,37,38,39,-1,34,40,33,-1,33,40,37,-1,39,41,37,-1,37,41,42,-1,37,42,33,-1,43,44,45,-1,45,44,46,-1,45,46,47,-1,48,45,49,-1,49,45,50,-1,47,51,45,-1,45,51,52,-1,45,52,50,-1,46,44,53,-1,53,44,54,-1,53,54,55,-1,55,54,56,-1,55,56,7,-1,7,56,5,-1,57,58,59,-1,59,58,60,-1,61,62,63,-1,63,62,64,-1,12,2,15,-1,15,2,6,-1,15,6,60,-1,60,6,63,-1,60,63,65,-1,65,63,64,-1,65,64,66,-1,67,59,68,-1,68,59,60,-1,68,60,69,-1,69,60,65,-1,45,37,43,-1,43,37,40,-1,43,40,70,-1,70,40,71,-1,72,71,73,-1,73,71,74,-1,73,74,75,-1,76,70,77,-1,77,70,71,-1,77,71,78,-1,78,71,72,-1,
        ]
    }
}
Shape{
    appearance Appearance {
        material  Material 	{
            diffuseColor 0.5254901960784314 0.5254901960784314 0.5254901960784314
            specularColor 0.2627450980392157 0.2627450980392157 0.2627450980392157
            ambientIntensity 0.5255
            transparency 0.0
            shininess 0.5
        }
    }
    geometry IndexedFaceSet {
        ccw TRUE
        solid FALSE
        coord DEF co Coordinate {
            point [
                0.22 -1.1955 0.5031, 0.48 -1.1955 0.5031, 0.22 -0.6555 0.5031, 0.48 -0.6655 0.5031, 1.21 -0.6555 0.5031, 1.22 -0.6655 0.5031, 1.21 -0.3555 0.5031, 1.22 -0.3655 0.5031, 1.27 -0.3555 0.5031, 1.32 -0.3655 0.5031, 1.32 -0.3555 0.5031, 0.2 -0.6155 0.3531, 0.2 -0.6655 0.3531, 0.2 -0.6155 0.5031, 0.2 -0.6655 0.3731, 0.2 -0.6555 0.5031, 0.2 -0.6555 0.4831, 0.2 -1.1955 0.4831, 0.2 -1.1955 0.3731, 0.48 -1.2155 0.3731, 0.48 -1.2155 0.4831, 0.22 -1.2155 0.3731, 0.22 -1.2155 0.4831, -0.5 -0.6155 0.5031, -0.5 -0.6155 0.3531, -1.32 -0.3555 0.5031, -1.32 -0.3655 0.5031, -1.27 -0.3555 0.5031, -1.22 -0.3655 0.5031, -0.5 -0.6655 0.5031, -0.5 -0.6555 0.5031, -1.22 -0.6655 0.5031, -1.21 -0.6555 0.5031, -1.21 -0.3555 0.5031, -1.32 0.0545 0.5031, -1.32 0.0445 0.5031, -1.27 0.0445 0.5031, 1.32 0.0445 0.5031, 1.32 0.0545 0.5031, 1.27 0.0445 0.5031, 1.22 0.0545 0.5031, -1.22 0.0545 0.5031, -1.21 0.0445 0.5031, -1.22 0.3545 0.5031, -1.21 0.3445 0.5031, 1.22 0.3545 0.5031, 1.21 0.3445 0.5031, 1.21 0.0445 0.5031, -0.5 -0.6655 0.3531, 1.32 0.0445 0.1531, 1.32 0.3345 0.1531, 1.32 0.0545 0.5531, 1.32 0.3345 0.5531, -1.32 -0.6455 0.0531, -1.32 -0.6455 0.0031, -1.32 -0.6655 0.0531, -1.32 -0.6655 0.0031, -1.32 0.3345 0.5531, -1.32 0.0545 0.5531, -1.22 0.0545 0.5531, -1.3173 0.3445 0.5531, -1.3193 0.3397 0.5531, -1.22 0.3545 0.5531, -1.3 0.3545 0.5531, -1.3052 0.3538 0.5531, -1.31 0.3518 0.5531, -1.3141 0.3487 0.5531, 1.3 0.3545 0.5531, 1.22 0.3545 0.5531, 1.22 0.0545 0.5531, 1.3195 0.339 0.5531, 1.3125 0.3502 0.5531, 1.3157 0.347 0.5531, 1.318 0.3432 0.5531, 1.3087 0.3525 0.5531, 1.3045 0.354 0.5531, 1.32 -0.6455 0.5531, 1.32 -0.3655 0.5531, 1.22 -0.3655 0.5531, 1.3173 -0.6555 0.5531, 1.3193 -0.6507 0.5531, 1.22 -0.6655 0.5531, 1.3 -0.6655 0.5531, 1.3052 -0.6648 0.5531, 1.31 -0.6628 0.5531, 1.3142 -0.6596 0.5531, 1.32 -0.6455 0.1531, 1.32 -0.3555 0.1531, 1.27 0.3545 0.1531, 1.185 0.3545 0.0031, 0.965 0.3545 0.0031, 0.965 0.3545 0.0531, 1.3 0.3545 0.1531, 1.27 0.3545 0.0031, 0.805 0.3545 0.0531, 0.5565 0.3545 0.0031, 0.375 0.3545 0.0031, 0.375 0.3545 0.0531, -0.5864 0.3545 0.0031, -0.805 0.3545 0.0031, -0.805 0.3545 0.0531, 0.215 0.3545 0.0531, 0.215 0.3545 0.0031, 0.1464 0.3545 0.0031, -0.965 0.3545 0.0531, -1.32 0.3545 0.0031, -1.32 0.3545 0.0531, -1.27 0.3545 0.0531, 0.0403 0.3545 0.0031, -0.0475 0.3545 0.0031, -0.1602 0.3545 0.0031, -1.3 0.3545 0.1531, -1.27 0.3545 0.1531, -0.965 0.3545 0.0031, 0.805 0.3545 0.0031, -1.32 0.3345 0.1531, -1.32 0.0445 0.1531, 1.3 -0.6655 0.1531, 1.27 -0.6655 0.1531, 0.49 -0.6655 0.5005, 0.4942 -0.6655 0.4973, -1.27 -0.6655 0.0531, -1.27 -0.6655 0.1531, -1.3 -0.6655 0.1531, -1.3 -0.6655 0.5531, -1.22 -0.6655 0.5531, 0.4973 -0.6655 0.4931, 0.4993 -0.6655 0.4883, 0.5 -0.6655 0.4831, 0.4852 -0.6655 0.5025, 0.2059 -0.6655 0.359, 0.2027 -0.6655 0.3631, 0.2007 -0.6655 0.368, -0.5864 -0.6655 0.0031, -0.1602 -0.6655 0.0031, -0.0475 -0.6655 0.0031, 0.0403 -0.6655 0.0031, 0.1464 -0.6655 0.0031, 0.5565 -0.6655 0.0031, 1.185 -0.6655 0.0031, 1.27 -0.6655 0.0031, 0.5 -0.6655 0.3731, 0.4993 -0.6655 0.368, 0.4973 -0.6655 0.3631, 0.4942 -0.6655 0.359, 0.49 -0.6655 0.3558, 0.4852 -0.6655 0.3538, 0.48 -0.6655 0.3531, 0.22 -0.6655 0.3531, 0.2148 -0.6655 0.3538, 0.21 -0.6655 0.3558, -1.22 -0.3655 0.5531, -1.32 -0.3655 0.5531, -1.32 -0.6455 0.5531, -1.3141 -0.6596 0.5531, -1.3052 -0.6648 0.5531, -1.31 -0.6628 0.5531, -1.3193 -0.6507 0.5531, -1.3173 -0.6555 0.5531
            ]
        }
        coordIndex [
            0,1,2,-1,2,1,3,-1,2,3,4,-1,4,3,5,-1,4,5,6,-1,6,5,7,-1,6,7,8,-1,8,7,9,-1,8,9,10,-1,11,12,13,-1,13,12,14,-1,15,13,16,-1,16,13,14,-1,16,14,17,-1,17,14,18,-1,19,20,21,-1,21,20,22,-1,23,24,13,-1,13,24,11,-1,25,26,27,-1,27,26,28,-1,29,30,31,-1,31,30,32,-1,31,32,28,-1,28,32,33,-1,28,33,27,-1,34,35,36,-1,37,38,39,-1,39,38,40,-1,34,36,41,-1,41,36,42,-1,41,42,43,-1,43,42,44,-1,43,44,45,-1,45,44,46,-1,45,46,40,-1,40,46,47,-1,40,47,39,-1,11,24,12,-1,12,24,48,-1,37,49,38,-1,38,49,50,-1,38,50,51,-1,51,50,52,-1,53,54,55,-1,55,54,56,-1,57,58,59,-1,60,61,57,-1,59,62,57,-1,57,62,63,-1,57,63,64,-1,64,65,57,-1,57,65,66,-1,57,66,60,-1,67,68,69,-1,69,51,67,-1,67,51,52,-1,67,52,70,-1,71,70,72,-1,72,70,73,-1,71,74,70,-1,70,74,75,-1,70,75,67,-1,76,77,78,-1,79,80,76,-1,78,81,76,-1,76,81,82,-1,76,82,83,-1,83,84,76,-1,76,84,85,-1,76,85,79,-1,77,76,9,-1,9,76,86,-1,9,86,10,-1,10,86,87,-1,88,43,45,-1,89,90,91,-1,68,67,45,-1,45,67,92,-1,45,92,88,-1,88,93,89,-1,89,91,88,-1,88,91,94,-1,88,94,43,-1,95,96,97,-1,98,99,100,-1,101,102,103,-1,100,104,43,-1,43,104,63,-1,43,63,62,-1,105,106,107,-1,103,108,101,-1,101,108,109,-1,101,109,110,-1,111,63,112,-1,112,63,104,-1,112,104,107,-1,107,104,113,-1,107,113,105,-1,114,95,94,-1,94,95,97,-1,94,97,43,-1,43,97,101,-1,43,101,100,-1,100,101,110,-1,100,110,98,-1,58,57,34,-1,34,57,115,-1,34,115,35,-1,35,115,116,-1,117,82,5,-1,5,82,81,-1,118,119,120,-1,55,56,121,-1,121,56,48,-1,121,48,122,-1,122,48,29,-1,122,29,123,-1,123,29,31,-1,123,31,124,-1,124,31,125,-1,120,126,118,-1,118,126,127,-1,118,127,128,-1,3,129,5,-1,5,129,119,-1,5,119,117,-1,117,119,118,-1,130,131,12,-1,12,131,132,-1,12,132,14,-1,56,133,48,-1,48,133,134,-1,48,134,12,-1,12,134,135,-1,135,136,12,-1,12,136,137,-1,12,137,138,-1,139,140,118,-1,128,141,118,-1,118,141,142,-1,118,142,139,-1,142,143,139,-1,139,143,144,-1,139,144,138,-1,144,145,138,-1,138,145,146,-1,138,146,147,-1,147,148,138,-1,138,148,149,-1,138,149,12,-1,12,149,150,-1,12,150,130,-1,125,151,124,-1,124,151,152,-1,124,152,153,-1,124,154,155,-1,155,154,156,-1,153,157,124,-1,124,157,158,-1,124,158,154,-1,34,41,58,-1,58,41,59,-1,41,43,59,-1,59,43,62,-1,45,40,68,-1,68,40,69,-1,40,38,69,-1,69,38,51,-1,9,7,77,-1,77,7,78,-1,7,5,78,-1,78,5,81,-1,31,28,125,-1,125,28,151,-1,28,26,151,-1,151,26,152,-1,
        ]
    }
}
Shape{
    appearance Appearance {
        material  Material 	{
            diffuseColor 1.0 1.0 1.0
            specularColor 0.8784313725490196 0.8784313725490196 0.8784313725490196
            ambientIntensity 1.0
            transparency 0.0
            shininess 0.5
        }
    }
    geometry IndexedFaceSet {
        ccw TRUE
        solid FALSE
        coord DEF co Coordinate {
            point [
                -1.32 -0.3555 0.1531, -1.32 -0.3555 0.5031, -1.27 -0.3555 0.1531, -1.27 -0.3555 0.5031, -1.27 0.0445 0.1531, -1.27 0.0445 0.5031, -1.32 0.0445 0.1531, -1.32 0.0445 0.5031, -1.32 -0.6455 0.1531, -1.3173 -0.6555 0.1531, -1.3193 -0.6507 0.1531, -1.27 -0.6655 0.1531, -1.3 -0.6655 0.1531, -1.3052 -0.6648 0.1531, -1.31 -0.6628 0.1531, -1.3141 -0.6596 0.1531, -1.27 -0.6455 0.0531, -1.27 -0.6455 0.0031, -1.32 -0.6455 0.0531, -1.32 -0.6455 0.0031, -1.32 0.3345 0.0531, -1.32 0.3345 0.0031, -1.27 0.3345 0.0531, -1.27 0.3345 0.0031, -1.27 0.3545 0.1531, -1.32 0.3345 0.1531, -1.3 0.3545 0.1531, -1.3141 0.3487 0.1531, -1.3173 0.3445 0.1531, -1.3193 0.3397 0.1531, -1.31 0.3518 0.1531, -1.3052 0.3538 0.1531, 1.32 0.0445 0.1531, 1.32 0.0445 0.5031, 1.27 0.0445 0.1531, 1.27 0.0445 0.5031, 1.27 -0.3555 0.1531, 1.27 -0.3555 0.5031, 1.32 -0.3555 0.1531, 1.32 -0.3555 0.5031, 1.27 0.3545 0.1531, 1.3 0.3545 0.1531, 1.32 0.3345 0.1531, 1.3195 0.339 0.1531, 1.318 0.3432 0.1531, 1.3045 0.354 0.1531, 1.3087 0.3525 0.1531, 1.3125 0.3502 0.1531, 1.3157 0.347 0.1531, 1.31 -0.6628 0.1531, 1.3052 -0.6648 0.1531, 1.3142 -0.6596 0.1531, 1.3 -0.6655 0.1531, 1.3173 -0.6555 0.1531, 1.27 -0.6655 0.1531, 1.32 -0.6455 0.1531, 1.3193 -0.6507 0.1531
            ]
        }
        coordIndex [
            0,1,2,-1,2,1,3,-1,4,5,6,-1,6,5,7,-1,8,0,2,-1,9,10,8,-1,2,11,8,-1,8,11,12,-1,8,12,13,-1,13,14,8,-1,8,14,15,-1,8,15,9,-1,16,17,18,-1,18,17,19,-1,20,21,22,-1,22,21,23,-1,4,6,24,-1,24,6,25,-1,24,25,26,-1,27,25,28,-1,28,25,29,-1,27,30,25,-1,25,30,31,-1,25,31,26,-1,32,33,34,-1,34,33,35,-1,36,37,38,-1,38,37,39,-1,34,40,41,-1,32,34,42,-1,42,34,41,-1,42,41,43,-1,43,41,44,-1,45,46,47,-1,45,47,41,-1,41,47,48,-1,41,48,44,-1,49,50,51,-1,51,50,52,-1,51,52,53,-1,36,38,54,-1,54,38,55,-1,54,55,52,-1,52,55,56,-1,52,56,53,-1,
        ]
    }
}
Shape{
    appearance Appearance {
        material  Material 	{
            diffuseColor 0.5254901960784314 0.5254901960784314 0.5254901960784314
            specularColor 0.2627450980392157 0.2627450980392157 0.2627450980392157
            ambientIntensity 0.5255
            transparency 0.0
            shininess 0.5
        }
    }
    geometry IndexedFaceSet {
        ccw TRUE
        solid FALSE
        coord DEF co Coordinate {
            point [
                -0.5 -0.6655 0.5031, -0.5 -0.6655 0.3531, -0.5 -0.6555 0.5031, -0.5 -0.6155 0.3531, -0.5 -0.6155 0.5031
            ]
        }
        coordIndex [
            0,1,2,-1,2,1,3,-1,2,3,4,-1,
        ]
    }
}
Shape{
    appearance Appearance {
        material  Material 	{
            diffuseColor 1.0 1.0 1.0
            specularColor 0.8784313725490196 0.8784313725490196 0.8784313725490196
            ambientIntensity 1.0
            transparency 0.0
            shininess 0.5
        }
    }
    geometry IndexedFaceSet {
        ccw TRUE
        solid FALSE
        coord DEF co Coordinate {
            point [
                0.965 0.1545 0.0531, 0.965 0.3545 0.0531, 0.965 0.1545 0.0031, 0.965 0.3545 0.0031, 0.805 0.3545 0.0531, 0.805 0.1545 0.0531, 0.805 0.3545 0.0031, 0.805 0.1545 0.0031, -0.805 0.1545 0.0531, -0.805 0.3545 0.0531, -0.805 0.1545 0.0031, -0.805 0.3545 0.0031, -0.965 0.3545 0.0531, -0.965 0.1545 0.0531, -0.965 0.3545 0.0031, -0.965 0.1545 0.0031, 0.375 0.1545 0.0531, 0.375 0.3545 0.0531, 0.375 0.1545 0.0031, 0.375 0.3545 0.0031, 0.215 0.3545 0.0531, 0.215 0.1545 0.0531, 0.215 0.3545 0.0031, 0.215 0.1545 0.0031, -0.1 -0.0555 0.1031, -0.1 -0.2555 0.1031, -0.1 -0.0555 0.0031, -0.1 -0.2555 0.0031, 0.1 -0.2555 0.1031, 0.1 -0.2555 0.0031, 0.0403 -0.2555 0.0031, -0.0475 -0.2555 0.0031, 0.1 -0.0555 0.1031, 0.1 -0.0555 0.0031, -0.0475 -0.0555 0.0031, 0.0403 -0.0555 0.0031, -1.1 -0.0555 0.1031, -1.1 -0.2555 0.1031, -1.1 -0.0555 0.0031, -1.1 -0.2555 0.0031, -0.9 -0.2555 0.1031, -0.9 -0.2555 0.0031, -0.9 -0.0555 0.1031, -0.9 -0.0555 0.0031, 0.9 -0.0555 0.1031, 0.9 -0.2555 0.1031, 0.9 -0.0555 0.0031, 0.9 -0.2555 0.0031, 1.1 -0.2555 0.1031, 1.1 -0.2555 0.0031, 1.1 -0.0555 0.1031, 1.1 -0.0555 0.0031, 0.1515 -0.5028 0.0531, 0.1515 -0.5159 0.0531, 0.1515 -0.5028 0.0031, 0.1515 -0.5159 0.0031, 0.213 -0.5159 0.0531, 0.213 -0.5159 0.0031, 0.213 -0.3959 0.0531, 0.213 -0.3959 0.0031, 0.1969 -0.3959 0.0531, 0.1969 -0.3959 0.0031, 0.1969 -0.5028 0.0531, 0.1969 -0.5028 0.0031, -0.2261 -0.3959 0.0531, -0.2729 -0.5159 0.0531, -0.2261 -0.3959 0.0031, -0.2729 -0.5159 0.0031, -0.2553 -0.5159 0.0531, -0.2553 -0.5159 0.0031, -0.2432 -0.4823 0.0531, -0.2432 -0.4823 0.0031, -0.1936 -0.4823 0.0531, -0.1936 -0.4823 0.0031, -0.1822 -0.5159 0.0531, -0.1822 -0.5159 0.0031, -0.1646 -0.5159 0.0531, -0.1646 -0.5159 0.0031, -0.21 -0.3959 0.0531, -0.21 -0.3959 0.0031, -0.1977 -0.4691 0.0531, -0.2378 -0.4691 0.0531, -0.2156 -0.419 0.0531, -0.2167 -0.4148 0.0531, -0.2175 -0.4106 0.0531, -0.2179 -0.4106 0.0531, -0.2187 -0.4148 0.0531, -0.2197 -0.419 0.0531, -0.1977 -0.4691 0.0031, -0.2378 -0.4691 0.0031, -0.2156 -0.419 0.0031, -0.2167 -0.4148 0.0031, -0.2175 -0.4106 0.0031, -0.2179 -0.4106 0.0031, -0.2187 -0.4148 0.0031, -0.2197 -0.419 0.0031, -0.0919 -0.5159 0.0531, -0.0592 -0.5159 0.0531, -0.0919 -0.5159 0.0031, -0.0592 -0.5159 0.0031, -0.0592 -0.3959 0.0531, -0.0592 -0.3959 0.0031, -0.0931 -0.3959 0.0531, -0.0931 -0.3959 0.0031, -0.1558 -0.4544 0.0531, -0.1558 -0.4544 0.0031, -0.1549 -0.4431 0.0031, -0.1549 -0.4431 0.0531, -0.1517 -0.4313 0.0031, -0.1517 -0.4313 0.0531, -0.1461 -0.421 0.0031, -0.1461 -0.421 0.0531, -0.1377 -0.4116 0.0031, -0.1377 -0.4116 0.0531, -0.1375 -0.4115 0.0031, -0.1375 -0.4115 0.0531, -0.1245 -0.4027 0.0031, -0.1245 -0.4027 0.0531, -0.1104 -0.3978 0.0031, -0.1104 -0.3978 0.0531, -0.1067 -0.5146 0.0031, -0.1067 -0.5146 0.0531, -0.1205 -0.5105 0.0031, -0.1205 -0.5105 0.0531, -0.1331 -0.5032 0.0031, -0.1331 -0.5032 0.0531, -0.1429 -0.4938 0.0031, -0.1429 -0.4938 0.0531, -0.1498 -0.483 0.0031, -0.1498 -0.483 0.0531, -0.1541 -0.4705 0.0031, -0.1541 -0.4705 0.0531, -0.1317 -0.4259 0.0531, -0.1259 -0.4197 0.0531, -0.1171 -0.4141 0.0531, -0.1072 -0.4106 0.0531, -0.093 -0.4091 0.0531, -0.0753 -0.4091 0.0531, -0.0753 -0.5028 0.0531, -0.0924 -0.5028 0.0531, -0.105 -0.5016 0.0531, -0.1151 -0.4984 0.0531, -0.1233 -0.4936 0.0531, -0.13 -0.4869 0.0531, -0.1351 -0.4787 0.0531, -0.1386 -0.4674 0.0531, -0.1397 -0.4548 0.0531, -0.1387 -0.4428 0.0531, -0.1359 -0.4333 0.0531, -0.093 -0.4091 0.0031, -0.0753 -0.4091 0.0031, -0.1072 -0.4106 0.0031, -0.1171 -0.4141 0.0031, -0.1259 -0.4197 0.0031, -0.1317 -0.4259 0.0031, -0.1359 -0.4333 0.0031, -0.1387 -0.4428 0.0031, -0.1397 -0.4548 0.0031, -0.1386 -0.4674 0.0031, -0.1351 -0.4787 0.0031, -0.13 -0.4869 0.0031, -0.1233 -0.4936 0.0031, -0.1151 -0.4984 0.0031, -0.105 -0.5016 0.0031, -0.0924 -0.5028 0.0031, -0.0753 -0.5028 0.0031, -0.0358 -0.5028 0.0531, -0.0358 -0.5159 0.0531, -0.0358 -0.5028 0.0031, -0.0358 -0.5159 0.0031, 0.0286 -0.5159 0.0531, 0.0286 -0.5159 0.0031, 0.0286 -0.3959 0.0531, 0.0286 -0.3959 0.0031, -0.0329 -0.3959 0.0531, -0.0329 -0.3959 0.0031, -0.0329 -0.4091 0.0531, -0.0329 -0.4091 0.0031, 0.0125 -0.4091 0.0531, 0.0125 -0.4091 0.0031, 0.0125 -0.4486 0.0531, 0.0125 -0.4486 0.0031, -0.03 -0.4486 0.0531, -0.03 -0.4486 0.0031, -0.03 -0.4618 0.0531, -0.03 -0.4618 0.0031, 0.0125 -0.4618 0.0531, 0.0125 -0.4618 0.0031, 0.0125 -0.5028 0.0531, 0.0125 -0.5028 0.0031, 0.052 -0.4965 0.0531, 0.052 -0.5097 0.0531, 0.052 -0.4965 0.0031, 0.052 -0.5097 0.0031, 0.0648 -0.515 0.0531, 0.085 -0.5174 0.0531, 0.085 -0.5174 0.0031, 0.0817 -0.5173 0.0031, 0.0817 -0.5173 0.0531, 0.0769 -0.5167 0.0031, 0.0648 -0.515 0.0031, 0.0921 -0.5167 0.0031, 0.0998 -0.5159 0.0531, 0.0998 -0.5159 0.0031, 0.1114 -0.5119 0.0531, 0.1114 -0.5119 0.0031, 0.1211 -0.5057 0.0531, 0.1211 -0.5057 0.0031, 0.1301 -0.4962 0.0531, 0.1301 -0.4962 0.0031, 0.1365 -0.4848 0.0531, 0.1365 -0.4848 0.0031, 0.1401 -0.4721 0.0531, 0.1401 -0.4721 0.0031, 0.1413 -0.4582 0.0531, 0.1413 -0.4582 0.0031, 0.0802 -0.3945 0.0031, 0.0892 -0.3952 0.0031, 0.0802 -0.3945 0.0531, 0.0923 -0.3955 0.0531, 0.0923 -0.3955 0.0031, 0.1057 -0.3993 0.0031, 0.1057 -0.3993 0.0531, 0.1171 -0.4059 0.0031, 0.1171 -0.4059 0.0531, 0.1279 -0.4163 0.0031, 0.1279 -0.4163 0.0531, 0.1349 -0.4275 0.0031, 0.1349 -0.4275 0.0531, 0.1395 -0.4411 0.0031, 0.1395 -0.4411 0.0531, 0.0696 -0.3952 0.0031, 0.0659 -0.3955 0.0531, 0.0659 -0.3955 0.0031, 0.052 -0.3992 0.0531, 0.052 -0.3992 0.0031, 0.052 -0.4153 0.0531, 0.052 -0.4153 0.0031, 0.0801 -0.4076 0.0531, 0.0801 -0.4076 0.0031, 0.0655 -0.4095 0.0031, 0.0655 -0.4095 0.0531, 0.1252 -0.4572 0.0531, 0.1252 -0.4572 0.0031, 0.1246 -0.4479 0.0031, 0.1246 -0.4479 0.0531, 0.1214 -0.435 0.0031, 0.1214 -0.435 0.0531, 0.1164 -0.4258 0.0031, 0.1164 -0.4258 0.0531, 0.1092 -0.4178 0.0031, 0.1092 -0.4178 0.0531, 0.1009 -0.4122 0.0031, 0.1009 -0.4122 0.0531, 0.0919 -0.409 0.0031, 0.0919 -0.409 0.0531, 0.0828 -0.5042 0.0531, 0.0828 -0.5042 0.0031, 0.094 -0.503 0.0031, 0.094 -0.503 0.0531, 0.1027 -0.4998 0.0031, 0.1027 -0.4998 0.0531, 0.1101 -0.4948 0.0031, 0.1101 -0.4948 0.0531, 0.1157 -0.4888 0.0031, 0.1157 -0.4888 0.0531, 0.1207 -0.4805 0.0031, 0.1207 -0.4805 0.0531, 0.1239 -0.4702 0.0031, 0.1239 -0.4702 0.0531, 0.0541 -0.4977 0.0031, 0.0541 -0.4977 0.0531, 0.0669 -0.5025 0.0031, 0.0669 -0.5025 0.0531
            ]
        }
        coordIndex [
            0,1,2,-1,2,1,3,-1,4,5,6,-1,6,5,7,-1,5,0,7,-1,7,0,2,-1,5,4,0,-1,0,4,1,-1,8,9,10,-1,10,9,11,-1,12,13,14,-1,14,13,15,-1,13,8,15,-1,15,8,10,-1,13,12,8,-1,8,12,9,-1,16,17,18,-1,18,17,19,-1,20,21,22,-1,22,21,23,-1,21,16,23,-1,23,16,18,-1,21,20,16,-1,16,20,17,-1,24,25,26,-1,26,25,27,-1,28,29,30,-1,28,30,25,-1,25,30,31,-1,25,31,27,-1,28,32,29,-1,29,32,33,-1,24,26,34,-1,24,34,32,-1,32,34,35,-1,32,35,33,-1,32,28,24,-1,24,28,25,-1,36,37,38,-1,38,37,39,-1,37,40,39,-1,39,40,41,-1,40,42,41,-1,41,42,43,-1,42,36,43,-1,43,36,38,-1,42,40,36,-1,36,40,37,-1,44,45,46,-1,46,45,47,-1,45,48,47,-1,47,48,49,-1,48,50,49,-1,49,50,51,-1,50,44,51,-1,51,44,46,-1,50,48,44,-1,44,48,45,-1,52,53,54,-1,54,53,55,-1,53,56,55,-1,55,56,57,-1,56,58,57,-1,57,58,59,-1,58,60,59,-1,59,60,61,-1,60,62,61,-1,61,62,63,-1,62,52,63,-1,63,52,54,-1,60,58,62,-1,62,58,56,-1,62,56,52,-1,52,56,53,-1,64,65,66,-1,66,65,67,-1,65,68,67,-1,67,68,69,-1,68,70,69,-1,69,70,71,-1,70,72,71,-1,71,72,73,-1,72,74,73,-1,73,74,75,-1,74,76,75,-1,75,76,77,-1,76,78,77,-1,77,78,79,-1,78,64,79,-1,79,64,66,-1,80,72,81,-1,81,72,70,-1,82,78,80,-1,80,78,76,-1,80,76,72,-1,72,76,74,-1,82,83,78,-1,78,83,84,-1,78,84,64,-1,64,84,85,-1,64,85,86,-1,86,87,64,-1,64,87,81,-1,64,81,65,-1,65,81,70,-1,65,70,68,-1,80,81,88,-1,88,81,89,-1,82,80,90,-1,90,80,88,-1,82,90,91,-1,82,91,83,-1,83,91,92,-1,83,92,84,-1,85,84,93,-1,93,84,92,-1,85,93,94,-1,85,94,86,-1,86,94,95,-1,86,95,87,-1,81,87,89,-1,89,87,95,-1,96,97,98,-1,98,97,99,-1,97,100,99,-1,99,100,101,-1,100,102,101,-1,101,102,103,-1,104,105,106,-1,104,106,107,-1,107,106,108,-1,107,108,109,-1,109,108,110,-1,109,110,111,-1,111,110,112,-1,111,112,113,-1,113,112,114,-1,113,114,115,-1,115,114,116,-1,115,116,117,-1,117,116,118,-1,117,118,119,-1,119,118,103,-1,119,103,102,-1,96,98,120,-1,96,120,121,-1,121,120,122,-1,121,122,123,-1,123,122,124,-1,123,124,125,-1,125,124,126,-1,125,126,127,-1,127,126,128,-1,127,128,129,-1,129,128,130,-1,129,130,131,-1,131,130,105,-1,131,105,104,-1,109,111,132,-1,132,111,113,-1,132,113,133,-1,133,113,115,-1,133,115,134,-1,134,115,117,-1,134,117,135,-1,135,117,119,-1,135,119,136,-1,136,119,102,-1,136,102,137,-1,137,102,100,-1,137,100,138,-1,138,100,97,-1,138,97,139,-1,139,97,96,-1,139,96,140,-1,140,96,121,-1,140,121,141,-1,141,121,123,-1,141,123,142,-1,142,123,125,-1,142,125,143,-1,143,125,127,-1,143,127,144,-1,144,127,129,-1,144,129,145,-1,145,129,131,-1,145,131,146,-1,146,131,104,-1,146,104,147,-1,147,104,107,-1,147,107,148,-1,148,107,109,-1,148,109,132,-1,136,137,149,-1,149,137,150,-1,136,149,151,-1,136,151,135,-1,135,151,152,-1,135,152,134,-1,134,152,153,-1,134,153,133,-1,133,153,154,-1,133,154,132,-1,132,154,155,-1,132,155,148,-1,148,155,156,-1,148,156,147,-1,147,156,157,-1,147,157,146,-1,146,157,158,-1,146,158,145,-1,145,158,159,-1,145,159,144,-1,144,159,160,-1,144,160,143,-1,143,160,161,-1,143,161,142,-1,142,161,162,-1,142,162,141,-1,141,162,163,-1,141,163,140,-1,140,163,164,-1,140,164,139,-1,138,139,165,-1,165,139,164,-1,137,138,150,-1,150,138,165,-1,166,167,168,-1,168,167,169,-1,167,170,169,-1,169,170,171,-1,170,172,171,-1,171,172,173,-1,172,174,173,-1,173,174,175,-1,174,176,175,-1,175,176,177,-1,176,178,177,-1,177,178,179,-1,178,180,179,-1,179,180,181,-1,180,182,181,-1,181,182,183,-1,182,184,183,-1,183,184,185,-1,184,186,185,-1,185,186,187,-1,186,188,187,-1,187,188,189,-1,188,166,189,-1,189,166,168,-1,170,167,166,-1,166,188,170,-1,170,188,186,-1,170,186,172,-1,176,174,178,-1,178,174,172,-1,178,172,180,-1,180,172,186,-1,180,186,182,-1,182,186,184,-1,190,191,192,-1,192,191,193,-1,193,191,194,-1,195,196,197,-1,195,197,198,-1,198,197,199,-1,198,199,194,-1,194,199,200,-1,194,200,193,-1,196,195,201,-1,201,195,202,-1,201,202,203,-1,203,202,204,-1,203,204,205,-1,205,204,206,-1,205,206,207,-1,207,206,208,-1,207,208,209,-1,209,208,210,-1,209,210,211,-1,211,210,212,-1,211,212,213,-1,213,212,214,-1,213,214,215,-1,216,217,218,-1,218,217,219,-1,217,220,219,-1,219,220,221,-1,219,221,222,-1,222,221,223,-1,222,223,224,-1,224,223,225,-1,224,225,226,-1,226,225,227,-1,226,227,228,-1,228,227,229,-1,228,229,230,-1,230,229,215,-1,230,215,214,-1,216,218,231,-1,231,218,232,-1,231,232,233,-1,233,232,234,-1,233,234,235,-1,234,236,235,-1,235,236,237,-1,238,239,240,-1,238,240,241,-1,241,240,237,-1,241,237,236,-1,242,243,244,-1,242,244,245,-1,245,244,246,-1,245,246,247,-1,247,246,248,-1,247,248,249,-1,249,248,250,-1,249,250,251,-1,251,250,252,-1,251,252,253,-1,253,252,254,-1,253,254,255,-1,255,254,239,-1,255,239,238,-1,256,257,258,-1,256,258,259,-1,259,258,260,-1,259,260,261,-1,261,260,262,-1,261,262,263,-1,263,262,264,-1,263,264,265,-1,265,264,266,-1,265,266,267,-1,267,266,268,-1,267,268,269,-1,269,268,243,-1,269,243,242,-1,190,192,270,-1,190,270,271,-1,271,270,272,-1,271,272,273,-1,273,272,257,-1,273,257,256,-1,259,195,256,-1,256,195,198,-1,256,198,273,-1,273,198,194,-1,273,194,271,-1,271,194,191,-1,271,191,190,-1,236,234,241,-1,241,234,232,-1,241,232,238,-1,238,232,218,-1,238,218,255,-1,255,218,219,-1,255,219,253,-1,253,219,222,-1,253,222,251,-1,251,222,224,-1,251,224,249,-1,249,224,226,-1,249,226,247,-1,247,226,228,-1,247,228,245,-1,245,228,230,-1,245,230,242,-1,242,230,214,-1,242,214,269,-1,269,214,212,-1,269,212,267,-1,267,212,210,-1,267,210,265,-1,265,210,208,-1,265,208,263,-1,263,208,206,-1,263,206,261,-1,261,206,204,-1,261,204,259,-1,259,204,202,-1,259,202,195,-1,
        ]
    }
}
Shape{
    appearance Appearance {
        material  Material 	{
            diffuseColor 0.5254901960784314 0.5254901960784314 0.5254901960784314
            specularColor 0.2627450980392157 0.2627450980392157 0.2627450980392157
            ambientIntensity 0.5255
            transparency 0.0
            shininess 0.5
        }
    }
    geometry IndexedFaceSet {
        ccw TRUE
        solid FALSE
        coord DEF co Coordinate {
            point [
                -0.1977 -0.4691 0.0031, -0.2378 -0.4691 0.0031, -0.2156 -0.419 0.0031, -0.2197 -0.419 0.0031, -0.2167 -0.4148 0.0031, -0.2187 -0.4148 0.0031, -0.2175 -0.4106 0.0031, -0.2179 -0.4106 0.0031, -0.0753 -0.4091 0.0031, -0.0753 -0.5028 0.0031, -0.093 -0.4091 0.0031, -0.0924 -0.5028 0.0031, -0.105 -0.5016 0.0031, -0.1397 -0.4548 0.0031, -0.1387 -0.4428 0.0031, -0.1359 -0.4333 0.0031, -0.1072 -0.4106 0.0031, -0.1151 -0.4984 0.0031, -0.1233 -0.4936 0.0031, -0.13 -0.4869 0.0031, -0.1351 -0.4787 0.0031, -0.1386 -0.4674 0.0031, -0.1317 -0.4259 0.0031, -0.1259 -0.4197 0.0031, -0.1171 -0.4141 0.0031
            ]
        }
        coordIndex [
            0,1,2,-1,2,1,3,-1,2,3,4,-1,4,3,5,-1,4,5,6,-1,6,5,7,-1,8,9,10,-1,10,9,11,-1,10,11,12,-1,13,14,10,-1,10,14,15,-1,10,15,16,-1,12,17,10,-1,10,17,18,-1,10,18,19,-1,19,20,10,-1,10,20,21,-1,10,21,13,-1,22,23,15,-1,15,23,24,-1,15,24,16,-1,
        ]
    }
}
Shape{
    appearance Appearance {
        material  Material 	{
            diffuseColor 1.0 1.0 1.0
            specularColor 0.8784313725490196 0.8784313725490196 0.8784313725490196
            ambientIntensity 1.0
            transparency 0.0
            shininess 0.5
        }
    }
    geometry IndexedFaceSet {
        ccw TRUE
        solid FALSE
        coord DEF co Coordinate {
            point [
                1.0 0.2445 0.5432, 1.0 0.0445 0.5432, 1.0 0.2445 0.5531, 1.0 0.0445 0.5531, -1.0 0.0445 0.5432, -1.0 0.0445 0.5531, -1.0 0.2445 0.5432, -1.0 0.2445 0.5531, 1.0 -0.3555 0.5432, 1.0 -0.5555 0.5432, 1.0 -0.3555 0.5531, 1.0 -0.5555 0.5531, -1.0 -0.5555 0.5432, -1.0 -0.5555 0.5531, -1.0 -0.3555 0.5432, -1.0 -0.3555 0.5531, -1.32 0.3545 0.0531, -1.32 0.3345 0.0531, -1.27 0.3545 0.0531, -1.27 0.3345 0.0531, -1.27 -0.6655 0.0531, -1.27 -0.6455 0.0531, -1.32 -0.6655 0.0531, -1.32 -0.6455 0.0531, 1.21 -0.6555 0.5332, 1.21 -0.3555 0.5332, 1.2098 -0.6553 0.5358, 1.2093 -0.3555 0.5383, 1.2073 -0.3555 0.5432, 1.2085 -0.654 0.5408, 1.2093 -0.6548 0.5383, 1.2042 -0.6496 0.5473, 1.2059 -0.6513 0.5453, 1.2073 -0.6528 0.5432, 1.2042 -0.3555 0.5473, 1.2 -0.3555 0.5505, 1.2 -0.6455 0.5505, 1.1952 -0.3555 0.5525, 1.1952 -0.6407 0.5525, 1.19 -0.3555 0.5531, 1.19 -0.6355 0.5531, -1.21 -0.6555 0.5332, -1.2098 -0.6553 0.5358, -1.2093 -0.6548 0.5383, -1.2085 -0.654 0.5408, -1.2073 -0.6528 0.5432, -1.2058 -0.6513 0.5453, -1.2041 -0.6496 0.5473, -1.2 -0.6455 0.5505, -1.1952 -0.6407 0.5525, -1.19 -0.6355 0.5531, -1.19 -0.3555 0.5531, -1.1952 -0.3555 0.5525, -1.2 -0.3555 0.5505, -1.2041 -0.3555 0.5473, -1.2073 -0.3555 0.5432, -1.2093 -0.3555 0.5383, -1.21 -0.3555 0.5332, 1.19 0.3245 0.5531, 1.19 0.0445 0.5531, 1.1952 0.0445 0.5525, 1.1952 0.3297 0.5525, 1.2 0.0445 0.5505, 1.2 0.3345 0.5505, 1.2042 0.0445 0.5473, 1.2042 0.3387 0.5473, 1.2059 0.3404 0.5453, 1.2073 0.0445 0.5432, 1.2073 0.3418 0.5432, 1.2085 0.343 0.5408, 1.2093 0.0445 0.5383, 1.2093 0.3438 0.5383, 1.2098 0.3443 0.5358, 1.21 0.0445 0.5332, 1.21 0.3445 0.5332, -1.2058 0.3404 0.5453, -1.2041 0.3387 0.5473, -1.2 0.3345 0.5505, -1.1952 0.3297 0.5525, -1.19 0.3245 0.5531, -1.2085 0.343 0.5408, -1.2073 0.3418 0.5432, -1.21 0.3445 0.5332, -1.2098 0.3443 0.5358, -1.2093 0.3438 0.5383, -1.21 0.0445 0.5332, -1.2093 0.0445 0.5383, -1.2073 0.0445 0.5432, -1.2041 0.0445 0.5473, -1.2 0.0445 0.5505, -1.1952 0.0445 0.5525, -1.19 0.0445 0.5531, 1.32 0.3345 0.5531, 1.32 0.3345 0.1531, 1.3195 0.339 0.1531, 1.3195 0.339 0.5531, 1.318 0.3432 0.1531, 1.318 0.3432 0.5531, 1.3157 0.347 0.1531, 1.3157 0.347 0.5531, 1.3125 0.3502 0.1531, 1.3125 0.3502 0.5531, 1.3087 0.3525 0.1531, 1.3087 0.3525 0.5531, 1.3045 0.354 0.1531, 1.3045 0.354 0.5531, 1.3 0.3545 0.1531, 1.3 0.3545 0.5531, 1.3 -0.6655 0.5531, 1.3 -0.6655 0.1531, 1.3052 -0.6648 0.1531, 1.3052 -0.6648 0.5531, 1.31 -0.6628 0.1531, 1.31 -0.6628 0.5531, 1.3142 -0.6596 0.1531, 1.3142 -0.6596 0.5531, 1.3173 -0.6555 0.1531, 1.3173 -0.6555 0.5531, 1.3193 -0.6507 0.1531, 1.3193 -0.6507 0.5531, 1.32 -0.6455 0.1531, 1.32 -0.6455 0.5531, -1.32 -0.6455 0.5531, -1.32 -0.6455 0.1531, -1.3193 -0.6507 0.1531, -1.3193 -0.6507 0.5531, -1.3173 -0.6555 0.1531, -1.3173 -0.6555 0.5531, -1.3141 -0.6596 0.1531, -1.3141 -0.6596 0.5531, -1.31 -0.6628 0.1531, -1.31 -0.6628 0.5531, -1.3052 -0.6648 0.1531, -1.3052 -0.6648 0.5531, -1.3 -0.6655 0.1531, -1.3 -0.6655 0.5531, -1.3 0.3545 0.5531, -1.3 0.3545 0.1531, -1.3052 0.3538 0.1531, -1.3052 0.3538 0.5531, -1.31 0.3518 0.1531, -1.31 0.3518 0.5531, -1.3141 0.3487 0.1531, -1.3141 0.3487 0.5531, -1.3173 0.3445 0.1531, -1.3173 0.3445 0.5531, -1.3193 0.3397 0.1531, -1.3193 0.3397 0.5531, -1.32 0.3345 0.1531, -1.32 0.3345 0.5531
            ]
        }
        coordIndex [
            0,1,2,-1,2,1,3,-1,1,4,3,-1,3,4,5,-1,4,6,5,-1,5,6,7,-1,6,0,7,-1,7,0,2,-1,6,4,0,-1,0,4,1,-1,8,9,10,-1,10,9,11,-1,9,12,11,-1,11,12,13,-1,12,14,13,-1,13,14,15,-1,14,8,15,-1,15,8,10,-1,14,12,8,-1,8,12,9,-1,16,17,18,-1,18,17,19,-1,20,21,22,-1,22,21,23,-1,24,25,26,-1,26,25,27,-1,28,29,27,-1,27,29,30,-1,27,30,26,-1,31,32,28,-1,28,32,33,-1,28,33,29,-1,28,34,31,-1,31,34,35,-1,31,35,36,-1,36,35,37,-1,36,37,38,-1,38,37,39,-1,38,39,40,-1,41,24,42,-1,42,24,26,-1,42,26,43,-1,26,30,43,-1,43,30,29,-1,43,29,44,-1,44,29,33,-1,44,33,45,-1,45,33,46,-1,46,33,32,-1,46,32,47,-1,32,31,47,-1,47,31,36,-1,47,36,48,-1,48,36,38,-1,48,38,49,-1,49,38,40,-1,49,40,50,-1,50,51,52,-1,50,52,49,-1,49,52,53,-1,49,53,48,-1,48,53,54,-1,48,54,47,-1,47,54,46,-1,46,54,55,-1,46,55,45,-1,45,55,44,-1,44,55,56,-1,44,56,43,-1,43,56,42,-1,42,56,57,-1,42,57,41,-1,58,59,60,-1,58,60,61,-1,61,60,62,-1,61,62,63,-1,63,62,64,-1,63,64,65,-1,65,64,66,-1,66,64,67,-1,66,67,68,-1,68,67,69,-1,69,67,70,-1,69,70,71,-1,71,70,72,-1,72,70,73,-1,72,73,74,-1,75,76,65,-1,65,76,77,-1,65,77,63,-1,63,77,78,-1,63,78,61,-1,61,78,79,-1,61,79,58,-1,71,80,69,-1,69,80,81,-1,69,81,68,-1,68,81,75,-1,68,75,66,-1,66,75,65,-1,74,82,72,-1,72,82,83,-1,72,83,71,-1,71,83,84,-1,71,84,80,-1,82,85,83,-1,83,85,86,-1,87,80,86,-1,86,80,84,-1,86,84,83,-1,76,75,87,-1,87,75,81,-1,87,81,80,-1,87,88,76,-1,76,88,89,-1,76,89,77,-1,77,89,90,-1,77,90,78,-1,78,90,91,-1,78,91,79,-1,92,93,94,-1,92,94,95,-1,95,94,96,-1,95,96,97,-1,97,96,98,-1,97,98,99,-1,99,98,100,-1,99,100,101,-1,101,100,102,-1,101,102,103,-1,103,102,104,-1,103,104,105,-1,105,104,106,-1,105,106,107,-1,108,109,110,-1,108,110,111,-1,111,110,112,-1,111,112,113,-1,113,112,114,-1,113,114,115,-1,115,114,116,-1,115,116,117,-1,117,116,118,-1,117,118,119,-1,119,118,120,-1,119,120,121,-1,122,123,124,-1,122,124,125,-1,125,124,126,-1,125,126,127,-1,127,126,128,-1,127,128,129,-1,129,128,130,-1,129,130,131,-1,131,130,132,-1,131,132,133,-1,133,132,134,-1,133,134,135,-1,136,137,138,-1,136,138,139,-1,139,138,140,-1,139,140,141,-1,141,140,142,-1,141,142,143,-1,143,142,144,-1,143,144,145,-1,145,144,146,-1,145,146,147,-1,147,146,148,-1,147,148,149,-1,
        ]
    }
}
Shape{
    appearance Appearance {
        material  Material 	{
            diffuseColor 0.5254901960784314 0.5254901960784314 0.5254901960784314
            specularColor 0.2627450980392157 0.2627450980392157 0.2627450980392157
            ambientIntensity 0.5255
            transparency 0.0
            shininess 0.5
        }
    }
    geometry IndexedFaceSet {
        ccw TRUE
        solid FALSE
        coord DEF co Coordinate {
            point [
                0.22 -1.1955 0.5031, 0.22 -0.6555 0.5031, 0.2148 -0.6555 0.5025, 0.2148 -1.1955 0.5025, 0.21 -0.6555 0.5005, 0.21 -1.1955 0.5005, 0.2059 -0.6555 0.4973, 0.2059 -1.1955 0.4973, 0.2027 -0.6555 0.4931, 0.2027 -1.1955 0.4931, 0.2007 -0.6555 0.4883, 0.2007 -1.1955 0.4883, 0.2 -0.6555 0.4831, 0.2 -1.1955 0.4831, 0.22 -1.2155 0.4831, 0.48 -1.2155 0.4831, 0.48 -1.2148 0.4883, 0.22 -1.2148 0.4883, 0.48 -1.2128 0.4931, 0.22 -1.2128 0.4931, 0.48 -1.2096 0.4973, 0.22 -1.2096 0.4973, 0.48 -1.2055 0.5005, 0.22 -1.2055 0.5005, 0.48 -1.2007 0.5025, 0.22 -1.2007 0.5025, 0.48 -1.1955 0.5031, 0.5 -1.1955 0.4831, 0.5 -0.6655 0.4831, 0.4993 -0.6655 0.4883, 0.4993 -1.1955 0.4883, 0.4973 -0.6655 0.4931, 0.4973 -1.1955 0.4931, 0.4942 -0.6655 0.4973, 0.4942 -1.1955 0.4973, 0.49 -0.6655 0.5005, 0.49 -1.1955 0.5005, 0.4852 -0.6655 0.5025, 0.4852 -1.1955 0.5025, 0.48 -0.6655 0.5031, 0.215 -1.2141 0.4883, 0.215 -1.2041 0.5005, 0.2174 -1.2 0.5025, 0.2164 -1.1991 0.5025, 0.215 -1.1968 0.5025, 0.2187 -1.2005 0.5025, 0.2174 -1.2051 0.5005, 0.2164 -1.2091 0.4973, 0.2129 -1.2026 0.5005, 0.2155 -1.1981 0.5025, 0.2114 -1.2005 0.5005, 0.2104 -1.1981 0.5005, 0.2129 -1.2077 0.4973, 0.21 -1.2055 0.4973, 0.2078 -1.2026 0.4973, 0.2064 -1.1991 0.4973, 0.2155 -1.2122 0.4931, 0.2114 -1.2105 0.4931, 0.2078 -1.2077 0.4931, 0.205 -1.2041 0.4931, 0.2033 -1.2 0.4931, 0.2104 -1.2122 0.4883, 0.2064 -1.2091 0.4883, 0.2033 -1.2051 0.4883, 0.2014 -1.2005 0.4883, 0.2148 -1.2148 0.4831, 0.21 -1.2128 0.4831, 0.2059 -1.2096 0.4831, 0.2027 -1.2055 0.4831, 0.2007 -1.2007 0.4831, 0.4987 -1.2005 0.4883, 0.4887 -1.2005 0.5005, 0.4845 -1.1981 0.5025, 0.4837 -1.1991 0.5025, 0.4814 -1.2005 0.5025, 0.485 -1.1968 0.5025, 0.4897 -1.1981 0.5005, 0.4937 -1.1991 0.4973, 0.4871 -1.2026 0.5005, 0.4826 -1.2 0.5025, 0.485 -1.2041 0.5005, 0.4826 -1.2051 0.5005, 0.4923 -1.2026 0.4973, 0.49 -1.2055 0.4973, 0.4871 -1.2077 0.4973, 0.4837 -1.2091 0.4973, 0.4968 -1.2 0.4931, 0.495 -1.2041 0.4931, 0.4923 -1.2077 0.4931, 0.4887 -1.2105 0.4931, 0.4845 -1.2122 0.4931, 0.4968 -1.2051 0.4883, 0.4937 -1.2091 0.4883, 0.4897 -1.2122 0.4883, 0.485 -1.2141 0.4883, 0.4993 -1.2007 0.4831, 0.4973 -1.2055 0.4831, 0.4942 -1.2096 0.4831, 0.49 -1.2128 0.4831, 0.4852 -1.2148 0.4831, 0.2 -1.1955 0.3731, 0.2 -0.6655 0.3731, 0.2007 -0.6655 0.368, 0.2007 -1.1955 0.368, 0.2027 -0.6655 0.3631, 0.2027 -1.1955 0.3631, 0.2059 -0.6655 0.359, 0.2059 -1.1955 0.359, 0.21 -0.6655 0.3558, 0.21 -1.1955 0.3558, 0.2148 -0.6655 0.3538, 0.2148 -1.1955 0.3538, 0.22 -0.6655 0.3531, 0.22 -1.1955 0.3531, 0.22 -1.2155 0.3731, 0.2148 -1.2148 0.3731, 0.21 -1.2128 0.3731, 0.2059 -1.2096 0.3731, 0.2027 -1.2055 0.3731, 0.2007 -1.2007 0.3731, 0.48 -1.2155 0.3731, 0.4852 -1.2148 0.3731, 0.49 -1.2128 0.3731, 0.4942 -1.2096 0.3731, 0.4973 -1.2055 0.3731, 0.4993 -1.2007 0.3731, 0.5 -1.1955 0.3731, 0.48 -1.1955 0.3531, 0.48 -0.6655 0.3531, 0.4852 -0.6655 0.3538, 0.4852 -1.1955 0.3538, 0.49 -0.6655 0.3558, 0.49 -1.1955 0.3558, 0.4942 -0.6655 0.359, 0.4942 -1.1955 0.359, 0.4973 -0.6655 0.3631, 0.4973 -1.1955 0.3631, 0.4993 -0.6655 0.368, 0.4993 -1.1955 0.368, 0.5 -0.6655 0.3731, 0.215 -1.2141 0.368, 0.2104 -1.2122 0.368, 0.2155 -1.2122 0.3631, 0.2114 -1.2105 0.3631, 0.2164 -1.2091 0.359, 0.2129 -1.2077 0.359, 0.2174 -1.2051 0.3558, 0.215 -1.2041 0.3558, 0.2187 -1.2005 0.3538, 0.2174 -1.2 0.3538, 0.2064 -1.2091 0.368, 0.2078 -1.2077 0.3631, 0.21 -1.2055 0.359, 0.2129 -1.2026 0.3558, 0.2164 -1.1991 0.3538, 0.22 -1.2148 0.368, 0.22 -1.2128 0.3631, 0.22 -1.2096 0.359, 0.22 -1.2055 0.3558, 0.22 -1.2007 0.3538, 0.2033 -1.2051 0.368, 0.2014 -1.2005 0.368, 0.205 -1.2041 0.3631, 0.2033 -1.2 0.3631, 0.2078 -1.2026 0.359, 0.2064 -1.1991 0.359, 0.2114 -1.2005 0.3558, 0.2104 -1.1981 0.3558, 0.2155 -1.1981 0.3538, 0.215 -1.1968 0.3538, 0.4987 -1.2005 0.368, 0.4968 -1.2051 0.368, 0.4968 -1.2 0.3631, 0.495 -1.2041 0.3631, 0.4937 -1.1991 0.359, 0.4923 -1.2026 0.359, 0.4897 -1.1981 0.3558, 0.4887 -1.2005 0.3558, 0.485 -1.1968 0.3538, 0.4845 -1.1981 0.3538, 0.4937 -1.2091 0.368, 0.4923 -1.2077 0.3631, 0.49 -1.2055 0.359, 0.4871 -1.2026 0.3558, 0.4837 -1.1991 0.3538, 0.4897 -1.2122 0.368, 0.485 -1.2141 0.368, 0.4887 -1.2105 0.3631, 0.4845 -1.2122 0.3631, 0.4871 -1.2077 0.359, 0.4837 -1.2091 0.359, 0.485 -1.2041 0.3558, 0.4826 -1.2051 0.3558, 0.4826 -1.2 0.3538, 0.4814 -1.2005 0.3538, 0.48 -1.2148 0.368, 0.48 -1.2128 0.3631, 0.48 -1.2096 0.359, 0.48 -1.2055 0.3558, 0.48 -1.2007 0.3538
            ]
        }
        coordIndex [
            0,1,2,-1,0,2,3,-1,3,2,4,-1,3,4,5,-1,5,4,6,-1,5,6,7,-1,7,6,8,-1,7,8,9,-1,9,8,10,-1,9,10,11,-1,11,10,12,-1,11,12,13,-1,14,15,16,-1,14,16,17,-1,17,16,18,-1,17,18,19,-1,19,18,20,-1,19,20,21,-1,21,20,22,-1,21,22,23,-1,23,22,24,-1,23,24,25,-1,25,24,26,-1,25,26,0,-1,27,28,29,-1,27,29,30,-1,30,29,31,-1,30,31,32,-1,32,31,33,-1,32,33,34,-1,34,33,35,-1,34,35,36,-1,36,35,37,-1,36,37,38,-1,38,37,39,-1,38,39,26,-1,14,17,40,-1,41,42,43,-1,0,3,44,-1,43,42,0,-1,45,0,42,-1,45,42,46,-1,46,42,41,-1,46,41,47,-1,25,0,45,-1,48,49,50,-1,50,49,44,-1,50,44,51,-1,51,44,3,-1,51,3,5,-1,25,45,23,-1,23,45,46,-1,23,46,21,-1,21,46,47,-1,21,47,19,-1,52,48,53,-1,53,48,50,-1,53,50,54,-1,54,50,51,-1,54,51,55,-1,55,51,5,-1,55,5,7,-1,56,52,57,-1,57,52,53,-1,57,53,58,-1,58,53,54,-1,58,54,59,-1,59,54,55,-1,59,55,60,-1,60,55,7,-1,60,7,9,-1,17,56,40,-1,40,56,57,-1,40,57,61,-1,61,57,58,-1,61,58,62,-1,62,58,59,-1,62,59,63,-1,63,59,60,-1,63,60,64,-1,64,60,9,-1,64,9,11,-1,14,40,65,-1,65,40,61,-1,65,61,66,-1,66,61,62,-1,66,62,67,-1,67,62,63,-1,67,63,68,-1,68,63,64,-1,68,64,69,-1,69,64,11,-1,69,11,13,-1,49,0,44,-1,17,19,56,-1,56,19,47,-1,56,47,52,-1,52,47,41,-1,52,41,48,-1,48,41,43,-1,48,43,49,-1,49,43,0,-1,27,30,70,-1,71,72,73,-1,26,24,74,-1,73,72,26,-1,75,26,72,-1,75,72,76,-1,76,72,71,-1,76,71,77,-1,38,26,75,-1,78,79,80,-1,80,79,74,-1,80,74,81,-1,81,74,24,-1,81,24,22,-1,38,75,36,-1,36,75,76,-1,36,76,34,-1,34,76,77,-1,34,77,32,-1,82,78,83,-1,83,78,80,-1,83,80,84,-1,84,80,81,-1,84,81,85,-1,85,81,22,-1,85,22,20,-1,86,82,87,-1,87,82,83,-1,87,83,88,-1,88,83,84,-1,88,84,89,-1,89,84,85,-1,89,85,90,-1,90,85,20,-1,90,20,18,-1,30,86,70,-1,70,86,87,-1,70,87,91,-1,91,87,88,-1,91,88,92,-1,92,88,89,-1,92,89,93,-1,93,89,90,-1,93,90,94,-1,94,90,18,-1,94,18,16,-1,27,70,95,-1,95,70,91,-1,95,91,96,-1,96,91,92,-1,96,92,97,-1,97,92,93,-1,97,93,98,-1,98,93,94,-1,98,94,99,-1,99,94,16,-1,99,16,15,-1,79,26,74,-1,30,32,86,-1,86,32,77,-1,86,77,82,-1,82,77,71,-1,82,71,78,-1,78,71,73,-1,78,73,79,-1,79,73,26,-1,100,101,102,-1,100,102,103,-1,103,102,104,-1,103,104,105,-1,105,104,106,-1,105,106,107,-1,107,106,108,-1,107,108,109,-1,109,108,110,-1,109,110,111,-1,111,110,112,-1,111,112,113,-1,114,14,65,-1,114,65,115,-1,115,65,66,-1,115,66,116,-1,116,66,67,-1,116,67,117,-1,117,67,68,-1,117,68,118,-1,118,68,69,-1,118,69,119,-1,119,69,13,-1,119,13,100,-1,15,120,121,-1,15,121,99,-1,99,121,122,-1,99,122,98,-1,98,122,123,-1,98,123,97,-1,97,123,124,-1,97,124,96,-1,96,124,125,-1,96,125,95,-1,95,125,126,-1,95,126,27,-1,127,128,129,-1,127,129,130,-1,130,129,131,-1,130,131,132,-1,132,131,133,-1,132,133,134,-1,134,133,135,-1,134,135,136,-1,136,135,137,-1,136,137,138,-1,138,137,139,-1,138,139,126,-1,115,116,140,-1,140,116,141,-1,140,141,142,-1,142,141,143,-1,142,143,144,-1,144,143,145,-1,144,145,146,-1,146,145,147,-1,146,147,148,-1,148,147,149,-1,148,149,113,-1,116,117,141,-1,141,117,150,-1,141,150,143,-1,143,150,151,-1,143,151,145,-1,145,151,152,-1,145,152,147,-1,147,152,153,-1,147,153,149,-1,149,153,154,-1,149,154,113,-1,114,115,155,-1,155,115,140,-1,155,140,156,-1,156,140,142,-1,156,142,157,-1,157,142,144,-1,157,144,158,-1,158,144,146,-1,158,146,159,-1,159,146,148,-1,159,148,113,-1,118,119,160,-1,160,119,161,-1,160,161,162,-1,162,161,163,-1,162,163,164,-1,164,163,165,-1,164,165,166,-1,166,165,167,-1,166,167,168,-1,168,167,169,-1,168,169,113,-1,119,100,161,-1,161,100,103,-1,161,103,163,-1,163,103,105,-1,163,105,165,-1,165,105,107,-1,165,107,167,-1,167,107,109,-1,167,109,169,-1,169,109,111,-1,169,111,113,-1,117,118,150,-1,150,118,160,-1,150,160,151,-1,151,160,162,-1,151,162,152,-1,152,162,164,-1,152,164,153,-1,153,164,166,-1,153,166,154,-1,154,166,168,-1,154,168,113,-1,125,124,170,-1,170,124,171,-1,170,171,172,-1,172,171,173,-1,172,173,174,-1,174,173,175,-1,174,175,176,-1,176,175,177,-1,176,177,178,-1,178,177,179,-1,178,179,127,-1,124,123,171,-1,171,123,180,-1,171,180,173,-1,173,180,181,-1,173,181,175,-1,175,181,182,-1,175,182,177,-1,177,182,183,-1,177,183,179,-1,179,183,184,-1,179,184,127,-1,126,125,138,-1,138,125,170,-1,138,170,136,-1,136,170,172,-1,136,172,134,-1,134,172,174,-1,134,174,132,-1,132,174,176,-1,132,176,130,-1,130,176,178,-1,130,178,127,-1,122,121,185,-1,185,121,186,-1,185,186,187,-1,187,186,188,-1,187,188,189,-1,189,188,190,-1,189,190,191,-1,191,190,192,-1,191,192,193,-1,193,192,194,-1,193,194,127,-1,121,120,186,-1,186,120,195,-1,186,195,188,-1,188,195,196,-1,188,196,190,-1,190,196,197,-1,190,197,192,-1,192,197,198,-1,192,198,194,-1,194,198,199,-1,194,199,127,-1,123,122,180,-1,180,122,185,-1,180,185,181,-1,181,185,187,-1,181,187,182,-1,182,187,189,-1,182,189,183,-1,183,189,191,-1,183,191,184,-1,184,191,193,-1,184,193,127,-1,120,114,155,-1,120,155,195,-1,195,155,156,-1,195,156,196,-1,196,156,157,-1,196,157,197,-1,197,157,158,-1,197,158,198,-1,198,158,159,-1,198,159,199,-1,199,159,113,-1,199,113,127,-1,
        ]
    }
}