ISO-10303-21;
HEADER;
FILE_DESCRIPTION(('Open CASCADE Model'),'2;1');
FILE_NAME('Open CASCADE Shape Model','2026-10-10T21:55:35',('Author'),(
    'Open CASCADE'),'Open CASCADE STEP processor 7.9','Open CASCADE 7.9'
  ,'Unknown');
FILE_SCHEMA(('AUTOMOTIVE_DESIGN { 1 0 10303 214 1 1 1 1 }'));
ENDSEC;
DATA;
#1 = APPLICATION_PROTOCOL_DEFINITION('international standard',
  'automotive_design',2000,#2);
#2 = APPLICATION_CONTEXT(
  'core data for automotive mechanical design processes');
#3 = SHAPE_DEFINITION_REPRESENTATION(#4,#10);
#4 = PRODUCT_DEFINITION_SHAPE('','',#5);
#5 = PRODUCT_DEFINITION('design','',#6,#9);
#6 = PRODUCT_DEFINITION_FORMATION('','',#7);
#7 = PRODUCT('Open CASCADE STEP translator 7.9 1',
  'Open CASCADE STEP translator 7.9 1','',(#8));
#8 = PRODUCT_CONTEXT('',#2,'mechanical');
#9 = PRODUCT_DEFINITION_CONTEXT('part definition',#2,'design');
#10 = ADVANCED_BREP_SHAPE_REPRESENTATION('',(#11,#15),#11871);
#11 = AXIS2_PLACEMENT_3D('',#12,#13,#14);
#12 = CARTESIAN_POINT('',(0.,0.,0.));
#13 = DIRECTION('',(0.,0.,1.));
#14 = DIRECTION('',(1.,0.,-0.));
#15 = MANIFOLD_SOLID_BREP('',#16);
#16 = CLOSED_SHELL('',(#17,#213,#467,#650,#698,#1003,#1424,#1697,#1722,
    #1748,#1825,#2014,#2064,#2182,#2494,#2549,#2602,#3435,#3461,#3761,
    #3879,#4178,#4260,#4545,#4722,#4797,#4845,#4915,#5071,#5228,#5278,
    #5332,#5382,#5430,#5439,#5465,#5858,#5935,#5984,#6012,#6018,#6074,
    #6152,#6476,#6628,#6785,#6863,#7086,#7349,#7399,#7478,#7526,#7553,
    #7560,#7631,#7825,#7876,#8358,#8383,#8560,#8609,#8658,#8687,#9011,
    #9226,#9487,#9493,#9552,#9697,#9774,#9844,#9873,#9904,#9953,#9982,
    #10127,#10180,#10235,#10312,#10338,#10366,#10522,#10566,#10592,
    #10599,#10624,#10674,#10722,#10771,#10840,#10866,#10892,#10899,
    #10972,#11097,#11105,#11175,#11224,#11274,#11397,#11422,#11492,
    #11518,#11522,#11572,#11626,#11654,#11663,#11713,#11767,#11795,
    #11804,#11832,#11863));
#17 = ADVANCED_FACE('',(#18),#39,.T.);
#18 = FACE_BOUND('',#19,.T.);
#19 = EDGE_LOOP('',(#20,#103,#133,#171));
#20 = ORIENTED_EDGE('',*,*,#21,.T.);
#21 = EDGE_CURVE('',#22,#24,#26,.T.);
#22 = VERTEX_POINT('',#23);
#23 = CARTESIAN_POINT('',(-5.711610526908,-6.375371646206,
    -1.498495886707));
#24 = VERTEX_POINT('',#25);
#25 = CARTESIAN_POINT('',(-5.166985988891,-6.331758907237,-1.));
#26 = SURFACE_CURVE('',#27,(#38,#84),.PCURVE_S1.);
#27 = B_SPLINE_CURVE_WITH_KNOTS('',3,(#28,#29,#30,#31,#32,#33,#34,#35,
    #36,#37),.UNSPECIFIED.,.F.,.F.,(4,3,3,4),(0.,2.726972975866E-02,
    3.640545739823E-02,7.334147334869E-02),.UNSPECIFIED.);
#28 = CARTESIAN_POINT('',(-5.711610526938,-6.375371646112,
    -1.498495886707));
#29 = CARTESIAN_POINT('',(-5.644274102228,-6.370049824722,-1.43766718987
    ));
#30 = CARTESIAN_POINT('',(-5.574934439798,-6.364539525027,
    -1.374553428574));
#31 = CARTESIAN_POINT('',(-5.507047952716,-6.359111307217,
    -1.312484796616));
#32 = CARTESIAN_POINT('',(-5.484305063003,-6.357292780964,
    -1.291690966917));
#33 = CARTESIAN_POINT('',(-5.461725144387,-6.355483445084,
    -1.271014445967));
#34 = CARTESIAN_POINT('',(-5.439437547446,-6.353696211882,
    -1.250580464076));
#35 = CARTESIAN_POINT('',(-5.349328136509,-6.346470375404,
    -1.167965273386));
#36 = CARTESIAN_POINT('',(-5.256819447124,-6.339007411513,
    -1.082727192688));
#37 = CARTESIAN_POINT('',(-5.167281883582,-6.331756036187,-1.));
#38 = PCURVE('',#39,#56);
#39 = B_SPLINE_SURFACE_WITH_KNOTS('',3,3,(
    (#40,#41,#42,#43)
    ,(#44,#45,#46,#47)
    ,(#48,#49,#50,#51)
    ,(#52,#53,#54,#55
    )),.UNSPECIFIED.,.F.,.F.,.F.,(4,4),(4,4),(0.,1.),(-0.108235128318,0.
    ),.PIECEWISE_BEZIER_KNOTS.);
#40 = CARTESIAN_POINT('',(-5.711610526938,-6.375371646112,
    -1.498495886707));
#41 = CARTESIAN_POINT('',(-5.606044232537,-6.705028439652,
    -1.499054703609));
#42 = CARTESIAN_POINT('',(-5.684722266126,-7.093827442875,
    -1.499968894016));
#43 = CARTESIAN_POINT('',(-5.928464522501,-7.35982487325,-1.49999908014)
  );
#44 = CARTESIAN_POINT('',(-5.539480850031,-6.32416624116,-1.332330591138
    ));
#45 = CARTESIAN_POINT('',(-5.417752153335,-6.716557100918,-1.33270313574
    ));
#46 = CARTESIAN_POINT('',(-5.520662183395,-7.173340132481,
    -1.333312596011));
#47 = CARTESIAN_POINT('',(-5.810387331999,-7.477902063752,
    -1.333332720094));
#48 = CARTESIAN_POINT('',(-5.367351173124,-6.272960836209,
    -1.166165295569));
#49 = CARTESIAN_POINT('',(-5.229460074132,-6.728085762183,-1.16635156787
    ));
#50 = CARTESIAN_POINT('',(-5.356602100664,-7.252852822088,
    -1.166656298005));
#51 = CARTESIAN_POINT('',(-5.692310141497,-7.595979254254,
    -1.166666360047));
#52 = CARTESIAN_POINT('',(-5.195221496217,-6.221755431257,-1.));
#53 = CARTESIAN_POINT('',(-5.04116799493,-6.739614423449,-1.));
#54 = CARTESIAN_POINT('',(-5.192542017933,-7.332365511695,-1.));
#55 = CARTESIAN_POINT('',(-5.574232950995,-7.714056444756,-1.));
#56 = DEFINITIONAL_REPRESENTATION('',(#57),#83);
#57 = B_SPLINE_CURVE_WITH_KNOTS('',3,(#58,#59,#60,#61,#62,#63,#64,#65,
    #66,#67,#68,#69,#70,#71,#72,#73,#74,#75,#76,#77,#78,#79,#80,#81,#82)
  ,.UNSPECIFIED.,.F.,.F.,(4,1,1,1,1,1,1,1,1,1,1,1,1,1,1,1,1,1,1,1,1,1,4)
  ,(0.,3.333703334031E-03,6.667406668063E-03,1.000111000209E-02,
    1.333481333613E-02,1.666851667016E-02,2.000222000419E-02,
    2.333592333822E-02,2.666962667225E-02,3.000333000628E-02,
    3.333703334031E-02,3.667073667435E-02,4.000444000838E-02,
    4.333814334241E-02,4.667184667644E-02,5.000555001047E-02,
    5.33392533445E-02,5.667295667853E-02,6.000666001257E-02,
    6.33403633466E-02,6.667406668063E-02,7.000777001466E-02,
    7.334147334869E-02),.QUASI_UNIFORM_KNOTS.);
#58 = CARTESIAN_POINT('',(0.,-0.108235128318));
#59 = CARTESIAN_POINT('',(1.492297414072E-02,-0.108055441014));
#60 = CARTESIAN_POINT('',(4.490517577542E-02,-0.107703909813));
#61 = CARTESIAN_POINT('',(9.02141757809E-02,-0.107199455299));
#62 = CARTESIAN_POINT('',(0.135785829019,-0.106717164083));
#63 = CARTESIAN_POINT('',(0.181547027519,-0.106256325886));
#64 = CARTESIAN_POINT('',(0.227424571134,-0.105816224119));
#65 = CARTESIAN_POINT('',(0.273345471925,-0.105396138364));
#66 = CARTESIAN_POINT('',(0.319235856545,-0.104995360749));
#67 = CARTESIAN_POINT('',(0.365025128838,-0.104613169869));
#68 = CARTESIAN_POINT('',(0.410630480602,-0.104248952645));
#69 = CARTESIAN_POINT('',(0.456014908047,-0.103901730433));
#70 = CARTESIAN_POINT('',(0.500970573242,-0.103571736163));
#71 = CARTESIAN_POINT('',(0.545939256074,-0.103254685005));
#72 = CARTESIAN_POINT('',(0.591179079532,-0.102948193536));
#73 = CARTESIAN_POINT('',(0.636563369467,-0.102652557076));
#74 = CARTESIAN_POINT('',(0.682068540379,-0.102367346113));
#75 = CARTESIAN_POINT('',(0.727643372302,-0.102092321449));
#76 = CARTESIAN_POINT('',(0.773244042716,-0.101827191688));
#77 = CARTESIAN_POINT('',(0.818824743902,-0.10157168054));
#78 = CARTESIAN_POINT('',(0.86434020049,-0.101325510689));
#79 = CARTESIAN_POINT('',(0.909744998149,-0.101088409962));
#80 = CARTESIAN_POINT('',(0.954993765124,-0.100860110299));
#81 = CARTESIAN_POINT('',(0.985025341156,-0.100713604755));
#82 = CARTESIAN_POINT('',(1.,-0.100641731857));
#83 = ( GEOMETRIC_REPRESENTATION_CONTEXT(2) 
PARAMETRIC_REPRESENTATION_CONTEXT() REPRESENTATION_CONTEXT('2D SPACE',''
  ) );
#84 = PCURVE('',#85,#90);
#85 = PLANE('',#86);
#86 = AXIS2_PLACEMENT_3D('',#87,#88,#89);
#87 = CARTESIAN_POINT('',(8.,-6.255707952862,-0.130733614121));
#88 = DIRECTION('',(0.,-0.996194698092,8.715574274766E-02));
#89 = DIRECTION('',(1.,0.,0.));
#90 = DEFINITIONAL_REPRESENTATION('',(#91),#102);
#91 = B_SPLINE_CURVE_WITH_KNOTS('',3,(#92,#93,#94,#95,#96,#97,#98,#99,
    #100,#101),.UNSPECIFIED.,.F.,.F.,(4,3,3,4),(0.,2.726972975866E-02,
    3.640545739823E-02,7.334147334869E-02),.UNSPECIFIED.);
#92 = CARTESIAN_POINT('',(-13.71161052693,-1.372986902265));
#93 = CARTESIAN_POINT('',(-13.64427410222,-1.311925849688));
#94 = CARTESIAN_POINT('',(-13.57493443979,-1.248572001046));
#95 = CARTESIAN_POINT('',(-13.50704795271,-1.186266458616));
#96 = CARTESIAN_POINT('',(-13.484305063,-1.16539326071));
#97 = CARTESIAN_POINT('',(-13.46172514438,-1.144637726152));
#98 = CARTESIAN_POINT('',(-13.43943754744,-1.124125734095));
#99 = CARTESIAN_POINT('',(-13.3493281365,-1.041195146003));
#100 = CARTESIAN_POINT('',(-13.25681944712,-0.955630981775));
#101 = CARTESIAN_POINT('',(-13.16728188358,-0.872586592028));
#102 = ( GEOMETRIC_REPRESENTATION_CONTEXT(2) 
PARAMETRIC_REPRESENTATION_CONTEXT() REPRESENTATION_CONTEXT('2D SPACE',''
  ) );
#103 = ORIENTED_EDGE('',*,*,#104,.T.);
#104 = EDGE_CURVE('',#24,#105,#107,.T.);
#105 = VERTEX_POINT('',#106);
#106 = CARTESIAN_POINT('',(-5.574232950995,-7.714056444756,-1.));
#107 = SURFACE_CURVE('',#108,(#113,#120),.PCURVE_S1.);
#108 = B_SPLINE_CURVE_WITH_KNOTS('',3,(#109,#110,#111,#112),
  .UNSPECIFIED.,.F.,.F.,(4,4),(-0.100637439489,0.),
  .PIECEWISE_BEZIER_KNOTS.);
#109 = CARTESIAN_POINT('',(-5.167268611403,-6.331818730664,-1.));
#110 = CARTESIAN_POINT('',(-5.063554627167,-6.821792108192,-1.));
#111 = CARTESIAN_POINT('',(-5.219335250254,-7.359158744015,-1.));
#112 = CARTESIAN_POINT('',(-5.574232950995,-7.714056444756,-1.));
#113 = PCURVE('',#39,#114);
#114 = DEFINITIONAL_REPRESENTATION('',(#115),#119);
#115 = LINE('',#116,#117);
#116 = CARTESIAN_POINT('',(1.,9.575673587392E-16));
#117 = VECTOR('',#118,1.);
#118 = DIRECTION('',(4.41276340214E-15,1.));
#119 = ( GEOMETRIC_REPRESENTATION_CONTEXT(2) 
PARAMETRIC_REPRESENTATION_CONTEXT() REPRESENTATION_CONTEXT('2D SPACE',''
  ) );
#120 = PCURVE('',#121,#126);
#121 = PLANE('',#122);
#122 = AXIS2_PLACEMENT_3D('',#123,#124,#125);
#123 = CARTESIAN_POINT('',(0.,0.,-1.));
#124 = DIRECTION('',(0.,0.,-1.));
#125 = DIRECTION('',(1.,0.,0.));
#126 = DEFINITIONAL_REPRESENTATION('',(#127),#132);
#127 = B_SPLINE_CURVE_WITH_KNOTS('',3,(#128,#129,#130,#131),
  .UNSPECIFIED.,.F.,.F.,(4,4),(-0.100637439489,0.),
  .PIECEWISE_BEZIER_KNOTS.);
#128 = CARTESIAN_POINT('',(-5.167268611403,6.331818730664));
#129 = CARTESIAN_POINT('',(-5.063554627167,6.821792108192));
#130 = CARTESIAN_POINT('',(-5.219335250254,7.359158744015));
#131 = CARTESIAN_POINT('',(-5.574232950995,7.714056444756));
#132 = ( GEOMETRIC_REPRESENTATION_CONTEXT(2) 
PARAMETRIC_REPRESENTATION_CONTEXT() REPRESENTATION_CONTEXT('2D SPACE',''
  ) );
#133 = ORIENTED_EDGE('',*,*,#134,.T.);
#134 = EDGE_CURVE('',#105,#135,#137,.T.);
#135 = VERTEX_POINT('',#136);
#136 = CARTESIAN_POINT('',(-5.928464522501,-7.35982487325,-1.49999908014
    ));
#137 = SURFACE_CURVE('',#138,(#142,#148),.PCURVE_S1.);
#138 = LINE('',#139,#140);
#139 = CARTESIAN_POINT('',(-5.574232950995,-7.714056444756,-1.));
#140 = VECTOR('',#141,1.);
#141 = DIRECTION('',(-0.500479316578,0.500479316578,-0.706428274742));
#142 = PCURVE('',#39,#143);
#143 = DEFINITIONAL_REPRESENTATION('',(#144),#147);
#144 = B_SPLINE_CURVE_WITH_KNOTS('',1,(#145,#146),.UNSPECIFIED.,.F.,.F.,
  (2,2),(0.,0.707784637192),.PIECEWISE_BEZIER_KNOTS.);
#145 = CARTESIAN_POINT('',(1.,3.841374736651E-17));
#146 = CARTESIAN_POINT('',(3.932259173516E-16,-5.897350927219E-16));
#147 = ( GEOMETRIC_REPRESENTATION_CONTEXT(2) 
PARAMETRIC_REPRESENTATION_CONTEXT() REPRESENTATION_CONTEXT('2D SPACE',''
  ) );
#148 = PCURVE('',#149,#166);
#149 = B_SPLINE_SURFACE_WITH_KNOTS('',3,3,(
    (#150,#151,#152,#153)
    ,(#154,#155,#156,#157)
    ,(#158,#159,#160,#161)
    ,(#162,#163,#164,#165
    )),.UNSPECIFIED.,.F.,.F.,.F.,(4,4),(4,4),(0.,1.),(0.412177256653,
    0.416572814783),.PIECEWISE_BEZIER_KNOTS.);
#150 = CARTESIAN_POINT('',(-5.928464522501,-7.35982487325,-1.49999908014
    ));
#151 = CARTESIAN_POINT('',(-5.938372617236,-7.370637638253,
    -1.500000307203));
#152 = CARTESIAN_POINT('',(-5.948507201326,-7.3812239139,-1.5));
#153 = CARTESIAN_POINT('',(-5.958867631195,-7.39158434377,-1.5));
#154 = CARTESIAN_POINT('',(-5.810387331999,-7.477902063752,
    -1.333332720094));
#155 = CARTESIAN_POINT('',(-5.820446205112,-7.488564050377,
    -1.333333538135));
#156 = CARTESIAN_POINT('',(-5.830656071128,-7.499075044098,
    -1.333333333333));
#157 = CARTESIAN_POINT('',(-5.841016500997,-7.509435473967,
    -1.333333333333));
#158 = CARTESIAN_POINT('',(-5.692310141497,-7.595979254254,
    -1.166666360047));
#159 = CARTESIAN_POINT('',(-5.702519792988,-7.606490462501,
    -1.166666769068));
#160 = CARTESIAN_POINT('',(-5.712804940931,-7.616926174296,
    -1.166666666667));
#161 = CARTESIAN_POINT('',(-5.723165370799,-7.627286604165,
    -1.166666666667));
#162 = CARTESIAN_POINT('',(-5.574232950995,-7.714056444756,-1.));
#163 = CARTESIAN_POINT('',(-5.584593380864,-7.724416874625,-1.));
#164 = CARTESIAN_POINT('',(-5.594953810733,-7.734777304494,-1.));
#165 = CARTESIAN_POINT('',(-5.605314240602,-7.745137734363,-1.));
#166 = DEFINITIONAL_REPRESENTATION('',(#167),#170);
#167 = B_SPLINE_CURVE_WITH_KNOTS('',1,(#168,#169),.UNSPECIFIED.,.F.,.F.,
  (2,2),(0.,0.707784637192),.PIECEWISE_BEZIER_KNOTS.);
#168 = CARTESIAN_POINT('',(1.,0.412177256653));
#169 = CARTESIAN_POINT('',(2.462095946386E-15,0.412177256653));
#170 = ( GEOMETRIC_REPRESENTATION_CONTEXT(2) 
PARAMETRIC_REPRESENTATION_CONTEXT() REPRESENTATION_CONTEXT('2D SPACE',''
  ) );
#171 = ORIENTED_EDGE('',*,*,#172,.T.);
#172 = EDGE_CURVE('',#135,#22,#173,.T.);
#173 = SURFACE_CURVE('',#174,(#179,#186),.PCURVE_S1.);
#174 = B_SPLINE_CURVE_WITH_KNOTS('',3,(#175,#176,#177,#178),
  .UNSPECIFIED.,.F.,.F.,(4,4),(0.,0.108235128318),
  .PIECEWISE_BEZIER_KNOTS.);
#175 = CARTESIAN_POINT('',(-5.928464522501,-7.35982487325,-1.49999908014
    ));
#176 = CARTESIAN_POINT('',(-5.684722266126,-7.093827442875,
    -1.499968894016));
#177 = CARTESIAN_POINT('',(-5.606044232537,-6.705028439652,
    -1.499054703609));
#178 = CARTESIAN_POINT('',(-5.711610526938,-6.375371646112,
    -1.498495886707));
#179 = PCURVE('',#39,#180);
#180 = DEFINITIONAL_REPRESENTATION('',(#181),#185);
#181 = LINE('',#182,#183);
#182 = CARTESIAN_POINT('',(3.963251155135E-16,-8.779230141678E-17));
#183 = VECTOR('',#184,1.);
#184 = DIRECTION('',(-5.601169125035E-15,-1.));
#185 = ( GEOMETRIC_REPRESENTATION_CONTEXT(2) 
PARAMETRIC_REPRESENTATION_CONTEXT() REPRESENTATION_CONTEXT('2D SPACE',''
  ) );
#186 = PCURVE('',#187,#208);
#187 = B_SPLINE_SURFACE_WITH_KNOTS('',3,3,(
    (#188,#189,#190,#191)
    ,(#192,#193,#194,#195)
    ,(#196,#197,#198,#199)
    ,(#200,#201,#202,#203)
    ,(#204,#205,#206,#207
    )),.UNSPECIFIED.,.F.,.F.,.F.,(4,1,4),(4,4),(0.,0.571428571429,1.),(
    9.163728418288E-02,0.378587518699),.UNSPECIFIED.);
#188 = CARTESIAN_POINT('',(-5.983951441557,-6.152228667528,
    -3.087155742748));
#189 = CARTESIAN_POINT('',(-5.927792216962,-6.089078395871,
    -2.134336102331));
#190 = CARTESIAN_POINT('',(-5.87127416684,-6.026533457998,
    -1.181510694271));
#191 = CARTESIAN_POINT('',(-5.814508180993,-5.964388341834,
    -0.228681432409));
#192 = CARTESIAN_POINT('',(-5.808598272745,-6.369206309805,
    -3.084566017404));
#193 = CARTESIAN_POINT('',(-5.750738083196,-6.305904693908,
    -2.131862893972));
#194 = CARTESIAN_POINT('',(-5.692831484595,-6.243267278818,
    -1.179130744598));
#195 = CARTESIAN_POINT('',(-5.634752145347,-6.180982296741,
    -0.226392523813));
#196 = CARTESIAN_POINT('',(-5.672026710571,-6.881361728232,
    -3.061198537883));
#197 = CARTESIAN_POINT('',(-5.61186648864,-6.819623443784,
    -2.108553861733));
#198 = CARTESIAN_POINT('',(-5.551847929799,-6.758255260538,
    -1.155883703017));
#199 = CARTESIAN_POINT('',(-5.491975213595,-6.697157391067,
    -0.203191586262));
#200 = CARTESIAN_POINT('',(-5.904769037057,-7.337485749632,
    -3.018339746141));
#201 = CARTESIAN_POINT('',(-5.844983887737,-7.277714231407,
    -2.065572218333));
#202 = CARTESIAN_POINT('',(-5.785323767977,-7.21802962055,
    -1.112793395944));
#203 = CARTESIAN_POINT('',(-5.725732666685,-7.15844937926,
    -0.160004981993));
#204 = CARTESIAN_POINT('',(-6.052155762526,-7.484872475101,-3.));
#205 = CARTESIAN_POINT('',(-5.992874744282,-7.425591456857,
    -2.047180359583));
#206 = CARTESIAN_POINT('',(-5.933640082375,-7.36635679495,
    -1.094354951523));
#207 = CARTESIAN_POINT('',(-5.874436437535,-7.30715315011,
    -0.141525689662));
#208 = DEFINITIONAL_REPRESENTATION('',(#209),#212);
#209 = B_SPLINE_CURVE_WITH_KNOTS('',1,(#210,#211),.UNSPECIFIED.,.F.,.F.,
  (2,2),(0.,0.108235128318),.PIECEWISE_BEZIER_KNOTS.);
#210 = CARTESIAN_POINT('',(0.970248241779,0.242601411939));
#211 = CARTESIAN_POINT('',(0.254907917125,0.250190630023));
#212 = ( GEOMETRIC_REPRESENTATION_CONTEXT(2) 
PARAMETRIC_REPRESENTATION_CONTEXT() REPRESENTATION_CONTEXT('2D SPACE',''
  ) );
#213 = ADVANCED_FACE('',(#214),#85,.F.);
#214 = FACE_BOUND('',#215,.T.);
#215 = EDGE_LOOP('',(#216,#246,#291,#315,#399,#420,#421,#445));
#216 = ORIENTED_EDGE('',*,*,#217,.F.);
#217 = EDGE_CURVE('',#218,#220,#222,.T.);
#218 = VERTEX_POINT('',#219);
#219 = CARTESIAN_POINT('',(5.680087543279,-6.324133767759,
    -0.912844257252));
#220 = VERTEX_POINT('',#221);
#221 = CARTESIAN_POINT('',(-5.680087504169,-6.324133767759,
    -0.912844257252));
#222 = SURFACE_CURVE('',#223,(#227,#234),.PCURVE_S1.);
#223 = LINE('',#224,#225);
#224 = CARTESIAN_POINT('',(4.,-6.324133767759,-0.912844257252));
#225 = VECTOR('',#226,1.);
#226 = DIRECTION('',(-1.,0.,0.));
#227 = PCURVE('',#85,#228);
#228 = DEFINITIONAL_REPRESENTATION('',(#229),#233);
#229 = LINE('',#230,#231);
#230 = CARTESIAN_POINT('',(-4.,-0.785098178729));
#231 = VECTOR('',#232,1.);
#232 = DIRECTION('',(-1.,0.));
#233 = ( GEOMETRIC_REPRESENTATION_CONTEXT(2) 
PARAMETRIC_REPRESENTATION_CONTEXT() REPRESENTATION_CONTEXT('2D SPACE',''
  ) );
#234 = PCURVE('',#235,#240);
#235 = CYLINDRICAL_SURFACE('',#236,1.);
#236 = AXIS2_PLACEMENT_3D('',#237,#238,#239);
#237 = CARTESIAN_POINT('',(4.,-5.327939069668,-1.));
#238 = DIRECTION('',(-1.,0.,0.));
#239 = DIRECTION('',(0.,-0.675590207616,0.73727733681));
#240 = DEFINITIONAL_REPRESENTATION('',(#241),#245);
#241 = LINE('',#242,#243);
#242 = CARTESIAN_POINT('',(-0.741764932098,0.));
#243 = VECTOR('',#244,1.);
#244 = DIRECTION('',(0.,1.));
#245 = ( GEOMETRIC_REPRESENTATION_CONTEXT(2) 
PARAMETRIC_REPRESENTATION_CONTEXT() REPRESENTATION_CONTEXT('2D SPACE',''
  ) );
#246 = ORIENTED_EDGE('',*,*,#247,.T.);
#247 = EDGE_CURVE('',#218,#248,#250,.T.);
#248 = VERTEX_POINT('',#249);
#249 = CARTESIAN_POINT('',(5.684761665307,-6.331758907211,
    -1.000000000001));
#250 = SURFACE_CURVE('',#251,(#256,#264),.PCURVE_S1.);
#251 = B_SPLINE_CURVE_WITH_KNOTS('',3,(#252,#253,#254,#255),
  .UNSPECIFIED.,.F.,.F.,(4,4),(0.184125362437,0.192877000708),
  .PIECEWISE_BEZIER_KNOTS.);
#252 = CARTESIAN_POINT('',(5.681455198531,-6.324590994193,
    -0.912730828937));
#253 = CARTESIAN_POINT('',(5.683013307782,-6.327132756225,
    -0.941783149148));
#254 = CARTESIAN_POINT('',(5.684572342698,-6.329674481534,
    -0.970835006317));
#255 = CARTESIAN_POINT('',(5.686132328319,-6.332216092523,
    -0.999886379151));
#256 = PCURVE('',#85,#257);
#257 = DEFINITIONAL_REPRESENTATION('',(#258),#263);
#258 = B_SPLINE_CURVE_WITH_KNOTS('',3,(#259,#260,#261,#262),
  .UNSPECIFIED.,.F.,.F.,(4,4),(0.184125362437,0.192877000708),
  .PIECEWISE_BEZIER_KNOTS.);
#259 = CARTESIAN_POINT('',(-2.318544801469,-0.785025031952));
#260 = CARTESIAN_POINT('',(-2.316986692218,-0.814188328471));
#261 = CARTESIAN_POINT('',(-2.315427657302,-0.843351160509));
#262 = CARTESIAN_POINT('',(-2.313867671681,-0.872513500093));
#263 = ( GEOMETRIC_REPRESENTATION_CONTEXT(2) 
PARAMETRIC_REPRESENTATION_CONTEXT() REPRESENTATION_CONTEXT('2D SPACE',''
  ) );
#264 = PCURVE('',#265,#286);
#265 = B_SPLINE_SURFACE_WITH_KNOTS('',3,3,(
    (#266,#267,#268,#269)
    ,(#270,#271,#272,#273)
    ,(#274,#275,#276,#277)
    ,(#278,#279,#280,#281)
    ,(#282,#283,#284,#285
    )),.UNSPECIFIED.,.F.,.F.,.F.,(4,1,4),(4,4),(0.,0.571428571429,1.),(
    0.114662364866,0.401612607681),.UNSPECIFIED.);
#266 = CARTESIAN_POINT('',(5.814508257743,-5.964388243173,
    -0.228681349666));
#267 = CARTESIAN_POINT('',(5.871274245762,-6.026533359962,
    -1.181510639106));
#268 = CARTESIAN_POINT('',(5.927792298098,-6.089078298332,
    -2.134336074747));
#269 = CARTESIAN_POINT('',(5.983951524959,-6.152228570293,
    -3.087155742748));
#270 = CARTESIAN_POINT('',(5.634752212243,-6.180982197134,
    -0.226392441746));
#271 = CARTESIAN_POINT('',(5.692831553296,-6.24326717985,-1.179130690133
    ));
#272 = CARTESIAN_POINT('',(5.750738153724,-6.305904595465,
    -2.131862867111));
#273 = CARTESIAN_POINT('',(5.808598345076,-6.369206211702,
    -3.084566018156));
#274 = CARTESIAN_POINT('',(5.492086977526,-6.697142352904,
    -0.203185492212));
#275 = CARTESIAN_POINT('',(5.551959695072,-6.75824022339,-1.15587763658)
  );
#276 = CARTESIAN_POINT('',(5.611974442628,-6.819608290324,
    -2.108548059495));
#277 = CARTESIAN_POINT('',(5.672134665794,-6.881346575601,-3.06119276327
    ));
#278 = CARTESIAN_POINT('',(5.725732721866,-7.158449300136,
    -0.160004899564));
#279 = CARTESIAN_POINT('',(5.785323824596,-7.218029542867,
    -1.112793341104));
#280 = CARTESIAN_POINT('',(5.844983945767,-7.277714155129,
    -2.065572191085));
#281 = CARTESIAN_POINT('',(5.90476909645,-7.33748567472,-3.018339746489)
  );
#282 = CARTESIAN_POINT('',(5.874436495657,-7.307153073927,
    -0.141525606918));
#283 = CARTESIAN_POINT('',(5.933640142048,-7.366356720318,
    -1.094354896358));
#284 = CARTESIAN_POINT('',(5.992874805488,-7.425591383758,
    -2.047180331999));
#285 = CARTESIAN_POINT('',(6.052155825239,-7.484872403509,-3.));
#286 = DEFINITIONAL_REPRESENTATION('',(#287),#290);
#287 = B_SPLINE_CURVE_WITH_KNOTS('',1,(#288,#289),.UNSPECIFIED.,.F.,.F.,
  (2,2),(0.184125370094,0.192877000708),.PIECEWISE_BEZIER_KNOTS.);
#288 = CARTESIAN_POINT('',(0.245640466325,0.184208581964));
#289 = CARTESIAN_POINT('',(0.247028392862,0.192966540829));
#290 = ( GEOMETRIC_REPRESENTATION_CONTEXT(2) 
PARAMETRIC_REPRESENTATION_CONTEXT() REPRESENTATION_CONTEXT('2D SPACE',''
  ) );
#291 = ORIENTED_EDGE('',*,*,#292,.F.);
#292 = EDGE_CURVE('',#293,#248,#295,.T.);
#293 = VERTEX_POINT('',#294);
#294 = CARTESIAN_POINT('',(5.711610567097,-6.37537164628,-1.498495886837
    ));
#295 = SURFACE_CURVE('',#296,(#301,#309),.PCURVE_S1.);
#296 = B_SPLINE_CURVE_WITH_KNOTS('',3,(#297,#298,#299,#300),
  .UNSPECIFIED.,.F.,.F.,(4,4),(-0.151381381896,-0.101277693888),
  .PIECEWISE_BEZIER_KNOTS.);
#297 = CARTESIAN_POINT('',(5.712994297278,-6.37582688433,-1.498381527989
    ));
#298 = CARTESIAN_POINT('',(5.70401023629,-6.36129249191,-1.332241527468)
  );
#299 = CARTESIAN_POINT('',(5.695055899623,-6.34675509135,-1.166069662459
    ));
#300 = CARTESIAN_POINT('',(5.686132328319,-6.332216092523,
    -0.999886379151));
#301 = PCURVE('',#85,#302);
#302 = DEFINITIONAL_REPRESENTATION('',(#303),#308);
#303 = B_SPLINE_CURVE_WITH_KNOTS('',3,(#304,#305,#306,#307),
  .UNSPECIFIED.,.F.,.F.,(4,4),(-0.151381381896,-0.101277693888),
  .PIECEWISE_BEZIER_KNOTS.);
#304 = CARTESIAN_POINT('',(-2.287005702722,-1.372912655342));
#305 = CARTESIAN_POINT('',(-2.29598976371,-1.206138111914));
#306 = CARTESIAN_POINT('',(-2.304944100377,-1.039331563077));
#307 = CARTESIAN_POINT('',(-2.313867671681,-0.872513500093));
#308 = ( GEOMETRIC_REPRESENTATION_CONTEXT(2) 
PARAMETRIC_REPRESENTATION_CONTEXT() REPRESENTATION_CONTEXT('2D SPACE',''
  ) );
#309 = PCURVE('',#265,#310);
#310 = DEFINITIONAL_REPRESENTATION('',(#311),#314);
#311 = B_SPLINE_CURVE_WITH_KNOTS('',1,(#312,#313),.UNSPECIFIED.,.F.,.F.,
  (2,2),(-0.15138135283,-0.101277696078),.PIECEWISE_BEZIER_KNOTS.);
#312 = CARTESIAN_POINT('',(0.254924987138,0.243059225086));
#313 = CARTESIAN_POINT('',(0.247028393209,0.192966543019));
#314 = ( GEOMETRIC_REPRESENTATION_CONTEXT(2) 
PARAMETRIC_REPRESENTATION_CONTEXT() REPRESENTATION_CONTEXT('2D SPACE',''
  ) );
#315 = ORIENTED_EDGE('',*,*,#316,.F.);
#316 = EDGE_CURVE('',#317,#293,#319,.T.);
#317 = VERTEX_POINT('',#318);
#318 = CARTESIAN_POINT('',(5.16698603659,-6.331758907247,-1.));
#319 = SURFACE_CURVE('',#320,(#331,#345),.PCURVE_S1.);
#320 = B_SPLINE_CURVE_WITH_KNOTS('',3,(#321,#322,#323,#324,#325,#326,
    #327,#328,#329,#330),.UNSPECIFIED.,.F.,.F.,(4,3,3,4),(0.,
    3.642173204119E-02,5.69396151713E-02,7.277805972028E-02),
  .UNSPECIFIED.);
#321 = CARTESIAN_POINT('',(5.166998829587,-6.331753377165,-1.));
#322 = CARTESIAN_POINT('',(5.256050885861,-6.338945185153,
    -1.082204394188));
#323 = CARTESIAN_POINT('',(5.347997397759,-6.346355559719,
    -1.166864596225));
#324 = CARTESIAN_POINT('',(5.437578201641,-6.353539310897,-1.24895570432
    ));
#325 = CARTESIAN_POINT('',(5.48804281059,-6.357586218027,-1.295201054761
    ));
#326 = CARTESIAN_POINT('',(5.540009950312,-6.361744666853,
    -1.342697298012));
#327 = CARTESIAN_POINT('',(5.591974289166,-6.365880891028,
    -1.389993266697));
#328 = CARTESIAN_POINT('',(5.632087311268,-6.36907378168,-1.426502616743
    ));
#329 = CARTESIAN_POINT('',(5.67219830204,-6.372256763785,-1.462892618796
    ));
#330 = CARTESIAN_POINT('',(5.711610567147,-6.375371646123,
    -1.498495886837));
#331 = PCURVE('',#85,#332);
#332 = DEFINITIONAL_REPRESENTATION('',(#333),#344);
#333 = B_SPLINE_CURVE_WITH_KNOTS('',3,(#334,#335,#336,#337,#338,#339,
    #340,#341,#342,#343),.UNSPECIFIED.,.F.,.F.,(4,3,3,4),(0.,
    3.642173204119E-02,5.69396151713E-02,7.277805972028E-02),
  .UNSPECIFIED.);
#334 = CARTESIAN_POINT('',(-2.833001170413,-0.872586360279));
#335 = CARTESIAN_POINT('',(-2.743949114139,-0.955104749296));
#336 = CARTESIAN_POINT('',(-2.652002602241,-1.040088650404));
#337 = CARTESIAN_POINT('',(-2.562421798359,-1.122493482218));
#338 = CARTESIAN_POINT('',(-2.51195718941,-1.168915566336));
#339 = CARTESIAN_POINT('',(-2.459990049688,-1.216593504738));
#340 = CARTESIAN_POINT('',(-2.408025710834,-1.264069993673));
#341 = CARTESIAN_POINT('',(-2.367912688732,-1.300718693376));
#342 = CARTESIAN_POINT('',(-2.32780169796,-1.337247635654));
#343 = CARTESIAN_POINT('',(-2.288389432853,-1.372986902395));
#344 = ( GEOMETRIC_REPRESENTATION_CONTEXT(2) 
PARAMETRIC_REPRESENTATION_CONTEXT() REPRESENTATION_CONTEXT('2D SPACE',''
  ) );
#345 = PCURVE('',#346,#371);
#346 = B_SPLINE_SURFACE_WITH_KNOTS('',3,3,(
    (#347,#348,#349,#350,#351,#352)
    ,(#353,#354,#355,#356,#357,#358)
    ,(#359,#360,#361,#362,#363,#364)
    ,(#365,#366,#367,#368,#369,#370
    )),.UNSPECIFIED.,.F.,.F.,.F.,(4,4),(4,2,4),(0.,1.),(-0.148168925441,
    -7.796500803601E-02,-3.998022765906E-02),.UNSPECIFIED.);
#347 = CARTESIAN_POINT('',(5.92846458561,-7.359824802061,-1.49999908014)
  );
#348 = CARTESIAN_POINT('',(5.770344385987,-7.187267251292,
    -1.499979497833));
#349 = CARTESIAN_POINT('',(5.677963675258,-6.963284646509,
    -1.499615539768));
#350 = CARTESIAN_POINT('',(5.658785798532,-6.613405569263,
    -1.498937059697));
#351 = CARTESIAN_POINT('',(5.674503607655,-6.491247309943,
    -1.498692313198));
#352 = CARTESIAN_POINT('',(5.711610567147,-6.375371646123,
    -1.498495886837));
#353 = CARTESIAN_POINT('',(5.810387395109,-7.477901992562,
    -1.333332720094));
#354 = CARTESIAN_POINT('',(5.622415310569,-7.280527310362,
    -1.333316782855));
#355 = CARTESIAN_POINT('',(5.508526230919,-7.019736150122,
    -1.333076499078));
#356 = CARTESIAN_POINT('',(5.479935173252,-6.607057143063,-1.33262483164
    ));
#357 = CARTESIAN_POINT('',(5.496662595063,-6.462104196341,
    -1.332461261913));
#358 = CARTESIAN_POINT('',(5.539480886785,-6.324166254735,
    -1.332330591224));
#359 = CARTESIAN_POINT('',(5.692310204608,-7.595979183063,
    -1.166666360047));
#360 = CARTESIAN_POINT('',(5.474551981127,-7.373186206097,
    -1.166662714978));
#361 = CARTESIAN_POINT('',(5.339258775311,-7.076213559297,
    -1.166539040691));
#362 = CARTESIAN_POINT('',(5.301017893588,-6.600676332615,
    -1.166312228057));
#363 = CARTESIAN_POINT('',(5.318912140613,-6.432928064357,
    -1.166231051284));
#364 = CARTESIAN_POINT('',(5.367351206423,-6.272960863346,
    -1.166165295612));
#365 = CARTESIAN_POINT('',(5.574233014107,-7.714056373564,-1.));
#366 = CARTESIAN_POINT('',(5.32662290571,-7.466446265166,-1.));
#367 = CARTESIAN_POINT('',(5.169821330972,-7.132665062909,-1.));
#368 = CARTESIAN_POINT('',(5.122167268308,-6.594327906415,-1.));
#369 = CARTESIAN_POINT('',(5.141071128022,-6.403784950755,-1.));
#370 = CARTESIAN_POINT('',(5.195221526062,-6.221755471958,-1.));
#371 = DEFINITIONAL_REPRESENTATION('',(#372),#398);
#372 = B_SPLINE_CURVE_WITH_KNOTS('',3,(#373,#374,#375,#376,#377,#378,
    #379,#380,#381,#382,#383,#384,#385,#386,#387,#388,#389,#390,#391,
    #392,#393,#394,#395,#396,#397),.UNSPECIFIED.,.F.,.F.,(4,1,1,1,1,1,1,
    1,1,1,1,1,1,1,1,1,1,1,1,1,1,1,4),(0.,3.308093623649E-03,
    6.616187247298E-03,9.924280870948E-03,1.32323744946E-02,
    1.654046811825E-02,1.98485617419E-02,2.315665536554E-02,
    2.646474898919E-02,2.977284261284E-02,3.308093623649E-02,
    3.638902986014E-02,3.969712348379E-02,4.300521710744E-02,
    4.631331073109E-02,4.962140435474E-02,5.292949797839E-02,
    5.623759160204E-02,5.954568522569E-02,6.285377884934E-02,
    6.616187247298E-02,6.946996609663E-02,7.277805972028E-02),
  .QUASI_UNIFORM_KNOTS.);
#373 = CARTESIAN_POINT('',(1.,-4.756616531531E-02));
#374 = CARTESIAN_POINT('',(0.985025814669,-4.749432250524E-02));
#375 = CARTESIAN_POINT('',(0.95499596325,-4.734788511628E-02));
#376 = CARTESIAN_POINT('',(0.909752000225,-4.711971252376E-02));
#377 = CARTESIAN_POINT('',(0.864354107988,-4.688276448288E-02));
#378 = CARTESIAN_POINT('',(0.818847542129,-4.663677413258E-02));
#379 = CARTESIAN_POINT('',(0.773277613636,-4.638147089879E-02));
#380 = CARTESIAN_POINT('',(0.727689452115,-4.611657909604E-02));
#381 = CARTESIAN_POINT('',(0.682128881992,-4.584182565886E-02));
#382 = CARTESIAN_POINT('',(0.636639137568,-4.555691821434E-02));
#383 = CARTESIAN_POINT('',(0.591273106865,-4.526163408949E-02));
#384 = CARTESIAN_POINT('',(0.546047618371,-4.495549686062E-02));
#385 = CARTESIAN_POINT('',(0.501114023912,-4.463899363454E-02));
#386 = CARTESIAN_POINT('',(0.456121550291,-4.430904392621E-02));
#387 = CARTESIAN_POINT('',(0.410719420003,-4.396198795825E-02));
#388 = CARTESIAN_POINT('',(0.365094239476,-4.359796827477E-02));
#389 = CARTESIAN_POINT('',(0.319288702659,-4.321607870239E-02));
#390 = CARTESIAN_POINT('',(0.273384078429,-4.281566858044E-02));
#391 = CARTESIAN_POINT('',(0.227451320661,-4.239599089249E-02));
#392 = CARTESIAN_POINT('',(0.181564082727,-4.195632557055E-02));
#393 = CARTESIAN_POINT('',(0.135795278338,-4.149602713884E-02));
#394 = CARTESIAN_POINT('',(9.021818725419E-02,-4.101436140792E-02));
#395 = CARTESIAN_POINT('',(4.490592838232E-02,-4.05106232966E-02));
#396 = CARTESIAN_POINT('',(1.492298794684E-02,-4.015963038484E-02));
#397 = CARTESIAN_POINT('',(0.,-3.998022765906E-02));
#398 = ( GEOMETRIC_REPRESENTATION_CONTEXT(2) 
PARAMETRIC_REPRESENTATION_CONTEXT() REPRESENTATION_CONTEXT('2D SPACE',''
  ) );
#399 = ORIENTED_EDGE('',*,*,#400,.F.);
#400 = EDGE_CURVE('',#24,#317,#401,.T.);
#401 = SURFACE_CURVE('',#402,(#406,#413),.PCURVE_S1.);
#402 = LINE('',#403,#404);
#403 = CARTESIAN_POINT('',(4.,-6.331758907211,-1.));
#404 = VECTOR('',#405,1.);
#405 = DIRECTION('',(1.,0.,0.));
#406 = PCURVE('',#85,#407);
#407 = DEFINITIONAL_REPRESENTATION('',(#408),#412);
#408 = LINE('',#409,#410);
#409 = CARTESIAN_POINT('',(-4.,-0.872586842254));
#410 = VECTOR('',#411,1.);
#411 = DIRECTION('',(1.,0.));
#412 = ( GEOMETRIC_REPRESENTATION_CONTEXT(2) 
PARAMETRIC_REPRESENTATION_CONTEXT() REPRESENTATION_CONTEXT('2D SPACE',''
  ) );
#413 = PCURVE('',#121,#414);
#414 = DEFINITIONAL_REPRESENTATION('',(#415),#419);
#415 = LINE('',#416,#417);
#416 = CARTESIAN_POINT('',(4.,6.331758907211));
#417 = VECTOR('',#418,1.);
#418 = DIRECTION('',(1.,0.));
#419 = ( GEOMETRIC_REPRESENTATION_CONTEXT(2) 
PARAMETRIC_REPRESENTATION_CONTEXT() REPRESENTATION_CONTEXT('2D SPACE',''
  ) );
#420 = ORIENTED_EDGE('',*,*,#21,.F.);
#421 = ORIENTED_EDGE('',*,*,#422,.F.);
#422 = EDGE_CURVE('',#423,#22,#425,.T.);
#423 = VERTEX_POINT('',#424);
#424 = CARTESIAN_POINT('',(-5.684761626033,-6.331758907211,
    -1.000000000001));
#425 = SURFACE_CURVE('',#426,(#431,#439),.PCURVE_S1.);
#426 = B_SPLINE_CURVE_WITH_KNOTS('',3,(#427,#428,#429,#430),
  .UNSPECIFIED.,.F.,.F.,(4,4),(-0.208687657983,-0.158584355226),
  .PIECEWISE_BEZIER_KNOTS.);
#427 = CARTESIAN_POINT('',(-5.6861077052,-6.332219407192,-0.99988770101)
  );
#428 = CARTESIAN_POINT('',(-5.695030918134,-6.346758449047,
    -1.166070852603));
#429 = CARTESIAN_POINT('',(-5.7039849211,-6.361295903783,-1.33224273787)
  );
#430 = CARTESIAN_POINT('',(-5.71296866189,-6.37583037034,-1.498382902345
    ));
#431 = PCURVE('',#85,#432);
#432 = DEFINITIONAL_REPRESENTATION('',(#433),#438);
#433 = B_SPLINE_CURVE_WITH_KNOTS('',3,(#434,#435,#436,#437),
  .UNSPECIFIED.,.F.,.F.,(4,4),(-0.208687657983,-0.158584355226),
  .PIECEWISE_BEZIER_KNOTS.);
#434 = CARTESIAN_POINT('',(-13.6861077052,-0.872515105814));
#435 = CARTESIAN_POINT('',(-13.69503091813,-1.039333041335));
#436 = CARTESIAN_POINT('',(-13.7039849211,-1.206139615075));
#437 = CARTESIAN_POINT('',(-13.71296866189,-1.372914328293));
#438 = ( GEOMETRIC_REPRESENTATION_CONTEXT(2) 
PARAMETRIC_REPRESENTATION_CONTEXT() REPRESENTATION_CONTEXT('2D SPACE',''
  ) );
#439 = PCURVE('',#187,#440);
#440 = DEFINITIONAL_REPRESENTATION('',(#441),#444);
#441 = B_SPLINE_CURVE_WITH_KNOTS('',1,(#442,#443),.UNSPECIFIED.,.F.,.F.,
  (2,2),(-0.208687657983,-0.158584413423),.PIECEWISE_BEZIER_KNOTS.);
#442 = CARTESIAN_POINT('',(0.247028326743,0.300283351356));
#443 = CARTESIAN_POINT('',(0.254924916277,0.250190696241));
#444 = ( GEOMETRIC_REPRESENTATION_CONTEXT(2) 
PARAMETRIC_REPRESENTATION_CONTEXT() REPRESENTATION_CONTEXT('2D SPACE',''
  ) );
#445 = ORIENTED_EDGE('',*,*,#446,.T.);
#446 = EDGE_CURVE('',#423,#220,#447,.T.);
#447 = SURFACE_CURVE('',#448,(#453,#461),.PCURVE_S1.);
#448 = B_SPLINE_CURVE_WITH_KNOTS('',3,(#449,#450,#451,#452),
  .UNSPECIFIED.,.F.,.F.,(4,4),(0.426860595108,0.435611170076),
  .PIECEWISE_BEZIER_KNOTS.);
#449 = CARTESIAN_POINT('',(-5.6861077052,-6.332219407192,-0.99988770101)
  );
#450 = CARTESIAN_POINT('',(-5.684547778431,-6.329677784142,
    -0.970836287158));
#451 = CARTESIAN_POINT('',(-5.682988805598,-6.327136048173,
    -0.941784427699));
#452 = CARTESIAN_POINT('',(-5.681430760728,-6.324594279042,
    -0.912732141083));
#453 = PCURVE('',#85,#454);
#454 = DEFINITIONAL_REPRESENTATION('',(#455),#460);
#455 = B_SPLINE_CURVE_WITH_KNOTS('',3,(#456,#457,#458,#459),
  .UNSPECIFIED.,.F.,.F.,(4,4),(0.426860595108,0.435611170076),
  .PIECEWISE_BEZIER_KNOTS.);
#456 = CARTESIAN_POINT('',(-13.6861077052,-0.872515105814));
#457 = CARTESIAN_POINT('',(-13.68454777843,-0.843352724318));
#458 = CARTESIAN_POINT('',(-13.68298880559,-0.814189889069));
#459 = CARTESIAN_POINT('',(-13.68143076072,-0.785026625398));
#460 = ( GEOMETRIC_REPRESENTATION_CONTEXT(2) 
PARAMETRIC_REPRESENTATION_CONTEXT() REPRESENTATION_CONTEXT('2D SPACE',''
  ) );
#461 = PCURVE('',#187,#462);
#462 = DEFINITIONAL_REPRESENTATION('',(#463),#466);
#463 = B_SPLINE_CURVE_WITH_KNOTS('',1,(#464,#465),.UNSPECIFIED.,.F.,.F.,
  (2,2),(0.42686062164,0.435611170076),.PIECEWISE_BEZIER_KNOTS.);
#464 = CARTESIAN_POINT('',(0.247028322539,0.30028337791));
#465 = CARTESIAN_POINT('',(0.24564039901,0.309041317882));
#466 = ( GEOMETRIC_REPRESENTATION_CONTEXT(2) 
PARAMETRIC_REPRESENTATION_CONTEXT() REPRESENTATION_CONTEXT('2D SPACE',''
  ) );
#467 = ADVANCED_FACE('',(#468),#121,.T.);
#468 = FACE_BOUND('',#469,.T.);
#469 = EDGE_LOOP('',(#470,#471,#472,#501,#543,#571,#599,#627));
#470 = ORIENTED_EDGE('',*,*,#104,.F.);
#471 = ORIENTED_EDGE('',*,*,#400,.T.);
#472 = ORIENTED_EDGE('',*,*,#473,.F.);
#473 = EDGE_CURVE('',#474,#317,#476,.T.);
#474 = VERTEX_POINT('',#475);
#475 = CARTESIAN_POINT('',(5.574233014107,-7.714056373564,-1.));
#476 = SURFACE_CURVE('',#477,(#484,#494),.PCURVE_S1.);
#477 = B_SPLINE_CURVE_WITH_KNOTS('',3,(#478,#479,#480,#481,#482,#483),
  .UNSPECIFIED.,.F.,.F.,(4,2,4),(-0.148168925441,-7.796500803601E-02,
    -4.756670782997E-02),.UNSPECIFIED.);
#478 = CARTESIAN_POINT('',(5.574233014107,-7.714056373564,-1.));
#479 = CARTESIAN_POINT('',(5.32662290571,-7.466446265166,-1.));
#480 = CARTESIAN_POINT('',(5.169821330972,-7.132665062909,-1.));
#481 = CARTESIAN_POINT('',(5.125508898339,-6.632077544286,-1.));
#482 = CARTESIAN_POINT('',(5.134941486031,-6.479835836416,-1.));
#483 = CARTESIAN_POINT('',(5.166997113287,-6.331761305163,-1.));
#484 = PCURVE('',#121,#485);
#485 = DEFINITIONAL_REPRESENTATION('',(#486),#493);
#486 = B_SPLINE_CURVE_WITH_KNOTS('',3,(#487,#488,#489,#490,#491,#492),
  .UNSPECIFIED.,.F.,.F.,(4,2,4),(-0.148168925441,-7.796500803601E-02,
    -4.756670782997E-02),.UNSPECIFIED.);
#487 = CARTESIAN_POINT('',(5.574233014107,7.714056373564));
#488 = CARTESIAN_POINT('',(5.32662290571,7.466446265166));
#489 = CARTESIAN_POINT('',(5.169821330972,7.132665062909));
#490 = CARTESIAN_POINT('',(5.125508898339,6.632077544286));
#491 = CARTESIAN_POINT('',(5.134941486031,6.479835836416));
#492 = CARTESIAN_POINT('',(5.166997113287,6.331761305163));
#493 = ( GEOMETRIC_REPRESENTATION_CONTEXT(2) 
PARAMETRIC_REPRESENTATION_CONTEXT() REPRESENTATION_CONTEXT('2D SPACE',''
  ) );
#494 = PCURVE('',#346,#495);
#495 = DEFINITIONAL_REPRESENTATION('',(#496),#500);
#496 = LINE('',#497,#498);
#497 = CARTESIAN_POINT('',(1.,-1.665334536938E-16));
#498 = VECTOR('',#499,1.);
#499 = DIRECTION('',(3.619732852069E-13,1.));
#500 = ( GEOMETRIC_REPRESENTATION_CONTEXT(2) 
PARAMETRIC_REPRESENTATION_CONTEXT() REPRESENTATION_CONTEXT('2D SPACE',''
  ) );
#501 = ORIENTED_EDGE('',*,*,#502,.F.);
#502 = EDGE_CURVE('',#503,#474,#505,.T.);
#503 = VERTEX_POINT('',#504);
#504 = CARTESIAN_POINT('',(5.605314303622,-7.745137663079,-1.));
#505 = SURFACE_CURVE('',#506,(#511,#519),.PCURVE_S1.);
#506 = B_SPLINE_CURVE_WITH_KNOTS('',3,(#507,#508,#509,#510),
  .UNSPECIFIED.,.F.,.F.,(4,4),(-0.502786611037,-0.49839105292),
  .PIECEWISE_BEZIER_KNOTS.);
#507 = CARTESIAN_POINT('',(5.605314303622,-7.745137663079,-1.));
#508 = CARTESIAN_POINT('',(5.594953873784,-7.73477723324,-1.));
#509 = CARTESIAN_POINT('',(5.584593443945,-7.724416803402,-1.));
#510 = CARTESIAN_POINT('',(5.574233014107,-7.714056373564,-1.));
#511 = PCURVE('',#121,#512);
#512 = DEFINITIONAL_REPRESENTATION('',(#513),#518);
#513 = B_SPLINE_CURVE_WITH_KNOTS('',3,(#514,#515,#516,#517),
  .UNSPECIFIED.,.F.,.F.,(4,4),(-0.502786611037,-0.49839105292),
  .PIECEWISE_BEZIER_KNOTS.);
#514 = CARTESIAN_POINT('',(5.605314303622,7.745137663079));
#515 = CARTESIAN_POINT('',(5.594953873784,7.73477723324));
#516 = CARTESIAN_POINT('',(5.584593443945,7.724416803402));
#517 = CARTESIAN_POINT('',(5.574233014107,7.714056373564));
#518 = ( GEOMETRIC_REPRESENTATION_CONTEXT(2) 
PARAMETRIC_REPRESENTATION_CONTEXT() REPRESENTATION_CONTEXT('2D SPACE',''
  ) );
#519 = PCURVE('',#520,#537);
#520 = B_SPLINE_SURFACE_WITH_KNOTS('',3,3,(
    (#521,#522,#523,#524)
    ,(#525,#526,#527,#528)
    ,(#529,#530,#531,#532)
    ,(#533,#534,#535,#536
    )),.UNSPECIFIED.,.F.,.F.,.F.,(4,4),(4,4),(0.,1.),(-0.502786611037,
    -0.49839105292),.PIECEWISE_BEZIER_KNOTS.);
#521 = CARTESIAN_POINT('',(5.958867694215,-7.391584272485,-1.5));
#522 = CARTESIAN_POINT('',(5.948507264377,-7.381223842647,-1.5));
#523 = CARTESIAN_POINT('',(5.938372680316,-7.370637567031,
    -1.500000307203));
#524 = CARTESIAN_POINT('',(5.92846458561,-7.359824802061,-1.49999908014)
  );
#525 = CARTESIAN_POINT('',(5.841016564017,-7.509435402683,
    -1.333333333333));
#526 = CARTESIAN_POINT('',(5.830656134179,-7.499074972845,
    -1.333333333333));
#527 = CARTESIAN_POINT('',(5.820446268193,-7.488563979155,
    -1.333333538135));
#528 = CARTESIAN_POINT('',(5.810387395109,-7.477901992562,
    -1.333332720094));
#529 = CARTESIAN_POINT('',(5.723165433819,-7.627286532881,
    -1.166666666667));
#530 = CARTESIAN_POINT('',(5.712805003982,-7.616926103042,
    -1.166666666667));
#531 = CARTESIAN_POINT('',(5.702519856069,-7.606490391278,
    -1.166666769068));
#532 = CARTESIAN_POINT('',(5.692310204608,-7.595979183063,
    -1.166666360047));
#533 = CARTESIAN_POINT('',(5.605314303622,-7.745137663079,-1.));
#534 = CARTESIAN_POINT('',(5.594953873784,-7.73477723324,-1.));
#535 = CARTESIAN_POINT('',(5.584593443945,-7.724416803402,-1.));
#536 = CARTESIAN_POINT('',(5.574233014107,-7.714056373564,-1.));
#537 = DEFINITIONAL_REPRESENTATION('',(#538),#542);
#538 = LINE('',#539,#540);
#539 = CARTESIAN_POINT('',(1.,0.));
#540 = VECTOR('',#541,1.);
#541 = DIRECTION('',(1.515470384147E-13,1.));
#542 = ( GEOMETRIC_REPRESENTATION_CONTEXT(2) 
PARAMETRIC_REPRESENTATION_CONTEXT() REPRESENTATION_CONTEXT('2D SPACE',''
  ) );
#543 = ORIENTED_EDGE('',*,*,#544,.F.);
#544 = EDGE_CURVE('',#545,#503,#547,.T.);
#545 = VERTEX_POINT('',#546);
#546 = CARTESIAN_POINT('',(5.697665304069,-7.837488663526,-1.));
#547 = SURFACE_CURVE('',#548,(#552,#559),.PCURVE_S1.);
#548 = LINE('',#549,#550);
#549 = CARTESIAN_POINT('',(2.050076082082,-4.189899441539,-1.));
#550 = VECTOR('',#551,1.);
#551 = DIRECTION('',(-0.707106781187,0.707106781187,0.));
#552 = PCURVE('',#121,#553);
#553 = DEFINITIONAL_REPRESENTATION('',(#554),#558);
#554 = LINE('',#555,#556);
#555 = CARTESIAN_POINT('',(2.050076082082,4.189899441539));
#556 = VECTOR('',#557,1.);
#557 = DIRECTION('',(-0.707106781187,-0.707106781187));
#558 = ( GEOMETRIC_REPRESENTATION_CONTEXT(2) 
PARAMETRIC_REPRESENTATION_CONTEXT() REPRESENTATION_CONTEXT('2D SPACE',''
  ) );
#559 = PCURVE('',#560,#565);
#560 = PLANE('',#561);
#561 = AXIS2_PLACEMENT_3D('',#562,#563,#564);
#562 = CARTESIAN_POINT('',(2.226852777379,-4.013122746242,-1.25));
#563 = DIRECTION('',(-0.5,-0.5,-0.707106781187));
#564 = DIRECTION('',(-0.816496580928,8.326672684689E-17,0.57735026919));
#565 = DEFINITIONAL_REPRESENTATION('',(#566),#570);
#566 = LINE('',#567,#568);
#567 = CARTESIAN_POINT('',(0.288675134595,-0.204124145232));
#568 = VECTOR('',#569,1.);
#569 = DIRECTION('',(0.57735026919,0.816496580928));
#570 = ( GEOMETRIC_REPRESENTATION_CONTEXT(2) 
PARAMETRIC_REPRESENTATION_CONTEXT() REPRESENTATION_CONTEXT('2D SPACE',''
  ) );
#571 = ORIENTED_EDGE('',*,*,#572,.F.);
#572 = EDGE_CURVE('',#573,#545,#575,.T.);
#573 = VERTEX_POINT('',#574);
#574 = CARTESIAN_POINT('',(-5.697665169765,-7.837488663526,-1.));
#575 = SURFACE_CURVE('',#576,(#580,#587),.PCURVE_S1.);
#576 = LINE('',#577,#578);
#577 = CARTESIAN_POINT('',(4.,-7.837488663526,-1.));
#578 = VECTOR('',#579,1.);
#579 = DIRECTION('',(1.,0.,0.));
#580 = PCURVE('',#121,#581);
#581 = DEFINITIONAL_REPRESENTATION('',(#582),#586);
#582 = LINE('',#583,#584);
#583 = CARTESIAN_POINT('',(4.,7.837488663526));
#584 = VECTOR('',#585,1.);
#585 = DIRECTION('',(1.,0.));
#586 = ( GEOMETRIC_REPRESENTATION_CONTEXT(2) 
PARAMETRIC_REPRESENTATION_CONTEXT() REPRESENTATION_CONTEXT('2D SPACE',''
  ) );
#587 = PCURVE('',#588,#593);
#588 = PLANE('',#589);
#589 = AXIS2_PLACEMENT_3D('',#590,#591,#592);
#590 = CARTESIAN_POINT('',(8.,-7.75,0.));
#591 = DIRECTION('',(0.,-0.996194698092,8.715574274766E-02));
#592 = DIRECTION('',(1.,0.,0.));
#593 = DEFINITIONAL_REPRESENTATION('',(#594),#598);
#594 = LINE('',#595,#596);
#595 = CARTESIAN_POINT('',(-4.,-1.003819837543));
#596 = VECTOR('',#597,1.);
#597 = DIRECTION('',(1.,0.));
#598 = ( GEOMETRIC_REPRESENTATION_CONTEXT(2) 
PARAMETRIC_REPRESENTATION_CONTEXT() REPRESENTATION_CONTEXT('2D SPACE',''
  ) );
#599 = ORIENTED_EDGE('',*,*,#600,.F.);
#600 = EDGE_CURVE('',#601,#573,#603,.T.);
#601 = VERTEX_POINT('',#602);
#602 = CARTESIAN_POINT('',(-5.605314240602,-7.745137734363,-1.));
#603 = SURFACE_CURVE('',#604,(#608,#615),.PCURVE_S1.);
#604 = LINE('',#605,#606);
#605 = CARTESIAN_POINT('',(-2.659699618691,-4.799523112452,-1.));
#606 = VECTOR('',#607,1.);
#607 = DIRECTION('',(-0.707106781187,-0.707106781187,0.));
#608 = PCURVE('',#121,#609);
#609 = DEFINITIONAL_REPRESENTATION('',(#610),#614);
#610 = LINE('',#611,#612);
#611 = CARTESIAN_POINT('',(-2.659699618691,4.799523112452));
#612 = VECTOR('',#613,1.);
#613 = DIRECTION('',(-0.707106781187,0.707106781187));
#614 = ( GEOMETRIC_REPRESENTATION_CONTEXT(2) 
PARAMETRIC_REPRESENTATION_CONTEXT() REPRESENTATION_CONTEXT('2D SPACE',''
  ) );
#615 = PCURVE('',#616,#621);
#616 = PLANE('',#617);
#617 = AXIS2_PLACEMENT_3D('',#618,#619,#620);
#618 = CARTESIAN_POINT('',(-2.836476313988,-4.622746417156,-1.25));
#619 = DIRECTION('',(0.5,-0.5,-0.707106781187));
#620 = DIRECTION('',(-0.816496580928,8.326672684689E-17,-0.57735026919)
  );
#621 = DEFINITIONAL_REPRESENTATION('',(#622),#626);
#622 = LINE('',#623,#624);
#623 = CARTESIAN_POINT('',(-0.288675134595,-0.204124145232));
#624 = VECTOR('',#625,1.);
#625 = DIRECTION('',(0.57735026919,-0.816496580928));
#626 = ( GEOMETRIC_REPRESENTATION_CONTEXT(2) 
PARAMETRIC_REPRESENTATION_CONTEXT() REPRESENTATION_CONTEXT('2D SPACE',''
  ) );
#627 = ORIENTED_EDGE('',*,*,#628,.F.);
#628 = EDGE_CURVE('',#105,#601,#629,.T.);
#629 = SURFACE_CURVE('',#630,(#635,#643),.PCURVE_S1.);
#630 = B_SPLINE_CURVE_WITH_KNOTS('',3,(#631,#632,#633,#634),
  .UNSPECIFIED.,.F.,.F.,(4,4),(0.412177256653,0.416572814783),
  .PIECEWISE_BEZIER_KNOTS.);
#631 = CARTESIAN_POINT('',(-5.574232950995,-7.714056444756,-1.));
#632 = CARTESIAN_POINT('',(-5.584593380864,-7.724416874625,-1.));
#633 = CARTESIAN_POINT('',(-5.594953810733,-7.734777304494,-1.));
#634 = CARTESIAN_POINT('',(-5.605314240602,-7.745137734363,-1.));
#635 = PCURVE('',#121,#636);
#636 = DEFINITIONAL_REPRESENTATION('',(#637),#642);
#637 = B_SPLINE_CURVE_WITH_KNOTS('',3,(#638,#639,#640,#641),
  .UNSPECIFIED.,.F.,.F.,(4,4),(0.412177256653,0.416572814783),
  .PIECEWISE_BEZIER_KNOTS.);
#638 = CARTESIAN_POINT('',(-5.574232950995,7.714056444756));
#639 = CARTESIAN_POINT('',(-5.584593380864,7.724416874625));
#640 = CARTESIAN_POINT('',(-5.594953810733,7.734777304494));
#641 = CARTESIAN_POINT('',(-5.605314240602,7.745137734363));
#642 = ( GEOMETRIC_REPRESENTATION_CONTEXT(2) 
PARAMETRIC_REPRESENTATION_CONTEXT() REPRESENTATION_CONTEXT('2D SPACE',''
  ) );
#643 = PCURVE('',#149,#644);
#644 = DEFINITIONAL_REPRESENTATION('',(#645),#649);
#645 = LINE('',#646,#647);
#646 = CARTESIAN_POINT('',(1.,1.110223024625E-16));
#647 = VECTOR('',#648,1.);
#648 = DIRECTION('',(-5.051567932169E-13,1.));
#649 = ( GEOMETRIC_REPRESENTATION_CONTEXT(2) 
PARAMETRIC_REPRESENTATION_CONTEXT() REPRESENTATION_CONTEXT('2D SPACE',''
  ) );
#650 = ADVANCED_FACE('',(#651),#149,.T.);
#651 = FACE_BOUND('',#652,.T.);
#652 = EDGE_LOOP('',(#653,#675,#696,#697));
#653 = ORIENTED_EDGE('',*,*,#654,.F.);
#654 = EDGE_CURVE('',#655,#601,#657,.T.);
#655 = VERTEX_POINT('',#656);
#656 = CARTESIAN_POINT('',(-5.958867631195,-7.39158434377,-1.49999999976
    ));
#657 = SURFACE_CURVE('',#658,(#662,#668),.PCURVE_S1.);
#658 = LINE('',#659,#660);
#659 = CARTESIAN_POINT('',(-5.958867631195,-7.39158434377,-1.49999999976
    ));
#660 = VECTOR('',#661,1.);
#661 = DIRECTION('',(0.50000000012,-0.50000000012,0.707106781017));
#662 = PCURVE('',#149,#663);
#663 = DEFINITIONAL_REPRESENTATION('',(#664),#667);
#664 = B_SPLINE_CURVE_WITH_KNOTS('',1,(#665,#666),.UNSPECIFIED.,.F.,.F.,
  (2,2),(0.,0.707106781017),.PIECEWISE_BEZIER_KNOTS.);
#665 = CARTESIAN_POINT('',(2.404501167982E-10,0.416572814783));
#666 = CARTESIAN_POINT('',(1.,0.416572814783));
#667 = ( GEOMETRIC_REPRESENTATION_CONTEXT(2) 
PARAMETRIC_REPRESENTATION_CONTEXT() REPRESENTATION_CONTEXT('2D SPACE',''
  ) );
#668 = PCURVE('',#616,#669);
#669 = DEFINITIONAL_REPRESENTATION('',(#670),#674);
#670 = LINE('',#671,#672);
#671 = CARTESIAN_POINT('',(2.693759401977,-3.197178644644));
#672 = VECTOR('',#673,1.);
#673 = DIRECTION('',(-0.816496580928,-0.57735026919));
#674 = ( GEOMETRIC_REPRESENTATION_CONTEXT(2) 
PARAMETRIC_REPRESENTATION_CONTEXT() REPRESENTATION_CONTEXT('2D SPACE',''
  ) );
#675 = ORIENTED_EDGE('',*,*,#676,.T.);
#676 = EDGE_CURVE('',#655,#135,#677,.T.);
#677 = SURFACE_CURVE('',#678,(#683,#690),.PCURVE_S1.);
#678 = B_SPLINE_CURVE_WITH_KNOTS('',3,(#679,#680,#681,#682),
  .UNSPECIFIED.,.F.,.F.,(4,4),(-0.416572814783,-0.412177256653),
  .PIECEWISE_BEZIER_KNOTS.);
#679 = CARTESIAN_POINT('',(-5.958867631195,-7.39158434377,-1.5));
#680 = CARTESIAN_POINT('',(-5.948507201326,-7.3812239139,-1.5));
#681 = CARTESIAN_POINT('',(-5.938372617236,-7.370637638253,
    -1.500000307203));
#682 = CARTESIAN_POINT('',(-5.928464522501,-7.35982487325,-1.49999908014
    ));
#683 = PCURVE('',#149,#684);
#684 = DEFINITIONAL_REPRESENTATION('',(#685),#689);
#685 = LINE('',#686,#687);
#686 = CARTESIAN_POINT('',(3.044902350504E-13,0.));
#687 = VECTOR('',#688,1.);
#688 = DIRECTION('',(7.33380605066E-13,-1.));
#689 = ( GEOMETRIC_REPRESENTATION_CONTEXT(2) 
PARAMETRIC_REPRESENTATION_CONTEXT() REPRESENTATION_CONTEXT('2D SPACE',''
  ) );
#690 = PCURVE('',#187,#691);
#691 = DEFINITIONAL_REPRESENTATION('',(#692),#695);
#692 = B_SPLINE_CURVE_WITH_KNOTS('',1,(#693,#694),.UNSPECIFIED.,.F.,.F.,
  (2,2),(-0.416572814783,-0.412177256653),.PIECEWISE_BEZIER_KNOTS.);
#693 = CARTESIAN_POINT('',(1.000000121481,0.242216344881));
#694 = CARTESIAN_POINT('',(0.970248241779,0.242601411939));
#695 = ( GEOMETRIC_REPRESENTATION_CONTEXT(2) 
PARAMETRIC_REPRESENTATION_CONTEXT() REPRESENTATION_CONTEXT('2D SPACE',''
  ) );
#696 = ORIENTED_EDGE('',*,*,#134,.F.);
#697 = ORIENTED_EDGE('',*,*,#628,.T.);
#698 = ADVANCED_FACE('',(#699),#187,.F.);
#699 = FACE_BOUND('',#700,.F.);
#700 = EDGE_LOOP('',(#701,#702,#776,#804,#972,#1000,#1001,#1002));
#701 = ORIENTED_EDGE('',*,*,#446,.T.);
#702 = ORIENTED_EDGE('',*,*,#703,.F.);
#703 = EDGE_CURVE('',#704,#220,#706,.T.);
#704 = VERTEX_POINT('',#705);
#705 = CARTESIAN_POINT('',(-5.814508180865,-5.964388339801,
    -0.22868143255));
#706 = SURFACE_CURVE('',#707,(#718,#747),.PCURVE_S1.);
#707 = B_SPLINE_CURVE_WITH_KNOTS('',3,(#708,#709,#710,#711,#712,#713,
    #714,#715,#716,#717),.UNSPECIFIED.,.F.,.F.,(4,2,2,2,4),(
    -0.16951903803,-0.150915620731,-0.120082899842,-9.8842001137E-02,
    -8.776503732661E-02),.UNSPECIFIED.);
#708 = CARTESIAN_POINT('',(-5.81450818135,-5.964388342226,
    -0.228681438405));
#709 = CARTESIAN_POINT('',(-5.78397463524,-6.005932704688,
    -0.262961540797));
#710 = CARTESIAN_POINT('',(-5.759715020938,-6.046751313583,
    -0.302306624991));
#711 = CARTESIAN_POINT('',(-5.70870363624,-6.148943220282,
    -0.420797249232));
#712 = CARTESIAN_POINT('',(-5.691730622084,-6.203662584227,
    -0.506397358328));
#713 = CARTESIAN_POINT('',(-5.677203186673,-6.272918037765,
    -0.665314012174));
#714 = CARTESIAN_POINT('',(-5.675374182016,-6.294342437518,
    -0.733333888759));
#715 = CARTESIAN_POINT('',(-5.67683629997,-6.315637002016,
    -0.839297938998));
#716 = CARTESIAN_POINT('',(-5.678112642092,-6.320910002718,
    -0.875996454219));
#717 = CARTESIAN_POINT('',(-5.680087504169,-6.324133767759,
    -0.912844257252));
#718 = PCURVE('',#187,#719);
#719 = DEFINITIONAL_REPRESENTATION('',(#720),#746);
#720 = B_SPLINE_CURVE_WITH_KNOTS('',3,(#721,#722,#723,#724,#725,#726,
    #727,#728,#729,#730,#731,#732,#733,#734,#735,#736,#737,#738,#739,
    #740,#741,#742,#743,#744,#745),.UNSPECIFIED.,.F.,.F.,(4,1,1,1,1,1,1,
    1,1,1,1,1,1,1,1,1,1,1,1,1,1,1,4),(-0.16951903803,-0.165802947089,
    -0.162086856148,-0.158370765207,-0.154654674266,-0.150938583325,
    -0.147222492384,-0.143506401443,-0.139790310502,-0.136074219561,
    -0.132358128619,-0.128642037678,-0.124925946737,-0.121209855796,
    -0.117493764855,-0.113777673914,-0.110061582973,-0.106345492032,
    -0.102629401091,-9.891331014982E-02,-9.519721920875E-02,
    -9.148112826768E-02,-8.776503732661E-02),.QUASI_UNIFORM_KNOTS.);
#721 = CARTESIAN_POINT('',(0.,0.378587518699));
#722 = CARTESIAN_POINT('',(6.900268878336E-03,0.377891799949));
#723 = CARTESIAN_POINT('',(2.045638455704E-02,0.376457347966));
#724 = CARTESIAN_POINT('',(4.005032221455E-02,0.374176712727));
#725 = CARTESIAN_POINT('',(5.89003505238E-02,0.371766811387));
#726 = CARTESIAN_POINT('',(7.699125951074E-02,0.369228717698));
#727 = CARTESIAN_POINT('',(9.433770627194E-02,0.366558373898));
#728 = CARTESIAN_POINT('',(0.110831850638,0.363770865863));
#729 = CARTESIAN_POINT('',(0.126379457299,0.360886027875));
#730 = CARTESIAN_POINT('',(0.141009702229,0.357903719085));
#731 = CARTESIAN_POINT('',(0.154716332227,0.354829148059));
#732 = CARTESIAN_POINT('',(0.167499926953,0.351666098191));
#733 = CARTESIAN_POINT('',(0.179356590527,0.348418704268));
#734 = CARTESIAN_POINT('',(0.190280413381,0.345091120802));
#735 = CARTESIAN_POINT('',(0.200264899761,0.34168707216));
#736 = CARTESIAN_POINT('',(0.209295169421,0.338211983712));
#737 = CARTESIAN_POINT('',(0.217326973999,0.334687889597));
#738 = CARTESIAN_POINT('',(0.224370453064,0.33111689504));
#739 = CARTESIAN_POINT('',(0.230423349167,0.327505255514));
#740 = CARTESIAN_POINT('',(0.235485684558,0.323858323002));
#741 = CARTESIAN_POINT('',(0.239556752001,0.320180913255));
#742 = CARTESIAN_POINT('',(0.242632705573,0.316480890498));
#743 = CARTESIAN_POINT('',(0.244712752915,0.312766409204));
#744 = CARTESIAN_POINT('',(0.24543705886,0.310283490571));
#745 = CARTESIAN_POINT('',(0.245633851959,0.309041313201));
#746 = ( GEOMETRIC_REPRESENTATION_CONTEXT(2) 
PARAMETRIC_REPRESENTATION_CONTEXT() REPRESENTATION_CONTEXT('2D SPACE',''
  ) );
#747 = PCURVE('',#235,#748);
#748 = DEFINITIONAL_REPRESENTATION('',(#749),#775);
#749 = B_SPLINE_CURVE_WITH_KNOTS('',3,(#750,#751,#752,#753,#754,#755,
    #756,#757,#758,#759,#760,#761,#762,#763,#764,#765,#766,#767,#768,
    #769,#770,#771,#772,#773,#774),.UNSPECIFIED.,.F.,.F.,(4,1,1,1,1,1,1,
    1,1,1,1,1,1,1,1,1,1,1,1,1,1,1,4),(-0.16951903803,-0.165802947089,
    -0.162086856148,-0.158370765207,-0.154654674266,-0.150938583325,
    -0.147222492384,-0.143506401443,-0.139790310502,-0.136074219561,
    -0.132358128619,-0.128642037678,-0.124925946737,-0.121209855796,
    -0.117493764855,-0.113777673914,-0.110061582973,-0.106345492032,
    -0.102629401091,-9.891331014982E-02,-9.519721920875E-02,
    -9.148112826768E-02,-8.776503732661E-02),.QUASI_UNIFORM_KNOTS.);
#750 = CARTESIAN_POINT('',(5.18789106826E-02,9.81450818135));
#751 = CARTESIAN_POINT('',(4.111960150492E-02,9.808409009769));
#752 = CARTESIAN_POINT('',(1.938942246512E-02,9.796711306175));
#753 = CARTESIAN_POINT('',(-1.382408999775E-02,9.780609109708));
#754 = CARTESIAN_POINT('',(-4.764310354795E-02,9.765892391412));
#755 = CARTESIAN_POINT('',(-8.204194169993E-02,9.752506893935));
#756 = CARTESIAN_POINT('',(-0.117066735218,9.740381187296));
#757 = CARTESIAN_POINT('',(-0.152514935653,9.729507908633));
#758 = CARTESIAN_POINT('',(-0.188166100704,9.719871810209));
#759 = CARTESIAN_POINT('',(-0.224064760589,9.711390793999));
#760 = CARTESIAN_POINT('',(-0.260185615142,9.704000672812));
#761 = CARTESIAN_POINT('',(-0.296523571477,9.697632457085));
#762 = CARTESIAN_POINT('',(-0.333070502969,9.692218455908));
#763 = CARTESIAN_POINT('',(-0.369820295712,9.687690586136));
#764 = CARTESIAN_POINT('',(-0.406773976667,9.683981034901));
#765 = CARTESIAN_POINT('',(-0.443916158619,9.681021300472));
#766 = CARTESIAN_POINT('',(-0.481066092641,9.6787872578));
#767 = CARTESIAN_POINT('',(-0.518256551686,9.677233652811));
#768 = CARTESIAN_POINT('',(-0.55547548022,9.67631926438));
#769 = CARTESIAN_POINT('',(-0.592720894889,9.676002322174));
#770 = CARTESIAN_POINT('',(-0.629996537037,9.676239219735));
#771 = CARTESIAN_POINT('',(-0.667276284776,9.676994244315));
#772 = CARTESIAN_POINT('',(-0.704531241789,9.678257233185));
#773 = CARTESIAN_POINT('',(-0.729356035815,9.679424978798));
#774 = CARTESIAN_POINT('',(-0.741764932098,9.680087504169));
#775 = ( GEOMETRIC_REPRESENTATION_CONTEXT(2) 
PARAMETRIC_REPRESENTATION_CONTEXT() REPRESENTATION_CONTEXT('2D SPACE',''
  ) );
#776 = ORIENTED_EDGE('',*,*,#777,.F.);
#777 = EDGE_CURVE('',#778,#704,#780,.T.);
#778 = VERTEX_POINT('',#779);
#779 = CARTESIAN_POINT('',(-5.978813469778,-6.146453933654,
    -2.999999999883));
#780 = SURFACE_CURVE('',#781,(#786,#793),.PCURVE_S1.);
#781 = B_SPLINE_CURVE_WITH_KNOTS('',3,(#782,#783,#784,#785),
  .UNSPECIFIED.,.F.,.F.,(4,4),(0.100386528688,0.378587518699),
  .PIECEWISE_BEZIER_KNOTS.);
#782 = CARTESIAN_POINT('',(-5.978813482245,-6.146453907579,
    -3.00000000073));
#783 = CARTESIAN_POINT('',(-5.924345463827,-6.085264719782,
    -2.076231929708));
#784 = CARTESIAN_POINT('',(-5.869543345847,-6.02463862485,
    -1.152458492247));
#785 = CARTESIAN_POINT('',(-5.814508180993,-5.964388341834,
    -0.228681432409));
#786 = PCURVE('',#187,#787);
#787 = DEFINITIONAL_REPRESENTATION('',(#788),#792);
#788 = LINE('',#789,#790);
#789 = CARTESIAN_POINT('',(4.896389905907E-15,4.579669976579E-16));
#790 = VECTOR('',#791,1.);
#791 = DIRECTION('',(-1.049089525312E-14,1.));
#792 = ( GEOMETRIC_REPRESENTATION_CONTEXT(2) 
PARAMETRIC_REPRESENTATION_CONTEXT() REPRESENTATION_CONTEXT('2D SPACE',''
  ) );
#793 = PCURVE('',#794,#799);
#794 = CONICAL_SURFACE('',#795,2.789718885006,8.726646259972E-02);
#795 = AXIS2_PLACEMENT_3D('',#796,#797,#798);
#796 = CARTESIAN_POINT('',(-8.149178954109,-7.899178989645,-3.));
#797 = DIRECTION('',(0.,0.,1.));
#798 = DIRECTION('',(1.,0.,-0.));
#799 = DEFINITIONAL_REPRESENTATION('',(#800),#803);
#800 = B_SPLINE_CURVE_WITH_KNOTS('',1,(#801,#802),.UNSPECIFIED.,.F.,.F.,
  (2,2),(0.100386528688,0.378587518699),.PIECEWISE_BEZIER_KNOTS.);
#801 = CARTESIAN_POINT('',(0.679340628501,-1.419173440153E-10));
#802 = CARTESIAN_POINT('',(0.692010048903,2.771318567591));
#803 = ( GEOMETRIC_REPRESENTATION_CONTEXT(2) 
PARAMETRIC_REPRESENTATION_CONTEXT() REPRESENTATION_CONTEXT('2D SPACE',''
  ) );
#804 = ORIENTED_EDGE('',*,*,#805,.F.);
#805 = EDGE_CURVE('',#806,#778,#808,.T.);
#806 = VERTEX_POINT('',#807);
#807 = CARTESIAN_POINT('',(-6.052155762526,-7.4848724751,-2.999999999994
    ));
#808 = SURFACE_CURVE('',#809,(#850,#923),.PCURVE_S1.);
#809 = B_SPLINE_CURVE_WITH_KNOTS('',3,(#810,#811,#812,#813,#814,#815,
    #816,#817,#818,#819,#820,#821,#822,#823,#824,#825,#826,#827,#828,
    #829,#830,#831,#832,#833,#834,#835,#836,#837,#838,#839,#840,#841,
    #842,#843,#844,#845,#846,#847,#848,#849),.UNSPECIFIED.,.F.,.F.,(4,3,
    3,3,3,3,3,3,3,3,3,3,3,4),(0.,1.324890871183E-02,2.668261302958E-02,
    3.936255589584E-02,5.276137414224E-02,6.320048720523E-02,
    7.665089290627E-02,7.86449764318E-02,9.198203236273E-02,
    0.10541786716,0.112958300675,0.126399211113,0.139532731581,
    0.147241708511),.UNSPECIFIED.);
#810 = CARTESIAN_POINT('',(-6.052155762526,-7.484872475101,-3.));
#811 = CARTESIAN_POINT('',(-6.020927785215,-7.45364449779,-3.));
#812 = CARTESIAN_POINT('',(-5.991900137568,-7.42039126477,
    -3.000001355419));
#813 = CARTESIAN_POINT('',(-5.965171909882,-7.385415889276,
    -3.000003799132));
#814 = CARTESIAN_POINT('',(-5.938070877224,-7.349952677701,
    -3.000006276931));
#815 = CARTESIAN_POINT('',(-5.913333217969,-7.312717966159,
    -3.000009974391));
#816 = CARTESIAN_POINT('',(-5.891101373536,-7.273991605168,
    -3.000014426267));
#817 = CARTESIAN_POINT('',(-5.870116951775,-7.237438169633,
    -3.00001862835));
#818 = CARTESIAN_POINT('',(-5.851364936012,-7.199554741192,
    -3.000023573259));
#819 = CARTESIAN_POINT('',(-5.835004230165,-7.16055982698,
    -3.000027484008));
#820 = CARTESIAN_POINT('',(-5.817715972138,-7.119354139102,
    -3.000031616472));
#821 = CARTESIAN_POINT('',(-5.803207775012,-7.077170213237,
    -3.000034796814));
#822 = CARTESIAN_POINT('',(-5.791610173331,-7.034288896288,
    -3.000033390988));
#823 = CARTESIAN_POINT('',(-5.7825744007,-7.000879762162,-3.000032295699
    ));
#824 = CARTESIAN_POINT('',(-5.775306121068,-6.967046495262,
    -3.000028421061));
#825 = CARTESIAN_POINT('',(-5.769887710054,-6.932914452143,
    -3.000019228748));
#826 = CARTESIAN_POINT('',(-5.762906290661,-6.888936594581,
    -3.000007384799));
#827 = CARTESIAN_POINT('',(-5.758994272639,-6.844462030948,
    -2.999986857663));
#828 = CARTESIAN_POINT('',(-5.758086620458,-6.799774008622,
    -2.999966286926));
#829 = CARTESIAN_POINT('',(-5.757952056914,-6.793148807041,
    -2.999963237221));
#830 = CARTESIAN_POINT('',(-5.757883620017,-6.786518924529,
    -2.999960180135));
#831 = CARTESIAN_POINT('',(-5.757881193371,-6.779885300303,
    -2.999957136867));
#832 = CARTESIAN_POINT('',(-5.757864963206,-6.735517541283,
    -2.999936782539));
#833 = CARTESIAN_POINT('',(-5.760797384384,-6.691251108132,
    -2.999917658423));
#834 = CARTESIAN_POINT('',(-5.766566923072,-6.647364321609,
    -2.999904702777));
#835 = CARTESIAN_POINT('',(-5.772379192966,-6.60315249431,
    -2.999891651177));
#836 = CARTESIAN_POINT('',(-5.781070985736,-6.559324818928,
    -2.999884916675));
#837 = CARTESIAN_POINT('',(-5.792580069484,-6.51617037345,
    -2.999886043421));
#838 = CARTESIAN_POINT('',(-5.79903917546,-6.491951318071,
    -2.999886675771));
#839 = CARTESIAN_POINT('',(-5.806386540878,-6.467944483956,
    -2.99988971656));
#840 = CARTESIAN_POINT('',(-5.814617844209,-6.444203658465,
    -2.999894855879));
#841 = CARTESIAN_POINT('',(-5.829290238129,-6.401885360917,
    -2.999904016773));
#842 = CARTESIAN_POINT('',(-5.846683004895,-6.360657820333,
    -2.999920128956));
#843 = CARTESIAN_POINT('',(-5.866714016495,-6.320804408776,
    -2.999938135382));
#844 = CARTESIAN_POINT('',(-5.886286924302,-6.281862433914,
    -2.999955730005));
#845 = CARTESIAN_POINT('',(-5.908379228047,-6.244231472855,
    -2.999975166751));
#846 = CARTESIAN_POINT('',(-5.932958564854,-6.208195934603,
    -2.999987726599));
#847 = CARTESIAN_POINT('',(-5.947385887738,-6.187044170025,
    -2.999995098848));
#848 = CARTESIAN_POINT('',(-5.962670878134,-6.166442532038,
    -3.000000023856));
#849 = CARTESIAN_POINT('',(-5.978813482216,-6.146453907546,
    -3.000000000237));
#850 = PCURVE('',#187,#851);
#851 = DEFINITIONAL_REPRESENTATION('',(#852),#922);
#852 = B_SPLINE_CURVE_WITH_KNOTS('',3,(#853,#854,#855,#856,#857,#858,
    #859,#860,#861,#862,#863,#864,#865,#866,#867,#868,#869,#870,#871,
    #872,#873,#874,#875,#876,#877,#878,#879,#880,#881,#882,#883,#884,
    #885,#886,#887,#888,#889,#890,#891,#892,#893,#894,#895,#896,#897,
    #898,#899,#900,#901,#902,#903,#904,#905,#906,#907,#908,#909,#910,
    #911,#912,#913,#914,#915,#916,#917,#918,#919,#920,#921),
  .UNSPECIFIED.,.F.,.F.,(4,1,1,1,1,1,1,1,1,1,1,1,1,1,1,1,1,1,1,1,1,1,1,1
    ,1,1,1,1,1,1,1,1,1,1,1,1,1,1,1,1,1,1,1,1,1,1,1,1,1,1,1,1,1,1,1,1,1,1
    ,1,1,1,1,1,1,1,1,4),(0.,2.230934977434E-03,4.461869954868E-03,
    6.692804932303E-03,8.923739909737E-03,1.115467488717E-02,
    1.338560986461E-02,1.561654484204E-02,1.784747981947E-02,
    2.007841479691E-02,2.230934977434E-02,2.454028475178E-02,
    2.677121972921E-02,2.900215470664E-02,3.123308968408E-02,
    3.346402466151E-02,3.569495963895E-02,3.792589461638E-02,
    4.015682959382E-02,4.238776457125E-02,4.461869954868E-02,
    4.684963452612E-02,4.908056950355E-02,5.131150448099E-02,
    5.354243945842E-02,5.577337443586E-02,5.800430941329E-02,
    6.023524439072E-02,6.246617936816E-02,6.469711434559E-02,
    6.692804932303E-02,6.915898430046E-02,7.138991927789E-02,
    7.362085425533E-02,7.585178923276E-02,7.80827242102E-02,
    8.031365918763E-02,8.254459416507E-02,8.47755291425E-02,
    8.700646411993E-02,8.923739909737E-02,9.14683340748E-02,
    9.369926905224E-02,9.593020402967E-02,9.816113900711E-02,
    0.100392073985,0.102623008962,0.104853943939,0.107084878917,
    0.109315813894,0.111546748872,0.113777683849,0.116008618827,
    0.118239553804,0.120470488781,0.122701423759,0.124932358736,
    0.127163293714,0.129394228691,0.131625163669,0.133856098646,
    0.136087033623,0.138317968601,0.140548903578,0.142779838556,
    0.145010773533,0.147241708511),.QUASI_UNIFORM_KNOTS.);
#853 = CARTESIAN_POINT('',(1.,9.163728418288E-02));
#854 = CARTESIAN_POINT('',(0.994942395113,9.17024636764E-02));
#855 = CARTESIAN_POINT('',(0.984832573786,9.183275333447E-02));
#856 = CARTESIAN_POINT('',(0.969682110383,9.202790919116E-02));
#857 = CARTESIAN_POINT('',(0.954544010251,9.222271577358E-02));
#858 = CARTESIAN_POINT('',(0.939416398044,9.241710243875E-02));
#859 = CARTESIAN_POINT('',(0.924297421164,9.261099854428E-02));
#860 = CARTESIAN_POINT('',(0.909185303617,9.280433344859E-02));
#861 = CARTESIAN_POINT('',(0.894078194406,9.299703651038E-02));
#862 = CARTESIAN_POINT('',(0.878974194924,9.318903708541E-02));
#863 = CARTESIAN_POINT('',(0.863871470896,9.338026452958E-02));
#864 = CARTESIAN_POINT('',(0.848768157999,9.357064820206E-02));
#865 = CARTESIAN_POINT('',(0.833662390345,9.376011745281E-02));
#866 = CARTESIAN_POINT('',(0.818552331172,9.394860166894E-02));
#867 = CARTESIAN_POINT('',(0.803436069965,9.413603010123E-02));
#868 = CARTESIAN_POINT('',(0.788311757737,9.432233250699E-02));
#869 = CARTESIAN_POINT('',(0.773177729333,9.450743674476E-02));
#870 = CARTESIAN_POINT('',(0.758031660831,9.469127776309E-02));
#871 = CARTESIAN_POINT('',(0.742873420113,9.48737640526E-02));
#872 = CARTESIAN_POINT('',(0.727694556019,9.505490284821E-02));
#873 = CARTESIAN_POINT('',(0.712529796201,9.523418591761E-02));
#874 = CARTESIAN_POINT('',(0.697378149669,9.541154269592E-02));
#875 = CARTESIAN_POINT('',(0.682237469768,9.558691528723E-02));
#876 = CARTESIAN_POINT('',(0.66710594726,9.576024240133E-02));
#877 = CARTESIAN_POINT('',(0.651981709165,9.593146365773E-02));
#878 = CARTESIAN_POINT('',(0.63686298043,9.610051843285E-02));
#879 = CARTESIAN_POINT('',(0.621747845401,9.626734616768E-02));
#880 = CARTESIAN_POINT('',(0.606634437781,9.643188628503E-02));
#881 = CARTESIAN_POINT('',(0.591520890286,9.659407821323E-02));
#882 = CARTESIAN_POINT('',(0.576405334393,9.675386137788E-02));
#883 = CARTESIAN_POINT('',(0.561285890261,9.691117521201E-02));
#884 = CARTESIAN_POINT('',(0.546160654197,9.706595912437E-02));
#885 = CARTESIAN_POINT('',(0.531027842106,9.721815261037E-02));
#886 = CARTESIAN_POINT('',(0.515885625011,9.736769483935E-02));
#887 = CARTESIAN_POINT('',(0.500732025688,9.751452619923E-02));
#888 = CARTESIAN_POINT('',(0.485565517689,9.765858253197E-02));
#889 = CARTESIAN_POINT('',(0.470382789219,9.779981664759E-02));
#890 = CARTESIAN_POINT('',(0.455187239953,9.793811803062E-02));
#891 = CARTESIAN_POINT('',(0.440009212023,9.807314089014E-02));
#892 = CARTESIAN_POINT('',(0.424839717892,9.820490893024E-02));
#893 = CARTESIAN_POINT('',(0.409678749323,9.833336149803E-02));
#894 = CARTESIAN_POINT('',(0.394523915504,9.845846054426E-02));
#895 = CARTESIAN_POINT('',(0.379373506773,9.858016196317E-02));
#896 = CARTESIAN_POINT('',(0.364225656197,9.869842327119E-02));
#897 = CARTESIAN_POINT('',(0.349078420751,9.881320155079E-02));
#898 = CARTESIAN_POINT('',(0.333929968006,9.892445399768E-02));
#899 = CARTESIAN_POINT('',(0.318778411526,9.903213779101E-02));
#900 = CARTESIAN_POINT('',(0.303621871019,9.913621006365E-02));
#901 = CARTESIAN_POINT('',(0.288458424961,9.92366281491E-02));
#902 = CARTESIAN_POINT('',(0.273286288539,9.933334862207E-02));
#903 = CARTESIAN_POINT('',(0.258103184799,9.942633088981E-02));
#904 = CARTESIAN_POINT('',(0.242908819409,9.951552379454E-02));
#905 = CARTESIAN_POINT('',(0.227695458139,9.960091560505E-02));
#906 = CARTESIAN_POINT('',(0.212494836041,9.968228143777E-02));
#907 = CARTESIAN_POINT('',(0.197305479418,9.975960080728E-02));
#908 = CARTESIAN_POINT('',(0.182125356262,9.983285335541E-02));
#909 = CARTESIAN_POINT('',(0.166952606432,9.990201868883E-02));
#910 = CARTESIAN_POINT('',(0.151785344804,9.996707642261E-02));
#911 = CARTESIAN_POINT('',(0.136621768423,0.100028006168));
#912 = CARTESIAN_POINT('',(0.12145992945,0.100084787537));
#913 = CARTESIAN_POINT('',(0.106297969488,0.100137400148));
#914 = CARTESIAN_POINT('',(9.113401433923E-02,0.100185823613));
#915 = CARTESIAN_POINT('',(7.596617178517E-02,0.100230037548));
#916 = CARTESIAN_POINT('',(6.079254525334E-02,0.100270021565));
#917 = CARTESIAN_POINT('',(4.561124339554E-02,0.100305755275));
#918 = CARTESIAN_POINT('',(3.042038262993E-02,0.100337218293));
#919 = CARTESIAN_POINT('',(1.521811389649E-02,0.100364390235));
#920 = CARTESIAN_POINT('',(5.074393523985E-03,0.100379630554));
#921 = CARTESIAN_POINT('',(0.,0.100386528738));
#922 = ( GEOMETRIC_REPRESENTATION_CONTEXT(2) 
PARAMETRIC_REPRESENTATION_CONTEXT() REPRESENTATION_CONTEXT('2D SPACE',''
  ) );
#923 = PCURVE('',#924,#929);
#924 = PLANE('',#925);
#925 = AXIS2_PLACEMENT_3D('',#926,#927,#928);
#926 = CARTESIAN_POINT('',(-7.557602551495,-7.307602568046,-3.));
#927 = DIRECTION('',(0.,0.,-1.));
#928 = DIRECTION('',(1.,0.,0.));
#929 = DEFINITIONAL_REPRESENTATION('',(#930),#971);
#930 = B_SPLINE_CURVE_WITH_KNOTS('',3,(#931,#932,#933,#934,#935,#936,
    #937,#938,#939,#940,#941,#942,#943,#944,#945,#946,#947,#948,#949,
    #950,#951,#952,#953,#954,#955,#956,#957,#958,#959,#960,#961,#962,
    #963,#964,#965,#966,#967,#968,#969,#970),.UNSPECIFIED.,.F.,.F.,(4,3,
    3,3,3,3,3,3,3,3,3,3,3,4),(0.,1.324890871183E-02,2.668261302958E-02,
    3.936255589584E-02,5.276137414224E-02,6.320048720523E-02,
    7.665089290627E-02,7.86449764318E-02,9.198203236273E-02,
    0.10541786716,0.112958300675,0.126399211113,0.139532731581,
    0.147241708511),.UNSPECIFIED.);
#931 = CARTESIAN_POINT('',(1.505446788969,0.177269907055));
#932 = CARTESIAN_POINT('',(1.53667476628,0.146041929744));
#933 = CARTESIAN_POINT('',(1.565702413927,0.112788696725));
#934 = CARTESIAN_POINT('',(1.592430641613,7.78133212305E-02));
#935 = CARTESIAN_POINT('',(1.619531674271,4.23501096552E-02));
#936 = CARTESIAN_POINT('',(1.644269333526,5.115398113499E-03));
#937 = CARTESIAN_POINT('',(1.666501177959,-3.36109628774E-02));
#938 = CARTESIAN_POINT('',(1.68748559972,-7.0164398413E-02));
#939 = CARTESIAN_POINT('',(1.706237615483,-0.108047826854));
#940 = CARTESIAN_POINT('',(1.72259832133,-0.147042741066));
#941 = CARTESIAN_POINT('',(1.739886579357,-0.188248428944));
#942 = CARTESIAN_POINT('',(1.754394776483,-0.230432354808));
#943 = CARTESIAN_POINT('',(1.765992378164,-0.273313671758));
#944 = CARTESIAN_POINT('',(1.775028150795,-0.306722805884));
#945 = CARTESIAN_POINT('',(1.782296430427,-0.340556072784));
#946 = CARTESIAN_POINT('',(1.787714841441,-0.374688115903));
#947 = CARTESIAN_POINT('',(1.794696260834,-0.418665973465));
#948 = CARTESIAN_POINT('',(1.798608278856,-0.463140537098));
#949 = CARTESIAN_POINT('',(1.799515931037,-0.507828559424));
#950 = CARTESIAN_POINT('',(1.799650494581,-0.514453761004));
#951 = CARTESIAN_POINT('',(1.799718931478,-0.521083643517));
#952 = CARTESIAN_POINT('',(1.799721358124,-0.527717267743));
#953 = CARTESIAN_POINT('',(1.799737588289,-0.572085026763));
#954 = CARTESIAN_POINT('',(1.796805167111,-0.616351459914));
#955 = CARTESIAN_POINT('',(1.791035628423,-0.660238246437));
#956 = CARTESIAN_POINT('',(1.785223358529,-0.704450073735));
#957 = CARTESIAN_POINT('',(1.776531565759,-0.748277749118));
#958 = CARTESIAN_POINT('',(1.765022482011,-0.791432194596));
#959 = CARTESIAN_POINT('',(1.758563376035,-0.815651249975));
#960 = CARTESIAN_POINT('',(1.751216010617,-0.83965808409));
#961 = CARTESIAN_POINT('',(1.742984707286,-0.86339890958));
#962 = CARTESIAN_POINT('',(1.728312313366,-0.905717207129));
#963 = CARTESIAN_POINT('',(1.7109195466,-0.946944747713));
#964 = CARTESIAN_POINT('',(1.690888535,-0.98679815927));
#965 = CARTESIAN_POINT('',(1.671315627193,-1.025740134132));
#966 = CARTESIAN_POINT('',(1.649223323448,-1.06337109519));
#967 = CARTESIAN_POINT('',(1.624643986641,-1.099406633442));
#968 = CARTESIAN_POINT('',(1.610216663757,-1.120558398021));
#969 = CARTESIAN_POINT('',(1.594931673361,-1.141160036008));
#970 = CARTESIAN_POINT('',(1.578789069279,-1.161148660499));
#971 = ( GEOMETRIC_REPRESENTATION_CONTEXT(2) 
PARAMETRIC_REPRESENTATION_CONTEXT() REPRESENTATION_CONTEXT('2D SPACE',''
  ) );
#972 = ORIENTED_EDGE('',*,*,#973,.F.);
#973 = EDGE_CURVE('',#655,#806,#974,.T.);
#974 = SURFACE_CURVE('',#975,(#980,#987),.PCURVE_S1.);
#975 = B_SPLINE_CURVE_WITH_KNOTS('',3,(#976,#977,#978,#979),
  .UNSPECIFIED.,.F.,.F.,(4,4),(-0.242216344893,-9.163728418288E-02),
  .PIECEWISE_BEZIER_KNOTS.);
#976 = CARTESIAN_POINT('',(-5.95886750523,-7.391584217805,
    -1.500000015537));
#977 = CARTESIAN_POINT('',(-5.989952303573,-7.422669016148,
    -2.000001414222));
#978 = CARTESIAN_POINT('',(-6.021047650487,-7.453764363062,
    -2.500001501228));
#979 = CARTESIAN_POINT('',(-6.052155762526,-7.484872475101,-3.));
#980 = PCURVE('',#187,#981);
#981 = DEFINITIONAL_REPRESENTATION('',(#982),#986);
#982 = LINE('',#983,#984);
#983 = CARTESIAN_POINT('',(1.,5.551115123126E-17));
#984 = VECTOR('',#985,1.);
#985 = DIRECTION('',(1.356636411248E-13,-1.));
#986 = ( GEOMETRIC_REPRESENTATION_CONTEXT(2) 
PARAMETRIC_REPRESENTATION_CONTEXT() REPRESENTATION_CONTEXT('2D SPACE',''
  ) );
#987 = PCURVE('',#988,#993);
#988 = PLANE('',#989);
#989 = AXIS2_PLACEMENT_3D('',#990,#991,#992);
#990 = CARTESIAN_POINT('',(-6.742864374856,-8.175581087431,-3.));
#991 = DIRECTION('',(0.707106781187,-0.707106781187,0.));
#992 = DIRECTION('',(0.707106781187,0.707106781187,0.));
#993 = DEFINITIONAL_REPRESENTATION('',(#994),#999);
#994 = B_SPLINE_CURVE_WITH_KNOTS('',3,(#995,#996,#997,#998),
  .UNSPECIFIED.,.F.,.F.,(4,4),(-0.242216344893,-9.163728418288E-02),
  .PIECEWISE_BEZIER_KNOTS.);
#995 = CARTESIAN_POINT('',(1.108739005883,1.499999984463));
#996 = CARTESIAN_POINT('',(1.064778462482,0.999998585778));
#997 = CARTESIAN_POINT('',(1.020803001151,0.499998498772));
#998 = CARTESIAN_POINT('',(0.976809487204,0.));
#999 = ( GEOMETRIC_REPRESENTATION_CONTEXT(2) 
PARAMETRIC_REPRESENTATION_CONTEXT() REPRESENTATION_CONTEXT('2D SPACE',''
  ) );
#1000 = ORIENTED_EDGE('',*,*,#676,.T.);
#1001 = ORIENTED_EDGE('',*,*,#172,.T.);
#1002 = ORIENTED_EDGE('',*,*,#422,.F.);
#1003 = ADVANCED_FACE('',(#1004),#235,.F.);
#1004 = FACE_BOUND('',#1005,.F.);
#1005 = EDGE_LOOP('',(#1006,#1036,#1171,#1199,#1226,#1271,#1272,#1273,
    #1347,#1399));
#1006 = ORIENTED_EDGE('',*,*,#1007,.F.);
#1007 = EDGE_CURVE('',#1008,#1010,#1012,.T.);
#1008 = VERTEX_POINT('',#1009);
#1009 = CARTESIAN_POINT('',(3.027468458945,-5.327939069668,0.));
#1010 = VERTEX_POINT('',#1011);
#1011 = CARTESIAN_POINT('',(5.577939069668,-5.327939069668,0.));
#1012 = SURFACE_CURVE('',#1013,(#1017,#1024),.PCURVE_S1.);
#1013 = LINE('',#1014,#1015);
#1014 = CARTESIAN_POINT('',(4.,-5.327939069668,0.));
#1015 = VECTOR('',#1016,1.);
#1016 = DIRECTION('',(1.,0.,0.));
#1017 = PCURVE('',#235,#1018);
#1018 = DEFINITIONAL_REPRESENTATION('',(#1019),#1023);
#1019 = LINE('',#1020,#1021);
#1020 = CARTESIAN_POINT('',(0.741764932098,0.));
#1021 = VECTOR('',#1022,1.);
#1022 = DIRECTION('',(0.,-1.));
#1023 = ( GEOMETRIC_REPRESENTATION_CONTEXT(2) 
PARAMETRIC_REPRESENTATION_CONTEXT() REPRESENTATION_CONTEXT('2D SPACE',''
  ) );
#1024 = PCURVE('',#1025,#1030);
#1025 = PLANE('',#1026);
#1026 = AXIS2_PLACEMENT_3D('',#1027,#1028,#1029);
#1027 = CARTESIAN_POINT('',(0.,0.,0.));
#1028 = DIRECTION('',(0.,0.,1.));
#1029 = DIRECTION('',(1.,0.,-0.));
#1030 = DEFINITIONAL_REPRESENTATION('',(#1031),#1035);
#1031 = LINE('',#1032,#1033);
#1032 = CARTESIAN_POINT('',(4.,-5.327939069668));
#1033 = VECTOR('',#1034,1.);
#1034 = DIRECTION('',(1.,0.));
#1035 = ( GEOMETRIC_REPRESENTATION_CONTEXT(2) 
PARAMETRIC_REPRESENTATION_CONTEXT() REPRESENTATION_CONTEXT('2D SPACE',''
  ) );
#1036 = ORIENTED_EDGE('',*,*,#1037,.T.);
#1037 = EDGE_CURVE('',#1008,#1038,#1040,.T.);
#1038 = VERTEX_POINT('',#1039);
#1039 = CARTESIAN_POINT('',(-3.027468458946,-5.327939069668,0.));
#1040 = SURFACE_CURVE('',#1041,(#1064,#1115),.PCURVE_S1.);
#1041 = B_SPLINE_CURVE_WITH_KNOTS('',3,(#1042,#1043,#1044,#1045,#1046,
    #1047,#1048,#1049,#1050,#1051,#1052,#1053,#1054,#1055,#1056,#1057,
    #1058,#1059,#1060,#1061,#1062,#1063),.UNSPECIFIED.,.F.,.F.,(4,2,2,2,
    2,2,2,2,2,2,4),(0.325721736693,0.331542862326,0.36743916938,
    0.403335476434,0.475128090541,0.618713318757,0.762298546972,
    0.834091161079,0.869987468133,0.905883775187,0.91170490082),
  .UNSPECIFIED.);
#1042 = CARTESIAN_POINT('',(3.027468458945,-5.327939069668,0.));
#1043 = CARTESIAN_POINT('',(3.009198611362,-5.338320454775,
    -7.203532983243E-19));
#1044 = CARTESIAN_POINT('',(2.990530985287,-5.347554049193,
    -1.598385186754E-04));
#1045 = CARTESIAN_POINT('',(2.864064152055,-5.40535315097,
    -1.760336295598E-03));
#1046 = CARTESIAN_POINT('',(2.749228012374,-5.436261454076,
    -5.491750651719E-03));
#1047 = CARTESIAN_POINT('',(2.514627776221,-5.49157839129,
    -1.308531829316E-02));
#1048 = CARTESIAN_POINT('',(2.394393597356,-5.513932541644,
    -1.724169378693E-02));
#1049 = CARTESIAN_POINT('',(2.026574054929,-5.572517682161,
    -2.955895060171E-02));
#1050 = CARTESIAN_POINT('',(1.772732344559,-5.60015886369,
    -3.750928307075E-02));
#1051 = CARTESIAN_POINT('',(1.001756612372,-5.663764144881,
    -5.703197079302E-02));
#1052 = CARTESIAN_POINT('',(0.478617427384,-5.679344956099,
    -6.377678784301E-02));
#1053 = CARTESIAN_POINT('',(-0.478617427384,-5.679344956099,
    -6.377678784301E-02));
#1054 = CARTESIAN_POINT('',(-1.001756612372,-5.663764144881,
    -5.703197079302E-02));
#1055 = CARTESIAN_POINT('',(-1.772732344559,-5.60015886369,
    -3.750928307075E-02));
#1056 = CARTESIAN_POINT('',(-2.026574054929,-5.572517682161,
    -2.955895060171E-02));
#1057 = CARTESIAN_POINT('',(-2.394393597356,-5.513932541644,
    -1.724169378693E-02));
#1058 = CARTESIAN_POINT('',(-2.514627776221,-5.49157839129,
    -1.308531829316E-02));
#1059 = CARTESIAN_POINT('',(-2.749228012374,-5.436261454076,
    -5.491750651719E-03));
#1060 = CARTESIAN_POINT('',(-2.864064152055,-5.40535315097,
    -1.760336295598E-03));
#1061 = CARTESIAN_POINT('',(-2.990530985287,-5.347554049193,
    -1.598385186754E-04));
#1062 = CARTESIAN_POINT('',(-3.009198611362,-5.338320454775,
    -7.203532983243E-19));
#1063 = CARTESIAN_POINT('',(-3.027468458946,-5.327939069668,0.));
#1064 = PCURVE('',#235,#1065);
#1065 = DEFINITIONAL_REPRESENTATION('',(#1066),#1114);
#1066 = B_SPLINE_CURVE_WITH_KNOTS('',3,(#1067,#1068,#1069,#1070,#1071,
    #1072,#1073,#1074,#1075,#1076,#1077,#1078,#1079,#1080,#1081,#1082,
    #1083,#1084,#1085,#1086,#1087,#1088,#1089,#1090,#1091,#1092,#1093,
    #1094,#1095,#1096,#1097,#1098,#1099,#1100,#1101,#1102,#1103,#1104,
    #1105,#1106,#1107,#1108,#1109,#1110,#1111,#1112,#1113),
  .UNSPECIFIED.,.F.,.F.,(4,1,1,1,1,1,1,1,1,1,1,1,1,1,1,1,1,1,1,1,1,1,1,1
    ,1,1,1,1,1,1,1,1,1,1,1,1,1,1,1,1,1,1,1,1,4),(0.325721736693,
    0.339039535877,0.352357335062,0.365675134247,0.378992933432,
    0.392310732616,0.405628531801,0.418946330986,0.43226413017,
    0.445581929355,0.45889972854,0.472217527725,0.485535326909,
    0.498853126094,0.512170925279,0.525488724463,0.538806523648,
    0.552124322833,0.565442122018,0.578759921202,0.592077720387,
    0.605395519572,0.618713318757,0.632031117941,0.645348917126,
    0.658666716311,0.671984515495,0.68530231468,0.698620113865,
    0.71193791305,0.725255712234,0.738573511419,0.751891310604,
    0.765209109789,0.778526908973,0.791844708158,0.805162507343,
    0.818480306527,0.831798105712,0.845115904897,0.858433704082,
    0.871751503266,0.885069302451,0.898387101636,0.91170490082),
  .UNSPECIFIED.);
#1067 = CARTESIAN_POINT('',(0.741764932098,0.972531541055));
#1068 = CARTESIAN_POINT('',(0.71971843108,1.013449912022));
#1069 = CARTESIAN_POINT('',(0.682738468015,1.095707614658));
#1070 = CARTESIAN_POINT('',(0.642158118141,1.22114473897));
#1071 = CARTESIAN_POINT('',(0.608888239721,1.350450336162));
#1072 = CARTESIAN_POINT('',(0.579303313259,1.481836558803));
#1073 = CARTESIAN_POINT('',(0.553536949039,1.61558135931));
#1074 = CARTESIAN_POINT('',(0.530601680108,1.751436087199));
#1075 = CARTESIAN_POINT('',(0.509924236535,1.889086998955));
#1076 = CARTESIAN_POINT('',(0.49135633335,2.02825978362));
#1077 = CARTESIAN_POINT('',(0.474706695401,2.168762511337));
#1078 = CARTESIAN_POINT('',(0.459799458206,2.310378226778));
#1079 = CARTESIAN_POINT('',(0.446458176545,2.452907695396));
#1080 = CARTESIAN_POINT('',(0.43451420349,2.596105824994));
#1081 = CARTESIAN_POINT('',(0.423955733709,2.739544917742));
#1082 = CARTESIAN_POINT('',(0.414722952152,2.883007014884));
#1083 = CARTESIAN_POINT('',(0.406766733848,3.026224745646));
#1084 = CARTESIAN_POINT('',(0.400035259636,3.168943639082));
#1085 = CARTESIAN_POINT('',(0.394477825372,3.310907036948));
#1086 = CARTESIAN_POINT('',(0.39004392477,3.451854130363));
#1087 = CARTESIAN_POINT('',(0.386683502612,3.591542900297));
#1088 = CARTESIAN_POINT('',(0.384346819375,3.729660318952));
#1089 = CARTESIAN_POINT('',(0.382984362831,3.866158603751));
#1090 = CARTESIAN_POINT('',(0.382546708887,4.));
#1091 = CARTESIAN_POINT('',(0.382984362831,4.133841396249));
#1092 = CARTESIAN_POINT('',(0.384346819375,4.270339681048));
#1093 = CARTESIAN_POINT('',(0.386683502612,4.408457099703));
#1094 = CARTESIAN_POINT('',(0.39004392477,4.548145869637));
#1095 = CARTESIAN_POINT('',(0.394477825372,4.689092963052));
#1096 = CARTESIAN_POINT('',(0.400035259636,4.831056360918));
#1097 = CARTESIAN_POINT('',(0.406766733848,4.973775254354));
#1098 = CARTESIAN_POINT('',(0.414722952152,5.116992985116));
#1099 = CARTESIAN_POINT('',(0.423955733709,5.260455082258));
#1100 = CARTESIAN_POINT('',(0.43451420349,5.403894175006));
#1101 = CARTESIAN_POINT('',(0.446458176545,5.547092304604));
#1102 = CARTESIAN_POINT('',(0.459799458206,5.689621773222));
#1103 = CARTESIAN_POINT('',(0.474706695401,5.831237488663));
#1104 = CARTESIAN_POINT('',(0.49135633335,5.97174021638));
#1105 = CARTESIAN_POINT('',(0.509924236535,6.110913001045));
#1106 = CARTESIAN_POINT('',(0.530601680108,6.248563912801));
#1107 = CARTESIAN_POINT('',(0.553536949039,6.38441864069));
#1108 = CARTESIAN_POINT('',(0.579303313259,6.518163441197));
#1109 = CARTESIAN_POINT('',(0.608888239721,6.649549663838));
#1110 = CARTESIAN_POINT('',(0.642158118141,6.77885526103));
#1111 = CARTESIAN_POINT('',(0.682738468015,6.904292385342));
#1112 = CARTESIAN_POINT('',(0.71971843108,6.986550087978));
#1113 = CARTESIAN_POINT('',(0.741764932098,7.027468458946));
#1114 = ( GEOMETRIC_REPRESENTATION_CONTEXT(2) 
PARAMETRIC_REPRESENTATION_CONTEXT() REPRESENTATION_CONTEXT('2D SPACE',''
  ) );
#1115 = PCURVE('',#1116,#1121);
#1116 = SPHERICAL_SURFACE('',#1117,41.95);
#1117 = AXIS2_PLACEMENT_3D('',#1118,#1119,#1120);
#1118 = CARTESIAN_POINT('',(0.,0.,41.5));
#1119 = DIRECTION('',(4.234462072468E-17,0.,1.));
#1120 = DIRECTION('',(1.,0.,-4.234462072468E-17));
#1121 = DEFINITIONAL_REPRESENTATION('',(#1122),#1170);
#1122 = B_SPLINE_CURVE_WITH_KNOTS('',3,(#1123,#1124,#1125,#1126,#1127,
    #1128,#1129,#1130,#1131,#1132,#1133,#1134,#1135,#1136,#1137,#1138,
    #1139,#1140,#1141,#1142,#1143,#1144,#1145,#1146,#1147,#1148,#1149,
    #1150,#1151,#1152,#1153,#1154,#1155,#1156,#1157,#1158,#1159,#1160,
    #1161,#1162,#1163,#1164,#1165,#1166,#1167,#1168,#1169),
  .UNSPECIFIED.,.F.,.F.,(4,1,1,1,1,1,1,1,1,1,1,1,1,1,1,1,1,1,1,1,1,1,1,1
    ,1,1,1,1,1,1,1,1,1,1,1,1,1,1,1,1,1,1,1,1,4),(0.325721736693,
    0.339039535877,0.352357335062,0.365675134247,0.378992933432,
    0.392310732616,0.405628531801,0.418946330986,0.43226413017,
    0.445581929355,0.45889972854,0.472217527725,0.485535326909,
    0.498853126094,0.512170925279,0.525488724463,0.538806523648,
    0.552124322833,0.565442122018,0.578759921202,0.592077720387,
    0.605395519572,0.618713318757,0.632031117941,0.645348917126,
    0.658666716311,0.671984515495,0.68530231468,0.698620113865,
    0.71193791305,0.725255712234,0.738573511419,0.751891310604,
    0.765209109789,0.778526908973,0.791844708158,0.805162507343,
    0.818480306527,0.831798105712,0.845115904897,0.858433704082,
    0.871751503266,0.885069302451,0.898387101636,0.91170490082),
  .UNSPECIFIED.);
#1123 = CARTESIAN_POINT('',(-1.054068505259,-1.424192852362));
#1124 = CARTESIAN_POINT('',(-1.061645681759,-1.424217215895));
#1125 = CARTESIAN_POINT('',(-1.076315382736,-1.424397967918));
#1126 = CARTESIAN_POINT('',(-1.097561463138,-1.424940043866));
#1127 = CARTESIAN_POINT('',(-1.119003098442,-1.425618505477));
#1128 = CARTESIAN_POINT('',(-1.140689421267,-1.426331814007));
#1129 = CARTESIAN_POINT('',(-1.162681573064,-1.427084912491));
#1130 = CARTESIAN_POINT('',(-1.185039006688,-1.427850966413));
#1131 = CARTESIAN_POINT('',(-1.207770001979,-1.428611265554));
#1132 = CARTESIAN_POINT('',(-1.230853909735,-1.429357556526));
#1133 = CARTESIAN_POINT('',(-1.254280982718,-1.430081494973));
#1134 = CARTESIAN_POINT('',(-1.278031573862,-1.43077497102));
#1135 = CARTESIAN_POINT('',(-1.302083799692,-1.431430194354));
#1136 = CARTESIAN_POINT('',(-1.326402619105,-1.432039296248));
#1137 = CARTESIAN_POINT('',(-1.350909960182,-1.432597839384));
#1138 = CARTESIAN_POINT('',(-1.375560787336,-1.433102617244));
#1139 = CARTESIAN_POINT('',(-1.400298456727,-1.433550837011));
#1140 = CARTESIAN_POINT('',(-1.425065906726,-1.433940363639));
#1141 = CARTESIAN_POINT('',(-1.449803506623,-1.434269678805));
#1142 = CARTESIAN_POINT('',(-1.474449198994,-1.434537908334));
#1143 = CARTESIAN_POINT('',(-1.498943076821,-1.434744822681));
#1144 = CARTESIAN_POINT('',(-1.523212116137,-1.434890835639));
#1145 = CARTESIAN_POINT('',(-1.547229950696,-1.434976994191));
#1146 = CARTESIAN_POINT('',(-1.570796326795,-1.435004961997));
#1147 = CARTESIAN_POINT('',(-1.594362702894,-1.434976994191));
#1148 = CARTESIAN_POINT('',(-1.618380537452,-1.434890835639));
#1149 = CARTESIAN_POINT('',(-1.642649576769,-1.434744822681));
#1150 = CARTESIAN_POINT('',(-1.667143454595,-1.434537908334));
#1151 = CARTESIAN_POINT('',(-1.691789146967,-1.434269678805));
#1152 = CARTESIAN_POINT('',(-1.716526746864,-1.433940363639));
#1153 = CARTESIAN_POINT('',(-1.741294196863,-1.433550837011));
#1154 = CARTESIAN_POINT('',(-1.766031866254,-1.433102617244));
#1155 = CARTESIAN_POINT('',(-1.790682693407,-1.432597839384));
#1156 = CARTESIAN_POINT('',(-1.815190034484,-1.432039296248));
#1157 = CARTESIAN_POINT('',(-1.839508853898,-1.431430194354));
#1158 = CARTESIAN_POINT('',(-1.863561079728,-1.43077497102));
#1159 = CARTESIAN_POINT('',(-1.887311670872,-1.430081494973));
#1160 = CARTESIAN_POINT('',(-1.910738743855,-1.429357556526));
#1161 = CARTESIAN_POINT('',(-1.933822651611,-1.428611265554));
#1162 = CARTESIAN_POINT('',(-1.956553646902,-1.427850966413));
#1163 = CARTESIAN_POINT('',(-1.978911080526,-1.427084912491));
#1164 = CARTESIAN_POINT('',(-2.000903232323,-1.426331814007));
#1165 = CARTESIAN_POINT('',(-2.022589555148,-1.425618505477));
#1166 = CARTESIAN_POINT('',(-2.044031190452,-1.424940043866));
#1167 = CARTESIAN_POINT('',(-2.065277270854,-1.424397967918));
#1168 = CARTESIAN_POINT('',(-2.07994697183,-1.424217215895));
#1169 = CARTESIAN_POINT('',(-2.08752414833,-1.424192852362));
#1170 = ( GEOMETRIC_REPRESENTATION_CONTEXT(2) 
PARAMETRIC_REPRESENTATION_CONTEXT() REPRESENTATION_CONTEXT('2D SPACE',''
  ) );
#1171 = ORIENTED_EDGE('',*,*,#1172,.F.);
#1172 = EDGE_CURVE('',#1173,#1038,#1175,.T.);
#1173 = VERTEX_POINT('',#1174);
#1174 = CARTESIAN_POINT('',(-5.577939069668,-5.327939069668,0.));
#1175 = SURFACE_CURVE('',#1176,(#1180,#1187),.PCURVE_S1.);
#1176 = LINE('',#1177,#1178);
#1177 = CARTESIAN_POINT('',(4.,-5.327939069668,0.));
#1178 = VECTOR('',#1179,1.);
#1179 = DIRECTION('',(1.,0.,0.));
#1180 = PCURVE('',#235,#1181);
#1181 = DEFINITIONAL_REPRESENTATION('',(#1182),#1186);
#1182 = LINE('',#1183,#1184);
#1183 = CARTESIAN_POINT('',(0.741764932098,0.));
#1184 = VECTOR('',#1185,1.);
#1185 = DIRECTION('',(0.,-1.));
#1186 = ( GEOMETRIC_REPRESENTATION_CONTEXT(2) 
PARAMETRIC_REPRESENTATION_CONTEXT() REPRESENTATION_CONTEXT('2D SPACE',''
  ) );
#1187 = PCURVE('',#1188,#1193);
#1188 = PLANE('',#1189);
#1189 = AXIS2_PLACEMENT_3D('',#1190,#1191,#1192);
#1190 = CARTESIAN_POINT('',(0.,0.,0.));
#1191 = DIRECTION('',(0.,0.,1.));
#1192 = DIRECTION('',(1.,0.,-0.));
#1193 = DEFINITIONAL_REPRESENTATION('',(#1194),#1198);
#1194 = LINE('',#1195,#1196);
#1195 = CARTESIAN_POINT('',(4.,-5.327939069668));
#1196 = VECTOR('',#1197,1.);
#1197 = DIRECTION('',(1.,0.));
#1198 = ( GEOMETRIC_REPRESENTATION_CONTEXT(2) 
PARAMETRIC_REPRESENTATION_CONTEXT() REPRESENTATION_CONTEXT('2D SPACE',''
  ) );
#1199 = ORIENTED_EDGE('',*,*,#1200,.T.);
#1200 = EDGE_CURVE('',#1173,#1201,#1203,.T.);
#1201 = VERTEX_POINT('',#1202);
#1202 = CARTESIAN_POINT('',(-5.996642204077,-5.746642199344,
    -9.18768326779E-02));
#1203 = SURFACE_CURVE('',#1204,(#1209,#1215),.PCURVE_S1.);
#1204 = ELLIPSE('',#1205,1.414213562373,1.);
#1205 = AXIS2_PLACEMENT_3D('',#1206,#1207,#1208);
#1206 = CARTESIAN_POINT('',(-5.577939069668,-5.327939069668,-1.));
#1207 = DIRECTION('',(0.707106781187,-0.707106781187,0.));
#1208 = DIRECTION('',(-0.707106781187,-0.707106781187,
    -4.906538933387E-17));
#1209 = PCURVE('',#235,#1210);
#1210 = DEFINITIONAL_REPRESENTATION('',(#1211),#1214);
#1211 = B_SPLINE_CURVE_WITH_KNOTS('',1,(#1212,#1213),.UNSPECIFIED.,.F.,
  .F.,(2,2),(4.712388980385,5.144405754575),.PIECEWISE_BEZIER_KNOTS.);
#1212 = CARTESIAN_POINT('',(0.741764932098,9.577939069668));
#1213 = CARTESIAN_POINT('',(0.309748157908,9.996642201732));
#1214 = ( GEOMETRIC_REPRESENTATION_CONTEXT(2) 
PARAMETRIC_REPRESENTATION_CONTEXT() REPRESENTATION_CONTEXT('2D SPACE',''
  ) );
#1215 = PCURVE('',#1216,#1221);
#1216 = CYLINDRICAL_SURFACE('',#1217,1.);
#1217 = AXIS2_PLACEMENT_3D('',#1218,#1219,#1220);
#1218 = CARTESIAN_POINT('',(-5.577939069668,-3.875,-1.));
#1219 = DIRECTION('',(6.043552755016E-17,1.,0.));
#1220 = DIRECTION('',(-0.675590207616,4.082965060497E-17,0.73727733681)
  );
#1221 = DEFINITIONAL_REPRESENTATION('',(#1222),#1225);
#1222 = B_SPLINE_CURVE_WITH_KNOTS('',1,(#1223,#1224),.UNSPECIFIED.,.F.,
  .F.,(2,2),(4.712388980385,5.144405754575),.PIECEWISE_BEZIER_KNOTS.);
#1223 = CARTESIAN_POINT('',(0.741764932098,-1.452939069668));
#1224 = CARTESIAN_POINT('',(0.309748157908,-1.871642201732));
#1225 = ( GEOMETRIC_REPRESENTATION_CONTEXT(2) 
PARAMETRIC_REPRESENTATION_CONTEXT() REPRESENTATION_CONTEXT('2D SPACE',''
  ) );
#1226 = ORIENTED_EDGE('',*,*,#1227,.T.);
#1227 = EDGE_CURVE('',#1201,#704,#1228,.T.);
#1228 = SURFACE_CURVE('',#1229,(#1236,#1242),.PCURVE_S1.);
#1229 = B_SPLINE_CURVE_WITH_KNOTS('',3,(#1230,#1231,#1232,#1233,#1234,
    #1235),.UNSPECIFIED.,.F.,.F.,(4,2,4),(0.240840841124,0.251891265084,
    0.271675742503),.UNSPECIFIED.);
#1230 = CARTESIAN_POINT('',(-5.996642203411,-5.746642199281,
    -9.187683145319E-02));
#1231 = CARTESIAN_POINT('',(-5.973135618776,-5.771570874618,
    -0.103370552506));
#1232 = CARTESIAN_POINT('',(-5.950273545122,-5.79684626426,
    -0.116262772464));
#1233 = CARTESIAN_POINT('',(-5.888420525548,-5.86819695566,
    -0.156853767033));
#1234 = CARTESIAN_POINT('',(-5.849424320286,-5.916880963917,
    -0.189480986578));
#1235 = CARTESIAN_POINT('',(-5.814508183633,-5.964388339119,
    -0.228681435842));
#1236 = PCURVE('',#235,#1237);
#1237 = DEFINITIONAL_REPRESENTATION('',(#1238),#1241);
#1238 = B_SPLINE_CURVE_WITH_KNOTS('',1,(#1239,#1240),.UNSPECIFIED.,.F.,
  .F.,(2,2),(0.240840841124,0.271675742503),.PIECEWISE_BEZIER_KNOTS.);
#1239 = CARTESIAN_POINT('',(0.309748160606,9.996642203411));
#1240 = CARTESIAN_POINT('',(5.187891470987E-02,9.814508183633));
#1241 = ( GEOMETRIC_REPRESENTATION_CONTEXT(2) 
PARAMETRIC_REPRESENTATION_CONTEXT() REPRESENTATION_CONTEXT('2D SPACE',''
  ) );
#1242 = PCURVE('',#794,#1243);
#1243 = DEFINITIONAL_REPRESENTATION('',(#1244),#1270);
#1244 = B_SPLINE_CURVE_WITH_KNOTS('',3,(#1245,#1246,#1247,#1248,#1249,
    #1250,#1251,#1252,#1253,#1254,#1255,#1256,#1257,#1258,#1259,#1260,
    #1261,#1262,#1263,#1264,#1265,#1266,#1267,#1268,#1269),
  .UNSPECIFIED.,.F.,.F.,(4,1,1,1,1,1,1,1,1,1,1,1,1,1,1,1,1,1,1,1,1,1,4),
  (0.240840841124,0.242242427551,0.243644013977,0.245045600403,
    0.246447186829,0.247848773256,0.249250359682,0.250651946108,
    0.252053532535,0.253455118961,0.254856705387,0.256258291814,
    0.25765987824,0.259061464666,0.260463051093,0.261864637519,
    0.263266223945,0.264667810371,0.266069396798,0.267470983224,
    0.26887256965,0.270274156077,0.271675742503),.QUASI_UNIFORM_KNOTS.);
#1245 = CARTESIAN_POINT('',(0.785398172611,2.908123168547));
#1246 = CARTESIAN_POINT('',(0.783971179046,2.906665356221));
#1247 = CARTESIAN_POINT('',(0.781119058683,2.90370473384));
#1248 = CARTESIAN_POINT('',(0.776846646513,2.89912567864));
#1249 = CARTESIAN_POINT('',(0.772580161,2.894405357895));
#1250 = CARTESIAN_POINT('',(0.768319794657,2.889540681837));
#1251 = CARTESIAN_POINT('',(0.764065609855,2.884528354097));
#1252 = CARTESIAN_POINT('',(0.759818152111,2.879365845117));
#1253 = CARTESIAN_POINT('',(0.755576161131,2.874047759266));
#1254 = CARTESIAN_POINT('',(0.751345113181,2.868579392995));
#1255 = CARTESIAN_POINT('',(0.747104357351,2.862924580379));
#1256 = CARTESIAN_POINT('',(0.742847852812,2.857068188389));
#1257 = CARTESIAN_POINT('',(0.738581725695,2.851014414767));
#1258 = CARTESIAN_POINT('',(0.734308850024,2.844762257069));
#1259 = CARTESIAN_POINT('',(0.730032978712,2.838312085592));
#1260 = CARTESIAN_POINT('',(0.725757636096,2.831663882085));
#1261 = CARTESIAN_POINT('',(0.721486414088,2.824817711654));
#1262 = CARTESIAN_POINT('',(0.717222892223,2.817773596322));
#1263 = CARTESIAN_POINT('',(0.712970658476,2.810531548979));
#1264 = CARTESIAN_POINT('',(0.708733303088,2.803091564345));
#1265 = CARTESIAN_POINT('',(0.704514419626,2.795453621672));
#1266 = CARTESIAN_POINT('',(0.700317604192,2.787617683726));
#1267 = CARTESIAN_POINT('',(0.696146454933,2.779583699097));
#1268 = CARTESIAN_POINT('',(0.693385199903,2.774095629794));
#1269 = CARTESIAN_POINT('',(0.692010050148,2.771318564158));
#1270 = ( GEOMETRIC_REPRESENTATION_CONTEXT(2) 
PARAMETRIC_REPRESENTATION_CONTEXT() REPRESENTATION_CONTEXT('2D SPACE',''
  ) );
#1271 = ORIENTED_EDGE('',*,*,#703,.T.);
#1272 = ORIENTED_EDGE('',*,*,#217,.F.);
#1273 = ORIENTED_EDGE('',*,*,#1274,.T.);
#1274 = EDGE_CURVE('',#218,#1275,#1277,.T.);
#1275 = VERTEX_POINT('',#1276);
#1276 = CARTESIAN_POINT('',(5.814508257585,-5.964388240661,
    -0.228681349839));
#1277 = SURFACE_CURVE('',#1278,(#1289,#1318),.PCURVE_S1.);
#1278 = B_SPLINE_CURVE_WITH_KNOTS('',3,(#1279,#1280,#1281,#1282,#1283,
    #1284,#1285,#1286,#1287,#1288),.UNSPECIFIED.,.F.,.F.,(4,2,2,2,4),(
    -8.17194905297E-02,-7.589458377607E-02,-5.602779380409E-02,
    -2.99607140074E-02,0.),.UNSPECIFIED.);
#1279 = CARTESIAN_POINT('',(5.680087543279,-6.324133767759,
    -0.912844257252));
#1280 = CARTESIAN_POINT('',(5.679047575613,-6.322436124502,
    -0.893440106033));
#1281 = CARTESIAN_POINT('',(5.678202491443,-6.320170360733,
    -0.874073953077));
#1282 = CARTESIAN_POINT('',(5.675372574531,-6.307679339093,
    -0.788971711665));
#1283 = CARTESIAN_POINT('',(5.675493215298,-6.291434533682,
    -0.724161196925));
#1284 = CARTESIAN_POINT('',(5.683072987479,-6.239483060915,
    -0.579665951881));
#1285 = CARTESIAN_POINT('',(5.692714911293,-6.199519010532,
    -0.502429237924));
#1286 = CARTESIAN_POINT('',(5.732698409438,-6.095802773299,
    -0.351976676649));
#1287 = CARTESIAN_POINT('',(5.765256857291,-6.031400370053,
    -0.283976030528));
#1288 = CARTESIAN_POINT('',(5.814508258184,-5.964388243656,
    -0.228681357071));
#1289 = PCURVE('',#235,#1290);
#1290 = DEFINITIONAL_REPRESENTATION('',(#1291),#1317);
#1291 = B_SPLINE_CURVE_WITH_KNOTS('',3,(#1292,#1293,#1294,#1295,#1296,
    #1297,#1298,#1299,#1300,#1301,#1302,#1303,#1304,#1305,#1306,#1307,
    #1308,#1309,#1310,#1311,#1312,#1313,#1314,#1315,#1316),
  .UNSPECIFIED.,.F.,.F.,(4,1,1,1,1,1,1,1,1,1,1,1,1,1,1,1,1,1,1,1,1,1,4),
  (-8.17194905297E-02,-7.80049682329E-02,-7.429044593609E-02,
    -7.057592363929E-02,-6.686140134248E-02,-6.314687904568E-02,
    -5.943235674887E-02,-5.571783445207E-02,-5.200331215526E-02,
    -4.828878985846E-02,-4.457426756166E-02,-4.085974526485E-02,
    -3.714522296805E-02,-3.343070067124E-02,-2.971617837444E-02,
    -2.600165607763E-02,-2.228713378083E-02,-1.857261148402E-02,
    -1.485808918722E-02,-1.114356689041E-02,-7.429044593609E-03,
    -3.714522296805E-03,0.),.UNSPECIFIED.);
#1292 = CARTESIAN_POINT('',(-0.741764932098,-1.680087543279));
#1293 = CARTESIAN_POINT('',(-0.729346047835,-1.679424490017));
#1294 = CARTESIAN_POINT('',(-0.704491491135,-1.67825640669));
#1295 = CARTESIAN_POINT('',(-0.667183262614,-1.676993676893));
#1296 = CARTESIAN_POINT('',(-0.629881365875,-1.676227334609));
#1297 = CARTESIAN_POINT('',(-0.592587886494,-1.675993538666));
#1298 = CARTESIAN_POINT('',(-0.555303171665,-1.67632493481));
#1299 = CARTESIAN_POINT('',(-0.518034828334,-1.677254489331));
#1300 = CARTESIAN_POINT('',(-0.48076414703,-1.678817399423));
#1301 = CARTESIAN_POINT('',(-0.443571590566,-1.681039391612));
#1302 = CARTESIAN_POINT('',(-0.406504264134,-1.683979268427));
#1303 = CARTESIAN_POINT('',(-0.369553282687,-1.687701021667));
#1304 = CARTESIAN_POINT('',(-0.332728296434,-1.692266973586));
#1305 = CARTESIAN_POINT('',(-0.296030062505,-1.697740935347));
#1306 = CARTESIAN_POINT('',(-0.259483569555,-1.704182432021));
#1307 = CARTESIAN_POINT('',(-0.22303086287,-1.711666644142));
#1308 = CARTESIAN_POINT('',(-0.186928711268,-1.72020962526));
#1309 = CARTESIAN_POINT('',(-0.151334297623,-1.729844297641));
#1310 = CARTESIAN_POINT('',(-0.116206118691,-1.740641804122));
#1311 = CARTESIAN_POINT('',(-8.15612436109E-02,-1.752663046365));
#1312 = CARTESIAN_POINT('',(-4.740599182101E-02,-1.765971670153));
#1313 = CARTESIAN_POINT('',(-1.375419521492E-02,-1.780630585966));
#1314 = CARTESIAN_POINT('',(1.937841648843E-02,-1.796702901376));
#1315 = CARTESIAN_POINT('',(4.110746585731E-02,-1.808402081051));
#1316 = CARTESIAN_POINT('',(5.187903847687E-02,-1.814508258184));
#1317 = ( GEOMETRIC_REPRESENTATION_CONTEXT(2) 
PARAMETRIC_REPRESENTATION_CONTEXT() REPRESENTATION_CONTEXT('2D SPACE',''
  ) );
#1318 = PCURVE('',#265,#1319);
#1319 = DEFINITIONAL_REPRESENTATION('',(#1320),#1346);
#1320 = B_SPLINE_CURVE_WITH_KNOTS('',3,(#1321,#1322,#1323,#1324,#1325,
    #1326,#1327,#1328,#1329,#1330,#1331,#1332,#1333,#1334,#1335,#1336,
    #1337,#1338,#1339,#1340,#1341,#1342,#1343,#1344,#1345),
  .UNSPECIFIED.,.F.,.F.,(4,1,1,1,1,1,1,1,1,1,1,1,1,1,1,1,1,1,1,1,1,1,4),
  (-8.17194905297E-02,-7.80049682329E-02,-7.429044593609E-02,
    -7.057592363929E-02,-6.686140134248E-02,-6.314687904568E-02,
    -5.943235674887E-02,-5.571783445207E-02,-5.200331215526E-02,
    -4.828878985846E-02,-4.457426756166E-02,-4.085974526485E-02,
    -3.714522296805E-02,-3.343070067124E-02,-2.971617837444E-02,
    -2.600165607763E-02,-2.228713378083E-02,-1.857261148402E-02,
    -1.485808918722E-02,-1.114356689041E-02,-7.429044593609E-03,
    -3.714522296805E-03,0.),.UNSPECIFIED.);
#1321 = CARTESIAN_POINT('',(0.245641191235,0.184208579119));
#1322 = CARTESIAN_POINT('',(0.245444461818,0.182965401787));
#1323 = CARTESIAN_POINT('',(0.244718761899,0.180479512685));
#1324 = CARTESIAN_POINT('',(0.242633903502,0.1767597426));
#1325 = CARTESIAN_POINT('',(0.239552940474,0.173057560501));
#1326 = CARTESIAN_POINT('',(0.235476814667,0.169378489418));
#1327 = CARTESIAN_POINT('',(0.230405185326,0.165727818308));
#1328 = CARTESIAN_POINT('',(0.224338801664,0.162111525596));
#1329 = CARTESIAN_POINT('',(0.217272901123,0.158533065881));
#1330 = CARTESIAN_POINT('',(0.209221633721,0.155005498548));
#1331 = CARTESIAN_POINT('',(0.200200212453,0.151538104341));
#1332 = CARTESIAN_POINT('',(0.190210938507,0.148134589864));
#1333 = CARTESIAN_POINT('',(0.179258142025,0.144800279593));
#1334 = CARTESIAN_POINT('',(0.167341339412,0.141539600514));
#1335 = CARTESIAN_POINT('',(0.15446729005,0.138358951576));
#1336 = CARTESIAN_POINT('',(0.140608643197,0.13525774124));
#1337 = CARTESIAN_POINT('',(0.125859412587,0.132261722157));
#1338 = CARTESIAN_POINT('',(0.110298191294,0.129385421723));
#1339 = CARTESIAN_POINT('',(9.392125688818E-02,0.126626374972));
#1340 = CARTESIAN_POINT('',(7.674347804013E-02,0.123986669993));
#1341 = CARTESIAN_POINT('',(5.877134464599E-02,0.12146717488));
#1342 = CARTESIAN_POINT('',(4.001030333401E-02,0.119069084516));
#1343 = CARTESIAN_POINT('',(2.046325104287E-02,0.116793506483));
#1344 = CARTESIAN_POINT('',(6.908226103764E-03,0.115358882559));
#1345 = CARTESIAN_POINT('',(0.,0.114662364866));
#1346 = ( GEOMETRIC_REPRESENTATION_CONTEXT(2) 
PARAMETRIC_REPRESENTATION_CONTEXT() REPRESENTATION_CONTEXT('2D SPACE',''
  ) );
#1347 = ORIENTED_EDGE('',*,*,#1348,.T.);
#1348 = EDGE_CURVE('',#1275,#1349,#1351,.T.);
#1349 = VERTEX_POINT('',#1350);
#1350 = CARTESIAN_POINT('',(5.996642199344,-5.746642204077,
    -9.187683267796E-02));
#1351 = SURFACE_CURVE('',#1352,(#1359,#1365),.PCURVE_S1.);
#1352 = B_SPLINE_CURVE_WITH_KNOTS('',3,(#1353,#1354,#1355,#1356,#1357,
    #1358),.UNSPECIFIED.,.F.,.F.,(4,2,4),(1.114889763756,1.134674228836,
    1.145726779187),.UNSPECIFIED.);
#1353 = CARTESIAN_POINT('',(5.814508261004,-5.964388239819,
    -0.228681353905));
#1354 = CARTESIAN_POINT('',(5.849424380753,-5.916880892283,
    -0.18948093775));
#1355 = CARTESIAN_POINT('',(5.888420562216,-5.868196915784,
    -0.156853743529));
#1356 = CARTESIAN_POINT('',(5.950277822327,-5.79684133192,
    -0.116259966942));
#1357 = CARTESIAN_POINT('',(5.97313887191,-5.771567425421,
    -0.103368962364));
#1358 = CARTESIAN_POINT('',(5.99664219889,-5.746642204077,
    -9.187683366408E-02));
#1359 = PCURVE('',#235,#1360);
#1360 = DEFINITIONAL_REPRESENTATION('',(#1361),#1364);
#1361 = B_SPLINE_CURVE_WITH_KNOTS('',1,(#1362,#1363),.UNSPECIFIED.,.F.,
  .F.,(2,2),(1.114889763756,1.145726779187),.PIECEWISE_BEZIER_KNOTS.);
#1362 = CARTESIAN_POINT('',(5.187904345068E-02,-1.814508261004));
#1363 = CARTESIAN_POINT('',(0.309748155326,-1.99664219889));
#1364 = ( GEOMETRIC_REPRESENTATION_CONTEXT(2) 
PARAMETRIC_REPRESENTATION_CONTEXT() REPRESENTATION_CONTEXT('2D SPACE',''
  ) );
#1365 = PCURVE('',#1366,#1371);
#1366 = CONICAL_SURFACE('',#1367,2.789718885006,8.726646259972E-02);
#1367 = AXIS2_PLACEMENT_3D('',#1368,#1369,#1370);
#1368 = CARTESIAN_POINT('',(8.149178979731,-7.899178964023,-3.));
#1369 = DIRECTION('',(0.,0.,1.));
#1370 = DIRECTION('',(1.,0.,-0.));
#1371 = DEFINITIONAL_REPRESENTATION('',(#1372),#1398);
#1372 = B_SPLINE_CURVE_WITH_KNOTS('',3,(#1373,#1374,#1375,#1376,#1377,
    #1378,#1379,#1380,#1381,#1382,#1383,#1384,#1385,#1386,#1387,#1388,
    #1389,#1390,#1391,#1392,#1393,#1394,#1395,#1396,#1397),
  .UNSPECIFIED.,.F.,.F.,(4,1,1,1,1,1,1,1,1,1,1,1,1,1,1,1,1,1,1,1,1,1,4),
  (1.114889763756,1.116291446275,1.117693128795,1.119094811314,
    1.120496493834,1.121898176354,1.123299858873,1.124701541393,
    1.126103223912,1.127504906432,1.128906588952,1.130308271471,
    1.131709953991,1.13311163651,1.13451331903,1.13591500155,
    1.137316684069,1.138718366589,1.140120049108,1.141521731628,
    1.142923414148,1.144325096667,1.145726779187),
  .QUASI_UNIFORM_KNOTS.);
#1373 = CARTESIAN_POINT('',(2.449582573843,2.771318646095));
#1374 = CARTESIAN_POINT('',(2.448207329705,2.774095901513));
#1375 = CARTESIAN_POINT('',(2.445445884416,2.779584341321));
#1376 = CARTESIAN_POINT('',(2.441274446035,2.787618854531));
#1377 = CARTESIAN_POINT('',(2.437077338483,2.795455293901));
#1378 = CARTESIAN_POINT('',(2.432858160647,2.80309371085));
#1379 = CARTESIAN_POINT('',(2.42862050937,2.810534142615));
#1380 = CARTESIAN_POINT('',(2.424367978957,2.817776609948));
#1381 = CARTESIAN_POINT('',(2.420104160387,2.824821118121));
#1382 = CARTESIAN_POINT('',(2.415832642365,2.831667654244));
#1383 = CARTESIAN_POINT('',(2.411557005184,2.838316196258));
#1384 = CARTESIAN_POINT('',(2.407280841408,2.844766679122));
#1385 = CARTESIAN_POINT('',(2.403007676414,2.851019120763));
#1386 = CARTESIAN_POINT('',(2.398741262686,2.857073151981));
#1387 = CARTESIAN_POINT('',(2.394484479302,2.862929771));
#1388 = CARTESIAN_POINT('',(2.390243436984,2.868584795678));
#1389 = CARTESIAN_POINT('',(2.386012155841,2.874053300654));
#1390 = CARTESIAN_POINT('',(2.381770228187,2.879371155499));
#1391 = CARTESIAN_POINT('',(2.377523044767,2.884533187404));
#1392 = CARTESIAN_POINT('',(2.373269340711,2.889544813622));
#1393 = CARTESIAN_POINT('',(2.369009635337,2.894408612786));
#1394 = CARTESIAN_POINT('',(2.364743970688,2.899127923109));
#1395 = CARTESIAN_POINT('',(2.360472517441,2.90370587825));
#1396 = CARTESIAN_POINT('',(2.357621114183,2.906665736498));
#1397 = CARTESIAN_POINT('',(2.356194495046,2.908123166336));
#1398 = ( GEOMETRIC_REPRESENTATION_CONTEXT(2) 
PARAMETRIC_REPRESENTATION_CONTEXT() REPRESENTATION_CONTEXT('2D SPACE',''
  ) );
#1399 = ORIENTED_EDGE('',*,*,#1400,.F.);
#1400 = EDGE_CURVE('',#1010,#1349,#1401,.T.);
#1401 = SURFACE_CURVE('',#1402,(#1407,#1413),.PCURVE_S1.);
#1402 = ELLIPSE('',#1403,1.414213562373,1.);
#1403 = AXIS2_PLACEMENT_3D('',#1404,#1405,#1406);
#1404 = CARTESIAN_POINT('',(5.577939069668,-5.327939069668,-1.));
#1405 = DIRECTION('',(0.707106781187,0.707106781187,0.));
#1406 = DIRECTION('',(0.707106781187,-0.707106781187,-4.906538933387E-17
    ));
#1407 = PCURVE('',#235,#1408);
#1408 = DEFINITIONAL_REPRESENTATION('',(#1409),#1412);
#1409 = B_SPLINE_CURVE_WITH_KNOTS('',1,(#1410,#1411),.UNSPECIFIED.,.F.,
  .F.,(2,2),(4.712388980385,5.144405754575),.PIECEWISE_BEZIER_KNOTS.);
#1410 = CARTESIAN_POINT('',(0.741764932098,-1.577939069668));
#1411 = CARTESIAN_POINT('',(0.309748157908,-1.996642201732));
#1412 = ( GEOMETRIC_REPRESENTATION_CONTEXT(2) 
PARAMETRIC_REPRESENTATION_CONTEXT() REPRESENTATION_CONTEXT('2D SPACE',''
  ) );
#1413 = PCURVE('',#1414,#1419);
#1414 = CYLINDRICAL_SURFACE('',#1415,1.);
#1415 = AXIS2_PLACEMENT_3D('',#1416,#1417,#1418);
#1416 = CARTESIAN_POINT('',(5.577939069668,3.875,-1.));
#1417 = DIRECTION('',(0.,1.,0.));
#1418 = DIRECTION('',(0.675590207616,-0.,0.73727733681));
#1419 = DEFINITIONAL_REPRESENTATION('',(#1420),#1423);
#1420 = B_SPLINE_CURVE_WITH_KNOTS('',1,(#1421,#1422),.UNSPECIFIED.,.F.,
  .F.,(2,2),(4.712388980385,5.144405754575),.PIECEWISE_BEZIER_KNOTS.);
#1421 = CARTESIAN_POINT('',(5.541420375082,-9.202939069668));
#1422 = CARTESIAN_POINT('',(5.973437149272,-9.621642201732));
#1423 = ( GEOMETRIC_REPRESENTATION_CONTEXT(2) 
PARAMETRIC_REPRESENTATION_CONTEXT() REPRESENTATION_CONTEXT('2D SPACE',''
  ) );
#1424 = ADVANCED_FACE('',(#1425),#265,.F.);
#1425 = FACE_BOUND('',#1426,.F.);
#1426 = EDGE_LOOP('',(#1427,#1459,#1627,#1648,#1649,#1650,#1651,#1676));
#1427 = ORIENTED_EDGE('',*,*,#1428,.F.);
#1428 = EDGE_CURVE('',#1429,#1431,#1433,.T.);
#1429 = VERTEX_POINT('',#1430);
#1430 = CARTESIAN_POINT('',(6.052155825238,-7.484872403508,
    -2.999999999995));
#1431 = VERTEX_POINT('',#1432);
#1432 = CARTESIAN_POINT('',(5.958867694215,-7.391584272485,
    -1.499999999767));
#1433 = SURFACE_CURVE('',#1434,(#1439,#1446),.PCURVE_S1.);
#1434 = B_SPLINE_CURVE_WITH_KNOTS('',3,(#1435,#1436,#1437,#1438),
  .UNSPECIFIED.,.F.,.F.,(4,4),(-0.401612607681,-0.251033546976),
  .PIECEWISE_BEZIER_KNOTS.);
#1435 = CARTESIAN_POINT('',(6.052155825239,-7.484872403509,-3.));
#1436 = CARTESIAN_POINT('',(6.021047713309,-7.453764291579,
    -2.500001501229));
#1437 = CARTESIAN_POINT('',(5.989952366498,-7.422668944768,
    -2.000001414226));
#1438 = CARTESIAN_POINT('',(5.95886756825,-7.39158414652,-1.500000015544
    ));
#1439 = PCURVE('',#265,#1440);
#1440 = DEFINITIONAL_REPRESENTATION('',(#1441),#1445);
#1441 = LINE('',#1442,#1443);
#1442 = CARTESIAN_POINT('',(1.,5.551115123126E-17));
#1443 = VECTOR('',#1444,1.);
#1444 = DIRECTION('',(-1.179683835903E-14,-1.));
#1445 = ( GEOMETRIC_REPRESENTATION_CONTEXT(2) 
PARAMETRIC_REPRESENTATION_CONTEXT() REPRESENTATION_CONTEXT('2D SPACE',''
  ) );
#1446 = PCURVE('',#1447,#1452);
#1447 = PLANE('',#1448);
#1448 = AXIS2_PLACEMENT_3D('',#1449,#1450,#1451);
#1449 = CARTESIAN_POINT('',(5.523617234486,-6.956333812756,-3.));
#1450 = DIRECTION('',(-0.707106781187,-0.707106781187,0.));
#1451 = DIRECTION('',(0.707106781187,-0.707106781187,0.));
#1452 = DEFINITIONAL_REPRESENTATION('',(#1453),#1458);
#1453 = B_SPLINE_CURVE_WITH_KNOTS('',3,(#1454,#1455,#1456,#1457),
  .UNSPECIFIED.,.F.,.F.,(4,4),(-0.401612607681,-0.251033546976),
  .PIECEWISE_BEZIER_KNOTS.);
#1454 = CARTESIAN_POINT('',(0.747466443279,0.));
#1455 = CARTESIAN_POINT('',(0.703472929489,0.499998498771));
#1456 = CARTESIAN_POINT('',(0.659497468301,0.999998585774));
#1457 = CARTESIAN_POINT('',(0.615536925036,1.499999984456));
#1458 = ( GEOMETRIC_REPRESENTATION_CONTEXT(2) 
PARAMETRIC_REPRESENTATION_CONTEXT() REPRESENTATION_CONTEXT('2D SPACE',''
  ) );
#1459 = ORIENTED_EDGE('',*,*,#1460,.F.);
#1460 = EDGE_CURVE('',#1461,#1429,#1463,.T.);
#1461 = VERTEX_POINT('',#1462);
#1462 = CARTESIAN_POINT('',(5.978813553121,-6.146453836558,
    -2.999999999887));
#1463 = SURFACE_CURVE('',#1464,(#1505,#1578),.PCURVE_S1.);
#1464 = B_SPLINE_CURVE_WITH_KNOTS('',3,(#1465,#1466,#1467,#1468,#1469,
    #1470,#1471,#1472,#1473,#1474,#1475,#1476,#1477,#1478,#1479,#1480,
    #1481,#1482,#1483,#1484,#1485,#1486,#1487,#1488,#1489,#1490,#1491,
    #1492,#1493,#1494,#1495,#1496,#1497,#1498,#1499,#1500,#1501,#1502,
    #1503,#1504),.UNSPECIFIED.,.F.,.F.,(4,3,3,3,3,3,3,3,3,3,3,3,3,4),(0.
    ,1.306902576055E-02,2.651414009362E-02,3.893517788588E-02,
    5.237516610541E-02,6.570686079417E-02,7.797375646393E-02,
    8.407150237976E-02,9.728385337212E-02,0.11069915548,0.112588097555,
    0.125998270264,0.139291286802,0.147220309486),.UNSPECIFIED.);
#1465 = CARTESIAN_POINT('',(5.978813565558,-6.14645381045,
    -3.000000000237));
#1466 = CARTESIAN_POINT('',(5.951443130613,-6.180345325516,
    -3.000000040283));
#1467 = CARTESIAN_POINT('',(5.926547904099,-6.21598413945,
    -2.999986022276));
#1468 = CARTESIAN_POINT('',(5.904130162445,-6.253067656502,
    -2.999969232123));
#1469 = CARTESIAN_POINT('',(5.881067303349,-6.291218329381,
    -2.999951958799));
#1470 = CARTESIAN_POINT('',(5.860626108811,-6.3308990121,-2.999931720369
    ));
#1471 = CARTESIAN_POINT('',(5.842853482873,-6.371813265067,
    -2.999915984938));
#1472 = CARTESIAN_POINT('',(5.826434547863,-6.409611194468,
    -2.999901448031));
#1473 = CARTESIAN_POINT('',(5.812293433375,-6.448462979829,
    -2.999890671556));
#1474 = CARTESIAN_POINT('',(5.800504396534,-6.48814760427,-2.99988643306
    ));
#1475 = CARTESIAN_POINT('',(5.787748254986,-6.531087726819,
    -2.999881846862));
#1476 = CARTESIAN_POINT('',(5.777829429516,-6.574719356604,
    -2.999884842583));
#1477 = CARTESIAN_POINT('',(5.770779468713,-6.618744377795,
    -2.999894912755));
#1478 = CARTESIAN_POINT('',(5.763786313402,-6.662414664674,
    -2.999904901786));
#1479 = CARTESIAN_POINT('',(5.759615788216,-6.706473164354,
    -2.999921792813));
#1480 = CARTESIAN_POINT('',(5.758346967892,-6.750642181509,
    -2.999941260625));
#1481 = CARTESIAN_POINT('',(5.75717948792,-6.791283430648,
    -2.999959173547));
#1482 = CARTESIAN_POINT('',(5.758469054852,-6.832019039904,
    -2.999979197143));
#1483 = CARTESIAN_POINT('',(5.762316175746,-6.87263049839,
    -2.999995676992));
#1484 = CARTESIAN_POINT('',(5.764228539423,-6.892818030899,
    -3.000003868953));
#1485 = CARTESIAN_POINT('',(5.76676821339,-6.912918984842,
    -3.000011086648));
#1486 = CARTESIAN_POINT('',(5.769940625069,-6.932906992695,
    -3.000016472337));
#1487 = CARTESIAN_POINT('',(5.776814479308,-6.976216205483,
    -3.000028141832));
#1488 = CARTESIAN_POINT('',(5.786655414812,-7.018995663052,
    -3.000031397969));
#1489 = CARTESIAN_POINT('',(5.799281980595,-7.060992761725,
    -3.000031267594));
#1490 = CARTESIAN_POINT('',(5.812102499415,-7.103634965726,
    -3.000031135216));
#1491 = CARTESIAN_POINT('',(5.827795314017,-7.145471683176,
    -3.000027416798));
#1492 = CARTESIAN_POINT('',(5.846220921107,-7.1862234044,-3.000023175729
    ));
#1493 = CARTESIAN_POINT('',(5.848815339349,-7.191961451911,
    -3.000022578565));
#1494 = CARTESIAN_POINT('',(5.851464012386,-7.1976779482,-3.000021968909
    ));
#1495 = CARTESIAN_POINT('',(5.854166621851,-7.203372069668,
    -3.000021353586));
#1496 = CARTESIAN_POINT('',(5.873353266143,-7.24379636498,
    -3.000016985223));
#1497 = CARTESIAN_POINT('',(5.895146838008,-7.28286808267,
    -3.000012311699));
#1498 = CARTESIAN_POINT('',(5.919372369814,-7.320324297845,
    -3.000008747069));
#1499 = CARTESIAN_POINT('',(5.943386258521,-7.357453281835,
    -3.000005213581));
#1500 = CARTESIAN_POINT('',(5.969790425817,-7.392995864152,
    -3.000002668725));
#1501 = CARTESIAN_POINT('',(5.998458335687,-7.426671646686,
    -3.000001272746));
#1502 = CARTESIAN_POINT('',(6.015558179579,-7.44675858804,
    -3.000000440073));
#1503 = CARTESIAN_POINT('',(6.033464231229,-7.4661808095,-3.));
#1504 = CARTESIAN_POINT('',(6.052155825239,-7.484872403509,-3.));
#1505 = PCURVE('',#265,#1506);
#1506 = DEFINITIONAL_REPRESENTATION('',(#1507),#1577);
#1507 = B_SPLINE_CURVE_WITH_KNOTS('',3,(#1508,#1509,#1510,#1511,#1512,
    #1513,#1514,#1515,#1516,#1517,#1518,#1519,#1520,#1521,#1522,#1523,
    #1524,#1525,#1526,#1527,#1528,#1529,#1530,#1531,#1532,#1533,#1534,
    #1535,#1536,#1537,#1538,#1539,#1540,#1541,#1542,#1543,#1544,#1545,
    #1546,#1547,#1548,#1549,#1550,#1551,#1552,#1553,#1554,#1555,#1556,
    #1557,#1558,#1559,#1560,#1561,#1562,#1563,#1564,#1565,#1566,#1567,
    #1568,#1569,#1570,#1571,#1572,#1573,#1574,#1575,#1576),
  .UNSPECIFIED.,.F.,.F.,(4,1,1,1,1,1,1,1,1,1,1,1,1,1,1,1,1,1,1,1,1,1,1,1
    ,1,1,1,1,1,1,1,1,1,1,1,1,1,1,1,1,1,1,1,1,1,1,1,1,1,1,1,1,1,1,1,1,1,1
    ,1,1,1,1,1,1,1,1,4),(0.,2.230610749787E-03,4.461221499574E-03,
    6.691832249361E-03,8.922442999148E-03,1.115305374893E-02,
    1.338366449872E-02,1.561427524851E-02,1.78448859983E-02,
    2.007549674808E-02,2.230610749787E-02,2.453671824766E-02,
    2.676732899744E-02,2.899793974723E-02,3.122855049702E-02,
    3.34591612468E-02,3.568977199659E-02,3.792038274638E-02,
    4.015099349616E-02,4.238160424595E-02,4.461221499574E-02,
    4.684282574552E-02,4.907343649531E-02,5.13040472451E-02,
    5.353465799489E-02,5.576526874467E-02,5.799587949446E-02,
    6.022649024425E-02,6.245710099403E-02,6.468771174382E-02,
    6.691832249361E-02,6.914893324339E-02,7.137954399318E-02,
    7.361015474297E-02,7.584076549275E-02,7.807137624254E-02,
    8.030198699233E-02,8.253259774212E-02,8.47632084919E-02,
    8.699381924169E-02,8.922442999148E-02,9.145504074126E-02,
    9.368565149105E-02,9.591626224084E-02,9.814687299062E-02,
    0.10037748374,0.10260809449,0.10483870524,0.10706931599,
    0.10929992674,0.111530537489,0.113761148239,0.115991758989,
    0.118222369739,0.120452980488,0.122683591238,0.124914201988,
    0.127144812738,0.129375423488,0.131606034237,0.133836644987,
    0.136067255737,0.138297866487,0.140528477237,0.142759087986,
    0.144989698736,0.147220309486),.QUASI_UNIFORM_KNOTS.);
#1508 = CARTESIAN_POINT('',(0.,0.392863363127));
#1509 = CARTESIAN_POINT('',(5.074377181622E-03,0.392870261285));
#1510 = CARTESIAN_POINT('',(1.521739674743E-02,0.392885500593));
#1511 = CARTESIAN_POINT('',(3.041663811433E-02,0.392912666552));
#1512 = CARTESIAN_POINT('',(4.560251483445E-02,0.392944117527));
#1513 = CARTESIAN_POINT('',(6.077692600707E-02,0.392979831537));
#1514 = CARTESIAN_POINT('',(7.594174908873E-02,0.393019786604));
#1515 = CARTESIAN_POINT('',(9.109878073758E-02,0.393063960749));
#1516 = CARTESIAN_POINT('',(0.106249905865,0.393112331997));
#1517 = CARTESIAN_POINT('',(0.121397033449,0.393164878364));
#1518 = CARTESIAN_POINT('',(0.136542032944,0.393221577871));
#1519 = CARTESIAN_POINT('',(0.151686793246,0.393282408538));
#1520 = CARTESIAN_POINT('',(0.166833202789,0.393347348384));
#1521 = CARTESIAN_POINT('',(0.181983112088,0.39341637544));
#1522 = CARTESIAN_POINT('',(0.197138453118,0.393489467701));
#1523 = CARTESIAN_POINT('',(0.212301076531,0.393566603282));
#1524 = CARTESIAN_POINT('',(0.227472767168,0.393647759846));
#1525 = CARTESIAN_POINT('',(0.242655591113,0.39373291674));
#1526 = CARTESIAN_POINT('',(0.257850767315,0.39382204704));
#1527 = CARTESIAN_POINT('',(0.273062785631,0.393915147225));
#1528 = CARTESIAN_POINT('',(0.288254320967,0.394011938729));
#1529 = CARTESIAN_POINT('',(0.303432286199,0.394112403325));
#1530 = CARTESIAN_POINT('',(0.318597258395,0.394216486699));
#1531 = CARTESIAN_POINT('',(0.333751473191,0.394324144208));
#1532 = CARTESIAN_POINT('',(0.348896682494,0.394435328616));
#1533 = CARTESIAN_POINT('',(0.364034681014,0.394549993382));
#1534 = CARTESIAN_POINT('',(0.379167418575,0.39466809178));
#1535 = CARTESIAN_POINT('',(0.394296755169,0.394789577131));
#1536 = CARTESIAN_POINT('',(0.409424570453,0.394914402746));
#1537 = CARTESIAN_POINT('',(0.424552744665,0.395042521933));
#1538 = CARTESIAN_POINT('',(0.43968315691,0.395173888026));
#1539 = CARTESIAN_POINT('',(0.454817659802,0.395308454255));
#1540 = CARTESIAN_POINT('',(0.469958212026,0.395446174239));
#1541 = CARTESIAN_POINT('',(0.485106491563,0.395587000141));
#1542 = CARTESIAN_POINT('',(0.500264788756,0.395730889567));
#1543 = CARTESIAN_POINT('',(0.515433402913,0.395877779806));
#1544 = CARTESIAN_POINT('',(0.530620177318,0.396027683966));
#1545 = CARTESIAN_POINT('',(0.545804719874,0.39618033042));
#1546 = CARTESIAN_POINT('',(0.560972313884,0.39633548841));
#1547 = CARTESIAN_POINT('',(0.576129272407,0.396493139638));
#1548 = CARTESIAN_POINT('',(0.591276235588,0.396653208874));
#1549 = CARTESIAN_POINT('',(0.606415416871,0.396815636149));
#1550 = CARTESIAN_POINT('',(0.62154862083,0.3969803574));
#1551 = CARTESIAN_POINT('',(0.636677749489,0.397147309663));
#1552 = CARTESIAN_POINT('',(0.651804663266,0.397316429679));
#1553 = CARTESIAN_POINT('',(0.666931167275,0.397487654264));
#1554 = CARTESIAN_POINT('',(0.682059206992,0.39766092023));
#1555 = CARTESIAN_POINT('',(0.697190597645,0.397836164336));
#1556 = CARTESIAN_POINT('',(0.712327205885,0.398013323556));
#1557 = CARTESIAN_POINT('',(0.727470855272,0.398192334051));
#1558 = CARTESIAN_POINT('',(0.742623622745,0.398373135027));
#1559 = CARTESIAN_POINT('',(0.757786696633,0.398555654319));
#1560 = CARTESIAN_POINT('',(0.772964582952,0.398739862197));
#1561 = CARTESIAN_POINT('',(0.788125721407,0.398925282039));
#1562 = CARTESIAN_POINT('',(0.803275872968,0.399111889115));
#1563 = CARTESIAN_POINT('',(0.818415896996,0.399299599974));
#1564 = CARTESIAN_POINT('',(0.833547934703,0.399488346899));
#1565 = CARTESIAN_POINT('',(0.848673750867,0.399678057956));
#1566 = CARTESIAN_POINT('',(0.863795135041,0.39986866234));
#1567 = CARTESIAN_POINT('',(0.878914025587,0.400060088944));
#1568 = CARTESIAN_POINT('',(0.894032249852,0.400252266746));
#1569 = CARTESIAN_POINT('',(0.909151667213,0.400445124698));
#1570 = CARTESIAN_POINT('',(0.924274144583,0.400638591759));
#1571 = CARTESIAN_POINT('',(0.939401551054,0.400832596887));
#1572 = CARTESIAN_POINT('',(0.954535751207,0.401027069037));
#1573 = CARTESIAN_POINT('',(0.969678605786,0.401221937168));
#1574 = CARTESIAN_POINT('',(0.984831937501,0.401417130239));
#1575 = CARTESIAN_POINT('',(0.99494239856,0.401547428217));
#1576 = CARTESIAN_POINT('',(1.,0.401612607681));
#1577 = ( GEOMETRIC_REPRESENTATION_CONTEXT(2) 
PARAMETRIC_REPRESENTATION_CONTEXT() REPRESENTATION_CONTEXT('2D SPACE',''
  ) );
#1578 = PCURVE('',#1579,#1584);
#1579 = PLANE('',#1580);
#1580 = AXIS2_PLACEMENT_3D('',#1581,#1582,#1583);
#1581 = CARTESIAN_POINT('',(7.557602563428,-7.307602556112,-3.));
#1582 = DIRECTION('',(0.,0.,-1.));
#1583 = DIRECTION('',(1.,0.,0.));
#1584 = DEFINITIONAL_REPRESENTATION('',(#1585),#1626);
#1585 = B_SPLINE_CURVE_WITH_KNOTS('',3,(#1586,#1587,#1588,#1589,#1590,
    #1591,#1592,#1593,#1594,#1595,#1596,#1597,#1598,#1599,#1600,#1601,
    #1602,#1603,#1604,#1605,#1606,#1607,#1608,#1609,#1610,#1611,#1612,
    #1613,#1614,#1615,#1616,#1617,#1618,#1619,#1620,#1621,#1622,#1623,
    #1624,#1625),.UNSPECIFIED.,.F.,.F.,(4,3,3,3,3,3,3,3,3,3,3,3,3,4),(0.
    ,1.306902576055E-02,2.651414009362E-02,3.893517788588E-02,
    5.237516610541E-02,6.570686079417E-02,7.797375646393E-02,
    8.407150237976E-02,9.728385337212E-02,0.11069915548,0.112588097555,
    0.125998270264,0.139291286802,0.147220309486),.UNSPECIFIED.);
#1586 = CARTESIAN_POINT('',(-1.57878899787,-1.161148745662));
#1587 = CARTESIAN_POINT('',(-1.606159432815,-1.127257230596));
#1588 = CARTESIAN_POINT('',(-1.631054659329,-1.091618416662));
#1589 = CARTESIAN_POINT('',(-1.653472400984,-1.05453489961));
#1590 = CARTESIAN_POINT('',(-1.676535260079,-1.016384226731));
#1591 = CARTESIAN_POINT('',(-1.696976454617,-0.976703544013));
#1592 = CARTESIAN_POINT('',(-1.714749080555,-0.935789291045));
#1593 = CARTESIAN_POINT('',(-1.731168015565,-0.897991361644));
#1594 = CARTESIAN_POINT('',(-1.745309130054,-0.859139576284));
#1595 = CARTESIAN_POINT('',(-1.757098166894,-0.819454951842));
#1596 = CARTESIAN_POINT('',(-1.769854308442,-0.776514829293));
#1597 = CARTESIAN_POINT('',(-1.779773133912,-0.732883199508));
#1598 = CARTESIAN_POINT('',(-1.786823094715,-0.688858178317));
#1599 = CARTESIAN_POINT('',(-1.793816250026,-0.645187891438));
#1600 = CARTESIAN_POINT('',(-1.797986775212,-0.601129391759));
#1601 = CARTESIAN_POINT('',(-1.799255595536,-0.556960374603));
#1602 = CARTESIAN_POINT('',(-1.800423075508,-0.516319125465));
#1603 = CARTESIAN_POINT('',(-1.799133508576,-0.475583516209));
#1604 = CARTESIAN_POINT('',(-1.795286387683,-0.434972057723));
#1605 = CARTESIAN_POINT('',(-1.793374024005,-0.414784525213));
#1606 = CARTESIAN_POINT('',(-1.790834350039,-0.394683571271));
#1607 = CARTESIAN_POINT('',(-1.787661938359,-0.374695563417));
#1608 = CARTESIAN_POINT('',(-1.780788084121,-0.331386350629));
#1609 = CARTESIAN_POINT('',(-1.770947148616,-0.288606893061));
#1610 = CARTESIAN_POINT('',(-1.758320582834,-0.246609794387));
#1611 = CARTESIAN_POINT('',(-1.745500064014,-0.203967590386));
#1612 = CARTESIAN_POINT('',(-1.729807249412,-0.162130872936));
#1613 = CARTESIAN_POINT('',(-1.711381642321,-0.121379151713));
#1614 = CARTESIAN_POINT('',(-1.708787224079,-0.115641104201));
#1615 = CARTESIAN_POINT('',(-1.706138551042,-0.109924607912));
#1616 = CARTESIAN_POINT('',(-1.703435941577,-0.104230486445));
#1617 = CARTESIAN_POINT('',(-1.684249297285,-6.38061911319E-02));
#1618 = CARTESIAN_POINT('',(-1.66245572542,-2.47344734421E-02));
#1619 = CARTESIAN_POINT('',(-1.638230193614,1.2721741733E-02));
#1620 = CARTESIAN_POINT('',(-1.614216304908,4.9850725723E-02));
#1621 = CARTESIAN_POINT('',(-1.587812137611,8.53933080394E-02));
#1622 = CARTESIAN_POINT('',(-1.559144227741,0.119069090574));
#1623 = CARTESIAN_POINT('',(-1.542044383849,0.139156031928));
#1624 = CARTESIAN_POINT('',(-1.524138332199,0.158578253387));
#1625 = CARTESIAN_POINT('',(-1.50544673819,0.177269847396));
#1626 = ( GEOMETRIC_REPRESENTATION_CONTEXT(2) 
PARAMETRIC_REPRESENTATION_CONTEXT() REPRESENTATION_CONTEXT('2D SPACE',''
  ) );
#1627 = ORIENTED_EDGE('',*,*,#1628,.F.);
#1628 = EDGE_CURVE('',#1275,#1461,#1629,.T.);
#1629 = SURFACE_CURVE('',#1630,(#1635,#1642),.PCURVE_S1.);
#1630 = B_SPLINE_CURVE_WITH_KNOTS('',3,(#1631,#1632,#1633,#1634),
  .UNSPECIFIED.,.F.,.F.,(4,4),(0.114662364866,0.392863363176),
  .PIECEWISE_BEZIER_KNOTS.);
#1631 = CARTESIAN_POINT('',(5.814508257743,-5.964388243173,
    -0.228681349666));
#1632 = CARTESIAN_POINT('',(5.869543424753,-6.02463852685,
    -1.152458437083));
#1633 = CARTESIAN_POINT('',(5.924345544928,-6.085264622322,
    -2.076231902127));
#1634 = CARTESIAN_POINT('',(5.978813565588,-6.146453810483,
    -3.000000000734));
#1635 = PCURVE('',#265,#1636);
#1636 = DEFINITIONAL_REPRESENTATION('',(#1637),#1641);
#1637 = LINE('',#1638,#1639);
#1638 = CARTESIAN_POINT('',(-2.935066476225E-14,1.387778780781E-17));
#1639 = VECTOR('',#1640,1.);
#1640 = DIRECTION('',(2.502802998983E-13,1.));
#1641 = ( GEOMETRIC_REPRESENTATION_CONTEXT(2) 
PARAMETRIC_REPRESENTATION_CONTEXT() REPRESENTATION_CONTEXT('2D SPACE',''
  ) );
#1642 = PCURVE('',#1366,#1643);
#1643 = DEFINITIONAL_REPRESENTATION('',(#1644),#1647);
#1644 = B_SPLINE_CURVE_WITH_KNOTS('',1,(#1645,#1646),.UNSPECIFIED.,.F.,
  .F.,(2,2),(0.114662364866,0.392863363176),.PIECEWISE_BEZIER_KNOTS.);
#1645 = CARTESIAN_POINT('',(2.44958257538,2.771318650334));
#1646 = CARTESIAN_POINT('',(2.462251992157,-1.462079124272E-10));
#1647 = ( GEOMETRIC_REPRESENTATION_CONTEXT(2) 
PARAMETRIC_REPRESENTATION_CONTEXT() REPRESENTATION_CONTEXT('2D SPACE',''
  ) );
#1648 = ORIENTED_EDGE('',*,*,#1274,.F.);
#1649 = ORIENTED_EDGE('',*,*,#247,.T.);
#1650 = ORIENTED_EDGE('',*,*,#292,.F.);
#1651 = ORIENTED_EDGE('',*,*,#1652,.T.);
#1652 = EDGE_CURVE('',#293,#1653,#1655,.T.);
#1653 = VERTEX_POINT('',#1654);
#1654 = CARTESIAN_POINT('',(5.92846458561,-7.359824802061,-1.49999908014
    ));
#1655 = SURFACE_CURVE('',#1656,(#1663,#1669),.PCURVE_S1.);
#1656 = B_SPLINE_CURVE_WITH_KNOTS('',3,(#1657,#1658,#1659,#1660,#1661,
    #1662),.UNSPECIFIED.,.F.,.F.,(4,2,4),(3.998022765906E-02,
    7.796500803601E-02,0.148168925441),.UNSPECIFIED.);
#1657 = CARTESIAN_POINT('',(5.711610567147,-6.375371646123,
    -1.498495886837));
#1658 = CARTESIAN_POINT('',(5.674503607655,-6.491247309943,
    -1.498692313198));
#1659 = CARTESIAN_POINT('',(5.658785798532,-6.613405569263,
    -1.498937059697));
#1660 = CARTESIAN_POINT('',(5.677963675258,-6.963284646509,
    -1.499615539768));
#1661 = CARTESIAN_POINT('',(5.770344385987,-7.187267251292,
    -1.499979497833));
#1662 = CARTESIAN_POINT('',(5.92846458561,-7.359824802061,-1.49999908014
    ));
#1663 = PCURVE('',#265,#1664);
#1664 = DEFINITIONAL_REPRESENTATION('',(#1665),#1668);
#1665 = B_SPLINE_CURVE_WITH_KNOTS('',1,(#1666,#1667),.UNSPECIFIED.,.F.,
  .F.,(2,2),(3.998022765906E-02,0.148168925441),
  .PIECEWISE_BEZIER_KNOTS.);
#1666 = CARTESIAN_POINT('',(0.254915415369,0.243059262368));
#1667 = CARTESIAN_POINT('',(0.970247987703,0.250648479932));
#1668 = ( GEOMETRIC_REPRESENTATION_CONTEXT(2) 
PARAMETRIC_REPRESENTATION_CONTEXT() REPRESENTATION_CONTEXT('2D SPACE',''
  ) );
#1669 = PCURVE('',#346,#1670);
#1670 = DEFINITIONAL_REPRESENTATION('',(#1671),#1675);
#1671 = LINE('',#1672,#1673);
#1672 = CARTESIAN_POINT('',(-6.666833791685E-19,1.734723475977E-16));
#1673 = VECTOR('',#1674,1.);
#1674 = DIRECTION('',(1.864361247325E-14,-1.));
#1675 = ( GEOMETRIC_REPRESENTATION_CONTEXT(2) 
PARAMETRIC_REPRESENTATION_CONTEXT() REPRESENTATION_CONTEXT('2D SPACE',''
  ) );
#1676 = ORIENTED_EDGE('',*,*,#1677,.T.);
#1677 = EDGE_CURVE('',#1653,#1431,#1678,.T.);
#1678 = SURFACE_CURVE('',#1679,(#1684,#1690),.PCURVE_S1.);
#1679 = B_SPLINE_CURVE_WITH_KNOTS('',3,(#1680,#1681,#1682,#1683),
  .UNSPECIFIED.,.F.,.F.,(4,4),(0.49839105292,0.502786611037),
  .PIECEWISE_BEZIER_KNOTS.);
#1680 = CARTESIAN_POINT('',(5.92846458561,-7.359824802061,-1.49999908014
    ));
#1681 = CARTESIAN_POINT('',(5.938372680316,-7.370637567031,
    -1.500000307203));
#1682 = CARTESIAN_POINT('',(5.948507264377,-7.381223842647,-1.5));
#1683 = CARTESIAN_POINT('',(5.958867694215,-7.391584272485,-1.5));
#1684 = PCURVE('',#265,#1685);
#1685 = DEFINITIONAL_REPRESENTATION('',(#1686),#1689);
#1686 = B_SPLINE_CURVE_WITH_KNOTS('',1,(#1687,#1688),.UNSPECIFIED.,.F.,
  .F.,(2,2),(0.49839105292,0.502786611037),.PIECEWISE_BEZIER_KNOTS.);
#1687 = CARTESIAN_POINT('',(0.970247987703,0.250648479932));
#1688 = CARTESIAN_POINT('',(1.000000121482,0.251033546987));
#1689 = ( GEOMETRIC_REPRESENTATION_CONTEXT(2) 
PARAMETRIC_REPRESENTATION_CONTEXT() REPRESENTATION_CONTEXT('2D SPACE',''
  ) );
#1690 = PCURVE('',#520,#1691);
#1691 = DEFINITIONAL_REPRESENTATION('',(#1692),#1696);
#1692 = LINE('',#1693,#1694);
#1693 = CARTESIAN_POINT('',(1.647147368239E-13,0.));
#1694 = VECTOR('',#1695,1.);
#1695 = DIRECTION('',(-3.256546759842E-13,-1.));
#1696 = ( GEOMETRIC_REPRESENTATION_CONTEXT(2) 
PARAMETRIC_REPRESENTATION_CONTEXT() REPRESENTATION_CONTEXT('2D SPACE',''
  ) );
#1697 = ADVANCED_FACE('',(#1698),#346,.T.);
#1698 = FACE_BOUND('',#1699,.T.);
#1699 = EDGE_LOOP('',(#1700,#1701,#1702,#1721));
#1700 = ORIENTED_EDGE('',*,*,#316,.T.);
#1701 = ORIENTED_EDGE('',*,*,#1652,.T.);
#1702 = ORIENTED_EDGE('',*,*,#1703,.T.);
#1703 = EDGE_CURVE('',#1653,#474,#1704,.T.);
#1704 = SURFACE_CURVE('',#1705,(#1709,#1715),.PCURVE_S1.);
#1705 = LINE('',#1706,#1707);
#1706 = CARTESIAN_POINT('',(5.92846458561,-7.359824802061,-1.49999908014
    ));
#1707 = VECTOR('',#1708,1.);
#1708 = DIRECTION('',(-0.500479316575,-0.500479316575,0.706428274746));
#1709 = PCURVE('',#346,#1710);
#1710 = DEFINITIONAL_REPRESENTATION('',(#1711),#1714);
#1711 = B_SPLINE_CURVE_WITH_KNOTS('',1,(#1712,#1713),.UNSPECIFIED.,.F.,
  .F.,(2,2),(0.,0.707784637188),.PIECEWISE_BEZIER_KNOTS.);
#1712 = CARTESIAN_POINT('',(3.718684208621E-15,-0.148168925441));
#1713 = CARTESIAN_POINT('',(1.,-0.148168925441));
#1714 = ( GEOMETRIC_REPRESENTATION_CONTEXT(2) 
PARAMETRIC_REPRESENTATION_CONTEXT() REPRESENTATION_CONTEXT('2D SPACE',''
  ) );
#1715 = PCURVE('',#520,#1716);
#1716 = DEFINITIONAL_REPRESENTATION('',(#1717),#1720);
#1717 = B_SPLINE_CURVE_WITH_KNOTS('',1,(#1718,#1719),.UNSPECIFIED.,.F.,
  .F.,(2,2),(0.,0.707784637188),.PIECEWISE_BEZIER_KNOTS.);
#1718 = CARTESIAN_POINT('',(3.452605187788E-16,-0.49839105292));
#1719 = CARTESIAN_POINT('',(1.,-0.49839105292));
#1720 = ( GEOMETRIC_REPRESENTATION_CONTEXT(2) 
PARAMETRIC_REPRESENTATION_CONTEXT() REPRESENTATION_CONTEXT('2D SPACE',''
  ) );
#1721 = ORIENTED_EDGE('',*,*,#473,.T.);
#1722 = ADVANCED_FACE('',(#1723),#520,.T.);
#1723 = FACE_BOUND('',#1724,.T.);
#1724 = EDGE_LOOP('',(#1725,#1726,#1727,#1747));
#1725 = ORIENTED_EDGE('',*,*,#1703,.F.);
#1726 = ORIENTED_EDGE('',*,*,#1677,.T.);
#1727 = ORIENTED_EDGE('',*,*,#1728,.F.);
#1728 = EDGE_CURVE('',#503,#1431,#1729,.T.);
#1729 = SURFACE_CURVE('',#1730,(#1734,#1740),.PCURVE_S1.);
#1730 = LINE('',#1731,#1732);
#1731 = CARTESIAN_POINT('',(5.605314303622,-7.745137663079,-1.));
#1732 = VECTOR('',#1733,1.);
#1733 = DIRECTION('',(0.500000000117,0.500000000117,-0.707106781022));
#1734 = PCURVE('',#520,#1735);
#1735 = DEFINITIONAL_REPRESENTATION('',(#1736),#1739);
#1736 = B_SPLINE_CURVE_WITH_KNOTS('',1,(#1737,#1738),.UNSPECIFIED.,.F.,
  .F.,(2,2),(0.,0.707106781022),.PIECEWISE_BEZIER_KNOTS.);
#1737 = CARTESIAN_POINT('',(1.,-0.502786611037));
#1738 = CARTESIAN_POINT('',(2.333533140383E-10,-0.502786611037));
#1739 = ( GEOMETRIC_REPRESENTATION_CONTEXT(2) 
PARAMETRIC_REPRESENTATION_CONTEXT() REPRESENTATION_CONTEXT('2D SPACE',''
  ) );
#1740 = PCURVE('',#560,#1741);
#1741 = DEFINITIONAL_REPRESENTATION('',(#1742),#1746);
#1742 = LINE('',#1743,#1744);
#1743 = CARTESIAN_POINT('',(-2.614164717676,-4.30935963371));
#1744 = VECTOR('',#1745,1.);
#1745 = DIRECTION('',(-0.816496580928,0.57735026919));
#1746 = ( GEOMETRIC_REPRESENTATION_CONTEXT(2) 
PARAMETRIC_REPRESENTATION_CONTEXT() REPRESENTATION_CONTEXT('2D SPACE',''
  ) );
#1747 = ORIENTED_EDGE('',*,*,#502,.T.);
#1748 = ADVANCED_FACE('',(#1749),#560,.T.);
#1749 = FACE_BOUND('',#1750,.T.);
#1750 = EDGE_LOOP('',(#1751,#1774,#1775,#1776,#1799));
#1751 = ORIENTED_EDGE('',*,*,#1752,.T.);
#1752 = EDGE_CURVE('',#1753,#545,#1755,.T.);
#1753 = VERTEX_POINT('',#1754);
#1754 = CARTESIAN_POINT('',(6.066794897652,-7.85899402874,
    -1.245807449184));
#1755 = SURFACE_CURVE('',#1756,(#1760,#1767),.PCURVE_S1.);
#1756 = LINE('',#1757,#1758);
#1757 = CARTESIAN_POINT('',(5.042504619711,-7.799319223752,
    -0.563721307021));
#1758 = VECTOR('',#1759,1.);
#1759 = DIRECTION('',(-0.831363597074,4.843496184375E-02,0.553614147156)
  );
#1760 = PCURVE('',#560,#1761);
#1761 = DEFINITIONAL_REPRESENTATION('',(#1762),#1766);
#1762 = LINE('',#1763,#1764);
#1763 = CARTESIAN_POINT('',(-1.902746914217,-4.37192311099));
#1764 = VECTOR('',#1765,1.);
#1765 = DIRECTION('',(0.998434811406,5.592787651736E-02));
#1766 = ( GEOMETRIC_REPRESENTATION_CONTEXT(2) 
PARAMETRIC_REPRESENTATION_CONTEXT() REPRESENTATION_CONTEXT('2D SPACE',''
  ) );
#1767 = PCURVE('',#588,#1768);
#1768 = DEFINITIONAL_REPRESENTATION('',(#1769),#1773);
#1769 = LINE('',#1770,#1771);
#1770 = CARTESIAN_POINT('',(-2.957495380289,-0.565874630834));
#1771 = VECTOR('',#1772,1.);
#1772 = DIRECTION('',(-0.831363597074,0.55572886326));
#1773 = ( GEOMETRIC_REPRESENTATION_CONTEXT(2) 
PARAMETRIC_REPRESENTATION_CONTEXT() REPRESENTATION_CONTEXT('2D SPACE',''
  ) );
#1774 = ORIENTED_EDGE('',*,*,#544,.T.);
#1775 = ORIENTED_EDGE('',*,*,#1728,.T.);
#1776 = ORIENTED_EDGE('',*,*,#1777,.T.);
#1777 = EDGE_CURVE('',#1431,#1778,#1780,.T.);
#1778 = VERTEX_POINT('',#1779);
#1779 = CARTESIAN_POINT('',(6.421454238195,-7.854170816465,-1.5));
#1780 = SURFACE_CURVE('',#1781,(#1785,#1792),.PCURVE_S1.);
#1781 = LINE('',#1782,#1783);
#1782 = CARTESIAN_POINT('',(2.403629472676,-3.836346050946,-1.5));
#1783 = VECTOR('',#1784,1.);
#1784 = DIRECTION('',(0.707106781187,-0.707106781187,0.));
#1785 = PCURVE('',#560,#1786);
#1786 = DEFINITIONAL_REPRESENTATION('',(#1787),#1791);
#1787 = LINE('',#1788,#1789);
#1788 = CARTESIAN_POINT('',(-0.288675134595,0.204124145232));
#1789 = VECTOR('',#1790,1.);
#1790 = DIRECTION('',(-0.57735026919,-0.816496580928));
#1791 = ( GEOMETRIC_REPRESENTATION_CONTEXT(2) 
PARAMETRIC_REPRESENTATION_CONTEXT() REPRESENTATION_CONTEXT('2D SPACE',''
  ) );
#1792 = PCURVE('',#1447,#1793);
#1793 = DEFINITIONAL_REPRESENTATION('',(#1794),#1798);
#1794 = LINE('',#1795,#1796);
#1795 = CARTESIAN_POINT('',(-4.412329007191,1.5));
#1796 = VECTOR('',#1797,1.);
#1797 = DIRECTION('',(1.,0.));
#1798 = ( GEOMETRIC_REPRESENTATION_CONTEXT(2) 
PARAMETRIC_REPRESENTATION_CONTEXT() REPRESENTATION_CONTEXT('2D SPACE',''
  ) );
#1799 = ORIENTED_EDGE('',*,*,#1800,.T.);
#1800 = EDGE_CURVE('',#1778,#1753,#1801,.T.);
#1801 = SURFACE_CURVE('',#1802,(#1807,#1814),.PCURVE_S1.);
#1802 = ELLIPSE('',#1803,2.92124429235,2.05);
#1803 = AXIS2_PLACEMENT_3D('',#1804,#1805,#1806);
#1804 = CARTESIAN_POINT('',(6.177501616044,-5.927501616044,
    -2.68986030331));
#1805 = DIRECTION('',(-0.5,-0.5,-0.707106781187));
#1806 = DIRECTION('',(0.614393108083,0.370641151082,-0.696524404357));
#1807 = PCURVE('',#560,#1808);
#1808 = DEFINITIONAL_REPRESENTATION('',(#1809),#1813);
#1809 = ELLIPSE('',#1810,2.92124429235,2.05);
#1810 = AXIS2_PLACEMENT_2D('',#1811,#1812);
#1811 = CARTESIAN_POINT('',(-4.056995002928,-2.210534311622));
#1812 = DIRECTION('',(-0.903788424448,0.4279795367));
#1813 = ( GEOMETRIC_REPRESENTATION_CONTEXT(2) 
PARAMETRIC_REPRESENTATION_CONTEXT() REPRESENTATION_CONTEXT('2D SPACE',''
  ) );
#1814 = PCURVE('',#1815,#1820);
#1815 = CYLINDRICAL_SURFACE('',#1816,2.05);
#1816 = AXIS2_PLACEMENT_3D('',#1817,#1818,#1819);
#1817 = CARTESIAN_POINT('',(5.914770572082,-5.664770572082,
    0.313169270739));
#1818 = DIRECTION('',(-8.682659386425E-02,8.682659386425E-02,
    0.992432509139));
#1819 = DIRECTION('',(0.701755757082,-0.701755757082,0.122791346617));
#1820 = DEFINITIONAL_REPRESENTATION('',(#1821),#1824);
#1821 = B_SPLINE_CURVE_WITH_KNOTS('',1,(#1822,#1823),.UNSPECIFIED.,.F.,
  .F.,(2,2),(2.067860542295,2.230216659353),.PIECEWISE_BEZIER_KNOTS.);
#1822 = CARTESIAN_POINT('',(5.663941359113,-2.033539911574));
#1823 = CARTESIAN_POINT('',(5.501585242055,-1.750895881135));
#1824 = ( GEOMETRIC_REPRESENTATION_CONTEXT(2) 
PARAMETRIC_REPRESENTATION_CONTEXT() REPRESENTATION_CONTEXT('2D SPACE',''
  ) );
#1825 = ADVANCED_FACE('',(#1826),#588,.T.);
#1826 = FACE_BOUND('',#1827,.T.);
#1827 = EDGE_LOOP('',(#1828,#1829,#1830,#1853,#1895,#1923,#1965,#1993));
#1828 = ORIENTED_EDGE('',*,*,#572,.T.);
#1829 = ORIENTED_EDGE('',*,*,#1752,.F.);
#1830 = ORIENTED_EDGE('',*,*,#1831,.T.);
#1831 = EDGE_CURVE('',#1753,#1832,#1834,.T.);
#1832 = VERTEX_POINT('',#1833);
#1833 = CARTESIAN_POINT('',(5.913710035588,-7.705909166676,
    0.503960530961));
#1834 = SURFACE_CURVE('',#1835,(#1839,#1846),.PCURVE_S1.);
#1835 = LINE('',#1836,#1837);
#1836 = CARTESIAN_POINT('',(5.914770572082,-7.70696970317,0.491838543372
    ));
#1837 = VECTOR('',#1838,1.);
#1838 = DIRECTION('',(-8.682659386425E-02,8.682659386425E-02,
    0.992432509139));
#1839 = PCURVE('',#588,#1840);
#1840 = DEFINITIONAL_REPRESENTATION('',(#1841),#1845);
#1841 = LINE('',#1842,#1843);
#1842 = CARTESIAN_POINT('',(-2.085229427918,0.493717286705));
#1843 = VECTOR('',#1844,1.);
#1844 = DIRECTION('',(-8.682659386425E-02,0.996223440097));
#1845 = ( GEOMETRIC_REPRESENTATION_CONTEXT(2) 
PARAMETRIC_REPRESENTATION_CONTEXT() REPRESENTATION_CONTEXT('2D SPACE',''
  ) );
#1846 = PCURVE('',#1815,#1847);
#1847 = DEFINITIONAL_REPRESENTATION('',(#1848),#1852);
#1848 = LINE('',#1849,#1850);
#1849 = CARTESIAN_POINT('',(5.501585242055,-1.998401444325E-15));
#1850 = VECTOR('',#1851,1.);
#1851 = DIRECTION('',(0.,1.));
#1852 = ( GEOMETRIC_REPRESENTATION_CONTEXT(2) 
PARAMETRIC_REPRESENTATION_CONTEXT() REPRESENTATION_CONTEXT('2D SPACE',''
  ) );
#1853 = ORIENTED_EDGE('',*,*,#1854,.F.);
#1854 = EDGE_CURVE('',#1855,#1832,#1857,.T.);
#1855 = VERTEX_POINT('',#1856);
#1856 = CARTESIAN_POINT('',(5.826567873623,-7.705922747459,
    0.503805301908));
#1857 = SURFACE_CURVE('',#1858,(#1863,#1871),.PCURVE_S1.);
#1858 = B_SPLINE_CURVE_WITH_KNOTS('',3,(#1859,#1860,#1861,#1862),
  .UNSPECIFIED.,.F.,.F.,(4,4),(-0.781600065124,-0.740989609687),
  .PIECEWISE_BEZIER_KNOTS.);
#1859 = CARTESIAN_POINT('',(5.826567873623,-7.705922747459,
    0.503805301908));
#1860 = CARTESIAN_POINT('',(5.855603395645,-7.705922747459,
    0.503805301908));
#1861 = CARTESIAN_POINT('',(5.884634960023,-7.70591831721,0.503855939884
    ));
#1862 = CARTESIAN_POINT('',(5.913710035588,-7.705909166676,
    0.503960530961));
#1863 = PCURVE('',#588,#1864);
#1864 = DEFINITIONAL_REPRESENTATION('',(#1865),#1870);
#1865 = B_SPLINE_CURVE_WITH_KNOTS('',3,(#1866,#1867,#1868,#1869),
  .UNSPECIFIED.,.F.,.F.,(4,4),(-0.781600065124,-0.740989609687),
  .PIECEWISE_BEZIER_KNOTS.);
#1866 = CARTESIAN_POINT('',(-2.173432126377,0.505729756315));
#1867 = CARTESIAN_POINT('',(-2.144396604355,0.505729756315));
#1868 = CARTESIAN_POINT('',(-2.115365039977,0.505780587719));
#1869 = CARTESIAN_POINT('',(-2.086289964412,0.505885578318));
#1870 = ( GEOMETRIC_REPRESENTATION_CONTEXT(2) 
PARAMETRIC_REPRESENTATION_CONTEXT() REPRESENTATION_CONTEXT('2D SPACE',''
  ) );
#1871 = PCURVE('',#1872,#1889);
#1872 = B_SPLINE_SURFACE_WITH_KNOTS('',3,3,(
    (#1873,#1874,#1875,#1876)
    ,(#1877,#1878,#1879,#1880)
    ,(#1881,#1882,#1883,#1884)
    ,(#1885,#1886,#1887,#1888
    )),.UNSPECIFIED.,.F.,.F.,.F.,(4,4),(4,4),(0.,1.),(0.740989609687,
    0.781600065124),.PIECEWISE_BEZIER_KNOTS.);
#1873 = CARTESIAN_POINT('',(5.913710035588,-7.705909166676,
    0.503960530961));
#1874 = CARTESIAN_POINT('',(5.884634960023,-7.70591831721,0.503855939884
    ));
#1875 = CARTESIAN_POINT('',(5.855603395645,-7.705922747459,
    0.503805301908));
#1876 = CARTESIAN_POINT('',(5.826567873623,-7.705922747459,
    0.503805301908));
#1877 = CARTESIAN_POINT('',(5.898968713341,-7.343237907364,
    0.835973687307));
#1878 = CARTESIAN_POINT('',(5.874822082973,-7.34343761709,0.835903959922
    ));
#1879 = CARTESIAN_POINT('',(5.850697710795,-7.343537499876,
    0.835870201272));
#1880 = CARTESIAN_POINT('',(5.826567873623,-7.343537499876,
    0.835870201272));
#1881 = CARTESIAN_POINT('',(5.884227391094,-6.980566648052,
    1.167986843654));
#1882 = CARTESIAN_POINT('',(5.865009205922,-6.980956916969,
    1.167951979961));
#1883 = CARTESIAN_POINT('',(5.845792025945,-6.981152252294,
    1.167935100636));
#1884 = CARTESIAN_POINT('',(5.826567873623,-6.981152252294,
    1.167935100636));
#1885 = CARTESIAN_POINT('',(5.869486068847,-6.61789538874,1.5));
#1886 = CARTESIAN_POINT('',(5.855196328872,-6.618476216849,1.5));
#1887 = CARTESIAN_POINT('',(5.840886341095,-6.618767004711,1.5));
#1888 = CARTESIAN_POINT('',(5.826567873623,-6.618767004711,1.5));
#1889 = DEFINITIONAL_REPRESENTATION('',(#1890),#1894);
#1890 = LINE('',#1891,#1892);
#1891 = CARTESIAN_POINT('',(2.825966178285E-14,-1.221245327088E-15));
#1892 = VECTOR('',#1893,1.);
#1893 = DIRECTION('',(3.711144750921E-14,-1.));
#1894 = ( GEOMETRIC_REPRESENTATION_CONTEXT(2) 
PARAMETRIC_REPRESENTATION_CONTEXT() REPRESENTATION_CONTEXT('2D SPACE',''
  ) );
#1895 = ORIENTED_EDGE('',*,*,#1896,.F.);
#1896 = EDGE_CURVE('',#1897,#1855,#1899,.T.);
#1897 = VERTEX_POINT('',#1898);
#1898 = CARTESIAN_POINT('',(-5.826567873623,-7.705922747459,
    0.503805301908));
#1899 = SURFACE_CURVE('',#1900,(#1904,#1911),.PCURVE_S1.);
#1900 = LINE('',#1901,#1902);
#1901 = CARTESIAN_POINT('',(4.,-7.705922747459,0.503805301908));
#1902 = VECTOR('',#1903,1.);
#1903 = DIRECTION('',(1.,0.,0.));
#1904 = PCURVE('',#588,#1905);
#1905 = DEFINITIONAL_REPRESENTATION('',(#1906),#1910);
#1906 = LINE('',#1907,#1908);
#1907 = CARTESIAN_POINT('',(-4.,0.505729756315));
#1908 = VECTOR('',#1909,1.);
#1909 = DIRECTION('',(1.,0.));
#1910 = ( GEOMETRIC_REPRESENTATION_CONTEXT(2) 
PARAMETRIC_REPRESENTATION_CONTEXT() REPRESENTATION_CONTEXT('2D SPACE',''
  ) );
#1911 = PCURVE('',#1912,#1917);
#1912 = PLANE('',#1913);
#1913 = AXIS2_PLACEMENT_3D('',#1914,#1915,#1916);
#1914 = CARTESIAN_POINT('',(4.,-7.162344876085,1.001902650954));
#1915 = DIRECTION('',(0.,-0.675590207616,0.73727733681));
#1916 = DIRECTION('',(1.,0.,0.));
#1917 = DEFINITIONAL_REPRESENTATION('',(#1918),#1922);
#1918 = LINE('',#1919,#1920);
#1919 = CARTESIAN_POINT('',(0.,-0.73727733681));
#1920 = VECTOR('',#1921,1.);
#1921 = DIRECTION('',(1.,0.));
#1922 = ( GEOMETRIC_REPRESENTATION_CONTEXT(2) 
PARAMETRIC_REPRESENTATION_CONTEXT() REPRESENTATION_CONTEXT('2D SPACE',''
  ) );
#1923 = ORIENTED_EDGE('',*,*,#1924,.F.);
#1924 = EDGE_CURVE('',#1925,#1897,#1927,.T.);
#1925 = VERTEX_POINT('',#1926);
#1926 = CARTESIAN_POINT('',(-5.913710035588,-7.705909166676,
    0.503960530961));
#1927 = SURFACE_CURVE('',#1928,(#1933,#1941),.PCURVE_S1.);
#1928 = B_SPLINE_CURVE_WITH_KNOTS('',3,(#1929,#1930,#1931,#1932),
  .UNSPECIFIED.,.F.,.F.,(4,4),(0.740989609687,0.781600065124),
  .PIECEWISE_BEZIER_KNOTS.);
#1929 = CARTESIAN_POINT('',(-5.913710035588,-7.705909166676,
    0.503960530961));
#1930 = CARTESIAN_POINT('',(-5.884634960023,-7.70591831721,
    0.503855939884));
#1931 = CARTESIAN_POINT('',(-5.855603395645,-7.705922747459,
    0.503805301908));
#1932 = CARTESIAN_POINT('',(-5.826567873623,-7.705922747459,
    0.503805301908));
#1933 = PCURVE('',#588,#1934);
#1934 = DEFINITIONAL_REPRESENTATION('',(#1935),#1940);
#1935 = B_SPLINE_CURVE_WITH_KNOTS('',3,(#1936,#1937,#1938,#1939),
  .UNSPECIFIED.,.F.,.F.,(4,4),(0.740989609687,0.781600065124),
  .PIECEWISE_BEZIER_KNOTS.);
#1936 = CARTESIAN_POINT('',(-13.91371003558,0.505885578318));
#1937 = CARTESIAN_POINT('',(-13.88463496002,0.505780587719));
#1938 = CARTESIAN_POINT('',(-13.85560339564,0.505729756315));
#1939 = CARTESIAN_POINT('',(-13.82656787362,0.505729756315));
#1940 = ( GEOMETRIC_REPRESENTATION_CONTEXT(2) 
PARAMETRIC_REPRESENTATION_CONTEXT() REPRESENTATION_CONTEXT('2D SPACE',''
  ) );
#1941 = PCURVE('',#1942,#1959);
#1942 = B_SPLINE_SURFACE_WITH_KNOTS('',3,3,(
    (#1943,#1944,#1945,#1946)
    ,(#1947,#1948,#1949,#1950)
    ,(#1951,#1952,#1953,#1954)
    ,(#1955,#1956,#1957,#1958
    )),.UNSPECIFIED.,.F.,.F.,.F.,(4,4),(4,4),(0.,1.),(-0.781600065124,
    -0.740989609687),.PIECEWISE_BEZIER_KNOTS.);
#1943 = CARTESIAN_POINT('',(-5.826567873623,-7.705922747459,
    0.503805301908));
#1944 = CARTESIAN_POINT('',(-5.855603395645,-7.705922747459,
    0.503805301908));
#1945 = CARTESIAN_POINT('',(-5.884634960023,-7.70591831721,
    0.503855939884));
#1946 = CARTESIAN_POINT('',(-5.913710035588,-7.705909166676,
    0.503960530961));
#1947 = CARTESIAN_POINT('',(-5.826567873623,-7.343537499876,
    0.835870201272));
#1948 = CARTESIAN_POINT('',(-5.850697710795,-7.343537499876,
    0.835870201272));
#1949 = CARTESIAN_POINT('',(-5.874822082973,-7.34343761709,
    0.835903959922));
#1950 = CARTESIAN_POINT('',(-5.898968713341,-7.343237907364,
    0.835973687307));
#1951 = CARTESIAN_POINT('',(-5.826567873623,-6.981152252294,
    1.167935100636));
#1952 = CARTESIAN_POINT('',(-5.845792025945,-6.981152252294,
    1.167935100636));
#1953 = CARTESIAN_POINT('',(-5.865009205922,-6.980956916969,
    1.167951979961));
#1954 = CARTESIAN_POINT('',(-5.884227391094,-6.980566648052,
    1.167986843654));
#1955 = CARTESIAN_POINT('',(-5.826567873623,-6.618767004711,1.5));
#1956 = CARTESIAN_POINT('',(-5.840886341096,-6.618767004711,1.5));
#1957 = CARTESIAN_POINT('',(-5.855196328872,-6.618476216849,1.5));
#1958 = CARTESIAN_POINT('',(-5.869486068847,-6.61789538874,1.5));
#1959 = DEFINITIONAL_REPRESENTATION('',(#1960),#1964);
#1960 = LINE('',#1961,#1962);
#1961 = CARTESIAN_POINT('',(2.339629839779E-14,-1.110223024625E-16));
#1962 = VECTOR('',#1963,1.);
#1963 = DIRECTION('',(-3.192225140662E-14,-1.));
#1964 = ( GEOMETRIC_REPRESENTATION_CONTEXT(2) 
PARAMETRIC_REPRESENTATION_CONTEXT() REPRESENTATION_CONTEXT('2D SPACE',''
  ) );
#1965 = ORIENTED_EDGE('',*,*,#1966,.F.);
#1966 = EDGE_CURVE('',#1967,#1925,#1969,.T.);
#1967 = VERTEX_POINT('',#1968);
#1968 = CARTESIAN_POINT('',(-6.06679490596,-7.858994037048,
    -1.245807544152));
#1969 = SURFACE_CURVE('',#1970,(#1974,#1981),.PCURVE_S1.);
#1970 = LINE('',#1971,#1972);
#1971 = CARTESIAN_POINT('',(-5.912885857731,-7.705084988819,
    0.513380926974));
#1972 = VECTOR('',#1973,1.);
#1973 = DIRECTION('',(8.682659386425E-02,8.682659386425E-02,
    0.992432509139));
#1974 = PCURVE('',#588,#1975);
#1975 = DEFINITIONAL_REPRESENTATION('',(#1976),#1980);
#1976 = LINE('',#1977,#1978);
#1977 = CARTESIAN_POINT('',(-13.91288585773,0.515341958713));
#1978 = VECTOR('',#1979,1.);
#1979 = DIRECTION('',(8.682659386425E-02,0.996223440097));
#1980 = ( GEOMETRIC_REPRESENTATION_CONTEXT(2) 
PARAMETRIC_REPRESENTATION_CONTEXT() REPRESENTATION_CONTEXT('2D SPACE',''
  ) );
#1981 = PCURVE('',#1982,#1987);
#1982 = CYLINDRICAL_SURFACE('',#1983,2.05);
#1983 = AXIS2_PLACEMENT_3D('',#1984,#1985,#1986);
#1984 = CARTESIAN_POINT('',(-5.912885857731,-5.662885857731,
    0.334711654341));
#1985 = DIRECTION('',(8.682659386425E-02,8.682659386425E-02,
    0.992432509139));
#1986 = DIRECTION('',(-0.701755757082,-0.701755757082,0.122791346617));
#1987 = DEFINITIONAL_REPRESENTATION('',(#1988),#1992);
#1988 = LINE('',#1989,#1990);
#1989 = CARTESIAN_POINT('',(7.064785372304,-1.554312234475E-15));
#1990 = VECTOR('',#1991,1.);
#1991 = DIRECTION('',(0.,1.));
#1992 = ( GEOMETRIC_REPRESENTATION_CONTEXT(2) 
PARAMETRIC_REPRESENTATION_CONTEXT() REPRESENTATION_CONTEXT('2D SPACE',''
  ) );
#1993 = ORIENTED_EDGE('',*,*,#1994,.F.);
#1994 = EDGE_CURVE('',#573,#1967,#1995,.T.);
#1995 = SURFACE_CURVE('',#1996,(#2000,#2007),.PCURVE_S1.);
#1996 = LINE('',#1997,#1998);
#1997 = CARTESIAN_POINT('',(0.263869631292,-7.490171663316,
    2.969851478037));
#1998 = VECTOR('',#1999,1.);
#1999 = DIRECTION('',(-0.831363597074,-4.843496184375E-02,
    -0.553614147156));
#2000 = PCURVE('',#588,#2001);
#2001 = DEFINITIONAL_REPRESENTATION('',(#2002),#2006);
#2002 = LINE('',#2003,#2004);
#2003 = CARTESIAN_POINT('',(-7.736130368708,2.981195828211));
#2004 = VECTOR('',#2005,1.);
#2005 = DIRECTION('',(-0.831363597074,-0.55572886326));
#2006 = ( GEOMETRIC_REPRESENTATION_CONTEXT(2) 
PARAMETRIC_REPRESENTATION_CONTEXT() REPRESENTATION_CONTEXT('2D SPACE',''
  ) );
#2007 = PCURVE('',#616,#2008);
#2008 = DEFINITIONAL_REPRESENTATION('',(#2009),#2013);
#2009 = LINE('',#2010,#2011);
#2010 = CARTESIAN_POINT('',(-4.967754250799,-3.311017475504));
#2011 = VECTOR('',#2012,1.);
#2012 = DIRECTION('',(0.998434811406,-5.592787651736E-02));
#2013 = ( GEOMETRIC_REPRESENTATION_CONTEXT(2) 
PARAMETRIC_REPRESENTATION_CONTEXT() REPRESENTATION_CONTEXT('2D SPACE',''
  ) );
#2014 = ADVANCED_FACE('',(#2015),#616,.T.);
#2015 = FACE_BOUND('',#2016,.T.);
#2016 = EDGE_LOOP('',(#2017,#2040,#2061,#2062,#2063));
#2017 = ORIENTED_EDGE('',*,*,#2018,.T.);
#2018 = EDGE_CURVE('',#1967,#2019,#2021,.T.);
#2019 = VERTEX_POINT('',#2020);
#2020 = CARTESIAN_POINT('',(-6.421454122814,-7.854170835388,-1.5));
#2021 = SURFACE_CURVE('',#2022,(#2027,#2034),.PCURVE_S1.);
#2022 = ELLIPSE('',#2023,2.92124429235,2.05);
#2023 = AXIS2_PLACEMENT_3D('',#2024,#2025,#2026);
#2024 = CARTESIAN_POINT('',(-6.177501624353,-5.927501624353,
    -2.689860398278));
#2025 = DIRECTION('',(0.5,-0.5,-0.707106781187));
#2026 = DIRECTION('',(-0.614393108083,0.370641151082,-0.696524404357));
#2027 = PCURVE('',#616,#2028);
#2028 = DEFINITIONAL_REPRESENTATION('',(#2029),#2033);
#2029 = ELLIPSE('',#2030,2.92124429235,2.05);
#2030 = AXIS2_PLACEMENT_2D('',#2031,#2032);
#2031 = CARTESIAN_POINT('',(3.559239531247,-1.506601540204));
#2032 = DIRECTION('',(0.903788424448,0.4279795367));
#2033 = ( GEOMETRIC_REPRESENTATION_CONTEXT(2) 
PARAMETRIC_REPRESENTATION_CONTEXT() REPRESENTATION_CONTEXT('2D SPACE',''
  ) );
#2034 = PCURVE('',#1982,#2035);
#2035 = DEFINITIONAL_REPRESENTATION('',(#2036),#2039);
#2036 = B_SPLINE_CURVE_WITH_KNOTS('',1,(#2037,#2038),.UNSPECIFIED.,.F.,
  .F.,(2,2),(4.052968647827,4.215324707995),.PIECEWISE_BEZIER_KNOTS.);
#2037 = CARTESIAN_POINT('',(7.064785372304,-1.772602625293));
#2038 = CARTESIAN_POINT('',(6.902429312135,-2.055246551665));
#2039 = ( GEOMETRIC_REPRESENTATION_CONTEXT(2) 
PARAMETRIC_REPRESENTATION_CONTEXT() REPRESENTATION_CONTEXT('2D SPACE',''
  ) );
#2040 = ORIENTED_EDGE('',*,*,#2041,.T.);
#2041 = EDGE_CURVE('',#2019,#655,#2042,.T.);
#2042 = SURFACE_CURVE('',#2043,(#2047,#2054),.PCURVE_S1.);
#2043 = LINE('',#2044,#2045);
#2044 = CARTESIAN_POINT('',(-3.013253009284,-4.445969721859,-1.5));
#2045 = VECTOR('',#2046,1.);
#2046 = DIRECTION('',(0.707106781187,0.707106781187,0.));
#2047 = PCURVE('',#616,#2048);
#2048 = DEFINITIONAL_REPRESENTATION('',(#2049),#2053);
#2049 = LINE('',#2050,#2051);
#2050 = CARTESIAN_POINT('',(0.288675134595,0.204124145232));
#2051 = VECTOR('',#2052,1.);
#2052 = DIRECTION('',(-0.57735026919,0.816496580928));
#2053 = ( GEOMETRIC_REPRESENTATION_CONTEXT(2) 
PARAMETRIC_REPRESENTATION_CONTEXT() REPRESENTATION_CONTEXT('2D SPACE',''
  ) );
#2054 = PCURVE('',#988,#2055);
#2055 = DEFINITIONAL_REPRESENTATION('',(#2056),#2060);
#2056 = LINE('',#2057,#2058);
#2057 = CARTESIAN_POINT('',(5.274466975572,1.5));
#2058 = VECTOR('',#2059,1.);
#2059 = DIRECTION('',(1.,0.));
#2060 = ( GEOMETRIC_REPRESENTATION_CONTEXT(2) 
PARAMETRIC_REPRESENTATION_CONTEXT() REPRESENTATION_CONTEXT('2D SPACE',''
  ) );
#2061 = ORIENTED_EDGE('',*,*,#654,.T.);
#2062 = ORIENTED_EDGE('',*,*,#600,.T.);
#2063 = ORIENTED_EDGE('',*,*,#1994,.T.);
#2064 = ADVANCED_FACE('',(#2065),#794,.T.);
#2065 = FACE_BOUND('',#2066,.T.);
#2066 = EDGE_LOOP('',(#2067,#2068,#2069,#2093,#2137));
#2067 = ORIENTED_EDGE('',*,*,#1227,.T.);
#2068 = ORIENTED_EDGE('',*,*,#777,.F.);
#2069 = ORIENTED_EDGE('',*,*,#2070,.F.);
#2070 = EDGE_CURVE('',#2071,#778,#2073,.T.);
#2071 = VERTEX_POINT('',#2072);
#2072 = CARTESIAN_POINT('',(-6.396453798991,-5.728813585367,
    -2.99999999989));
#2073 = SURFACE_CURVE('',#2074,(#2079,#2086),.PCURVE_S1.);
#2074 = CIRCLE('',#2075,2.789718885006);
#2075 = AXIS2_PLACEMENT_3D('',#2076,#2077,#2078);
#2076 = CARTESIAN_POINT('',(-8.149178954109,-7.899178989645,-3.));
#2077 = DIRECTION('',(0.,0.,-1.));
#2078 = DIRECTION('',(1.,0.,0.));
#2079 = PCURVE('',#794,#2080);
#2080 = DEFINITIONAL_REPRESENTATION('',(#2081),#2085);
#2081 = LINE('',#2082,#2083);
#2082 = CARTESIAN_POINT('',(6.28318530718,-1.05720783858E-15));
#2083 = VECTOR('',#2084,1.);
#2084 = DIRECTION('',(-1.,1.817770216968E-16));
#2085 = ( GEOMETRIC_REPRESENTATION_CONTEXT(2) 
PARAMETRIC_REPRESENTATION_CONTEXT() REPRESENTATION_CONTEXT('2D SPACE',''
  ) );
#2086 = PCURVE('',#924,#2087);
#2087 = DEFINITIONAL_REPRESENTATION('',(#2088),#2092);
#2088 = CIRCLE('',#2089,2.789718885006);
#2089 = AXIS2_PLACEMENT_2D('',#2090,#2091);
#2090 = CARTESIAN_POINT('',(-0.591576402614,0.5915764216));
#2091 = DIRECTION('',(1.,0.));
#2092 = ( GEOMETRIC_REPRESENTATION_CONTEXT(2) 
PARAMETRIC_REPRESENTATION_CONTEXT() REPRESENTATION_CONTEXT('2D SPACE',''
  ) );
#2093 = ORIENTED_EDGE('',*,*,#2094,.F.);
#2094 = EDGE_CURVE('',#2095,#2071,#2097,.T.);
#2095 = VERTEX_POINT('',#2096);
#2096 = CARTESIAN_POINT('',(-6.214388202632,-5.564508287334,
    -0.228681318632));
#2097 = SURFACE_CURVE('',#2098,(#2103,#2109),.PCURVE_S1.);
#2098 = B_SPLINE_CURVE_WITH_KNOTS('',3,(#2099,#2100,#2101,#2102),
  .UNSPECIFIED.,.F.,.F.,(4,4),(-0.378657653009,-0.100456651568),
  .PIECEWISE_BEZIER_KNOTS.);
#2099 = CARTESIAN_POINT('',(-6.214388205052,-5.564508287487,
    -0.228681318465));
#2100 = CARTESIAN_POINT('',(-6.274638488968,-5.619543455315,
    -1.152458416282));
#2101 = CARTESIAN_POINT('',(-6.335264584632,-5.674345576323,
    -2.076231891727));
#2102 = CARTESIAN_POINT('',(-6.396453772916,-5.728813597834,
    -3.000000000737));
#2103 = PCURVE('',#794,#2104);
#2104 = DEFINITIONAL_REPRESENTATION('',(#2105),#2108);
#2105 = B_SPLINE_CURVE_WITH_KNOTS('',1,(#2106,#2107),.UNSPECIFIED.,.F.,
  .F.,(2,2),(-0.378657653009,-0.100456651568),.PIECEWISE_BEZIER_KNOTS.);
#2106 = CARTESIAN_POINT('',(0.87878623725,2.771318681535));
#2107 = CARTESIAN_POINT('',(0.891455652621,-1.495363441908E-10));
#2108 = ( GEOMETRIC_REPRESENTATION_CONTEXT(2) 
PARAMETRIC_REPRESENTATION_CONTEXT() REPRESENTATION_CONTEXT('2D SPACE',''
  ) );
#2109 = PCURVE('',#2110,#2131);
#2110 = B_SPLINE_SURFACE_WITH_KNOTS('',3,3,(
    (#2111,#2112,#2113,#2114)
    ,(#2115,#2116,#2117,#2118)
    ,(#2119,#2120,#2121,#2122)
    ,(#2123,#2124,#2125,#2126)
    ,(#2127,#2128,#2129,#2130
  )),.UNSPECIFIED.,.F.,.F.,.F.,(4,1,4),(4,4),(0.,0.571428571429,1.),(
    9.170740706394E-02,0.378657653009),.UNSPECIFIED.);
#2111 = CARTESIAN_POINT('',(-7.734872375809,-5.802155849502,-3.));
#2112 = CARTESIAN_POINT('',(-7.675591355492,-5.742874829186,
    -2.047180321598));
#2113 = CARTESIAN_POINT('',(-7.616356691476,-5.683640165169,
    -1.094354875556));
#2114 = CARTESIAN_POINT('',(-7.557153044501,-5.624436518195,
    -0.141525575717));
#2115 = CARTESIAN_POINT('',(-7.538356735711,-5.605640209405,
    -3.024452995498));
#2116 = CARTESIAN_POINT('',(-7.478419676303,-5.545657748513,
    -2.071704684345));
#2117 = CARTESIAN_POINT('',(-7.418588905118,-5.485908147153,
    -1.118937968974));
#2118 = CARTESIAN_POINT('',(-7.358881344597,-5.426164818291,
    -0.16616463274));
#2119 = CARTESIAN_POINT('',(-7.044064482788,-5.417532292568,
    -3.066909484637));
#2120 = CARTESIAN_POINT('',(-6.981896506457,-5.357568456074,
    -2.114276226699));
#2121 = CARTESIAN_POINT('',(-6.920173448383,-5.297719432042,
    -1.161615144333));
#2122 = CARTESIAN_POINT('',(-6.85874390246,-5.238001789544,
    -0.208931892414));
#2123 = CARTESIAN_POINT('',(-6.564961763476,-5.602436669103,
    -3.085213449522));
#2124 = CARTESIAN_POINT('',(-6.501702097487,-5.545023420566,
    -2.13247960586));
#2125 = CARTESIAN_POINT('',(-6.439080292017,-5.487425161765,
    -1.179726892384));
#2126 = CARTESIAN_POINT('',(-6.37683367025,-5.429691250504,
    -0.226964637722));
#2127 = CARTESIAN_POINT('',(-6.402228532672,-5.733951557227,
    -3.087155742748));
#2128 = CARTESIAN_POINT('',(-6.33907826061,-5.677792329506,
    -2.134336064345));
#2129 = CARTESIAN_POINT('',(-6.276533322066,-5.62127427633,
    -1.181510618303));
#2130 = CARTESIAN_POINT('',(-6.214388205052,-5.564508287487,
    -0.228681318465));
#2131 = DEFINITIONAL_REPRESENTATION('',(#2132),#2136);
#2132 = LINE('',#2133,#2134);
#2133 = CARTESIAN_POINT('',(1.,0.));
#2134 = VECTOR('',#2135,1.);
#2135 = DIRECTION('',(1.11740232884E-14,-1.));
#2136 = ( GEOMETRIC_REPRESENTATION_CONTEXT(2) 
PARAMETRIC_REPRESENTATION_CONTEXT() REPRESENTATION_CONTEXT('2D SPACE',''
  ) );
#2137 = ORIENTED_EDGE('',*,*,#2138,.T.);
#2138 = EDGE_CURVE('',#2095,#1201,#2139,.T.);
#2139 = SURFACE_CURVE('',#2140,(#2147,#2176),.PCURVE_S1.);
#2140 = B_SPLINE_CURVE_WITH_KNOTS('',3,(#2141,#2142,#2143,#2144,#2145,
    #2146),.UNSPECIFIED.,.F.,.F.,(4,2,4),(1.114889772947,1.134674233312,
    1.145726782956),.UNSPECIFIED.);
#2141 = CARTESIAN_POINT('',(-6.21438820182,-5.56450829063,
    -0.228681322551));
#2142 = CARTESIAN_POINT('',(-6.166880864855,-5.599424403919,
    -0.189480919052));
#2143 = CARTESIAN_POINT('',(-6.118196900491,-5.638420576286,
    -0.156853734513));
#2144 = CARTESIAN_POINT('',(-6.046841328931,-5.700277825468,
    -0.116259965418));
#2145 = CARTESIAN_POINT('',(-6.021567423947,-5.723138873522,
    -0.103368961684));
#2146 = CARTESIAN_POINT('',(-5.996642204077,-5.74664219889,
    -9.187683366402E-02));
#2147 = PCURVE('',#794,#2148);
#2148 = DEFINITIONAL_REPRESENTATION('',(#2149),#2175);
#2149 = B_SPLINE_CURVE_WITH_KNOTS('',3,(#2150,#2151,#2152,#2153,#2154,
    #2155,#2156,#2157,#2158,#2159,#2160,#2161,#2162,#2163,#2164,#2165,
    #2166,#2167,#2168,#2169,#2170,#2171,#2172,#2173,#2174),
  .UNSPECIFIED.,.F.,.F.,(4,1,1,1,1,1,1,1,1,1,1,1,1,1,1,1,1,1,1,1,1,1,4),
  (1.114889772947,1.116291455221,1.117693137494,1.119094819767,
    1.12049650204,1.121898184313,1.123299866586,1.124701548859,
    1.126103231132,1.127504913405,1.128906595678,1.130308277952,
    1.131709960225,1.133111642498,1.134513324771,1.135915007044,
    1.137316689317,1.13871837159,1.140120053863,1.141521736136,
    1.142923418409,1.144325100683,1.145726782956),
  .QUASI_UNIFORM_KNOTS.);
#2150 = CARTESIAN_POINT('',(0.878786235768,2.771318677449));
#2151 = CARTESIAN_POINT('',(0.877410991833,2.774095932145));
#2152 = CARTESIAN_POINT('',(0.874649546957,2.779584370528));
#2153 = CARTESIAN_POINT('',(0.870478109217,2.787618881667));
#2154 = CARTESIAN_POINT('',(0.866281002326,2.795455319032));
#2155 = CARTESIAN_POINT('',(0.862061825169,2.803093734041));
#2156 = CARTESIAN_POINT('',(0.857824174586,2.810534163935));
#2157 = CARTESIAN_POINT('',(0.853571644881,2.817776629464));
#2158 = CARTESIAN_POINT('',(0.849307827032,2.824821135902));
#2159 = CARTESIAN_POINT('',(0.845036309741,2.831667670358));
#2160 = CARTESIAN_POINT('',(0.840760673299,2.838316210775));
#2161 = CARTESIAN_POINT('',(0.836484510269,2.844766692111));
#2162 = CARTESIAN_POINT('',(0.832211346026,2.851019132295));
#2163 = CARTESIAN_POINT('',(0.827944933053,2.857073162126));
#2164 = CARTESIAN_POINT('',(0.823688150422,2.862929779834));
#2165 = CARTESIAN_POINT('',(0.819447108865,2.868584803261));
#2166 = CARTESIAN_POINT('',(0.815215828451,2.874053307105));
#2167 = CARTESIAN_POINT('',(0.810973901533,2.879371160865));
#2168 = CARTESIAN_POINT('',(0.806726718851,2.884533191744));
#2169 = CARTESIAN_POINT('',(0.802473015535,2.88954481699));
#2170 = CARTESIAN_POINT('',(0.798213310905,2.894408615235));
#2171 = CARTESIAN_POINT('',(0.793947647001,2.89912792469));
#2172 = CARTESIAN_POINT('',(0.789676194502,2.903705879013));
#2173 = CARTESIAN_POINT('',(0.786824791744,2.906665736747));
#2174 = CARTESIAN_POINT('',(0.785398172857,2.908123166336));
#2175 = ( GEOMETRIC_REPRESENTATION_CONTEXT(2) 
PARAMETRIC_REPRESENTATION_CONTEXT() REPRESENTATION_CONTEXT('2D SPACE',''
  ) );
#2176 = PCURVE('',#1216,#2177);
#2177 = DEFINITIONAL_REPRESENTATION('',(#2178),#2181);
#2178 = B_SPLINE_CURVE_WITH_KNOTS('',1,(#2179,#2180),.UNSPECIFIED.,.F.,
  .F.,(2,2),(1.114889772947,1.145726782956),.PIECEWISE_BEZIER_KNOTS.);
#2179 = CARTESIAN_POINT('',(5.187909271548E-02,-1.68950829063));
#2180 = CARTESIAN_POINT('',(0.309748155326,-1.87164219889));
#2181 = ( GEOMETRIC_REPRESENTATION_CONTEXT(2) 
PARAMETRIC_REPRESENTATION_CONTEXT() REPRESENTATION_CONTEXT('2D SPACE',''
  ) );
#2182 = ADVANCED_FACE('',(#2183),#924,.T.);
#2183 = FACE_BOUND('',#2184,.T.);
#2184 = EDGE_LOOP('',(#2185,#2348,#2349,#2350,#2373,#2406,#2435,#2468));
#2185 = ORIENTED_EDGE('',*,*,#2186,.F.);
#2186 = EDGE_CURVE('',#2071,#2187,#2189,.T.);
#2187 = VERTEX_POINT('',#2188);
#2188 = CARTESIAN_POINT('',(-7.734872375808,-5.802155849502,
    -2.999999999995));
#2189 = SURFACE_CURVE('',#2190,(#2231,#2275),.PCURVE_S1.);
#2190 = B_SPLINE_CURVE_WITH_KNOTS('',3,(#2191,#2192,#2193,#2194,#2195,
    #2196,#2197,#2198,#2199,#2200,#2201,#2202,#2203,#2204,#2205,#2206,
    #2207,#2208,#2209,#2210,#2211,#2212,#2213,#2214,#2215,#2216,#2217,
    #2218,#2219,#2220,#2221,#2222,#2223,#2224,#2225,#2226,#2227,#2228,
    #2229,#2230),.UNSPECIFIED.,.F.,.F.,(4,3,3,3,3,3,3,3,3,3,3,3,3,4),(0.
    ,1.317781076486E-02,2.657282018238E-02,3.893517788432E-02,
    5.233121443477E-02,6.30495342145E-02,7.646499254574E-02,
    7.797375645773E-02,9.128211407748E-02,0.104754718188,0.11258809819,
    0.126076733182,0.139282465203,0.147220310764),.UNSPECIFIED.);
#2191 = CARTESIAN_POINT('',(-6.396453772883,-5.728813597804,
    -3.000000000237));
#2192 = CARTESIAN_POINT('',(-6.430627468811,-5.701215716065,
    -3.000000013299));
#2193 = CARTESIAN_POINT('',(-6.466578891758,-5.676024204456,
    -2.999992514212));
#2194 = CARTESIAN_POINT('',(-6.503996457567,-5.653301945263,
    -2.999985391343));
#2195 = CARTESIAN_POINT('',(-6.542030745306,-5.630205174388,
    -2.999978151075));
#2196 = CARTESIAN_POINT('',(-6.581580935613,-5.60965917481,
    -2.99997126954));
#2197 = CARTESIAN_POINT('',(-6.622352466356,-5.591772242152,
    -2.999968368436));
#2198 = CARTESIAN_POINT('',(-6.659980827142,-5.57526425378,
    -2.999965690986));
#2199 = CARTESIAN_POINT('',(-6.698650502065,-5.561021305736,
    -2.999966330236));
#2200 = CARTESIAN_POINT('',(-6.738142326226,-5.54916580291,
    -2.99997004271));
#2201 = CARTESIAN_POINT('',(-6.780936260253,-5.536319001919,
    -2.999974065602));
#2202 = CARTESIAN_POINT('',(-6.824413889727,-5.526359613222,
    -2.999981556596));
#2203 = CARTESIAN_POINT('',(-6.868278422811,-5.519379587558,
    -2.999988335134));
#2204 = CARTESIAN_POINT('',(-6.903374929961,-5.513794790379,
    -2.999993758719));
#2205 = CARTESIAN_POINT('',(-6.938719932156,-5.510118070759,
    -2.999998628976));
#2206 = CARTESIAN_POINT('',(-6.974168065192,-5.508419564645,
    -2.999998956968));
#2207 = CARTESIAN_POINT('',(-7.018536302138,-5.506293649533,
    -2.999999367495));
#2208 = CARTESIAN_POINT('',(-7.063066937151,-5.507265324727,
    -2.999992702032));
#2209 = CARTESIAN_POINT('',(-7.107487956976,-5.511232145923,
    -2.999985258362));
#2210 = CARTESIAN_POINT('',(-7.112483748397,-5.51167827281,
    -2.999984421213));
#2211 = CARTESIAN_POINT('',(-7.117478143143,-5.512162336254,
    -2.999983571554));
#2212 = CARTESIAN_POINT('',(-7.122470744667,-5.512684230307,
    -2.999982716466));
#2213 = CARTESIAN_POINT('',(-7.166508997447,-5.517287702492,
    -2.99997517399));
#2214 = CARTESIAN_POINT('',(-7.210142366934,-5.524802433842,
    -2.999967302491));
#2215 = CARTESIAN_POINT('',(-7.253109094207,-5.535079594819,
    -2.999962186125));
#2216 = CARTESIAN_POINT('',(-7.296606099848,-5.545483592456,
    -2.999957006616));
#2217 = CARTESIAN_POINT('',(-7.339421017202,-5.558718929705,
    -2.999954562687));
#2218 = CARTESIAN_POINT('',(-7.381274468733,-5.574683285803,
    -2.999955299854));
#2219 = CARTESIAN_POINT('',(-7.405609332847,-5.583965445865,
    -2.999955728466));
#2220 = CARTESIAN_POINT('',(-7.429618931925,-5.594171125175,
    -2.999957188126));
#2221 = CARTESIAN_POINT('',(-7.453244861442,-5.605287542074,
    -2.999959527618));
#2222 = CARTESIAN_POINT('',(-7.493927368799,-5.62442937994,
    -2.99996355609));
#2223 = CARTESIAN_POINT('',(-7.533243817916,-5.646161037409,
    -2.999970094905));
#2224 = CARTESIAN_POINT('',(-7.570921451342,-5.670365669809,
    -2.999977097634));
#2225 = CARTESIAN_POINT('',(-7.60780885548,-5.694062647994,
    -2.999983953492));
#2226 = CARTESIAN_POINT('',(-7.643126413514,-5.720130491412,
    -2.999991161721));
#2227 = CARTESIAN_POINT('',(-7.676594310176,-5.748502242641,
    -2.999995631779));
#2228 = CARTESIAN_POINT('',(-7.696711558846,-5.765556244583,
    -2.99999831869));
#2229 = CARTESIAN_POINT('',(-7.716159983067,-5.78344345676,-3.));
#2230 = CARTESIAN_POINT('',(-7.734872375809,-5.802155849502,-3.));
#2231 = PCURVE('',#924,#2232);
#2232 = DEFINITIONAL_REPRESENTATION('',(#2233),#2274);
#2233 = B_SPLINE_CURVE_WITH_KNOTS('',3,(#2234,#2235,#2236,#2237,#2238,
    #2239,#2240,#2241,#2242,#2243,#2244,#2245,#2246,#2247,#2248,#2249,
    #2250,#2251,#2252,#2253,#2254,#2255,#2256,#2257,#2258,#2259,#2260,
    #2261,#2262,#2263,#2264,#2265,#2266,#2267,#2268,#2269,#2270,#2271,
    #2272,#2273),.UNSPECIFIED.,.F.,.F.,(4,3,3,3,3,3,3,3,3,3,3,3,3,4),(0.
    ,1.317781076486E-02,2.657282018238E-02,3.893517788432E-02,
    5.233121443477E-02,6.30495342145E-02,7.646499254574E-02,
    7.797375645773E-02,9.128211407748E-02,0.104754718188,0.11258809819,
    0.126076733182,0.139282465203,0.147220310764),.UNSPECIFIED.);
#2234 = CARTESIAN_POINT('',(1.161148778612,-1.578788970241));
#2235 = CARTESIAN_POINT('',(1.126975082684,-1.606386851981));
#2236 = CARTESIAN_POINT('',(1.091023659737,-1.631578363589));
#2237 = CARTESIAN_POINT('',(1.053606093928,-1.654300622782));
#2238 = CARTESIAN_POINT('',(1.015571806189,-1.677397393658));
#2239 = CARTESIAN_POINT('',(0.976021615882,-1.697943393236));
#2240 = CARTESIAN_POINT('',(0.935250085139,-1.715830325894));
#2241 = CARTESIAN_POINT('',(0.897621724353,-1.732338314265));
#2242 = CARTESIAN_POINT('',(0.85895204943,-1.74658126231));
#2243 = CARTESIAN_POINT('',(0.819460225269,-1.758436765136));
#2244 = CARTESIAN_POINT('',(0.776666291242,-1.771283566127));
#2245 = CARTESIAN_POINT('',(0.733188661768,-1.781242954824));
#2246 = CARTESIAN_POINT('',(0.689324128684,-1.788222980488));
#2247 = CARTESIAN_POINT('',(0.654227621534,-1.793807777667));
#2248 = CARTESIAN_POINT('',(0.618882619339,-1.797484497287));
#2249 = CARTESIAN_POINT('',(0.583434486303,-1.799183003401));
#2250 = CARTESIAN_POINT('',(0.539066249357,-1.801308918513));
#2251 = CARTESIAN_POINT('',(0.494535614344,-1.800337243319));
#2252 = CARTESIAN_POINT('',(0.450114594519,-1.796370422123));
#2253 = CARTESIAN_POINT('',(0.445118803098,-1.795924295236));
#2254 = CARTESIAN_POINT('',(0.440124408352,-1.795440231792));
#2255 = CARTESIAN_POINT('',(0.435131806828,-1.794918337739));
#2256 = CARTESIAN_POINT('',(0.391093554048,-1.790314865554));
#2257 = CARTESIAN_POINT('',(0.347460184561,-1.782800134204));
#2258 = CARTESIAN_POINT('',(0.304493457288,-1.772522973227));
#2259 = CARTESIAN_POINT('',(0.260996451647,-1.76211897559));
#2260 = CARTESIAN_POINT('',(0.218181534294,-1.748883638341));
#2261 = CARTESIAN_POINT('',(0.176328082762,-1.732919282243));
#2262 = CARTESIAN_POINT('',(0.151993218648,-1.72363712218));
#2263 = CARTESIAN_POINT('',(0.12798361957,-1.71343144287));
#2264 = CARTESIAN_POINT('',(0.104357690053,-1.702315025972));
#2265 = CARTESIAN_POINT('',(6.367518269601E-02,-1.683173188106));
#2266 = CARTESIAN_POINT('',(2.435873357905E-02,-1.661441530636));
#2267 = CARTESIAN_POINT('',(-1.331889984656E-02,-1.637236898237));
#2268 = CARTESIAN_POINT('',(-5.020630398493E-02,-1.613539920052));
#2269 = CARTESIAN_POINT('',(-8.552386201917E-02,-1.587472076634));
#2270 = CARTESIAN_POINT('',(-0.118991758681,-1.559100325405));
#2271 = CARTESIAN_POINT('',(-0.139109007351,-1.542046323463));
#2272 = CARTESIAN_POINT('',(-0.158557431572,-1.524159111285));
#2273 = CARTESIAN_POINT('',(-0.177269824314,-1.505446718543));
#2274 = ( GEOMETRIC_REPRESENTATION_CONTEXT(2) 
PARAMETRIC_REPRESENTATION_CONTEXT() REPRESENTATION_CONTEXT('2D SPACE',''
  ) );
#2275 = PCURVE('',#2110,#2276);
#2276 = DEFINITIONAL_REPRESENTATION('',(#2277),#2347);
#2277 = B_SPLINE_CURVE_WITH_KNOTS('',3,(#2278,#2279,#2280,#2281,#2282,
    #2283,#2284,#2285,#2286,#2287,#2288,#2289,#2290,#2291,#2292,#2293,
    #2294,#2295,#2296,#2297,#2298,#2299,#2300,#2301,#2302,#2303,#2304,
    #2305,#2306,#2307,#2308,#2309,#2310,#2311,#2312,#2313,#2314,#2315,
    #2316,#2317,#2318,#2319,#2320,#2321,#2322,#2323,#2324,#2325,#2326,
    #2327,#2328,#2329,#2330,#2331,#2332,#2333,#2334,#2335,#2336,#2337,
    #2338,#2339,#2340,#2341,#2342,#2343,#2344,#2345,#2346),
  .UNSPECIFIED.,.F.,.F.,(4,1,1,1,1,1,1,1,1,1,1,1,1,1,1,1,1,1,1,1,1,1,1,1
    ,1,1,1,1,1,1,1,1,1,1,1,1,1,1,1,1,1,1,1,1,1,1,1,1,1,1,1,1,1,1,1,1,1,1
    ,1,1,1,1,1,1,1,1,4),(0.,2.230610769147E-03,4.461221538293E-03,
    6.69183230744E-03,8.922443076587E-03,1.115305384573E-02,
    1.338366461488E-02,1.561427538403E-02,1.784488615317E-02,
    2.007549692232E-02,2.230610769147E-02,2.453671846061E-02,
    2.676732922976E-02,2.899793999891E-02,3.122855076805E-02,
    3.34591615372E-02,3.568977230635E-02,3.792038307549E-02,
    4.015099384464E-02,4.238160461379E-02,4.461221538293E-02,
    4.684282615208E-02,4.907343692123E-02,5.130404769037E-02,
    5.353465845952E-02,5.576526922867E-02,5.799587999781E-02,
    6.022649076696E-02,6.245710153611E-02,6.468771230525E-02,
    6.69183230744E-02,6.914893384355E-02,7.137954461269E-02,
    7.361015538184E-02,7.584076615099E-02,7.807137692013E-02,
    8.030198768928E-02,8.253259845843E-02,8.476320922758E-02,
    8.699381999672E-02,8.922443076587E-02,9.145504153502E-02,
    9.368565230416E-02,9.591626307331E-02,9.814687384246E-02,
    0.100377484612,0.102608095381,0.10483870615,0.107069316919,
    0.109299927688,0.111530538457,0.113761149226,0.115991759996,
    0.118222370765,0.120452981534,0.122683592303,0.124914203072,
    0.127144813841,0.129375424611,0.13160603538,0.133836646149,
    0.136067256918,0.138297867687,0.140528478456,0.142759089225,
    0.144989699995,0.147220310764),.QUASI_UNIFORM_KNOTS.);
#2278 = CARTESIAN_POINT('',(1.,0.100456651619));
#2279 = CARTESIAN_POINT('',(0.994925623613,0.100449753461));
#2280 = CARTESIAN_POINT('',(0.984782609545,0.100434514154));
#2281 = CARTESIAN_POINT('',(0.969583379848,0.100407348197));
#2282 = CARTESIAN_POINT('',(0.954397506807,0.100375897225));
#2283 = CARTESIAN_POINT('',(0.93922309081,0.100340183217));
#2284 = CARTESIAN_POINT('',(0.924058257709,0.100300228152));
#2285 = CARTESIAN_POINT('',(0.908901217408,0.100256054008));
#2286 = CARTESIAN_POINT('',(0.893750095125,0.100207682763));
#2287 = CARTESIAN_POINT('',(0.878602965997,0.100155136398));
#2288 = CARTESIAN_POINT('',(0.863457965604,0.100098436893));
#2289 = CARTESIAN_POINT('',(0.848313205178,0.100037606228));
#2290 = CARTESIAN_POINT('',(0.833166796758,9.997266638187E-02));
#2291 = CARTESIAN_POINT('',(0.818016888622,9.990363932727E-02));
#2292 = CARTESIAN_POINT('',(0.802861545595,9.983054706779E-02));
#2293 = CARTESIAN_POINT('',(0.78769891719,9.97534114891E-02));
#2294 = CARTESIAN_POINT('',(0.772527225381,9.967225492593E-02));
#2295 = CARTESIAN_POINT('',(0.757344404297,9.958709803233E-02));
#2296 = CARTESIAN_POINT('',(0.742149232859,9.94979677327E-02));
#2297 = CARTESIAN_POINT('',(0.726937214303,9.940486754866E-02));
#2298 = CARTESIAN_POINT('',(0.711745677979,9.930807604662E-02));
#2299 = CARTESIAN_POINT('',(0.696567711737,9.920761145151E-02));
#2300 = CARTESIAN_POINT('',(0.68140273915,9.910352807772E-02));
#2301 = CARTESIAN_POINT('',(0.666248524616,9.89958705694E-02));
#2302 = CARTESIAN_POINT('',(0.651103316567,9.888468616183E-02));
#2303 = CARTESIAN_POINT('',(0.635965319354,9.877002139593E-02));
#2304 = CARTESIAN_POINT('',(0.620832587676,9.865192299871E-02));
#2305 = CARTESIAN_POINT('',(0.605703251951,9.853043764785E-02));
#2306 = CARTESIAN_POINT('',(0.590575429159,9.840561203247E-02));
#2307 = CARTESIAN_POINT('',(0.57544724992,9.827749284559E-02));
#2308 = CARTESIAN_POINT('',(0.560316832204,9.814612675263E-02));
#2309 = CARTESIAN_POINT('',(0.54518227907,9.801156052373E-02));
#2310 = CARTESIAN_POINT('',(0.530041759488,9.787384053877E-02));
#2311 = CARTESIAN_POINT('',(0.514893517694,9.773301463625E-02));
#2312 = CARTESIAN_POINT('',(0.499735242667,9.758912521086E-02));
#2313 = CARTESIAN_POINT('',(0.484566619175,9.744223497237E-02));
#2314 = CARTESIAN_POINT('',(0.469379812054,9.729233081157E-02));
#2315 = CARTESIAN_POINT('',(0.454195300584,9.713968435726E-02));
#2316 = CARTESIAN_POINT('',(0.439027763406,9.698452636645E-02));
#2317 = CARTESIAN_POINT('',(0.423870839974,9.682687513856E-02));
#2318 = CARTESIAN_POINT('',(0.408723834222,9.666680590057E-02));
#2319 = CARTESIAN_POINT('',(0.393584561094,9.650437862558E-02));
#2320 = CARTESIAN_POINT('',(0.37845131513,9.633965737373E-02));
#2321 = CARTESIAN_POINT('',(0.363322201307,9.617270511067E-02));
#2322 = CARTESIAN_POINT('',(0.348195319811,9.600358509448E-02));
#2323 = CARTESIAN_POINT('',(0.333068821343,9.583236050844E-02));
#2324 = CARTESIAN_POINT('',(0.317940827211,9.565909454112E-02));
#2325 = CARTESIAN_POINT('',(0.302809464024,9.548385043417E-02));
#2326 = CARTESIAN_POINT('',(0.287672853662,9.530669121239E-02));
#2327 = CARTESIAN_POINT('',(0.272529166747,9.51276807167E-02));
#2328 = CARTESIAN_POINT('',(0.257376364532,9.494687974046E-02));
#2329 = CARTESIAN_POINT('',(0.242213302996,9.47643604478E-02));
#2330 = CARTESIAN_POINT('',(0.227035417095,9.458015256852E-02));
#2331 = CARTESIAN_POINT('',(0.211874273163,9.43947327255E-02));
#2332 = CARTESIAN_POINT('',(0.196724118403,9.420812564852E-02));
#2333 = CARTESIAN_POINT('',(0.181584095354,9.402041478829E-02));
#2334 = CARTESIAN_POINT('',(0.166452062432,9.383166786201E-02));
#2335 = CARTESIAN_POINT('',(0.151326250577,9.364195680348E-02));
#2336 = CARTESIAN_POINT('',(0.136204864948,9.345135241816E-02));
#2337 = CARTESIAN_POINT('',(0.121085976307,9.325992581257E-02));
#2338 = CARTESIAN_POINT('',(0.105967753339,9.306774800993E-02));
#2339 = CARTESIAN_POINT('',(9.084833665966E-02,9.287489005651E-02));
#2340 = CARTESIAN_POINT('',(7.572585818173E-02,9.268142299343E-02));
#2341 = CARTESIAN_POINT('',(6.059844884232E-02,9.248741786411E-02));
#2342 = CARTESIAN_POINT('',(4.546424892608E-02,9.229294571272E-02));
#2343 = CARTESIAN_POINT('',(3.032139707299E-02,9.209807758019E-02));
#2344 = CARTESIAN_POINT('',(1.51680642451E-02,9.190288450822E-02));
#2345 = CARTESIAN_POINT('',(5.057602034892E-03,9.177258652916E-02));
#2346 = CARTESIAN_POINT('',(0.,9.170740706394E-02));
#2347 = ( GEOMETRIC_REPRESENTATION_CONTEXT(2) 
PARAMETRIC_REPRESENTATION_CONTEXT() REPRESENTATION_CONTEXT('2D SPACE',''
  ) );
#2348 = ORIENTED_EDGE('',*,*,#2070,.T.);
#2349 = ORIENTED_EDGE('',*,*,#805,.F.);
#2350 = ORIENTED_EDGE('',*,*,#2351,.F.);
#2351 = EDGE_CURVE('',#2352,#806,#2354,.T.);
#2352 = VERTEX_POINT('',#2353);
#2353 = CARTESIAN_POINT('',(-6.742864374856,-8.175581087431,-3.));
#2354 = SURFACE_CURVE('',#2355,(#2359,#2366),.PCURVE_S1.);
#2355 = LINE('',#2356,#2357);
#2356 = CARTESIAN_POINT('',(-6.742864374856,-8.175581087431,-3.));
#2357 = VECTOR('',#2358,1.);
#2358 = DIRECTION('',(0.707106781187,0.707106781187,0.));
#2359 = PCURVE('',#924,#2360);
#2360 = DEFINITIONAL_REPRESENTATION('',(#2361),#2365);
#2361 = LINE('',#2362,#2363);
#2362 = CARTESIAN_POINT('',(0.814738176639,0.867978519385));
#2363 = VECTOR('',#2364,1.);
#2364 = DIRECTION('',(0.707106781187,-0.707106781187));
#2365 = ( GEOMETRIC_REPRESENTATION_CONTEXT(2) 
PARAMETRIC_REPRESENTATION_CONTEXT() REPRESENTATION_CONTEXT('2D SPACE',''
  ) );
#2366 = PCURVE('',#988,#2367);
#2367 = DEFINITIONAL_REPRESENTATION('',(#2368),#2372);
#2368 = LINE('',#2369,#2370);
#2369 = CARTESIAN_POINT('',(0.,0.));
#2370 = VECTOR('',#2371,1.);
#2371 = DIRECTION('',(1.,0.));
#2372 = ( GEOMETRIC_REPRESENTATION_CONTEXT(2) 
PARAMETRIC_REPRESENTATION_CONTEXT() REPRESENTATION_CONTEXT('2D SPACE',''
  ) );
#2373 = ORIENTED_EDGE('',*,*,#2374,.F.);
#2374 = EDGE_CURVE('',#2375,#2352,#2377,.T.);
#2375 = VERTEX_POINT('',#2376);
#2376 = CARTESIAN_POINT('',(-7.67390413717,-8.279231880763,-3.));
#2377 = SURFACE_CURVE('',#2378,(#2383,#2394),.PCURVE_S1.);
#2378 = CIRCLE('',#2379,0.75);
#2379 = AXIS2_PLACEMENT_3D('',#2380,#2381,#2382);
#2380 = CARTESIAN_POINT('',(-7.273194460746,-7.645251001541,-3.));
#2381 = DIRECTION('',(0.,0.,1.));
#2382 = DIRECTION('',(0.402220874971,-0.91554266298,0.));
#2383 = PCURVE('',#924,#2384);
#2384 = DEFINITIONAL_REPRESENTATION('',(#2385),#2393);
#2385 = ( BOUNDED_CURVE() B_SPLINE_CURVE(2,(#2386,#2387,#2388,#2389,
#2390,#2391,#2392),.UNSPECIFIED.,.T.,.F.) B_SPLINE_CURVE_WITH_KNOTS((1,2
    ,2,2,2,1),(-2.094395102393,0.,2.094395102393,4.188790204786,
6.28318530718,8.377580409573),.UNSPECIFIED.) CURVE() 
GEOMETRIC_REPRESENTATION_ITEM() RATIONAL_B_SPLINE_CURVE((1.,0.5,1.,0.5,
1.,0.5,1.)) REPRESENTATION_ITEM('') );
#2386 = CARTESIAN_POINT('',(0.586073746978,1.02430543073));
#2387 = CARTESIAN_POINT('',(1.775398553562,0.501805187244));
#2388 = CARTESIAN_POINT('',(0.728237665927,-0.266930186866));
#2389 = CARTESIAN_POINT('',(-0.318923221708,-1.035665560976));
#2390 = CARTESIAN_POINT('',(-0.461087140657,0.25557005662));
#2391 = CARTESIAN_POINT('',(-0.603251059607,1.546805674217));
#2392 = CARTESIAN_POINT('',(0.586073746978,1.02430543073));
#2393 = ( GEOMETRIC_REPRESENTATION_CONTEXT(2) 
PARAMETRIC_REPRESENTATION_CONTEXT() REPRESENTATION_CONTEXT('2D SPACE',''
  ) );
#2394 = PCURVE('',#2395,#2400);
#2395 = CYLINDRICAL_SURFACE('',#2396,0.75);
#2396 = AXIS2_PLACEMENT_3D('',#2397,#2398,#2399);
#2397 = CARTESIAN_POINT('',(-7.273194460746,-7.645251001541,-3.));
#2398 = DIRECTION('',(0.,0.,1.));
#2399 = DIRECTION('',(0.402220874971,-0.91554266298,0.));
#2400 = DEFINITIONAL_REPRESENTATION('',(#2401),#2405);
#2401 = LINE('',#2402,#2403);
#2402 = CARTESIAN_POINT('',(8.881784197001E-16,0.));
#2403 = VECTOR('',#2404,1.);
#2404 = DIRECTION('',(1.,0.));
#2405 = ( GEOMETRIC_REPRESENTATION_CONTEXT(2) 
PARAMETRIC_REPRESENTATION_CONTEXT() REPRESENTATION_CONTEXT('2D SPACE',''
  ) );
#2406 = ORIENTED_EDGE('',*,*,#2407,.T.);
#2407 = EDGE_CURVE('',#2375,#2408,#2410,.T.);
#2408 = VERTEX_POINT('',#2409);
#2409 = CARTESIAN_POINT('',(-8.529231781575,-7.423904294101,-3.));
#2410 = SURFACE_CURVE('',#2411,(#2416,#2423),.PCURVE_S1.);
#2411 = CIRCLE('',#2412,2.75);
#2412 = AXIS2_PLACEMENT_3D('',#2413,#2414,#2415);
#2413 = CARTESIAN_POINT('',(-6.204635323614,-5.954635323614,-3.));
#2414 = DIRECTION('',(0.,0.,-1.));
#2415 = DIRECTION('',(1.,0.,0.));
#2416 = PCURVE('',#924,#2417);
#2417 = DEFINITIONAL_REPRESENTATION('',(#2418),#2422);
#2418 = CIRCLE('',#2419,2.75);
#2419 = AXIS2_PLACEMENT_2D('',#2420,#2421);
#2420 = CARTESIAN_POINT('',(1.352967227881,-1.352967244432));
#2421 = DIRECTION('',(1.,0.));
#2422 = ( GEOMETRIC_REPRESENTATION_CONTEXT(2) 
PARAMETRIC_REPRESENTATION_CONTEXT() REPRESENTATION_CONTEXT('2D SPACE',''
  ) );
#2423 = PCURVE('',#2424,#2429);
#2424 = CYLINDRICAL_SURFACE('',#2425,2.75);
#2425 = AXIS2_PLACEMENT_3D('',#2426,#2427,#2428);
#2426 = CARTESIAN_POINT('',(-6.204635323614,-5.954635323614,-3.));
#2427 = DIRECTION('',(0.,0.,1.));
#2428 = DIRECTION('',(1.,0.,-0.));
#2429 = DEFINITIONAL_REPRESENTATION('',(#2430),#2434);
#2430 = LINE('',#2431,#2432);
#2431 = CARTESIAN_POINT('',(6.28318530718,0.));
#2432 = VECTOR('',#2433,1.);
#2433 = DIRECTION('',(-1.,0.));
#2434 = ( GEOMETRIC_REPRESENTATION_CONTEXT(2) 
PARAMETRIC_REPRESENTATION_CONTEXT() REPRESENTATION_CONTEXT('2D SPACE',''
  ) );
#2435 = ORIENTED_EDGE('',*,*,#2436,.F.);
#2436 = EDGE_CURVE('',#2437,#2408,#2439,.T.);
#2437 = VERTEX_POINT('',#2438);
#2438 = CARTESIAN_POINT('',(-8.425581015293,-6.492864488987,-3.));
#2439 = SURFACE_CURVE('',#2440,(#2445,#2456),.PCURVE_S1.);
#2440 = CIRCLE('',#2441,0.75);
#2441 = AXIS2_PLACEMENT_3D('',#2442,#2443,#2444);
#2442 = CARTESIAN_POINT('',(-7.895250929404,-7.023194574877,-3.));
#2443 = DIRECTION('',(0.,0.,1.));
#2444 = DIRECTION('',(-0.915542690134,0.402220813164,0.));
#2445 = PCURVE('',#924,#2446);
#2446 = DEFINITIONAL_REPRESENTATION('',(#2447),#2455);
#2447 = ( BOUNDED_CURVE() B_SPLINE_CURVE(2,(#2448,#2449,#2450,#2451,
#2452,#2453,#2454),.UNSPECIFIED.,.T.,.F.) B_SPLINE_CURVE_WITH_KNOTS((1,2
    ,2,2,2,1),(-2.094395102393,0.,2.094395102393,4.188790204786,
6.28318530718,8.377580409573),.UNSPECIFIED.) CURVE() 
GEOMETRIC_REPRESENTATION_ITEM() RATIONAL_B_SPLINE_CURVE((1.,0.5,1.,0.5,
1.,0.5,1.)) REPRESENTATION_ITEM('') );
#2448 = CARTESIAN_POINT('',(-1.024305395509,-0.586073603041));
#2449 = CARTESIAN_POINT('',(-1.546805558705,0.603251238816));
#2450 = CARTESIAN_POINT('',(-0.255569950707,0.461087232697));
#2451 = CARTESIAN_POINT('',(1.035665657292,0.318923226578));
#2452 = CARTESIAN_POINT('',(0.26693021249,-0.728237609161));
#2453 = CARTESIAN_POINT('',(-0.501805232313,-1.775398444899));
#2454 = CARTESIAN_POINT('',(-1.024305395509,-0.586073603041));
#2455 = ( GEOMETRIC_REPRESENTATION_CONTEXT(2) 
PARAMETRIC_REPRESENTATION_CONTEXT() REPRESENTATION_CONTEXT('2D SPACE',''
  ) );
#2456 = PCURVE('',#2457,#2462);
#2457 = CYLINDRICAL_SURFACE('',#2458,0.75);
#2458 = AXIS2_PLACEMENT_3D('',#2459,#2460,#2461);
#2459 = CARTESIAN_POINT('',(-7.895250929404,-7.023194574877,-3.));
#2460 = DIRECTION('',(0.,0.,1.));
#2461 = DIRECTION('',(-0.915542690134,0.402220813164,0.));
#2462 = DEFINITIONAL_REPRESENTATION('',(#2463),#2467);
#2463 = LINE('',#2464,#2465);
#2464 = CARTESIAN_POINT('',(-6.28318530718,0.));
#2465 = VECTOR('',#2466,1.);
#2466 = DIRECTION('',(1.,0.));
#2467 = ( GEOMETRIC_REPRESENTATION_CONTEXT(2) 
PARAMETRIC_REPRESENTATION_CONTEXT() REPRESENTATION_CONTEXT('2D SPACE',''
  ) );
#2468 = ORIENTED_EDGE('',*,*,#2469,.T.);
#2469 = EDGE_CURVE('',#2437,#2187,#2470,.T.);
#2470 = SURFACE_CURVE('',#2471,(#2475,#2482),.PCURVE_S1.);
#2471 = LINE('',#2472,#2473);
#2472 = CARTESIAN_POINT('',(-8.425581015293,-6.492864488987,-3.));
#2473 = VECTOR('',#2474,1.);
#2474 = DIRECTION('',(0.707106781187,0.707106781187,0.));
#2475 = PCURVE('',#924,#2476);
#2476 = DEFINITIONAL_REPRESENTATION('',(#2477),#2481);
#2477 = LINE('',#2478,#2479);
#2478 = CARTESIAN_POINT('',(-0.867978463798,-0.814738079058));
#2479 = VECTOR('',#2480,1.);
#2480 = DIRECTION('',(0.707106781187,-0.707106781187));
#2481 = ( GEOMETRIC_REPRESENTATION_CONTEXT(2) 
PARAMETRIC_REPRESENTATION_CONTEXT() REPRESENTATION_CONTEXT('2D SPACE',''
  ) );
#2482 = PCURVE('',#2483,#2488);
#2483 = PLANE('',#2484);
#2484 = AXIS2_PLACEMENT_3D('',#2485,#2486,#2487);
#2485 = CARTESIAN_POINT('',(-7.206333779197,-5.273617252891,-3.));
#2486 = DIRECTION('',(-0.707106781187,0.707106781187,0.));
#2487 = DIRECTION('',(-0.707106781187,-0.707106781187,0.));
#2488 = DEFINITIONAL_REPRESENTATION('',(#2489),#2493);
#2489 = LINE('',#2490,#2491);
#2490 = CARTESIAN_POINT('',(1.724275977173,0.));
#2491 = VECTOR('',#2492,1.);
#2492 = DIRECTION('',(-1.,0.));
#2493 = ( GEOMETRIC_REPRESENTATION_CONTEXT(2) 
PARAMETRIC_REPRESENTATION_CONTEXT() REPRESENTATION_CONTEXT('2D SPACE',''
  ) );
#2494 = ADVANCED_FACE('',(#2495),#988,.T.);
#2495 = FACE_BOUND('',#2496,.T.);
#2496 = EDGE_LOOP('',(#2497,#2498,#2526,#2547,#2548));
#2497 = ORIENTED_EDGE('',*,*,#2041,.F.);
#2498 = ORIENTED_EDGE('',*,*,#2499,.F.);
#2499 = EDGE_CURVE('',#2500,#2019,#2502,.T.);
#2500 = VERTEX_POINT('',#2501);
#2501 = CARTESIAN_POINT('',(-6.742864374856,-8.175581087431,-1.5));
#2502 = SURFACE_CURVE('',#2503,(#2507,#2514),.PCURVE_S1.);
#2503 = LINE('',#2504,#2505);
#2504 = CARTESIAN_POINT('',(-6.742864374856,-8.175581087431,-1.5));
#2505 = VECTOR('',#2506,1.);
#2506 = DIRECTION('',(0.707106781187,0.707106781187,0.));
#2507 = PCURVE('',#988,#2508);
#2508 = DEFINITIONAL_REPRESENTATION('',(#2509),#2513);
#2509 = LINE('',#2510,#2511);
#2510 = CARTESIAN_POINT('',(0.,1.5));
#2511 = VECTOR('',#2512,1.);
#2512 = DIRECTION('',(1.,0.));
#2513 = ( GEOMETRIC_REPRESENTATION_CONTEXT(2) 
PARAMETRIC_REPRESENTATION_CONTEXT() REPRESENTATION_CONTEXT('2D SPACE',''
  ) );
#2514 = PCURVE('',#2515,#2520);
#2515 = PLANE('',#2516);
#2516 = AXIS2_PLACEMENT_3D('',#2517,#2518,#2519);
#2517 = CARTESIAN_POINT('',(-7.557602551495,-7.307602568046,-1.5));
#2518 = DIRECTION('',(0.,0.,-1.));
#2519 = DIRECTION('',(1.,0.,0.));
#2520 = DEFINITIONAL_REPRESENTATION('',(#2521),#2525);
#2521 = LINE('',#2522,#2523);
#2522 = CARTESIAN_POINT('',(0.814738176639,0.867978519385));
#2523 = VECTOR('',#2524,1.);
#2524 = DIRECTION('',(0.707106781187,-0.707106781187));
#2525 = ( GEOMETRIC_REPRESENTATION_CONTEXT(2) 
PARAMETRIC_REPRESENTATION_CONTEXT() REPRESENTATION_CONTEXT('2D SPACE',''
  ) );
#2526 = ORIENTED_EDGE('',*,*,#2527,.F.);
#2527 = EDGE_CURVE('',#2352,#2500,#2528,.T.);
#2528 = SURFACE_CURVE('',#2529,(#2533,#2540),.PCURVE_S1.);
#2529 = LINE('',#2530,#2531);
#2530 = CARTESIAN_POINT('',(-6.742864374856,-8.175581087431,-3.));
#2531 = VECTOR('',#2532,1.);
#2532 = DIRECTION('',(0.,0.,1.));
#2533 = PCURVE('',#988,#2534);
#2534 = DEFINITIONAL_REPRESENTATION('',(#2535),#2539);
#2535 = LINE('',#2536,#2537);
#2536 = CARTESIAN_POINT('',(6.908406818209E-15,0.));
#2537 = VECTOR('',#2538,1.);
#2538 = DIRECTION('',(0.,1.));
#2539 = ( GEOMETRIC_REPRESENTATION_CONTEXT(2) 
PARAMETRIC_REPRESENTATION_CONTEXT() REPRESENTATION_CONTEXT('2D SPACE',''
  ) );
#2540 = PCURVE('',#2395,#2541);
#2541 = DEFINITIONAL_REPRESENTATION('',(#2542),#2546);
#2542 = LINE('',#2543,#2544);
#2543 = CARTESIAN_POINT('',(6.654642166197,0.));
#2544 = VECTOR('',#2545,1.);
#2545 = DIRECTION('',(0.,1.));
#2546 = ( GEOMETRIC_REPRESENTATION_CONTEXT(2) 
PARAMETRIC_REPRESENTATION_CONTEXT() REPRESENTATION_CONTEXT('2D SPACE',''
  ) );
#2547 = ORIENTED_EDGE('',*,*,#2351,.T.);
#2548 = ORIENTED_EDGE('',*,*,#973,.F.);
#2549 = ADVANCED_FACE('',(#2550),#1025,.F.);
#2550 = FACE_BOUND('',#2551,.T.);
#2551 = EDGE_LOOP('',(#2552,#2575,#2576));
#2552 = ORIENTED_EDGE('',*,*,#2553,.F.);
#2553 = EDGE_CURVE('',#1010,#2554,#2556,.T.);
#2554 = VERTEX_POINT('',#2555);
#2555 = CARTESIAN_POINT('',(5.577939069668,-2.537537336686,0.));
#2556 = SURFACE_CURVE('',#2557,(#2561,#2568),.PCURVE_S1.);
#2557 = LINE('',#2558,#2559);
#2558 = CARTESIAN_POINT('',(5.577939069668,3.875,0.));
#2559 = VECTOR('',#2560,1.);
#2560 = DIRECTION('',(0.,1.,0.));
#2561 = PCURVE('',#1025,#2562);
#2562 = DEFINITIONAL_REPRESENTATION('',(#2563),#2567);
#2563 = LINE('',#2564,#2565);
#2564 = CARTESIAN_POINT('',(5.577939069668,3.875));
#2565 = VECTOR('',#2566,1.);
#2566 = DIRECTION('',(0.,1.));
#2567 = ( GEOMETRIC_REPRESENTATION_CONTEXT(2) 
PARAMETRIC_REPRESENTATION_CONTEXT() REPRESENTATION_CONTEXT('2D SPACE',''
  ) );
#2568 = PCURVE('',#1414,#2569);
#2569 = DEFINITIONAL_REPRESENTATION('',(#2570),#2574);
#2570 = LINE('',#2571,#2572);
#2571 = CARTESIAN_POINT('',(5.541420375082,0.));
#2572 = VECTOR('',#2573,1.);
#2573 = DIRECTION('',(0.,1.));
#2574 = ( GEOMETRIC_REPRESENTATION_CONTEXT(2) 
PARAMETRIC_REPRESENTATION_CONTEXT() REPRESENTATION_CONTEXT('2D SPACE',''
  ) );
#2575 = ORIENTED_EDGE('',*,*,#1007,.F.);
#2576 = ORIENTED_EDGE('',*,*,#2577,.F.);
#2577 = EDGE_CURVE('',#2554,#1008,#2578,.T.);
#2578 = SURFACE_CURVE('',#2579,(#2584,#2595),.PCURVE_S1.);
#2579 = CIRCLE('',#2580,6.128009464745);
#2580 = AXIS2_PLACEMENT_3D('',#2581,#2582,#2583);
#2581 = CARTESIAN_POINT('',(0.,0.,0.));
#2582 = DIRECTION('',(0.,0.,-1.));
#2583 = DIRECTION('',(0.,1.,0.));
#2584 = PCURVE('',#1025,#2585);
#2585 = DEFINITIONAL_REPRESENTATION('',(#2586),#2594);
#2586 = ( BOUNDED_CURVE() B_SPLINE_CURVE(2,(#2587,#2588,#2589,#2590,
#2591,#2592,#2593),.UNSPECIFIED.,.T.,.F.) B_SPLINE_CURVE_WITH_KNOTS((1,2
    ,2,2,2,1),(-2.094395102393,0.,2.094395102393,4.188790204786,
6.28318530718,8.377580409573),.UNSPECIFIED.) CURVE() 
GEOMETRIC_REPRESENTATION_ITEM() RATIONAL_B_SPLINE_CURVE((1.,0.5,1.,0.5,
1.,0.5,1.)) REPRESENTATION_ITEM('') );
#2587 = CARTESIAN_POINT('',(0.,6.128009464745));
#2588 = CARTESIAN_POINT('',(10.614023742201,6.128009464745));
#2589 = CARTESIAN_POINT('',(5.3070118711,-3.064004732372));
#2590 = CARTESIAN_POINT('',(1.500929435229E-15,-12.25601892948));
#2591 = CARTESIAN_POINT('',(-5.3070118711,-3.064004732372));
#2592 = CARTESIAN_POINT('',(-10.6140237422,6.128009464745));
#2593 = CARTESIAN_POINT('',(0.,6.128009464745));
#2594 = ( GEOMETRIC_REPRESENTATION_CONTEXT(2) 
PARAMETRIC_REPRESENTATION_CONTEXT() REPRESENTATION_CONTEXT('2D SPACE',''
  ) );
#2595 = PCURVE('',#1116,#2596);
#2596 = DEFINITIONAL_REPRESENTATION('',(#2597),#2601);
#2597 = LINE('',#2598,#2599);
#2598 = CARTESIAN_POINT('',(1.570796326795,-1.424192852362));
#2599 = VECTOR('',#2600,1.);
#2600 = DIRECTION('',(-1.,-3.54066137028E-16));
#2601 = ( GEOMETRIC_REPRESENTATION_CONTEXT(2) 
PARAMETRIC_REPRESENTATION_CONTEXT() REPRESENTATION_CONTEXT('2D SPACE',''
  ) );
#2602 = ADVANCED_FACE('',(#2603),#1116,.T.);
#2603 = FACE_BOUND('',#2604,.T.);
#2604 = EDGE_LOOP('',(#2605,#2640,#2765,#2766,#2767,#2795,#2869,#2893,
    #2942,#2943,#3017,#3050,#3185,#3225,#3267,#3307));
#2605 = ORIENTED_EDGE('',*,*,#2606,.T.);
#2606 = EDGE_CURVE('',#2607,#2609,#2611,.T.);
#2607 = VERTEX_POINT('',#2608);
#2608 = CARTESIAN_POINT('',(3.027468458945,5.327939069668,0.));
#2609 = VERTEX_POINT('',#2610);
#2610 = CARTESIAN_POINT('',(5.577939069668,2.537537336686,0.));
#2611 = SURFACE_CURVE('',#2612,(#2617,#2624),.PCURVE_S1.);
#2612 = CIRCLE('',#2613,6.128009464745);
#2613 = AXIS2_PLACEMENT_3D('',#2614,#2615,#2616);
#2614 = CARTESIAN_POINT('',(0.,0.,0.));
#2615 = DIRECTION('',(0.,0.,-1.));
#2616 = DIRECTION('',(0.,1.,0.));
#2617 = PCURVE('',#1116,#2618);
#2618 = DEFINITIONAL_REPRESENTATION('',(#2619),#2623);
#2619 = LINE('',#2620,#2621);
#2620 = CARTESIAN_POINT('',(1.570796326795,-1.424192852362));
#2621 = VECTOR('',#2622,1.);
#2622 = DIRECTION('',(-1.,3.540661370281E-16));
#2623 = ( GEOMETRIC_REPRESENTATION_CONTEXT(2) 
PARAMETRIC_REPRESENTATION_CONTEXT() REPRESENTATION_CONTEXT('2D SPACE',''
  ) );
#2624 = PCURVE('',#2625,#2630);
#2625 = PLANE('',#2626);
#2626 = AXIS2_PLACEMENT_3D('',#2627,#2628,#2629);
#2627 = CARTESIAN_POINT('',(0.,0.,0.));
#2628 = DIRECTION('',(0.,0.,1.));
#2629 = DIRECTION('',(1.,0.,-0.));
#2630 = DEFINITIONAL_REPRESENTATION('',(#2631),#2639);
#2631 = ( BOUNDED_CURVE() B_SPLINE_CURVE(2,(#2632,#2633,#2634,#2635,
#2636,#2637,#2638),.UNSPECIFIED.,.T.,.F.) B_SPLINE_CURVE_WITH_KNOTS((1,2
    ,2,2,2,1),(-2.094395102393,0.,2.094395102393,4.188790204786,
6.28318530718,8.377580409573),.UNSPECIFIED.) CURVE() 
GEOMETRIC_REPRESENTATION_ITEM() RATIONAL_B_SPLINE_CURVE((1.,0.5,1.,0.5,
1.,0.5,1.)) REPRESENTATION_ITEM('') );
#2632 = CARTESIAN_POINT('',(0.,6.128009464745));
#2633 = CARTESIAN_POINT('',(10.614023742201,6.128009464745));
#2634 = CARTESIAN_POINT('',(5.3070118711,-3.064004732372));
#2635 = CARTESIAN_POINT('',(1.500929435229E-15,-12.25601892948));
#2636 = CARTESIAN_POINT('',(-5.3070118711,-3.064004732372));
#2637 = CARTESIAN_POINT('',(-10.6140237422,6.128009464745));
#2638 = CARTESIAN_POINT('',(0.,6.128009464745));
#2639 = ( GEOMETRIC_REPRESENTATION_CONTEXT(2) 
PARAMETRIC_REPRESENTATION_CONTEXT() REPRESENTATION_CONTEXT('2D SPACE',''
  ) );
#2640 = ORIENTED_EDGE('',*,*,#2641,.T.);
#2641 = EDGE_CURVE('',#2609,#2554,#2642,.T.);
#2642 = SURFACE_CURVE('',#2643,(#2663,#2714),.PCURVE_S1.);
#2643 = B_SPLINE_CURVE_WITH_KNOTS('',3,(#2644,#2645,#2646,#2647,#2648,
    #2649,#2650,#2651,#2652,#2653,#2654,#2655,#2656,#2657,#2658,#2659,
    #2660,#2661,#2662),.UNSPECIFIED.,.F.,.F.,(4,2,2,2,3,2,2,2,4),(
    0.811417298182,0.841917708441,0.872570828501,0.93387706862,
    1.056489548859,1.179102029098,1.240408269217,1.271061389277,
    1.301561799536),.UNSPECIFIED.);
#2644 = CARTESIAN_POINT('',(5.577939069668,2.537537336686,0.));
#2645 = CARTESIAN_POINT('',(5.620030559334,2.445013076524,
    -2.920683810532E-18));
#2646 = CARTESIAN_POINT('',(5.646362518088,2.347424753748,
    -2.062417778822E-03));
#2647 = CARTESIAN_POINT('',(5.693627081649,2.147555186698,
    -6.4298675114E-03));
#2648 = CARTESIAN_POINT('',(5.712810723016,2.044863946909,
    -8.987928994013E-03));
#2649 = CARTESIAN_POINT('',(5.763151720326,1.730714610362,
    -1.672222459352E-02));
#2650 = CARTESIAN_POINT('',(5.787006215726,1.513917857351,
    -2.191757490247E-02));
#2651 = CARTESIAN_POINT('',(5.84198655534,0.855466507843,
    -3.475628203184E-02));
#2652 = CARTESIAN_POINT('',(5.855579593353,0.408708267463,
    -3.93149633683E-02));
#2653 = CARTESIAN_POINT('',(5.855579593353,0.,-3.93149633683E-02));
#2654 = CARTESIAN_POINT('',(5.855579593353,-0.408708267463,
    -3.93149633683E-02));
#2655 = CARTESIAN_POINT('',(5.84198655534,-0.855466507843,
    -3.475628203184E-02));
#2656 = CARTESIAN_POINT('',(5.787006215726,-1.513917857351,
    -2.191757490247E-02));
#2657 = CARTESIAN_POINT('',(5.763151720326,-1.730714610362,
    -1.672222459352E-02));
#2658 = CARTESIAN_POINT('',(5.712810723016,-2.044863946909,
    -8.987928994013E-03));
#2659 = CARTESIAN_POINT('',(5.693627081649,-2.147555186698,
    -6.4298675114E-03));
#2660 = CARTESIAN_POINT('',(5.646362518088,-2.347424753748,
    -2.062417778822E-03));
#2661 = CARTESIAN_POINT('',(5.620030559334,-2.445013076524,
    4.23953123306E-17));
#2662 = CARTESIAN_POINT('',(5.577939069668,-2.537537336686,
    1.387778780781E-16));
#2663 = PCURVE('',#1116,#2664);
#2664 = DEFINITIONAL_REPRESENTATION('',(#2665),#2713);
#2665 = B_SPLINE_CURVE_WITH_KNOTS('',3,(#2666,#2667,#2668,#2669,#2670,
    #2671,#2672,#2673,#2674,#2675,#2676,#2677,#2678,#2679,#2680,#2681,
    #2682,#2683,#2684,#2685,#2686,#2687,#2688,#2689,#2690,#2691,#2692,
    #2693,#2694,#2695,#2696,#2697,#2698,#2699,#2700,#2701,#2702,#2703,
    #2704,#2705,#2706,#2707,#2708,#2709,#2710,#2711,#2712),
  .UNSPECIFIED.,.F.,.F.,(4,1,1,1,1,1,1,1,1,1,1,1,1,1,1,1,1,1,1,1,1,1,1,1
    ,1,1,1,1,1,1,1,1,1,1,1,1,1,1,1,1,1,1,1,1,4),(0.811417298182,
    0.82255694594,0.833696593698,0.844836241456,0.855975889214,
    0.867115536973,0.878255184731,0.889394832489,0.900534480247,
    0.911674128005,0.922813775763,0.933953423521,0.945093071279,
    0.956232719037,0.967372366795,0.978512014553,0.989651662311,
    1.000791310069,1.011930957827,1.023070605585,1.034210253343,
    1.045349901101,1.056489548859,1.067629196617,1.078768844375,
    1.089908492133,1.101048139891,1.112187787649,1.123327435407,
    1.134467083165,1.145606730923,1.156746378681,1.167886026439,
    1.179025674197,1.190165321955,1.201304969713,1.212444617471,
    1.223584265229,1.234723912987,1.245863560746,1.257003208504,
    1.268142856262,1.27928250402,1.290422151778,1.301561799536),
  .QUASI_UNIFORM_KNOTS.);
#2666 = CARTESIAN_POINT('',(0.426941023403,-1.424192852362));
#2667 = CARTESIAN_POINT('',(0.420886607057,-1.424192876457));
#2668 = CARTESIAN_POINT('',(0.408846156496,-1.424281886117));
#2669 = CARTESIAN_POINT('',(0.390835537262,-1.424595692863));
#2670 = CARTESIAN_POINT('',(0.372683437951,-1.424984889652));
#2671 = CARTESIAN_POINT('',(0.354325886031,-1.425408659449));
#2672 = CARTESIAN_POINT('',(0.335741216941,-1.425863958967));
#2673 = CARTESIAN_POINT('',(0.316891737016,-1.42632996165));
#2674 = CARTESIAN_POINT('',(0.297800003611,-1.426795434987));
#2675 = CARTESIAN_POINT('',(0.278476827507,-1.427255113441));
#2676 = CARTESIAN_POINT('',(0.25893592712,-1.427702769016));
#2677 = CARTESIAN_POINT('',(0.239195553271,-1.428132652504));
#2678 = CARTESIAN_POINT('',(0.219271391604,-1.4285390638));
#2679 = CARTESIAN_POINT('',(0.199203604103,-1.428916771463));
#2680 = CARTESIAN_POINT('',(0.179044282071,-1.429263439575));
#2681 = CARTESIAN_POINT('',(0.158826847994,-1.429576880522));
#2682 = CARTESIAN_POINT('',(0.138591661389,-1.429855346308));
#2683 = CARTESIAN_POINT('',(0.118378959546,-1.430097462954));
#2684 = CARTESIAN_POINT('',(9.823023982036E-02,-1.430302256852));
#2685 = CARTESIAN_POINT('',(7.818842717446E-02,-1.430469152513));
#2686 = CARTESIAN_POINT('',(5.829437388044E-02,-1.430597973795));
#2687 = CARTESIAN_POINT('',(3.859919183048E-02,-1.43068893991));
#2688 = CARTESIAN_POINT('',(1.91169027936E-02,-1.430742658403));
#2689 = CARTESIAN_POINT('',(7.237212437243E-16,-1.430760114855));
#2690 = CARTESIAN_POINT('',(-1.911690279359E-02,-1.430742658403));
#2691 = CARTESIAN_POINT('',(-3.859919183048E-02,-1.43068893991));
#2692 = CARTESIAN_POINT('',(-5.829437388044E-02,-1.430597973795));
#2693 = CARTESIAN_POINT('',(-7.818842717445E-02,-1.430469152513));
#2694 = CARTESIAN_POINT('',(-9.823023982036E-02,-1.430302256852));
#2695 = CARTESIAN_POINT('',(-0.118378959546,-1.430097462954));
#2696 = CARTESIAN_POINT('',(-0.138591661389,-1.429855346308));
#2697 = CARTESIAN_POINT('',(-0.158826847994,-1.429576880522));
#2698 = CARTESIAN_POINT('',(-0.179044282071,-1.429263439575));
#2699 = CARTESIAN_POINT('',(-0.199203604103,-1.428916771463));
#2700 = CARTESIAN_POINT('',(-0.219271391604,-1.4285390638));
#2701 = CARTESIAN_POINT('',(-0.239195553271,-1.428132652504));
#2702 = CARTESIAN_POINT('',(-0.25893592712,-1.427702769016));
#2703 = CARTESIAN_POINT('',(-0.278476827507,-1.427255113441));
#2704 = CARTESIAN_POINT('',(-0.297800003611,-1.426795434987));
#2705 = CARTESIAN_POINT('',(-0.316891737016,-1.42632996165));
#2706 = CARTESIAN_POINT('',(-0.335741216941,-1.425863958967));
#2707 = CARTESIAN_POINT('',(-0.354325886031,-1.425408659449));
#2708 = CARTESIAN_POINT('',(-0.372683437951,-1.424984889652));
#2709 = CARTESIAN_POINT('',(-0.390835537262,-1.424595692863));
#2710 = CARTESIAN_POINT('',(-0.408846156496,-1.424281886117));
#2711 = CARTESIAN_POINT('',(-0.420886607057,-1.424192876457));
#2712 = CARTESIAN_POINT('',(-0.426941023403,-1.424192852362));
#2713 = ( GEOMETRIC_REPRESENTATION_CONTEXT(2) 
PARAMETRIC_REPRESENTATION_CONTEXT() REPRESENTATION_CONTEXT('2D SPACE',''
  ) );
#2714 = PCURVE('',#1414,#2715);
#2715 = DEFINITIONAL_REPRESENTATION('',(#2716),#2764);
#2716 = B_SPLINE_CURVE_WITH_KNOTS('',3,(#2717,#2718,#2719,#2720,#2721,
    #2722,#2723,#2724,#2725,#2726,#2727,#2728,#2729,#2730,#2731,#2732,
    #2733,#2734,#2735,#2736,#2737,#2738,#2739,#2740,#2741,#2742,#2743,
    #2744,#2745,#2746,#2747,#2748,#2749,#2750,#2751,#2752,#2753,#2754,
    #2755,#2756,#2757,#2758,#2759,#2760,#2761,#2762,#2763),
  .UNSPECIFIED.,.F.,.F.,(4,1,1,1,1,1,1,1,1,1,1,1,1,1,1,1,1,1,1,1,1,1,1,1
    ,1,1,1,1,1,1,1,1,1,1,1,1,1,1,1,1,1,1,1,1,4),(0.811417298182,
    0.82255694594,0.833696593698,0.844836241456,0.855975889214,
    0.867115536973,0.878255184731,0.889394832489,0.900534480247,
    0.911674128005,0.922813775763,0.933953423521,0.945093071279,
    0.956232719037,0.967372366795,0.978512014553,0.989651662311,
    1.000791310069,1.011930957827,1.023070605585,1.034210253343,
    1.045349901101,1.056489548859,1.067629196617,1.078768844375,
    1.089908492133,1.101048139891,1.112187787649,1.123327435407,
    1.134467083165,1.145606730923,1.156746378681,1.167886026439,
    1.179025674197,1.190165321955,1.201304969713,1.212444617471,
    1.223584265229,1.234723912987,1.245863560746,1.257003208504,
    1.268142856262,1.27928250402,1.290422151778,1.301561799536),
  .QUASI_UNIFORM_KNOTS.);
#2717 = CARTESIAN_POINT('',(5.541420375082,-1.337462663314));
#2718 = CARTESIAN_POINT('',(5.556783310302,-1.371256664989));
#2719 = CARTESIAN_POINT('',(5.583357124843,-1.440186550955));
#2720 = CARTESIAN_POINT('',(5.614317832626,-1.546796369866));
#2721 = CARTESIAN_POINT('',(5.640717600636,-1.655634843755));
#2722 = CARTESIAN_POINT('',(5.66415528106,-1.766330507502));
#2723 = CARTESIAN_POINT('',(5.684708923359,-1.87885882611));
#2724 = CARTESIAN_POINT('',(5.70316043177,-1.993067838472));
#2725 = CARTESIAN_POINT('',(5.719812834824,-2.108639666696));
#2726 = CARTESIAN_POINT('',(5.734781391673,-2.225418363897));
#2727 = CARTESIAN_POINT('',(5.748220736464,-2.343233961322));
#2728 = CARTESIAN_POINT('',(5.760269946987,-2.461912203626));
#2729 = CARTESIAN_POINT('',(5.771080052418,-2.581310003708));
#2730 = CARTESIAN_POINT('',(5.780757804297,-2.701163867429));
#2731 = CARTESIAN_POINT('',(5.789313025905,-2.82117669847));
#2732 = CARTESIAN_POINT('',(5.796795324102,-2.941166562173));
#2733 = CARTESIAN_POINT('',(5.80324371229,-3.060920741129));
#2734 = CARTESIAN_POINT('',(5.808699920474,-3.180234487278));
#2735 = CARTESIAN_POINT('',(5.813204716845,-3.298901957914));
#2736 = CARTESIAN_POINT('',(5.816798844275,-3.416713719562));
#2737 = CARTESIAN_POINT('',(5.819522770844,-3.533475796473));
#2738 = CARTESIAN_POINT('',(5.821416797629,-3.648935972755));
#2739 = CARTESIAN_POINT('',(5.822521100773,-3.763059535374));
#2740 = CARTESIAN_POINT('',(5.822875811062,-3.875));
#2741 = CARTESIAN_POINT('',(5.822521100773,-3.986940464626));
#2742 = CARTESIAN_POINT('',(5.821416797629,-4.101064027245));
#2743 = CARTESIAN_POINT('',(5.819522770844,-4.216524203527));
#2744 = CARTESIAN_POINT('',(5.816798844275,-4.333286280438));
#2745 = CARTESIAN_POINT('',(5.813204716845,-4.451098042086));
#2746 = CARTESIAN_POINT('',(5.808699920474,-4.569765512722));
#2747 = CARTESIAN_POINT('',(5.80324371229,-4.68907925887));
#2748 = CARTESIAN_POINT('',(5.796795324102,-4.808833437827));
#2749 = CARTESIAN_POINT('',(5.789313025905,-4.92882330153));
#2750 = CARTESIAN_POINT('',(5.780757804297,-5.048836132571));
#2751 = CARTESIAN_POINT('',(5.771080052418,-5.168689996292));
#2752 = CARTESIAN_POINT('',(5.760269946987,-5.288087796374));
#2753 = CARTESIAN_POINT('',(5.748220736464,-5.406766038678));
#2754 = CARTESIAN_POINT('',(5.734781391673,-5.524581636103));
#2755 = CARTESIAN_POINT('',(5.719812834824,-5.641360333304));
#2756 = CARTESIAN_POINT('',(5.70316043177,-5.756932161528));
#2757 = CARTESIAN_POINT('',(5.684708923359,-5.87114117389));
#2758 = CARTESIAN_POINT('',(5.66415528106,-5.983669492498));
#2759 = CARTESIAN_POINT('',(5.640717600636,-6.094365156245));
#2760 = CARTESIAN_POINT('',(5.614317832626,-6.203203630134));
#2761 = CARTESIAN_POINT('',(5.583357124843,-6.309813449045));
#2762 = CARTESIAN_POINT('',(5.556783310302,-6.378743335011));
#2763 = CARTESIAN_POINT('',(5.541420375082,-6.412537336686));
#2764 = ( GEOMETRIC_REPRESENTATION_CONTEXT(2) 
PARAMETRIC_REPRESENTATION_CONTEXT() REPRESENTATION_CONTEXT('2D SPACE',''
  ) );
#2765 = ORIENTED_EDGE('',*,*,#2577,.T.);
#2766 = ORIENTED_EDGE('',*,*,#1037,.T.);
#2767 = ORIENTED_EDGE('',*,*,#2768,.T.);
#2768 = EDGE_CURVE('',#1038,#2769,#2771,.T.);
#2769 = VERTEX_POINT('',#2770);
#2770 = CARTESIAN_POINT('',(-5.577939069668,-2.537537336686,0.));
#2771 = SURFACE_CURVE('',#2772,(#2777,#2784),.PCURVE_S1.);
#2772 = CIRCLE('',#2773,6.128009464745);
#2773 = AXIS2_PLACEMENT_3D('',#2774,#2775,#2776);
#2774 = CARTESIAN_POINT('',(0.,0.,0.));
#2775 = DIRECTION('',(0.,0.,-1.));
#2776 = DIRECTION('',(0.,1.,0.));
#2777 = PCURVE('',#1116,#2778);
#2778 = DEFINITIONAL_REPRESENTATION('',(#2779),#2783);
#2779 = LINE('',#2780,#2781);
#2780 = CARTESIAN_POINT('',(1.570796326795,-1.424192852362));
#2781 = VECTOR('',#2782,1.);
#2782 = DIRECTION('',(-1.,0.));
#2783 = ( GEOMETRIC_REPRESENTATION_CONTEXT(2) 
PARAMETRIC_REPRESENTATION_CONTEXT() REPRESENTATION_CONTEXT('2D SPACE',''
  ) );
#2784 = PCURVE('',#1188,#2785);
#2785 = DEFINITIONAL_REPRESENTATION('',(#2786),#2794);
#2786 = ( BOUNDED_CURVE() B_SPLINE_CURVE(2,(#2787,#2788,#2789,#2790,
#2791,#2792,#2793),.UNSPECIFIED.,.T.,.F.) B_SPLINE_CURVE_WITH_KNOTS((1,2
    ,2,2,2,1),(-2.094395102393,0.,2.094395102393,4.188790204786,
6.28318530718,8.377580409573),.UNSPECIFIED.) CURVE() 
GEOMETRIC_REPRESENTATION_ITEM() RATIONAL_B_SPLINE_CURVE((1.,0.5,1.,0.5,
1.,0.5,1.)) REPRESENTATION_ITEM('') );
#2787 = CARTESIAN_POINT('',(0.,6.128009464745));
#2788 = CARTESIAN_POINT('',(10.614023742201,6.128009464745));
#2789 = CARTESIAN_POINT('',(5.3070118711,-3.064004732372));
#2790 = CARTESIAN_POINT('',(1.500929435229E-15,-12.25601892948));
#2791 = CARTESIAN_POINT('',(-5.3070118711,-3.064004732372));
#2792 = CARTESIAN_POINT('',(-10.6140237422,6.128009464745));
#2793 = CARTESIAN_POINT('',(0.,6.128009464745));
#2794 = ( GEOMETRIC_REPRESENTATION_CONTEXT(2) 
PARAMETRIC_REPRESENTATION_CONTEXT() REPRESENTATION_CONTEXT('2D SPACE',''
  ) );
#2795 = ORIENTED_EDGE('',*,*,#2796,.T.);
#2796 = EDGE_CURVE('',#2769,#2797,#2799,.T.);
#2797 = VERTEX_POINT('',#2798);
#2798 = CARTESIAN_POINT('',(-5.855579593352,0.,-3.931496336832E-02));
#2799 = SURFACE_CURVE('',#2800,(#2811,#2840),.PCURVE_S1.);
#2800 = B_SPLINE_CURVE_WITH_KNOTS('',3,(#2801,#2802,#2803,#2804,#2805,
    #2806,#2807,#2808,#2809,#2810),.UNSPECIFIED.,.F.,.F.,(4,2,2,2,4),(
    0.283172523753,0.313672934011,0.344326054071,0.405632294191,
    0.52824477443),.UNSPECIFIED.);
#2801 = CARTESIAN_POINT('',(-5.577939069668,-2.537537336686,0.));
#2802 = CARTESIAN_POINT('',(-5.620030559334,-2.445013076524,
    -2.336547048425E-17));
#2803 = CARTESIAN_POINT('',(-5.646362518088,-2.347424753748,
    -2.062417778822E-03));
#2804 = CARTESIAN_POINT('',(-5.693627081649,-2.147555186698,
    -6.4298675114E-03));
#2805 = CARTESIAN_POINT('',(-5.712810723016,-2.044863946909,
    -8.987928994013E-03));
#2806 = CARTESIAN_POINT('',(-5.763151720326,-1.730714610362,
    -1.672222459352E-02));
#2807 = CARTESIAN_POINT('',(-5.787006215726,-1.513917857351,
    -2.191757490247E-02));
#2808 = CARTESIAN_POINT('',(-5.84198655534,-0.855466507843,
    -3.475628203185E-02));
#2809 = CARTESIAN_POINT('',(-5.855579593352,-0.408708267463,
    -3.931496336832E-02));
#2810 = CARTESIAN_POINT('',(-5.855579593352,0.,-3.931496336832E-02));
#2811 = PCURVE('',#1116,#2812);
#2812 = DEFINITIONAL_REPRESENTATION('',(#2813),#2839);
#2813 = B_SPLINE_CURVE_WITH_KNOTS('',3,(#2814,#2815,#2816,#2817,#2818,
    #2819,#2820,#2821,#2822,#2823,#2824,#2825,#2826,#2827,#2828,#2829,
    #2830,#2831,#2832,#2833,#2834,#2835,#2836,#2837,#2838),
  .UNSPECIFIED.,.F.,.F.,(4,1,1,1,1,1,1,1,1,1,1,1,1,1,1,1,1,1,1,1,1,1,4),
  (0.283172523753,0.294312171511,0.305451819269,0.316591467027,
    0.327731114785,0.338870762543,0.350010410301,0.361150058059,
    0.372289705817,0.383429353575,0.394569001333,0.405708649091,
    0.416848296849,0.427987944607,0.439127592365,0.450267240123,
    0.461406887881,0.472546535639,0.483686183397,0.494825831155,
    0.505965478913,0.517105126671,0.52824477443),.QUASI_UNIFORM_KNOTS.);
#2814 = CARTESIAN_POINT('',(-2.714651630187,-1.424192852362));
#2815 = CARTESIAN_POINT('',(-2.720706046533,-1.424192876457));
#2816 = CARTESIAN_POINT('',(-2.732746497094,-1.424281886117));
#2817 = CARTESIAN_POINT('',(-2.750757116328,-1.424595692863));
#2818 = CARTESIAN_POINT('',(-2.768909215639,-1.424984889652));
#2819 = CARTESIAN_POINT('',(-2.787266767559,-1.425408659449));
#2820 = CARTESIAN_POINT('',(-2.805851436649,-1.425863958967));
#2821 = CARTESIAN_POINT('',(-2.824700916574,-1.42632996165));
#2822 = CARTESIAN_POINT('',(-2.843792649979,-1.426795434987));
#2823 = CARTESIAN_POINT('',(-2.863115826084,-1.427255113441));
#2824 = CARTESIAN_POINT('',(-2.882656726468,-1.427702769016));
#2825 = CARTESIAN_POINT('',(-2.902397100326,-1.428132652504));
#2826 = CARTESIAN_POINT('',(-2.922321261958,-1.4285390638));
#2827 = CARTESIAN_POINT('',(-2.94238904959,-1.428916771463));
#2828 = CARTESIAN_POINT('',(-2.962548371136,-1.429263439575));
#2829 = CARTESIAN_POINT('',(-2.982765807023,-1.429576880524));
#2830 = CARTESIAN_POINT('',(-3.003000986876,-1.429855346303));
#2831 = CARTESIAN_POINT('',(-3.023213713917,-1.430097462973));
#2832 = CARTESIAN_POINT('',(-3.043362339602,-1.430302256779));
#2833 = CARTESIAN_POINT('',(-3.063404503211,-1.430469152785));
#2834 = CARTESIAN_POINT('',(-3.083297246693,-1.430597972777));
#2835 = CARTESIAN_POINT('',(-3.10299731703,-1.430688943711));
#2836 = CARTESIAN_POINT('',(-3.122461362729,-1.430742644218));
#2837 = CARTESIAN_POINT('',(-3.135251354634,-1.430754326602));
#2838 = CARTESIAN_POINT('',(-3.14159265359,-1.430754296038));
#2839 = ( GEOMETRIC_REPRESENTATION_CONTEXT(2) 
PARAMETRIC_REPRESENTATION_CONTEXT() REPRESENTATION_CONTEXT('2D SPACE',''
  ) );
#2840 = PCURVE('',#1216,#2841);
#2841 = DEFINITIONAL_REPRESENTATION('',(#2842),#2868);
#2842 = B_SPLINE_CURVE_WITH_KNOTS('',3,(#2843,#2844,#2845,#2846,#2847,
    #2848,#2849,#2850,#2851,#2852,#2853,#2854,#2855,#2856,#2857,#2858,
    #2859,#2860,#2861,#2862,#2863,#2864,#2865,#2866,#2867),
  .UNSPECIFIED.,.F.,.F.,(4,1,1,1,1,1,1,1,1,1,1,1,1,1,1,1,1,1,1,1,1,1,4),
  (0.283172523753,0.294312171511,0.305451819269,0.316591467027,
    0.327731114785,0.338870762543,0.350010410301,0.361150058059,
    0.372289705817,0.383429353575,0.394569001333,0.405708649091,
    0.416848296849,0.427987944607,0.439127592365,0.450267240123,
    0.461406887881,0.472546535639,0.483686183397,0.494825831155,
    0.505965478913,0.517105126671,0.52824477443),.QUASI_UNIFORM_KNOTS.);
#2843 = CARTESIAN_POINT('',(0.741764932098,1.337462663314));
#2844 = CARTESIAN_POINT('',(0.726401996878,1.371256664989));
#2845 = CARTESIAN_POINT('',(0.699828182336,1.440186550955));
#2846 = CARTESIAN_POINT('',(0.668867474553,1.546796369866));
#2847 = CARTESIAN_POINT('',(0.642467706544,1.655634843755));
#2848 = CARTESIAN_POINT('',(0.61903002612,1.766330507502));
#2849 = CARTESIAN_POINT('',(0.59847638382,1.87885882611));
#2850 = CARTESIAN_POINT('',(0.58002487541,1.993067838472));
#2851 = CARTESIAN_POINT('',(0.563372472356,2.108639666696));
#2852 = CARTESIAN_POINT('',(0.548403915506,2.2254183639));
#2853 = CARTESIAN_POINT('',(0.534964570716,2.34323396131));
#2854 = CARTESIAN_POINT('',(0.522915360192,2.461912203669));
#2855 = CARTESIAN_POINT('',(0.512105254761,2.581310003548));
#2856 = CARTESIAN_POINT('',(0.502427502882,2.701163868028));
#2857 = CARTESIAN_POINT('',(0.493872281274,2.821176696234));
#2858 = CARTESIAN_POINT('',(0.486389983078,2.941166570518));
#2859 = CARTESIAN_POINT('',(0.47994159489,3.060920709984));
#2860 = CARTESIAN_POINT('',(0.474485386704,3.180234603515));
#2861 = CARTESIAN_POINT('',(0.469980590339,3.298901524114));
#2862 = CARTESIAN_POINT('',(0.466386462888,3.416715338528));
#2863 = CARTESIAN_POINT('',(0.463662536397,3.53346975441));
#2864 = CARTESIAN_POINT('',(0.461768509321,3.648958522043));
#2865 = CARTESIAN_POINT('',(0.460664207265,3.762975380285));
#2866 = CARTESIAN_POINT('',(0.460427731031,3.837867840807));
#2867 = CARTESIAN_POINT('',(0.460427732881,3.875));
#2868 = ( GEOMETRIC_REPRESENTATION_CONTEXT(2) 
PARAMETRIC_REPRESENTATION_CONTEXT() REPRESENTATION_CONTEXT('2D SPACE',''
  ) );
#2869 = ORIENTED_EDGE('',*,*,#2870,.T.);
#2870 = EDGE_CURVE('',#2797,#2871,#2873,.T.);
#2871 = VERTEX_POINT('',#2872);
#2872 = CARTESIAN_POINT('',(-2.023996987598,0.,-0.40114480768));
#2873 = SEAM_CURVE('',#2874,(#2879,#2886),.PCURVE_S1.);
#2874 = CIRCLE('',#2875,41.95);
#2875 = AXIS2_PLACEMENT_3D('',#2876,#2877,#2878);
#2876 = CARTESIAN_POINT('',(0.,0.,41.5));
#2877 = DIRECTION('',(1.323269397646E-16,-1.,0.));
#2878 = DIRECTION('',(-1.,-1.323269397646E-16,0.));
#2879 = PCURVE('',#1116,#2880);
#2880 = DEFINITIONAL_REPRESENTATION('',(#2881),#2885);
#2881 = LINE('',#2882,#2883);
#2882 = CARTESIAN_POINT('',(3.14159265359,0.));
#2883 = VECTOR('',#2884,1.);
#2884 = DIRECTION('',(0.,-1.));
#2885 = ( GEOMETRIC_REPRESENTATION_CONTEXT(2) 
PARAMETRIC_REPRESENTATION_CONTEXT() REPRESENTATION_CONTEXT('2D SPACE',''
  ) );
#2886 = PCURVE('',#1116,#2887);
#2887 = DEFINITIONAL_REPRESENTATION('',(#2888),#2892);
#2888 = LINE('',#2889,#2890);
#2889 = CARTESIAN_POINT('',(-3.14159265359,0.));
#2890 = VECTOR('',#2891,1.);
#2891 = DIRECTION('',(0.,-1.));
#2892 = ( GEOMETRIC_REPRESENTATION_CONTEXT(2) 
PARAMETRIC_REPRESENTATION_CONTEXT() REPRESENTATION_CONTEXT('2D SPACE',''
  ) );
#2893 = ORIENTED_EDGE('',*,*,#2894,.F.);
#2894 = EDGE_CURVE('',#2871,#2871,#2895,.T.);
#2895 = SURFACE_CURVE('',#2896,(#2901,#2930),.PCURVE_S1.);
#2896 = CIRCLE('',#2897,2.023996987598);
#2897 = AXIS2_PLACEMENT_3D('',#2898,#2899,#2900);
#2898 = CARTESIAN_POINT('',(0.,0.,-0.40114480768));
#2899 = DIRECTION('',(0.,0.,-1.));
#2900 = DIRECTION('',(1.,0.,0.));
#2901 = PCURVE('',#1116,#2902);
#2902 = DEFINITIONAL_REPRESENTATION('',(#2903),#2929);
#2903 = B_SPLINE_CURVE_WITH_KNOTS('',3,(#2904,#2905,#2906,#2907,#2908,
    #2909,#2910,#2911,#2912,#2913,#2914,#2915,#2916,#2917,#2918,#2919,
    #2920,#2921,#2922,#2923,#2924,#2925,#2926,#2927,#2928),
  .UNSPECIFIED.,.F.,.F.,(4,1,1,1,1,1,1,1,1,1,1,1,1,1,1,1,1,1,1,1,1,1,4),
  (3.14159265359,3.427191985734,3.712791317879,3.998390650023,
    4.283989982168,4.569589314312,4.855188646457,5.140787978601,
    5.426387310746,5.711986642891,5.997585975035,6.28318530718,
    6.568784639324,6.854383971469,7.139983303613,7.425582635758,
    7.711181967902,7.996781300047,8.282380632191,8.567979964336,
    8.85357929648,9.139178628625,9.424777960769),.QUASI_UNIFORM_KNOTS.);
#2904 = CARTESIAN_POINT('',(3.14159265359,-1.522529745794));
#2905 = CARTESIAN_POINT('',(3.046392876208,-1.522529745794));
#2906 = CARTESIAN_POINT('',(2.855993321445,-1.522529745794));
#2907 = CARTESIAN_POINT('',(2.570393989301,-1.522529745794));
#2908 = CARTESIAN_POINT('',(2.284794657156,-1.522529745794));
#2909 = CARTESIAN_POINT('',(1.999195325012,-1.522529745794));
#2910 = CARTESIAN_POINT('',(1.713595992867,-1.522529745794));
#2911 = CARTESIAN_POINT('',(1.427996660723,-1.522529745794));
#2912 = CARTESIAN_POINT('',(1.142397328578,-1.522529745794));
#2913 = CARTESIAN_POINT('',(0.856797996434,-1.522529745794));
#2914 = CARTESIAN_POINT('',(0.571198664289,-1.522529745794));
#2915 = CARTESIAN_POINT('',(0.285599332145,-1.522529745794));
#2916 = CARTESIAN_POINT('',(0.,-1.522529745794));
#2917 = CARTESIAN_POINT('',(-0.285599332145,-1.522529745794));
#2918 = CARTESIAN_POINT('',(-0.571198664289,-1.522529745794));
#2919 = CARTESIAN_POINT('',(-0.856797996434,-1.522529745794));
#2920 = CARTESIAN_POINT('',(-1.142397328578,-1.522529745794));
#2921 = CARTESIAN_POINT('',(-1.427996660723,-1.522529745794));
#2922 = CARTESIAN_POINT('',(-1.713595992867,-1.522529745794));
#2923 = CARTESIAN_POINT('',(-1.999195325012,-1.522529745794));
#2924 = CARTESIAN_POINT('',(-2.284794657156,-1.522529745794));
#2925 = CARTESIAN_POINT('',(-2.570393989301,-1.522529745794));
#2926 = CARTESIAN_POINT('',(-2.855993321445,-1.522529745794));
#2927 = CARTESIAN_POINT('',(-3.046392876208,-1.522529745794));
#2928 = CARTESIAN_POINT('',(-3.14159265359,-1.522529745794));
#2929 = ( GEOMETRIC_REPRESENTATION_CONTEXT(2) 
PARAMETRIC_REPRESENTATION_CONTEXT() REPRESENTATION_CONTEXT('2D SPACE',''
  ) );
#2930 = PCURVE('',#2931,#2936);
#2931 = TOROIDAL_SURFACE('',#2932,2.048120908785,0.5);
#2932 = AXIS2_PLACEMENT_3D('',#2933,#2934,#2935);
#2933 = CARTESIAN_POINT('',(0.,0.,-0.90056250503));
#2934 = DIRECTION('',(0.,0.,1.));
#2935 = DIRECTION('',(1.,0.,-0.));
#2936 = DEFINITIONAL_REPRESENTATION('',(#2937),#2941);
#2937 = LINE('',#2938,#2939);
#2938 = CARTESIAN_POINT('',(12.566370614359,1.619062907796));
#2939 = VECTOR('',#2940,1.);
#2940 = DIRECTION('',(-1.,0.));
#2941 = ( GEOMETRIC_REPRESENTATION_CONTEXT(2) 
PARAMETRIC_REPRESENTATION_CONTEXT() REPRESENTATION_CONTEXT('2D SPACE',''
  ) );
#2942 = ORIENTED_EDGE('',*,*,#2870,.F.);
#2943 = ORIENTED_EDGE('',*,*,#2944,.T.);
#2944 = EDGE_CURVE('',#2797,#2945,#2947,.T.);
#2945 = VERTEX_POINT('',#2946);
#2946 = CARTESIAN_POINT('',(-5.577939069668,2.537537336686,0.));
#2947 = SURFACE_CURVE('',#2948,(#2959,#2988),.PCURVE_S1.);
#2948 = B_SPLINE_CURVE_WITH_KNOTS('',3,(#2949,#2950,#2951,#2952,#2953,
    #2954,#2955,#2956,#2957,#2958),.UNSPECIFIED.,.F.,.F.,(4,2,2,2,4),(
    0.52824477443,0.650857254668,0.712163494788,0.742816614848,
    0.773317025106),.UNSPECIFIED.);
#2949 = CARTESIAN_POINT('',(-5.855579593352,0.,-3.931496336832E-02));
#2950 = CARTESIAN_POINT('',(-5.855579593352,0.408708267463,
    -3.931496336832E-02));
#2951 = CARTESIAN_POINT('',(-5.84198655534,0.855466507843,
    -3.475628203185E-02));
#2952 = CARTESIAN_POINT('',(-5.787006215726,1.513917857351,
    -2.191757490247E-02));
#2953 = CARTESIAN_POINT('',(-5.763151720326,1.730714610362,
    -1.672222459352E-02));
#2954 = CARTESIAN_POINT('',(-5.712810723016,2.044863946909,
    -8.987928994014E-03));
#2955 = CARTESIAN_POINT('',(-5.693627081649,2.147555186698,
    -6.4298675114E-03));
#2956 = CARTESIAN_POINT('',(-5.646362518088,2.347424753748,
    -2.062417778822E-03));
#2957 = CARTESIAN_POINT('',(-5.620030559334,2.445013076524,
    -3.796888953691E-17));
#2958 = CARTESIAN_POINT('',(-5.577939069668,2.537537336686,0.));
#2959 = PCURVE('',#1116,#2960);
#2960 = DEFINITIONAL_REPRESENTATION('',(#2961),#2987);
#2961 = B_SPLINE_CURVE_WITH_KNOTS('',3,(#2962,#2963,#2964,#2965,#2966,
    #2967,#2968,#2969,#2970,#2971,#2972,#2973,#2974,#2975,#2976,#2977,
    #2978,#2979,#2980,#2981,#2982,#2983,#2984,#2985,#2986),
  .UNSPECIFIED.,.F.,.F.,(4,1,1,1,1,1,1,1,1,1,1,1,1,1,1,1,1,1,1,1,1,1,4),
  (0.52824477443,0.539384422188,0.550524069946,0.561663717704,
    0.572803365462,0.58394301322,0.595082660978,0.606222308736,
    0.617361956494,0.628501604252,0.63964125201,0.650780899768,
    0.661920547526,0.673060195284,0.684199843042,0.6953394908,
    0.706479138558,0.717618786316,0.728758434074,0.739898081832,
    0.75103772959,0.762177377348,0.773317025106),.QUASI_UNIFORM_KNOTS.);
#2962 = CARTESIAN_POINT('',(3.14159265359,-1.430754296038));
#2963 = CARTESIAN_POINT('',(3.135251354634,-1.430754326602));
#2964 = CARTESIAN_POINT('',(3.122461362729,-1.430742644218));
#2965 = CARTESIAN_POINT('',(3.10299731703,-1.430688943711));
#2966 = CARTESIAN_POINT('',(3.083297246693,-1.430597972777));
#2967 = CARTESIAN_POINT('',(3.063404503211,-1.430469152785));
#2968 = CARTESIAN_POINT('',(3.043362339602,-1.430302256779));
#2969 = CARTESIAN_POINT('',(3.023213713917,-1.430097462973));
#2970 = CARTESIAN_POINT('',(3.003000986876,-1.429855346303));
#2971 = CARTESIAN_POINT('',(2.982765807023,-1.429576880524));
#2972 = CARTESIAN_POINT('',(2.962548371136,-1.429263439575));
#2973 = CARTESIAN_POINT('',(2.94238904959,-1.428916771463));
#2974 = CARTESIAN_POINT('',(2.922321261958,-1.4285390638));
#2975 = CARTESIAN_POINT('',(2.902397100326,-1.428132652504));
#2976 = CARTESIAN_POINT('',(2.882656726468,-1.427702769016));
#2977 = CARTESIAN_POINT('',(2.863115826084,-1.427255113441));
#2978 = CARTESIAN_POINT('',(2.843792649979,-1.426795434987));
#2979 = CARTESIAN_POINT('',(2.824700916574,-1.42632996165));
#2980 = CARTESIAN_POINT('',(2.805851436649,-1.425863958967));
#2981 = CARTESIAN_POINT('',(2.787266767559,-1.425408659449));
#2982 = CARTESIAN_POINT('',(2.768909215639,-1.424984889652));
#2983 = CARTESIAN_POINT('',(2.750757116328,-1.424595692863));
#2984 = CARTESIAN_POINT('',(2.732746497094,-1.424281886117));
#2985 = CARTESIAN_POINT('',(2.720706046533,-1.424192876457));
#2986 = CARTESIAN_POINT('',(2.714651630187,-1.424192852362));
#2987 = ( GEOMETRIC_REPRESENTATION_CONTEXT(2) 
PARAMETRIC_REPRESENTATION_CONTEXT() REPRESENTATION_CONTEXT('2D SPACE',''
  ) );
#2988 = PCURVE('',#1216,#2989);
#2989 = DEFINITIONAL_REPRESENTATION('',(#2990),#3016);
#2990 = B_SPLINE_CURVE_WITH_KNOTS('',3,(#2991,#2992,#2993,#2994,#2995,
    #2996,#2997,#2998,#2999,#3000,#3001,#3002,#3003,#3004,#3005,#3006,
    #3007,#3008,#3009,#3010,#3011,#3012,#3013,#3014,#3015),
  .UNSPECIFIED.,.F.,.F.,(4,1,1,1,1,1,1,1,1,1,1,1,1,1,1,1,1,1,1,1,1,1,4),
  (0.52824477443,0.539384422188,0.550524069946,0.561663717704,
    0.572803365462,0.58394301322,0.595082660978,0.606222308736,
    0.617361956494,0.628501604252,0.63964125201,0.650780899768,
    0.661920547526,0.673060195284,0.684199843042,0.6953394908,
    0.706479138558,0.717618786316,0.728758434074,0.739898081832,
    0.75103772959,0.762177377348,0.773317025106),.QUASI_UNIFORM_KNOTS.);
#2991 = CARTESIAN_POINT('',(0.460427732881,3.875));
#2992 = CARTESIAN_POINT('',(0.460427731031,3.912132159193));
#2993 = CARTESIAN_POINT('',(0.460664207265,3.987024619715));
#2994 = CARTESIAN_POINT('',(0.461768509321,4.101041477957));
#2995 = CARTESIAN_POINT('',(0.463662536397,4.21653024559));
#2996 = CARTESIAN_POINT('',(0.466386462888,4.333284661472));
#2997 = CARTESIAN_POINT('',(0.469980590339,4.451098475886));
#2998 = CARTESIAN_POINT('',(0.474485386704,4.569765396485));
#2999 = CARTESIAN_POINT('',(0.47994159489,4.689079290016));
#3000 = CARTESIAN_POINT('',(0.486389983078,4.808833429482));
#3001 = CARTESIAN_POINT('',(0.493872281274,4.928823303767));
#3002 = CARTESIAN_POINT('',(0.502427502882,5.048836131972));
#3003 = CARTESIAN_POINT('',(0.512105254761,5.168689996452));
#3004 = CARTESIAN_POINT('',(0.522915360192,5.288087796331));
#3005 = CARTESIAN_POINT('',(0.534964570716,5.40676603869));
#3006 = CARTESIAN_POINT('',(0.548403915506,5.5245816361));
#3007 = CARTESIAN_POINT('',(0.563372472356,5.641360333304));
#3008 = CARTESIAN_POINT('',(0.58002487541,5.756932161528));
#3009 = CARTESIAN_POINT('',(0.59847638382,5.871141173891));
#3010 = CARTESIAN_POINT('',(0.61903002612,5.983669492498));
#3011 = CARTESIAN_POINT('',(0.642467706544,6.094365156245));
#3012 = CARTESIAN_POINT('',(0.668867474553,6.203203630134));
#3013 = CARTESIAN_POINT('',(0.699828182336,6.309813449045));
#3014 = CARTESIAN_POINT('',(0.726401996878,6.378743335011));
#3015 = CARTESIAN_POINT('',(0.741764932098,6.412537336686));
#3016 = ( GEOMETRIC_REPRESENTATION_CONTEXT(2) 
PARAMETRIC_REPRESENTATION_CONTEXT() REPRESENTATION_CONTEXT('2D SPACE',''
  ) );
#3017 = ORIENTED_EDGE('',*,*,#3018,.T.);
#3018 = EDGE_CURVE('',#2945,#3019,#3021,.T.);
#3019 = VERTEX_POINT('',#3020);
#3020 = CARTESIAN_POINT('',(-3.027468458946,5.327939069668,0.));
#3021 = SURFACE_CURVE('',#3022,(#3027,#3034),.PCURVE_S1.);
#3022 = CIRCLE('',#3023,6.128009464745);
#3023 = AXIS2_PLACEMENT_3D('',#3024,#3025,#3026);
#3024 = CARTESIAN_POINT('',(0.,0.,0.));
#3025 = DIRECTION('',(0.,0.,-1.));
#3026 = DIRECTION('',(0.,1.,0.));
#3027 = PCURVE('',#1116,#3028);
#3028 = DEFINITIONAL_REPRESENTATION('',(#3029),#3033);
#3029 = LINE('',#3030,#3031);
#3030 = CARTESIAN_POINT('',(7.853981633974,-1.424192852362));
#3031 = VECTOR('',#3032,1.);
#3032 = DIRECTION('',(-1.,0.));
#3033 = ( GEOMETRIC_REPRESENTATION_CONTEXT(2) 
PARAMETRIC_REPRESENTATION_CONTEXT() REPRESENTATION_CONTEXT('2D SPACE',''
  ) );
#3034 = PCURVE('',#3035,#3040);
#3035 = PLANE('',#3036);
#3036 = AXIS2_PLACEMENT_3D('',#3037,#3038,#3039);
#3037 = CARTESIAN_POINT('',(0.,0.,0.));
#3038 = DIRECTION('',(0.,0.,1.));
#3039 = DIRECTION('',(1.,0.,-0.));
#3040 = DEFINITIONAL_REPRESENTATION('',(#3041),#3049);
#3041 = ( BOUNDED_CURVE() B_SPLINE_CURVE(2,(#3042,#3043,#3044,#3045,
#3046,#3047,#3048),.UNSPECIFIED.,.T.,.F.) B_SPLINE_CURVE_WITH_KNOTS((1,2
    ,2,2,2,1),(-2.094395102393,0.,2.094395102393,4.188790204786,
6.28318530718,8.377580409573),.UNSPECIFIED.) CURVE() 
GEOMETRIC_REPRESENTATION_ITEM() RATIONAL_B_SPLINE_CURVE((1.,0.5,1.,0.5,
1.,0.5,1.)) REPRESENTATION_ITEM('') );
#3042 = CARTESIAN_POINT('',(0.,6.128009464745));
#3043 = CARTESIAN_POINT('',(10.614023742201,6.128009464745));
#3044 = CARTESIAN_POINT('',(5.3070118711,-3.064004732372));
#3045 = CARTESIAN_POINT('',(1.500929435229E-15,-12.25601892948));
#3046 = CARTESIAN_POINT('',(-5.3070118711,-3.064004732372));
#3047 = CARTESIAN_POINT('',(-10.6140237422,6.128009464745));
#3048 = CARTESIAN_POINT('',(0.,6.128009464745));
#3049 = ( GEOMETRIC_REPRESENTATION_CONTEXT(2) 
PARAMETRIC_REPRESENTATION_CONTEXT() REPRESENTATION_CONTEXT('2D SPACE',''
  ) );
#3050 = ORIENTED_EDGE('',*,*,#3051,.T.);
#3051 = EDGE_CURVE('',#3019,#3052,#3054,.T.);
#3052 = VERTEX_POINT('',#3053);
#3053 = CARTESIAN_POINT('',(-0.146181202059,5.678857538492,
    -6.357127483993E-02));
#3054 = SURFACE_CURVE('',#3055,(#3078,#3129),.PCURVE_S1.);
#3055 = B_SPLINE_CURVE_WITH_KNOTS('',3,(#3056,#3057,#3058,#3059,#3060,
    #3061,#3062,#3063,#3064,#3065,#3066,#3067,#3068,#3069,#3070,#3071,
    #3072,#3073,#3074,#3075,#3076,#3077),.UNSPECIFIED.,.F.,.F.,(4,2,2,2,
    2,2,2,2,2,2,4),(0.325721736693,0.331542862326,0.36743916938,
    0.403335476434,0.475128090541,0.618713318757,0.762298546972,
    0.834091161079,0.869987468133,0.905883775187,0.91170490082),
  .UNSPECIFIED.);
#3056 = CARTESIAN_POINT('',(-3.027468458946,5.327939069668,0.));
#3057 = CARTESIAN_POINT('',(-3.009198611362,5.338320454774,
    5.762826386594E-18));
#3058 = CARTESIAN_POINT('',(-2.990530985287,5.347554049193,
    -1.598385186754E-04));
#3059 = CARTESIAN_POINT('',(-2.864064152055,5.40535315097,
    -1.760336295598E-03));
#3060 = CARTESIAN_POINT('',(-2.749228012374,5.436261454076,
    -5.491750651719E-03));
#3061 = CARTESIAN_POINT('',(-2.514627776221,5.49157839129,
    -1.308531829316E-02));
#3062 = CARTESIAN_POINT('',(-2.394393597356,5.513932541644,
    -1.724169378693E-02));
#3063 = CARTESIAN_POINT('',(-2.026574054929,5.572517682161,
    -2.955895060172E-02));
#3064 = CARTESIAN_POINT('',(-1.772732344559,5.60015886369,
    -3.750928307075E-02));
#3065 = CARTESIAN_POINT('',(-1.001756612372,5.663764144882,
    -5.703197079302E-02));
#3066 = CARTESIAN_POINT('',(-0.478617427384,5.679344956099,
    -6.377678784301E-02));
#3067 = CARTESIAN_POINT('',(0.478617427384,5.679344956099,
    -6.377678784301E-02));
#3068 = CARTESIAN_POINT('',(1.001756612372,5.663764144882,
    -5.703197079302E-02));
#3069 = CARTESIAN_POINT('',(1.772732344559,5.60015886369,
    -3.750928307075E-02));
#3070 = CARTESIAN_POINT('',(2.026574054929,5.572517682161,
    -2.955895060172E-02));
#3071 = CARTESIAN_POINT('',(2.394393597356,5.513932541644,
    -1.724169378693E-02));
#3072 = CARTESIAN_POINT('',(2.514627776221,5.49157839129,
    -1.308531829316E-02));
#3073 = CARTESIAN_POINT('',(2.749228012374,5.436261454076,
    -5.491750651719E-03));
#3074 = CARTESIAN_POINT('',(2.864064152055,5.40535315097,
    -1.760336295598E-03));
#3075 = CARTESIAN_POINT('',(2.990530985287,5.347554049193,
    -1.598385186754E-04));
#3076 = CARTESIAN_POINT('',(3.009198611362,5.338320454774,
    4.322119789946E-18));
#3077 = CARTESIAN_POINT('',(3.027468458945,5.327939069668,0.));
#3078 = PCURVE('',#1116,#3079);
#3079 = DEFINITIONAL_REPRESENTATION('',(#3080),#3128);
#3080 = B_SPLINE_CURVE_WITH_KNOTS('',3,(#3081,#3082,#3083,#3084,#3085,
    #3086,#3087,#3088,#3089,#3090,#3091,#3092,#3093,#3094,#3095,#3096,
    #3097,#3098,#3099,#3100,#3101,#3102,#3103,#3104,#3105,#3106,#3107,
    #3108,#3109,#3110,#3111,#3112,#3113,#3114,#3115,#3116,#3117,#3118,
    #3119,#3120,#3121,#3122,#3123,#3124,#3125,#3126,#3127),
  .UNSPECIFIED.,.F.,.F.,(4,1,1,1,1,1,1,1,1,1,1,1,1,1,1,1,1,1,1,1,1,1,1,1
    ,1,1,1,1,1,1,1,1,1,1,1,1,1,1,1,1,1,1,1,1,4),(0.325721736693,
    0.339039535877,0.352357335062,0.365675134247,0.378992933432,
    0.392310732616,0.405628531801,0.418946330986,0.43226413017,
    0.445581929355,0.45889972854,0.472217527725,0.485535326909,
    0.498853126094,0.512170925279,0.525488724463,0.538806523648,
    0.552124322833,0.565442122018,0.578759921202,0.592077720387,
    0.605395519572,0.618713318757,0.632031117941,0.645348917126,
    0.658666716311,0.671984515495,0.68530231468,0.698620113865,
    0.71193791305,0.725255712234,0.738573511419,0.751891310604,
    0.765209109789,0.778526908973,0.791844708158,0.805162507343,
    0.818480306527,0.831798105712,0.845115904897,0.858433704082,
    0.871751503266,0.885069302451,0.898387101636,0.91170490082),
  .QUASI_UNIFORM_KNOTS.);
#3081 = CARTESIAN_POINT('',(2.08752414833,-1.424192852362));
#3082 = CARTESIAN_POINT('',(2.07994697183,-1.424217215895));
#3083 = CARTESIAN_POINT('',(2.065277270854,-1.424397967918));
#3084 = CARTESIAN_POINT('',(2.044031190452,-1.424940043866));
#3085 = CARTESIAN_POINT('',(2.022589555148,-1.425618505477));
#3086 = CARTESIAN_POINT('',(2.000903232323,-1.426331814007));
#3087 = CARTESIAN_POINT('',(1.978911080526,-1.427084912491));
#3088 = CARTESIAN_POINT('',(1.956553646902,-1.427850966413));
#3089 = CARTESIAN_POINT('',(1.933822651611,-1.428611265554));
#3090 = CARTESIAN_POINT('',(1.910738743855,-1.429357556526));
#3091 = CARTESIAN_POINT('',(1.887311670872,-1.430081494973));
#3092 = CARTESIAN_POINT('',(1.863561079728,-1.43077497102));
#3093 = CARTESIAN_POINT('',(1.839508853898,-1.431430194354));
#3094 = CARTESIAN_POINT('',(1.815190034484,-1.432039296248));
#3095 = CARTESIAN_POINT('',(1.790682693407,-1.432597839384));
#3096 = CARTESIAN_POINT('',(1.766031866254,-1.433102617244));
#3097 = CARTESIAN_POINT('',(1.741294196863,-1.433550837011));
#3098 = CARTESIAN_POINT('',(1.716526746864,-1.433940363639));
#3099 = CARTESIAN_POINT('',(1.691789146967,-1.434269678805));
#3100 = CARTESIAN_POINT('',(1.667143454595,-1.434537908334));
#3101 = CARTESIAN_POINT('',(1.642649576769,-1.434744822681));
#3102 = CARTESIAN_POINT('',(1.618380537452,-1.434890835639));
#3103 = CARTESIAN_POINT('',(1.594362702894,-1.434976994191));
#3104 = CARTESIAN_POINT('',(1.570796326795,-1.435004961997));
#3105 = CARTESIAN_POINT('',(1.547229950696,-1.434976994191));
#3106 = CARTESIAN_POINT('',(1.523212116137,-1.434890835639));
#3107 = CARTESIAN_POINT('',(1.498943076821,-1.434744822681));
#3108 = CARTESIAN_POINT('',(1.474449198994,-1.434537908334));
#3109 = CARTESIAN_POINT('',(1.449803506623,-1.434269678805));
#3110 = CARTESIAN_POINT('',(1.425065906726,-1.433940363639));
#3111 = CARTESIAN_POINT('',(1.400298456727,-1.433550837011));
#3112 = CARTESIAN_POINT('',(1.375560787336,-1.433102617244));
#3113 = CARTESIAN_POINT('',(1.350909960182,-1.432597839384));
#3114 = CARTESIAN_POINT('',(1.326402619105,-1.432039296248));
#3115 = CARTESIAN_POINT('',(1.302083799692,-1.431430194354));
#3116 = CARTESIAN_POINT('',(1.278031573862,-1.43077497102));
#3117 = CARTESIAN_POINT('',(1.254280982718,-1.430081494973));
#3118 = CARTESIAN_POINT('',(1.230853909735,-1.429357556526));
#3119 = CARTESIAN_POINT('',(1.207770001979,-1.428611265554));
#3120 = CARTESIAN_POINT('',(1.185039006688,-1.427850966413));
#3121 = CARTESIAN_POINT('',(1.162681573064,-1.427084912491));
#3122 = CARTESIAN_POINT('',(1.140689421267,-1.426331814007));
#3123 = CARTESIAN_POINT('',(1.119003098442,-1.425618505477));
#3124 = CARTESIAN_POINT('',(1.097561463138,-1.424940043866));
#3125 = CARTESIAN_POINT('',(1.076315382736,-1.424397967918));
#3126 = CARTESIAN_POINT('',(1.061645681759,-1.424217215895));
#3127 = CARTESIAN_POINT('',(1.054068505259,-1.424192852362));
#3128 = ( GEOMETRIC_REPRESENTATION_CONTEXT(2) 
PARAMETRIC_REPRESENTATION_CONTEXT() REPRESENTATION_CONTEXT('2D SPACE',''
  ) );
#3129 = PCURVE('',#3130,#3135);
#3130 = CYLINDRICAL_SURFACE('',#3131,1.);
#3131 = AXIS2_PLACEMENT_3D('',#3132,#3133,#3134);
#3132 = CARTESIAN_POINT('',(-4.,5.327939069668,-1.));
#3133 = DIRECTION('',(1.,-4.987329993433E-17,0.));
#3134 = DIRECTION('',(3.369391305711E-17,0.675590207616,0.73727733681));
#3135 = DEFINITIONAL_REPRESENTATION('',(#3136),#3184);
#3136 = B_SPLINE_CURVE_WITH_KNOTS('',3,(#3137,#3138,#3139,#3140,#3141,
    #3142,#3143,#3144,#3145,#3146,#3147,#3148,#3149,#3150,#3151,#3152,
    #3153,#3154,#3155,#3156,#3157,#3158,#3159,#3160,#3161,#3162,#3163,
    #3164,#3165,#3166,#3167,#3168,#3169,#3170,#3171,#3172,#3173,#3174,
    #3175,#3176,#3177,#3178,#3179,#3180,#3181,#3182,#3183),
  .UNSPECIFIED.,.F.,.F.,(4,1,1,1,1,1,1,1,1,1,1,1,1,1,1,1,1,1,1,1,1,1,1,1
    ,1,1,1,1,1,1,1,1,1,1,1,1,1,1,1,1,1,1,1,1,4),(0.325721736693,
    0.339039535877,0.352357335062,0.365675134247,0.378992933432,
    0.392310732616,0.405628531801,0.418946330986,0.43226413017,
    0.445581929355,0.45889972854,0.472217527725,0.485535326909,
    0.498853126094,0.512170925279,0.525488724463,0.538806523648,
    0.552124322833,0.565442122018,0.578759921202,0.592077720387,
    0.605395519572,0.618713318757,0.632031117941,0.645348917126,
    0.658666716311,0.671984515495,0.68530231468,0.698620113865,
    0.71193791305,0.725255712234,0.738573511419,0.751891310604,
    0.765209109789,0.778526908973,0.791844708158,0.805162507343,
    0.818480306527,0.831798105712,0.845115904897,0.858433704082,
    0.871751503266,0.885069302451,0.898387101636,0.91170490082),
  .QUASI_UNIFORM_KNOTS.);
#3137 = CARTESIAN_POINT('',(0.741764932098,0.972531541054));
#3138 = CARTESIAN_POINT('',(0.719718431079,1.013449912022));
#3139 = CARTESIAN_POINT('',(0.682738468015,1.095707614658));
#3140 = CARTESIAN_POINT('',(0.642158118141,1.22114473897));
#3141 = CARTESIAN_POINT('',(0.608888239721,1.350450336162));
#3142 = CARTESIAN_POINT('',(0.579303313259,1.481836558803));
#3143 = CARTESIAN_POINT('',(0.553536949039,1.61558135931));
#3144 = CARTESIAN_POINT('',(0.530601680108,1.751436087199));
#3145 = CARTESIAN_POINT('',(0.509924236535,1.889086998955));
#3146 = CARTESIAN_POINT('',(0.49135633335,2.02825978362));
#3147 = CARTESIAN_POINT('',(0.474706695401,2.168762511337));
#3148 = CARTESIAN_POINT('',(0.459799458206,2.310378226778));
#3149 = CARTESIAN_POINT('',(0.446458176545,2.452907695396));
#3150 = CARTESIAN_POINT('',(0.43451420349,2.596105824994));
#3151 = CARTESIAN_POINT('',(0.423955733709,2.739544917742));
#3152 = CARTESIAN_POINT('',(0.414722952152,2.883007014884));
#3153 = CARTESIAN_POINT('',(0.406766733848,3.026224745646));
#3154 = CARTESIAN_POINT('',(0.400035259636,3.168943639082));
#3155 = CARTESIAN_POINT('',(0.394477825372,3.310907036948));
#3156 = CARTESIAN_POINT('',(0.39004392477,3.451854130363));
#3157 = CARTESIAN_POINT('',(0.386683502612,3.591542900297));
#3158 = CARTESIAN_POINT('',(0.384346819375,3.729660318952));
#3159 = CARTESIAN_POINT('',(0.382984362831,3.866158603751));
#3160 = CARTESIAN_POINT('',(0.382546708887,4.));
#3161 = CARTESIAN_POINT('',(0.382984362831,4.133841396249));
#3162 = CARTESIAN_POINT('',(0.384346819375,4.270339681048));
#3163 = CARTESIAN_POINT('',(0.386683502612,4.408457099703));
#3164 = CARTESIAN_POINT('',(0.39004392477,4.548145869637));
#3165 = CARTESIAN_POINT('',(0.394477825372,4.689092963052));
#3166 = CARTESIAN_POINT('',(0.400035259636,4.831056360918));
#3167 = CARTESIAN_POINT('',(0.406766733848,4.973775254354));
#3168 = CARTESIAN_POINT('',(0.414722952152,5.116992985116));
#3169 = CARTESIAN_POINT('',(0.423955733709,5.260455082258));
#3170 = CARTESIAN_POINT('',(0.43451420349,5.403894175006));
#3171 = CARTESIAN_POINT('',(0.446458176545,5.547092304604));
#3172 = CARTESIAN_POINT('',(0.459799458206,5.689621773222));
#3173 = CARTESIAN_POINT('',(0.474706695401,5.831237488663));
#3174 = CARTESIAN_POINT('',(0.49135633335,5.97174021638));
#3175 = CARTESIAN_POINT('',(0.509924236535,6.110913001045));
#3176 = CARTESIAN_POINT('',(0.530601680108,6.248563912801));
#3177 = CARTESIAN_POINT('',(0.553536949039,6.38441864069));
#3178 = CARTESIAN_POINT('',(0.579303313259,6.518163441197));
#3179 = CARTESIAN_POINT('',(0.608888239721,6.649549663838));
#3180 = CARTESIAN_POINT('',(0.642158118141,6.77885526103));
#3181 = CARTESIAN_POINT('',(0.682738468015,6.904292385342));
#3182 = CARTESIAN_POINT('',(0.719718431079,6.986550087978));
#3183 = CARTESIAN_POINT('',(0.741764932098,7.027468458945));
#3184 = ( GEOMETRIC_REPRESENTATION_CONTEXT(2) 
PARAMETRIC_REPRESENTATION_CONTEXT() REPRESENTATION_CONTEXT('2D SPACE',''
  ) );
#3185 = ORIENTED_EDGE('',*,*,#3186,.F.);
#3186 = EDGE_CURVE('',#3187,#3052,#3189,.T.);
#3187 = VERTEX_POINT('',#3188);
#3188 = CARTESIAN_POINT('',(-1.5,3.333974596216,-0.29039498966));
#3189 = SURFACE_CURVE('',#3190,(#3195,#3213),.PCURVE_S1.);
#3190 = CIRCLE('',#3191,41.845013959899);
#3191 = AXIS2_PLACEMENT_3D('',#3192,#3193,#3194);
#3192 = CARTESIAN_POINT('',(-2.568653347947,1.483012701892,41.5));
#3193 = DIRECTION('',(0.866025403784,-0.5,0.));
#3194 = DIRECTION('',(0.5,0.866025403784,0.));
#3195 = PCURVE('',#1116,#3196);
#3196 = DEFINITIONAL_REPRESENTATION('',(#3197),#3212);
#3197 = B_SPLINE_CURVE_WITH_KNOTS('',7,(#3198,#3199,#3200,#3201,#3202,
    #3203,#3204,#3205,#3206,#3207,#3208,#3209,#3210,#3211),
  .UNSPECIFIED.,.F.,.F.,(8,6,8),(4.763487950104,4.799478656347,
    4.83546936259),.UNSPECIFIED.);
#3198 = CARTESIAN_POINT('',(1.993578272353,-1.483537359958));
#3199 = CARTESIAN_POINT('',(1.94589542891,-1.48053150229));
#3200 = CARTESIAN_POINT('',(1.902050098342,-1.477293591317));
#3201 = CARTESIAN_POINT('',(1.86184273217,-1.473857210843));
#3202 = CARTESIAN_POINT('',(1.824949590438,-1.470251685741));
#3203 = CARTESIAN_POINT('',(1.79104042142,-1.466500848149));
#3204 = CARTESIAN_POINT('',(1.759806348203,-1.462624432617));
#3205 = CARTESIAN_POINT('',(1.702130710586,-1.454653046151));
#3206 = CARTESIAN_POINT('',(1.675689160531,-1.450558076279));
#3207 = CARTESIAN_POINT('',(1.651364998738,-1.446370141299));
#3208 = CARTESIAN_POINT('',(1.628909849166,-1.442102158921));
#3209 = CARTESIAN_POINT('',(1.608112969044,-1.437764532885));
#3210 = CARTESIAN_POINT('',(1.58879346009,-1.433365815344));
#3211 = CARTESIAN_POINT('',(1.570796326795,-1.428913120215));
#3212 = ( GEOMETRIC_REPRESENTATION_CONTEXT(2) 
PARAMETRIC_REPRESENTATION_CONTEXT() REPRESENTATION_CONTEXT('2D SPACE',''
  ) );
#3213 = PCURVE('',#3214,#3219);
#3214 = PLANE('',#3215);
#3215 = AXIS2_PLACEMENT_3D('',#3216,#3217,#3218);
#3216 = CARTESIAN_POINT('',(0.,5.932050807569,-0.517306389468));
#3217 = DIRECTION('',(0.866025403784,-0.5,0.));
#3218 = DIRECTION('',(-0.5,-0.866025403784,0.));
#3219 = DEFINITIONAL_REPRESENTATION('',(#3220),#3224);
#3220 = CIRCLE('',#3221,41.845013959899);
#3221 = AXIS2_PLACEMENT_2D('',#3222,#3223);
#3222 = CARTESIAN_POINT('',(5.137306695895,-42.01730638946));
#3223 = DIRECTION('',(-1.,0.));
#3224 = ( GEOMETRIC_REPRESENTATION_CONTEXT(2) 
PARAMETRIC_REPRESENTATION_CONTEXT() REPRESENTATION_CONTEXT('2D SPACE',''
  ) );
#3225 = ORIENTED_EDGE('',*,*,#3226,.F.);
#3226 = EDGE_CURVE('',#3227,#3187,#3229,.T.);
#3227 = VERTEX_POINT('',#3228);
#3228 = CARTESIAN_POINT('',(1.5,3.333974596216,-0.29039498966));
#3229 = SURFACE_CURVE('',#3230,(#3235,#3255),.PCURVE_S1.);
#3230 = CIRCLE('',#3231,41.817306386134);
#3231 = AXIS2_PLACEMENT_3D('',#3232,#3233,#3234);
#3232 = CARTESIAN_POINT('',(0.,3.333974596216,41.5));
#3233 = DIRECTION('',(0.,1.,0.));
#3234 = DIRECTION('',(0.,-0.,1.));
#3235 = PCURVE('',#1116,#3236);
#3236 = DEFINITIONAL_REPRESENTATION('',(#3237),#3254);
#3237 = B_SPLINE_CURVE_WITH_KNOTS('',8,(#3238,#3239,#3240,#3241,#3242,
    #3243,#3244,#3245,#3246,#3247,#3248,#3249,#3250,#3251,#3252,#3253),
  .UNSPECIFIED.,.F.,.F.,(9,7,9),(3.10571464073,3.14159265359,
    3.17747066645),.UNSPECIFIED.);
#3238 = CARTESIAN_POINT('',(1.148014381237,-1.483537359958));
#3239 = CARTESIAN_POINT('',(1.194765889981,-1.485377449218));
#3240 = CARTESIAN_POINT('',(1.243773708355,-1.486999015823));
#3241 = CARTESIAN_POINT('',(1.294915650601,-1.488383622508));
#3242 = CARTESIAN_POINT('',(1.347968053399,-1.489513432451));
#3243 = CARTESIAN_POINT('',(1.402586725813,-1.490372531302));
#3244 = CARTESIAN_POINT('',(1.458293836605,-1.49094915087));
#3245 = CARTESIAN_POINT('',(1.514545078735,-1.491237463309));
#3246 = CARTESIAN_POINT('',(1.627047574854,-1.491237463309));
#3247 = CARTESIAN_POINT('',(1.683298816982,-1.490949150872));
#3248 = CARTESIAN_POINT('',(1.739005927777,-1.490372531293));
#3249 = CARTESIAN_POINT('',(1.793624600185,-1.489513432453));
#3250 = CARTESIAN_POINT('',(1.84667700299,-1.488383622501));
#3251 = CARTESIAN_POINT('',(1.897818945231,-1.486999015824));
#3252 = CARTESIAN_POINT('',(1.946826763608,-1.485377449218));
#3253 = CARTESIAN_POINT('',(1.993578272353,-1.483537359958));
#3254 = ( GEOMETRIC_REPRESENTATION_CONTEXT(2) 
PARAMETRIC_REPRESENTATION_CONTEXT() REPRESENTATION_CONTEXT('2D SPACE',''
  ) );
#3255 = PCURVE('',#3256,#3261);
#3256 = PLANE('',#3257);
#3257 = AXIS2_PLACEMENT_3D('',#3258,#3259,#3260);
#3258 = CARTESIAN_POINT('',(-1.5,3.333974596216,-0.517306389468));
#3259 = DIRECTION('',(0.,1.,0.));
#3260 = DIRECTION('',(1.,0.,0.));
#3261 = DEFINITIONAL_REPRESENTATION('',(#3262),#3266);
#3262 = CIRCLE('',#3263,41.817306386134);
#3263 = AXIS2_PLACEMENT_2D('',#3264,#3265);
#3264 = CARTESIAN_POINT('',(1.5,-42.01730638946));
#3265 = DIRECTION('',(0.,-1.));
#3266 = ( GEOMETRIC_REPRESENTATION_CONTEXT(2) 
PARAMETRIC_REPRESENTATION_CONTEXT() REPRESENTATION_CONTEXT('2D SPACE',''
  ) );
#3267 = ORIENTED_EDGE('',*,*,#3268,.F.);
#3268 = EDGE_CURVE('',#3269,#3227,#3271,.T.);
#3269 = VERTEX_POINT('',#3270);
#3270 = CARTESIAN_POINT('',(0.146181202059,5.678857538492,
    -6.357127483993E-02));
#3271 = SURFACE_CURVE('',#3272,(#3277,#3295),.PCURVE_S1.);
#3272 = CIRCLE('',#3273,41.845013959899);
#3273 = AXIS2_PLACEMENT_3D('',#3274,#3275,#3276);
#3274 = CARTESIAN_POINT('',(2.568653347947,1.483012701892,41.5));
#3275 = DIRECTION('',(-0.866025403784,-0.5,0.));
#3276 = DIRECTION('',(0.5,-0.866025403784,0.));
#3277 = PCURVE('',#1116,#3278);
#3278 = DEFINITIONAL_REPRESENTATION('',(#3279),#3294);
#3279 = B_SPLINE_CURVE_WITH_KNOTS('',7,(#3280,#3281,#3282,#3283,#3284,
    #3285,#3286,#3287,#3288,#3289,#3290,#3291,#3292,#3293),
  .UNSPECIFIED.,.F.,.F.,(8,6,8),(4.589308598179,4.625299304422,
    4.661290010665),.UNSPECIFIED.);
#3280 = CARTESIAN_POINT('',(1.570796326795,-1.428913120215));
#3281 = CARTESIAN_POINT('',(1.5527991935,-1.433365815344));
#3282 = CARTESIAN_POINT('',(1.533479684546,-1.437764532885));
#3283 = CARTESIAN_POINT('',(1.512682804423,-1.442102158921));
#3284 = CARTESIAN_POINT('',(1.490227654853,-1.446370141299));
#3285 = CARTESIAN_POINT('',(1.465903493059,-1.450558076279));
#3286 = CARTESIAN_POINT('',(1.439461943004,-1.454653046151));
#3287 = CARTESIAN_POINT('',(1.381786305386,-1.462624432617));
#3288 = CARTESIAN_POINT('',(1.35055223217,-1.466500848148));
#3289 = CARTESIAN_POINT('',(1.316643063151,-1.470251685741));
#3290 = CARTESIAN_POINT('',(1.279749921421,-1.473857210842));
#3291 = CARTESIAN_POINT('',(1.239542555248,-1.477293591317));
#3292 = CARTESIAN_POINT('',(1.19569722468,-1.48053150229));
#3293 = CARTESIAN_POINT('',(1.148014381237,-1.483537359958));
#3294 = ( GEOMETRIC_REPRESENTATION_CONTEXT(2) 
PARAMETRIC_REPRESENTATION_CONTEXT() REPRESENTATION_CONTEXT('2D SPACE',''
  ) );
#3295 = PCURVE('',#3296,#3301);
#3296 = PLANE('',#3297);
#3297 = AXIS2_PLACEMENT_3D('',#3298,#3299,#3300);
#3298 = CARTESIAN_POINT('',(1.5,3.333974596216,-0.517306389468));
#3299 = DIRECTION('',(-0.866025403784,-0.5,0.));
#3300 = DIRECTION('',(-0.5,0.866025403784,0.));
#3301 = DEFINITIONAL_REPRESENTATION('',(#3302),#3306);
#3302 = CIRCLE('',#3303,41.845013959899);
#3303 = AXIS2_PLACEMENT_2D('',#3304,#3305);
#3304 = CARTESIAN_POINT('',(-2.137306695895,-42.01730638946));
#3305 = DIRECTION('',(-1.,-0.));
#3306 = ( GEOMETRIC_REPRESENTATION_CONTEXT(2) 
PARAMETRIC_REPRESENTATION_CONTEXT() REPRESENTATION_CONTEXT('2D SPACE',''
  ) );
#3307 = ORIENTED_EDGE('',*,*,#3308,.T.);
#3308 = EDGE_CURVE('',#3269,#2607,#3309,.T.);
#3309 = SURFACE_CURVE('',#3310,(#3333,#3384),.PCURVE_S1.);
#3310 = B_SPLINE_CURVE_WITH_KNOTS('',3,(#3311,#3312,#3313,#3314,#3315,
    #3316,#3317,#3318,#3319,#3320,#3321,#3322,#3323,#3324,#3325,#3326,
    #3327,#3328,#3329,#3330,#3331,#3332),.UNSPECIFIED.,.F.,.F.,(4,2,2,2,
    2,2,2,2,2,2,4),(0.325721736693,0.331542862326,0.36743916938,
    0.403335476434,0.475128090541,0.618713318757,0.762298546972,
    0.834091161079,0.869987468133,0.905883775187,0.91170490082),
  .UNSPECIFIED.);
#3311 = CARTESIAN_POINT('',(-3.027468458946,5.327939069668,0.));
#3312 = CARTESIAN_POINT('',(-3.009198611362,5.338320454774,
    5.762826386594E-18));
#3313 = CARTESIAN_POINT('',(-2.990530985287,5.347554049193,
    -1.598385186754E-04));
#3314 = CARTESIAN_POINT('',(-2.864064152055,5.40535315097,
    -1.760336295598E-03));
#3315 = CARTESIAN_POINT('',(-2.749228012374,5.436261454076,
    -5.491750651719E-03));
#3316 = CARTESIAN_POINT('',(-2.514627776221,5.49157839129,
    -1.308531829316E-02));
#3317 = CARTESIAN_POINT('',(-2.394393597356,5.513932541644,
    -1.724169378693E-02));
#3318 = CARTESIAN_POINT('',(-2.026574054929,5.572517682161,
    -2.955895060172E-02));
#3319 = CARTESIAN_POINT('',(-1.772732344559,5.60015886369,
    -3.750928307075E-02));
#3320 = CARTESIAN_POINT('',(-1.001756612372,5.663764144882,
    -5.703197079302E-02));
#3321 = CARTESIAN_POINT('',(-0.478617427384,5.679344956099,
    -6.377678784301E-02));
#3322 = CARTESIAN_POINT('',(0.478617427384,5.679344956099,
    -6.377678784301E-02));
#3323 = CARTESIAN_POINT('',(1.001756612372,5.663764144882,
    -5.703197079302E-02));
#3324 = CARTESIAN_POINT('',(1.772732344559,5.60015886369,
    -3.750928307075E-02));
#3325 = CARTESIAN_POINT('',(2.026574054929,5.572517682161,
    -2.955895060172E-02));
#3326 = CARTESIAN_POINT('',(2.394393597356,5.513932541644,
    -1.724169378693E-02));
#3327 = CARTESIAN_POINT('',(2.514627776221,5.49157839129,
    -1.308531829316E-02));
#3328 = CARTESIAN_POINT('',(2.749228012374,5.436261454076,
    -5.491750651719E-03));
#3329 = CARTESIAN_POINT('',(2.864064152055,5.40535315097,
    -1.760336295598E-03));
#3330 = CARTESIAN_POINT('',(2.990530985287,5.347554049193,
    -1.598385186754E-04));
#3331 = CARTESIAN_POINT('',(3.009198611362,5.338320454774,
    4.322119789946E-18));
#3332 = CARTESIAN_POINT('',(3.027468458945,5.327939069668,0.));
#3333 = PCURVE('',#1116,#3334);
#3334 = DEFINITIONAL_REPRESENTATION('',(#3335),#3383);
#3335 = B_SPLINE_CURVE_WITH_KNOTS('',3,(#3336,#3337,#3338,#3339,#3340,
    #3341,#3342,#3343,#3344,#3345,#3346,#3347,#3348,#3349,#3350,#3351,
    #3352,#3353,#3354,#3355,#3356,#3357,#3358,#3359,#3360,#3361,#3362,
    #3363,#3364,#3365,#3366,#3367,#3368,#3369,#3370,#3371,#3372,#3373,
    #3374,#3375,#3376,#3377,#3378,#3379,#3380,#3381,#3382),
  .UNSPECIFIED.,.F.,.F.,(4,1,1,1,1,1,1,1,1,1,1,1,1,1,1,1,1,1,1,1,1,1,1,1
    ,1,1,1,1,1,1,1,1,1,1,1,1,1,1,1,1,1,1,1,1,4),(0.325721736693,
    0.339039535877,0.352357335062,0.365675134247,0.378992933432,
    0.392310732616,0.405628531801,0.418946330986,0.43226413017,
    0.445581929355,0.45889972854,0.472217527725,0.485535326909,
    0.498853126094,0.512170925279,0.525488724463,0.538806523648,
    0.552124322833,0.565442122018,0.578759921202,0.592077720387,
    0.605395519572,0.618713318757,0.632031117941,0.645348917126,
    0.658666716311,0.671984515495,0.68530231468,0.698620113865,
    0.71193791305,0.725255712234,0.738573511419,0.751891310604,
    0.765209109789,0.778526908973,0.791844708158,0.805162507343,
    0.818480306527,0.831798105712,0.845115904897,0.858433704082,
    0.871751503266,0.885069302451,0.898387101636,0.91170490082),
  .QUASI_UNIFORM_KNOTS.);
#3336 = CARTESIAN_POINT('',(2.08752414833,-1.424192852362));
#3337 = CARTESIAN_POINT('',(2.07994697183,-1.424217215895));
#3338 = CARTESIAN_POINT('',(2.065277270854,-1.424397967918));
#3339 = CARTESIAN_POINT('',(2.044031190452,-1.424940043866));
#3340 = CARTESIAN_POINT('',(2.022589555148,-1.425618505477));
#3341 = CARTESIAN_POINT('',(2.000903232323,-1.426331814007));
#3342 = CARTESIAN_POINT('',(1.978911080526,-1.427084912491));
#3343 = CARTESIAN_POINT('',(1.956553646902,-1.427850966413));
#3344 = CARTESIAN_POINT('',(1.933822651611,-1.428611265554));
#3345 = CARTESIAN_POINT('',(1.910738743855,-1.429357556526));
#3346 = CARTESIAN_POINT('',(1.887311670872,-1.430081494973));
#3347 = CARTESIAN_POINT('',(1.863561079728,-1.43077497102));
#3348 = CARTESIAN_POINT('',(1.839508853898,-1.431430194354));
#3349 = CARTESIAN_POINT('',(1.815190034484,-1.432039296248));
#3350 = CARTESIAN_POINT('',(1.790682693407,-1.432597839384));
#3351 = CARTESIAN_POINT('',(1.766031866254,-1.433102617244));
#3352 = CARTESIAN_POINT('',(1.741294196863,-1.433550837011));
#3353 = CARTESIAN_POINT('',(1.716526746864,-1.433940363639));
#3354 = CARTESIAN_POINT('',(1.691789146967,-1.434269678805));
#3355 = CARTESIAN_POINT('',(1.667143454595,-1.434537908334));
#3356 = CARTESIAN_POINT('',(1.642649576769,-1.434744822681));
#3357 = CARTESIAN_POINT('',(1.618380537452,-1.434890835639));
#3358 = CARTESIAN_POINT('',(1.594362702894,-1.434976994191));
#3359 = CARTESIAN_POINT('',(1.570796326795,-1.435004961997));
#3360 = CARTESIAN_POINT('',(1.547229950696,-1.434976994191));
#3361 = CARTESIAN_POINT('',(1.523212116137,-1.434890835639));
#3362 = CARTESIAN_POINT('',(1.498943076821,-1.434744822681));
#3363 = CARTESIAN_POINT('',(1.474449198994,-1.434537908334));
#3364 = CARTESIAN_POINT('',(1.449803506623,-1.434269678805));
#3365 = CARTESIAN_POINT('',(1.425065906726,-1.433940363639));
#3366 = CARTESIAN_POINT('',(1.400298456727,-1.433550837011));
#3367 = CARTESIAN_POINT('',(1.375560787336,-1.433102617244));
#3368 = CARTESIAN_POINT('',(1.350909960182,-1.432597839384));
#3369 = CARTESIAN_POINT('',(1.326402619105,-1.432039296248));
#3370 = CARTESIAN_POINT('',(1.302083799692,-1.431430194354));
#3371 = CARTESIAN_POINT('',(1.278031573862,-1.43077497102));
#3372 = CARTESIAN_POINT('',(1.254280982718,-1.430081494973));
#3373 = CARTESIAN_POINT('',(1.230853909735,-1.429357556526));
#3374 = CARTESIAN_POINT('',(1.207770001979,-1.428611265554));
#3375 = CARTESIAN_POINT('',(1.185039006688,-1.427850966413));
#3376 = CARTESIAN_POINT('',(1.162681573064,-1.427084912491));
#3377 = CARTESIAN_POINT('',(1.140689421267,-1.426331814007));
#3378 = CARTESIAN_POINT('',(1.119003098442,-1.425618505477));
#3379 = CARTESIAN_POINT('',(1.097561463138,-1.424940043866));
#3380 = CARTESIAN_POINT('',(1.076315382736,-1.424397967918));
#3381 = CARTESIAN_POINT('',(1.061645681759,-1.424217215895));
#3382 = CARTESIAN_POINT('',(1.054068505259,-1.424192852362));
#3383 = ( GEOMETRIC_REPRESENTATION_CONTEXT(2) 
PARAMETRIC_REPRESENTATION_CONTEXT() REPRESENTATION_CONTEXT('2D SPACE',''
  ) );
#3384 = PCURVE('',#3130,#3385);
#3385 = DEFINITIONAL_REPRESENTATION('',(#3386),#3434);
#3386 = B_SPLINE_CURVE_WITH_KNOTS('',3,(#3387,#3388,#3389,#3390,#3391,
    #3392,#3393,#3394,#3395,#3396,#3397,#3398,#3399,#3400,#3401,#3402,
    #3403,#3404,#3405,#3406,#3407,#3408,#3409,#3410,#3411,#3412,#3413,
    #3414,#3415,#3416,#3417,#3418,#3419,#3420,#3421,#3422,#3423,#3424,
    #3425,#3426,#3427,#3428,#3429,#3430,#3431,#3432,#3433),
  .UNSPECIFIED.,.F.,.F.,(4,1,1,1,1,1,1,1,1,1,1,1,1,1,1,1,1,1,1,1,1,1,1,1
    ,1,1,1,1,1,1,1,1,1,1,1,1,1,1,1,1,1,1,1,1,4),(0.325721736693,
    0.339039535877,0.352357335062,0.365675134247,0.378992933432,
    0.392310732616,0.405628531801,0.418946330986,0.43226413017,
    0.445581929355,0.45889972854,0.472217527725,0.485535326909,
    0.498853126094,0.512170925279,0.525488724463,0.538806523648,
    0.552124322833,0.565442122018,0.578759921202,0.592077720387,
    0.605395519572,0.618713318757,0.632031117941,0.645348917126,
    0.658666716311,0.671984515495,0.68530231468,0.698620113865,
    0.71193791305,0.725255712234,0.738573511419,0.751891310604,
    0.765209109789,0.778526908973,0.791844708158,0.805162507343,
    0.818480306527,0.831798105712,0.845115904897,0.858433704082,
    0.871751503266,0.885069302451,0.898387101636,0.91170490082),
  .QUASI_UNIFORM_KNOTS.);
#3387 = CARTESIAN_POINT('',(0.741764932098,0.972531541054));
#3388 = CARTESIAN_POINT('',(0.719718431079,1.013449912022));
#3389 = CARTESIAN_POINT('',(0.682738468015,1.095707614658));
#3390 = CARTESIAN_POINT('',(0.642158118141,1.22114473897));
#3391 = CARTESIAN_POINT('',(0.608888239721,1.350450336162));
#3392 = CARTESIAN_POINT('',(0.579303313259,1.481836558803));
#3393 = CARTESIAN_POINT('',(0.553536949039,1.61558135931));
#3394 = CARTESIAN_POINT('',(0.530601680108,1.751436087199));
#3395 = CARTESIAN_POINT('',(0.509924236535,1.889086998955));
#3396 = CARTESIAN_POINT('',(0.49135633335,2.02825978362));
#3397 = CARTESIAN_POINT('',(0.474706695401,2.168762511337));
#3398 = CARTESIAN_POINT('',(0.459799458206,2.310378226778));
#3399 = CARTESIAN_POINT('',(0.446458176545,2.452907695396));
#3400 = CARTESIAN_POINT('',(0.43451420349,2.596105824994));
#3401 = CARTESIAN_POINT('',(0.423955733709,2.739544917742));
#3402 = CARTESIAN_POINT('',(0.414722952152,2.883007014884));
#3403 = CARTESIAN_POINT('',(0.406766733848,3.026224745646));
#3404 = CARTESIAN_POINT('',(0.400035259636,3.168943639082));
#3405 = CARTESIAN_POINT('',(0.394477825372,3.310907036948));
#3406 = CARTESIAN_POINT('',(0.39004392477,3.451854130363));
#3407 = CARTESIAN_POINT('',(0.386683502612,3.591542900297));
#3408 = CARTESIAN_POINT('',(0.384346819375,3.729660318952));
#3409 = CARTESIAN_POINT('',(0.382984362831,3.866158603751));
#3410 = CARTESIAN_POINT('',(0.382546708887,4.));
#3411 = CARTESIAN_POINT('',(0.382984362831,4.133841396249));
#3412 = CARTESIAN_POINT('',(0.384346819375,4.270339681048));
#3413 = CARTESIAN_POINT('',(0.386683502612,4.408457099703));
#3414 = CARTESIAN_POINT('',(0.39004392477,4.548145869637));
#3415 = CARTESIAN_POINT('',(0.394477825372,4.689092963052));
#3416 = CARTESIAN_POINT('',(0.400035259636,4.831056360918));
#3417 = CARTESIAN_POINT('',(0.406766733848,4.973775254354));
#3418 = CARTESIAN_POINT('',(0.414722952152,5.116992985116));
#3419 = CARTESIAN_POINT('',(0.423955733709,5.260455082258));
#3420 = CARTESIAN_POINT('',(0.43451420349,5.403894175006));
#3421 = CARTESIAN_POINT('',(0.446458176545,5.547092304604));
#3422 = CARTESIAN_POINT('',(0.459799458206,5.689621773222));
#3423 = CARTESIAN_POINT('',(0.474706695401,5.831237488663));
#3424 = CARTESIAN_POINT('',(0.49135633335,5.97174021638));
#3425 = CARTESIAN_POINT('',(0.509924236535,6.110913001045));
#3426 = CARTESIAN_POINT('',(0.530601680108,6.248563912801));
#3427 = CARTESIAN_POINT('',(0.553536949039,6.38441864069));
#3428 = CARTESIAN_POINT('',(0.579303313259,6.518163441197));
#3429 = CARTESIAN_POINT('',(0.608888239721,6.649549663838));
#3430 = CARTESIAN_POINT('',(0.642158118141,6.77885526103));
#3431 = CARTESIAN_POINT('',(0.682738468015,6.904292385342));
#3432 = CARTESIAN_POINT('',(0.719718431079,6.986550087978));
#3433 = CARTESIAN_POINT('',(0.741764932098,7.027468458945));
#3434 = ( GEOMETRIC_REPRESENTATION_CONTEXT(2) 
PARAMETRIC_REPRESENTATION_CONTEXT() REPRESENTATION_CONTEXT('2D SPACE',''
  ) );
#3435 = ADVANCED_FACE('',(#3436),#1188,.F.);
#3436 = FACE_BOUND('',#3437,.T.);
#3437 = EDGE_LOOP('',(#3438,#3439,#3460));
#3438 = ORIENTED_EDGE('',*,*,#1172,.F.);
#3439 = ORIENTED_EDGE('',*,*,#3440,.F.);
#3440 = EDGE_CURVE('',#2769,#1173,#3441,.T.);
#3441 = SURFACE_CURVE('',#3442,(#3446,#3453),.PCURVE_S1.);
#3442 = LINE('',#3443,#3444);
#3443 = CARTESIAN_POINT('',(-5.577939069668,-3.875,0.));
#3444 = VECTOR('',#3445,1.);
#3445 = DIRECTION('',(-6.043552755016E-17,-1.,0.));
#3446 = PCURVE('',#1188,#3447);
#3447 = DEFINITIONAL_REPRESENTATION('',(#3448),#3452);
#3448 = LINE('',#3449,#3450);
#3449 = CARTESIAN_POINT('',(-5.577939069668,-3.875));
#3450 = VECTOR('',#3451,1.);
#3451 = DIRECTION('',(-6.043552755016E-17,-1.));
#3452 = ( GEOMETRIC_REPRESENTATION_CONTEXT(2) 
PARAMETRIC_REPRESENTATION_CONTEXT() REPRESENTATION_CONTEXT('2D SPACE',''
  ) );
#3453 = PCURVE('',#1216,#3454);
#3454 = DEFINITIONAL_REPRESENTATION('',(#3455),#3459);
#3455 = LINE('',#3456,#3457);
#3456 = CARTESIAN_POINT('',(0.741764932098,0.));
#3457 = VECTOR('',#3458,1.);
#3458 = DIRECTION('',(7.957442195529E-17,-1.));
#3459 = ( GEOMETRIC_REPRESENTATION_CONTEXT(2) 
PARAMETRIC_REPRESENTATION_CONTEXT() REPRESENTATION_CONTEXT('2D SPACE',''
  ) );
#3460 = ORIENTED_EDGE('',*,*,#2768,.F.);
#3461 = ADVANCED_FACE('',(#3462),#1216,.F.);
#3462 = FACE_BOUND('',#3463,.F.);
#3463 = EDGE_LOOP('',(#3464,#3465,#3466,#3467,#3490,#3512,#3564,#3659,
    #3687,#3759,#3760));
#3464 = ORIENTED_EDGE('',*,*,#3440,.F.);
#3465 = ORIENTED_EDGE('',*,*,#2796,.T.);
#3466 = ORIENTED_EDGE('',*,*,#2944,.T.);
#3467 = ORIENTED_EDGE('',*,*,#3468,.F.);
#3468 = EDGE_CURVE('',#3469,#2945,#3471,.T.);
#3469 = VERTEX_POINT('',#3470);
#3470 = CARTESIAN_POINT('',(-5.577939069668,5.327939069668,0.));
#3471 = SURFACE_CURVE('',#3472,(#3476,#3483),.PCURVE_S1.);
#3472 = LINE('',#3473,#3474);
#3473 = CARTESIAN_POINT('',(-5.577939069668,-3.875,0.));
#3474 = VECTOR('',#3475,1.);
#3475 = DIRECTION('',(-6.043552755016E-17,-1.,0.));
#3476 = PCURVE('',#1216,#3477);
#3477 = DEFINITIONAL_REPRESENTATION('',(#3478),#3482);
#3478 = LINE('',#3479,#3480);
#3479 = CARTESIAN_POINT('',(0.741764932098,0.));
#3480 = VECTOR('',#3481,1.);
#3481 = DIRECTION('',(3.978721097764E-17,-1.));
#3482 = ( GEOMETRIC_REPRESENTATION_CONTEXT(2) 
PARAMETRIC_REPRESENTATION_CONTEXT() REPRESENTATION_CONTEXT('2D SPACE',''
  ) );
#3483 = PCURVE('',#3035,#3484);
#3484 = DEFINITIONAL_REPRESENTATION('',(#3485),#3489);
#3485 = LINE('',#3486,#3487);
#3486 = CARTESIAN_POINT('',(-5.577939069668,-3.875));
#3487 = VECTOR('',#3488,1.);
#3488 = DIRECTION('',(-6.043552755016E-17,-1.));
#3489 = ( GEOMETRIC_REPRESENTATION_CONTEXT(2) 
PARAMETRIC_REPRESENTATION_CONTEXT() REPRESENTATION_CONTEXT('2D SPACE',''
  ) );
#3490 = ORIENTED_EDGE('',*,*,#3491,.T.);
#3491 = EDGE_CURVE('',#3469,#3492,#3494,.T.);
#3492 = VERTEX_POINT('',#3493);
#3493 = CARTESIAN_POINT('',(-5.996642199344,5.746642204077,
    -9.187683267796E-02));
#3494 = SURFACE_CURVE('',#3495,(#3500,#3506),.PCURVE_S1.);
#3495 = ELLIPSE('',#3496,1.414213562373,1.);
#3496 = AXIS2_PLACEMENT_3D('',#3497,#3498,#3499);
#3497 = CARTESIAN_POINT('',(-5.577939069668,5.327939069668,-1.));
#3498 = DIRECTION('',(-0.707106781187,-0.707106781187,0.));
#3499 = DIRECTION('',(-0.707106781187,0.707106781187,-4.906538933387E-17
    ));
#3500 = PCURVE('',#1216,#3501);
#3501 = DEFINITIONAL_REPRESENTATION('',(#3502),#3505);
#3502 = B_SPLINE_CURVE_WITH_KNOTS('',1,(#3503,#3504),.UNSPECIFIED.,.F.,
  .F.,(2,2),(4.712388980385,5.144405754575),.PIECEWISE_BEZIER_KNOTS.);
#3503 = CARTESIAN_POINT('',(0.741764932098,9.202939069668));
#3504 = CARTESIAN_POINT('',(0.309748157907,9.621642201732));
#3505 = ( GEOMETRIC_REPRESENTATION_CONTEXT(2) 
PARAMETRIC_REPRESENTATION_CONTEXT() REPRESENTATION_CONTEXT('2D SPACE',''
  ) );
#3506 = PCURVE('',#3130,#3507);
#3507 = DEFINITIONAL_REPRESENTATION('',(#3508),#3511);
#3508 = B_SPLINE_CURVE_WITH_KNOTS('',1,(#3509,#3510),.UNSPECIFIED.,.F.,
  .F.,(2,2),(4.712388980385,5.144405754575),.PIECEWISE_BEZIER_KNOTS.);
#3509 = CARTESIAN_POINT('',(0.741764932098,-1.577939069668));
#3510 = CARTESIAN_POINT('',(0.309748157907,-1.996642201732));
#3511 = ( GEOMETRIC_REPRESENTATION_CONTEXT(2) 
PARAMETRIC_REPRESENTATION_CONTEXT() REPRESENTATION_CONTEXT('2D SPACE',''
  ) );
#3512 = ORIENTED_EDGE('',*,*,#3513,.T.);
#3513 = EDGE_CURVE('',#3492,#3514,#3516,.T.);
#3514 = VERTEX_POINT('',#3515);
#3515 = CARTESIAN_POINT('',(-6.214388271698,5.564508234197,
    -0.228681376756));
#3516 = SURFACE_CURVE('',#3517,(#3524,#3530),.PCURVE_S1.);
#3517 = B_SPLINE_CURVE_WITH_KNOTS('',3,(#3518,#3519,#3520,#3521,#3522,
    #3523),.UNSPECIFIED.,.F.,.F.,(4,2,4),(0.240840843889,0.251891266581,
    0.271675735559),.UNSPECIFIED.);
#3518 = CARTESIAN_POINT('',(-5.996642199282,5.746642203411,
    -9.187683145325E-02));
#3519 = CARTESIAN_POINT('',(-6.021570871976,5.723135621667,
    -0.103370551288));
#3520 = CARTESIAN_POINT('',(-6.0468462589,5.700273550754,-0.116262769732
    ));
#3521 = CARTESIAN_POINT('',(-6.118196928274,5.638420550745,
    -0.156853750886));
#3522 = CARTESIAN_POINT('',(-6.166880914808,5.599424361766,
    -0.189480953099));
#3523 = CARTESIAN_POINT('',(-6.214388271087,5.564508236678,
    -0.228681379706));
#3524 = PCURVE('',#1216,#3525);
#3525 = DEFINITIONAL_REPRESENTATION('',(#3526),#3529);
#3526 = B_SPLINE_CURVE_WITH_KNOTS('',1,(#3527,#3528),.UNSPECIFIED.,.F.,
  .F.,(2,2),(0.240840843889,0.271675735559),.PIECEWISE_BEZIER_KNOTS.);
#3527 = CARTESIAN_POINT('',(0.309748160606,9.621642203411));
#3528 = CARTESIAN_POINT('',(5.187900291228E-02,9.439508236678));
#3529 = ( GEOMETRIC_REPRESENTATION_CONTEXT(2) 
PARAMETRIC_REPRESENTATION_CONTEXT() REPRESENTATION_CONTEXT('2D SPACE',''
  ) );
#3530 = PCURVE('',#3531,#3536);
#3531 = CONICAL_SURFACE('',#3532,2.789718885006,8.726646259972E-02);
#3532 = AXIS2_PLACEMENT_3D('',#3533,#3534,#3535);
#3533 = CARTESIAN_POINT('',(-8.149178971877,7.899178971877,-3.));
#3534 = DIRECTION('',(0.,0.,1.));
#3535 = DIRECTION('',(1.,0.,-0.));
#3536 = DEFINITIONAL_REPRESENTATION('',(#3537),#3563);
#3537 = B_SPLINE_CURVE_WITH_KNOTS('',3,(#3538,#3539,#3540,#3541,#3542,
    #3543,#3544,#3545,#3546,#3547,#3548,#3549,#3550,#3551,#3552,#3553,
    #3554,#3555,#3556,#3557,#3558,#3559,#3560,#3561,#3562),
  .UNSPECIFIED.,.F.,.F.,(4,1,1,1,1,1,1,1,1,1,1,1,1,1,1,1,1,1,1,1,1,1,4),
  (0.240840843889,0.242242429874,0.243644015859,0.245045601844,
    0.246447187829,0.247848773814,0.249250359799,0.250651945784,
    0.252053531769,0.253455117754,0.254856703739,0.256258289724,
    0.257659875709,0.259061461694,0.260463047679,0.261864633664,
    0.263266219649,0.264667805634,0.266069391619,0.267470977604,
    0.268872563589,0.270274149574,0.271675735559),
  .QUASI_UNIFORM_KNOTS.);
#3538 = CARTESIAN_POINT('',(5.497787144741,2.908123168547));
#3539 = CARTESIAN_POINT('',(5.496360151624,2.906665356667));
#3540 = CARTESIAN_POINT('',(5.493508032157,2.903704735206));
#3541 = CARTESIAN_POINT('',(5.489235621325,2.899125681472));
#3542 = CARTESIAN_POINT('',(5.484969137147,2.894405362281));
#3543 = CARTESIAN_POINT('',(5.480708772135,2.889540687869));
#3544 = CARTESIAN_POINT('',(5.476454588659,2.88452836187));
#3545 = CARTESIAN_POINT('',(5.472207132236,2.879365854726));
#3546 = CARTESIAN_POINT('',(5.467965142575,2.874047770816));
#3547 = CARTESIAN_POINT('',(5.463734095929,2.868579406572));
#3548 = CARTESIAN_POINT('',(5.459493341462,2.862924596197));
#3549 = CARTESIAN_POINT('',(5.455236838272,2.857068206555));
#3550 = CARTESIAN_POINT('',(5.450970712505,2.851014435415));
#3551 = CARTESIAN_POINT('',(5.446697838179,2.844762280326));
#3552 = CARTESIAN_POINT('',(5.442421968203,2.838312111583));
#3553 = CARTESIAN_POINT('',(5.43814662691,2.831663910936));
#3554 = CARTESIAN_POINT('',(5.43387540621,2.824817743489));
#3555 = CARTESIAN_POINT('',(5.429611885636,2.817773631265));
#3556 = CARTESIAN_POINT('',(5.425359653157,2.810531587151));
#3557 = CARTESIAN_POINT('',(5.421122299012,2.803091605868));
#3558 = CARTESIAN_POINT('',(5.416903416764,2.795453666665));
#3559 = CARTESIAN_POINT('',(5.412706602513,2.787617732309));
#3560 = CARTESIAN_POINT('',(5.408535454403,2.779583751389));
#3561 = CARTESIAN_POINT('',(5.405774200112,2.774095684635));
#3562 = CARTESIAN_POINT('',(5.40439905072,2.771318620294));
#3563 = ( GEOMETRIC_REPRESENTATION_CONTEXT(2) 
PARAMETRIC_REPRESENTATION_CONTEXT() REPRESENTATION_CONTEXT('2D SPACE',''
  ) );
#3564 = ORIENTED_EDGE('',*,*,#3565,.T.);
#3565 = EDGE_CURVE('',#3514,#3566,#3568,.T.);
#3566 = VERTEX_POINT('',#3567);
#3567 = CARTESIAN_POINT('',(-6.574133767759,5.430087531291,
    -0.912844257252));
#3568 = SURFACE_CURVE('',#3569,(#3580,#3609),.PCURVE_S1.);
#3569 = B_SPLINE_CURVE_WITH_KNOTS('',3,(#3570,#3571,#3572,#3573,#3574,
    #3575,#3576,#3577,#3578,#3579),.UNSPECIFIED.,.F.,.F.,(4,2,2,2,4),(
    -0.169519057625,-0.150915622333,-0.120082904489,-9.884200654097E-02,
    -8.776504729968E-02),.UNSPECIFIED.);
#3570 = CARTESIAN_POINT('',(-6.21438827387,5.564508234632,
    -0.228681382003));
#3571 = CARTESIAN_POINT('',(-6.255932678145,5.53397465573,
    -0.262961512707));
#3572 = CARTESIAN_POINT('',(-6.29675132793,5.509715021086,
    -0.302306634764));
#3573 = CARTESIAN_POINT('',(-6.398943260669,5.458703639896,
    -0.420797307435));
#3574 = CARTESIAN_POINT('',(-6.453662614171,5.441730635187,
    -0.506397413455));
#3575 = CARTESIAN_POINT('',(-6.522918054598,5.42720320958,
    -0.665314060157));
#3576 = CARTESIAN_POINT('',(-6.544342450226,5.425374207494,
    -0.733333935483));
#3577 = CARTESIAN_POINT('',(-6.565637006366,5.426836327934,
    -0.839297969256));
#3578 = CARTESIAN_POINT('',(-6.570910004047,5.42811266998,
    -0.875996469412));
#3579 = CARTESIAN_POINT('',(-6.574133767759,5.430087531291,
    -0.912844257252));
#3580 = PCURVE('',#1216,#3581);
#3581 = DEFINITIONAL_REPRESENTATION('',(#3582),#3608);
#3582 = B_SPLINE_CURVE_WITH_KNOTS('',3,(#3583,#3584,#3585,#3586,#3587,
    #3588,#3589,#3590,#3591,#3592,#3593,#3594,#3595,#3596,#3597,#3598,
    #3599,#3600,#3601,#3602,#3603,#3604,#3605,#3606,#3607),
  .UNSPECIFIED.,.F.,.F.,(4,1,1,1,1,1,1,1,1,1,1,1,1,1,1,1,1,1,1,1,1,1,4),
  (-0.169519057625,-0.165802966247,-0.162086874869,-0.15837078349,
    -0.154654692112,-0.150938600733,-0.147222509355,-0.143506417976,
    -0.139790326598,-0.136074235219,-0.132358143841,-0.128642052463,
    -0.124925961084,-0.121209869706,-0.117493778327,-0.113777686949,
    -0.11006159557,-0.106345504192,-0.102629412813,-9.891332143501E-02,
    -9.519723005657E-02,-9.148113867812E-02,-8.776504729968E-02),
  .QUASI_UNIFORM_KNOTS.);
#3583 = CARTESIAN_POINT('',(5.187899930377E-02,9.439508234632));
#3584 = CARTESIAN_POINT('',(4.111968922449E-02,9.433409061682));
#3585 = CARTESIAN_POINT('',(1.938950834774E-02,9.421711355494));
#3586 = CARTESIAN_POINT('',(-1.382400698056E-02,9.405609155539));
#3587 = CARTESIAN_POINT('',(-4.764302343809E-02,9.39089243415));
#3588 = CARTESIAN_POINT('',(-8.204186473969E-02,9.377506933901));
#3589 = CARTESIAN_POINT('',(-0.117066660857,9.365381224981));
#3590 = CARTESIAN_POINT('',(-0.152514866257,9.354507943786));
#3591 = CARTESIAN_POINT('',(-0.1881660356,9.34487184334));
#3592 = CARTESIAN_POINT('',(-0.224064699903,9.33639082539));
#3593 = CARTESIAN_POINT('',(-0.260185558786,9.329000702776));
#3594 = CARTESIAN_POINT('',(-0.296523519417,9.322632485901));
#3595 = CARTESIAN_POINT('',(-0.333070455142,9.317218483835));
#3596 = CARTESIAN_POINT('',(-0.369820252092,9.312690613406));
#3597 = CARTESIAN_POINT('',(-0.406773937074,9.308981061746));
#3598 = CARTESIAN_POINT('',(-0.443916123413,9.306021327017));
#3599 = CARTESIAN_POINT('',(-0.481066061885,9.303787284127));
#3600 = CARTESIAN_POINT('',(-0.518256525339,9.302233679029));
#3601 = CARTESIAN_POINT('',(-0.555475458267,9.301319290581));
#3602 = CARTESIAN_POINT('',(-0.592720877321,9.301002348443));
#3603 = CARTESIAN_POINT('',(-0.62999652381,9.301239246165));
#3604 = CARTESIAN_POINT('',(-0.667276275988,9.301994270936));
#3605 = CARTESIAN_POINT('',(-0.704531237397,9.303257260036));
#3606 = CARTESIAN_POINT('',(-0.729356034353,9.304425005826));
#3607 = CARTESIAN_POINT('',(-0.741764932098,9.305087531291));
#3608 = ( GEOMETRIC_REPRESENTATION_CONTEXT(2) 
PARAMETRIC_REPRESENTATION_CONTEXT() REPRESENTATION_CONTEXT('2D SPACE',''
  ) );
#3609 = PCURVE('',#3610,#3631);
#3610 = B_SPLINE_SURFACE_WITH_KNOTS('',3,3,(
    (#3611,#3612,#3613,#3614)
    ,(#3615,#3616,#3617,#3618)
    ,(#3619,#3620,#3621,#3622)
    ,(#3623,#3624,#3625,#3626)
    ,(#3627,#3628,#3629,#3630
  )),.UNSPECIFIED.,.F.,.F.,.F.,(4,1,4),(4,4),(0.,0.571428571429,1.),(
    0.114592245423,0.401542485533),.UNSPECIFIED.);
#3611 = CARTESIAN_POINT('',(-7.557153097379,5.62443647794,
    -0.141525633882));
#3612 = CARTESIAN_POINT('',(-7.616356743262,5.683640123823,
    -1.094354914334));
#3613 = CARTESIAN_POINT('',(-7.675591406199,5.74287478676,
    -2.047180340988));
#3614 = CARTESIAN_POINT('',(-7.734872425454,5.802155806015,-3.));
#3615 = CARTESIAN_POINT('',(-7.358881400194,5.426164780755,
    -0.166164690615));
#3616 = CARTESIAN_POINT('',(-7.418588959725,5.485908108633,
    -1.118938007452));
#3617 = CARTESIAN_POINT('',(-7.478419729949,5.545657709019,
    -2.071704703425));
#3618 = CARTESIAN_POINT('',(-7.538356788426,5.605640168987,
    -3.024452995176));
#3619 = CARTESIAN_POINT('',(-6.858734072544,5.237728610276,
    -0.208949536148));
#3620 = CARTESIAN_POINT('',(-6.920163617811,5.297446251802,
    -1.161632768656));
#3621 = CARTESIAN_POINT('',(-6.981888951996,5.357304326219,
    -2.114293149978));
#3622 = CARTESIAN_POINT('',(-7.044056927816,5.417268161811,
    -3.066926388495));
#3623 = CARTESIAN_POINT('',(-6.376833739209,5.429691202454,
    -0.226964695535));
#3624 = CARTESIAN_POINT('',(-6.439080360518,5.487425112382,
    -1.179726930799));
#3625 = CARTESIAN_POINT('',(-6.501702165612,5.545023369839,
    -2.132479624874));
#3626 = CARTESIAN_POINT('',(-6.564961831355,5.602436617027,
    -3.085213449131));
#3627 = CARTESIAN_POINT('',(-6.21438827352,5.564508234312,-0.22868137663
    ));
#3628 = CARTESIAN_POINT('',(-6.276533390083,5.621274221633,
    -1.181510657082));
#3629 = CARTESIAN_POINT('',(-6.339078328266,5.677792273259,
    -2.134336083736));
#3630 = CARTESIAN_POINT('',(-6.402228600099,5.733951499393,
    -3.087155742748));
#3631 = DEFINITIONAL_REPRESENTATION('',(#3632),#3658);
#3632 = B_SPLINE_CURVE_WITH_KNOTS('',3,(#3633,#3634,#3635,#3636,#3637,
    #3638,#3639,#3640,#3641,#3642,#3643,#3644,#3645,#3646,#3647,#3648,
    #3649,#3650,#3651,#3652,#3653,#3654,#3655,#3656,#3657),
  .UNSPECIFIED.,.F.,.F.,(4,1,1,1,1,1,1,1,1,1,1,1,1,1,1,1,1,1,1,1,1,1,4),
  (-0.169519057625,-0.165802966247,-0.162086874869,-0.15837078349,
    -0.154654692112,-0.150938600733,-0.147222509355,-0.143506417976,
    -0.139790326598,-0.136074235219,-0.132358143841,-0.128642052463,
    -0.124925961084,-0.121209869706,-0.117493778327,-0.113777686949,
    -0.11006159557,-0.106345504192,-0.102629412813,-9.891332143501E-02,
    -9.519723005657E-02,-9.148113867812E-02,-8.776504729968E-02),
  .QUASI_UNIFORM_KNOTS.);
#3633 = CARTESIAN_POINT('',(1.,0.114592245423));
#3634 = CARTESIAN_POINT('',(0.993099814738,0.115287964119));
#3635 = CARTESIAN_POINT('',(0.979548947324,0.116722416047));
#3636 = CARTESIAN_POINT('',(0.959974059681,0.119003051279));
#3637 = CARTESIAN_POINT('',(0.941149834772,0.121412952569));
#3638 = CARTESIAN_POINT('',(0.92308831397,0.123951046194));
#3639 = CARTESIAN_POINT('',(0.90577240219,0.126621389855));
#3640 = CARTESIAN_POINT('',(0.889307894811,0.129408897896));
#3641 = CARTESIAN_POINT('',(0.873787606828,0.132293735818));
#3642 = CARTESIAN_POINT('',(0.859181714518,0.135276044562));
#3643 = CARTESIAN_POINT('',(0.845496108783,0.138350615574));
#3644 = CARTESIAN_POINT('',(0.832730128392,0.141513665485));
#3645 = CARTESIAN_POINT('',(0.820887764785,0.144761059513));
#3646 = CARTESIAN_POINT('',(0.809975145349,0.148088643144));
#3647 = CARTESIAN_POINT('',(0.799999064279,0.151492691973));
#3648 = CARTESIAN_POINT('',(0.790974723103,0.154967780627));
#3649 = CARTESIAN_POINT('',(0.782946836803,0.158491874976));
#3650 = CARTESIAN_POINT('',(0.775905736204,0.162062869801));
#3651 = CARTESIAN_POINT('',(0.76985408668,0.16567450964));
#3652 = CARTESIAN_POINT('',(0.76479221638,0.1693214425));
#3653 = CARTESIAN_POINT('',(0.760721108071,0.172998852593));
#3654 = CARTESIAN_POINT('',(0.757644836211,0.17669887568));
#3655 = CARTESIAN_POINT('',(0.755564433529,0.18041335731));
#3656 = CARTESIAN_POINT('',(0.754839932391,0.182896276165));
#3657 = CARTESIAN_POINT('',(0.754643075423,0.184138453645));
#3658 = ( GEOMETRIC_REPRESENTATION_CONTEXT(2) 
PARAMETRIC_REPRESENTATION_CONTEXT() REPRESENTATION_CONTEXT('2D SPACE',''
  ) );
#3659 = ORIENTED_EDGE('',*,*,#3660,.F.);
#3660 = EDGE_CURVE('',#3661,#3566,#3663,.T.);
#3661 = VERTEX_POINT('',#3662);
#3662 = CARTESIAN_POINT('',(-6.574133767759,-5.430087558412,
    -0.912844257252));
#3663 = SURFACE_CURVE('',#3664,(#3668,#3675),.PCURVE_S1.);
#3664 = LINE('',#3665,#3666);
#3665 = CARTESIAN_POINT('',(-6.574133767759,-3.875,-0.912844257252));
#3666 = VECTOR('',#3667,1.);
#3667 = DIRECTION('',(6.043552755016E-17,1.,0.));
#3668 = PCURVE('',#1216,#3669);
#3669 = DEFINITIONAL_REPRESENTATION('',(#3670),#3674);
#3670 = LINE('',#3671,#3672);
#3671 = CARTESIAN_POINT('',(-0.741764932098,0.));
#3672 = VECTOR('',#3673,1.);
#3673 = DIRECTION('',(8.178306632849E-17,1.));
#3674 = ( GEOMETRIC_REPRESENTATION_CONTEXT(2) 
PARAMETRIC_REPRESENTATION_CONTEXT() REPRESENTATION_CONTEXT('2D SPACE',''
  ) );
#3675 = PCURVE('',#3676,#3681);
#3676 = PLANE('',#3677);
#3677 = AXIS2_PLACEMENT_3D('',#3678,#3679,#3680);
#3678 = CARTESIAN_POINT('',(-6.505707952862,-7.75,-0.130733614121));
#3679 = DIRECTION('',(-0.996194698092,6.020555212185E-17,
    8.715574274766E-02));
#3680 = DIRECTION('',(-6.043552755016E-17,-1.,-4.622231866529E-33));
#3681 = DEFINITIONAL_REPRESENTATION('',(#3682),#3686);
#3682 = LINE('',#3683,#3684);
#3683 = CARTESIAN_POINT('',(-3.875,-0.785098178729));
#3684 = VECTOR('',#3685,1.);
#3685 = DIRECTION('',(-1.,-1.411663305022E-33));
#3686 = ( GEOMETRIC_REPRESENTATION_CONTEXT(2) 
PARAMETRIC_REPRESENTATION_CONTEXT() REPRESENTATION_CONTEXT('2D SPACE',''
  ) );
#3687 = ORIENTED_EDGE('',*,*,#3688,.T.);
#3688 = EDGE_CURVE('',#3661,#2095,#3689,.T.);
#3689 = SURFACE_CURVE('',#3690,(#3701,#3730),.PCURVE_S1.);
#3690 = B_SPLINE_CURVE_WITH_KNOTS('',3,(#3691,#3692,#3693,#3694,#3695,
    #3696,#3697,#3698,#3699,#3700),.UNSPECIFIED.,.F.,.F.,(4,2,2,2,4),(
    -8.171949588606E-02,-7.589458642312E-02,-5.602779551855E-02,
    -2.996071375354E-02,0.),.UNSPECIFIED.);
#3691 = CARTESIAN_POINT('',(-6.574133767759,-5.430087558412,
    -0.912844257252));
#3692 = CARTESIAN_POINT('',(-6.572436123712,-5.429047590247,
    -0.893440097005));
#3693 = CARTESIAN_POINT('',(-6.570170358625,-5.428202505742,
    -0.874073935059));
#3694 = CARTESIAN_POINT('',(-6.557679332892,-5.425372589039,
    -0.788971681883));
#3695 = CARTESIAN_POINT('',(-6.541434524641,-5.425493230233,
    -0.724161164599));
#3696 = CARTESIAN_POINT('',(-6.489483043328,-5.433073004188,
    -0.579665912385));
#3697 = CARTESIAN_POINT('',(-6.449518986389,-5.442714929831,
    -0.502429194626));
#3698 = CARTESIAN_POINT('',(-6.345802738313,-5.482698433996,
    -0.351976635409));
#3699 = CARTESIAN_POINT('',(-6.281400332802,-5.515256884511,
    -0.283975994222));
#3700 = CARTESIAN_POINT('',(-6.214388205518,-5.564508287912,
    -0.228681325602));
#3701 = PCURVE('',#1216,#3702);
#3702 = DEFINITIONAL_REPRESENTATION('',(#3703),#3729);
#3703 = B_SPLINE_CURVE_WITH_KNOTS('',3,(#3704,#3705,#3706,#3707,#3708,
    #3709,#3710,#3711,#3712,#3713,#3714,#3715,#3716,#3717,#3718,#3719,
    #3720,#3721,#3722,#3723,#3724,#3725,#3726,#3727,#3728),
  .UNSPECIFIED.,.F.,.F.,(4,1,1,1,1,1,1,1,1,1,1,1,1,1,1,1,1,1,1,1,1,1,4),
  (-8.171949588606E-02,-7.800497334578E-02,-7.429045080551E-02,
    -7.057592826523E-02,-6.686140572496E-02,-6.314688318468E-02,
    -5.943236064441E-02,-5.571783810413E-02,-5.200331556386E-02,
    -4.828879302358E-02,-4.457427048331E-02,-4.085974794303E-02,
    -3.714522540275E-02,-3.343070286248E-02,-2.97161803222E-02,
    -2.600165778193E-02,-2.228713524165E-02,-1.857261270138E-02,
    -1.48580901611E-02,-1.114356762083E-02,-7.429045080551E-03,
    -3.714522540275E-03,0.),.UNSPECIFIED.);
#3704 = CARTESIAN_POINT('',(-0.741764932098,-1.555087558412));
#3705 = CARTESIAN_POINT('',(-0.729346047021,-1.554424505096));
#3706 = CARTESIAN_POINT('',(-0.704491488689,-1.553256421669));
#3707 = CARTESIAN_POINT('',(-0.667183257715,-1.551993691747));
#3708 = CARTESIAN_POINT('',(-0.629881358513,-1.551227349358));
#3709 = CARTESIAN_POINT('',(-0.59258787668,-1.550993553332));
#3710 = CARTESIAN_POINT('',(-0.555303159405,-1.551324949429));
#3711 = CARTESIAN_POINT('',(-0.51803481363,-1.55225450395));
#3712 = CARTESIAN_POINT('',(-0.480764129897,-1.5538174141));
#3713 = CARTESIAN_POINT('',(-0.443571570947,-1.556039406413));
#3714 = CARTESIAN_POINT('',(-0.40650424209,-1.558979283413));
#3715 = CARTESIAN_POINT('',(-0.369553258245,-1.56270103692));
#3716 = CARTESIAN_POINT('',(-0.332728269627,-1.567266989203));
#3717 = CARTESIAN_POINT('',(-0.29603003337,-1.572740951441));
#3718 = CARTESIAN_POINT('',(-0.259483538111,-1.579182448724));
#3719 = CARTESIAN_POINT('',(-0.223030829201,-1.58666666159));
#3720 = CARTESIAN_POINT('',(-0.186928675154,-1.595209643662));
#3721 = CARTESIAN_POINT('',(-0.151334259275,-1.60484431713));
#3722 = CARTESIAN_POINT('',(-0.116206078201,-1.61564182486));
#3723 = CARTESIAN_POINT('',(-8.156120109801E-02,-1.627663068521));
#3724 = CARTESIAN_POINT('',(-4.740594739692E-02,-1.640971693905));
#3725 = CARTESIAN_POINT('',(-1.375414899381E-02,-1.6556306115));
#3726 = CARTESIAN_POINT('',(1.937846439113E-02,-1.671702928886));
#3727 = CARTESIAN_POINT('',(4.110751480173E-02,-1.683402110016));
#3728 = CARTESIAN_POINT('',(5.187908792184E-02,-1.689508287912));
#3729 = ( GEOMETRIC_REPRESENTATION_CONTEXT(2) 
PARAMETRIC_REPRESENTATION_CONTEXT() REPRESENTATION_CONTEXT('2D SPACE',''
  ) );
#3730 = PCURVE('',#2110,#3731);
#3731 = DEFINITIONAL_REPRESENTATION('',(#3732),#3758);
#3732 = B_SPLINE_CURVE_WITH_KNOTS('',3,(#3733,#3734,#3735,#3736,#3737,
    #3738,#3739,#3740,#3741,#3742,#3743,#3744,#3745,#3746,#3747,#3748,
    #3749,#3750,#3751,#3752,#3753,#3754,#3755,#3756,#3757),
  .UNSPECIFIED.,.F.,.F.,(4,1,1,1,1,1,1,1,1,1,1,1,1,1,1,1,1,1,1,1,1,1,4),
  (-8.171949588606E-02,-7.800497334578E-02,-7.429045080551E-02,
    -7.057592826523E-02,-6.686140572496E-02,-6.314688318468E-02,
    -5.943236064441E-02,-5.571783810413E-02,-5.200331556386E-02,
    -4.828879302358E-02,-4.457427048331E-02,-4.085974794303E-02,
    -3.714522540275E-02,-3.343070286248E-02,-2.97161803222E-02,
    -2.600165778193E-02,-2.228713524165E-02,-1.857261270138E-02,
    -1.48580901611E-02,-1.114356762083E-02,-7.429045080551E-03,
    -3.714522540275E-03,0.),.UNSPECIFIED.);
#3733 = CARTESIAN_POINT('',(0.754628616804,0.309111438752));
#3734 = CARTESIAN_POINT('',(0.754825407893,0.310354616128));
#3735 = CARTESIAN_POINT('',(0.755551297202,0.312840505316));
#3736 = CARTESIAN_POINT('',(0.757636496171,0.316560275534));
#3737 = CARTESIAN_POINT('',(0.760717719519,0.320262457797));
#3738 = CARTESIAN_POINT('',(0.764793871433,0.323941529027));
#3739 = CARTESIAN_POINT('',(0.769865062351,0.327592200256));
#3740 = CARTESIAN_POINT('',(0.775930240513,0.331208493059));
#3741 = CARTESIAN_POINT('',(0.782993798134,0.33478695285));
#3742 = CARTESIAN_POINT('',(0.791041141106,0.338314520287));
#3743 = CARTESIAN_POINT('',(0.800056695732,0.341781914571));
#3744 = CARTESIAN_POINT('',(0.810037784608,0.345185429072));
#3745 = CARTESIAN_POINT('',(0.820979702222,0.348519739304));
#3746 = CARTESIAN_POINT('',(0.832882581532,0.351780418288));
#3747 = CARTESIAN_POINT('',(0.845739396292,0.354961067092));
#3748 = CARTESIAN_POINT('',(0.859577290637,0.358062277284));
#3749 = CARTESIAN_POINT('',(0.874302466616,0.361058296255));
#3750 = CARTESIAN_POINT('',(0.889836924128,0.363934596562));
#3751 = CARTESIAN_POINT('',(0.906185161369,0.366693643192));
#3752 = CARTESIAN_POINT('',(0.92333354242,0.369333348064));
#3753 = CARTESIAN_POINT('',(0.941277305008,0.371852843097));
#3754 = CARTESIAN_POINT('',(0.9600133906,0.374250933414));
#3755 = CARTESIAN_POINT('',(0.979541949264,0.37652651144));
#3756 = CARTESIAN_POINT('',(0.993091861611,0.37796113534));
#3757 = CARTESIAN_POINT('',(1.,0.378657653009));
#3758 = ( GEOMETRIC_REPRESENTATION_CONTEXT(2) 
PARAMETRIC_REPRESENTATION_CONTEXT() REPRESENTATION_CONTEXT('2D SPACE',''
  ) );
#3759 = ORIENTED_EDGE('',*,*,#2138,.T.);
#3760 = ORIENTED_EDGE('',*,*,#1200,.F.);
#3761 = ADVANCED_FACE('',(#3762),#1366,.T.);
#3762 = FACE_BOUND('',#3763,.T.);
#3763 = EDGE_LOOP('',(#3764,#3811,#3855,#3877,#3878));
#3764 = ORIENTED_EDGE('',*,*,#3765,.T.);
#3765 = EDGE_CURVE('',#1349,#3766,#3768,.T.);
#3766 = VERTEX_POINT('',#3767);
#3767 = CARTESIAN_POINT('',(6.214388301661,-5.564508210595,
    -0.228681401079));
#3768 = SURFACE_CURVE('',#3769,(#3776,#3805),.PCURVE_S1.);
#3769 = B_SPLINE_CURVE_WITH_KNOTS('',3,(#3770,#3771,#3772,#3773,#3774,
    #3775),.UNSPECIFIED.,.F.,.F.,(4,2,4),(0.934123586498,0.945174009751,
    0.964958482435),.UNSPECIFIED.);
#3770 = CARTESIAN_POINT('',(5.996642199282,-5.746642203411,
    -9.187683145325E-02));
#3771 = CARTESIAN_POINT('',(6.021570873144,-5.723135620389,
    -0.103370551826));
#3772 = CARTESIAN_POINT('',(6.04684626127,-5.700273548264,-0.11626277094
    ));
#3773 = CARTESIAN_POINT('',(6.118196940322,-5.638420539658,
    -0.15685375799));
#3774 = CARTESIAN_POINT('',(6.166880936393,-5.599424343529,
    -0.189480967815));
#3775 = CARTESIAN_POINT('',(6.214388300979,-5.564508213363,
    -0.228681404371));
#3776 = PCURVE('',#1366,#3777);
#3777 = DEFINITIONAL_REPRESENTATION('',(#3778),#3804);
#3778 = B_SPLINE_CURVE_WITH_KNOTS('',3,(#3779,#3780,#3781,#3782,#3783,
    #3784,#3785,#3786,#3787,#3788,#3789,#3790,#3791,#3792,#3793,#3794,
    #3795,#3796,#3797,#3798,#3799,#3800,#3801,#3802,#3803),
  .UNSPECIFIED.,.F.,.F.,(4,1,1,1,1,1,1,1,1,1,1,1,1,1,1,1,1,1,1,1,1,1,4),
  (0.934123586498,0.935525172677,0.936926758856,0.938328345035,
    0.939729931214,0.941131517393,0.942533103572,0.943934689751,
    0.94533627593,0.946737862109,0.948139448288,0.949541034467,
    0.950942620646,0.952344206825,0.953745793003,0.955147379182,
    0.956548965361,0.95795055154,0.959352137719,0.960753723898,
    0.962155310077,0.963556896256,0.964958482435),
  .QUASI_UNIFORM_KNOTS.);
#3779 = CARTESIAN_POINT('',(2.3561944948,2.908123168547));
#3780 = CARTESIAN_POINT('',(2.354767501486,2.906665356471));
#3781 = CARTESIAN_POINT('',(2.351915381626,2.903704734606));
#3782 = CARTESIAN_POINT('',(2.347642970206,2.899125680228));
#3783 = CARTESIAN_POINT('',(2.343376485441,2.894405360354));
#3784 = CARTESIAN_POINT('',(2.339116119843,2.889540685219));
#3785 = CARTESIAN_POINT('',(2.334861935785,2.884528358454));
#3786 = CARTESIAN_POINT('',(2.330614478782,2.879365850504));
#3787 = CARTESIAN_POINT('',(2.326372488541,2.874047765742));
#3788 = CARTESIAN_POINT('',(2.322141441322,2.868579400607));
#3789 = CARTESIAN_POINT('',(2.317900686256,2.862924589247));
#3790 = CARTESIAN_POINT('',(2.313644182474,2.857068198573));
#3791 = CARTESIAN_POINT('',(2.309378056113,2.851014426343));
#3792 = CARTESIAN_POINT('',(2.305105181196,2.844762270108));
#3793 = CARTESIAN_POINT('',(2.300829310633,2.838312100164));
#3794 = CARTESIAN_POINT('',(2.296553968759,2.83166389826));
#3795 = CARTESIAN_POINT('',(2.292282747484,2.824817729501));
#3796 = CARTESIAN_POINT('',(2.288019226342,2.817773615912));
#3797 = CARTESIAN_POINT('',(2.283766993306,2.810531570379));
#3798 = CARTESIAN_POINT('',(2.279529638615,2.803091587624));
#3799 = CARTESIAN_POINT('',(2.275310755834,2.795453646896));
#3800 = CARTESIAN_POINT('',(2.271113941063,2.787617710963));
#3801 = CARTESIAN_POINT('',(2.266942792448,2.779583728413));
#3802 = CARTESIAN_POINT('',(2.264181537832,2.774095660539));
#3803 = CARTESIAN_POINT('',(2.262806388281,2.771318595629));
#3804 = ( GEOMETRIC_REPRESENTATION_CONTEXT(2) 
PARAMETRIC_REPRESENTATION_CONTEXT() REPRESENTATION_CONTEXT('2D SPACE',''
  ) );
#3805 = PCURVE('',#1414,#3806);
#3806 = DEFINITIONAL_REPRESENTATION('',(#3807),#3810);
#3807 = B_SPLINE_CURVE_WITH_KNOTS('',1,(#3808,#3809),.UNSPECIFIED.,.F.,
  .F.,(2,2),(0.934123586498,0.964958482435),.PIECEWISE_BEZIER_KNOTS.);
#3808 = CARTESIAN_POINT('',(5.973437146573,-9.621642203411));
#3809 = CARTESIAN_POINT('',(6.231306343022,-9.439508213363));
#3810 = ( GEOMETRIC_REPRESENTATION_CONTEXT(2) 
PARAMETRIC_REPRESENTATION_CONTEXT() REPRESENTATION_CONTEXT('2D SPACE',''
  ) );
#3811 = ORIENTED_EDGE('',*,*,#3812,.F.);
#3812 = EDGE_CURVE('',#3813,#3766,#3815,.T.);
#3813 = VERTEX_POINT('',#3814);
#3814 = CARTESIAN_POINT('',(6.396453896084,-5.728813502026,
    -2.999999999883));
#3815 = SURFACE_CURVE('',#3816,(#3821,#3827),.PCURVE_S1.);
#3816 = B_SPLINE_CURVE_WITH_KNOTS('',3,(#3817,#3818,#3819,#3820),
  .UNSPECIFIED.,.F.,.F.,(4,4),(0.100386528687,0.378587521854),
  .PIECEWISE_BEZIER_KNOTS.);
#3817 = CARTESIAN_POINT('',(6.396453870009,-5.728813514493,
    -3.00000000073));
#3818 = CARTESIAN_POINT('',(6.335264682083,-5.674345495218,
    -2.076231919216));
#3819 = CARTESIAN_POINT('',(6.274638586954,-5.6195433764,-1.152458471265
    ));
#3820 = CARTESIAN_POINT('',(6.214388303694,-5.564508210723,
    -0.228681400938));
#3821 = PCURVE('',#1366,#3822);
#3822 = DEFINITIONAL_REPRESENTATION('',(#3823),#3826);
#3823 = B_SPLINE_CURVE_WITH_KNOTS('',1,(#3824,#3825),.UNSPECIFIED.,.F.,
  .F.,(2,2),(0.100386528687,0.378587521854),.PIECEWISE_BEZIER_KNOTS.);
#3824 = CARTESIAN_POINT('',(2.250136968039,-1.419353034861E-10));
#3825 = CARTESIAN_POINT('',(2.262806387036,2.771318599062));
#3826 = ( GEOMETRIC_REPRESENTATION_CONTEXT(2) 
PARAMETRIC_REPRESENTATION_CONTEXT() REPRESENTATION_CONTEXT('2D SPACE',''
  ) );
#3827 = PCURVE('',#3828,#3849);
#3828 = B_SPLINE_SURFACE_WITH_KNOTS('',3,3,(
    (#3829,#3830,#3831,#3832)
    ,(#3833,#3834,#3835,#3836)
    ,(#3837,#3838,#3839,#3840)
    ,(#3841,#3842,#3843,#3844)
    ,(#3845,#3846,#3847,#3848
  )),.UNSPECIFIED.,.F.,.F.,.F.,(4,1,4),(4,4),(0.,0.571428571429,1.),(
    9.163728418191E-02,0.378587521854),.UNSPECIFIED.);
#3829 = CARTESIAN_POINT('',(6.402228629904,-5.733951473828,
    -3.087155742748));
#3830 = CARTESIAN_POINT('',(6.339078358142,-5.677792248367,
    -2.134336091839));
#3831 = CARTESIAN_POINT('',(6.276533420088,-5.621274197399,
    -1.18151067329));
#3832 = CARTESIAN_POINT('',(6.214388303694,-5.564508210723,
    -0.228681400938));
#3833 = CARTESIAN_POINT('',(6.619206271845,-5.558598300733,
    -3.084566017695));
#3834 = CARTESIAN_POINT('',(6.555904655829,-5.500738110497,
    -2.13186288376));
#3835 = CARTESIAN_POINT('',(6.493267240548,-5.4428315112,-1.179130723888
    ));
#3836 = CARTESIAN_POINT('',(6.430982258235,-5.384752171265,
    -0.226392492604));
#3837 = CARTESIAN_POINT('',(7.131346629494,-5.422134630962,
    -3.061192762555));
#3838 = CARTESIAN_POINT('',(7.069608344737,-5.361974408565,
    -2.108548075898));
#3839 = CARTESIAN_POINT('',(7.008240278389,-5.301959661812,
    -1.155877670097));
#3840 = CARTESIAN_POINT('',(6.947142408537,-5.242086945101,
    -0.203185542839));
#3841 = CARTESIAN_POINT('',(7.587485720646,-5.654769060038,
    -3.018339746275));
#3842 = CARTESIAN_POINT('',(7.527714201904,-5.594983910202,
    -2.065572207971));
#3843 = CARTESIAN_POINT('',(7.468029590515,-5.535323789907,
    -1.112793375088));
#3844 = CARTESIAN_POINT('',(7.408449348678,-5.475732688071,
    -0.160004950644));
#3845 = CARTESIAN_POINT('',(7.734872447399,-5.802155786792,-3.));
#3846 = CARTESIAN_POINT('',(7.675591428584,-5.742874767976,
    -2.047180349092));
#3847 = CARTESIAN_POINT('',(7.616356766095,-5.683640105488,
    -1.094354930542));
#3848 = CARTESIAN_POINT('',(7.557153120666,-5.624436460058,
    -0.141525658191));
#3849 = DEFINITIONAL_REPRESENTATION('',(#3850),#3854);
#3850 = LINE('',#3851,#3852);
#3851 = CARTESIAN_POINT('',(2.043528520889E-14,-2.359223927328E-16));
#3852 = VECTOR('',#3853,1.);
#3853 = DIRECTION('',(-5.356854505265E-14,1.));
#3854 = ( GEOMETRIC_REPRESENTATION_CONTEXT(2) 
PARAMETRIC_REPRESENTATION_CONTEXT() REPRESENTATION_CONTEXT('2D SPACE',''
  ) );
#3855 = ORIENTED_EDGE('',*,*,#3856,.F.);
#3856 = EDGE_CURVE('',#1461,#3813,#3857,.T.);
#3857 = SURFACE_CURVE('',#3858,(#3863,#3870),.PCURVE_S1.);
#3858 = CIRCLE('',#3859,2.789718885006);
#3859 = AXIS2_PLACEMENT_3D('',#3860,#3861,#3862);
#3860 = CARTESIAN_POINT('',(8.149178979731,-7.899178964023,-3.));
#3861 = DIRECTION('',(0.,0.,-1.));
#3862 = DIRECTION('',(1.,0.,0.));
#3863 = PCURVE('',#1366,#3864);
#3864 = DEFINITIONAL_REPRESENTATION('',(#3865),#3869);
#3865 = LINE('',#3866,#3867);
#3866 = CARTESIAN_POINT('',(6.28318530718,-1.427673393563E-15));
#3867 = VECTOR('',#3868,1.);
#3868 = DIRECTION('',(-1.,3.635540433957E-16));
#3869 = ( GEOMETRIC_REPRESENTATION_CONTEXT(2) 
PARAMETRIC_REPRESENTATION_CONTEXT() REPRESENTATION_CONTEXT('2D SPACE',''
  ) );
#3870 = PCURVE('',#1579,#3871);
#3871 = DEFINITIONAL_REPRESENTATION('',(#3872),#3876);
#3872 = CIRCLE('',#3873,2.789718885006);
#3873 = AXIS2_PLACEMENT_2D('',#3874,#3875);
#3874 = CARTESIAN_POINT('',(0.591576416303,0.59157640791));
#3875 = DIRECTION('',(1.,0.));
#3876 = ( GEOMETRIC_REPRESENTATION_CONTEXT(2) 
PARAMETRIC_REPRESENTATION_CONTEXT() REPRESENTATION_CONTEXT('2D SPACE',''
  ) );
#3877 = ORIENTED_EDGE('',*,*,#1628,.F.);
#3878 = ORIENTED_EDGE('',*,*,#1348,.T.);
#3879 = ADVANCED_FACE('',(#3880),#1414,.F.);
#3880 = FACE_BOUND('',#3881,.F.);
#3881 = EDGE_LOOP('',(#3882,#3936,#3958,#3979,#3980,#3981,#3982,#3983,
    #4057,#4085));
#3882 = ORIENTED_EDGE('',*,*,#3883,.T.);
#3883 = EDGE_CURVE('',#3884,#3886,#3888,.T.);
#3884 = VERTEX_POINT('',#3885);
#3885 = CARTESIAN_POINT('',(6.214388226415,5.564508279807,
    -0.228681339391));
#3886 = VERTEX_POINT('',#3887);
#3887 = CARTESIAN_POINT('',(5.996642206844,5.746642211576,
    -9.187683613562E-02));
#3888 = SURFACE_CURVE('',#3889,(#3896,#3902),.PCURVE_S1.);
#3889 = B_SPLINE_CURVE_WITH_KNOTS('',3,(#3890,#3891,#3892,#3893,#3894,
    #3895),.UNSPECIFIED.,.F.,.F.,(4,2,4),(0.421607014133,0.44139147587,
    0.452441898624),.UNSPECIFIED.);
#3890 = CARTESIAN_POINT('',(6.214388225804,5.564508282287,
    -0.228681342341));
#3891 = CARTESIAN_POINT('',(6.166880886337,5.599424397383,
    -0.189480934295));
#3892 = CARTESIAN_POINT('',(6.118196918905,5.638420572418,
    -0.156853746085));
#3893 = CARTESIAN_POINT('',(6.046846266469,5.700273557985,
    -0.116262773742));
#3894 = CARTESIAN_POINT('',(6.021570879512,5.723135629024,
    -0.103370555012));
#3895 = CARTESIAN_POINT('',(5.996642206781,5.746642210911,
    -9.187683491092E-02));
#3896 = PCURVE('',#1414,#3897);
#3897 = DEFINITIONAL_REPRESENTATION('',(#3898),#3901);
#3898 = B_SPLINE_CURVE_WITH_KNOTS('',1,(#3899,#3900),.UNSPECIFIED.,.F.,
  .F.,(2,2),(0.421607014133,0.452441898624),.PIECEWISE_BEZIER_KNOTS.);
#3899 = CARTESIAN_POINT('',(6.231306245558,1.689508282287));
#3900 = CARTESIAN_POINT('',(5.973437154831,1.871642210911));
#3901 = ( GEOMETRIC_REPRESENTATION_CONTEXT(2) 
PARAMETRIC_REPRESENTATION_CONTEXT() REPRESENTATION_CONTEXT('2D SPACE',''
  ) );
#3902 = PCURVE('',#3903,#3908);
#3903 = CONICAL_SURFACE('',#3904,2.789718874703,8.726646259972E-02);
#3904 = AXIS2_PLACEMENT_3D('',#3905,#3906,#3907);
#3905 = CARTESIAN_POINT('',(8.149178978027,7.899178965726,-3.));
#3906 = DIRECTION('',(0.,0.,1.));
#3907 = DIRECTION('',(1.,0.,-0.));
#3908 = DEFINITIONAL_REPRESENTATION('',(#3909),#3935);
#3909 = B_SPLINE_CURVE_WITH_KNOTS('',3,(#3910,#3911,#3912,#3913,#3914,
    #3915,#3916,#3917,#3918,#3919,#3920,#3921,#3922,#3923,#3924,#3925,
    #3926,#3927,#3928,#3929,#3930,#3931,#3932,#3933,#3934),
  .UNSPECIFIED.,.F.,.F.,(4,1,1,1,1,1,1,1,1,1,1,1,1,1,1,1,1,1,1,1,1,1,4),
  (0.421607014133,0.423008599792,0.42441018545,0.425811771109,
    0.427213356768,0.428614942426,0.430016528085,0.431418113744,
    0.432819699403,0.434221285061,0.43562287072,0.437024456379,
    0.438426042037,0.439827627696,0.441229213355,0.442630799013,
    0.444032384672,0.445433970331,0.44683555599,0.448237141648,
    0.449638727307,0.451040312966,0.452441898624),
  .QUASI_UNIFORM_KNOTS.);
#3910 = CARTESIAN_POINT('',(4.020378886097,2.771318657659));
#3911 = CARTESIAN_POINT('',(4.019003736972,2.774095721056));
#3912 = CARTESIAN_POINT('',(4.016242483225,2.779583785947));
#3913 = CARTESIAN_POINT('',(4.012071335961,2.78761776416));
#3914 = CARTESIAN_POINT('',(4.007874522583,2.795453695894));
#3915 = CARTESIAN_POINT('',(4.003655641233,2.803091632562));
#3916 = CARTESIAN_POINT('',(3.999418288008,2.810531611397));
#3917 = CARTESIAN_POINT('',(3.995166056469,2.817773653152));
#3918 = CARTESIAN_POINT('',(3.990902536851,2.824817763104));
#3919 = CARTESIAN_POINT('',(3.986631317124,2.831663928369));
#3920 = CARTESIAN_POINT('',(3.982355976817,2.838312126924));
#3921 = CARTESIAN_POINT('',(3.978080107838,2.844762293664));
#3922 = CARTESIAN_POINT('',(3.973807234516,2.851014446844));
#3923 = CARTESIAN_POINT('',(3.969541109761,2.857068216163));
#3924 = CARTESIAN_POINT('',(3.965284607582,2.862924604085));
#3925 = CARTESIAN_POINT('',(3.961043854146,2.868579412806));
#3926 = CARTESIAN_POINT('',(3.956812808462,2.874047775593));
#3927 = CARTESIAN_POINT('',(3.952570819777,2.879365858106));
#3928 = CARTESIAN_POINT('',(3.948323364331,2.884528363933));
#3929 = CARTESIAN_POINT('',(3.944069181834,2.889540688688));
#3930 = CARTESIAN_POINT('',(3.939808817804,2.894405361927));
#3931 = CARTESIAN_POINT('',(3.93554233461,2.899125680014));
#3932 = CARTESIAN_POINT('',(3.931269924765,2.903704732711));
#3933 = CARTESIAN_POINT('',(3.928417805958,2.906665353523));
#3934 = CARTESIAN_POINT('',(3.926990813171,2.908123165089));
#3935 = ( GEOMETRIC_REPRESENTATION_CONTEXT(2) 
PARAMETRIC_REPRESENTATION_CONTEXT() REPRESENTATION_CONTEXT('2D SPACE',''
  ) );
#3936 = ORIENTED_EDGE('',*,*,#3937,.T.);
#3937 = EDGE_CURVE('',#3886,#3938,#3940,.T.);
#3938 = VERTEX_POINT('',#3939);
#3939 = CARTESIAN_POINT('',(5.577939069668,5.327939069668,0.));
#3940 = SURFACE_CURVE('',#3941,(#3946,#3952),.PCURVE_S1.);
#3941 = ELLIPSE('',#3942,1.414213562373,1.);
#3942 = AXIS2_PLACEMENT_3D('',#3943,#3944,#3945);
#3943 = CARTESIAN_POINT('',(5.577939069668,5.327939069668,-1.));
#3944 = DIRECTION('',(0.707106781187,-0.707106781187,0.));
#3945 = DIRECTION('',(0.707106781187,0.707106781187,0.));
#3946 = PCURVE('',#1414,#3947);
#3947 = DEFINITIONAL_REPRESENTATION('',(#3948),#3951);
#3948 = B_SPLINE_CURVE_WITH_KNOTS('',1,(#3949,#3950),.UNSPECIFIED.,.F.,
  .F.,(2,2),(1.138779544347,1.570796326795),.PIECEWISE_BEZIER_KNOTS.);
#3949 = CARTESIAN_POINT('',(5.97343715753,1.871642209232));
#3950 = CARTESIAN_POINT('',(5.541420375082,1.452939069668));
#3951 = ( GEOMETRIC_REPRESENTATION_CONTEXT(2) 
PARAMETRIC_REPRESENTATION_CONTEXT() REPRESENTATION_CONTEXT('2D SPACE',''
  ) );
#3952 = PCURVE('',#3130,#3953);
#3953 = DEFINITIONAL_REPRESENTATION('',(#3954),#3957);
#3954 = B_SPLINE_CURVE_WITH_KNOTS('',1,(#3955,#3956),.UNSPECIFIED.,.F.,
  .F.,(2,2),(1.138779544347,1.570796326795),.PIECEWISE_BEZIER_KNOTS.);
#3955 = CARTESIAN_POINT('',(0.309748149649,9.996642209232));
#3956 = CARTESIAN_POINT('',(0.741764932098,9.577939069668));
#3957 = ( GEOMETRIC_REPRESENTATION_CONTEXT(2) 
PARAMETRIC_REPRESENTATION_CONTEXT() REPRESENTATION_CONTEXT('2D SPACE',''
  ) );
#3958 = ORIENTED_EDGE('',*,*,#3959,.F.);
#3959 = EDGE_CURVE('',#2609,#3938,#3960,.T.);
#3960 = SURFACE_CURVE('',#3961,(#3965,#3972),.PCURVE_S1.);
#3961 = LINE('',#3962,#3963);
#3962 = CARTESIAN_POINT('',(5.577939069668,3.875,0.));
#3963 = VECTOR('',#3964,1.);
#3964 = DIRECTION('',(0.,1.,0.));
#3965 = PCURVE('',#1414,#3966);
#3966 = DEFINITIONAL_REPRESENTATION('',(#3967),#3971);
#3967 = LINE('',#3968,#3969);
#3968 = CARTESIAN_POINT('',(5.541420375082,0.));
#3969 = VECTOR('',#3970,1.);
#3970 = DIRECTION('',(0.,1.));
#3971 = ( GEOMETRIC_REPRESENTATION_CONTEXT(2) 
PARAMETRIC_REPRESENTATION_CONTEXT() REPRESENTATION_CONTEXT('2D SPACE',''
  ) );
#3972 = PCURVE('',#2625,#3973);
#3973 = DEFINITIONAL_REPRESENTATION('',(#3974),#3978);
#3974 = LINE('',#3975,#3976);
#3975 = CARTESIAN_POINT('',(5.577939069668,3.875));
#3976 = VECTOR('',#3977,1.);
#3977 = DIRECTION('',(0.,1.));
#3978 = ( GEOMETRIC_REPRESENTATION_CONTEXT(2) 
PARAMETRIC_REPRESENTATION_CONTEXT() REPRESENTATION_CONTEXT('2D SPACE',''
  ) );
#3979 = ORIENTED_EDGE('',*,*,#2641,.T.);
#3980 = ORIENTED_EDGE('',*,*,#2553,.F.);
#3981 = ORIENTED_EDGE('',*,*,#1400,.T.);
#3982 = ORIENTED_EDGE('',*,*,#3765,.T.);
#3983 = ORIENTED_EDGE('',*,*,#3984,.T.);
#3984 = EDGE_CURVE('',#3766,#3985,#3987,.T.);
#3985 = VERTEX_POINT('',#3986);
#3986 = CARTESIAN_POINT('',(6.574133767759,-5.430087519302,
    -0.912844257252));
#3987 = SURFACE_CURVE('',#3988,(#3999,#4028),.PCURVE_S1.);
#3988 = B_SPLINE_CURVE_WITH_KNOTS('',3,(#3989,#3990,#3991,#3992,#3993,
    #3994,#3995,#3996,#3997,#3998),.UNSPECIFIED.,.F.,.F.,(4,2,2,2,4),(
    -0.169519048964,-0.150915621618,-0.120082902431,-9.88420041497E-02,
    -8.776504289131E-02),.UNSPECIFIED.);
#3989 = CARTESIAN_POINT('',(6.214388304085,-5.56450821108,
    -0.228681406934));
#3990 = CARTESIAN_POINT('',(6.255932689892,-5.533974646662,
    -0.262961525135));
#3991 = CARTESIAN_POINT('',(6.296751321616,-5.509715021004,
    -0.302306630471));
#3992 = CARTESIAN_POINT('',(6.398943242848,-5.458703638269,
    -0.420797281753));
#3993 = CARTESIAN_POINT('',(6.453662600959,-5.441730629389,
    -0.506397389131));
#3994 = CARTESIAN_POINT('',(6.522918047169,-5.427203199453,
    -0.665314038982));
#3995 = CARTESIAN_POINT('',(6.544342444617,-5.425374196232,
    -0.73333391486));
#3996 = CARTESIAN_POINT('',(6.565637004445,-5.426836315573,
    -0.839297955898));
#3997 = CARTESIAN_POINT('',(6.57091000346,-5.428112657654,
    -0.875996462705));
#3998 = CARTESIAN_POINT('',(6.574133767759,-5.430087519302,
    -0.912844257252));
#3999 = PCURVE('',#1414,#4000);
#4000 = DEFINITIONAL_REPRESENTATION('',(#4001),#4027);
#4001 = B_SPLINE_CURVE_WITH_KNOTS('',3,(#4002,#4003,#4004,#4005,#4006,
    #4007,#4008,#4009,#4010,#4011,#4012,#4013,#4014,#4015,#4016,#4017,
    #4018,#4019,#4020,#4021,#4022,#4023,#4024,#4025,#4026),
  .UNSPECIFIED.,.F.,.F.,(4,1,1,1,1,1,1,1,1,1,1,1,1,1,1,1,1,1,1,1,1,1,4),
  (-0.169519048964,-0.165802957779,-0.162086866594,-0.158370775408,
    -0.154654684223,-0.150938593038,-0.147222501853,-0.143506410668,
    -0.139790319483,-0.136074228298,-0.132358137113,-0.128642045928,
    -0.124925954742,-0.121209863557,-0.117493772372,-0.113777681187,
    -0.110061590002,-0.106345498817,-0.102629407632,-9.891331644664E-02,
    -9.519722526153E-02,-9.148113407642E-02,-8.776504289131E-02),
  .QUASI_UNIFORM_KNOTS.);
#4002 = CARTESIAN_POINT('',(6.231306347049,-9.43950821108));
#4003 = CARTESIAN_POINT('',(6.24206565673,-9.433409038735));
#4004 = CARTESIAN_POINT('',(6.263795836794,-9.421711333694));
#4005 = CARTESIAN_POINT('',(6.297009350856,-9.40560913528));
#4006 = CARTESIAN_POINT('',(6.330828366028,-9.390892415259));
#4007 = CARTESIAN_POINT('',(6.365227205937,-9.377506916235));
#4008 = CARTESIAN_POINT('',(6.400252000906,-9.365381208323));
#4009 = CARTESIAN_POINT('',(6.435700204111,-9.354507928248));
#4010 = CARTESIAN_POINT('',(6.471351371557,-9.344871828695));
#4011 = CARTESIAN_POINT('',(6.507250033908,-9.336390811514));
#4012 = CARTESIAN_POINT('',(6.543370890876,-9.329000689531));
#4013 = CARTESIAN_POINT('',(6.579708849609,-9.322632473164));
#4014 = CARTESIAN_POINT('',(6.616255783463,-9.31721847149));
#4015 = CARTESIAN_POINT('',(6.653005578553,-9.312690601352));
#4016 = CARTESIAN_POINT('',(6.689959261754,-9.30898104988));
#4017 = CARTESIAN_POINT('',(6.727101446155,-9.306021315283));
#4018 = CARTESIAN_POINT('',(6.76425138266,-9.30378727249));
#4019 = CARTESIAN_POINT('',(6.801441844165,-9.30223366744));
#4020 = CARTESIAN_POINT('',(6.83866077515,-9.301319279));
#4021 = CARTESIAN_POINT('',(6.875906192266,-9.301002336832));
#4022 = CARTESIAN_POINT('',(6.913181836836,-9.301239234482));
#4023 = CARTESIAN_POINT('',(6.950461587052,-9.301994259169));
#4024 = CARTESIAN_POINT('',(6.987716546518,-9.303257248167));
#4025 = CARTESIAN_POINT('',(7.012541342179,-9.304424993879));
#4026 = CARTESIAN_POINT('',(7.024950239277,-9.305087519302));
#4027 = ( GEOMETRIC_REPRESENTATION_CONTEXT(2) 
PARAMETRIC_REPRESENTATION_CONTEXT() REPRESENTATION_CONTEXT('2D SPACE',''
  ) );
#4028 = PCURVE('',#3828,#4029);
#4029 = DEFINITIONAL_REPRESENTATION('',(#4030),#4056);
#4030 = B_SPLINE_CURVE_WITH_KNOTS('',3,(#4031,#4032,#4033,#4034,#4035,
    #4036,#4037,#4038,#4039,#4040,#4041,#4042,#4043,#4044,#4045,#4046,
    #4047,#4048,#4049,#4050,#4051,#4052,#4053,#4054,#4055),
  .UNSPECIFIED.,.F.,.F.,(4,1,1,1,1,1,1,1,1,1,1,1,1,1,1,1,1,1,1,1,1,1,4),
  (-0.169519048964,-0.165802957779,-0.162086866594,-0.158370775408,
    -0.154654684223,-0.150938593038,-0.147222501853,-0.143506410668,
    -0.139790319483,-0.136074228298,-0.132358137113,-0.128642045928,
    -0.124925954742,-0.121209863557,-0.117493772372,-0.113777681187,
    -0.110061590002,-0.106345498817,-0.102629407632,-9.891331644664E-02,
    -9.519722526153E-02,-9.148113407642E-02,-8.776504289131E-02),
  .QUASI_UNIFORM_KNOTS.);
#4031 = CARTESIAN_POINT('',(0.,0.378587521854));
#4032 = CARTESIAN_POINT('',(6.900270382756E-03,0.377891803114));
#4033 = CARTESIAN_POINT('',(2.045646984168E-02,0.376457351144));
#4034 = CARTESIAN_POINT('',(4.005072199115E-02,0.374176715911));
#4035 = CARTESIAN_POINT('',(5.890119646333E-02,0.371766814562));
#4036 = CARTESIAN_POINT('',(7.69926389372E-02,0.369228720842));
#4037 = CARTESIAN_POINT('',(9.433967047463E-02,0.366558377023));
#4038 = CARTESIAN_POINT('',(0.110834418241,0.363770868853));
#4039 = CARTESIAN_POINT('',(0.126382619398,0.36088603074));
#4040 = CARTESIAN_POINT('',(0.141013435224,0.357903721806));
#4041 = CARTESIAN_POINT('',(0.154720601192,0.354829150625));
#4042 = CARTESIAN_POINT('',(0.167504689954,0.351666100591));
#4043 = CARTESIAN_POINT('',(0.179361801394,0.348418706495));
#4044 = CARTESIAN_POINT('',(0.190286023802,0.345091122847));
#4045 = CARTESIAN_POINT('',(0.200270860821,0.341687074022));
#4046 = CARTESIAN_POINT('',(0.209301432125,0.338211985362));
#4047 = CARTESIAN_POINT('',(0.217333491773,0.334687891023));
#4048 = CARTESIAN_POINT('',(0.224377183793,0.331116896238));
#4049 = CARTESIAN_POINT('',(0.230430254528,0.327505256479));
#4050 = CARTESIAN_POINT('',(0.235492729628,0.323858323728));
#4051 = CARTESIAN_POINT('',(0.239563904316,0.320180913742));
#4052 = CARTESIAN_POINT('',(0.242639934752,0.316480890735));
#4053 = CARTESIAN_POINT('',(0.244720031893,0.312766409193));
#4054 = CARTESIAN_POINT('',(0.245444353742,0.310283490393));
#4055 = CARTESIAN_POINT('',(0.245641150761,0.30904131294));
#4056 = ( GEOMETRIC_REPRESENTATION_CONTEXT(2) 
PARAMETRIC_REPRESENTATION_CONTEXT() REPRESENTATION_CONTEXT('2D SPACE',''
  ) );
#4057 = ORIENTED_EDGE('',*,*,#4058,.F.);
#4058 = EDGE_CURVE('',#4059,#3985,#4061,.T.);
#4059 = VERTEX_POINT('',#4060);
#4060 = CARTESIAN_POINT('',(6.574133767759,5.43008755556,-0.912844257252
    ));
#4061 = SURFACE_CURVE('',#4062,(#4066,#4073),.PCURVE_S1.);
#4062 = LINE('',#4063,#4064);
#4063 = CARTESIAN_POINT('',(6.574133767759,3.875,-0.912844257252));
#4064 = VECTOR('',#4065,1.);
#4065 = DIRECTION('',(0.,-1.,0.));
#4066 = PCURVE('',#1414,#4067);
#4067 = DEFINITIONAL_REPRESENTATION('',(#4068),#4072);
#4068 = LINE('',#4069,#4070);
#4069 = CARTESIAN_POINT('',(7.024950239277,0.));
#4070 = VECTOR('',#4071,1.);
#4071 = DIRECTION('',(0.,-1.));
#4072 = ( GEOMETRIC_REPRESENTATION_CONTEXT(2) 
PARAMETRIC_REPRESENTATION_CONTEXT() REPRESENTATION_CONTEXT('2D SPACE',''
  ) );
#4073 = PCURVE('',#4074,#4079);
#4074 = PLANE('',#4075);
#4075 = AXIS2_PLACEMENT_3D('',#4076,#4077,#4078);
#4076 = CARTESIAN_POINT('',(6.505707952862,7.75,-0.130733614121));
#4077 = DIRECTION('',(0.996194698092,0.,8.715574274766E-02));
#4078 = DIRECTION('',(-0.,1.,0.));
#4079 = DEFINITIONAL_REPRESENTATION('',(#4080),#4084);
#4080 = LINE('',#4081,#4082);
#4081 = CARTESIAN_POINT('',(-3.875,-0.785098178729));
#4082 = VECTOR('',#4083,1.);
#4083 = DIRECTION('',(-1.,0.));
#4084 = ( GEOMETRIC_REPRESENTATION_CONTEXT(2) 
PARAMETRIC_REPRESENTATION_CONTEXT() REPRESENTATION_CONTEXT('2D SPACE',''
  ) );
#4085 = ORIENTED_EDGE('',*,*,#4086,.T.);
#4086 = EDGE_CURVE('',#4059,#3884,#4087,.T.);
#4087 = SURFACE_CURVE('',#4088,(#4099,#4128),.PCURVE_S1.);
#4088 = B_SPLINE_CURVE_WITH_KNOTS('',3,(#4089,#4090,#4091,#4092,#4093,
    #4094,#4095,#4096,#4097,#4098),.UNSPECIFIED.,.F.,.F.,(4,2,2,2,4),(
    -8.171949275837E-02,-7.589458485247E-02,-5.602779442663E-02,
    -2.996071379085E-02,0.),.UNSPECIFIED.);
#4089 = CARTESIAN_POINT('',(6.574133767759,5.43008755556,-0.912844257252
    ));
#4090 = CARTESIAN_POINT('',(6.572436124166,5.429047587689,
    -0.893440102194));
#4091 = CARTESIAN_POINT('',(6.570170359837,5.428202503389,
    -0.874073945415));
#4092 = CARTESIAN_POINT('',(6.557679336428,5.425372586641,
    -0.788971698812));
#4093 = CARTESIAN_POINT('',(6.541434529743,5.42549322773,-0.724161182807
    ));
#4094 = CARTESIAN_POINT('',(6.489483053207,5.433073001197,
    -0.579665934589));
#4095 = CARTESIAN_POINT('',(6.449519000012,5.442714926215,
    -0.502429219087));
#4096 = CARTESIAN_POINT('',(6.345802758466,5.482698428062,-0.35197665924
    ));
#4097 = CARTESIAN_POINT('',(6.2814003547,5.515256877692,-0.28397601566)
  );
#4098 = CARTESIAN_POINT('',(6.214388228587,5.564508280242,
    -0.228681344637));
#4099 = PCURVE('',#1414,#4100);
#4100 = DEFINITIONAL_REPRESENTATION('',(#4101),#4127);
#4101 = B_SPLINE_CURVE_WITH_KNOTS('',3,(#4102,#4103,#4104,#4105,#4106,
    #4107,#4108,#4109,#4110,#4111,#4112,#4113,#4114,#4115,#4116,#4117,
    #4118,#4119,#4120,#4121,#4122,#4123,#4124,#4125,#4126),
  .UNSPECIFIED.,.F.,.F.,(4,1,1,1,1,1,1,1,1,1,1,1,1,1,1,1,1,1,1,1,1,1,4),
  (-8.171949275837E-02,-7.800497036026E-02,-7.429044796215E-02,
    -7.057592556404E-02,-6.686140316594E-02,-6.314688076783E-02,
    -5.943235836972E-02,-5.571783597161E-02,-5.200331357351E-02,
    -4.82887911754E-02,-4.457426877729E-02,-4.085974637918E-02,
    -3.714522398108E-02,-3.343070158297E-02,-2.971617918486E-02,
    -2.600165678675E-02,-2.228713438865E-02,-1.857261199054E-02,
    -1.485808959243E-02,-1.114356719432E-02,-7.429044796215E-03,
    -3.714522398108E-03,0.),.QUASI_UNIFORM_KNOTS.);
#4102 = CARTESIAN_POINT('',(7.024950239277,1.55508755556));
#4103 = CARTESIAN_POINT('',(7.012531354677,1.55442450228));
#4104 = CARTESIAN_POINT('',(6.987676797298,1.553256418924));
#4105 = CARTESIAN_POINT('',(6.950368567757,1.551993689109));
#4106 = CARTESIAN_POINT('',(6.913066669993,1.551227346829));
#4107 = CARTESIAN_POINT('',(6.875773189593,1.550993550914));
#4108 = CARTESIAN_POINT('',(6.83848847375,1.551324947116));
#4109 = CARTESIAN_POINT('',(6.801220129406,1.552254501728));
#4110 = CARTESIAN_POINT('',(6.763949447099,1.553817411951));
#4111 = CARTESIAN_POINT('',(6.726756889608,1.556039404314));
#4112 = CARTESIAN_POINT('',(6.689689562182,1.558979281342));
#4113 = CARTESIAN_POINT('',(6.652738579757,1.562701034844));
#4114 = CARTESIAN_POINT('',(6.615913592546,1.56726698708));
#4115 = CARTESIAN_POINT('',(6.579215357682,1.572740949221));
#4116 = CARTESIAN_POINT('',(6.542668863811,1.579182446344));
#4117 = CARTESIAN_POINT('',(6.506216156251,1.586666658987));
#4118 = CARTESIAN_POINT('',(6.470114003679,1.59520964073));
#4119 = CARTESIAN_POINT('',(6.43451958917,1.604844313802));
#4120 = CARTESIAN_POINT('',(6.399391409427,1.615641821052));
#4121 = CARTESIAN_POINT('',(6.3647465336,1.627663064145));
#4122 = CARTESIAN_POINT('',(6.330591281125,1.640971688867));
#4123 = CARTESIAN_POINT('',(6.296939483896,1.655630605699));
#4124 = CARTESIAN_POINT('',(6.263806871635,1.671702922217));
#4125 = CARTESIAN_POINT('',(6.242077821939,1.683402102692));
#4126 = CARTESIAN_POINT('',(6.231306249167,1.689508280242));
#4127 = ( GEOMETRIC_REPRESENTATION_CONTEXT(2) 
PARAMETRIC_REPRESENTATION_CONTEXT() REPRESENTATION_CONTEXT('2D SPACE',''
  ) );
#4128 = PCURVE('',#4129,#4150);
#4129 = B_SPLINE_SURFACE_WITH_KNOTS('',3,3,(
    (#4130,#4131,#4132,#4133)
    ,(#4134,#4135,#4136,#4137)
    ,(#4138,#4139,#4140,#4141)
    ,(#4142,#4143,#4144,#4145)
    ,(#4146,#4147,#4148,#4149
  )),.UNSPECIFIED.,.F.,.F.,.F.,(4,1,4),(4,4),(0.,0.571428571429,1.),(
    9.163728417892E-02,0.378587528035),.UNSPECIFIED.);
#4130 = CARTESIAN_POINT('',(7.734872400414,5.802155838269,-3.));
#4131 = CARTESIAN_POINT('',(7.675591380555,5.74287481841,-2.04718032853)
  );
#4132 = CARTESIAN_POINT('',(7.616356716992,5.683640154847,
    -1.094354889422));
#4133 = CARTESIAN_POINT('',(7.557153070468,5.624436508324,
    -0.141525596517));
#4134 = CARTESIAN_POINT('',(7.53835675976,5.605640197615,-3.024452995556
    ));
#4135 = CARTESIAN_POINT('',(7.478419700835,5.545657737208,
    -2.071704691334));
#4136 = CARTESIAN_POINT('',(7.418588930129,5.485908136324,
    -1.118937982894));
#4137 = CARTESIAN_POINT('',(7.358881370079,5.426164807934,
    -0.166164653593));
#4138 = CARTESIAN_POINT('',(7.044065451385,5.417565089697,
    -3.066907384657));
#4139 = CARTESIAN_POINT('',(6.981897475627,5.357601253693,
    -2.114274133645));
#4140 = CARTESIAN_POINT('',(6.920174700948,5.297753354621,
    -1.161612973526));
#4141 = CARTESIAN_POINT('',(6.858745155565,5.238035712598,
    -0.208929728536));
#4142 = CARTESIAN_POINT('',(6.564961784773,5.602436659428,
    -3.085213449593));
#4143 = CARTESIAN_POINT('',(6.50170211941,5.545023411286,-2.132479612861
    ));
#4144 = CARTESIAN_POINT('',(6.439080314536,5.487425152884,
    -1.179726906316));
#4145 = CARTESIAN_POINT('',(6.376833693346,5.429691242023,
    -0.226964658585));
#4146 = CARTESIAN_POINT('',(6.402228554051,5.733951548596,
    -3.087155742748));
#4147 = CARTESIAN_POINT('',(6.339078282618,5.677792321222,
    -2.134336071278));
#4148 = CARTESIAN_POINT('',(6.276533344672,5.621274268402,-1.18151063217
    ));
#4149 = CARTESIAN_POINT('',(6.214388228237,5.564508279922,
    -0.228681339265));
#4150 = DEFINITIONAL_REPRESENTATION('',(#4151),#4177);
#4151 = B_SPLINE_CURVE_WITH_KNOTS('',3,(#4152,#4153,#4154,#4155,#4156,
    #4157,#4158,#4159,#4160,#4161,#4162,#4163,#4164,#4165,#4166,#4167,
    #4168,#4169,#4170,#4171,#4172,#4173,#4174,#4175,#4176),
  .UNSPECIFIED.,.F.,.F.,(4,1,1,1,1,1,1,1,1,1,1,1,1,1,1,1,1,1,1,1,1,1,4),
  (-8.171949275837E-02,-7.800497036026E-02,-7.429044796215E-02,
    -7.057592556404E-02,-6.686140316594E-02,-6.314688076783E-02,
    -5.943235836972E-02,-5.571783597161E-02,-5.200331357351E-02,
    -4.82887911754E-02,-4.457426877729E-02,-4.085974637918E-02,
    -3.714522398108E-02,-3.343070158297E-02,-2.971617918486E-02,
    -2.600165678675E-02,-2.228713438865E-02,-1.857261199054E-02,
    -1.485808959243E-02,-1.114356719432E-02,-7.429044796215E-03,
    -3.714522398108E-03,0.),.QUASI_UNIFORM_KNOTS.);
#4152 = CARTESIAN_POINT('',(0.754626843798,0.309041315965));
#4153 = CARTESIAN_POINT('',(0.754823635056,0.310284493293));
#4154 = CARTESIAN_POINT('',(0.755549525229,0.312770382386));
#4155 = CARTESIAN_POINT('',(0.757634727871,0.316490152462));
#4156 = CARTESIAN_POINT('',(0.760715958139,0.320192334582));
#4157 = CARTESIAN_POINT('',(0.76479212089,0.323871405673));
#4158 = CARTESIAN_POINT('',(0.76986332775,0.327522076765));
#4159 = CARTESIAN_POINT('',(0.775928528557,0.331138369435));
#4160 = CARTESIAN_POINT('',(0.782992117497,0.334716829096));
#4161 = CARTESIAN_POINT('',(0.79103950277,0.338244396405));
#4162 = CARTESIAN_POINT('',(0.800055112131,0.341711790568));
#4163 = CARTESIAN_POINT('',(0.810036269691,0.345115304956));
#4164 = CARTESIAN_POINT('',(0.8209782714,0.348449615082));
#4165 = CARTESIAN_POINT('',(0.832881251486,0.351710293968));
#4166 = CARTESIAN_POINT('',(0.845738184421,0.354890942681));
#4167 = CARTESIAN_POINT('',(0.859576214745,0.357992152793));
#4168 = CARTESIAN_POINT('',(0.874301542248,0.360988171681));
#4169 = CARTESIAN_POINT('',(0.889836162762,0.363864471922));
#4170 = CARTESIAN_POINT('',(0.906184569659,0.366623518497));
#4171 = CARTESIAN_POINT('',(0.923333119962,0.369263223325));
#4172 = CARTESIAN_POINT('',(0.941277042009,0.371782718331));
#4173 = CARTESIAN_POINT('',(0.960013264773,0.374180808616));
#4174 = CARTESIAN_POINT('',(0.979541922758,0.376456386672));
#4175 = CARTESIAN_POINT('',(0.993091861611,0.377891010472));
#4176 = CARTESIAN_POINT('',(1.,0.378587528035));
#4177 = ( GEOMETRIC_REPRESENTATION_CONTEXT(2) 
PARAMETRIC_REPRESENTATION_CONTEXT() REPRESENTATION_CONTEXT('2D SPACE',''
  ) );
#4178 = ADVANCED_FACE('',(#4179),#1447,.T.);
#4179 = FACE_BOUND('',#4180,.T.);
#4180 = EDGE_LOOP('',(#4181,#4182,#4183,#4206,#4234));
#4181 = ORIENTED_EDGE('',*,*,#1777,.F.);
#4182 = ORIENTED_EDGE('',*,*,#1428,.F.);
#4183 = ORIENTED_EDGE('',*,*,#4184,.F.);
#4184 = EDGE_CURVE('',#4185,#1429,#4187,.T.);
#4185 = VERTEX_POINT('',#4186);
#4186 = CARTESIAN_POINT('',(6.742864457148,-8.175581035418,-3.));
#4187 = SURFACE_CURVE('',#4188,(#4192,#4199),.PCURVE_S1.);
#4188 = LINE('',#4189,#4190);
#4189 = CARTESIAN_POINT('',(6.742864457148,-8.175581035418,-3.));
#4190 = VECTOR('',#4191,1.);
#4191 = DIRECTION('',(-0.707106781187,0.707106781187,0.));
#4192 = PCURVE('',#1447,#4193);
#4193 = DEFINITIONAL_REPRESENTATION('',(#4194),#4198);
#4194 = LINE('',#4195,#4196);
#4195 = CARTESIAN_POINT('',(1.724275958173,0.));
#4196 = VECTOR('',#4197,1.);
#4197 = DIRECTION('',(-1.,0.));
#4198 = ( GEOMETRIC_REPRESENTATION_CONTEXT(2) 
PARAMETRIC_REPRESENTATION_CONTEXT() REPRESENTATION_CONTEXT('2D SPACE',''
  ) );
#4199 = PCURVE('',#1579,#4200);
#4200 = DEFINITIONAL_REPRESENTATION('',(#4201),#4205);
#4201 = LINE('',#4202,#4203);
#4202 = CARTESIAN_POINT('',(-0.81473810628,0.867978479306));
#4203 = VECTOR('',#4204,1.);
#4204 = DIRECTION('',(-0.707106781187,-0.707106781187));
#4205 = ( GEOMETRIC_REPRESENTATION_CONTEXT(2) 
PARAMETRIC_REPRESENTATION_CONTEXT() REPRESENTATION_CONTEXT('2D SPACE',''
  ) );
#4206 = ORIENTED_EDGE('',*,*,#4207,.T.);
#4207 = EDGE_CURVE('',#4185,#4208,#4210,.T.);
#4208 = VERTEX_POINT('',#4209);
#4209 = CARTESIAN_POINT('',(6.742864457148,-8.175581035418,-1.5));
#4210 = SURFACE_CURVE('',#4211,(#4215,#4222),.PCURVE_S1.);
#4211 = LINE('',#4212,#4213);
#4212 = CARTESIAN_POINT('',(6.742864457148,-8.175581035418,-3.));
#4213 = VECTOR('',#4214,1.);
#4214 = DIRECTION('',(0.,0.,1.));
#4215 = PCURVE('',#1447,#4216);
#4216 = DEFINITIONAL_REPRESENTATION('',(#4217),#4221);
#4217 = LINE('',#4218,#4219);
#4218 = CARTESIAN_POINT('',(1.724275958173,0.));
#4219 = VECTOR('',#4220,1.);
#4220 = DIRECTION('',(0.,1.));
#4221 = ( GEOMETRIC_REPRESENTATION_CONTEXT(2) 
PARAMETRIC_REPRESENTATION_CONTEXT() REPRESENTATION_CONTEXT('2D SPACE',''
  ) );
#4222 = PCURVE('',#4223,#4228);
#4223 = CYLINDRICAL_SURFACE('',#4224,0.75);
#4224 = AXIS2_PLACEMENT_3D('',#4225,#4226,#4227);
#4225 = CARTESIAN_POINT('',(7.273194543038,-7.645250949528,-3.));
#4226 = DIRECTION('',(0.,0.,1.));
#4227 = DIRECTION('',(-0.402220830407,-0.915542682559,0.));
#4228 = DEFINITIONAL_REPRESENTATION('',(#4229),#4233);
#4229 = LINE('',#4230,#4231);
#4230 = CARTESIAN_POINT('',(-0.371456907693,0.));
#4231 = VECTOR('',#4232,1.);
#4232 = DIRECTION('',(0.,1.));
#4233 = ( GEOMETRIC_REPRESENTATION_CONTEXT(2) 
PARAMETRIC_REPRESENTATION_CONTEXT() REPRESENTATION_CONTEXT('2D SPACE',''
  ) );
#4234 = ORIENTED_EDGE('',*,*,#4235,.F.);
#4235 = EDGE_CURVE('',#1778,#4208,#4236,.T.);
#4236 = SURFACE_CURVE('',#4237,(#4241,#4248),.PCURVE_S1.);
#4237 = LINE('',#4238,#4239);
#4238 = CARTESIAN_POINT('',(6.742864457148,-8.175581035418,-1.5));
#4239 = VECTOR('',#4240,1.);
#4240 = DIRECTION('',(0.707106781187,-0.707106781187,0.));
#4241 = PCURVE('',#1447,#4242);
#4242 = DEFINITIONAL_REPRESENTATION('',(#4243),#4247);
#4243 = LINE('',#4244,#4245);
#4244 = CARTESIAN_POINT('',(1.724275958173,1.5));
#4245 = VECTOR('',#4246,1.);
#4246 = DIRECTION('',(1.,0.));
#4247 = ( GEOMETRIC_REPRESENTATION_CONTEXT(2) 
PARAMETRIC_REPRESENTATION_CONTEXT() REPRESENTATION_CONTEXT('2D SPACE',''
  ) );
#4248 = PCURVE('',#4249,#4254);
#4249 = PLANE('',#4250);
#4250 = AXIS2_PLACEMENT_3D('',#4251,#4252,#4253);
#4251 = CARTESIAN_POINT('',(7.557602563428,-7.307602556112,-1.5));
#4252 = DIRECTION('',(0.,0.,-1.));
#4253 = DIRECTION('',(1.,0.,0.));
#4254 = DEFINITIONAL_REPRESENTATION('',(#4255),#4259);
#4255 = LINE('',#4256,#4257);
#4256 = CARTESIAN_POINT('',(-0.81473810628,0.867978479306));
#4257 = VECTOR('',#4258,1.);
#4258 = DIRECTION('',(0.707106781187,0.707106781187));
#4259 = ( GEOMETRIC_REPRESENTATION_CONTEXT(2) 
PARAMETRIC_REPRESENTATION_CONTEXT() REPRESENTATION_CONTEXT('2D SPACE',''
  ) );
#4260 = ADVANCED_FACE('',(#4261),#1579,.T.);
#4261 = FACE_BOUND('',#4262,.T.);
#4262 = EDGE_LOOP('',(#4263,#4264,#4265,#4428,#4456,#4489,#4518,#4544));
#4263 = ORIENTED_EDGE('',*,*,#1460,.F.);
#4264 = ORIENTED_EDGE('',*,*,#3856,.T.);
#4265 = ORIENTED_EDGE('',*,*,#4266,.F.);
#4266 = EDGE_CURVE('',#4267,#3813,#4269,.T.);
#4267 = VERTEX_POINT('',#4268);
#4268 = CARTESIAN_POINT('',(7.734872447399,-5.802155786791,
    -2.999999999994));
#4269 = SURFACE_CURVE('',#4270,(#4311,#4355),.PCURVE_S1.);
#4270 = B_SPLINE_CURVE_WITH_KNOTS('',3,(#4271,#4272,#4273,#4274,#4275,
    #4276,#4277,#4278,#4279,#4280,#4281,#4282,#4283,#4284,#4285,#4286,
    #4287,#4288,#4289,#4290,#4291,#4292,#4293,#4294,#4295,#4296,#4297,
    #4298,#4299,#4300,#4301,#4302,#4303,#4304,#4305,#4306,#4307,#4308,
    #4309,#4310),.UNSPECIFIED.,.F.,.F.,(4,3,3,3,3,3,3,3,3,3,3,3,3,4),(0.
    ,1.324693892606E-02,2.668083592579E-02,3.936255589443E-02,
    5.276188864393E-02,6.320048775356E-02,7.665169288856E-02,
    7.864497642938E-02,9.198345932125E-02,0.105419017101,0.112958301313,
    0.126399128788,0.139531478138,0.147241709789),.UNSPECIFIED.);
#4271 = CARTESIAN_POINT('',(7.734872447399,-5.802155786792,-3.));
#4272 = CARTESIAN_POINT('',(7.703649112918,-5.77093245231,-3.));
#4273 = CARTESIAN_POINT('',(7.670400839171,-5.741910833348,
    -3.000001245866));
#4274 = CARTESIAN_POINT('',(7.635430720169,-5.715189164606,
    -3.000003513862));
#4275 = CARTESIAN_POINT('',(7.599967057253,-5.688090364836,
    -3.000005813868));
#4276 = CARTESIAN_POINT('',(7.562731623474,-5.663356256115,
    -3.000009265716));
#4277 = CARTESIAN_POINT('',(7.524004398629,-5.641128468664,-3.0000134477
    ));
#4278 = CARTESIAN_POINT('',(7.487445548977,-5.62014523677,
    -3.000017395531));
#4279 = CARTESIAN_POINT('',(7.449556245376,-5.601395425003,
    -3.000022064682));
#4280 = CARTESIAN_POINT('',(7.41055518331,-5.585037316034,
    -3.000025714225));
#4281 = CARTESIAN_POINT('',(7.369347191846,-5.567753560694,
    -3.000029570282));
#4282 = CARTESIAN_POINT('',(7.32716093547,-5.553249735365,
    -3.000032492573));
#4283 = CARTESIAN_POINT('',(7.284277405001,-5.541655588252,
    -3.00003088955));
#4284 = CARTESIAN_POINT('',(7.250869474073,-5.53262329866,
    -3.000029640733));
#4285 = CARTESIAN_POINT('',(7.217037555406,-5.525357636886,
    -3.000025649928));
#4286 = CARTESIAN_POINT('',(7.182907040459,-5.519940583449,
    -3.000016399685));
#4287 = CARTESIAN_POINT('',(7.138926372833,-5.512960154729,
    -3.000004479799));
#4288 = CARTESIAN_POINT('',(7.094449190036,-5.509047701161,
    -2.99998397158));
#4289 = CARTESIAN_POINT('',(7.049758717499,-5.508138697374,-2.9999634882
    ));
#4290 = CARTESIAN_POINT('',(7.043136204315,-5.508003995518,
    -2.999960452845));
#4291 = CARTESIAN_POINT('',(7.036509018228,-5.507935339295,
    -2.999957411618));
#4292 = CARTESIAN_POINT('',(7.029878097092,-5.507932614131,
    -2.999954385603));
#4293 = CARTESIAN_POINT('',(6.98550587091,-5.507914378114,
    -2.999934136376));
#4294 = CARTESIAN_POINT('',(6.941235154352,-5.510844262897,
    -2.999915179807));
#4295 = CARTESIAN_POINT('',(6.897344283447,-5.516611231304,
    -2.999902427221));
#4296 = CARTESIAN_POINT('',(6.853133983306,-5.522420170587,
    -2.999889581824));
#4297 = CARTESIAN_POINT('',(6.809307938912,-5.531107863172,
    -2.999883087975));
#4298 = CARTESIAN_POINT('',(6.766155138011,-5.542612612973,
    -2.999884461133));
#4299 = CARTESIAN_POINT('',(6.741940197639,-5.549068435646,
    -2.999885231672));
#4300 = CARTESIAN_POINT('',(6.717937426963,-5.556412209916,
    -2.999888411829));
#4301 = CARTESIAN_POINT('',(6.694200575812,-5.564639710674,
    -2.999893686766));
#4302 = CARTESIAN_POINT('',(6.651883173766,-5.579307471582,
    -2.999903090777));
#4303 = CARTESIAN_POINT('',(6.610656485754,-5.596695783033,
    -2.99991943468));
#4304 = CARTESIAN_POINT('',(6.570803804798,-5.616723046659,
    -2.999937633254));
#4305 = CARTESIAN_POINT('',(6.531865775884,-5.636290667993,
    -2.999955414157));
#4306 = CARTESIAN_POINT('',(6.494238427361,-5.658377941418,
    -2.999974999118));
#4307 = CARTESIAN_POINT('',(6.458206020602,-5.682953012613,
    -2.999987644799));
#4308 = CARTESIAN_POINT('',(6.437050765313,-5.697381466099,-2.9999950693
    ));
#4309 = CARTESIAN_POINT('',(6.416445747631,-5.712668282741,
    -3.000000023859));
#4310 = CARTESIAN_POINT('',(6.396453869976,-5.728813514464,
    -3.000000000237));
#4311 = PCURVE('',#1579,#4312);
#4312 = DEFINITIONAL_REPRESENTATION('',(#4313),#4354);
#4313 = B_SPLINE_CURVE_WITH_KNOTS('',3,(#4314,#4315,#4316,#4317,#4318,
    #4319,#4320,#4321,#4322,#4323,#4324,#4325,#4326,#4327,#4328,#4329,
    #4330,#4331,#4332,#4333,#4334,#4335,#4336,#4337,#4338,#4339,#4340,
    #4341,#4342,#4343,#4344,#4345,#4346,#4347,#4348,#4349,#4350,#4351,
    #4352,#4353),.UNSPECIFIED.,.F.,.F.,(4,3,3,3,3,3,3,3,3,3,3,3,3,4),(0.
    ,1.324693892606E-02,2.668083592579E-02,3.936255589443E-02,
    5.276188864393E-02,6.320048775356E-02,7.665169288856E-02,
    7.864497642938E-02,9.198345932125E-02,0.105419017101,0.112958301313,
    0.126399128788,0.139531478138,0.147241709789),.UNSPECIFIED.);
#4314 = CARTESIAN_POINT('',(0.177269883971,-1.50544676932));
#4315 = CARTESIAN_POINT('',(0.146046549489,-1.536670103802));
#4316 = CARTESIAN_POINT('',(0.112798275743,-1.565691722765));
#4317 = CARTESIAN_POINT('',(7.78281567406E-02,-1.592413391506));
#4318 = CARTESIAN_POINT('',(4.23644938244E-02,-1.619512191276));
#4319 = CARTESIAN_POINT('',(5.129060046201E-03,-1.644246299997));
#4320 = CARTESIAN_POINT('',(-3.35981647996E-02,-1.666474087448));
#4321 = CARTESIAN_POINT('',(-7.01570144517E-02,-1.687457319342));
#4322 = CARTESIAN_POINT('',(-0.108046318053,-1.70620713111));
#4323 = CARTESIAN_POINT('',(-0.147047380119,-1.722565240078));
#4324 = CARTESIAN_POINT('',(-0.188255371582,-1.739848995418));
#4325 = CARTESIAN_POINT('',(-0.230441627958,-1.754352820747));
#4326 = CARTESIAN_POINT('',(-0.273325158427,-1.76594696786));
#4327 = CARTESIAN_POINT('',(-0.306733089355,-1.774979257452));
#4328 = CARTESIAN_POINT('',(-0.340565008022,-1.782244919226));
#4329 = CARTESIAN_POINT('',(-0.37469552297,-1.787661972664));
#4330 = CARTESIAN_POINT('',(-0.418676190595,-1.794642401383));
#4331 = CARTESIAN_POINT('',(-0.463153373392,-1.798554854951));
#4332 = CARTESIAN_POINT('',(-0.507843845929,-1.799463858738));
#4333 = CARTESIAN_POINT('',(-0.514466359113,-1.799598560594));
#4334 = CARTESIAN_POINT('',(-0.5210935452,-1.799667216817));
#4335 = CARTESIAN_POINT('',(-0.527724466336,-1.799669941981));
#4336 = CARTESIAN_POINT('',(-0.572096692518,-1.799688177998));
#4337 = CARTESIAN_POINT('',(-0.616367409076,-1.796758293215));
#4338 = CARTESIAN_POINT('',(-0.660258279981,-1.790991324808));
#4339 = CARTESIAN_POINT('',(-0.704468580122,-1.785182385525));
#4340 = CARTESIAN_POINT('',(-0.748294624516,-1.77649469294));
#4341 = CARTESIAN_POINT('',(-0.791447425417,-1.764989943139));
#4342 = CARTESIAN_POINT('',(-0.81566236579,-1.758534120467));
#4343 = CARTESIAN_POINT('',(-0.839665136465,-1.751190346197));
#4344 = CARTESIAN_POINT('',(-0.863401987616,-1.742962845439));
#4345 = CARTESIAN_POINT('',(-0.905719389662,-1.72829508453));
#4346 = CARTESIAN_POINT('',(-0.946946077675,-1.710906773079));
#4347 = CARTESIAN_POINT('',(-0.98679875863,-1.690879509454));
#4348 = CARTESIAN_POINT('',(-1.025736787544,-1.671311888119));
#4349 = CARTESIAN_POINT('',(-1.063364136067,-1.649224614694));
#4350 = CARTESIAN_POINT('',(-1.099396542826,-1.624649543499));
#4351 = CARTESIAN_POINT('',(-1.120551798116,-1.610221090014));
#4352 = CARTESIAN_POINT('',(-1.141156815797,-1.594934273372));
#4353 = CARTESIAN_POINT('',(-1.161148693452,-1.578789041648));
#4354 = ( GEOMETRIC_REPRESENTATION_CONTEXT(2) 
PARAMETRIC_REPRESENTATION_CONTEXT() REPRESENTATION_CONTEXT('2D SPACE',''
  ) );
#4355 = PCURVE('',#3828,#4356);
#4356 = DEFINITIONAL_REPRESENTATION('',(#4357),#4427);
#4357 = B_SPLINE_CURVE_WITH_KNOTS('',3,(#4358,#4359,#4360,#4361,#4362,
    #4363,#4364,#4365,#4366,#4367,#4368,#4369,#4370,#4371,#4372,#4373,
    #4374,#4375,#4376,#4377,#4378,#4379,#4380,#4381,#4382,#4383,#4384,
    #4385,#4386,#4387,#4388,#4389,#4390,#4391,#4392,#4393,#4394,#4395,
    #4396,#4397,#4398,#4399,#4400,#4401,#4402,#4403,#4404,#4405,#4406,
    #4407,#4408,#4409,#4410,#4411,#4412,#4413,#4414,#4415,#4416,#4417,
    #4418,#4419,#4420,#4421,#4422,#4423,#4424,#4425,#4426),
  .UNSPECIFIED.,.F.,.F.,(4,1,1,1,1,1,1,1,1,1,1,1,1,1,1,1,1,1,1,1,1,1,1,1
    ,1,1,1,1,1,1,1,1,1,1,1,1,1,1,1,1,1,1,1,1,1,1,1,1,1,1,1,1,1,1,1,1,1,1
    ,1,1,1,1,1,1,1,1,4),(0.,2.230934996802E-03,4.461869993604E-03,
    6.692804990407E-03,8.923739987209E-03,1.115467498401E-02,
    1.338560998081E-02,1.561654497762E-02,1.784747997442E-02,
    2.007841497122E-02,2.230934996802E-02,2.454028496482E-02,
    2.677121996163E-02,2.900215495843E-02,3.123308995523E-02,
    3.346402495203E-02,3.569495994884E-02,3.792589494564E-02,
    4.015682994244E-02,4.238776493924E-02,4.461869993604E-02,
    4.684963493285E-02,4.908056992965E-02,5.131150492645E-02,
    5.354243992325E-02,5.577337492006E-02,5.800430991686E-02,
    6.023524491366E-02,6.246617991046E-02,6.469711490726E-02,
    6.692804990407E-02,6.915898490087E-02,7.138991989767E-02,
    7.362085489447E-02,7.585178989128E-02,7.808272488808E-02,
    8.031365988488E-02,8.254459488168E-02,8.477552987848E-02,
    8.700646487529E-02,8.923739987209E-02,9.146833486889E-02,
    9.369926986569E-02,9.59302048625E-02,9.81611398593E-02,
    0.100392074856,0.102623009853,0.10485394485,0.107084879847,
    0.109315814843,0.11154674984,0.113777684837,0.116008619834,
    0.118239554831,0.120470489827,0.122701424824,0.124932359821,
    0.127163294818,0.129394229815,0.131625164811,0.133856099808,
    0.136087034805,0.138317969802,0.140548904799,0.142779839795,
    0.145010774792,0.147241709789),.QUASI_UNIFORM_KNOTS.);
#4358 = CARTESIAN_POINT('',(1.,9.163728418191E-02));
#4359 = CARTESIAN_POINT('',(0.994942395101,9.17024636759E-02));
#4360 = CARTESIAN_POINT('',(0.98483257369,9.183275333493E-02));
#4361 = CARTESIAN_POINT('',(0.969682110109,9.202790919304E-02));
#4362 = CARTESIAN_POINT('',(0.954544009916,9.222271577688E-02));
#4363 = CARTESIAN_POINT('',(0.939416397778,9.241710244346E-02));
#4364 = CARTESIAN_POINT('',(0.924297421042,9.261099855039E-02));
#4365 = CARTESIAN_POINT('',(0.909185303656,9.280433345609E-02));
#4366 = CARTESIAN_POINT('',(0.894078194379,9.299703651926E-02));
#4367 = CARTESIAN_POINT('',(0.878974194915,9.318903709564E-02));
#4368 = CARTESIAN_POINT('',(0.863871470903,9.338026454116E-02));
#4369 = CARTESIAN_POINT('',(0.848768158018,9.357064821496E-02));
#4370 = CARTESIAN_POINT('',(0.83366239035,9.376011746701E-02));
#4371 = CARTESIAN_POINT('',(0.818552331177,9.394860168442E-02));
#4372 = CARTESIAN_POINT('',(0.803436069927,9.413603011797E-02));
#4373 = CARTESIAN_POINT('',(0.788311757768,9.432233252496E-02));
#4374 = CARTESIAN_POINT('',(0.773177729399,9.450743676394E-02));
#4375 = CARTESIAN_POINT('',(0.758031660885,9.469127778343E-02));
#4376 = CARTESIAN_POINT('',(0.742873420113,9.487376407408E-02));
#4377 = CARTESIAN_POINT('',(0.727694556006,9.505490287079E-02));
#4378 = CARTESIAN_POINT('',(0.712529796219,9.523418594118E-02));
#4379 = CARTESIAN_POINT('',(0.697378149716,9.541154272047E-02));
#4380 = CARTESIAN_POINT('',(0.682237469827,9.558691531271E-02));
#4381 = CARTESIAN_POINT('',(0.667105947307,9.576024242769E-02));
#4382 = CARTESIAN_POINT('',(0.65198170918,9.593146368492E-02));
#4383 = CARTESIAN_POINT('',(0.636862980425,9.610051846083E-02));
#4384 = CARTESIAN_POINT('',(0.621747845423,9.626734619641E-02));
#4385 = CARTESIAN_POINT('',(0.606634437804,9.643188631445E-02));
#4386 = CARTESIAN_POINT('',(0.591520890295,9.65940782433E-02));
#4387 = CARTESIAN_POINT('',(0.576405334389,9.675386140853E-02));
#4388 = CARTESIAN_POINT('',(0.561285890259,9.69111752432E-02));
#4389 = CARTESIAN_POINT('',(0.546160654181,9.706595915603E-02));
#4390 = CARTESIAN_POINT('',(0.531027842064,9.721815264245E-02));
#4391 = CARTESIAN_POINT('',(0.515885624951,9.736769487179E-02));
#4392 = CARTESIAN_POINT('',(0.50073202563,9.751452623197E-02));
#4393 = CARTESIAN_POINT('',(0.485565517664,9.765858256496E-02));
#4394 = CARTESIAN_POINT('',(0.470382789195,9.779981668078E-02));
#4395 = CARTESIAN_POINT('',(0.455187239921,9.793811806384E-02));
#4396 = CARTESIAN_POINT('',(0.440009211951,9.80731409233E-02));
#4397 = CARTESIAN_POINT('',(0.4248397178,9.820490896328E-02));
#4398 = CARTESIAN_POINT('',(0.40967874925,9.833336153089E-02));
#4399 = CARTESIAN_POINT('',(0.39452391549,9.845846057688E-02));
#4400 = CARTESIAN_POINT('',(0.379373506774,9.858016199549E-02));
#4401 = CARTESIAN_POINT('',(0.364225656192,9.86984233031E-02));
#4402 = CARTESIAN_POINT('',(0.349078420703,9.881320158222E-02));
#4403 = CARTESIAN_POINT('',(0.333929967924,9.892445402857E-02));
#4404 = CARTESIAN_POINT('',(0.318778411446,9.903213782128E-02));
#4405 = CARTESIAN_POINT('',(0.303621870975,9.913621009325E-02));
#4406 = CARTESIAN_POINT('',(0.288458424955,9.923662817795E-02));
#4407 = CARTESIAN_POINT('',(0.273286288541,9.933334865008E-02));
#4408 = CARTESIAN_POINT('',(0.258103184799,9.942633091689E-02));
#4409 = CARTESIAN_POINT('',(0.242908819396,9.951552382063E-02));
#4410 = CARTESIAN_POINT('',(0.227695458126,9.960091563006E-02));
#4411 = CARTESIAN_POINT('',(0.212494835996,9.968228146157E-02));
#4412 = CARTESIAN_POINT('',(0.197305479349,9.975960082982E-02));
#4413 = CARTESIAN_POINT('',(0.182125356198,9.983285337659E-02));
#4414 = CARTESIAN_POINT('',(0.166952606393,9.990201870861E-02));
#4415 = CARTESIAN_POINT('',(0.151785344796,9.99670764409E-02));
#4416 = CARTESIAN_POINT('',(0.136621768411,0.100028006185));
#4417 = CARTESIAN_POINT('',(0.121459929495,0.100084787552));
#4418 = CARTESIAN_POINT('',(0.106297969598,0.100137400161));
#4419 = CARTESIAN_POINT('',(9.113401447315E-02,0.100185823625));
#4420 = CARTESIAN_POINT('',(7.596617187932E-02,0.100230037557));
#4421 = CARTESIAN_POINT('',(6.079254526044E-02,0.100270021572));
#4422 = CARTESIAN_POINT('',(4.561124338625E-02,0.10030575528));
#4423 = CARTESIAN_POINT('',(3.042038266129E-02,0.100337218297));
#4424 = CARTESIAN_POINT('',(1.521811391911E-02,0.100364390236));
#4425 = CARTESIAN_POINT('',(5.074393533163E-03,0.100379630553));
#4426 = CARTESIAN_POINT('',(0.,0.100386528737));
#4427 = ( GEOMETRIC_REPRESENTATION_CONTEXT(2) 
PARAMETRIC_REPRESENTATION_CONTEXT() REPRESENTATION_CONTEXT('2D SPACE',''
  ) );
#4428 = ORIENTED_EDGE('',*,*,#4429,.F.);
#4429 = EDGE_CURVE('',#4430,#4267,#4432,.T.);
#4430 = VERTEX_POINT('',#4431);
#4431 = CARTESIAN_POINT('',(8.425581067305,-6.492864406697,-3.));
#4432 = SURFACE_CURVE('',#4433,(#4437,#4444),.PCURVE_S1.);
#4433 = LINE('',#4434,#4435);
#4434 = CARTESIAN_POINT('',(8.425581067305,-6.492864406697,-3.));
#4435 = VECTOR('',#4436,1.);
#4436 = DIRECTION('',(-0.707106781187,0.707106781187,0.));
#4437 = PCURVE('',#1579,#4438);
#4438 = DEFINITIONAL_REPRESENTATION('',(#4439),#4443);
#4439 = LINE('',#4440,#4441);
#4440 = CARTESIAN_POINT('',(0.867978503877,-0.814738149415));
#4441 = VECTOR('',#4442,1.);
#4442 = DIRECTION('',(-0.707106781187,-0.707106781187));
#4443 = ( GEOMETRIC_REPRESENTATION_CONTEXT(2) 
PARAMETRIC_REPRESENTATION_CONTEXT() REPRESENTATION_CONTEXT('2D SPACE',''
  ) );
#4444 = PCURVE('',#4445,#4450);
#4445 = PLANE('',#4446);
#4446 = AXIS2_PLACEMENT_3D('',#4447,#4448,#4449);
#4447 = CARTESIAN_POINT('',(8.425581067305,-6.492864406697,-3.));
#4448 = DIRECTION('',(0.707106781187,0.707106781187,0.));
#4449 = DIRECTION('',(-0.707106781187,0.707106781187,0.));
#4450 = DEFINITIONAL_REPRESENTATION('',(#4451),#4455);
#4451 = LINE('',#4452,#4453);
#4452 = CARTESIAN_POINT('',(0.,0.));
#4453 = VECTOR('',#4454,1.);
#4454 = DIRECTION('',(1.,0.));
#4455 = ( GEOMETRIC_REPRESENTATION_CONTEXT(2) 
PARAMETRIC_REPRESENTATION_CONTEXT() REPRESENTATION_CONTEXT('2D SPACE',''
  ) );
#4456 = ORIENTED_EDGE('',*,*,#4457,.F.);
#4457 = EDGE_CURVE('',#4458,#4430,#4460,.T.);
#4458 = VERTEX_POINT('',#4459);
#4459 = CARTESIAN_POINT('',(8.529231853091,-7.423904180952,-3.));
#4460 = SURFACE_CURVE('',#4461,(#4466,#4477),.PCURVE_S1.);
#4461 = CIRCLE('',#4462,0.75);
#4462 = AXIS2_PLACEMENT_3D('',#4463,#4464,#4465);
#4463 = CARTESIAN_POINT('',(7.895250981415,-7.023194492587,-3.));
#4464 = DIRECTION('',(0.,0.,1.));
#4465 = DIRECTION('',(0.915542670556,0.402220857728,-0.));
#4466 = PCURVE('',#1579,#4467);
#4467 = DEFINITIONAL_REPRESENTATION('',(#4468),#4476);
#4468 = ( BOUNDED_CURVE() B_SPLINE_CURVE(2,(#4469,#4470,#4471,#4472,
#4473,#4474,#4475),.UNSPECIFIED.,.T.,.F.) B_SPLINE_CURVE_WITH_KNOTS((1,2
    ,2,2,2,1),(-2.094395102393,0.,2.094395102393,4.188790204786,
6.28318530718,8.377580409573),.UNSPECIFIED.) CURVE() 
GEOMETRIC_REPRESENTATION_ITEM() RATIONAL_B_SPLINE_CURVE((1.,0.5,1.,0.5,
1.,0.5,1.)) REPRESENTATION_ITEM('') );
#4469 = CARTESIAN_POINT('',(1.024305420904,-0.586073706821));
#4470 = CARTESIAN_POINT('',(0.501805199818,-1.775398523246));
#4471 = CARTESIAN_POINT('',(-0.266930194015,-0.72823765009));
#4472 = CARTESIAN_POINT('',(-1.035665587847,0.318923223067));
#4473 = CARTESIAN_POINT('',(0.255570027071,0.461087166336));
#4474 = CARTESIAN_POINT('',(1.54680564199,0.603251109605));
#4475 = CARTESIAN_POINT('',(1.024305420904,-0.586073706821));
#4476 = ( GEOMETRIC_REPRESENTATION_CONTEXT(2) 
PARAMETRIC_REPRESENTATION_CONTEXT() REPRESENTATION_CONTEXT('2D SPACE',''
  ) );
#4477 = PCURVE('',#4478,#4483);
#4478 = CYLINDRICAL_SURFACE('',#4479,0.75);
#4479 = AXIS2_PLACEMENT_3D('',#4480,#4481,#4482);
#4480 = CARTESIAN_POINT('',(7.895250981415,-7.023194492587,-3.));
#4481 = DIRECTION('',(0.,0.,1.));
#4482 = DIRECTION('',(0.915542670556,0.402220857728,-0.));
#4483 = DEFINITIONAL_REPRESENTATION('',(#4484),#4488);
#4484 = LINE('',#4485,#4486);
#4485 = CARTESIAN_POINT('',(-8.881784197001E-16,0.));
#4486 = VECTOR('',#4487,1.);
#4487 = DIRECTION('',(1.,0.));
#4488 = ( GEOMETRIC_REPRESENTATION_CONTEXT(2) 
PARAMETRIC_REPRESENTATION_CONTEXT() REPRESENTATION_CONTEXT('2D SPACE',''
  ) );
#4489 = ORIENTED_EDGE('',*,*,#4490,.T.);
#4490 = EDGE_CURVE('',#4458,#4491,#4493,.T.);
#4491 = VERTEX_POINT('',#4492);
#4492 = CARTESIAN_POINT('',(7.673904250322,-8.279231809246,-3.));
#4493 = SURFACE_CURVE('',#4494,(#4499,#4506),.PCURVE_S1.);
#4494 = CIRCLE('',#4495,2.75);
#4495 = AXIS2_PLACEMENT_3D('',#4496,#4497,#4498);
#4496 = CARTESIAN_POINT('',(6.204635323614,-5.954635323614,-3.));
#4497 = DIRECTION('',(0.,0.,-1.));
#4498 = DIRECTION('',(1.,0.,0.));
#4499 = PCURVE('',#1579,#4500);
#4500 = DEFINITIONAL_REPRESENTATION('',(#4501),#4505);
#4501 = CIRCLE('',#4502,2.75);
#4502 = AXIS2_PLACEMENT_2D('',#4503,#4504);
#4503 = CARTESIAN_POINT('',(-1.352967239814,-1.352967232498));
#4504 = DIRECTION('',(1.,0.));
#4505 = ( GEOMETRIC_REPRESENTATION_CONTEXT(2) 
PARAMETRIC_REPRESENTATION_CONTEXT() REPRESENTATION_CONTEXT('2D SPACE',''
  ) );
#4506 = PCURVE('',#4507,#4512);
#4507 = CYLINDRICAL_SURFACE('',#4508,2.75);
#4508 = AXIS2_PLACEMENT_3D('',#4509,#4510,#4511);
#4509 = CARTESIAN_POINT('',(6.204635323614,-5.954635323614,-3.));
#4510 = DIRECTION('',(0.,0.,1.));
#4511 = DIRECTION('',(1.,0.,-0.));
#4512 = DEFINITIONAL_REPRESENTATION('',(#4513),#4517);
#4513 = LINE('',#4514,#4515);
#4514 = CARTESIAN_POINT('',(6.28318530718,0.));
#4515 = VECTOR('',#4516,1.);
#4516 = DIRECTION('',(-1.,0.));
#4517 = ( GEOMETRIC_REPRESENTATION_CONTEXT(2) 
PARAMETRIC_REPRESENTATION_CONTEXT() REPRESENTATION_CONTEXT('2D SPACE',''
  ) );
#4518 = ORIENTED_EDGE('',*,*,#4519,.F.);
#4519 = EDGE_CURVE('',#4185,#4491,#4520,.T.);
#4520 = SURFACE_CURVE('',#4521,(#4526,#4537),.PCURVE_S1.);
#4521 = CIRCLE('',#4522,0.75);
#4522 = AXIS2_PLACEMENT_3D('',#4523,#4524,#4525);
#4523 = CARTESIAN_POINT('',(7.273194543038,-7.645250949528,-3.));
#4524 = DIRECTION('',(0.,0.,1.));
#4525 = DIRECTION('',(-0.402220830407,-0.915542682559,0.));
#4526 = PCURVE('',#1579,#4527);
#4527 = DEFINITIONAL_REPRESENTATION('',(#4528),#4536);
#4528 = ( BOUNDED_CURVE() B_SPLINE_CURVE(2,(#4529,#4530,#4531,#4532,
#4533,#4534,#4535),.UNSPECIFIED.,.T.,.F.) B_SPLINE_CURVE_WITH_KNOTS((1,2
    ,2,2,2,1),(-2.094395102393,0.,2.094395102393,4.188790204786,
6.28318530718,8.377580409573),.UNSPECIFIED.) CURVE() 
GEOMETRIC_REPRESENTATION_ITEM() RATIONAL_B_SPLINE_CURVE((1.,0.5,1.,0.5,
1.,0.5,1.)) REPRESENTATION_ITEM('') );
#4529 = CARTESIAN_POINT('',(-0.586073643196,1.024305405335));
#4530 = CARTESIAN_POINT('',(0.603251188822,1.54680559093));
#4531 = CARTESIAN_POINT('',(0.461087207021,0.255569980254));
#4532 = CARTESIAN_POINT('',(0.318923225219,-1.035665630423));
#4533 = CARTESIAN_POINT('',(-0.728237624997,-0.266930205341));
#4534 = CARTESIAN_POINT('',(-1.775398475213,0.50180521974));
#4535 = CARTESIAN_POINT('',(-0.586073643196,1.024305405335));
#4536 = ( GEOMETRIC_REPRESENTATION_CONTEXT(2) 
PARAMETRIC_REPRESENTATION_CONTEXT() REPRESENTATION_CONTEXT('2D SPACE',''
  ) );
#4537 = PCURVE('',#4223,#4538);
#4538 = DEFINITIONAL_REPRESENTATION('',(#4539),#4543);
#4539 = LINE('',#4540,#4541);
#4540 = CARTESIAN_POINT('',(-6.28318530718,0.));
#4541 = VECTOR('',#4542,1.);
#4542 = DIRECTION('',(1.,0.));
#4543 = ( GEOMETRIC_REPRESENTATION_CONTEXT(2) 
PARAMETRIC_REPRESENTATION_CONTEXT() REPRESENTATION_CONTEXT('2D SPACE',''
  ) );
#4544 = ORIENTED_EDGE('',*,*,#4184,.T.);
#4545 = ADVANCED_FACE('',(#4546),#1815,.T.);
#4546 = FACE_BOUND('',#4547,.T.);
#4547 = EDGE_LOOP('',(#4548,#4549,#4550,#4600,#4628,#4656));
#4548 = ORIENTED_EDGE('',*,*,#1831,.F.);
#4549 = ORIENTED_EDGE('',*,*,#1800,.F.);
#4550 = ORIENTED_EDGE('',*,*,#4551,.T.);
#4551 = EDGE_CURVE('',#1778,#4552,#4554,.T.);
#4552 = VERTEX_POINT('',#4553);
#4553 = CARTESIAN_POINT('',(8.104170828066,-6.171454167459,-1.5));
#4554 = SURFACE_CURVE('',#4555,(#4560,#4589),.PCURVE_S1.);
#4555 = ELLIPSE('',#4556,2.065631648623,2.05);
#4556 = AXIS2_PLACEMENT_3D('',#4557,#4558,#4559);
#4557 = CARTESIAN_POINT('',(6.073402328325,-5.823402328325,-1.5));
#4558 = DIRECTION('',(0.,0.,1.));
#4559 = DIRECTION('',(0.707106781187,-0.707106781187,0.));
#4560 = PCURVE('',#1815,#4561);
#4561 = DEFINITIONAL_REPRESENTATION('',(#4562),#4588);
#4562 = B_SPLINE_CURVE_WITH_KNOTS('',3,(#4563,#4564,#4565,#4566,#4567,
    #4568,#4569,#4570,#4571,#4572,#4573,#4574,#4575,#4576,#4577,#4578,
    #4579,#4580,#4581,#4582,#4583,#4584,#4585,#4586,#4587),
  .UNSPECIFIED.,.F.,.F.,(4,1,1,1,1,1,1,1,1,1,1,1,1,1,1,1,1,1,1,1,1,1,4),
  (5.663941359113,5.720236265068,5.776531171023,5.832826076978,
    5.889120982933,5.945415888888,6.001710794843,6.058005700798,
    6.114300606753,6.170595512708,6.226890418663,6.283185324618,
    6.339480230573,6.395775136528,6.452070042483,6.508364948438,
    6.564659854393,6.620954760348,6.677249666303,6.733544572258,
    6.789839478213,6.846134384168,6.902429290123),
  .QUASI_UNIFORM_KNOTS.);
#4563 = CARTESIAN_POINT('',(5.663941359113,-2.033539911574));
#4564 = CARTESIAN_POINT('',(5.682706327765,-2.036302645172));
#4565 = CARTESIAN_POINT('',(5.720236265068,-2.04160923991));
#4566 = CARTESIAN_POINT('',(5.776531171023,-2.048889677634));
#4567 = CARTESIAN_POINT('',(5.832826076978,-2.055466956217));
#4568 = CARTESIAN_POINT('',(5.889120982933,-2.061320408033));
#4569 = CARTESIAN_POINT('',(5.945415888888,-2.066431441882));
#4570 = CARTESIAN_POINT('',(6.001710794843,-2.070783876859));
#4571 = CARTESIAN_POINT('',(6.058005700798,-2.074363919943));
#4572 = CARTESIAN_POINT('',(6.114300606753,-2.077160229438));
#4573 = CARTESIAN_POINT('',(6.170595512708,-2.079163945618));
#4574 = CARTESIAN_POINT('',(6.226890418663,-2.080368720213));
#4575 = CARTESIAN_POINT('',(6.283185324618,-2.080770736143));
#4576 = CARTESIAN_POINT('',(6.339480230573,-2.080368719715));
#4577 = CARTESIAN_POINT('',(6.395775136528,-2.079163944623));
#4578 = CARTESIAN_POINT('',(6.452070042483,-2.07716022795));
#4579 = CARTESIAN_POINT('',(6.508364948438,-2.074363917966));
#4580 = CARTESIAN_POINT('',(6.564659854393,-2.0707838744));
#4581 = CARTESIAN_POINT('',(6.620954760348,-2.066431438949));
#4582 = CARTESIAN_POINT('',(6.677249666303,-2.061320404635));
#4583 = CARTESIAN_POINT('',(6.733544572258,-2.055466952365));
#4584 = CARTESIAN_POINT('',(6.789839478213,-2.048889673339));
#4585 = CARTESIAN_POINT('',(6.846134384168,-2.041609235186));
#4586 = CARTESIAN_POINT('',(6.883664321471,-2.036302640172));
#4587 = CARTESIAN_POINT('',(6.902429290123,-2.033539906439));
#4588 = ( GEOMETRIC_REPRESENTATION_CONTEXT(2) 
PARAMETRIC_REPRESENTATION_CONTEXT() REPRESENTATION_CONTEXT('2D SPACE',''
  ) );
#4589 = PCURVE('',#4249,#4590);
#4590 = DEFINITIONAL_REPRESENTATION('',(#4591),#4599);
#4591 = ( BOUNDED_CURVE() B_SPLINE_CURVE(2,(#4592,#4593,#4594,#4595,
#4596,#4597,#4598),.UNSPECIFIED.,.T.,.F.) B_SPLINE_CURVE_WITH_KNOTS((1,2
    ,2,2,2,1),(-2.094395102393,0.,2.094395102393,4.188790204786,
6.28318530718,8.377580409573),.UNSPECIFIED.) CURVE() 
GEOMETRIC_REPRESENTATION_ITEM() RATIONAL_B_SPLINE_CURVE((1.,0.5,1.,0.5,
1.,0.5,1.)) REPRESENTATION_ITEM('') );
#4592 = CARTESIAN_POINT('',(-2.357808892817E-02,-2.357808161217E-02));
#4593 = CARTESIAN_POINT('',(2.487148897425,-2.534305067965));
#4594 = CARTESIAN_POINT('',(-0.959147815014,-3.469874794051));
#4595 = CARTESIAN_POINT('',(-4.405444527453,-4.405444520137));
#4596 = CARTESIAN_POINT('',(-3.469874801367,-0.959147807698));
#4597 = CARTESIAN_POINT('',(-2.534305075281,2.487148904741));
#4598 = CARTESIAN_POINT('',(-2.357808892817E-02,-2.357808161217E-02));
#4599 = ( GEOMETRIC_REPRESENTATION_CONTEXT(2) 
PARAMETRIC_REPRESENTATION_CONTEXT() REPRESENTATION_CONTEXT('2D SPACE',''
  ) );
#4600 = ORIENTED_EDGE('',*,*,#4601,.F.);
#4601 = EDGE_CURVE('',#4602,#4552,#4604,.T.);
#4602 = VERTEX_POINT('',#4603);
#4603 = CARTESIAN_POINT('',(8.108994033834,-5.816794902745,
    -1.245807507406));
#4604 = SURFACE_CURVE('',#4605,(#4610,#4616),.PCURVE_S1.);
#4605 = ELLIPSE('',#4606,2.92124429235,2.05);
#4606 = AXIS2_PLACEMENT_3D('',#4607,#4608,#4609);
#4607 = CARTESIAN_POINT('',(6.177501621138,-5.927501621138,
    -2.689860361531));
#4608 = DIRECTION('',(0.5,0.5,-0.707106781187));
#4609 = DIRECTION('',(-0.370641151082,-0.614393108083,-0.696524404357));
#4610 = PCURVE('',#1815,#4611);
#4611 = DEFINITIONAL_REPRESENTATION('',(#4612),#4615);
#4612 = B_SPLINE_CURVE_WITH_KNOTS('',1,(#4613,#4614),.UNSPECIFIED.,.F.,
  .F.,(2,2),(4.052968647827,4.215324730008),.PIECEWISE_BEZIER_KNOTS.);
#4613 = CARTESIAN_POINT('',(7.064785372304,-1.7508959398));
#4614 = CARTESIAN_POINT('',(6.902429290123,-2.033539906439));
#4615 = ( GEOMETRIC_REPRESENTATION_CONTEXT(2) 
PARAMETRIC_REPRESENTATION_CONTEXT() REPRESENTATION_CONTEXT('2D SPACE',''
  ) );
#4616 = PCURVE('',#4617,#4622);
#4617 = PLANE('',#4618);
#4618 = AXIS2_PLACEMENT_3D('',#4619,#4620,#4621);
#4619 = CARTESIAN_POINT('',(4.872746394101,-2.5864763429,-1.25));
#4620 = DIRECTION('',(0.5,0.5,-0.707106781187));
#4621 = DIRECTION('',(-0.816496580928,2.22044604925E-16,-0.57735026919)
  );
#4622 = DEFINITIONAL_REPRESENTATION('',(#4623),#4627);
#4623 = ELLIPSE('',#4624,2.92124429235,2.05);
#4624 = AXIS2_PLACEMENT_2D('',#4625,#4626);
#4625 = CARTESIAN_POINT('',(-0.234024414498,-3.85788368752));
#4626 = DIRECTION('',(0.704765784962,-0.70944005268));
#4627 = ( GEOMETRIC_REPRESENTATION_CONTEXT(2) 
PARAMETRIC_REPRESENTATION_CONTEXT() REPRESENTATION_CONTEXT('2D SPACE',''
  ) );
#4628 = ORIENTED_EDGE('',*,*,#4629,.T.);
#4629 = EDGE_CURVE('',#4602,#4630,#4632,.T.);
#4630 = VERTEX_POINT('',#4631);
#4631 = CARTESIAN_POINT('',(7.955909166676,-5.663710035588,
    0.503960530961));
#4632 = SURFACE_CURVE('',#4633,(#4637,#4644),.PCURVE_S1.);
#4633 = LINE('',#4634,#4635);
#4634 = CARTESIAN_POINT('',(7.95696970317,-5.664770572082,0.491838543372
    ));
#4635 = VECTOR('',#4636,1.);
#4636 = DIRECTION('',(-8.682659386425E-02,8.682659386425E-02,
    0.992432509139));
#4637 = PCURVE('',#1815,#4638);
#4638 = DEFINITIONAL_REPRESENTATION('',(#4639),#4643);
#4639 = LINE('',#4640,#4641);
#4640 = CARTESIAN_POINT('',(7.064785372304,-1.7763568394E-15));
#4641 = VECTOR('',#4642,1.);
#4642 = DIRECTION('',(-1.007513131225E-15,1.));
#4643 = ( GEOMETRIC_REPRESENTATION_CONTEXT(2) 
PARAMETRIC_REPRESENTATION_CONTEXT() REPRESENTATION_CONTEXT('2D SPACE',''
  ) );
#4644 = PCURVE('',#4645,#4650);
#4645 = PLANE('',#4646);
#4646 = AXIS2_PLACEMENT_3D('',#4647,#4648,#4649);
#4647 = CARTESIAN_POINT('',(8.,7.75,0.));
#4648 = DIRECTION('',(0.996194698092,0.,8.715574274766E-02));
#4649 = DIRECTION('',(-0.,1.,0.));
#4650 = DEFINITIONAL_REPRESENTATION('',(#4651),#4655);
#4651 = LINE('',#4652,#4653);
#4652 = CARTESIAN_POINT('',(-13.41477057208,0.493717286705));
#4653 = VECTOR('',#4654,1.);
#4654 = DIRECTION('',(8.682659386425E-02,0.996223440097));
#4655 = ( GEOMETRIC_REPRESENTATION_CONTEXT(2) 
PARAMETRIC_REPRESENTATION_CONTEXT() REPRESENTATION_CONTEXT('2D SPACE',''
  ) );
#4656 = ORIENTED_EDGE('',*,*,#4657,.F.);
#4657 = EDGE_CURVE('',#1832,#4630,#4658,.T.);
#4658 = SURFACE_CURVE('',#4659,(#4665,#4694),.PCURVE_S1.);
#4659 = B_SPLINE_CURVE_WITH_KNOTS('',3,(#4660,#4661,#4662,#4663,#4664),
  .UNSPECIFIED.,.F.,.F.,(4,1,4),(-0.740989609687,0.105855658527,
    0.740989609687),.UNSPECIFIED.);
#4660 = CARTESIAN_POINT('',(5.913710035588,-7.705909166676,
    0.503960530961));
#4661 = CARTESIAN_POINT('',(6.520009322322,-7.705718351627,
    0.506141556957));
#4662 = CARTESIAN_POINT('',(7.587178510371,-7.196093501958,
    0.509262780466));
#4663 = CARTESIAN_POINT('',(7.955766055389,-6.118434500639,
    0.505596300458));
#4664 = CARTESIAN_POINT('',(7.955909166676,-5.663710035588,
    0.503960530961));
#4665 = PCURVE('',#1815,#4666);
#4666 = DEFINITIONAL_REPRESENTATION('',(#4667),#4693);
#4667 = B_SPLINE_CURVE_WITH_KNOTS('',3,(#4668,#4669,#4670,#4671,#4672,
    #4673,#4674,#4675,#4676,#4677,#4678,#4679,#4680,#4681,#4682,#4683,
    #4684,#4685,#4686,#4687,#4688,#4689,#4690,#4691,#4692),
  .UNSPECIFIED.,.F.,.F.,(4,1,1,1,1,1,1,1,1,1,1,1,1,1,1,1,1,1,1,1,1,1,4),
  (-0.740989609687,-0.673626917897,-0.606264226108,-0.538901534318,
    -0.471538842528,-0.404176150738,-0.336813458949,-0.269450767159,
    -0.202088075369,-0.134725383579,-6.736269178973E-02,
    -8.881784197001E-16,6.736269178973E-02,0.134725383579,0.202088075369
    ,0.269450767159,0.336813458949,0.404176150738,0.471538842528,
    0.538901534318,0.606264226108,0.673626917897,0.740989609687),
  .UNSPECIFIED.);
#4668 = CARTESIAN_POINT('',(5.501585242055,1.221442010194E-02));
#4669 = CARTESIAN_POINT('',(5.525026505719,8.200412249153E-03));
#4670 = CARTESIAN_POINT('',(5.571956665487,4.833187591822E-04));
#4671 = CARTESIAN_POINT('',(5.642524666922,-1.01319475429E-02));
#4672 = CARTESIAN_POINT('',(5.713309343581,-1.975923260962E-02));
#4673 = CARTESIAN_POINT('',(5.784305437473,-2.837092919599E-02));
#4674 = CARTESIAN_POINT('',(5.855484218255,-3.593942984351E-02));
#4675 = CARTESIAN_POINT('',(5.926796347264,-4.243712789022E-02));
#4676 = CARTESIAN_POINT('',(5.998181713704,-4.783641370149E-02));
#4677 = CARTESIAN_POINT('',(6.069577967021,-5.210968873682E-02));
#4678 = CARTESIAN_POINT('',(6.140929634826,-5.522931305185E-02));
#4679 = CARTESIAN_POINT('',(6.212196747516,-5.716780122356E-02));
#4680 = CARTESIAN_POINT('',(6.283363496359,-5.789709114748E-02));
#4681 = CARTESIAN_POINT('',(6.354444199972,-5.739127292351E-02));
#4682 = CARTESIAN_POINT('',(6.425495718058,-5.561640451551E-02));
#4683 = CARTESIAN_POINT('',(6.49659841115,-5.257404168529E-02));
#4684 = CARTESIAN_POINT('',(6.567776315991,-4.831419375226E-02));
#4685 = CARTESIAN_POINT('',(6.639019120521,-4.28773938366E-02));
#4686 = CARTESIAN_POINT('',(6.71028750738,-3.63067141984E-02));
#4687 = CARTESIAN_POINT('',(6.781523010892,-2.864454673721E-02));
#4688 = CARTESIAN_POINT('',(6.852657184907,-1.993346565494E-02));
#4689 = CARTESIAN_POINT('',(6.92362247391,-1.021599630453E-02));
#4690 = CARTESIAN_POINT('',(6.994358722794,4.653228675354E-04));
#4691 = CARTESIAN_POINT('',(7.041343036074,8.200412249154E-03));
#4692 = CARTESIAN_POINT('',(7.064785372304,1.221442010194E-02));
#4693 = ( GEOMETRIC_REPRESENTATION_CONTEXT(2) 
PARAMETRIC_REPRESENTATION_CONTEXT() REPRESENTATION_CONTEXT('2D SPACE',''
  ) );
#4694 = PCURVE('',#4695,#4716);
#4695 = B_SPLINE_SURFACE_WITH_KNOTS('',3,3,(
    (#4696,#4697,#4698,#4699,#4700)
    ,(#4701,#4702,#4703,#4704,#4705)
    ,(#4706,#4707,#4708,#4709,#4710)
    ,(#4711,#4712,#4713,#4714,#4715
    )),.UNSPECIFIED.,.F.,.F.,.F.,(4,4),(4,1,4),(0.,1.),(-0.740989609687,
    -0.105855658527,0.740989609687),.UNSPECIFIED.);
#4696 = CARTESIAN_POINT('',(7.955909166676,-5.663710035588,
    0.503960530961));
#4697 = CARTESIAN_POINT('',(7.955766055389,-6.118434500639,
    0.505596300458));
#4698 = CARTESIAN_POINT('',(7.587178510371,-7.196093501958,
    0.509262780466));
#4699 = CARTESIAN_POINT('',(6.520009322322,-7.705718351627,
    0.506141556957));
#4700 = CARTESIAN_POINT('',(5.913710035588,-7.705909166676,
    0.503960530961));
#4701 = CARTESIAN_POINT('',(7.593237907364,-5.648968713341,
    0.835973687307));
#4702 = CARTESIAN_POINT('',(7.590114514001,-6.026613942581,
    0.837064200306));
#4703 = CARTESIAN_POINT('',(7.280691058182,-6.914881291319,
    0.839508520311));
#4704 = CARTESIAN_POINT('',(6.402495685661,-7.339073382879,
    0.837427704638));
#4705 = CARTESIAN_POINT('',(5.898968713341,-7.343237907364,
    0.835973687307));
#4706 = CARTESIAN_POINT('',(7.230566648052,-5.634227391094,
    1.167986843654));
#4707 = CARTESIAN_POINT('',(7.224462972612,-5.934793384524,
    1.168532100153));
#4708 = CARTESIAN_POINT('',(6.974203605992,-6.63366908068,1.169754260155
    ));
#4709 = CARTESIAN_POINT('',(6.284982049001,-6.972428414132,
    1.168713852319));
#4710 = CARTESIAN_POINT('',(5.884227391094,-6.980566648052,
    1.167986843654));
#4711 = CARTESIAN_POINT('',(6.86789538874,-5.619486068847,1.5));
#4712 = CARTESIAN_POINT('',(6.858811431223,-5.842972826467,1.5));
#4713 = CARTESIAN_POINT('',(6.667716153803,-6.352456870042,1.5));
#4714 = CARTESIAN_POINT('',(6.16746841234,-6.605783445384,1.5));
#4715 = CARTESIAN_POINT('',(5.869486068847,-6.61789538874,1.5));
#4716 = DEFINITIONAL_REPRESENTATION('',(#4717),#4721);
#4717 = LINE('',#4718,#4719);
#4718 = CARTESIAN_POINT('',(-9.405698702258E-17,2.22044604925E-16));
#4719 = VECTOR('',#4720,1.);
#4720 = DIRECTION('',(-5.4619006798E-16,-1.));
#4721 = ( GEOMETRIC_REPRESENTATION_CONTEXT(2) 
PARAMETRIC_REPRESENTATION_CONTEXT() REPRESENTATION_CONTEXT('2D SPACE',''
  ) );
#4722 = ADVANCED_FACE('',(#4723),#1872,.T.);
#4723 = FACE_BOUND('',#4724,.T.);
#4724 = EDGE_LOOP('',(#4725,#4747,#4748,#4769));
#4725 = ORIENTED_EDGE('',*,*,#4726,.F.);
#4726 = EDGE_CURVE('',#1855,#4727,#4729,.T.);
#4727 = VERTEX_POINT('',#4728);
#4728 = CARTESIAN_POINT('',(5.826567873623,-6.618767004711,1.5));
#4729 = SURFACE_CURVE('',#4730,(#4734,#4740),.PCURVE_S1.);
#4730 = LINE('',#4731,#4732);
#4731 = CARTESIAN_POINT('',(5.826567873623,-7.705922747459,
    0.503805301908));
#4732 = VECTOR('',#4733,1.);
#4733 = DIRECTION('',(0.,0.73727733681,0.675590207616));
#4734 = PCURVE('',#1872,#4735);
#4735 = DEFINITIONAL_REPRESENTATION('',(#4736),#4739);
#4736 = B_SPLINE_CURVE_WITH_KNOTS('',1,(#4737,#4738),.UNSPECIFIED.,.F.,
  .F.,(2,2),(0.,1.47455467362),.PIECEWISE_BEZIER_KNOTS.);
#4737 = CARTESIAN_POINT('',(4.46730002773E-16,0.781600065124));
#4738 = CARTESIAN_POINT('',(1.,0.781600065124));
#4739 = ( GEOMETRIC_REPRESENTATION_CONTEXT(2) 
PARAMETRIC_REPRESENTATION_CONTEXT() REPRESENTATION_CONTEXT('2D SPACE',''
  ) );
#4740 = PCURVE('',#1912,#4741);
#4741 = DEFINITIONAL_REPRESENTATION('',(#4742),#4746);
#4742 = LINE('',#4743,#4744);
#4743 = CARTESIAN_POINT('',(1.826567873623,-0.73727733681));
#4744 = VECTOR('',#4745,1.);
#4745 = DIRECTION('',(0.,1.));
#4746 = ( GEOMETRIC_REPRESENTATION_CONTEXT(2) 
PARAMETRIC_REPRESENTATION_CONTEXT() REPRESENTATION_CONTEXT('2D SPACE',''
  ) );
#4747 = ORIENTED_EDGE('',*,*,#1854,.T.);
#4748 = ORIENTED_EDGE('',*,*,#4749,.F.);
#4749 = EDGE_CURVE('',#4750,#1832,#4752,.T.);
#4750 = VERTEX_POINT('',#4751);
#4751 = CARTESIAN_POINT('',(5.869486068847,-6.61789538874,1.5));
#4752 = SURFACE_CURVE('',#4753,(#4757,#4763),.PCURVE_S1.);
#4753 = LINE('',#4754,#4755);
#4754 = CARTESIAN_POINT('',(5.869486068847,-6.61789538874,1.5));
#4755 = VECTOR('',#4756,1.);
#4756 = DIRECTION('',(2.9967207064E-02,-0.737263899513,-0.674939929902)
  );
#4757 = PCURVE('',#1872,#4758);
#4758 = DEFINITIONAL_REPRESENTATION('',(#4759),#4762);
#4759 = B_SPLINE_CURVE_WITH_KNOTS('',1,(#4760,#4761),.UNSPECIFIED.,.F.,
  .F.,(2,2),(0.,1.475745358826),.PIECEWISE_BEZIER_KNOTS.);
#4760 = CARTESIAN_POINT('',(1.,0.740989609687));
#4761 = CARTESIAN_POINT('',(2.074674013093E-16,0.740989609687));
#4762 = ( GEOMETRIC_REPRESENTATION_CONTEXT(2) 
PARAMETRIC_REPRESENTATION_CONTEXT() REPRESENTATION_CONTEXT('2D SPACE',''
  ) );
#4763 = PCURVE('',#4695,#4764);
#4764 = DEFINITIONAL_REPRESENTATION('',(#4765),#4768);
#4765 = B_SPLINE_CURVE_WITH_KNOTS('',1,(#4766,#4767),.UNSPECIFIED.,.F.,
  .F.,(2,2),(0.,1.475745358826),.PIECEWISE_BEZIER_KNOTS.);
#4766 = CARTESIAN_POINT('',(1.,0.740989609687));
#4767 = CARTESIAN_POINT('',(6.000248016264E-16,0.740989609687));
#4768 = ( GEOMETRIC_REPRESENTATION_CONTEXT(2) 
PARAMETRIC_REPRESENTATION_CONTEXT() REPRESENTATION_CONTEXT('2D SPACE',''
  ) );
#4769 = ORIENTED_EDGE('',*,*,#4770,.T.);
#4770 = EDGE_CURVE('',#4750,#4727,#4771,.T.);
#4771 = SURFACE_CURVE('',#4772,(#4777,#4784),.PCURVE_S1.);
#4772 = B_SPLINE_CURVE_WITH_KNOTS('',3,(#4773,#4774,#4775,#4776),
  .UNSPECIFIED.,.F.,.F.,(4,4),(0.740989609687,0.781600065124),
  .PIECEWISE_BEZIER_KNOTS.);
#4773 = CARTESIAN_POINT('',(5.869486068847,-6.61789538874,1.5));
#4774 = CARTESIAN_POINT('',(5.855196328872,-6.618476216849,1.5));
#4775 = CARTESIAN_POINT('',(5.840886341095,-6.618767004711,1.5));
#4776 = CARTESIAN_POINT('',(5.826567873623,-6.618767004711,1.5));
#4777 = PCURVE('',#1872,#4778);
#4778 = DEFINITIONAL_REPRESENTATION('',(#4779),#4783);
#4779 = LINE('',#4780,#4781);
#4780 = CARTESIAN_POINT('',(1.,-1.221245327088E-15));
#4781 = VECTOR('',#4782,1.);
#4782 = DIRECTION('',(-1.640301266275E-14,1.));
#4783 = ( GEOMETRIC_REPRESENTATION_CONTEXT(2) 
PARAMETRIC_REPRESENTATION_CONTEXT() REPRESENTATION_CONTEXT('2D SPACE',''
  ) );
#4784 = PCURVE('',#4785,#4790);
#4785 = PLANE('',#4786);
#4786 = AXIS2_PLACEMENT_3D('',#4787,#4788,#4789);
#4787 = CARTESIAN_POINT('',(0.,0.,1.5));
#4788 = DIRECTION('',(0.,0.,1.));
#4789 = DIRECTION('',(1.,0.,-0.));
#4790 = DEFINITIONAL_REPRESENTATION('',(#4791),#4796);
#4791 = B_SPLINE_CURVE_WITH_KNOTS('',3,(#4792,#4793,#4794,#4795),
  .UNSPECIFIED.,.F.,.F.,(4,4),(0.740989609687,0.781600065124),
  .PIECEWISE_BEZIER_KNOTS.);
#4792 = CARTESIAN_POINT('',(5.869486068847,-6.61789538874));
#4793 = CARTESIAN_POINT('',(5.855196328872,-6.618476216849));
#4794 = CARTESIAN_POINT('',(5.840886341095,-6.618767004711));
#4795 = CARTESIAN_POINT('',(5.826567873623,-6.618767004711));
#4796 = ( GEOMETRIC_REPRESENTATION_CONTEXT(2) 
PARAMETRIC_REPRESENTATION_CONTEXT() REPRESENTATION_CONTEXT('2D SPACE',''
  ) );
#4797 = ADVANCED_FACE('',(#4798),#1912,.T.);
#4798 = FACE_BOUND('',#4799,.T.);
#4799 = EDGE_LOOP('',(#4800,#4822,#4823,#4824));
#4800 = ORIENTED_EDGE('',*,*,#4801,.T.);
#4801 = EDGE_CURVE('',#4802,#1897,#4804,.T.);
#4802 = VERTEX_POINT('',#4803);
#4803 = CARTESIAN_POINT('',(-5.826567873623,-6.618767004711,1.5));
#4804 = SURFACE_CURVE('',#4805,(#4809,#4816),.PCURVE_S1.);
#4805 = LINE('',#4806,#4807);
#4806 = CARTESIAN_POINT('',(-5.826567873623,-6.618767004711,1.5));
#4807 = VECTOR('',#4808,1.);
#4808 = DIRECTION('',(0.,-0.73727733681,-0.675590207616));
#4809 = PCURVE('',#1912,#4810);
#4810 = DEFINITIONAL_REPRESENTATION('',(#4811),#4815);
#4811 = LINE('',#4812,#4813);
#4812 = CARTESIAN_POINT('',(-9.826567873623,0.73727733681));
#4813 = VECTOR('',#4814,1.);
#4814 = DIRECTION('',(0.,-1.));
#4815 = ( GEOMETRIC_REPRESENTATION_CONTEXT(2) 
PARAMETRIC_REPRESENTATION_CONTEXT() REPRESENTATION_CONTEXT('2D SPACE',''
  ) );
#4816 = PCURVE('',#1942,#4817);
#4817 = DEFINITIONAL_REPRESENTATION('',(#4818),#4821);
#4818 = B_SPLINE_CURVE_WITH_KNOTS('',1,(#4819,#4820),.UNSPECIFIED.,.F.,
  .F.,(2,2),(0.,1.47455467362),.PIECEWISE_BEZIER_KNOTS.);
#4819 = CARTESIAN_POINT('',(1.,-0.781600065124));
#4820 = CARTESIAN_POINT('',(-8.892938736382E-16,-0.781600065124));
#4821 = ( GEOMETRIC_REPRESENTATION_CONTEXT(2) 
PARAMETRIC_REPRESENTATION_CONTEXT() REPRESENTATION_CONTEXT('2D SPACE',''
  ) );
#4822 = ORIENTED_EDGE('',*,*,#1896,.T.);
#4823 = ORIENTED_EDGE('',*,*,#4726,.T.);
#4824 = ORIENTED_EDGE('',*,*,#4825,.T.);
#4825 = EDGE_CURVE('',#4727,#4802,#4826,.T.);
#4826 = SURFACE_CURVE('',#4827,(#4831,#4838),.PCURVE_S1.);
#4827 = LINE('',#4828,#4829);
#4828 = CARTESIAN_POINT('',(4.,-6.618767004711,1.5));
#4829 = VECTOR('',#4830,1.);
#4830 = DIRECTION('',(-1.,0.,0.));
#4831 = PCURVE('',#1912,#4832);
#4832 = DEFINITIONAL_REPRESENTATION('',(#4833),#4837);
#4833 = LINE('',#4834,#4835);
#4834 = CARTESIAN_POINT('',(0.,0.73727733681));
#4835 = VECTOR('',#4836,1.);
#4836 = DIRECTION('',(-1.,0.));
#4837 = ( GEOMETRIC_REPRESENTATION_CONTEXT(2) 
PARAMETRIC_REPRESENTATION_CONTEXT() REPRESENTATION_CONTEXT('2D SPACE',''
  ) );
#4838 = PCURVE('',#4785,#4839);
#4839 = DEFINITIONAL_REPRESENTATION('',(#4840),#4844);
#4840 = LINE('',#4841,#4842);
#4841 = CARTESIAN_POINT('',(4.,-6.618767004711));
#4842 = VECTOR('',#4843,1.);
#4843 = DIRECTION('',(-1.,0.));
#4844 = ( GEOMETRIC_REPRESENTATION_CONTEXT(2) 
PARAMETRIC_REPRESENTATION_CONTEXT() REPRESENTATION_CONTEXT('2D SPACE',''
  ) );
#4845 = ADVANCED_FACE('',(#4846),#1942,.T.);
#4846 = FACE_BOUND('',#4847,.T.);
#4847 = EDGE_LOOP('',(#4848,#4890,#4891,#4892));
#4848 = ORIENTED_EDGE('',*,*,#4849,.F.);
#4849 = EDGE_CURVE('',#1925,#4850,#4852,.T.);
#4850 = VERTEX_POINT('',#4851);
#4851 = CARTESIAN_POINT('',(-5.869486068847,-6.61789538874,1.5));
#4852 = SURFACE_CURVE('',#4853,(#4857,#4863),.PCURVE_S1.);
#4853 = LINE('',#4854,#4855);
#4854 = CARTESIAN_POINT('',(-5.913710035588,-7.705909166676,
    0.503960530961));
#4855 = VECTOR('',#4856,1.);
#4856 = DIRECTION('',(2.9967207064E-02,0.737263899513,0.674939929902));
#4857 = PCURVE('',#1942,#4858);
#4858 = DEFINITIONAL_REPRESENTATION('',(#4859),#4862);
#4859 = B_SPLINE_CURVE_WITH_KNOTS('',1,(#4860,#4861),.UNSPECIFIED.,.F.,
  .F.,(2,2),(0.,1.475745358826),.PIECEWISE_BEZIER_KNOTS.);
#4860 = CARTESIAN_POINT('',(-4.102239805207E-16,-0.740989609687));
#4861 = CARTESIAN_POINT('',(1.,-0.740989609687));
#4862 = ( GEOMETRIC_REPRESENTATION_CONTEXT(2) 
PARAMETRIC_REPRESENTATION_CONTEXT() REPRESENTATION_CONTEXT('2D SPACE',''
  ) );
#4863 = PCURVE('',#4864,#4885);
#4864 = B_SPLINE_SURFACE_WITH_KNOTS('',3,3,(
    (#4865,#4866,#4867,#4868,#4869)
    ,(#4870,#4871,#4872,#4873,#4874)
    ,(#4875,#4876,#4877,#4878,#4879)
    ,(#4880,#4881,#4882,#4883,#4884
    )),.UNSPECIFIED.,.F.,.F.,.F.,(4,4),(4,1,4),(0.,1.),(-0.740989609687,
    -0.105855658527,0.740989609687),.UNSPECIFIED.);
#4865 = CARTESIAN_POINT('',(-5.913710035588,-7.705909166676,
    0.503960530961));
#4866 = CARTESIAN_POINT('',(-6.368434500639,-7.705766055389,
    0.505596300458));
#4867 = CARTESIAN_POINT('',(-7.446360185297,-7.337519437175,
    0.50927002956));
#4868 = CARTESIAN_POINT('',(-7.955718351627,-6.270009322322,
    0.506141556957));
#4869 = CARTESIAN_POINT('',(-7.955909166676,-5.663710035588,
    0.503960530961));
#4870 = CARTESIAN_POINT('',(-5.898968713341,-7.343237907364,
    0.835973687307));
#4871 = CARTESIAN_POINT('',(-6.276613942581,-7.340114514001,
    0.837064200306));
#4872 = CARTESIAN_POINT('',(-7.165093445293,-7.030957042193,
    0.83951335304));
#4873 = CARTESIAN_POINT('',(-7.589073382879,-6.152495685661,
    0.837427704638));
#4874 = CARTESIAN_POINT('',(-7.593237907364,-5.648968713341,
    0.835973687307));
#4875 = CARTESIAN_POINT('',(-5.884227391094,-6.980566648052,
    1.167986843654));
#4876 = CARTESIAN_POINT('',(-6.184793384524,-6.974462972612,
    1.168532100153));
#4877 = CARTESIAN_POINT('',(-6.883826705289,-6.724394647211,
    1.16975667652));
#4878 = CARTESIAN_POINT('',(-7.222428414132,-6.034982049001,
    1.168713852319));
#4879 = CARTESIAN_POINT('',(-7.230566648052,-5.634227391094,
    1.167986843654));
#4880 = CARTESIAN_POINT('',(-5.869486068847,-6.61789538874,1.5));
#4881 = CARTESIAN_POINT('',(-6.092972826467,-6.608811431223,1.5));
#4882 = CARTESIAN_POINT('',(-6.602559965285,-6.417832252229,1.5));
#4883 = CARTESIAN_POINT('',(-6.855783445385,-5.91746841234,1.5));
#4884 = CARTESIAN_POINT('',(-6.86789538874,-5.619486068847,1.5));
#4885 = DEFINITIONAL_REPRESENTATION('',(#4886),#4889);
#4886 = B_SPLINE_CURVE_WITH_KNOTS('',1,(#4887,#4888),.UNSPECIFIED.,.F.,
  .F.,(2,2),(0.,1.475745358826),.PIECEWISE_BEZIER_KNOTS.);
#4887 = CARTESIAN_POINT('',(-1.474488909765E-15,-0.740989609687));
#4888 = CARTESIAN_POINT('',(1.,-0.740989609687));
#4889 = ( GEOMETRIC_REPRESENTATION_CONTEXT(2) 
PARAMETRIC_REPRESENTATION_CONTEXT() REPRESENTATION_CONTEXT('2D SPACE',''
  ) );
#4890 = ORIENTED_EDGE('',*,*,#1924,.T.);
#4891 = ORIENTED_EDGE('',*,*,#4801,.F.);
#4892 = ORIENTED_EDGE('',*,*,#4893,.T.);
#4893 = EDGE_CURVE('',#4802,#4850,#4894,.T.);
#4894 = SURFACE_CURVE('',#4895,(#4900,#4907),.PCURVE_S1.);
#4895 = B_SPLINE_CURVE_WITH_KNOTS('',3,(#4896,#4897,#4898,#4899),
  .UNSPECIFIED.,.F.,.F.,(4,4),(-0.781600065124,-0.740989609687),
  .PIECEWISE_BEZIER_KNOTS.);
#4896 = CARTESIAN_POINT('',(-5.826567873623,-6.618767004711,1.5));
#4897 = CARTESIAN_POINT('',(-5.840886341096,-6.618767004711,1.5));
#4898 = CARTESIAN_POINT('',(-5.855196328872,-6.618476216849,1.5));
#4899 = CARTESIAN_POINT('',(-5.869486068847,-6.61789538874,1.5));
#4900 = PCURVE('',#1942,#4901);
#4901 = DEFINITIONAL_REPRESENTATION('',(#4902),#4906);
#4902 = LINE('',#4903,#4904);
#4903 = CARTESIAN_POINT('',(1.,2.22044604925E-16));
#4904 = VECTOR('',#4905,1.);
#4905 = DIRECTION('',(3.00721898817E-14,1.));
#4906 = ( GEOMETRIC_REPRESENTATION_CONTEXT(2) 
PARAMETRIC_REPRESENTATION_CONTEXT() REPRESENTATION_CONTEXT('2D SPACE',''
  ) );
#4907 = PCURVE('',#4785,#4908);
#4908 = DEFINITIONAL_REPRESENTATION('',(#4909),#4914);
#4909 = B_SPLINE_CURVE_WITH_KNOTS('',3,(#4910,#4911,#4912,#4913),
  .UNSPECIFIED.,.F.,.F.,(4,4),(-0.781600065124,-0.740989609687),
  .PIECEWISE_BEZIER_KNOTS.);
#4910 = CARTESIAN_POINT('',(-5.826567873623,-6.618767004711));
#4911 = CARTESIAN_POINT('',(-5.840886341096,-6.618767004711));
#4912 = CARTESIAN_POINT('',(-5.855196328872,-6.618476216849));
#4913 = CARTESIAN_POINT('',(-5.869486068847,-6.61789538874));
#4914 = ( GEOMETRIC_REPRESENTATION_CONTEXT(2) 
PARAMETRIC_REPRESENTATION_CONTEXT() REPRESENTATION_CONTEXT('2D SPACE',''
  ) );
#4915 = ADVANCED_FACE('',(#4916),#1982,.T.);
#4916 = FACE_BOUND('',#4917,.T.);
#4917 = EDGE_LOOP('',(#4918,#4919,#4966,#4994,#5022,#5070));
#4918 = ORIENTED_EDGE('',*,*,#1966,.T.);
#4919 = ORIENTED_EDGE('',*,*,#4920,.F.);
#4920 = EDGE_CURVE('',#4921,#1925,#4923,.T.);
#4921 = VERTEX_POINT('',#4922);
#4922 = CARTESIAN_POINT('',(-7.955909166676,-5.663710035588,
    0.503960530961));
#4923 = SURFACE_CURVE('',#4924,(#4930,#4959),.PCURVE_S1.);
#4924 = B_SPLINE_CURVE_WITH_KNOTS('',3,(#4925,#4926,#4927,#4928,#4929),
  .UNSPECIFIED.,.F.,.F.,(4,1,4),(-0.740989609687,0.105855658527,
    0.740989609687),.UNSPECIFIED.);
#4925 = CARTESIAN_POINT('',(-7.955909166676,-5.663710035588,
    0.503960530961));
#4926 = CARTESIAN_POINT('',(-7.955718351627,-6.270009322322,
    0.506141556957));
#4927 = CARTESIAN_POINT('',(-7.446360185297,-7.337519437175,
    0.50927002956));
#4928 = CARTESIAN_POINT('',(-6.368434500639,-7.705766055389,
    0.505596300458));
#4929 = CARTESIAN_POINT('',(-5.913710035588,-7.705909166676,
    0.503960530961));
#4930 = PCURVE('',#1982,#4931);
#4931 = DEFINITIONAL_REPRESENTATION('',(#4932),#4958);
#4932 = B_SPLINE_CURVE_WITH_KNOTS('',3,(#4933,#4934,#4935,#4936,#4937,
    #4938,#4939,#4940,#4941,#4942,#4943,#4944,#4945,#4946,#4947,#4948,
    #4949,#4950,#4951,#4952,#4953,#4954,#4955,#4956,#4957),
  .UNSPECIFIED.,.F.,.F.,(4,1,1,1,1,1,1,1,1,1,1,1,1,1,1,1,1,1,1,1,1,1,4),
  (-0.740989609687,-0.673626917897,-0.606264226108,-0.538901534318,
    -0.471538842528,-0.404176150738,-0.336813458949,-0.269450767159,
    -0.202088075369,-0.134725383579,-6.736269178973E-02,
    -8.881784197001E-16,6.736269178973E-02,0.134725383579,0.202088075369
    ,0.269450767159,0.336813458949,0.404176150738,0.471538842528,
    0.538901534318,0.606264226108,0.673626917897,0.740989609687),
  .UNSPECIFIED.);
#4933 = CARTESIAN_POINT('',(5.501585242055,-9.49222836412E-03));
#4934 = CARTESIAN_POINT('',(5.52502651162,-1.350623621691E-02));
#4935 = CARTESIAN_POINT('',(5.57195785476,-2.122365918763E-02));
#4936 = CARTESIAN_POINT('',(5.642530039775,-3.184023966865E-02));
#4937 = CARTESIAN_POINT('',(5.713320167148,-4.146949038758E-02));
#4938 = CARTESIAN_POINT('',(5.78432196073,-5.008363561521E-02));
#4939 = CARTESIAN_POINT('',(5.855505796493,-5.765489940753E-02));
#4940 = CARTESIAN_POINT('',(5.926821610471,-6.415550662195E-02));
#4941 = CARTESIAN_POINT('',(5.998208763989,-6.955767912504E-02));
#4942 = CARTESIAN_POINT('',(6.069604601802,-7.383364994524E-02));
#4943 = CARTESIAN_POINT('',(6.140953586479,-7.695561045441E-02));
#4944 = CARTESIAN_POINT('',(6.212215930339,-7.88959074888E-02));
#4945 = CARTESIAN_POINT('',(6.28337625224,-7.962630768377E-02));
#4946 = CARTESIAN_POINT('',(6.354449535825,-7.912074301376E-02));
#4947 = CARTESIAN_POINT('',(6.425493532819,-7.734506429782E-02));
#4948 = CARTESIAN_POINT('',(6.496589704752,-7.430083679243E-02));
#4949 = CARTESIAN_POINT('',(6.567762931572,-7.003837501877E-02));
#4950 = CARTESIAN_POINT('',(6.639003374392,-6.459845946652E-02));
#4951 = CARTESIAN_POINT('',(6.710271830173,-5.802442526141E-02));
#4952 = CARTESIAN_POINT('',(6.781509581947,-5.035892301639E-02));
#4953 = CARTESIAN_POINT('',(6.852647581805,-4.164478675942E-02));
#4954 = CARTESIAN_POINT('',(6.923617339426,-3.192480137132E-02));
#4955 = CARTESIAN_POINT('',(6.994357494979,-2.124176490637E-02));
#4956 = CARTESIAN_POINT('',(7.041343018727,-1.350623621691E-02));
#4957 = CARTESIAN_POINT('',(7.064785372304,-9.492228364121E-03));
#4958 = ( GEOMETRIC_REPRESENTATION_CONTEXT(2) 
PARAMETRIC_REPRESENTATION_CONTEXT() REPRESENTATION_CONTEXT('2D SPACE',''
  ) );
#4959 = PCURVE('',#4864,#4960);
#4960 = DEFINITIONAL_REPRESENTATION('',(#4961),#4965);
#4961 = LINE('',#4962,#4963);
#4962 = CARTESIAN_POINT('',(-7.376674416185E-16,3.330669073875E-16));
#4963 = VECTOR('',#4964,1.);
#4964 = DIRECTION('',(-9.943748988025E-16,-1.));
#4965 = ( GEOMETRIC_REPRESENTATION_CONTEXT(2) 
PARAMETRIC_REPRESENTATION_CONTEXT() REPRESENTATION_CONTEXT('2D SPACE',''
  ) );
#4966 = ORIENTED_EDGE('',*,*,#4967,.T.);
#4967 = EDGE_CURVE('',#4921,#4968,#4970,.T.);
#4968 = VERTEX_POINT('',#4969);
#4969 = CARTESIAN_POINT('',(-8.108994025525,-5.816794894437,
    -1.24580741244));
#4970 = SURFACE_CURVE('',#4971,(#4975,#4982),.PCURVE_S1.);
#4971 = LINE('',#4972,#4973);
#4972 = CARTESIAN_POINT('',(-7.955084988819,-5.662885857731,
    0.513380926974));
#4973 = VECTOR('',#4974,1.);
#4974 = DIRECTION('',(-8.682659386425E-02,-8.682659386425E-02,
    -0.992432509139));
#4975 = PCURVE('',#1982,#4976);
#4976 = DEFINITIONAL_REPRESENTATION('',(#4977),#4981);
#4977 = LINE('',#4978,#4979);
#4978 = CARTESIAN_POINT('',(5.501585242055,2.22044604925E-16));
#4979 = VECTOR('',#4980,1.);
#4980 = DIRECTION('',(5.03756592953E-16,-1.));
#4981 = ( GEOMETRIC_REPRESENTATION_CONTEXT(2) 
PARAMETRIC_REPRESENTATION_CONTEXT() REPRESENTATION_CONTEXT('2D SPACE',''
  ) );
#4982 = PCURVE('',#4983,#4988);
#4983 = PLANE('',#4984);
#4984 = AXIS2_PLACEMENT_3D('',#4985,#4986,#4987);
#4985 = CARTESIAN_POINT('',(-8.,-7.75,0.));
#4986 = DIRECTION('',(-0.996194698092,6.020555212185E-17,
    8.715574274766E-02));
#4987 = DIRECTION('',(-6.043552755016E-17,-1.,-4.622231866529E-33));
#4988 = DEFINITIONAL_REPRESENTATION('',(#4989),#4993);
#4989 = LINE('',#4990,#4991);
#4990 = CARTESIAN_POINT('',(-2.087114142269,0.515341958713));
#4991 = VECTOR('',#4992,1.);
#4992 = DIRECTION('',(8.682659386425E-02,-0.996223440097));
#4993 = ( GEOMETRIC_REPRESENTATION_CONTEXT(2) 
PARAMETRIC_REPRESENTATION_CONTEXT() REPRESENTATION_CONTEXT('2D SPACE',''
  ) );
#4994 = ORIENTED_EDGE('',*,*,#4995,.F.);
#4995 = EDGE_CURVE('',#4996,#4968,#4998,.T.);
#4996 = VERTEX_POINT('',#4997);
#4997 = CARTESIAN_POINT('',(-8.104170809143,-6.171454282837,-1.5));
#4998 = SURFACE_CURVE('',#4999,(#5004,#5010),.PCURVE_S1.);
#4999 = ELLIPSE('',#5000,2.92124429235,2.05);
#5000 = AXIS2_PLACEMENT_3D('',#5001,#5002,#5003);
#5001 = CARTESIAN_POINT('',(-6.177501612829,-5.92750161283,
    -2.689860266566));
#5002 = DIRECTION('',(-0.5,0.5,-0.707106781187));
#5003 = DIRECTION('',(0.370641151082,-0.614393108083,-0.696524404357));
#5004 = PCURVE('',#1982,#5005);
#5005 = DEFINITIONAL_REPRESENTATION('',(#5006),#5009);
#5006 = B_SPLINE_CURVE_WITH_KNOTS('',1,(#5007,#5008),.UNSPECIFIED.,.F.,
  .F.,(2,2),(2.067860520284,2.230216659353),.PIECEWISE_BEZIER_KNOTS.);
#5007 = CARTESIAN_POINT('',(5.663941381124,-2.05524656328));
#5008 = CARTESIAN_POINT('',(5.501585242055,-1.772602492577));
#5009 = ( GEOMETRIC_REPRESENTATION_CONTEXT(2) 
PARAMETRIC_REPRESENTATION_CONTEXT() REPRESENTATION_CONTEXT('2D SPACE',''
  ) );
#5010 = PCURVE('',#5011,#5016);
#5011 = PLANE('',#5012);
#5012 = AXIS2_PLACEMENT_3D('',#5013,#5014,#5015);
#5013 = CARTESIAN_POINT('',(-4.263122716472,-1.976852799572,-1.25));
#5014 = DIRECTION('',(-0.5,0.5,-0.707106781187));
#5015 = DIRECTION('',(-0.816496580928,0.,0.57735026919));
#5016 = DEFINITIONAL_REPRESENTATION('',(#5017),#5021);
#5017 = ELLIPSE('',#5018,2.92124429235,2.05);
#5018 = AXIS2_PLACEMENT_2D('',#5019,#5020);
#5019 = CARTESIAN_POINT('',(0.731780110979,-4.561816311615));
#5020 = DIRECTION('',(-0.704765784962,-0.70944005268));
#5021 = ( GEOMETRIC_REPRESENTATION_CONTEXT(2) 
PARAMETRIC_REPRESENTATION_CONTEXT() REPRESENTATION_CONTEXT('2D SPACE',''
  ) );
#5022 = ORIENTED_EDGE('',*,*,#5023,.T.);
#5023 = EDGE_CURVE('',#4996,#2019,#5024,.T.);
#5024 = SURFACE_CURVE('',#5025,(#5030,#5059),.PCURVE_S1.);
#5025 = ELLIPSE('',#5026,2.065631648623,2.05);
#5026 = AXIS2_PLACEMENT_3D('',#5027,#5028,#5029);
#5027 = CARTESIAN_POINT('',(-6.073402328325,-5.823402328325,-1.5));
#5028 = DIRECTION('',(0.,0.,1.));
#5029 = DIRECTION('',(-0.707106781187,-0.707106781187,0.));
#5030 = PCURVE('',#1982,#5031);
#5031 = DEFINITIONAL_REPRESENTATION('',(#5032),#5058);
#5032 = B_SPLINE_CURVE_WITH_KNOTS('',3,(#5033,#5034,#5035,#5036,#5037,
    #5038,#5039,#5040,#5041,#5042,#5043,#5044,#5045,#5046,#5047,#5048,
    #5049,#5050,#5051,#5052,#5053,#5054,#5055,#5056,#5057),
  .UNSPECIFIED.,.F.,.F.,(4,1,1,1,1,1,1,1,1,1,1,1,1,1,1,1,1,1,1,1,1,1,4),
  (5.663941381124,5.720236287079,5.776531193034,5.832826098989,
    5.889121004944,5.945415910899,6.001710816854,6.058005722809,
    6.114300628764,6.170595534719,6.226890440675,6.28318534663,
    6.339480252585,6.39577515854,6.452070064495,6.50836497045,
    6.564659876405,6.62095478236,6.677249688315,6.73354459427,
    6.789839500225,6.84613440618,6.902429312135),.QUASI_UNIFORM_KNOTS.);
#5033 = CARTESIAN_POINT('',(5.663941381124,-2.05524656328));
#5034 = CARTESIAN_POINT('',(5.682706349776,-2.058009296793));
#5035 = CARTESIAN_POINT('',(5.720236287079,-2.063315891357));
#5036 = CARTESIAN_POINT('',(5.776531193034,-2.070596328811));
#5037 = CARTESIAN_POINT('',(5.832826098989,-2.077173607115));
#5038 = CARTESIAN_POINT('',(5.889121004944,-2.083027058644));
#5039 = CARTESIAN_POINT('',(5.945415910899,-2.088138092199));
#5040 = CARTESIAN_POINT('',(6.001710816854,-2.092490526876));
#5041 = CARTESIAN_POINT('',(6.058005722809,-2.096070569656));
#5042 = CARTESIAN_POINT('',(6.114300628764,-2.098866878843));
#5043 = CARTESIAN_POINT('',(6.170595534719,-2.100870594711));
#5044 = CARTESIAN_POINT('',(6.226890440675,-2.102075368993));
#5045 = CARTESIAN_POINT('',(6.28318534663,-2.102477384609));
#5046 = CARTESIAN_POINT('',(6.339480252585,-2.102075367867));
#5047 = CARTESIAN_POINT('',(6.39577515854,-2.100870592462));
#5048 = CARTESIAN_POINT('',(6.452070064495,-2.098866875477));
#5049 = CARTESIAN_POINT('',(6.50836497045,-2.096070565185));
#5050 = CARTESIAN_POINT('',(6.564659876405,-2.092490521315));
#5051 = CARTESIAN_POINT('',(6.62095478236,-2.088138085564));
#5052 = CARTESIAN_POINT('',(6.677249688315,-2.083027050956));
#5053 = CARTESIAN_POINT('',(6.73354459427,-2.077173598399));
#5054 = CARTESIAN_POINT('',(6.789839500225,-2.070596319095));
#5055 = CARTESIAN_POINT('',(6.84613440618,-2.063315880671));
#5056 = CARTESIAN_POINT('',(6.883664343483,-2.058009285483));
#5057 = CARTESIAN_POINT('',(6.902429312135,-2.055246551665));
#5058 = ( GEOMETRIC_REPRESENTATION_CONTEXT(2) 
PARAMETRIC_REPRESENTATION_CONTEXT() REPRESENTATION_CONTEXT('2D SPACE',''
  ) );
#5059 = PCURVE('',#2515,#5060);
#5060 = DEFINITIONAL_REPRESENTATION('',(#5061),#5069);
#5061 = ( BOUNDED_CURVE() B_SPLINE_CURVE(2,(#5062,#5063,#5064,#5065,
#5066,#5067,#5068),.UNSPECIFIED.,.T.,.F.) B_SPLINE_CURVE_WITH_KNOTS((1,2
    ,2,2,2,1),(-2.094395102393,0.,2.094395102393,4.188790204786,
6.28318530718,8.377580409573),.UNSPECIFIED.) CURVE() 
GEOMETRIC_REPRESENTATION_ITEM() RATIONAL_B_SPLINE_CURVE((1.,0.5,1.,0.5,
1.,0.5,1.)) REPRESENTATION_ITEM('') );
#5062 = CARTESIAN_POINT('',(2.357807699498E-02,-2.357809354567E-02));
#5063 = CARTESIAN_POINT('',(2.534305063348,2.487148892807));
#5064 = CARTESIAN_POINT('',(3.469874789434,-0.959147819632));
#5065 = CARTESIAN_POINT('',(4.40544451552,-4.405444532071));
#5066 = CARTESIAN_POINT('',(0.959147803081,-3.469874805985));
#5067 = CARTESIAN_POINT('',(-2.487148909358,-2.534305079898));
#5068 = CARTESIAN_POINT('',(2.357807699498E-02,-2.357809354567E-02));
#5069 = ( GEOMETRIC_REPRESENTATION_CONTEXT(2) 
PARAMETRIC_REPRESENTATION_CONTEXT() REPRESENTATION_CONTEXT('2D SPACE',''
  ) );
#5070 = ORIENTED_EDGE('',*,*,#2018,.F.);
#5071 = ADVANCED_FACE('',(#5072),#2110,.F.);
#5072 = FACE_BOUND('',#5073,.F.);
#5073 = EDGE_LOOP('',(#5074,#5099,#5100,#5101,#5102,#5126,#5150,#5190));
#5074 = ORIENTED_EDGE('',*,*,#5075,.F.);
#5075 = EDGE_CURVE('',#2187,#5076,#5078,.T.);
#5076 = VERTEX_POINT('',#5077);
#5077 = CARTESIAN_POINT('',(-7.641584244905,-5.708867718598,
    -1.499999999771));
#5078 = SURFACE_CURVE('',#5079,(#5084,#5091),.PCURVE_S1.);
#5079 = B_SPLINE_CURVE_WITH_KNOTS('',3,(#5080,#5081,#5082,#5083),
  .UNSPECIFIED.,.F.,.F.,(4,4),(9.170740706394E-02,0.242286467768),
  .PIECEWISE_BEZIER_KNOTS.);
#5080 = CARTESIAN_POINT('',(-7.734872375809,-5.802155849502,-3.));
#5081 = CARTESIAN_POINT('',(-7.703764263922,-5.771047737616,
    -2.50000150123));
#5082 = CARTESIAN_POINT('',(-7.67266891715,-5.739952390844,
    -2.000001414228));
#5083 = CARTESIAN_POINT('',(-7.641584118939,-5.708867592633,
    -1.500000015548));
#5084 = PCURVE('',#2110,#5085);
#5085 = DEFINITIONAL_REPRESENTATION('',(#5086),#5090);
#5086 = LINE('',#5087,#5088);
#5087 = CARTESIAN_POINT('',(-5.046997606268E-15,5.551115123126E-17));
#5088 = VECTOR('',#5089,1.);
#5089 = DIRECTION('',(5.369134886045E-14,1.));
#5090 = ( GEOMETRIC_REPRESENTATION_CONTEXT(2) 
PARAMETRIC_REPRESENTATION_CONTEXT() REPRESENTATION_CONTEXT('2D SPACE',''
  ) );
#5091 = PCURVE('',#2483,#5092);
#5092 = DEFINITIONAL_REPRESENTATION('',(#5093),#5098);
#5093 = B_SPLINE_CURVE_WITH_KNOTS('',3,(#5094,#5095,#5096,#5097),
  .UNSPECIFIED.,.F.,.F.,(4,4),(9.170740706394E-02,0.242286467768),
  .PIECEWISE_BEZIER_KNOTS.);
#5094 = CARTESIAN_POINT('',(0.747466451565,0.));
#5095 = CARTESIAN_POINT('',(0.703472937835,0.49999849877));
#5096 = CARTESIAN_POINT('',(0.659497476703,0.999998585772));
#5097 = CARTESIAN_POINT('',(0.61553693349,1.499999984452));
#5098 = ( GEOMETRIC_REPRESENTATION_CONTEXT(2) 
PARAMETRIC_REPRESENTATION_CONTEXT() REPRESENTATION_CONTEXT('2D SPACE',''
  ) );
#5099 = ORIENTED_EDGE('',*,*,#2186,.F.);
#5100 = ORIENTED_EDGE('',*,*,#2094,.F.);
#5101 = ORIENTED_EDGE('',*,*,#3688,.F.);
#5102 = ORIENTED_EDGE('',*,*,#5103,.T.);
#5103 = EDGE_CURVE('',#3661,#5104,#5106,.T.);
#5104 = VERTEX_POINT('',#5105);
#5105 = CARTESIAN_POINT('',(-6.581758907211,-5.434761680503,
    -1.000000000001));
#5106 = SURFACE_CURVE('',#5107,(#5112,#5118),.PCURVE_S1.);
#5107 = B_SPLINE_CURVE_WITH_KNOTS('',3,(#5108,#5109,#5110,#5111),
  .UNSPECIFIED.,.F.,.F.,(4,4),(0.184125362576,0.192877000848),
  .PIECEWISE_BEZIER_KNOTS.);
#5108 = CARTESIAN_POINT('',(-6.574581120958,-5.430170516796,
    -0.912811281529));
#5109 = CARTESIAN_POINT('',(-6.577122903331,-5.431726654802,
    -0.941863724151));
#5110 = CARTESIAN_POINT('',(-6.579664653516,-5.433283757228,
    -0.970915701097));
#5111 = CARTESIAN_POINT('',(-6.582206293391,-5.434841846973,
    -0.999967191233));
#5112 = PCURVE('',#2110,#5113);
#5113 = DEFINITIONAL_REPRESENTATION('',(#5114),#5117);
#5114 = B_SPLINE_CURVE_WITH_KNOTS('',1,(#5115,#5116),.UNSPECIFIED.,.F.,
  .F.,(2,2),(0.184125362576,0.19287594442),.PIECEWISE_BEZIER_KNOTS.);
#5115 = CARTESIAN_POINT('',(0.754359509316,0.30911144032));
#5116 = CARTESIAN_POINT('',(0.752971748955,0.300354530969));
#5117 = ( GEOMETRIC_REPRESENTATION_CONTEXT(2) 
PARAMETRIC_REPRESENTATION_CONTEXT() REPRESENTATION_CONTEXT('2D SPACE',''
  ) );
#5118 = PCURVE('',#3676,#5119);
#5119 = DEFINITIONAL_REPRESENTATION('',(#5120),#5125);
#5120 = B_SPLINE_CURVE_WITH_KNOTS('',3,(#5121,#5122,#5123,#5124),
  .UNSPECIFIED.,.F.,.F.,(4,4),(0.184125362576,0.192877000848),
  .PIECEWISE_BEZIER_KNOTS.);
#5121 = CARTESIAN_POINT('',(-2.319829483204,-0.785104317888));
#5122 = CARTESIAN_POINT('',(-2.318273345198,-0.814267738126));
#5123 = CARTESIAN_POINT('',(-2.316716242772,-0.843430691653));
#5124 = CARTESIAN_POINT('',(-2.315158153027,-0.87259315061));
#5125 = ( GEOMETRIC_REPRESENTATION_CONTEXT(2) 
PARAMETRIC_REPRESENTATION_CONTEXT() REPRESENTATION_CONTEXT('2D SPACE',''
  ) );
#5126 = ORIENTED_EDGE('',*,*,#5127,.F.);
#5127 = EDGE_CURVE('',#5128,#5104,#5130,.T.);
#5128 = VERTEX_POINT('',#5129);
#5129 = CARTESIAN_POINT('',(-6.625371646285,-5.461610582654,
    -1.498495886887));
#5130 = SURFACE_CURVE('',#5131,(#5136,#5142),.PCURVE_S1.);
#5131 = B_SPLINE_CURVE_WITH_KNOTS('',3,(#5132,#5133,#5134,#5135),
  .UNSPECIFIED.,.F.,.F.,(4,4),(-0.151381382012,-0.101277693996),
  .PIECEWISE_BEZIER_KNOTS.);
#5132 = CARTESIAN_POINT('',(-6.625817873118,-5.461674397993,
    -1.498464144988));
#5133 = CARTESIAN_POINT('',(-6.611283154341,-5.45269925491,
    -1.332323601106));
#5134 = CARTESIAN_POINT('',(-6.596745457435,-5.443754572654,
    -1.166151145598));
#5135 = CARTESIAN_POINT('',(-6.582206293391,-5.434841846973,
    -0.999967191233));
#5136 = PCURVE('',#2110,#5137);
#5137 = DEFINITIONAL_REPRESENTATION('',(#5138),#5141);
#5138 = B_SPLINE_CURVE_WITH_KNOTS('',1,(#5139,#5140),.UNSPECIFIED.,.F.,
  .F.,(2,2),(-0.151380313332,-0.101277693996),.PIECEWISE_BEZIER_KNOTS.);
#5139 = CARTESIAN_POINT('',(0.745075150315,0.250261828769));
#5140 = CARTESIAN_POINT('',(0.752971581556,0.300353473793));
#5141 = ( GEOMETRIC_REPRESENTATION_CONTEXT(2) 
PARAMETRIC_REPRESENTATION_CONTEXT() REPRESENTATION_CONTEXT('2D SPACE',''
  ) );
#5142 = PCURVE('',#3676,#5143);
#5143 = DEFINITIONAL_REPRESENTATION('',(#5144),#5149);
#5144 = B_SPLINE_CURVE_WITH_KNOTS('',3,(#5145,#5146,#5147,#5148),
  .UNSPECIFIED.,.F.,.F.,(4,4),(-0.151381382012,-0.101277693996),
  .PIECEWISE_BEZIER_KNOTS.);
#5145 = CARTESIAN_POINT('',(-2.288325602007,-1.372994172578));
#5146 = CARTESIAN_POINT('',(-2.29730074509,-1.206219059414));
#5147 = CARTESIAN_POINT('',(-2.306245427346,-1.039411896498));
#5148 = CARTESIAN_POINT('',(-2.315158153027,-0.87259315061));
#5149 = ( GEOMETRIC_REPRESENTATION_CONTEXT(2) 
PARAMETRIC_REPRESENTATION_CONTEXT() REPRESENTATION_CONTEXT('2D SPACE',''
  ) );
#5150 = ORIENTED_EDGE('',*,*,#5151,.T.);
#5151 = EDGE_CURVE('',#5128,#5152,#5154,.T.);
#5152 = VERTEX_POINT('',#5153);
#5153 = CARTESIAN_POINT('',(-7.609824774518,-5.678464610027,
    -1.49999908014));
#5154 = SURFACE_CURVE('',#5155,(#5160,#5166),.PCURVE_S1.);
#5155 = B_SPLINE_CURVE_WITH_KNOTS('',3,(#5156,#5157,#5158,#5159),
  .UNSPECIFIED.,.F.,.F.,(4,4),(3.998023182607E-02,0.148168926604),
  .PIECEWISE_BEZIER_KNOTS.);
#5156 = CARTESIAN_POINT('',(-6.625371646128,-5.461610582704,
    -1.498495886887));
#5157 = CARTESIAN_POINT('',(-6.955410066825,-5.355922117315,
    -1.499055350761));
#5158 = CARTESIAN_POINT('',(-7.343902631123,-5.434791341518,
    -1.499968902561));
#5159 = CARTESIAN_POINT('',(-7.609824774518,-5.678464610027,
    -1.49999908014));
#5160 = PCURVE('',#2110,#5161);
#5161 = DEFINITIONAL_REPRESENTATION('',(#5162),#5165);
#5162 = B_SPLINE_CURVE_WITH_KNOTS('',1,(#5163,#5164),.UNSPECIFIED.,.F.,
  .F.,(2,2),(3.998023182607E-02,0.148168926604),
  .PIECEWISE_BEZIER_KNOTS.);
#5163 = CARTESIAN_POINT('',(0.745350169707,0.250260757132));
#5164 = CARTESIAN_POINT('',(2.976551002025E-02,0.242671534741));
#5165 = ( GEOMETRIC_REPRESENTATION_CONTEXT(2) 
PARAMETRIC_REPRESENTATION_CONTEXT() REPRESENTATION_CONTEXT('2D SPACE',''
  ) );
#5166 = PCURVE('',#5167,#5184);
#5167 = B_SPLINE_SURFACE_WITH_KNOTS('',3,3,(
    (#5168,#5169,#5170,#5171)
    ,(#5172,#5173,#5174,#5175)
    ,(#5176,#5177,#5178,#5179)
    ,(#5180,#5181,#5182,#5183
    )),.UNSPECIFIED.,.F.,.F.,.F.,(4,4),(4,4),(0.,1.),(-0.148168926604,
    -3.998023182607E-02),.PIECEWISE_BEZIER_KNOTS.);
#5168 = CARTESIAN_POINT('',(-7.609824774518,-5.678464610027,
    -1.49999908014));
#5169 = CARTESIAN_POINT('',(-7.343902631123,-5.434791341518,
    -1.499968902561));
#5170 = CARTESIAN_POINT('',(-6.955410066825,-5.355922117315,
    -1.499055350761));
#5171 = CARTESIAN_POINT('',(-6.625371646128,-5.461610582704,
    -1.498495886887));
#5172 = CARTESIAN_POINT('',(-7.727901965018,-5.560387419526,
    -1.333332720094));
#5173 = CARTESIAN_POINT('',(-7.423426235866,-5.270744273631,
    -1.333312601707));
#5174 = CARTESIAN_POINT('',(-6.967011370288,-5.167611330835,
    -1.332703567174));
#5175 = CARTESIAN_POINT('',(-6.574166259987,-5.289480901005,
    -1.332330591258));
#5176 = CARTESIAN_POINT('',(-7.845979155518,-5.442310229026,
    -1.166666360047));
#5177 = CARTESIAN_POINT('',(-7.502949840608,-5.106697205745,
    -1.166656300854));
#5178 = CARTESIAN_POINT('',(-6.978612673751,-4.979300544355,
    -1.166351783587));
#5179 = CARTESIAN_POINT('',(-6.522960873846,-5.117351219307,
    -1.166165295629));
#5180 = CARTESIAN_POINT('',(-7.964056346019,-5.324233038526,-1.));
#5181 = CARTESIAN_POINT('',(-7.582473445351,-4.942650137858,-1.));
#5182 = CARTESIAN_POINT('',(-6.990213977215,-4.790989757875,-1.));
#5183 = CARTESIAN_POINT('',(-6.471755487705,-4.945221537609,-1.));
#5184 = DEFINITIONAL_REPRESENTATION('',(#5185),#5189);
#5185 = LINE('',#5186,#5187);
#5186 = CARTESIAN_POINT('',(-4.352937385761E-15,1.110223024625E-16));
#5187 = VECTOR('',#5188,1.);
#5188 = DIRECTION('',(2.934970798304E-14,-1.));
#5189 = ( GEOMETRIC_REPRESENTATION_CONTEXT(2) 
PARAMETRIC_REPRESENTATION_CONTEXT() REPRESENTATION_CONTEXT('2D SPACE',''
  ) );
#5190 = ORIENTED_EDGE('',*,*,#5191,.T.);
#5191 = EDGE_CURVE('',#5152,#5076,#5192,.T.);
#5192 = SURFACE_CURVE('',#5193,(#5198,#5204),.PCURVE_S1.);
#5193 = B_SPLINE_CURVE_WITH_KNOTS('',3,(#5194,#5195,#5196,#5197),
  .UNSPECIFIED.,.F.,.F.,(4,4),(0.498391053235,0.502786611347),
  .PIECEWISE_BEZIER_KNOTS.);
#5194 = CARTESIAN_POINT('',(-7.609824774518,-5.678464610027,
    -1.49999908014));
#5195 = CARTESIAN_POINT('',(-7.620637539474,-5.688372704723,
    -1.500000307203));
#5196 = CARTESIAN_POINT('',(-7.631223815078,-5.698507288772,-1.5));
#5197 = CARTESIAN_POINT('',(-7.641584244905,-5.708867718598,-1.5));
#5198 = PCURVE('',#2110,#5199);
#5199 = DEFINITIONAL_REPRESENTATION('',(#5200),#5203);
#5200 = B_SPLINE_CURVE_WITH_KNOTS('',1,(#5201,#5202),.UNSPECIFIED.,.F.,
  .F.,(2,2),(0.498391053235,0.502786611347),.PIECEWISE_BEZIER_KNOTS.);
#5201 = CARTESIAN_POINT('',(2.976551002025E-02,0.242671534741));
#5202 = CARTESIAN_POINT('',(-1.214819768965E-07,0.242286467756));
#5203 = ( GEOMETRIC_REPRESENTATION_CONTEXT(2) 
PARAMETRIC_REPRESENTATION_CONTEXT() REPRESENTATION_CONTEXT('2D SPACE',''
  ) );
#5204 = PCURVE('',#5205,#5222);
#5205 = B_SPLINE_SURFACE_WITH_KNOTS('',3,3,(
    (#5206,#5207,#5208,#5209)
    ,(#5210,#5211,#5212,#5213)
    ,(#5214,#5215,#5216,#5217)
    ,(#5218,#5219,#5220,#5221
    )),.UNSPECIFIED.,.F.,.F.,.F.,(4,4),(4,4),(0.,1.),(-0.502786611347,
    -0.498391053235),.PIECEWISE_BEZIER_KNOTS.);
#5206 = CARTESIAN_POINT('',(-7.641584244905,-5.708867718598,-1.5));
#5207 = CARTESIAN_POINT('',(-7.631223815078,-5.698507288772,-1.5));
#5208 = CARTESIAN_POINT('',(-7.620637539474,-5.688372704723,
    -1.500000307203));
#5209 = CARTESIAN_POINT('',(-7.609824774518,-5.678464610027,
    -1.49999908014));
#5210 = CARTESIAN_POINT('',(-7.759435375102,-5.591016588401,
    -1.333333333333));
#5211 = CARTESIAN_POINT('',(-7.749074945276,-5.580656158575,
    -1.333333333333));
#5212 = CARTESIAN_POINT('',(-7.738563951598,-5.570446292599,
    -1.333333538135));
#5213 = CARTESIAN_POINT('',(-7.727901965018,-5.560387419526,
    -1.333332720094));
#5214 = CARTESIAN_POINT('',(-7.8772865053,-5.473165458203,
    -1.166666666667));
#5215 = CARTESIAN_POINT('',(-7.866926075473,-5.462805028377,
    -1.166666666667));
#5216 = CARTESIAN_POINT('',(-7.856490363721,-5.452519880476,
    -1.166666769068));
#5217 = CARTESIAN_POINT('',(-7.845979155518,-5.442310229026,
    -1.166666360047));
#5218 = CARTESIAN_POINT('',(-7.995137635498,-5.355314328005,-1.));
#5219 = CARTESIAN_POINT('',(-7.984777205671,-5.344953898179,-1.));
#5220 = CARTESIAN_POINT('',(-7.974416775845,-5.334593468352,-1.));
#5221 = CARTESIAN_POINT('',(-7.964056346019,-5.324233038526,-1.));
#5222 = DEFINITIONAL_REPRESENTATION('',(#5223),#5227);
#5223 = LINE('',#5224,#5225);
#5224 = CARTESIAN_POINT('',(-5.458303748401E-15,0.));
#5225 = VECTOR('',#5226,1.);
#5226 = DIRECTION('',(1.136296213586E-14,-1.));
#5227 = ( GEOMETRIC_REPRESENTATION_CONTEXT(2) 
PARAMETRIC_REPRESENTATION_CONTEXT() REPRESENTATION_CONTEXT('2D SPACE',''
  ) );
#5228 = ADVANCED_FACE('',(#5229),#2395,.T.);
#5229 = FACE_BOUND('',#5230,.T.);
#5230 = EDGE_LOOP('',(#5231,#5232,#5256,#5277));
#5231 = ORIENTED_EDGE('',*,*,#2527,.T.);
#5232 = ORIENTED_EDGE('',*,*,#5233,.T.);
#5233 = EDGE_CURVE('',#2500,#5234,#5236,.T.);
#5234 = VERTEX_POINT('',#5235);
#5235 = CARTESIAN_POINT('',(-7.67390413717,-8.279231880763,-1.5));
#5236 = SURFACE_CURVE('',#5237,(#5242,#5249),.PCURVE_S1.);
#5237 = CIRCLE('',#5238,0.75);
#5238 = AXIS2_PLACEMENT_3D('',#5239,#5240,#5241);
#5239 = CARTESIAN_POINT('',(-7.273194460746,-7.645251001541,-1.5));
#5240 = DIRECTION('',(0.,0.,-1.));
#5241 = DIRECTION('',(0.402220874971,-0.91554266298,0.));
#5242 = PCURVE('',#2395,#5243);
#5243 = DEFINITIONAL_REPRESENTATION('',(#5244),#5248);
#5244 = LINE('',#5245,#5246);
#5245 = CARTESIAN_POINT('',(12.566370614359,1.5));
#5246 = VECTOR('',#5247,1.);
#5247 = DIRECTION('',(-1.,0.));
#5248 = ( GEOMETRIC_REPRESENTATION_CONTEXT(2) 
PARAMETRIC_REPRESENTATION_CONTEXT() REPRESENTATION_CONTEXT('2D SPACE',''
  ) );
#5249 = PCURVE('',#2515,#5250);
#5250 = DEFINITIONAL_REPRESENTATION('',(#5251),#5255);
#5251 = CIRCLE('',#5252,0.75);
#5252 = AXIS2_PLACEMENT_2D('',#5253,#5254);
#5253 = CARTESIAN_POINT('',(0.284408090749,0.337648433495));
#5254 = DIRECTION('',(0.402220874971,0.91554266298));
#5255 = ( GEOMETRIC_REPRESENTATION_CONTEXT(2) 
PARAMETRIC_REPRESENTATION_CONTEXT() REPRESENTATION_CONTEXT('2D SPACE',''
  ) );
#5256 = ORIENTED_EDGE('',*,*,#5257,.T.);
#5257 = EDGE_CURVE('',#5234,#2375,#5258,.T.);
#5258 = SURFACE_CURVE('',#5259,(#5263,#5270),.PCURVE_S1.);
#5259 = LINE('',#5260,#5261);
#5260 = CARTESIAN_POINT('',(-7.67390413717,-8.279231880763,-3.));
#5261 = VECTOR('',#5262,1.);
#5262 = DIRECTION('',(0.,0.,-1.));
#5263 = PCURVE('',#2395,#5264);
#5264 = DEFINITIONAL_REPRESENTATION('',(#5265),#5269);
#5265 = LINE('',#5266,#5267);
#5266 = CARTESIAN_POINT('',(5.305588756534,0.));
#5267 = VECTOR('',#5268,1.);
#5268 = DIRECTION('',(0.,-1.));
#5269 = ( GEOMETRIC_REPRESENTATION_CONTEXT(2) 
PARAMETRIC_REPRESENTATION_CONTEXT() REPRESENTATION_CONTEXT('2D SPACE',''
  ) );
#5270 = PCURVE('',#2424,#5271);
#5271 = DEFINITIONAL_REPRESENTATION('',(#5272),#5276);
#5272 = LINE('',#5273,#5274);
#5273 = CARTESIAN_POINT('',(4.148733734119,0.));
#5274 = VECTOR('',#5275,1.);
#5275 = DIRECTION('',(0.,-1.));
#5276 = ( GEOMETRIC_REPRESENTATION_CONTEXT(2) 
PARAMETRIC_REPRESENTATION_CONTEXT() REPRESENTATION_CONTEXT('2D SPACE',''
  ) );
#5277 = ORIENTED_EDGE('',*,*,#2374,.T.);
#5278 = ADVANCED_FACE('',(#5279),#2424,.T.);
#5279 = FACE_BOUND('',#5280,.T.);
#5280 = EDGE_LOOP('',(#5281,#5304,#5305,#5306));
#5281 = ORIENTED_EDGE('',*,*,#5282,.F.);
#5282 = EDGE_CURVE('',#2408,#5283,#5285,.T.);
#5283 = VERTEX_POINT('',#5284);
#5284 = CARTESIAN_POINT('',(-8.529231781575,-7.423904294101,-1.5));
#5285 = SURFACE_CURVE('',#5286,(#5290,#5297),.PCURVE_S1.);
#5286 = LINE('',#5287,#5288);
#5287 = CARTESIAN_POINT('',(-8.529231781575,-7.423904294101,-3.));
#5288 = VECTOR('',#5289,1.);
#5289 = DIRECTION('',(0.,0.,1.));
#5290 = PCURVE('',#2424,#5291);
#5291 = DEFINITIONAL_REPRESENTATION('',(#5292),#5296);
#5292 = LINE('',#5293,#5294);
#5293 = CARTESIAN_POINT('',(3.705247967364,0.));
#5294 = VECTOR('',#5295,1.);
#5295 = DIRECTION('',(0.,1.));
#5296 = ( GEOMETRIC_REPRESENTATION_CONTEXT(2) 
PARAMETRIC_REPRESENTATION_CONTEXT() REPRESENTATION_CONTEXT('2D SPACE',''
  ) );
#5297 = PCURVE('',#2457,#5298);
#5298 = DEFINITIONAL_REPRESENTATION('',(#5299),#5303);
#5299 = LINE('',#5300,#5301);
#5300 = CARTESIAN_POINT('',(0.977596550645,0.));
#5301 = VECTOR('',#5302,1.);
#5302 = DIRECTION('',(0.,1.));
#5303 = ( GEOMETRIC_REPRESENTATION_CONTEXT(2) 
PARAMETRIC_REPRESENTATION_CONTEXT() REPRESENTATION_CONTEXT('2D SPACE',''
  ) );
#5304 = ORIENTED_EDGE('',*,*,#2407,.F.);
#5305 = ORIENTED_EDGE('',*,*,#5257,.F.);
#5306 = ORIENTED_EDGE('',*,*,#5307,.F.);
#5307 = EDGE_CURVE('',#5283,#5234,#5308,.T.);
#5308 = SURFACE_CURVE('',#5309,(#5314,#5321),.PCURVE_S1.);
#5309 = CIRCLE('',#5310,2.75);
#5310 = AXIS2_PLACEMENT_3D('',#5311,#5312,#5313);
#5311 = CARTESIAN_POINT('',(-6.204635323614,-5.954635323614,-1.5));
#5312 = DIRECTION('',(0.,0.,1.));
#5313 = DIRECTION('',(1.,0.,-0.));
#5314 = PCURVE('',#2424,#5315);
#5315 = DEFINITIONAL_REPRESENTATION('',(#5316),#5320);
#5316 = LINE('',#5317,#5318);
#5317 = CARTESIAN_POINT('',(-4.440892098501E-16,1.5));
#5318 = VECTOR('',#5319,1.);
#5319 = DIRECTION('',(1.,0.));
#5320 = ( GEOMETRIC_REPRESENTATION_CONTEXT(2) 
PARAMETRIC_REPRESENTATION_CONTEXT() REPRESENTATION_CONTEXT('2D SPACE',''
  ) );
#5321 = PCURVE('',#2515,#5322);
#5322 = DEFINITIONAL_REPRESENTATION('',(#5323),#5331);
#5323 = ( BOUNDED_CURVE() B_SPLINE_CURVE(2,(#5324,#5325,#5326,#5327,
#5328,#5329,#5330),.UNSPECIFIED.,.T.,.F.) B_SPLINE_CURVE_WITH_KNOTS((1,2
    ,2,2,2,1),(-2.094395102393,0.,2.094395102393,4.188790204786,
6.28318530718,8.377580409573),.UNSPECIFIED.) CURVE() 
GEOMETRIC_REPRESENTATION_ITEM() RATIONAL_B_SPLINE_CURVE((1.,0.5,1.,0.5,
1.,0.5,1.)) REPRESENTATION_ITEM('') );
#5324 = CARTESIAN_POINT('',(4.102967227881,-1.352967244432));
#5325 = CARTESIAN_POINT('',(4.102967227881,-6.116106965246));
#5326 = CARTESIAN_POINT('',(-2.203277211888E-02,-3.734537104839));
#5327 = CARTESIAN_POINT('',(-4.147032772119,-1.352967244432));
#5328 = CARTESIAN_POINT('',(-2.203277211888E-02,1.028602615975));
#5329 = CARTESIAN_POINT('',(4.102967227881,3.410172476383));
#5330 = CARTESIAN_POINT('',(4.102967227881,-1.352967244432));
#5331 = ( GEOMETRIC_REPRESENTATION_CONTEXT(2) 
PARAMETRIC_REPRESENTATION_CONTEXT() REPRESENTATION_CONTEXT('2D SPACE',''
  ) );
#5332 = ADVANCED_FACE('',(#5333),#2457,.T.);
#5333 = FACE_BOUND('',#5334,.T.);
#5334 = EDGE_LOOP('',(#5335,#5358,#5359,#5360));
#5335 = ORIENTED_EDGE('',*,*,#5336,.F.);
#5336 = EDGE_CURVE('',#2437,#5337,#5339,.T.);
#5337 = VERTEX_POINT('',#5338);
#5338 = CARTESIAN_POINT('',(-8.425581015293,-6.492864488987,-1.5));
#5339 = SURFACE_CURVE('',#5340,(#5344,#5351),.PCURVE_S1.);
#5340 = LINE('',#5341,#5342);
#5341 = CARTESIAN_POINT('',(-8.425581015293,-6.492864488987,-3.));
#5342 = VECTOR('',#5343,1.);
#5343 = DIRECTION('',(0.,0.,1.));
#5344 = PCURVE('',#2457,#5345);
#5345 = DEFINITIONAL_REPRESENTATION('',(#5346),#5350);
#5346 = LINE('',#5347,#5348);
#5347 = CARTESIAN_POINT('',(-0.371456926526,0.));
#5348 = VECTOR('',#5349,1.);
#5349 = DIRECTION('',(0.,1.));
#5350 = ( GEOMETRIC_REPRESENTATION_CONTEXT(2) 
PARAMETRIC_REPRESENTATION_CONTEXT() REPRESENTATION_CONTEXT('2D SPACE',''
  ) );
#5351 = PCURVE('',#2483,#5352);
#5352 = DEFINITIONAL_REPRESENTATION('',(#5353),#5357);
#5353 = LINE('',#5354,#5355);
#5354 = CARTESIAN_POINT('',(1.724275977173,0.));
#5355 = VECTOR('',#5356,1.);
#5356 = DIRECTION('',(0.,1.));
#5357 = ( GEOMETRIC_REPRESENTATION_CONTEXT(2) 
PARAMETRIC_REPRESENTATION_CONTEXT() REPRESENTATION_CONTEXT('2D SPACE',''
  ) );
#5358 = ORIENTED_EDGE('',*,*,#2436,.T.);
#5359 = ORIENTED_EDGE('',*,*,#5282,.T.);
#5360 = ORIENTED_EDGE('',*,*,#5361,.T.);
#5361 = EDGE_CURVE('',#5283,#5337,#5362,.T.);
#5362 = SURFACE_CURVE('',#5363,(#5368,#5375),.PCURVE_S1.);
#5363 = CIRCLE('',#5364,0.75);
#5364 = AXIS2_PLACEMENT_3D('',#5365,#5366,#5367);
#5365 = CARTESIAN_POINT('',(-7.895250929404,-7.023194574877,-1.5));
#5366 = DIRECTION('',(0.,0.,-1.));
#5367 = DIRECTION('',(-0.915542690134,0.402220813164,0.));
#5368 = PCURVE('',#2457,#5369);
#5369 = DEFINITIONAL_REPRESENTATION('',(#5370),#5374);
#5370 = LINE('',#5371,#5372);
#5371 = CARTESIAN_POINT('',(6.28318530718,1.5));
#5372 = VECTOR('',#5373,1.);
#5373 = DIRECTION('',(-1.,0.));
#5374 = ( GEOMETRIC_REPRESENTATION_CONTEXT(2) 
PARAMETRIC_REPRESENTATION_CONTEXT() REPRESENTATION_CONTEXT('2D SPACE',''
  ) );
#5375 = PCURVE('',#2515,#5376);
#5376 = DEFINITIONAL_REPRESENTATION('',(#5377),#5381);
#5377 = CIRCLE('',#5378,0.75);
#5378 = AXIS2_PLACEMENT_2D('',#5379,#5380);
#5379 = CARTESIAN_POINT('',(-0.337648377909,-0.284407993168));
#5380 = DIRECTION('',(-0.915542690134,-0.402220813164));
#5381 = ( GEOMETRIC_REPRESENTATION_CONTEXT(2) 
PARAMETRIC_REPRESENTATION_CONTEXT() REPRESENTATION_CONTEXT('2D SPACE',''
  ) );
#5382 = ADVANCED_FACE('',(#5383),#2483,.T.);
#5383 = FACE_BOUND('',#5384,.T.);
#5384 = EDGE_LOOP('',(#5385,#5406,#5407,#5408,#5409));
#5385 = ORIENTED_EDGE('',*,*,#5386,.F.);
#5386 = EDGE_CURVE('',#5076,#4996,#5387,.T.);
#5387 = SURFACE_CURVE('',#5388,(#5392,#5399),.PCURVE_S1.);
#5388 = LINE('',#5389,#5390);
#5389 = CARTESIAN_POINT('',(-4.086346021175,-2.153629494869,-1.5));
#5390 = VECTOR('',#5391,1.);
#5391 = DIRECTION('',(-0.707106781187,-0.707106781187,0.));
#5392 = PCURVE('',#2483,#5393);
#5393 = DEFINITIONAL_REPRESENTATION('',(#5394),#5398);
#5394 = LINE('',#5395,#5396);
#5395 = CARTESIAN_POINT('',(-4.412329001833,1.5));
#5396 = VECTOR('',#5397,1.);
#5397 = DIRECTION('',(1.,0.));
#5398 = ( GEOMETRIC_REPRESENTATION_CONTEXT(2) 
PARAMETRIC_REPRESENTATION_CONTEXT() REPRESENTATION_CONTEXT('2D SPACE',''
  ) );
#5399 = PCURVE('',#5011,#5400);
#5400 = DEFINITIONAL_REPRESENTATION('',(#5401),#5405);
#5401 = LINE('',#5402,#5403);
#5402 = CARTESIAN_POINT('',(-0.288675134595,-0.204124145232));
#5403 = VECTOR('',#5404,1.);
#5404 = DIRECTION('',(0.57735026919,-0.816496580928));
#5405 = ( GEOMETRIC_REPRESENTATION_CONTEXT(2) 
PARAMETRIC_REPRESENTATION_CONTEXT() REPRESENTATION_CONTEXT('2D SPACE',''
  ) );
#5406 = ORIENTED_EDGE('',*,*,#5075,.F.);
#5407 = ORIENTED_EDGE('',*,*,#2469,.F.);
#5408 = ORIENTED_EDGE('',*,*,#5336,.T.);
#5409 = ORIENTED_EDGE('',*,*,#5410,.F.);
#5410 = EDGE_CURVE('',#4996,#5337,#5411,.T.);
#5411 = SURFACE_CURVE('',#5412,(#5416,#5423),.PCURVE_S1.);
#5412 = LINE('',#5413,#5414);
#5413 = CARTESIAN_POINT('',(-8.425581015293,-6.492864488987,-1.5));
#5414 = VECTOR('',#5415,1.);
#5415 = DIRECTION('',(-0.707106781187,-0.707106781187,0.));
#5416 = PCURVE('',#2483,#5417);
#5417 = DEFINITIONAL_REPRESENTATION('',(#5418),#5422);
#5418 = LINE('',#5419,#5420);
#5419 = CARTESIAN_POINT('',(1.724275977173,1.5));
#5420 = VECTOR('',#5421,1.);
#5421 = DIRECTION('',(1.,0.));
#5422 = ( GEOMETRIC_REPRESENTATION_CONTEXT(2) 
PARAMETRIC_REPRESENTATION_CONTEXT() REPRESENTATION_CONTEXT('2D SPACE',''
  ) );
#5423 = PCURVE('',#2515,#5424);
#5424 = DEFINITIONAL_REPRESENTATION('',(#5425),#5429);
#5425 = LINE('',#5426,#5427);
#5426 = CARTESIAN_POINT('',(-0.867978463798,-0.814738079058));
#5427 = VECTOR('',#5428,1.);
#5428 = DIRECTION('',(-0.707106781187,0.707106781187));
#5429 = ( GEOMETRIC_REPRESENTATION_CONTEXT(2) 
PARAMETRIC_REPRESENTATION_CONTEXT() REPRESENTATION_CONTEXT('2D SPACE',''
  ) );
#5430 = ADVANCED_FACE('',(#5431),#2515,.F.);
#5431 = FACE_BOUND('',#5432,.T.);
#5432 = EDGE_LOOP('',(#5433,#5434,#5435,#5436,#5437,#5438));
#5433 = ORIENTED_EDGE('',*,*,#5361,.F.);
#5434 = ORIENTED_EDGE('',*,*,#5307,.T.);
#5435 = ORIENTED_EDGE('',*,*,#5233,.F.);
#5436 = ORIENTED_EDGE('',*,*,#2499,.T.);
#5437 = ORIENTED_EDGE('',*,*,#5023,.F.);
#5438 = ORIENTED_EDGE('',*,*,#5410,.T.);
#5439 = ADVANCED_FACE('',(#5440),#2625,.F.);
#5440 = FACE_BOUND('',#5441,.T.);
#5441 = EDGE_LOOP('',(#5442,#5443,#5444));
#5442 = ORIENTED_EDGE('',*,*,#3959,.F.);
#5443 = ORIENTED_EDGE('',*,*,#2606,.F.);
#5444 = ORIENTED_EDGE('',*,*,#5445,.F.);
#5445 = EDGE_CURVE('',#3938,#2607,#5446,.T.);
#5446 = SURFACE_CURVE('',#5447,(#5451,#5458),.PCURVE_S1.);
#5447 = LINE('',#5448,#5449);
#5448 = CARTESIAN_POINT('',(-4.,5.327939069668,0.));
#5449 = VECTOR('',#5450,1.);
#5450 = DIRECTION('',(-1.,4.987329993433E-17,0.));
#5451 = PCURVE('',#2625,#5452);
#5452 = DEFINITIONAL_REPRESENTATION('',(#5453),#5457);
#5453 = LINE('',#5454,#5455);
#5454 = CARTESIAN_POINT('',(-4.,5.327939069668));
#5455 = VECTOR('',#5456,1.);
#5456 = DIRECTION('',(-1.,4.987329993433E-17));
#5457 = ( GEOMETRIC_REPRESENTATION_CONTEXT(2) 
PARAMETRIC_REPRESENTATION_CONTEXT() REPRESENTATION_CONTEXT('2D SPACE',''
  ) );
#5458 = PCURVE('',#3130,#5459);
#5459 = DEFINITIONAL_REPRESENTATION('',(#5460),#5464);
#5460 = LINE('',#5461,#5462);
#5461 = CARTESIAN_POINT('',(0.741764932098,0.));
#5462 = VECTOR('',#5463,1.);
#5463 = DIRECTION('',(0.,-1.));
#5464 = ( GEOMETRIC_REPRESENTATION_CONTEXT(2) 
PARAMETRIC_REPRESENTATION_CONTEXT() REPRESENTATION_CONTEXT('2D SPACE',''
  ) );
#5465 = ADVANCED_FACE('',(#5466),#3130,.F.);
#5466 = FACE_BOUND('',#5467,.F.);
#5467 = EDGE_LOOP('',(#5468,#5469,#5516,#5611,#5639,#5734,#5779,#5780,
    #5801,#5802,#5830,#5856,#5857));
#5468 = ORIENTED_EDGE('',*,*,#3937,.F.);
#5469 = ORIENTED_EDGE('',*,*,#5470,.T.);
#5470 = EDGE_CURVE('',#3886,#5471,#5473,.T.);
#5471 = VERTEX_POINT('',#5472);
#5472 = CARTESIAN_POINT('',(5.814508316529,5.964388178272,
    -0.228681298358));
#5473 = SURFACE_CURVE('',#5474,(#5481,#5487),.PCURVE_S1.);
#5474 = B_SPLINE_CURVE_WITH_KNOTS('',3,(#5475,#5476,#5477,#5478,#5479,
    #5480),.UNSPECIFIED.,.F.,.F.,(4,2,4),(0.2408387158,0.251891265896,
    0.271675721612),.UNSPECIFIED.);
#5475 = CARTESIAN_POINT('',(5.996642206389,5.746642211576,
    -9.187683712174E-02));
#5476 = CARTESIAN_POINT('',(5.973138879991,5.771567432295,
    -0.103368965783));
#5477 = CARTESIAN_POINT('',(5.950277830968,5.796841338147,
    -0.116259970268));
#5478 = CARTESIAN_POINT('',(5.888420590218,5.868196899535,
    -0.156853734673));
#5479 = CARTESIAN_POINT('',(5.849424426795,5.916880851467,-0.18948091053
    ));
#5480 = CARTESIAN_POINT('',(5.814508319948,5.964388177429,
    -0.228681302425));
#5481 = PCURVE('',#3130,#5482);
#5482 = DEFINITIONAL_REPRESENTATION('',(#5483),#5486);
#5483 = B_SPLINE_CURVE_WITH_KNOTS('',1,(#5484,#5485),.UNSPECIFIED.,.F.,
  .F.,(2,2),(0.2408387158,0.271675721612),.PIECEWISE_BEZIER_KNOTS.);
#5484 = CARTESIAN_POINT('',(0.309748147068,9.996642206389));
#5485 = CARTESIAN_POINT('',(5.187912433783E-02,9.814508319948));
#5486 = ( GEOMETRIC_REPRESENTATION_CONTEXT(2) 
PARAMETRIC_REPRESENTATION_CONTEXT() REPRESENTATION_CONTEXT('2D SPACE',''
  ) );
#5487 = PCURVE('',#3903,#5488);
#5488 = DEFINITIONAL_REPRESENTATION('',(#5489),#5515);
#5489 = B_SPLINE_CURVE_WITH_KNOTS('',3,(#5490,#5491,#5492,#5493,#5494,
    #5495,#5496,#5497,#5498,#5499,#5500,#5501,#5502,#5503,#5504,#5505,
    #5506,#5507,#5508,#5509,#5510,#5511,#5512,#5513,#5514),
  .UNSPECIFIED.,.F.,.F.,(4,1,1,1,1,1,1,1,1,1,1,1,1,1,1,1,1,1,1,1,1,1,4),
  (0.2408387158,0.242240397883,0.243642079965,0.245043762048,
    0.24644544413,0.247847126212,0.249248808295,0.250650490377,
    0.252052172459,0.253453854542,0.254855536624,0.256257218706,
    0.257658900789,0.259060582871,0.260462264954,0.261863947036,
    0.263265629118,0.264667311201,0.266068993283,0.267470675365,
    0.268872357448,0.27027403953,0.271675721612),.QUASI_UNIFORM_KNOTS.);
#5490 = CARTESIAN_POINT('',(3.926990812925,2.908123162878));
#5491 = CARTESIAN_POINT('',(3.925564194231,2.906665733466));
#5492 = CARTESIAN_POINT('',(3.922712791857,2.903705876098));
#5493 = CARTESIAN_POINT('',(3.918441339934,2.899127922362));
#5494 = CARTESIAN_POINT('',(3.914175676604,2.894408613534));
#5495 = CARTESIAN_POINT('',(3.909915972547,2.889544815957));
#5496 = CARTESIAN_POINT('',(3.905662269804,2.884533191421));
#5497 = CARTESIAN_POINT('',(3.901415087693,2.879371161294));
#5498 = CARTESIAN_POINT('',(3.897173161347,2.874053308335));
#5499 = CARTESIAN_POINT('',(3.892941881495,2.868584805326));
#5500 = CARTESIAN_POINT('',(3.888700840549,2.862929782866));
#5501 = CARTESIAN_POINT('',(3.884444058516,2.857073166157));
#5502 = CARTESIAN_POINT('',(3.88017764614,2.851019137384));
#5503 = CARTESIAN_POINT('',(3.875904482488,2.844766698309));
#5504 = CARTESIAN_POINT('',(3.871628320044,2.838316218135));
#5505 = CARTESIAN_POINT('',(3.867352684181,2.831667678932));
#5506 = CARTESIAN_POINT('',(3.863081167461,2.824821145741));
#5507 = CARTESIAN_POINT('',(3.858817350173,2.817776640621));
#5508 = CARTESIAN_POINT('',(3.854564821018,2.81053417646));
#5509 = CARTESIAN_POINT('',(3.850327170974,2.803093747985));
#5510 = CARTESIAN_POINT('',(3.846107994341,2.795455334444));
#5511 = CARTESIAN_POINT('',(3.841910887959,2.787618898598));
#5512 = CARTESIAN_POINT('',(3.837739450713,2.779584389027));
#5513 = CARTESIAN_POINT('',(3.834978006154,2.774095951723));
#5514 = CARTESIAN_POINT('',(3.833602762375,2.771318697575));
#5515 = ( GEOMETRIC_REPRESENTATION_CONTEXT(2) 
PARAMETRIC_REPRESENTATION_CONTEXT() REPRESENTATION_CONTEXT('2D SPACE',''
  ) );
#5516 = ORIENTED_EDGE('',*,*,#5517,.T.);
#5517 = EDGE_CURVE('',#5471,#5518,#5520,.T.);
#5518 = VERTEX_POINT('',#5519);
#5519 = CARTESIAN_POINT('',(5.680087574336,6.324133767759,
    -0.912844257252));
#5520 = SURFACE_CURVE('',#5521,(#5532,#5561),.PCURVE_S1.);
#5521 = B_SPLINE_CURVE_WITH_KNOTS('',3,(#5522,#5523,#5524,#5525,#5526,
    #5527,#5528,#5529,#5530,#5531),.UNSPECIFIED.,.F.,.F.,(4,2,2,2,4),(
    -0.169519084532,-0.150915624607,-0.120082910986,-9.884201403624E-02,
    -8.776506105571E-02),.UNSPECIFIED.);
#5522 = CARTESIAN_POINT('',(5.814508317128,5.964388181265,-0.22868130559
    ));
#5523 = CARTESIAN_POINT('',(5.783974692852,6.005932642522,
    -0.262961474928));
#5524 = CARTESIAN_POINT('',(5.7597150299,6.046751348102,-0.302306648702)
  );
#5525 = CARTESIAN_POINT('',(5.70870365244,6.148943316061,-0.420797387327
    ));
#5526 = CARTESIAN_POINT('',(5.691730660122,6.203662655118,
    -0.506397488884));
#5527 = CARTESIAN_POINT('',(5.677203247252,6.272918077589,
    -0.665314125679));
#5528 = CARTESIAN_POINT('',(5.675374248494,6.294342467616,
    -0.733333999389));
#5529 = CARTESIAN_POINT('',(5.676836372179,6.315637012327,
    -0.839298010718));
#5530 = CARTESIAN_POINT('',(5.678112714088,6.320910005869,
    -0.875996490232));
#5531 = CARTESIAN_POINT('',(5.680087574336,6.324133767759,
    -0.912844257252));
#5532 = PCURVE('',#3130,#5533);
#5533 = DEFINITIONAL_REPRESENTATION('',(#5534),#5560);
#5534 = B_SPLINE_CURVE_WITH_KNOTS('',3,(#5535,#5536,#5537,#5538,#5539,
    #5540,#5541,#5542,#5543,#5544,#5545,#5546,#5547,#5548,#5549,#5550,
    #5551,#5552,#5553,#5554,#5555,#5556,#5557,#5558,#5559),
  .UNSPECIFIED.,.F.,.F.,(4,1,1,1,1,1,1,1,1,1,1,1,1,1,1,1,1,1,1,1,1,1,4),
  (-0.169519084532,-0.165802992555,-0.162086900579,-0.158370808603,
    -0.154654716627,-0.150938624651,-0.147222532674,-0.143506440698,
    -0.139790348722,-0.136074256746,-0.13235816477,-0.128642072794,
    -0.124925980817,-0.121209888841,-0.117493796865,-0.113777704889,
    -0.110061612913,-0.106345520937,-0.10262942896,-9.891333698423E-02,
    -9.519724500806E-02,-9.148115303189E-02,-8.776506105571E-02),
  .QUASI_UNIFORM_KNOTS.);
#5535 = CARTESIAN_POINT('',(5.18791193643E-02,9.814508317128));
#5536 = CARTESIAN_POINT('',(4.111980810886E-02,9.808409142209));
#5537 = CARTESIAN_POINT('',(1.938962482784E-02,9.796711432281));
#5538 = CARTESIAN_POINT('',(-1.382389427403E-02,9.780609227273));
#5539 = CARTESIAN_POINT('',(-4.76429145786E-02,9.765892501377));
#5540 = CARTESIAN_POINT('',(-8.204176007454E-02,9.752506997069));
#5541 = CARTESIAN_POINT('',(-0.117066559649,9.74038128477));
#5542 = CARTESIAN_POINT('',(-0.152514771758,9.729507999862));
#5543 = CARTESIAN_POINT('',(-0.188165946897,9.719871896416));
#5544 = CARTESIAN_POINT('',(-0.224064617182,9.711390875864));
#5545 = CARTESIAN_POINT('',(-0.260185481931,9.704000751093));
#5546 = CARTESIAN_POINT('',(-0.296523448392,9.697632532453));
#5547 = CARTESIAN_POINT('',(-0.333070389869,9.692218528993));
#5548 = CARTESIAN_POINT('',(-0.369820192543,9.6876906575));
#5549 = CARTESIAN_POINT('',(-0.406773883009,9.683981105107));
#5550 = CARTESIAN_POINT('',(-0.443916075331,9.681021369831));
#5551 = CARTESIAN_POINT('',(-0.481066019876,9.678787326523));
#5552 = CARTESIAN_POINT('',(-0.518256489345,9.677233721168));
#5553 = CARTESIAN_POINT('',(-0.555475428274,9.676319332606));
#5554 = CARTESIAN_POINT('',(-0.592720853317,9.676002390485));
#5555 = CARTESIAN_POINT('',(-0.629996505737,9.676239288365));
#5556 = CARTESIAN_POINT('',(-0.66727626398,9.676994313347));
#5557 = CARTESIAN_POINT('',(-0.704531231397,9.678257302728));
#5558 = CARTESIAN_POINT('',(-0.729356032355,9.679425048746));
#5559 = CARTESIAN_POINT('',(-0.741764932098,9.680087574336));
#5560 = ( GEOMETRIC_REPRESENTATION_CONTEXT(2) 
PARAMETRIC_REPRESENTATION_CONTEXT() REPRESENTATION_CONTEXT('2D SPACE',''
  ) );
#5561 = PCURVE('',#5562,#5583);
#5562 = B_SPLINE_SURFACE_WITH_KNOTS('',3,3,(
    (#5563,#5564,#5565,#5566)
    ,(#5567,#5568,#5569,#5570)
    ,(#5571,#5572,#5573,#5574)
    ,(#5575,#5576,#5577,#5578)
    ,(#5579,#5580,#5581,#5582
  )),.UNSPECIFIED.,.F.,.F.,.F.,(4,1,4),(4,4),(0.,0.571428571429,1.),(
    9.170739409077E-02,0.378657642067),.UNSPECIFIED.);
#5563 = CARTESIAN_POINT('',(5.983951588636,6.15222850737,-3.087155742748
    ));
#5564 = CARTESIAN_POINT('',(5.927792360147,6.089078235761,
    -2.134336057584));
#5565 = CARTESIAN_POINT('',(5.871274306237,6.026533297548,
    -1.181510604783));
#5566 = CARTESIAN_POINT('',(5.814508316687,5.964388180783,
    -0.228681298185));
#5567 = CARTESIAN_POINT('',(5.808598397763,6.369206147916,
    -3.084566018902));
#5568 = CARTESIAN_POINT('',(5.750738205249,6.305904532,-2.131862850666)
  );
#5569 = CARTESIAN_POINT('',(5.692831603638,6.243267116512,
    -1.179130656505));
#5570 = CARTESIAN_POINT('',(5.634752261424,6.180982133809,
    -0.226392390937));
#5571 = CARTESIAN_POINT('',(5.672007236705,6.881364318726,
    -3.061199587675));
#5572 = CARTESIAN_POINT('',(5.611847012952,6.819626033275,
    -2.108554866695));
#5573 = CARTESIAN_POINT('',(5.551827760744,6.758257827544,
    -1.155884706069));
#5574 = CARTESIAN_POINT('',(5.491955042503,6.697159956693,-0.20319254451
    ));
#5575 = CARTESIAN_POINT('',(5.904769136292,7.337485633959,
    -3.018339746834));
#5576 = CARTESIAN_POINT('',(5.844983984893,7.27771411365,-2.065572174255
    ));
#5577 = CARTESIAN_POINT('',(5.78532386296,7.218029500631,-1.112793307103
    ));
#5578 = CARTESIAN_POINT('',(5.725732759438,7.158449257105,
    -0.160004848395));
#5579 = CARTESIAN_POINT('',(6.052155868376,7.484872366043,-3.));
#5580 = CARTESIAN_POINT('',(5.992874847765,7.425591345433,
    -2.047180314836));
#5581 = CARTESIAN_POINT('',(5.933640183439,7.366356681106,
    -1.094354862035));
#5582 = CARTESIAN_POINT('',(5.874436536142,7.30715303381,-0.141525555438
    ));
#5583 = DEFINITIONAL_REPRESENTATION('',(#5584),#5610);
#5584 = B_SPLINE_CURVE_WITH_KNOTS('',3,(#5585,#5586,#5587,#5588,#5589,
    #5590,#5591,#5592,#5593,#5594,#5595,#5596,#5597,#5598,#5599,#5600,
    #5601,#5602,#5603,#5604,#5605,#5606,#5607,#5608,#5609),
  .UNSPECIFIED.,.F.,.F.,(4,1,1,1,1,1,1,1,1,1,1,1,1,1,1,1,1,1,1,1,1,1,4),
  (-0.169519084532,-0.165802992555,-0.162086900579,-0.158370808603,
    -0.154654716627,-0.150938624651,-0.147222532674,-0.143506440698,
    -0.139790348722,-0.136074256746,-0.13235816477,-0.128642072794,
    -0.124925980817,-0.121209888841,-0.117493796865,-0.113777704889,
    -0.110061612913,-0.106345520937,-0.10262942896,-9.891333698423E-02,
    -9.519724500806E-02,-9.148115303189E-02,-8.776506105571E-02),
  .QUASI_UNIFORM_KNOTS.);
#5585 = CARTESIAN_POINT('',(0.,0.378657642067));
#5586 = CARTESIAN_POINT('',(6.900271489831E-03,0.377961923274));
#5587 = CARTESIAN_POINT('',(2.045637762374E-02,0.376527471275));
#5588 = CARTESIAN_POINT('',(4.005026639708E-02,0.374246836105));
#5589 = CARTESIAN_POINT('',(5.890022156993E-02,0.37183693474));
#5590 = CARTESIAN_POINT('',(7.699104145893E-02,0.369298840947));
#5591 = CARTESIAN_POINT('',(9.433738882588E-02,0.366628497096));
#5592 = CARTESIAN_POINT('',(0.110831432715,0.363840988528));
#5593 = CARTESIAN_POINT('',(0.126378939155,0.360956150055));
#5594 = CARTESIAN_POINT('',(0.141009087773,0.357973840696));
#5595 = CARTESIAN_POINT('',(0.154715627186,0.354899269059));
#5596 = CARTESIAN_POINT('',(0.167499138414,0.351736218533));
#5597 = CARTESIAN_POINT('',(0.179355726342,0.348488823917));
#5598 = CARTESIAN_POINT('',(0.190279481835,0.345161239716));
#5599 = CARTESIAN_POINT('',(0.200263909178,0.341757190336));
#5600 = CARTESIAN_POINT('',(0.209294128468,0.338282101031));
#5601 = CARTESIAN_POINT('',(0.217325890663,0.334758006005));
#5602 = CARTESIAN_POINT('',(0.224369334477,0.331187010514));
#5603 = CARTESIAN_POINT('',(0.230422201789,0.327575370027));
#5604 = CARTESIAN_POINT('',(0.235484514232,0.323928436532));
#5605 = CARTESIAN_POINT('',(0.239555564124,0.320251025793));
#5606 = CARTESIAN_POINT('',(0.242631505188,0.316551002004));
#5607 = CARTESIAN_POINT('',(0.244711544427,0.312836519677));
#5608 = CARTESIAN_POINT('',(0.245435847779,0.31035360035));
#5609 = CARTESIAN_POINT('',(0.245632640231,0.309111422634));
#5610 = ( GEOMETRIC_REPRESENTATION_CONTEXT(2) 
PARAMETRIC_REPRESENTATION_CONTEXT() REPRESENTATION_CONTEXT('2D SPACE',''
  ) );
#5611 = ORIENTED_EDGE('',*,*,#5612,.F.);
#5612 = EDGE_CURVE('',#5613,#5518,#5615,.T.);
#5613 = VERTEX_POINT('',#5614);
#5614 = CARTESIAN_POINT('',(-5.680087531291,6.324133767759,
    -0.912844257252));
#5615 = SURFACE_CURVE('',#5616,(#5620,#5627),.PCURVE_S1.);
#5616 = LINE('',#5617,#5618);
#5617 = CARTESIAN_POINT('',(-4.,6.324133767759,-0.912844257252));
#5618 = VECTOR('',#5619,1.);
#5619 = DIRECTION('',(1.,-4.987329993433E-17,0.));
#5620 = PCURVE('',#3130,#5621);
#5621 = DEFINITIONAL_REPRESENTATION('',(#5622),#5626);
#5622 = LINE('',#5623,#5624);
#5623 = CARTESIAN_POINT('',(-0.741764932098,0.));
#5624 = VECTOR('',#5625,1.);
#5625 = DIRECTION('',(0.,1.));
#5626 = ( GEOMETRIC_REPRESENTATION_CONTEXT(2) 
PARAMETRIC_REPRESENTATION_CONTEXT() REPRESENTATION_CONTEXT('2D SPACE',''
  ) );
#5627 = PCURVE('',#5628,#5633);
#5628 = PLANE('',#5629);
#5629 = AXIS2_PLACEMENT_3D('',#5630,#5631,#5632);
#5630 = CARTESIAN_POINT('',(-8.,6.255707952862,-0.130733614121));
#5631 = DIRECTION('',(4.968351697092E-17,0.996194698092,
    8.715574274766E-02));
#5632 = DIRECTION('',(-1.,4.987329993433E-17,-3.851859888774E-33));
#5633 = DEFINITIONAL_REPRESENTATION('',(#5634),#5638);
#5634 = LINE('',#5635,#5636);
#5635 = CARTESIAN_POINT('',(-4.,-0.785098178729));
#5636 = VECTOR('',#5637,1.);
#5637 = DIRECTION('',(-1.,9.639929534866E-34));
#5638 = ( GEOMETRIC_REPRESENTATION_CONTEXT(2) 
PARAMETRIC_REPRESENTATION_CONTEXT() REPRESENTATION_CONTEXT('2D SPACE',''
  ) );
#5639 = ORIENTED_EDGE('',*,*,#5640,.T.);
#5640 = EDGE_CURVE('',#5613,#5641,#5643,.T.);
#5641 = VERTEX_POINT('',#5642);
#5642 = CARTESIAN_POINT('',(-5.814508234033,5.964388270876,
    -0.22868137477));
#5643 = SURFACE_CURVE('',#5644,(#5655,#5684),.PCURVE_S1.);
#5644 = B_SPLINE_CURVE_WITH_KNOTS('',3,(#5645,#5646,#5647,#5648,#5649,
    #5650,#5651,#5652,#5653,#5654),.UNSPECIFIED.,.F.,.F.,(4,2,2,2,4),(
    -8.171948628608E-02,-7.589458167941E-02,-5.602779244584E-02,
    -2.996071420852E-02,0.),.UNSPECIFIED.);
#5645 = CARTESIAN_POINT('',(-5.680087531291,6.324133767759,
    -0.912844257252));
#5646 = CARTESIAN_POINT('',(-5.679047564019,6.322436125128,
    -0.893440113187));
#5647 = CARTESIAN_POINT('',(-5.678202480115,6.320170362404,
    -0.874073967355));
#5648 = CARTESIAN_POINT('',(-5.675372563036,6.307679344006,
    -0.788971735264));
#5649 = CARTESIAN_POINT('',(-5.675493203465,6.291434540846,
    -0.724161222536));
#5650 = CARTESIAN_POINT('',(-5.683072974241,6.239483074849,
    -0.579665983172));
#5651 = CARTESIAN_POINT('',(-5.692714896605,6.19951902966,
    -0.502429272227));
#5652 = CARTESIAN_POINT('',(-5.732698389982,6.095802801017,
    -0.351976709322));
#5653 = CARTESIAN_POINT('',(-5.765256835725,6.031400399564,
    -0.283976059292));
#5654 = CARTESIAN_POINT('',(-5.814508234632,5.96438827387,
    -0.228681382002));
#5655 = PCURVE('',#3130,#5656);
#5656 = DEFINITIONAL_REPRESENTATION('',(#5657),#5683);
#5657 = B_SPLINE_CURVE_WITH_KNOTS('',3,(#5658,#5659,#5660,#5661,#5662,
    #5663,#5664,#5665,#5666,#5667,#5668,#5669,#5670,#5671,#5672,#5673,
    #5674,#5675,#5676,#5677,#5678,#5679,#5680,#5681,#5682),
  .UNSPECIFIED.,.F.,.F.,(4,1,1,1,1,1,1,1,1,1,1,1,1,1,1,1,1,1,1,1,1,1,4),
  (-8.171948628608E-02,-7.800496418217E-02,-7.429044207825E-02,
    -7.057591997434E-02,-6.686139787043E-02,-6.314687576652E-02,
    -5.94323536626E-02,-5.571783155869E-02,-5.200330945478E-02,
    -4.828878735086E-02,-4.457426524695E-02,-4.085974314304E-02,
    -3.714522103913E-02,-3.343069893521E-02,-2.97161768313E-02,
    -2.600165472739E-02,-2.228713262348E-02,-1.857261051956E-02,
    -1.485808841565E-02,-1.114356631174E-02,-7.429044207825E-03,
    -3.714522103913E-03,0.),.UNSPECIFIED.);
#5658 = CARTESIAN_POINT('',(-0.741764932098,-1.680087531291));
#5659 = CARTESIAN_POINT('',(-0.72934604848,-1.679424478071));
#5660 = CARTESIAN_POINT('',(-0.704491493072,-1.678256394822));
#5661 = CARTESIAN_POINT('',(-0.667183266496,-1.676993665124));
#5662 = CARTESIAN_POINT('',(-0.629881371707,-1.676227322925));
#5663 = CARTESIAN_POINT('',(-0.592587894268,-1.675993527047));
#5664 = CARTESIAN_POINT('',(-0.555303181378,-1.676324923228));
#5665 = CARTESIAN_POINT('',(-0.518034839982,-1.677254477749));
#5666 = CARTESIAN_POINT('',(-0.480764160604,-1.678817387795));
#5667 = CARTESIAN_POINT('',(-0.443571606109,-1.681039379886));
#5668 = CARTESIAN_POINT('',(-0.406504281599,-1.683979256555));
#5669 = CARTESIAN_POINT('',(-0.369553302052,-1.687701009584));
#5670 = CARTESIAN_POINT('',(-0.332728317671,-1.692266961214));
#5671 = CARTESIAN_POINT('',(-0.296030085588,-1.697740922597));
#5672 = CARTESIAN_POINT('',(-0.259483594466,-1.704182418789));
#5673 = CARTESIAN_POINT('',(-0.223030889545,-1.711666630317));
#5674 = CARTESIAN_POINT('',(-0.18692873988,-1.72020961068));
#5675 = CARTESIAN_POINT('',(-0.151334328004,-1.729844282201));
#5676 = CARTESIAN_POINT('',(-0.11620615077,-1.740641787691));
#5677 = CARTESIAN_POINT('',(-8.156127729197E-02,-1.752663028811));
#5678 = CARTESIAN_POINT('',(-4.740602701625E-02,-1.765971651336));
#5679 = CARTESIAN_POINT('',(-1.375423183385E-02,-1.780630565737));
#5680 = CARTESIAN_POINT('',(1.937837853727E-02,-1.79670287958));
#5681 = CARTESIAN_POINT('',(4.110742708083E-02,-1.808402058103));
#5682 = CARTESIAN_POINT('',(5.187899930383E-02,-1.814508234632));
#5683 = ( GEOMETRIC_REPRESENTATION_CONTEXT(2) 
PARAMETRIC_REPRESENTATION_CONTEXT() REPRESENTATION_CONTEXT('2D SPACE',''
  ) );
#5684 = PCURVE('',#5685,#5706);
#5685 = B_SPLINE_SURFACE_WITH_KNOTS('',3,3,(
    (#5686,#5687,#5688,#5689)
    ,(#5690,#5691,#5692,#5693)
    ,(#5694,#5695,#5696,#5697)
    ,(#5698,#5699,#5700,#5701)
    ,(#5702,#5703,#5704,#5705
  )),.UNSPECIFIED.,.F.,.F.,.F.,(4,1,4),(4,4),(0.,0.571428571429,1.),(
    0.114662354364,0.401612594679),.UNSPECIFIED.);
#5686 = CARTESIAN_POINT('',(-5.814508234191,5.964388273387,
    -0.228681374597));
#5687 = CARTESIAN_POINT('',(-5.871274221553,6.026533389994,
    -1.181510655728));
#5688 = CARTESIAN_POINT('',(-5.927792273219,6.089078328221,
    -2.134336083058));
#5689 = CARTESIAN_POINT('',(-5.983951499393,6.152228600099,
    -3.087155742748));
#5690 = CARTESIAN_POINT('',(-5.634752191711,6.180982227639,
    -0.22639246647));
#5691 = CARTESIAN_POINT('',(-5.69283153222,6.243267210168,
    -1.179130706541));
#5692 = CARTESIAN_POINT('',(-5.750738132096,6.305904625632,
    -2.131862875201));
#5693 = CARTESIAN_POINT('',(-5.808598322904,6.369206241774,
    -3.084566017925));
#5694 = CARTESIAN_POINT('',(-5.49167676531,6.697197266893,
    -0.203207593842));
#5695 = CARTESIAN_POINT('',(-5.551549482454,6.758295137077,
    -1.155899729889));
#5696 = CARTESIAN_POINT('',(-5.611578229175,6.819663634261,
    -2.108569275771));
#5697 = CARTESIAN_POINT('',(-5.671738451972,6.881401919293,
    -3.061213971222));
#5698 = CARTESIAN_POINT('',(-5.725732704924,7.158449324363,
    -0.160004924399));
#5699 = CARTESIAN_POINT('',(-5.785323807222,7.218029566662,
    -1.112793357626));
#5700 = CARTESIAN_POINT('',(-5.84498392797,7.277714178501,
    -2.065572199293));
#5701 = CARTESIAN_POINT('',(-5.904769078244,7.337485697683,
    -3.018339746382));
#5702 = CARTESIAN_POINT('',(-5.874436477814,7.307153097253,
    -0.14152563185));
#5703 = CARTESIAN_POINT('',(-5.933640123739,7.366356743177,
    -1.09435491298));
#5704 = CARTESIAN_POINT('',(-5.992874786718,7.425591406156,
    -2.04718034031));
#5705 = CARTESIAN_POINT('',(-6.052155806015,7.484872425454,-3.));
#5706 = DEFINITIONAL_REPRESENTATION('',(#5707),#5733);
#5707 = B_SPLINE_CURVE_WITH_KNOTS('',3,(#5708,#5709,#5710,#5711,#5712,
    #5713,#5714,#5715,#5716,#5717,#5718,#5719,#5720,#5721,#5722,#5723,
    #5724,#5725,#5726,#5727,#5728,#5729,#5730,#5731,#5732),
  .UNSPECIFIED.,.F.,.F.,(4,1,1,1,1,1,1,1,1,1,1,1,1,1,1,1,1,1,1,1,1,1,4),
  (-8.171948628608E-02,-7.800496418217E-02,-7.429044207825E-02,
    -7.057591997434E-02,-6.686139787043E-02,-6.314687576652E-02,
    -5.94323536626E-02,-5.571783155869E-02,-5.200330945478E-02,
    -4.828878735086E-02,-4.457426524695E-02,-4.085974314304E-02,
    -3.714522103913E-02,-3.343069893521E-02,-2.97161768313E-02,
    -2.600165472739E-02,-2.228713262348E-02,-1.857261051956E-02,
    -1.485808841565E-02,-1.114356631174E-02,-7.429044207825E-03,
    -3.714522103913E-03,0.),.UNSPECIFIED.);
#5708 = CARTESIAN_POINT('',(0.245614451815,0.184208565533));
#5709 = CARTESIAN_POINT('',(0.24541773673,0.18296538827));
#5710 = CARTESIAN_POINT('',(0.244692095001,0.180479499308));
#5711 = CARTESIAN_POINT('',(0.242607419227,0.176759729434));
#5712 = CARTESIAN_POINT('',(0.239526741812,0.173057547543));
#5713 = CARTESIAN_POINT('',(0.235451009146,0.169378476668));
#5714 = CARTESIAN_POINT('',(0.230379889604,0.165727805765));
#5715 = CARTESIAN_POINT('',(0.224314144677,0.162111513258));
#5716 = CARTESIAN_POINT('',(0.217249027112,0.158533053743));
#5717 = CARTESIAN_POINT('',(0.209198703159,0.155005486605));
#5718 = CARTESIAN_POINT('',(0.200178392263,0.151538092585));
#5719 = CARTESIAN_POINT('',(0.19019040257,0.148134578287));
#5720 = CARTESIAN_POINT('',(0.179239069276,0.144800268187));
#5721 = CARTESIAN_POINT('',(0.167323910834,0.141539589269));
#5722 = CARTESIAN_POINT('',(0.154451681551,0.138358940484));
#5723 = CARTESIAN_POINT('',(0.140595022244,0.135257730282));
#5724 = CARTESIAN_POINT('',(0.125847906249,0.132261711335));
#5725 = CARTESIAN_POINT('',(0.110288868795,0.129385411009));
#5726 = CARTESIAN_POINT('',(9.391412671555E-02,0.126626364347));
#5727 = CARTESIAN_POINT('',(7.673846507417E-02,0.123986659434));
#5728 = CARTESIAN_POINT('',(5.876826837979E-02,0.121467164367));
#5729 = CARTESIAN_POINT('',(4.000884929884E-02,0.119069074028));
#5730 = CARTESIAN_POINT('',(2.046294304587E-02,0.116793495998));
#5731 = CARTESIAN_POINT('',(6.908222190915E-03,0.115358872065));
#5732 = CARTESIAN_POINT('',(0.,0.114662354364));
#5733 = ( GEOMETRIC_REPRESENTATION_CONTEXT(2) 
PARAMETRIC_REPRESENTATION_CONTEXT() REPRESENTATION_CONTEXT('2D SPACE',''
  ) );
#5734 = ORIENTED_EDGE('',*,*,#5735,.T.);
#5735 = EDGE_CURVE('',#5641,#3492,#5736,.T.);
#5736 = SURFACE_CURVE('',#5737,(#5744,#5750),.PCURVE_S1.);
#5737 = B_SPLINE_CURVE_WITH_KNOTS('',3,(#5738,#5739,#5740,#5741,#5742,
    #5743),.UNSPECIFIED.,.F.,.F.,(4,2,4),(1.114889756458,1.13467422529,
    1.145726776201),.UNSPECIFIED.);
#5738 = CARTESIAN_POINT('',(-5.814508237452,5.964388270034,
    -0.228681378837));
#5739 = CARTESIAN_POINT('',(-5.84942436234,5.916880914089,
    -0.189480952614));
#5740 = CARTESIAN_POINT('',(-5.888420551039,5.868196927936,
    -0.156853750693));
#5741 = CARTESIAN_POINT('',(-5.950277819838,5.796841334289,
    -0.116259968149));
#5742 = CARTESIAN_POINT('',(-5.973138870632,5.771567426588,
    -0.103368962902));
#5743 = CARTESIAN_POINT('',(-5.99664219889,5.746642204077,
    -9.187683366408E-02));
#5744 = PCURVE('',#3130,#5745);
#5745 = DEFINITIONAL_REPRESENTATION('',(#5746),#5749);
#5746 = B_SPLINE_CURVE_WITH_KNOTS('',1,(#5747,#5748),.UNSPECIFIED.,.F.,
  .F.,(2,2),(1.114889756458,1.145726776201),.PIECEWISE_BEZIER_KNOTS.);
#5747 = CARTESIAN_POINT('',(5.187900427763E-02,-1.814508237452));
#5748 = CARTESIAN_POINT('',(0.309748155326,-1.99664219889));
#5749 = ( GEOMETRIC_REPRESENTATION_CONTEXT(2) 
PARAMETRIC_REPRESENTATION_CONTEXT() REPRESENTATION_CONTEXT('2D SPACE',''
  ) );
#5750 = PCURVE('',#3531,#5751);
#5751 = DEFINITIONAL_REPRESENTATION('',(#5752),#5778);
#5752 = B_SPLINE_CURVE_WITH_KNOTS('',3,(#5753,#5754,#5755,#5756,#5757,
    #5758,#5759,#5760,#5761,#5762,#5763,#5764,#5765,#5766,#5767,#5768,
    #5769,#5770,#5771,#5772,#5773,#5774,#5775,#5776,#5777),
  .UNSPECIFIED.,.F.,.F.,(4,1,1,1,1,1,1,1,1,1,1,1,1,1,1,1,1,1,1,1,1,1,4),
  (1.114889756458,1.116291439174,1.117693121889,1.119094804605,
    1.120496487321,1.121898170036,1.123299852752,1.124701535467,
    1.126103218183,1.127504900898,1.128906583614,1.13030826633,
    1.131709949045,1.133111631761,1.134513314476,1.135914997192,
    1.137316679908,1.138718362623,1.140120045339,1.141521728054,
    1.14292341077,1.144325093485,1.145726776201),.QUASI_UNIFORM_KNOTS.);
#5753 = CARTESIAN_POINT('',(5.591175236414,2.771318621163));
#5754 = CARTESIAN_POINT('',(5.589799992115,2.774095877157));
#5755 = CARTESIAN_POINT('',(5.587038546498,2.779584318097));
#5756 = CARTESIAN_POINT('',(5.582867107607,2.787618832954));
#5757 = CARTESIAN_POINT('',(5.578669999529,2.795455273919));
#5758 = CARTESIAN_POINT('',(5.574450821154,2.803093692409));
#5759 = CARTESIAN_POINT('',(5.570213169326,2.810534125662));
#5760 = CARTESIAN_POINT('',(5.565960638349,2.817776594429));
#5761 = CARTESIAN_POINT('',(5.561696819206,2.824821103982));
#5762 = CARTESIAN_POINT('',(5.557425300604,2.831667641431));
#5763 = CARTESIAN_POINT('',(5.553149662835,2.838316184715));
#5764 = CARTESIAN_POINT('',(5.548873498465,2.844766668794));
#5765 = CARTESIAN_POINT('',(5.544600332874,2.851019111593));
#5766 = CARTESIAN_POINT('',(5.540333918546,2.857073143913));
#5767 = CARTESIAN_POINT('',(5.536077134563,2.862929763976));
#5768 = CARTESIAN_POINT('',(5.53183609164,2.868584789649));
#5769 = CARTESIAN_POINT('',(5.527604809917,2.874053295526));
#5770 = CARTESIAN_POINT('',(5.523362881677,2.879371151232));
#5771 = CARTESIAN_POINT('',(5.519115697671,2.884533183953));
#5772 = CARTESIAN_POINT('',(5.514861993026,2.889544810944));
#5773 = CARTESIAN_POINT('',(5.510602287062,2.894408610838));
#5774 = CARTESIAN_POINT('',(5.50633662182,2.899127921851));
#5775 = CARTESIAN_POINT('',(5.502065167978,2.903705877644));
#5776 = CARTESIAN_POINT('',(5.499213764323,2.9066657363));
#5777 = CARTESIAN_POINT('',(5.497787144987,2.908123166336));
#5778 = ( GEOMETRIC_REPRESENTATION_CONTEXT(2) 
PARAMETRIC_REPRESENTATION_CONTEXT() REPRESENTATION_CONTEXT('2D SPACE',''
  ) );
#5779 = ORIENTED_EDGE('',*,*,#3491,.F.);
#5780 = ORIENTED_EDGE('',*,*,#5781,.F.);
#5781 = EDGE_CURVE('',#3019,#3469,#5782,.T.);
#5782 = SURFACE_CURVE('',#5783,(#5787,#5794),.PCURVE_S1.);
#5783 = LINE('',#5784,#5785);
#5784 = CARTESIAN_POINT('',(-4.,5.327939069668,0.));
#5785 = VECTOR('',#5786,1.);
#5786 = DIRECTION('',(-1.,4.987329993433E-17,0.));
#5787 = PCURVE('',#3130,#5788);
#5788 = DEFINITIONAL_REPRESENTATION('',(#5789),#5793);
#5789 = LINE('',#5790,#5791);
#5790 = CARTESIAN_POINT('',(0.741764932098,0.));
#5791 = VECTOR('',#5792,1.);
#5792 = DIRECTION('',(1.30590372611E-16,-1.));
#5793 = ( GEOMETRIC_REPRESENTATION_CONTEXT(2) 
PARAMETRIC_REPRESENTATION_CONTEXT() REPRESENTATION_CONTEXT('2D SPACE',''
  ) );
#5794 = PCURVE('',#3035,#5795);
#5795 = DEFINITIONAL_REPRESENTATION('',(#5796),#5800);
#5796 = LINE('',#5797,#5798);
#5797 = CARTESIAN_POINT('',(-4.,5.327939069668));
#5798 = VECTOR('',#5799,1.);
#5799 = DIRECTION('',(-1.,4.987329993433E-17));
#5800 = ( GEOMETRIC_REPRESENTATION_CONTEXT(2) 
PARAMETRIC_REPRESENTATION_CONTEXT() REPRESENTATION_CONTEXT('2D SPACE',''
  ) );
#5801 = ORIENTED_EDGE('',*,*,#3051,.T.);
#5802 = ORIENTED_EDGE('',*,*,#5803,.F.);
#5803 = EDGE_CURVE('',#5804,#3052,#5806,.T.);
#5804 = VERTEX_POINT('',#5805);
#5805 = CARTESIAN_POINT('',(0.,5.932050807569,-0.203100377632));
#5806 = SURFACE_CURVE('',#5807,(#5812,#5823),.PCURVE_S1.);
#5807 = ELLIPSE('',#5808,1.154700538379,1.);
#5808 = AXIS2_PLACEMENT_3D('',#5809,#5810,#5811);
#5809 = CARTESIAN_POINT('',(-0.348784074498,5.327939069668,-1.));
#5810 = DIRECTION('',(0.866025403784,-0.5,0.));
#5811 = DIRECTION('',(0.5,0.866025403784,0.));
#5812 = PCURVE('',#3130,#5813);
#5813 = DEFINITIONAL_REPRESENTATION('',(#5814),#5822);
#5814 = B_SPLINE_CURVE_WITH_KNOTS('',6,(#5815,#5816,#5817,#5818,#5819,
    #5820,#5821),.UNSPECIFIED.,.F.,.F.,(7,7),(0.527795623669,
    1.570796326795),.PIECEWISE_BEZIER_KNOTS.);
#5815 = CARTESIAN_POINT('',(-0.301235771028,4.15));
#5816 = CARTESIAN_POINT('',(-0.127402320507,4.099454271989));
#5817 = CARTESIAN_POINT('',(4.643113001354E-02,4.030822537097));
#5818 = CARTESIAN_POINT('',(0.220264580535,3.946848743917));
#5819 = CARTESIAN_POINT('',(0.394098031056,3.851940720005));
#5820 = CARTESIAN_POINT('',(0.567931481577,3.751578714955));
#5821 = CARTESIAN_POINT('',(0.741764932098,3.651215925502));
#5822 = ( GEOMETRIC_REPRESENTATION_CONTEXT(2) 
PARAMETRIC_REPRESENTATION_CONTEXT() REPRESENTATION_CONTEXT('2D SPACE',''
  ) );
#5823 = PCURVE('',#3214,#5824);
#5824 = DEFINITIONAL_REPRESENTATION('',(#5825),#5829);
#5825 = ELLIPSE('',#5826,1.154700538379,1.);
#5826 = AXIS2_PLACEMENT_2D('',#5827,#5828);
#5827 = CARTESIAN_POINT('',(0.697568148996,0.482693610532));
#5828 = DIRECTION('',(-1.,0.));
#5829 = ( GEOMETRIC_REPRESENTATION_CONTEXT(2) 
PARAMETRIC_REPRESENTATION_CONTEXT() REPRESENTATION_CONTEXT('2D SPACE',''
  ) );
#5830 = ORIENTED_EDGE('',*,*,#5831,.F.);
#5831 = EDGE_CURVE('',#3269,#5804,#5832,.T.);
#5832 = SURFACE_CURVE('',#5833,(#5838,#5849),.PCURVE_S1.);
#5833 = ELLIPSE('',#5834,1.154700538379,1.);
#5834 = AXIS2_PLACEMENT_3D('',#5835,#5836,#5837);
#5835 = CARTESIAN_POINT('',(0.348784074498,5.327939069668,-1.));
#5836 = DIRECTION('',(-0.866025403784,-0.5,0.));
#5837 = DIRECTION('',(0.5,-0.866025403784,0.));
#5838 = PCURVE('',#3130,#5839);
#5839 = DEFINITIONAL_REPRESENTATION('',(#5840),#5848);
#5840 = B_SPLINE_CURVE_WITH_KNOTS('',6,(#5841,#5842,#5843,#5844,#5845,
    #5846,#5847),.UNSPECIFIED.,.F.,.F.,(7,7),(1.570796326795,
    2.613797029921),.PIECEWISE_BEZIER_KNOTS.);
#5841 = CARTESIAN_POINT('',(0.741764932098,4.348784074498));
#5842 = CARTESIAN_POINT('',(0.567931481577,4.248421285045));
#5843 = CARTESIAN_POINT('',(0.394098031056,4.148059279995));
#5844 = CARTESIAN_POINT('',(0.220264580535,4.053151256082));
#5845 = CARTESIAN_POINT('',(4.643113001354E-02,3.969177462903));
#5846 = CARTESIAN_POINT('',(-0.127402320507,3.900545728011));
#5847 = CARTESIAN_POINT('',(-0.301235771028,3.85));
#5848 = ( GEOMETRIC_REPRESENTATION_CONTEXT(2) 
PARAMETRIC_REPRESENTATION_CONTEXT() REPRESENTATION_CONTEXT('2D SPACE',''
  ) );
#5849 = PCURVE('',#3296,#5850);
#5850 = DEFINITIONAL_REPRESENTATION('',(#5851),#5855);
#5851 = ELLIPSE('',#5852,1.154700538379,1.);
#5852 = AXIS2_PLACEMENT_2D('',#5853,#5854);
#5853 = CARTESIAN_POINT('',(2.302431851004,0.482693610532));
#5854 = DIRECTION('',(-1.,-0.));
#5855 = ( GEOMETRIC_REPRESENTATION_CONTEXT(2) 
PARAMETRIC_REPRESENTATION_CONTEXT() REPRESENTATION_CONTEXT('2D SPACE',''
  ) );
#5856 = ORIENTED_EDGE('',*,*,#3308,.T.);
#5857 = ORIENTED_EDGE('',*,*,#5445,.F.);
#5858 = ADVANCED_FACE('',(#5859),#3296,.T.);
#5859 = FACE_BOUND('',#5860,.T.);
#5860 = EDGE_LOOP('',(#5861,#5862,#5885,#5913,#5934));
#5861 = ORIENTED_EDGE('',*,*,#3268,.T.);
#5862 = ORIENTED_EDGE('',*,*,#5863,.T.);
#5863 = EDGE_CURVE('',#3227,#5864,#5866,.T.);
#5864 = VERTEX_POINT('',#5865);
#5865 = CARTESIAN_POINT('',(1.5,3.333974596216,0.182693610532));
#5866 = SURFACE_CURVE('',#5867,(#5871,#5878),.PCURVE_S1.);
#5867 = LINE('',#5868,#5869);
#5868 = CARTESIAN_POINT('',(1.5,3.333974596216,-0.517306389468));
#5869 = VECTOR('',#5870,1.);
#5870 = DIRECTION('',(0.,0.,1.));
#5871 = PCURVE('',#3296,#5872);
#5872 = DEFINITIONAL_REPRESENTATION('',(#5873),#5877);
#5873 = LINE('',#5874,#5875);
#5874 = CARTESIAN_POINT('',(0.,0.));
#5875 = VECTOR('',#5876,1.);
#5876 = DIRECTION('',(0.,-1.));
#5877 = ( GEOMETRIC_REPRESENTATION_CONTEXT(2) 
PARAMETRIC_REPRESENTATION_CONTEXT() REPRESENTATION_CONTEXT('2D SPACE',''
  ) );
#5878 = PCURVE('',#3256,#5879);
#5879 = DEFINITIONAL_REPRESENTATION('',(#5880),#5884);
#5880 = LINE('',#5881,#5882);
#5881 = CARTESIAN_POINT('',(3.,0.));
#5882 = VECTOR('',#5883,1.);
#5883 = DIRECTION('',(0.,-1.));
#5884 = ( GEOMETRIC_REPRESENTATION_CONTEXT(2) 
PARAMETRIC_REPRESENTATION_CONTEXT() REPRESENTATION_CONTEXT('2D SPACE',''
  ) );
#5885 = ORIENTED_EDGE('',*,*,#5886,.T.);
#5886 = EDGE_CURVE('',#5864,#5887,#5889,.T.);
#5887 = VERTEX_POINT('',#5888);
#5888 = CARTESIAN_POINT('',(0.,5.932050807569,0.182693610532));
#5889 = SURFACE_CURVE('',#5890,(#5894,#5901),.PCURVE_S1.);
#5890 = LINE('',#5891,#5892);
#5891 = CARTESIAN_POINT('',(1.5,3.333974596216,0.182693610532));
#5892 = VECTOR('',#5893,1.);
#5893 = DIRECTION('',(-0.5,0.866025403784,0.));
#5894 = PCURVE('',#3296,#5895);
#5895 = DEFINITIONAL_REPRESENTATION('',(#5896),#5900);
#5896 = LINE('',#5897,#5898);
#5897 = CARTESIAN_POINT('',(0.,-0.7));
#5898 = VECTOR('',#5899,1.);
#5899 = DIRECTION('',(1.,0.));
#5900 = ( GEOMETRIC_REPRESENTATION_CONTEXT(2) 
PARAMETRIC_REPRESENTATION_CONTEXT() REPRESENTATION_CONTEXT('2D SPACE',''
  ) );
#5901 = PCURVE('',#5902,#5907);
#5902 = PLANE('',#5903);
#5903 = AXIS2_PLACEMENT_3D('',#5904,#5905,#5906);
#5904 = CARTESIAN_POINT('',(0.,4.2,0.182693610532));
#5905 = DIRECTION('',(0.,0.,1.));
#5906 = DIRECTION('',(1.,0.,-0.));
#5907 = DEFINITIONAL_REPRESENTATION('',(#5908),#5912);
#5908 = LINE('',#5909,#5910);
#5909 = CARTESIAN_POINT('',(1.5,-0.866025403784));
#5910 = VECTOR('',#5911,1.);
#5911 = DIRECTION('',(-0.5,0.866025403784));
#5912 = ( GEOMETRIC_REPRESENTATION_CONTEXT(2) 
PARAMETRIC_REPRESENTATION_CONTEXT() REPRESENTATION_CONTEXT('2D SPACE',''
  ) );
#5913 = ORIENTED_EDGE('',*,*,#5914,.F.);
#5914 = EDGE_CURVE('',#5804,#5887,#5915,.T.);
#5915 = SURFACE_CURVE('',#5916,(#5920,#5927),.PCURVE_S1.);
#5916 = LINE('',#5917,#5918);
#5917 = CARTESIAN_POINT('',(0.,5.932050807569,-0.517306389468));
#5918 = VECTOR('',#5919,1.);
#5919 = DIRECTION('',(0.,0.,1.));
#5920 = PCURVE('',#3296,#5921);
#5921 = DEFINITIONAL_REPRESENTATION('',(#5922),#5926);
#5922 = LINE('',#5923,#5924);
#5923 = CARTESIAN_POINT('',(3.,0.));
#5924 = VECTOR('',#5925,1.);
#5925 = DIRECTION('',(0.,-1.));
#5926 = ( GEOMETRIC_REPRESENTATION_CONTEXT(2) 
PARAMETRIC_REPRESENTATION_CONTEXT() REPRESENTATION_CONTEXT('2D SPACE',''
  ) );
#5927 = PCURVE('',#3214,#5928);
#5928 = DEFINITIONAL_REPRESENTATION('',(#5929),#5933);
#5929 = LINE('',#5930,#5931);
#5930 = CARTESIAN_POINT('',(0.,0.));
#5931 = VECTOR('',#5932,1.);
#5932 = DIRECTION('',(0.,-1.));
#5933 = ( GEOMETRIC_REPRESENTATION_CONTEXT(2) 
PARAMETRIC_REPRESENTATION_CONTEXT() REPRESENTATION_CONTEXT('2D SPACE',''
  ) );
#5934 = ORIENTED_EDGE('',*,*,#5831,.F.);
#5935 = ADVANCED_FACE('',(#5936),#3256,.T.);
#5936 = FACE_BOUND('',#5937,.T.);
#5937 = EDGE_LOOP('',(#5938,#5939,#5962,#5983));
#5938 = ORIENTED_EDGE('',*,*,#3226,.T.);
#5939 = ORIENTED_EDGE('',*,*,#5940,.T.);
#5940 = EDGE_CURVE('',#3187,#5941,#5943,.T.);
#5941 = VERTEX_POINT('',#5942);
#5942 = CARTESIAN_POINT('',(-1.5,3.333974596216,0.182693610532));
#5943 = SURFACE_CURVE('',#5944,(#5948,#5955),.PCURVE_S1.);
#5944 = LINE('',#5945,#5946);
#5945 = CARTESIAN_POINT('',(-1.5,3.333974596216,-0.517306389468));
#5946 = VECTOR('',#5947,1.);
#5947 = DIRECTION('',(0.,0.,1.));
#5948 = PCURVE('',#3256,#5949);
#5949 = DEFINITIONAL_REPRESENTATION('',(#5950),#5954);
#5950 = LINE('',#5951,#5952);
#5951 = CARTESIAN_POINT('',(0.,0.));
#5952 = VECTOR('',#5953,1.);
#5953 = DIRECTION('',(0.,-1.));
#5954 = ( GEOMETRIC_REPRESENTATION_CONTEXT(2) 
PARAMETRIC_REPRESENTATION_CONTEXT() REPRESENTATION_CONTEXT('2D SPACE',''
  ) );
#5955 = PCURVE('',#3214,#5956);
#5956 = DEFINITIONAL_REPRESENTATION('',(#5957),#5961);
#5957 = LINE('',#5958,#5959);
#5958 = CARTESIAN_POINT('',(3.,0.));
#5959 = VECTOR('',#5960,1.);
#5960 = DIRECTION('',(0.,-1.));
#5961 = ( GEOMETRIC_REPRESENTATION_CONTEXT(2) 
PARAMETRIC_REPRESENTATION_CONTEXT() REPRESENTATION_CONTEXT('2D SPACE',''
  ) );
#5962 = ORIENTED_EDGE('',*,*,#5963,.T.);
#5963 = EDGE_CURVE('',#5941,#5864,#5964,.T.);
#5964 = SURFACE_CURVE('',#5965,(#5969,#5976),.PCURVE_S1.);
#5965 = LINE('',#5966,#5967);
#5966 = CARTESIAN_POINT('',(-1.5,3.333974596216,0.182693610532));
#5967 = VECTOR('',#5968,1.);
#5968 = DIRECTION('',(1.,0.,0.));
#5969 = PCURVE('',#3256,#5970);
#5970 = DEFINITIONAL_REPRESENTATION('',(#5971),#5975);
#5971 = LINE('',#5972,#5973);
#5972 = CARTESIAN_POINT('',(0.,-0.7));
#5973 = VECTOR('',#5974,1.);
#5974 = DIRECTION('',(1.,0.));
#5975 = ( GEOMETRIC_REPRESENTATION_CONTEXT(2) 
PARAMETRIC_REPRESENTATION_CONTEXT() REPRESENTATION_CONTEXT('2D SPACE',''
  ) );
#5976 = PCURVE('',#5902,#5977);
#5977 = DEFINITIONAL_REPRESENTATION('',(#5978),#5982);
#5978 = LINE('',#5979,#5980);
#5979 = CARTESIAN_POINT('',(-1.5,-0.866025403784));
#5980 = VECTOR('',#5981,1.);
#5981 = DIRECTION('',(1.,0.));
#5982 = ( GEOMETRIC_REPRESENTATION_CONTEXT(2) 
PARAMETRIC_REPRESENTATION_CONTEXT() REPRESENTATION_CONTEXT('2D SPACE',''
  ) );
#5983 = ORIENTED_EDGE('',*,*,#5863,.F.);
#5984 = ADVANCED_FACE('',(#5985),#3214,.T.);
#5985 = FACE_BOUND('',#5986,.T.);
#5986 = EDGE_LOOP('',(#5987,#5988,#5989,#6010,#6011));
#5987 = ORIENTED_EDGE('',*,*,#5803,.F.);
#5988 = ORIENTED_EDGE('',*,*,#5914,.T.);
#5989 = ORIENTED_EDGE('',*,*,#5990,.T.);
#5990 = EDGE_CURVE('',#5887,#5941,#5991,.T.);
#5991 = SURFACE_CURVE('',#5992,(#5996,#6003),.PCURVE_S1.);
#5992 = LINE('',#5993,#5994);
#5993 = CARTESIAN_POINT('',(0.,5.932050807569,0.182693610532));
#5994 = VECTOR('',#5995,1.);
#5995 = DIRECTION('',(-0.5,-0.866025403784,0.));
#5996 = PCURVE('',#3214,#5997);
#5997 = DEFINITIONAL_REPRESENTATION('',(#5998),#6002);
#5998 = LINE('',#5999,#6000);
#5999 = CARTESIAN_POINT('',(0.,-0.7));
#6000 = VECTOR('',#6001,1.);
#6001 = DIRECTION('',(1.,0.));
#6002 = ( GEOMETRIC_REPRESENTATION_CONTEXT(2) 
PARAMETRIC_REPRESENTATION_CONTEXT() REPRESENTATION_CONTEXT('2D SPACE',''
  ) );
#6003 = PCURVE('',#5902,#6004);
#6004 = DEFINITIONAL_REPRESENTATION('',(#6005),#6009);
#6005 = LINE('',#6006,#6007);
#6006 = CARTESIAN_POINT('',(0.,1.732050807569));
#6007 = VECTOR('',#6008,1.);
#6008 = DIRECTION('',(-0.5,-0.866025403784));
#6009 = ( GEOMETRIC_REPRESENTATION_CONTEXT(2) 
PARAMETRIC_REPRESENTATION_CONTEXT() REPRESENTATION_CONTEXT('2D SPACE',''
  ) );
#6010 = ORIENTED_EDGE('',*,*,#5940,.F.);
#6011 = ORIENTED_EDGE('',*,*,#3186,.T.);
#6012 = ADVANCED_FACE('',(#6013),#3035,.F.);
#6013 = FACE_BOUND('',#6014,.T.);
#6014 = EDGE_LOOP('',(#6015,#6016,#6017));
#6015 = ORIENTED_EDGE('',*,*,#3468,.F.);
#6016 = ORIENTED_EDGE('',*,*,#5781,.F.);
#6017 = ORIENTED_EDGE('',*,*,#3018,.F.);
#6018 = ADVANCED_FACE('',(#6019),#2931,.F.);
#6019 = FACE_BOUND('',#6020,.F.);
#6020 = EDGE_LOOP('',(#6021,#6045,#6046,#6047));
#6021 = ORIENTED_EDGE('',*,*,#6022,.T.);
#6022 = EDGE_CURVE('',#6023,#2871,#6025,.T.);
#6023 = VERTEX_POINT('',#6024);
#6024 = CARTESIAN_POINT('',(-1.550023559739,0.,-0.856984633657));
#6025 = SEAM_CURVE('',#6026,(#6031,#6038),.PCURVE_S1.);
#6026 = CIRCLE('',#6027,0.5);
#6027 = AXIS2_PLACEMENT_3D('',#6028,#6029,#6030);
#6028 = CARTESIAN_POINT('',(-2.048120908785,0.,-0.90056250503));
#6029 = DIRECTION('',(0.,-1.,0.));
#6030 = DIRECTION('',(-1.,0.,0.));
#6031 = PCURVE('',#2931,#6032);
#6032 = DEFINITIONAL_REPRESENTATION('',(#6033),#6037);
#6033 = LINE('',#6034,#6035);
#6034 = CARTESIAN_POINT('',(3.14159265359,6.28318530718));
#6035 = VECTOR('',#6036,1.);
#6036 = DIRECTION('',(0.,-1.));
#6037 = ( GEOMETRIC_REPRESENTATION_CONTEXT(2) 
PARAMETRIC_REPRESENTATION_CONTEXT() REPRESENTATION_CONTEXT('2D SPACE',''
  ) );
#6038 = PCURVE('',#2931,#6039);
#6039 = DEFINITIONAL_REPRESENTATION('',(#6040),#6044);
#6040 = LINE('',#6041,#6042);
#6041 = CARTESIAN_POINT('',(9.424777960769,6.28318530718));
#6042 = VECTOR('',#6043,1.);
#6043 = DIRECTION('',(0.,-1.));
#6044 = ( GEOMETRIC_REPRESENTATION_CONTEXT(2) 
PARAMETRIC_REPRESENTATION_CONTEXT() REPRESENTATION_CONTEXT('2D SPACE',''
  ) );
#6045 = ORIENTED_EDGE('',*,*,#2894,.F.);
#6046 = ORIENTED_EDGE('',*,*,#6022,.F.);
#6047 = ORIENTED_EDGE('',*,*,#6048,.F.);
#6048 = EDGE_CURVE('',#6023,#6023,#6049,.T.);
#6049 = SURFACE_CURVE('',#6050,(#6055,#6062),.PCURVE_S1.);
#6050 = CIRCLE('',#6051,1.550023559739);
#6051 = AXIS2_PLACEMENT_3D('',#6052,#6053,#6054);
#6052 = CARTESIAN_POINT('',(0.,0.,-0.856984633657));
#6053 = DIRECTION('',(0.,0.,1.));
#6054 = DIRECTION('',(1.,0.,-0.));
#6055 = PCURVE('',#2931,#6056);
#6056 = DEFINITIONAL_REPRESENTATION('',(#6057),#6061);
#6057 = LINE('',#6058,#6059);
#6058 = CARTESIAN_POINT('',(0.,3.05432619099));
#6059 = VECTOR('',#6060,1.);
#6060 = DIRECTION('',(1.,0.));
#6061 = ( GEOMETRIC_REPRESENTATION_CONTEXT(2) 
PARAMETRIC_REPRESENTATION_CONTEXT() REPRESENTATION_CONTEXT('2D SPACE',''
  ) );
#6062 = PCURVE('',#6063,#6068);
#6063 = CONICAL_SURFACE('',#6064,1.625,8.726646259972E-02);
#6064 = AXIS2_PLACEMENT_3D('',#6065,#6066,#6067);
#6065 = CARTESIAN_POINT('',(0.,0.,0.));
#6066 = DIRECTION('',(0.,0.,1.));
#6067 = DIRECTION('',(1.,0.,-0.));
#6068 = DEFINITIONAL_REPRESENTATION('',(#6069),#6073);
#6069 = LINE('',#6070,#6071);
#6070 = CARTESIAN_POINT('',(-6.28318530718,-0.856984633657));
#6071 = VECTOR('',#6072,1.);
#6072 = DIRECTION('',(1.,0.));
#6073 = ( GEOMETRIC_REPRESENTATION_CONTEXT(2) 
PARAMETRIC_REPRESENTATION_CONTEXT() REPRESENTATION_CONTEXT('2D SPACE',''
  ) );
#6074 = ADVANCED_FACE('',(#6075),#3531,.T.);
#6075 = FACE_BOUND('',#6076,.T.);
#6076 = EDGE_LOOP('',(#6077,#6078,#6101,#6130,#6151));
#6077 = ORIENTED_EDGE('',*,*,#3513,.T.);
#6078 = ORIENTED_EDGE('',*,*,#6079,.F.);
#6079 = EDGE_CURVE('',#6080,#3514,#6082,.T.);
#6080 = VERTEX_POINT('',#6081);
#6081 = CARTESIAN_POINT('',(-6.396453866323,5.728813527575,-2.9999999999
    ));
#6082 = SURFACE_CURVE('',#6083,(#6088,#6094),.PCURVE_S1.);
#6083 = B_SPLINE_CURVE_WITH_KNOTS('',3,(#6084,#6085,#6086,#6087),
  .UNSPECIFIED.,.F.,.F.,(4,4),(-0.39279324103,-0.114592245423),
  .PIECEWISE_BEZIER_KNOTS.);
#6084 = CARTESIAN_POINT('',(-6.396453840247,5.728813540041,
    -3.000000000747));
#6085 = CARTESIAN_POINT('',(-6.335264652233,5.6743455201,-2.076231911124
    ));
#6086 = CARTESIAN_POINT('',(-6.274638556961,5.61954340063,
    -1.152458455063));
#6087 = CARTESIAN_POINT('',(-6.21438827352,5.564508234312,-0.22868137663
    ));
#6088 = PCURVE('',#3531,#6089);
#6089 = DEFINITIONAL_REPRESENTATION('',(#6090),#6093);
#6090 = B_SPLINE_CURVE_WITH_KNOTS('',1,(#6091,#6092),.UNSPECIFIED.,.F.,
  .F.,(2,2),(-0.39279324103,-0.114592245423),.PIECEWISE_BEZIER_KNOTS.);
#6091 = CARTESIAN_POINT('',(5.391729631723,-1.595986922354E-10));
#6092 = CARTESIAN_POINT('',(5.404399049604,2.77131862337));
#6093 = ( GEOMETRIC_REPRESENTATION_CONTEXT(2) 
PARAMETRIC_REPRESENTATION_CONTEXT() REPRESENTATION_CONTEXT('2D SPACE',''
  ) );
#6094 = PCURVE('',#3610,#6095);
#6095 = DEFINITIONAL_REPRESENTATION('',(#6096),#6100);
#6096 = LINE('',#6097,#6098);
#6097 = CARTESIAN_POINT('',(1.,-7.771561172376E-16));
#6098 = VECTOR('',#6099,1.);
#6099 = DIRECTION('',(-1.077495125403E-14,-1.));
#6100 = ( GEOMETRIC_REPRESENTATION_CONTEXT(2) 
PARAMETRIC_REPRESENTATION_CONTEXT() REPRESENTATION_CONTEXT('2D SPACE',''
  ) );
#6101 = ORIENTED_EDGE('',*,*,#6102,.F.);
#6102 = EDGE_CURVE('',#6103,#6080,#6105,.T.);
#6103 = VERTEX_POINT('',#6104);
#6104 = CARTESIAN_POINT('',(-5.978813527574,6.146453866322,
    -2.999999999887));
#6105 = SURFACE_CURVE('',#6106,(#6111,#6118),.PCURVE_S1.);
#6106 = CIRCLE('',#6107,2.789718885006);
#6107 = AXIS2_PLACEMENT_3D('',#6108,#6109,#6110);
#6108 = CARTESIAN_POINT('',(-8.149178971877,7.899178971877,-3.));
#6109 = DIRECTION('',(0.,0.,-1.));
#6110 = DIRECTION('',(1.,0.,0.));
#6111 = PCURVE('',#3531,#6112);
#6112 = DEFINITIONAL_REPRESENTATION('',(#6113),#6117);
#6113 = LINE('',#6114,#6115);
#6114 = CARTESIAN_POINT('',(6.28318530718,-1.620461594922E-16));
#6115 = VECTOR('',#6116,1.);
#6116 = DIRECTION('',(-1.,1.817770216977E-16));
#6117 = ( GEOMETRIC_REPRESENTATION_CONTEXT(2) 
PARAMETRIC_REPRESENTATION_CONTEXT() REPRESENTATION_CONTEXT('2D SPACE',''
  ) );
#6118 = PCURVE('',#6119,#6124);
#6119 = PLANE('',#6120);
#6120 = AXIS2_PLACEMENT_3D('',#6121,#6122,#6123);
#6121 = CARTESIAN_POINT('',(-7.55760255977,7.30760255977,-3.));
#6122 = DIRECTION('',(0.,0.,-1.));
#6123 = DIRECTION('',(1.,0.,0.));
#6124 = DEFINITIONAL_REPRESENTATION('',(#6125),#6129);
#6125 = CIRCLE('',#6126,2.789718885006);
#6126 = AXIS2_PLACEMENT_2D('',#6127,#6128);
#6127 = CARTESIAN_POINT('',(-0.591576412107,-0.591576412107));
#6128 = DIRECTION('',(1.,0.));
#6129 = ( GEOMETRIC_REPRESENTATION_CONTEXT(2) 
PARAMETRIC_REPRESENTATION_CONTEXT() REPRESENTATION_CONTEXT('2D SPACE',''
  ) );
#6130 = ORIENTED_EDGE('',*,*,#6131,.F.);
#6131 = EDGE_CURVE('',#5641,#6103,#6132,.T.);
#6132 = SURFACE_CURVE('',#6133,(#6138,#6144),.PCURVE_S1.);
#6133 = B_SPLINE_CURVE_WITH_KNOTS('',3,(#6134,#6135,#6136,#6137),
  .UNSPECIFIED.,.F.,.F.,(4,4),(0.114662354364,0.392863350174),
  .PIECEWISE_BEZIER_KNOTS.);
#6134 = CARTESIAN_POINT('',(-5.814508234191,5.964388273387,
    -0.228681374597));
#6135 = CARTESIAN_POINT('',(-5.869543400549,6.024638556871,
    -1.152458453705));
#6136 = CARTESIAN_POINT('',(-5.924345520059,6.085264652187,
    -2.076231910438));
#6137 = CARTESIAN_POINT('',(-5.97881354004,6.146453840246,
    -3.000000000734));
#6138 = PCURVE('',#3531,#6139);
#6139 = DEFINITIONAL_REPRESENTATION('',(#6140),#6143);
#6140 = B_SPLINE_CURVE_WITH_KNOTS('',1,(#6141,#6142),.UNSPECIFIED.,.F.,
  .F.,(2,2),(0.114662354364,0.392863350174),.PIECEWISE_BEZIER_KNOTS.);
#6141 = CARTESIAN_POINT('',(5.591175237952,2.771318625403));
#6142 = CARTESIAN_POINT('',(5.603844655841,-1.462088763682E-10));
#6143 = ( GEOMETRIC_REPRESENTATION_CONTEXT(2) 
PARAMETRIC_REPRESENTATION_CONTEXT() REPRESENTATION_CONTEXT('2D SPACE',''
  ) );
#6144 = PCURVE('',#5685,#6145);
#6145 = DEFINITIONAL_REPRESENTATION('',(#6146),#6150);
#6146 = LINE('',#6147,#6148);
#6147 = CARTESIAN_POINT('',(1.759877955755E-15,2.775557561563E-17));
#6148 = VECTOR('',#6149,1.);
#6149 = DIRECTION('',(-1.541572858691E-14,1.));
#6150 = ( GEOMETRIC_REPRESENTATION_CONTEXT(2) 
PARAMETRIC_REPRESENTATION_CONTEXT() REPRESENTATION_CONTEXT('2D SPACE',''
  ) );
#6151 = ORIENTED_EDGE('',*,*,#5735,.T.);
#6152 = ADVANCED_FACE('',(#6153),#3610,.F.);
#6153 = FACE_BOUND('',#6154,.F.);
#6154 = EDGE_LOOP('',(#6155,#6179,#6180,#6181,#6344,#6374,#6414,#6454));
#6155 = ORIENTED_EDGE('',*,*,#6156,.T.);
#6156 = EDGE_CURVE('',#6157,#3566,#6159,.T.);
#6157 = VERTEX_POINT('',#6158);
#6158 = CARTESIAN_POINT('',(-6.581758907211,5.434761653269,
    -1.000000000001));
#6159 = SURFACE_CURVE('',#6160,(#6165,#6171),.PCURVE_S1.);
#6160 = B_SPLINE_CURVE_WITH_KNOTS('',3,(#6161,#6162,#6163,#6164),
  .UNSPECIFIED.,.F.,.F.,(4,4),(0.426860595135,0.435611170106),
  .PIECEWISE_BEZIER_KNOTS.);
#6161 = CARTESIAN_POINT('',(-6.582203689188,5.434767230782,
    -0.999971988713));
#6162 = CARTESIAN_POINT('',(-6.579662046669,5.433209310243,
    -0.970920450062));
#6163 = CARTESIAN_POINT('',(-6.577120295566,5.431652381337,
    -0.941868463242));
#6164 = CARTESIAN_POINT('',(-6.574578516188,5.430096420279,
    -0.912816046541));
#6165 = PCURVE('',#3610,#6166);
#6166 = DEFINITIONAL_REPRESENTATION('',(#6167),#6170);
#6167 = B_SPLINE_CURVE_WITH_KNOTS('',1,(#6168,#6169),.UNSPECIFIED.,.F.,
  .F.,(2,2),(0.426861707991,0.435611170106),.PIECEWISE_BEZIER_KNOTS.);
#6168 = CARTESIAN_POINT('',(0.752971803767,0.192895304801));
#6169 = CARTESIAN_POINT('',(0.754359555152,0.184138452056));
#6170 = ( GEOMETRIC_REPRESENTATION_CONTEXT(2) 
PARAMETRIC_REPRESENTATION_CONTEXT() REPRESENTATION_CONTEXT('2D SPACE',''
  ) );
#6171 = PCURVE('',#3676,#6172);
#6172 = DEFINITIONAL_REPRESENTATION('',(#6173),#6178);
#6173 = B_SPLINE_CURVE_WITH_KNOTS('',3,(#6174,#6175,#6176,#6177),
  .UNSPECIFIED.,.F.,.F.,(4,4),(0.426860595135,0.435611170106),
  .PIECEWISE_BEZIER_KNOTS.);
#6174 = CARTESIAN_POINT('',(-13.18476723078,-0.872597702863));
#6175 = CARTESIAN_POINT('',(-13.18320931024,-0.843435195345));
#6176 = CARTESIAN_POINT('',(-13.18165238133,-0.814272231901));
#6177 = CARTESIAN_POINT('',(-13.18009642027,-0.785108837747));
#6178 = ( GEOMETRIC_REPRESENTATION_CONTEXT(2) 
PARAMETRIC_REPRESENTATION_CONTEXT() REPRESENTATION_CONTEXT('2D SPACE',''
  ) );
#6179 = ORIENTED_EDGE('',*,*,#3565,.F.);
#6180 = ORIENTED_EDGE('',*,*,#6079,.F.);
#6181 = ORIENTED_EDGE('',*,*,#6182,.F.);
#6182 = EDGE_CURVE('',#6183,#6080,#6185,.T.);
#6183 = VERTEX_POINT('',#6184);
#6184 = CARTESIAN_POINT('',(-7.734872425454,5.802155806015,
    -2.999999999997));
#6185 = SURFACE_CURVE('',#6186,(#6227,#6300),.PCURVE_S1.);
#6186 = B_SPLINE_CURVE_WITH_KNOTS('',3,(#6187,#6188,#6189,#6190,#6191,
    #6192,#6193,#6194,#6195,#6196,#6197,#6198,#6199,#6200,#6201,#6202,
    #6203,#6204,#6205,#6206,#6207,#6208,#6209,#6210,#6211,#6212,#6213,
    #6214,#6215,#6216,#6217,#6218,#6219,#6220,#6221,#6222,#6223,#6224,
    #6225,#6226),.UNSPECIFIED.,.F.,.F.,(4,3,3,3,3,3,3,3,3,3,3,3,3,4),(0.
    ,1.315013618839E-02,2.664878047467E-02,3.936255589331E-02,
    5.283985664319E-02,6.61318531851E-02,7.864497642746E-02,
    8.422679510753E-02,9.745667599335E-02,0.110849703056,0.112958301819,
    0.126333761749,0.139567683209,0.147241710802),.UNSPECIFIED.);
#6187 = CARTESIAN_POINT('',(-7.734872425454,5.802155806015,-3.));
#6188 = CARTESIAN_POINT('',(-7.703877257213,5.771160637774,-3.));
#6189 = CARTESIAN_POINT('',(-7.670876129779,5.742435283553,
    -2.999995649742));
#6190 = CARTESIAN_POINT('',(-7.636170605426,5.716019611887,
    -2.999989913738));
#6191 = CARTESIAN_POINT('',(-7.600545306851,5.688903865686,
    -2.999984025716));
#6192 = CARTESIAN_POINT('',(-7.563123145892,5.664221293752,
    -2.999976769711));
#6193 = CARTESIAN_POINT('',(-7.524193462275,5.642056179947,
    -2.999971084582));
#6194 = CARTESIAN_POINT('',(-7.487527316836,5.621179840586,
    -2.999965730012));
#6195 = CARTESIAN_POINT('',(-7.449522784317,5.602536771741,
    -2.999961832579));
#6196 = CARTESIAN_POINT('',(-7.410404585194,5.586236053961,
    -2.999960502706));
#6197 = CARTESIAN_POINT('',(-7.368937144011,5.568956397153,
    -2.999959092968));
#6198 = CARTESIAN_POINT('',(-7.326484358796,5.554419176282,
    -2.999960820079));
#6199 = CARTESIAN_POINT('',(-7.283337177963,5.542697920781,
    -2.999965356182));
#6200 = CARTESIAN_POINT('',(-7.240783243085,5.531137824996,
    -2.999969829916));
#6201 = CARTESIAN_POINT('',(-7.197552772535,5.522316526799,
    -2.99997712108));
#6202 = CARTESIAN_POINT('',(-7.153908750791,5.516351300004,
    -2.999985011442));
#6203 = CARTESIAN_POINT('',(-7.112822144942,5.510735618582,
    -2.999992439451));
#6204 = CARTESIAN_POINT('',(-7.071368185235,5.507651211977,
    -3.000000444323));
#6205 = CARTESIAN_POINT('',(-7.029765780631,5.507238096838,
    -3.000004583065));
#6206 = CARTESIAN_POINT('',(-7.011207897467,5.507053815603,
    -3.000006429264));
#6207 = CARTESIAN_POINT('',(-6.992667562712,5.507402146098,
    -3.000007499828));
#6208 = CARTESIAN_POINT('',(-6.974164396177,5.508290164478,
    -3.000007256581));
#6209 = CARTESIAN_POINT('',(-6.930308673999,5.510394922455,
    -3.000006680042));
#6210 = CARTESIAN_POINT('',(-6.886661543401,5.515527822404,
    -2.999998964608));
#6211 = CARTESIAN_POINT('',(-6.843495934447,5.523538894061,
    -2.999991408879));
#6212 = CARTESIAN_POINT('',(-6.799798022586,5.531648755399,
    -2.999983759976));
#6213 = CARTESIAN_POINT('',(-6.756592444176,5.542708558877,
    -2.999976323883));
#6214 = CARTESIAN_POINT('',(-6.714173641584,5.556613738105,
    -2.99997279542));
#6215 = CARTESIAN_POINT('',(-6.707495223461,5.558802970127,
    -2.999972239898));
#6216 = CARTESIAN_POINT('',(-6.700836350435,5.561062826938,
    -2.999971772624));
#6217 = CARTESIAN_POINT('',(-6.694198225992,5.563393005087,
    -2.999971398121));
#6218 = CARTESIAN_POINT('',(-6.652090657173,5.578174008003,
    -2.999969022539));
#6219 = CARTESIAN_POINT('',(-6.611060459834,5.59569493955,
    -2.999970843192));
#6220 = CARTESIAN_POINT('',(-6.571388328961,5.615811417685,
    -2.999975734095));
#6221 = CARTESIAN_POINT('',(-6.532136006658,5.635715024221,
    -2.999980573243));
#6222 = CARTESIAN_POINT('',(-6.494212112384,5.658160073872,
    -2.999988449786));
#6223 = CARTESIAN_POINT('',(-6.457909000983,5.683052129441,
    -2.999994173058));
#6224 = CARTESIAN_POINT('',(-6.436857713999,5.697486424056,
    -2.999997491843));
#6225 = CARTESIAN_POINT('',(-6.416351886219,5.71274434176,
    -3.000000007842));
#6226 = CARTESIAN_POINT('',(-6.396453840213,5.728813540011,
    -3.000000000237));
#6227 = PCURVE('',#3610,#6228);
#6228 = DEFINITIONAL_REPRESENTATION('',(#6229),#6299);
#6229 = B_SPLINE_CURVE_WITH_KNOTS('',3,(#6230,#6231,#6232,#6233,#6234,
    #6235,#6236,#6237,#6238,#6239,#6240,#6241,#6242,#6243,#6244,#6245,
    #6246,#6247,#6248,#6249,#6250,#6251,#6252,#6253,#6254,#6255,#6256,
    #6257,#6258,#6259,#6260,#6261,#6262,#6263,#6264,#6265,#6266,#6267,
    #6268,#6269,#6270,#6271,#6272,#6273,#6274,#6275,#6276,#6277,#6278,
    #6279,#6280,#6281,#6282,#6283,#6284,#6285,#6286,#6287,#6288,#6289,
    #6290,#6291,#6292,#6293,#6294,#6295,#6296,#6297,#6298),
  .UNSPECIFIED.,.F.,.F.,(4,1,1,1,1,1,1,1,1,1,1,1,1,1,1,1,1,1,1,1,1,1,1,1
    ,1,1,1,1,1,1,1,1,1,1,1,1,1,1,1,1,1,1,1,1,1,1,1,1,1,1,1,1,1,1,1,1,1,1
    ,1,1,1,1,1,1,1,1,4),(0.,2.230935012145E-03,4.46187002429E-03,
    6.692805036435E-03,8.923740048581E-03,1.115467506073E-02,
    1.338561007287E-02,1.561654508502E-02,1.784748009716E-02,
    2.007841510931E-02,2.230935012145E-02,2.45402851336E-02,
    2.677122014574E-02,2.900215515789E-02,3.123309017003E-02,
    3.346402518218E-02,3.569496019432E-02,3.792589520647E-02,
    4.015683021861E-02,4.238776523076E-02,4.46187002429E-02,
    4.684963525505E-02,4.908057026719E-02,5.131150527934E-02,
    5.354244029148E-02,5.577337530363E-02,5.800431031577E-02,
    6.023524532792E-02,6.246618034006E-02,6.469711535221E-02,
    6.692805036435E-02,6.91589853765E-02,7.138992038864E-02,
    7.362085540079E-02,7.585179041294E-02,7.808272542508E-02,
    8.031366043723E-02,8.254459544937E-02,8.477553046152E-02,
    8.700646547366E-02,8.923740048581E-02,9.146833549795E-02,
    9.36992705101E-02,9.593020552224E-02,9.816114053439E-02,
    0.100392075547,0.102623010559,0.104853945571,0.107084880583,
    0.109315815595,0.111546750607,0.113777685619,0.116008620632,
    0.118239555644,0.120470490656,0.122701425668,0.12493236068,
    0.127163295692,0.129394230704,0.131625165717,0.133856100729,
    0.136087035741,0.138317970753,0.140548905765,0.142779840777,
    0.145010775789,0.147241710802),.QUASI_UNIFORM_KNOTS.);
#6230 = CARTESIAN_POINT('',(0.,0.401542485533));
#6231 = CARTESIAN_POINT('',(5.057605597021E-03,0.401477306039));
#6232 = CARTESIAN_POINT('',(1.516743175886E-02,0.401347016379));
#6233 = CARTESIAN_POINT('',(3.031790539166E-02,0.40115186052));
#6234 = CARTESIAN_POINT('',(4.54560087139E-02,0.400957053935));
#6235 = CARTESIAN_POINT('',(6.058361668041E-02,0.400762667267));
#6236 = CARTESIAN_POINT('',(7.570258494686E-02,0.400568771159));
#6237 = CARTESIAN_POINT('',(9.081469473436E-02,0.400375436253));
#6238 = CARTESIAN_POINT('',(0.105921806488,0.400182733188));
#6239 = CARTESIAN_POINT('',(0.121025803938,0.39999073261));
#6240 = CARTESIAN_POINT('',(0.136128526779,0.399799505164));
#6241 = CARTESIAN_POINT('',(0.151231839606,0.399609121489));
#6242 = CARTESIAN_POINT('',(0.166337608707,0.399419652236));
#6243 = CARTESIAN_POINT('',(0.181447669636,0.399231168018));
#6244 = CARTESIAN_POINT('',(0.196563928125,0.399043739583));
#6245 = CARTESIAN_POINT('',(0.211688234807,0.398857437175));
#6246 = CARTESIAN_POINT('',(0.226822261684,0.398672332935));
#6247 = CARTESIAN_POINT('',(0.241968333121,0.398488491915));
#6248 = CARTESIAN_POINT('',(0.25712657937,0.398306005623));
#6249 = CARTESIAN_POINT('',(0.272305444291,0.398124866826));
#6250 = CARTESIAN_POINT('',(0.287470202344,0.397945583755));
#6251 = CARTESIAN_POINT('',(0.302621847257,0.397768226975));
#6252 = CARTESIAN_POINT('',(0.317762526404,0.397592854382));
#6253 = CARTESIAN_POINT('',(0.332894049118,0.397419527266));
#6254 = CARTESIAN_POINT('',(0.348018289245,0.397248306008));
#6255 = CARTESIAN_POINT('',(0.363137018596,0.397079251231));
#6256 = CARTESIAN_POINT('',(0.378252164512,0.396912423496));
#6257 = CARTESIAN_POINT('',(0.39336558188,0.396747883378));
#6258 = CARTESIAN_POINT('',(0.408479127763,0.396585691448));
#6259 = CARTESIAN_POINT('',(0.423594674727,0.396425908282));
#6260 = CARTESIAN_POINT('',(0.438714102322,0.396268594447));
#6261 = CARTESIAN_POINT('',(0.453839266409,0.396113810534));
#6262 = CARTESIAN_POINT('',(0.468972112245,0.395961617048));
#6263 = CARTESIAN_POINT('',(0.484114384615,0.395812074819));
#6264 = CARTESIAN_POINT('',(0.499268022205,0.395665243458));
#6265 = CARTESIAN_POINT('',(0.514434527246,0.395521187124));
#6266 = CARTESIAN_POINT('',(0.529617201463,0.395379953007));
#6267 = CARTESIAN_POINT('',(0.544812766103,0.395241651624));
#6268 = CARTESIAN_POINT('',(0.559990834853,0.395106628765));
#6269 = CARTESIAN_POINT('',(0.575160366607,0.394974860725));
#6270 = CARTESIAN_POINT('',(0.590321320806,0.394846408158));
#6271 = CARTESIAN_POINT('',(0.605476094917,0.394721309112));
#6272 = CARTESIAN_POINT('',(0.620626448076,0.394599607694));
#6273 = CARTESIAN_POINT('',(0.635774306409,0.394481346386));
#6274 = CARTESIAN_POINT('',(0.650921544422,0.394366568107));
#6275 = CARTESIAN_POINT('',(0.666069990455,0.394255315661));
#6276 = CARTESIAN_POINT('',(0.681221604259,0.394147631868));
#6277 = CARTESIAN_POINT('',(0.696378199278,0.394043559598));
#6278 = CARTESIAN_POINT('',(0.711541658293,0.393943141514));
#6279 = CARTESIAN_POINT('',(0.726713753781,0.393846421043));
#6280 = CARTESIAN_POINT('',(0.741896803024,0.393753438776));
#6281 = CARTESIAN_POINT('',(0.757091176814,0.393664245873));
#6282 = CARTESIAN_POINT('',(0.772304543325,0.393578854065));
#6283 = CARTESIAN_POINT('',(0.787505159273,0.393497488233));
#6284 = CARTESIAN_POINT('',(0.802694512488,0.393420168866));
#6285 = CARTESIAN_POINT('',(0.817874635772,0.39334691632));
#6286 = CARTESIAN_POINT('',(0.833047389625,0.393277750989));
#6287 = CARTESIAN_POINT('',(0.848214656172,0.393212693259));
#6288 = CARTESIAN_POINT('',(0.863378231459,0.393151763517));
#6289 = CARTESIAN_POINT('',(0.878540073327,0.39309498215));
#6290 = CARTESIAN_POINT('',(0.893702035693,0.393042369542));
#6291 = CARTESIAN_POINT('',(0.908865991929,0.39299394608));
#6292 = CARTESIAN_POINT('',(0.924033832814,0.392949732149));
#6293 = CARTESIAN_POINT('',(0.939207455132,0.392909748136));
#6294 = CARTESIAN_POINT('',(0.954388756228,0.39287401443));
#6295 = CARTESIAN_POINT('',(0.969579620053,0.392842551415));
#6296 = CARTESIAN_POINT('',(0.984781887894,0.392815379477));
#6297 = CARTESIAN_POINT('',(0.994925607154,0.392800139161));
#6298 = CARTESIAN_POINT('',(1.,0.392793240979));
#6299 = ( GEOMETRIC_REPRESENTATION_CONTEXT(2) 
PARAMETRIC_REPRESENTATION_CONTEXT() REPRESENTATION_CONTEXT('2D SPACE',''
  ) );
#6300 = PCURVE('',#6119,#6301);
#6301 = DEFINITIONAL_REPRESENTATION('',(#6302),#6343);
#6302 = B_SPLINE_CURVE_WITH_KNOTS('',3,(#6303,#6304,#6305,#6306,#6307,
    #6308,#6309,#6310,#6311,#6312,#6313,#6314,#6315,#6316,#6317,#6318,
    #6319,#6320,#6321,#6322,#6323,#6324,#6325,#6326,#6327,#6328,#6329,
    #6330,#6331,#6332,#6333,#6334,#6335,#6336,#6337,#6338,#6339,#6340,
    #6341,#6342),.UNSPECIFIED.,.F.,.F.,(4,3,3,3,3,3,3,3,3,3,3,3,3,4),(0.
    ,1.315013618839E-02,2.664878047467E-02,3.936255589331E-02,
    5.283985664319E-02,6.61318531851E-02,7.864497642746E-02,
    8.422679510753E-02,9.745667599335E-02,0.110849703056,0.112958301819,
    0.126333761749,0.139567683209,0.147241710802),.UNSPECIFIED.);
#6303 = CARTESIAN_POINT('',(-0.177269865684,1.505446753755));
#6304 = CARTESIAN_POINT('',(-0.146274697443,1.536441921996));
#6305 = CARTESIAN_POINT('',(-0.113273570009,1.565167276217));
#6306 = CARTESIAN_POINT('',(-7.856804565582E-02,1.591582947883));
#6307 = CARTESIAN_POINT('',(-4.294274708093E-02,1.618698694084));
#6308 = CARTESIAN_POINT('',(-5.520586122163E-03,1.643381266019));
#6309 = CARTESIAN_POINT('',(3.340909749546E-02,1.665546379823));
#6310 = CARTESIAN_POINT('',(7.007524293469E-02,1.686422719185));
#6311 = CARTESIAN_POINT('',(0.108079775453,1.705065788029));
#6312 = CARTESIAN_POINT('',(0.147197974577,1.721366505809));
#6313 = CARTESIAN_POINT('',(0.188665415759,1.738646162617));
#6314 = CARTESIAN_POINT('',(0.231118200974,1.753183383488));
#6315 = CARTESIAN_POINT('',(0.274265381808,1.764904638989));
#6316 = CARTESIAN_POINT('',(0.316819316685,1.776464734774));
#6317 = CARTESIAN_POINT('',(0.360049787235,1.785286032972));
#6318 = CARTESIAN_POINT('',(0.403693808979,1.791251259766));
#6319 = CARTESIAN_POINT('',(0.444780414828,1.796866941188));
#6320 = CARTESIAN_POINT('',(0.486234374535,1.799951347793));
#6321 = CARTESIAN_POINT('',(0.527836779139,1.800364462933));
#6322 = CARTESIAN_POINT('',(0.546394662303,1.800548744167));
#6323 = CARTESIAN_POINT('',(0.564934997058,1.800200413673));
#6324 = CARTESIAN_POINT('',(0.583438163594,1.799312395292));
#6325 = CARTESIAN_POINT('',(0.627293885771,1.797207637315));
#6326 = CARTESIAN_POINT('',(0.670941016369,1.792074737366));
#6327 = CARTESIAN_POINT('',(0.714106625323,1.784063665709));
#6328 = CARTESIAN_POINT('',(0.757804537185,1.775953804372));
#6329 = CARTESIAN_POINT('',(0.801010115594,1.764894000893));
#6330 = CARTESIAN_POINT('',(0.843428918186,1.750988821665));
#6331 = CARTESIAN_POINT('',(0.85010733631,1.748799589643));
#6332 = CARTESIAN_POINT('',(0.856766209335,1.746539732832));
#6333 = CARTESIAN_POINT('',(0.863404333779,1.744209554683));
#6334 = CARTESIAN_POINT('',(0.905511902597,1.729428551767));
#6335 = CARTESIAN_POINT('',(0.946542099936,1.71190762022));
#6336 = CARTESIAN_POINT('',(0.986214230809,1.691791142086));
#6337 = CARTESIAN_POINT('',(1.025466553112,1.671887535549));
#6338 = CARTESIAN_POINT('',(1.063390447386,1.649442485898));
#6339 = CARTESIAN_POINT('',(1.099693558787,1.624550430329));
#6340 = CARTESIAN_POINT('',(1.120744845771,1.610116135714));
#6341 = CARTESIAN_POINT('',(1.141250673551,1.594858218011));
#6342 = CARTESIAN_POINT('',(1.161148719557,1.578789019759));
#6343 = ( GEOMETRIC_REPRESENTATION_CONTEXT(2) 
PARAMETRIC_REPRESENTATION_CONTEXT() REPRESENTATION_CONTEXT('2D SPACE',''
  ) );
#6344 = ORIENTED_EDGE('',*,*,#6345,.F.);
#6345 = EDGE_CURVE('',#6346,#6183,#6348,.T.);
#6346 = VERTEX_POINT('',#6347);
#6347 = CARTESIAN_POINT('',(-7.641584294339,5.7088676749,-1.499999999784
    ));
#6348 = SURFACE_CURVE('',#6349,(#6354,#6361),.PCURVE_S1.);
#6349 = B_SPLINE_CURVE_WITH_KNOTS('',3,(#6350,#6351,#6352,#6353),
  .UNSPECIFIED.,.F.,.F.,(4,4),(0.250963424828,0.401542485533),
  .PIECEWISE_BEZIER_KNOTS.);
#6350 = CARTESIAN_POINT('',(-7.641584168372,5.708867548933,
    -1.50000001556));
#6351 = CARTESIAN_POINT('',(-7.672668966649,5.73995234721,
    -2.000001414237));
#6352 = CARTESIAN_POINT('',(-7.703764313491,5.771047694052,
    -2.500001501235));
#6353 = CARTESIAN_POINT('',(-7.734872425454,5.802155806015,-3.));
#6354 = PCURVE('',#3610,#6355);
#6355 = DEFINITIONAL_REPRESENTATION('',(#6356),#6360);
#6356 = LINE('',#6357,#6358);
#6357 = CARTESIAN_POINT('',(-3.971640584869E-15,6.661338147751E-16));
#6358 = VECTOR('',#6359,1.);
#6359 = DIRECTION('',(1.009071159619E-14,1.));
#6360 = ( GEOMETRIC_REPRESENTATION_CONTEXT(2) 
PARAMETRIC_REPRESENTATION_CONTEXT() REPRESENTATION_CONTEXT('2D SPACE',''
  ) );
#6361 = PCURVE('',#6362,#6367);
#6362 = PLANE('',#6363);
#6363 = AXIS2_PLACEMENT_3D('',#6364,#6365,#6366);
#6364 = CARTESIAN_POINT('',(-8.425581051361,6.492864431923,-3.));
#6365 = DIRECTION('',(-0.707106781187,-0.707106781187,0.));
#6366 = DIRECTION('',(0.707106781187,-0.707106781187,0.));
#6367 = DEFINITIONAL_REPRESENTATION('',(#6368),#6373);
#6368 = B_SPLINE_CURVE_WITH_KNOTS('',3,(#6369,#6370,#6371,#6372),
  .UNSPECIFIED.,.F.,.F.,(4,4),(0.250963424828,0.401542485533),
  .PIECEWISE_BEZIER_KNOTS.);
#6369 = CARTESIAN_POINT('',(1.108739024782,1.49999998444));
#6370 = CARTESIAN_POINT('',(1.064778481475,0.999998585763));
#6371 = CARTESIAN_POINT('',(1.020803020244,0.499998498765));
#6372 = CARTESIAN_POINT('',(0.976809506406,0.));
#6373 = ( GEOMETRIC_REPRESENTATION_CONTEXT(2) 
PARAMETRIC_REPRESENTATION_CONTEXT() REPRESENTATION_CONTEXT('2D SPACE',''
  ) );
#6374 = ORIENTED_EDGE('',*,*,#6375,.T.);
#6375 = EDGE_CURVE('',#6346,#6376,#6378,.T.);
#6376 = VERTEX_POINT('',#6377);
#6377 = CARTESIAN_POINT('',(-7.609824823883,5.678464566265,
    -1.49999908014));
#6378 = SURFACE_CURVE('',#6379,(#6384,#6390),.PCURVE_S1.);
#6379 = B_SPLINE_CURVE_WITH_KNOTS('',3,(#6380,#6381,#6382,#6383),
  .UNSPECIFIED.,.F.,.F.,(4,4),(-0.416572813636,-0.412177255515),
  .PIECEWISE_BEZIER_KNOTS.);
#6380 = CARTESIAN_POINT('',(-7.641584294339,5.7088676749,-1.5));
#6381 = CARTESIAN_POINT('',(-7.63122386449,5.698507245052,-1.5));
#6382 = CARTESIAN_POINT('',(-7.620637588863,5.688372660981,
    -1.500000307203));
#6383 = CARTESIAN_POINT('',(-7.609824823883,5.678464566265,
    -1.49999908014));
#6384 = PCURVE('',#3610,#6385);
#6385 = DEFINITIONAL_REPRESENTATION('',(#6386),#6389);
#6386 = B_SPLINE_CURVE_WITH_KNOTS('',1,(#6387,#6388),.UNSPECIFIED.,.F.,
  .F.,(2,2),(-0.416572813636,-0.412177255515),.PIECEWISE_BEZIER_KNOTS.);
#6387 = CARTESIAN_POINT('',(-1.214835582859E-07,0.250963424838));
#6388 = CARTESIAN_POINT('',(2.976493801359E-02,0.250578357852));
#6389 = ( GEOMETRIC_REPRESENTATION_CONTEXT(2) 
PARAMETRIC_REPRESENTATION_CONTEXT() REPRESENTATION_CONTEXT('2D SPACE',''
  ) );
#6390 = PCURVE('',#6391,#6408);
#6391 = B_SPLINE_SURFACE_WITH_KNOTS('',3,3,(
    (#6392,#6393,#6394,#6395)
    ,(#6396,#6397,#6398,#6399)
    ,(#6400,#6401,#6402,#6403)
    ,(#6404,#6405,#6406,#6407
    )),.UNSPECIFIED.,.F.,.F.,.F.,(4,4),(4,4),(0.,1.),(0.412177255515,
    0.416572813636),.PIECEWISE_BEZIER_KNOTS.);
#6392 = CARTESIAN_POINT('',(-7.609824823883,5.678464566265,
    -1.49999908014));
#6393 = CARTESIAN_POINT('',(-7.620637588863,5.688372660981,
    -1.500000307203));
#6394 = CARTESIAN_POINT('',(-7.63122386449,5.698507245052,-1.5));
#6395 = CARTESIAN_POINT('',(-7.641584294339,5.7088676749,-1.5));
#6396 = CARTESIAN_POINT('',(-7.727902014384,5.560387375764,
    -1.333332720094));
#6397 = CARTESIAN_POINT('',(-7.738564000987,5.570446248857,
    -1.333333538135));
#6398 = CARTESIAN_POINT('',(-7.749074994688,5.580656114854,
    -1.333333333333));
#6399 = CARTESIAN_POINT('',(-7.759435424536,5.591016544702,
    -1.333333333333));
#6400 = CARTESIAN_POINT('',(-7.845979204885,5.442310185262,
    -1.166666360047));
#6401 = CARTESIAN_POINT('',(-7.856490413111,5.452519836733,
    -1.166666769068));
#6402 = CARTESIAN_POINT('',(-7.866926124886,5.462804984656,
    -1.166666666667));
#6403 = CARTESIAN_POINT('',(-7.877286554734,5.473165414504,
    -1.166666666667));
#6404 = CARTESIAN_POINT('',(-7.964056395387,5.324232994761,-1.));
#6405 = CARTESIAN_POINT('',(-7.974416825235,5.33459342461,-1.));
#6406 = CARTESIAN_POINT('',(-7.984777255084,5.344953854458,-1.));
#6407 = CARTESIAN_POINT('',(-7.995137684932,5.355314284307,-1.));
#6408 = DEFINITIONAL_REPRESENTATION('',(#6409),#6413);
#6409 = LINE('',#6410,#6411);
#6410 = CARTESIAN_POINT('',(-2.838320896664E-14,0.));
#6411 = VECTOR('',#6412,1.);
#6412 = DIRECTION('',(-6.804305811552E-14,-1.));
#6413 = ( GEOMETRIC_REPRESENTATION_CONTEXT(2) 
PARAMETRIC_REPRESENTATION_CONTEXT() REPRESENTATION_CONTEXT('2D SPACE',''
  ) );
#6414 = ORIENTED_EDGE('',*,*,#6415,.T.);
#6415 = EDGE_CURVE('',#6376,#6416,#6418,.T.);
#6416 = VERTEX_POINT('',#6417);
#6417 = CARTESIAN_POINT('',(-6.625371646214,5.461610554791,
    -1.498495886797));
#6418 = SURFACE_CURVE('',#6419,(#6424,#6430),.PCURVE_S1.);
#6419 = B_SPLINE_CURVE_WITH_KNOTS('',3,(#6420,#6421,#6422,#6423),
  .UNSPECIFIED.,.F.,.F.,(4,4),(0.,0.108235122917),
  .PIECEWISE_BEZIER_KNOTS.);
#6420 = CARTESIAN_POINT('',(-7.609824823883,5.678464566265,
    -1.49999908014));
#6421 = CARTESIAN_POINT('',(-7.343827406803,5.434722322028,
    -1.499968894018));
#6422 = CARTESIAN_POINT('',(-6.955028428446,5.356044282902,
    -1.499054703709));
#6423 = CARTESIAN_POINT('',(-6.62537164612,5.461610554822,
    -1.498495886797));
#6424 = PCURVE('',#3610,#6425);
#6425 = DEFINITIONAL_REPRESENTATION('',(#6426),#6429);
#6426 = B_SPLINE_CURVE_WITH_KNOTS('',1,(#6427,#6428),.UNSPECIFIED.,.F.,
  .F.,(2,2),(0.,0.108235122917),.PIECEWISE_BEZIER_KNOTS.);
#6427 = CARTESIAN_POINT('',(2.97649380136E-02,0.250578357852));
#6428 = CARTESIAN_POINT('',(0.745364634335,0.242989135209));
#6429 = ( GEOMETRIC_REPRESENTATION_CONTEXT(2) 
PARAMETRIC_REPRESENTATION_CONTEXT() REPRESENTATION_CONTEXT('2D SPACE',''
  ) );
#6430 = PCURVE('',#6431,#6448);
#6431 = B_SPLINE_SURFACE_WITH_KNOTS('',3,3,(
    (#6432,#6433,#6434,#6435)
    ,(#6436,#6437,#6438,#6439)
    ,(#6440,#6441,#6442,#6443)
    ,(#6444,#6445,#6446,#6447
    )),.UNSPECIFIED.,.F.,.F.,.F.,(4,4),(4,4),(0.,1.),(-0.108235122917,0.
    ),.PIECEWISE_BEZIER_KNOTS.);
#6432 = CARTESIAN_POINT('',(-6.62537164612,5.461610554822,
    -1.498495886797));
#6433 = CARTESIAN_POINT('',(-6.955028428446,5.356044282902,
    -1.499054703709));
#6434 = CARTESIAN_POINT('',(-7.343827406803,5.434722322028,
    -1.499968894018));
#6435 = CARTESIAN_POINT('',(-7.609824823883,5.678464566265,
    -1.49999908014));
#6436 = CARTESIAN_POINT('',(-6.574166250574,5.289480875519,
    -1.332330591198));
#6437 = CARTESIAN_POINT('',(-6.966557096634,5.167752205808,
    -1.332703135806));
#6438 = CARTESIAN_POINT('',(-7.423340098324,5.270662241599,
    -1.333312596012));
#6439 = CARTESIAN_POINT('',(-7.727902014384,5.560387375764,
    -1.333332720094));
#6440 = CARTESIAN_POINT('',(-6.522960855028,5.117351196216,
    -1.166165295599));
#6441 = CARTESIAN_POINT('',(-6.978085764821,4.979460128713,
    -1.166351567903));
#6442 = CARTESIAN_POINT('',(-7.502852789846,5.106602161171,
    -1.166656298006));
#6443 = CARTESIAN_POINT('',(-7.845979204885,5.442310185262,
    -1.166666360047));
#6444 = CARTESIAN_POINT('',(-6.471755459482,4.945221516913,-1.));
#6445 = CARTESIAN_POINT('',(-6.989614433009,4.791168051619,-1.));
#6446 = CARTESIAN_POINT('',(-7.582365481368,4.942542080742,-1.));
#6447 = CARTESIAN_POINT('',(-7.964056395387,5.324232994761,-1.));
#6448 = DEFINITIONAL_REPRESENTATION('',(#6449),#6453);
#6449 = LINE('',#6450,#6451);
#6450 = CARTESIAN_POINT('',(-7.037553670789E-16,2.847590056371E-17));
#6451 = VECTOR('',#6452,1.);
#6452 = DIRECTION('',(5.561987859557E-15,-1.));
#6453 = ( GEOMETRIC_REPRESENTATION_CONTEXT(2) 
PARAMETRIC_REPRESENTATION_CONTEXT() REPRESENTATION_CONTEXT('2D SPACE',''
  ) );
#6454 = ORIENTED_EDGE('',*,*,#6455,.F.);
#6455 = EDGE_CURVE('',#6157,#6416,#6456,.T.);
#6456 = SURFACE_CURVE('',#6457,(#6462,#6468),.PCURVE_S1.);
#6457 = B_SPLINE_CURVE_WITH_KNOTS('',3,(#6458,#6459,#6460,#6461),
  .UNSPECIFIED.,.F.,.F.,(4,4),(-0.208687657763,-0.158584354992),
  .PIECEWISE_BEZIER_KNOTS.);
#6458 = CARTESIAN_POINT('',(-6.582203689188,5.434767230782,
    -0.999971988713));
#6459 = CARTESIAN_POINT('',(-6.596742842396,5.443678966807,
    -1.166155854272));
#6460 = CARTESIAN_POINT('',(-6.611280550344,5.452622719254,
    -1.33232837017));
#6461 = CARTESIAN_POINT('',(-6.62581530508,5.461596965943,
    -1.498469116626));
#6462 = PCURVE('',#3610,#6463);
#6463 = DEFINITIONAL_REPRESENTATION('',(#6464),#6467);
#6464 = B_SPLINE_CURVE_WITH_KNOTS('',1,(#6465,#6466),.UNSPECIFIED.,.F.,
  .F.,(2,2),(-0.208687657763,-0.158585479936),.PIECEWISE_BEZIER_KNOTS.);
#6465 = CARTESIAN_POINT('',(0.752971627406,0.192896418582));
#6466 = CARTESIAN_POINT('',(0.745075205125,0.242988007338));
#6467 = ( GEOMETRIC_REPRESENTATION_CONTEXT(2) 
PARAMETRIC_REPRESENTATION_CONTEXT() REPRESENTATION_CONTEXT('2D SPACE',''
  ) );
#6468 = PCURVE('',#3676,#6469);
#6469 = DEFINITIONAL_REPRESENTATION('',(#6470),#6475);
#6470 = B_SPLINE_CURVE_WITH_KNOTS('',3,(#6471,#6472,#6473,#6474),
  .UNSPECIFIED.,.F.,.F.,(4,4),(-0.208687657763,-0.158584354992),
  .PIECEWISE_BEZIER_KNOTS.);
#6471 = CARTESIAN_POINT('',(-13.18476723078,-0.872597702863));
#6472 = CARTESIAN_POINT('',(-13.1936789668,-1.039416359338));
#6473 = CARTESIAN_POINT('',(-13.20262271925,-1.206223583377));
#6474 = CARTESIAN_POINT('',(-13.21159696594,-1.372998901479));
#6475 = ( GEOMETRIC_REPRESENTATION_CONTEXT(2) 
PARAMETRIC_REPRESENTATION_CONTEXT() REPRESENTATION_CONTEXT('2D SPACE',''
  ) );
#6476 = ADVANCED_FACE('',(#6477),#3676,.F.);
#6477 = FACE_BOUND('',#6478,.T.);
#6478 = EDGE_LOOP('',(#6479,#6480,#6481,#6482,#6541,#6569,#6626,#6627));
#6479 = ORIENTED_EDGE('',*,*,#3660,.F.);
#6480 = ORIENTED_EDGE('',*,*,#5103,.T.);
#6481 = ORIENTED_EDGE('',*,*,#5127,.F.);
#6482 = ORIENTED_EDGE('',*,*,#6483,.F.);
#6483 = EDGE_CURVE('',#6484,#5128,#6486,.T.);
#6484 = VERTEX_POINT('',#6485);
#6485 = CARTESIAN_POINT('',(-6.581758907247,-4.916986055047,-1.));
#6486 = SURFACE_CURVE('',#6487,(#6498,#6512),.PCURVE_S1.);
#6487 = B_SPLINE_CURVE_WITH_KNOTS('',3,(#6488,#6489,#6490,#6491,#6492,
    #6493,#6494,#6495,#6496,#6497),.UNSPECIFIED.,.F.,.F.,(4,3,3,4),(0.,
    3.642173197614E-02,5.672220783935E-02,7.27780595193E-02),
  .UNSPECIFIED.);
#6488 = CARTESIAN_POINT('',(-6.581805208653,-4.917263982617,-1.));
#6489 = CARTESIAN_POINT('',(-6.588997431204,-5.006239725963,
    -1.082204256078));
#6490 = CARTESIAN_POINT('',(-6.59639779793,-5.098123932812,
    -1.166864455617));
#6491 = CARTESIAN_POINT('',(-6.603569091029,-5.18765913395,
    -1.248955600526));
#6492 = CARTESIAN_POINT('',(-6.60756617339,-5.237563602821,
    -1.294710956337));
#6493 = CARTESIAN_POINT('',(-6.611671473327,-5.288942808052,
    -1.341690848432));
#6494 = CARTESIAN_POINT('',(-6.615758053754,-5.340341677778,
    -1.388489730078));
#6495 = CARTESIAN_POINT('',(-6.618990171546,-5.380993563694,
    -1.425503438898));
#6496 = CARTESIAN_POINT('',(-6.622214007201,-5.421657323498,
    -1.462403908801));
#6497 = CARTESIAN_POINT('',(-6.625371646128,-5.461610582704,
    -1.498495886887));
#6498 = PCURVE('',#3676,#6499);
#6499 = DEFINITIONAL_REPRESENTATION('',(#6500),#6511);
#6500 = B_SPLINE_CURVE_WITH_KNOTS('',3,(#6501,#6502,#6503,#6504,#6505,
    #6506,#6507,#6508,#6509,#6510),.UNSPECIFIED.,.F.,.F.,(4,3,3,4),(0.,
    3.642173197614E-02,5.672220783935E-02,7.27780595193E-02),
  .UNSPECIFIED.);
#6501 = CARTESIAN_POINT('',(-2.832736017383,-0.872590877691));
#6502 = CARTESIAN_POINT('',(-2.743760274037,-0.955109165255));
#6503 = CARTESIAN_POINT('',(-2.651876067188,-1.040092191633));
#6504 = CARTESIAN_POINT('',(-2.56234086605,-1.122495974329));
#6505 = CARTESIAN_POINT('',(-2.512436397179,-1.168425585879));
#6506 = CARTESIAN_POINT('',(-2.461057191948,-1.215584505766));
#6507 = CARTESIAN_POINT('',(-2.409658322222,-1.262561472491));
#6508 = CARTESIAN_POINT('',(-2.369006436306,-1.299716030601));
#6509 = CARTESIAN_POINT('',(-2.328342676502,-1.336757058867));
#6510 = CARTESIAN_POINT('',(-2.288389417296,-1.372986902445));
#6511 = ( GEOMETRIC_REPRESENTATION_CONTEXT(2) 
PARAMETRIC_REPRESENTATION_CONTEXT() REPRESENTATION_CONTEXT('2D SPACE',''
  ) );
#6512 = PCURVE('',#5167,#6513);
#6513 = DEFINITIONAL_REPRESENTATION('',(#6514),#6540);
#6514 = B_SPLINE_CURVE_WITH_KNOTS('',3,(#6515,#6516,#6517,#6518,#6519,
    #6520,#6521,#6522,#6523,#6524,#6525,#6526,#6527,#6528,#6529,#6530,
    #6531,#6532,#6533,#6534,#6535,#6536,#6537,#6538,#6539),
  .UNSPECIFIED.,.F.,.F.,(4,1,1,1,1,1,1,1,1,1,1,1,1,1,1,1,1,1,1,1,1,1,4),
  (0.,3.308093614514E-03,6.616187229028E-03,9.924280843542E-03,
    1.323237445806E-02,1.654046807257E-02,1.984856168708E-02,
    2.31566553016E-02,2.646474891611E-02,2.977284253062E-02,
    3.308093614514E-02,3.638902975965E-02,3.969712337417E-02,
    4.300521698868E-02,4.631331060319E-02,4.962140421771E-02,
    5.292949783222E-02,5.623759144674E-02,5.954568506125E-02,
    6.285377867576E-02,6.616187229028E-02,6.946996590479E-02,
    7.27780595193E-02),.QUASI_UNIFORM_KNOTS.);
#6515 = CARTESIAN_POINT('',(1.,-4.756616835898E-02));
#6516 = CARTESIAN_POINT('',(0.985025814494,-4.749432554335E-02));
#6517 = CARTESIAN_POINT('',(0.954995960553,-4.734788747688E-02));
#6518 = CARTESIAN_POINT('',(0.909751990925,-4.711971270895E-02));
#6519 = CARTESIAN_POINT('',(0.864354093787,-4.688276225048E-02));
#6520 = CARTESIAN_POINT('',(0.818847526391,-4.66367698878E-02));
#6521 = CARTESIAN_POINT('',(0.77327759996,-4.638146550894E-02));
#6522 = CARTESIAN_POINT('',(0.727689443067,-4.611657367398E-02));
#6523 = CARTESIAN_POINT('',(0.682128878362,-4.584182134271E-02));
#6524 = CARTESIAN_POINT('',(0.636639138321,-4.555691594589E-02));
#6525 = CARTESIAN_POINT('',(0.591273109222,-4.526163435095E-02));
#6526 = CARTESIAN_POINT('',(0.546047620517,-4.495549952733E-02));
#6527 = CARTESIAN_POINT('',(0.501114021404,-4.46389973539E-02));
#6528 = CARTESIAN_POINT('',(0.456121559856,-4.430904722687E-02));
#6529 = CARTESIAN_POINT('',(0.410719452809,-4.396199136663E-02));
#6530 = CARTESIAN_POINT('',(0.365094284768,-4.359797240665E-02));
#6531 = CARTESIAN_POINT('',(0.319288742069,-4.321608387649E-02));
#6532 = CARTESIAN_POINT('',(0.273384095481,-4.281567496048E-02));
#6533 = CARTESIAN_POINT('',(0.227451315393,-4.23959947361E-02));
#6534 = CARTESIAN_POINT('',(0.181564089883,-4.195633028077E-02));
#6535 = CARTESIAN_POINT('',(0.135795319378,-4.149603158069E-02));
#6536 = CARTESIAN_POINT('',(9.021823545802E-02,-4.101436548995E-02));
#6537 = CARTESIAN_POINT('',(4.490594830029E-02,-4.051062733391E-02));
#6538 = CARTESIAN_POINT('',(1.492299137377E-02,-4.015963449219E-02));
#6539 = CARTESIAN_POINT('',(0.,-3.998023182607E-02));
#6540 = ( GEOMETRIC_REPRESENTATION_CONTEXT(2) 
PARAMETRIC_REPRESENTATION_CONTEXT() REPRESENTATION_CONTEXT('2D SPACE',''
  ) );
#6541 = ORIENTED_EDGE('',*,*,#6542,.F.);
#6542 = EDGE_CURVE('',#6543,#6484,#6545,.T.);
#6543 = VERTEX_POINT('',#6544);
#6544 = CARTESIAN_POINT('',(-6.581758907237,4.916986021972,-1.));
#6545 = SURFACE_CURVE('',#6546,(#6550,#6557),.PCURVE_S1.);
#6546 = LINE('',#6547,#6548);
#6547 = CARTESIAN_POINT('',(-6.581758907211,-3.875,-1.));
#6548 = VECTOR('',#6549,1.);
#6549 = DIRECTION('',(-6.043552755016E-17,-1.,0.));
#6550 = PCURVE('',#3676,#6551);
#6551 = DEFINITIONAL_REPRESENTATION('',(#6552),#6556);
#6552 = LINE('',#6553,#6554);
#6553 = CARTESIAN_POINT('',(-3.875,-0.872586842254));
#6554 = VECTOR('',#6555,1.);
#6555 = DIRECTION('',(1.,1.411663305022E-33));
#6556 = ( GEOMETRIC_REPRESENTATION_CONTEXT(2) 
PARAMETRIC_REPRESENTATION_CONTEXT() REPRESENTATION_CONTEXT('2D SPACE',''
  ) );
#6557 = PCURVE('',#6558,#6563);
#6558 = PLANE('',#6559);
#6559 = AXIS2_PLACEMENT_3D('',#6560,#6561,#6562);
#6560 = CARTESIAN_POINT('',(0.,0.,-1.));
#6561 = DIRECTION('',(0.,0.,-1.));
#6562 = DIRECTION('',(1.,0.,0.));
#6563 = DEFINITIONAL_REPRESENTATION('',(#6564),#6568);
#6564 = LINE('',#6565,#6566);
#6565 = CARTESIAN_POINT('',(-6.581758907211,3.875));
#6566 = VECTOR('',#6567,1.);
#6567 = DIRECTION('',(-6.043552755016E-17,1.));
#6568 = ( GEOMETRIC_REPRESENTATION_CONTEXT(2) 
PARAMETRIC_REPRESENTATION_CONTEXT() REPRESENTATION_CONTEXT('2D SPACE',''
  ) );
#6569 = ORIENTED_EDGE('',*,*,#6570,.F.);
#6570 = EDGE_CURVE('',#6416,#6543,#6571,.T.);
#6571 = SURFACE_CURVE('',#6572,(#6583,#6597),.PCURVE_S1.);
#6572 = B_SPLINE_CURVE_WITH_KNOTS('',3,(#6573,#6574,#6575,#6576,#6577,
    #6578,#6579,#6580,#6581,#6582),.UNSPECIFIED.,.F.,.F.,(4,3,3,4),(0.,
    2.726973235769E-02,3.640545727983E-02,7.33414729755E-02),
  .UNSPECIFIED.);
#6573 = CARTESIAN_POINT('',(-6.62537164612,5.461610554822,
    -1.498495886797));
#6574 = CARTESIAN_POINT('',(-6.620049824179,5.39427412415,
    -1.437667183661));
#6575 = CARTESIAN_POINT('',(-6.614539523896,5.324934455291,
    -1.374553415712));
#6576 = CARTESIAN_POINT('',(-6.609111305549,5.257047962329,
    -1.312484777694));
#6577 = CARTESIAN_POINT('',(-6.60729277983,5.234305079579,
    -1.291690954132));
#6578 = CARTESIAN_POINT('',(-6.605483444484,5.211725167859,
    -1.271014439293));
#6579 = CARTESIAN_POINT('',(-6.603696211803,5.189437577634,
    -1.250580463377));
#6580 = CARTESIAN_POINT('',(-6.59647037533,5.099328167667,
    -1.167965272835));
#6581 = CARTESIAN_POINT('',(-6.58900741146,5.006819479219,
    -1.082727192408));
#6582 = CARTESIAN_POINT('',(-6.581756036158,4.917281916501,-1.));
#6583 = PCURVE('',#3676,#6584);
#6584 = DEFINITIONAL_REPRESENTATION('',(#6585),#6596);
#6585 = B_SPLINE_CURVE_WITH_KNOTS('',3,(#6586,#6587,#6588,#6589,#6590,
    #6591,#6592,#6593,#6594,#6595),.UNSPECIFIED.,.F.,.F.,(4,3,3,4),(0.,
    2.726973235769E-02,3.640545727983E-02,7.33414729755E-02),
  .UNSPECIFIED.);
#6586 = CARTESIAN_POINT('',(-13.21161055482,-1.372986902355));
#6587 = CARTESIAN_POINT('',(-13.14427412415,-1.311925843455));
#6588 = CARTESIAN_POINT('',(-13.07493445529,-1.248571988134));
#6589 = CARTESIAN_POINT('',(-13.00704796232,-1.186266439621));
#6590 = CARTESIAN_POINT('',(-12.98430507957,-1.165393247876));
#6591 = CARTESIAN_POINT('',(-12.96172516785,-1.144637719452));
#6592 = CARTESIAN_POINT('',(-12.93943757763,-1.124125733391));
#6593 = CARTESIAN_POINT('',(-12.84932816766,-1.041195145447));
#6594 = CARTESIAN_POINT('',(-12.75681947921,-0.955630981491));
#6595 = CARTESIAN_POINT('',(-12.6672819165,-0.872586592026));
#6596 = ( GEOMETRIC_REPRESENTATION_CONTEXT(2) 
PARAMETRIC_REPRESENTATION_CONTEXT() REPRESENTATION_CONTEXT('2D SPACE',''
  ) );
#6597 = PCURVE('',#6431,#6598);
#6598 = DEFINITIONAL_REPRESENTATION('',(#6599),#6625);
#6599 = B_SPLINE_CURVE_WITH_KNOTS('',3,(#6600,#6601,#6602,#6603,#6604,
    #6605,#6606,#6607,#6608,#6609,#6610,#6611,#6612,#6613,#6614,#6615,
    #6616,#6617,#6618,#6619,#6620,#6621,#6622,#6623,#6624),
  .UNSPECIFIED.,.F.,.F.,(4,1,1,1,1,1,1,1,1,1,1,1,1,1,1,1,1,1,1,1,1,1,4),
  (0.,3.333703317068E-03,6.667406634137E-03,1.00011099512E-02,
    1.333481326827E-02,1.666851658534E-02,2.000221990241E-02,
    2.333592321948E-02,2.666962653655E-02,3.000332985361E-02,
    3.333703317068E-02,3.667073648775E-02,4.000443980482E-02,
    4.333814312189E-02,4.667184643896E-02,5.000554975602E-02,
    5.333925307309E-02,5.667295639016E-02,6.000665970723E-02,
    6.33403630243E-02,6.667406634137E-02,7.000776965843E-02,
    7.33414729755E-02),.QUASI_UNIFORM_KNOTS.);
#6600 = CARTESIAN_POINT('',(0.,-0.108235122917));
#6601 = CARTESIAN_POINT('',(1.492297418414E-02,-0.108055435662));
#6602 = CARTESIAN_POINT('',(4.490517589945E-02,-0.107703904555));
#6603 = CARTESIAN_POINT('',(9.021417600831E-02,-0.107199450177));
#6604 = CARTESIAN_POINT('',(0.135785829334,-0.106717159091));
#6605 = CARTESIAN_POINT('',(0.181547027906,-0.106256321018));
#6606 = CARTESIAN_POINT('',(0.227424571579,-0.105816219369));
#6607 = CARTESIAN_POINT('',(0.273345472416,-0.105396133725));
#6608 = CARTESIAN_POINT('',(0.319235857071,-0.104995356218));
#6609 = CARTESIAN_POINT('',(0.365025129389,-0.104613165439));
#6610 = CARTESIAN_POINT('',(0.410630481169,-0.104248948313));
#6611 = CARTESIAN_POINT('',(0.456014908623,-0.103901726193));
#6612 = CARTESIAN_POINT('',(0.500970573824,-0.103571732011));
#6613 = CARTESIAN_POINT('',(0.545939256634,-0.103254680938));
#6614 = CARTESIAN_POINT('',(0.591179080066,-0.10294818955));
#6615 = CARTESIAN_POINT('',(0.636563369964,-0.102652553167));
#6616 = CARTESIAN_POINT('',(0.682068540833,-0.10236734228));
#6617 = CARTESIAN_POINT('',(0.727643372707,-0.10209231769));
#6618 = CARTESIAN_POINT('',(0.773244043064,-0.101827187999));
#6619 = CARTESIAN_POINT('',(0.818824744188,-0.101571676918));
#6620 = CARTESIAN_POINT('',(0.864340200709,-0.101325507131));
#6621 = CARTESIAN_POINT('',(0.909744998298,-0.101088406467));
#6622 = CARTESIAN_POINT('',(0.9549937652,-0.100860106865));
#6623 = CARTESIAN_POINT('',(0.985025341181,-0.100713601359));
#6624 = CARTESIAN_POINT('',(1.,-0.10064172848));
#6625 = ( GEOMETRIC_REPRESENTATION_CONTEXT(2) 
PARAMETRIC_REPRESENTATION_CONTEXT() REPRESENTATION_CONTEXT('2D SPACE',''
  ) );
#6626 = ORIENTED_EDGE('',*,*,#6455,.F.);
#6627 = ORIENTED_EDGE('',*,*,#6156,.T.);
#6628 = ADVANCED_FACE('',(#6629),#3828,.F.);
#6629 = FACE_BOUND('',#6630,.F.);
#6630 = EDGE_LOOP('',(#6631,#6655,#6656,#6657,#6658,#6683,#6723,#6763));
#6631 = ORIENTED_EDGE('',*,*,#6632,.T.);
#6632 = EDGE_CURVE('',#6633,#3985,#6635,.T.);
#6633 = VERTEX_POINT('',#6634);
#6634 = CARTESIAN_POINT('',(6.581758907211,-5.43476164123,
    -1.000000000001));
#6635 = SURFACE_CURVE('',#6636,(#6641,#6647),.PCURVE_S1.);
#6636 = B_SPLINE_CURVE_WITH_KNOTS('',3,(#6637,#6638,#6639,#6640),
  .UNSPECIFIED.,.F.,.F.,(4,4),(0.426860595126,0.435611170096),
  .PIECEWISE_BEZIER_KNOTS.);
#6637 = CARTESIAN_POINT('',(6.58221609245,-5.43613230405,-0.999886379167
    ));
#6638 = CARTESIAN_POINT('',(6.57967447935,-5.434572316033,
    -0.970834968524));
#6639 = CARTESIAN_POINT('',(6.577132753321,-5.433013281469,
    -0.941783112301));
#6640 = CARTESIAN_POINT('',(6.57459099412,-5.43145517436,-0.912730828954
    ));
#6641 = PCURVE('',#3828,#6642);
#6642 = DEFINITIONAL_REPRESENTATION('',(#6643),#6646);
#6643 = B_SPLINE_CURVE_WITH_KNOTS('',1,(#6644,#6645),.UNSPECIFIED.,.F.,
  .F.,(2,2),(0.426860595126,0.43561116244),.PIECEWISE_BEZIER_KNOTS.);
#6644 = CARTESIAN_POINT('',(0.247028352327,0.300283351231));
#6645 = CARTESIAN_POINT('',(0.245640425801,0.309041310095));
#6646 = ( GEOMETRIC_REPRESENTATION_CONTEXT(2) 
PARAMETRIC_REPRESENTATION_CONTEXT() REPRESENTATION_CONTEXT('2D SPACE',''
  ) );
#6647 = PCURVE('',#4074,#6648);
#6648 = DEFINITIONAL_REPRESENTATION('',(#6649),#6654);
#6649 = B_SPLINE_CURVE_WITH_KNOTS('',3,(#6650,#6651,#6652,#6653),
  .UNSPECIFIED.,.F.,.F.,(4,4),(0.426860595126,0.435611170096),
  .PIECEWISE_BEZIER_KNOTS.);
#6650 = CARTESIAN_POINT('',(-13.18613230405,-0.872513500103));
#6651 = CARTESIAN_POINT('',(-13.18457231603,-0.84335112267));
#6652 = CARTESIAN_POINT('',(-13.18301328146,-0.814188291511));
#6653 = CARTESIAN_POINT('',(-13.18145517436,-0.785025031962));
#6654 = ( GEOMETRIC_REPRESENTATION_CONTEXT(2) 
PARAMETRIC_REPRESENTATION_CONTEXT() REPRESENTATION_CONTEXT('2D SPACE',''
  ) );
#6655 = ORIENTED_EDGE('',*,*,#3984,.F.);
#6656 = ORIENTED_EDGE('',*,*,#3812,.F.);
#6657 = ORIENTED_EDGE('',*,*,#4266,.F.);
#6658 = ORIENTED_EDGE('',*,*,#6659,.F.);
#6659 = EDGE_CURVE('',#6660,#4267,#6662,.T.);
#6660 = VERTEX_POINT('',#6661);
#6661 = CARTESIAN_POINT('',(7.641584316187,-5.708867655579,
    -1.49999999976));
#6662 = SURFACE_CURVE('',#6663,(#6668,#6675),.PCURVE_S1.);
#6663 = B_SPLINE_CURVE_WITH_KNOTS('',3,(#6664,#6665,#6666,#6667),
  .UNSPECIFIED.,.F.,.F.,(4,4),(-0.242216344891,-9.163728418191E-02),
  .PIECEWISE_BEZIER_KNOTS.);
#6664 = CARTESIAN_POINT('',(7.641584190222,-5.708867529614,
    -1.500000015537));
#6665 = CARTESIAN_POINT('',(7.672668988528,-5.739952327921,
    -2.000001414222));
#6666 = CARTESIAN_POINT('',(7.703764335403,-5.771047674795,
    -2.500001501228));
#6667 = CARTESIAN_POINT('',(7.734872447399,-5.802155786792,-3.));
#6668 = PCURVE('',#3828,#6669);
#6669 = DEFINITIONAL_REPRESENTATION('',(#6670),#6674);
#6670 = LINE('',#6671,#6672);
#6671 = CARTESIAN_POINT('',(1.,-3.330669073875E-16));
#6672 = VECTOR('',#6673,1.);
#6673 = DIRECTION('',(9.879852125487E-14,-1.));
#6674 = ( GEOMETRIC_REPRESENTATION_CONTEXT(2) 
PARAMETRIC_REPRESENTATION_CONTEXT() REPRESENTATION_CONTEXT('2D SPACE',''
  ) );
#6675 = PCURVE('',#4445,#6676);
#6676 = DEFINITIONAL_REPRESENTATION('',(#6677),#6682);
#6677 = B_SPLINE_CURVE_WITH_KNOTS('',3,(#6678,#6679,#6680,#6681),
  .UNSPECIFIED.,.F.,.F.,(4,4),(-0.242216344891,-9.163728418191E-02),
  .PIECEWISE_BEZIER_KNOTS.);
#6678 = CARTESIAN_POINT('',(1.108739016429,1.499999984463));
#6679 = CARTESIAN_POINT('',(1.064778473081,0.999998585778));
#6680 = CARTESIAN_POINT('',(1.020803011804,0.499998498772));
#6681 = CARTESIAN_POINT('',(0.976809497918,0.));
#6682 = ( GEOMETRIC_REPRESENTATION_CONTEXT(2) 
PARAMETRIC_REPRESENTATION_CONTEXT() REPRESENTATION_CONTEXT('2D SPACE',''
  ) );
#6683 = ORIENTED_EDGE('',*,*,#6684,.T.);
#6684 = EDGE_CURVE('',#6660,#6685,#6687,.T.);
#6685 = VERTEX_POINT('',#6686);
#6686 = CARTESIAN_POINT('',(7.609824845704,-5.67846454692,-1.49999908014
    ));
#6687 = SURFACE_CURVE('',#6688,(#6693,#6699),.PCURVE_S1.);
#6688 = B_SPLINE_CURVE_WITH_KNOTS('',3,(#6689,#6690,#6691,#6692),
  .UNSPECIFIED.,.F.,.F.,(4,4),(-0.416572814143,-0.412177256018),
  .PIECEWISE_BEZIER_KNOTS.);
#6689 = CARTESIAN_POINT('',(7.641584316187,-5.708867655579,-1.5));
#6690 = CARTESIAN_POINT('',(7.63122388633,-5.698507225723,-1.5));
#6691 = CARTESIAN_POINT('',(7.620637610694,-5.688372641644,
    -1.500000307203));
#6692 = CARTESIAN_POINT('',(7.609824845704,-5.67846454692,-1.49999908014
    ));
#6693 = PCURVE('',#3828,#6694);
#6694 = DEFINITIONAL_REPRESENTATION('',(#6695),#6698);
#6695 = B_SPLINE_CURVE_WITH_KNOTS('',1,(#6696,#6697),.UNSPECIFIED.,.F.,
  .F.,(2,2),(-0.416572814143,-0.412177256018),.PIECEWISE_BEZIER_KNOTS.);
#6696 = CARTESIAN_POINT('',(1.000000121481,0.242216344878));
#6697 = CARTESIAN_POINT('',(0.970247987268,0.242601411935));
#6698 = ( GEOMETRIC_REPRESENTATION_CONTEXT(2) 
PARAMETRIC_REPRESENTATION_CONTEXT() REPRESENTATION_CONTEXT('2D SPACE',''
  ) );
#6699 = PCURVE('',#6700,#6717);
#6700 = B_SPLINE_SURFACE_WITH_KNOTS('',3,3,(
    (#6701,#6702,#6703,#6704)
    ,(#6705,#6706,#6707,#6708)
    ,(#6709,#6710,#6711,#6712)
    ,(#6713,#6714,#6715,#6716
    )),.UNSPECIFIED.,.F.,.F.,.F.,(4,4),(4,4),(0.,1.),(0.412177256018,
    0.416572814143),.PIECEWISE_BEZIER_KNOTS.);
#6701 = CARTESIAN_POINT('',(7.609824845704,-5.67846454692,-1.49999908014
    ));
#6702 = CARTESIAN_POINT('',(7.620637610694,-5.688372641644,
    -1.500000307203));
#6703 = CARTESIAN_POINT('',(7.63122388633,-5.698507225723,-1.5));
#6704 = CARTESIAN_POINT('',(7.641584316187,-5.708867655579,-1.5));
#6705 = CARTESIAN_POINT('',(7.727902036206,-5.560387356419,
    -1.333332720094));
#6706 = CARTESIAN_POINT('',(7.738564022818,-5.57044622952,
    -1.333333538135));
#6707 = CARTESIAN_POINT('',(7.749075016527,-5.580656095525,
    -1.333333333333));
#6708 = CARTESIAN_POINT('',(7.759435446385,-5.591016525382,
    -1.333333333333));
#6709 = CARTESIAN_POINT('',(7.845979226708,-5.442310165917,
    -1.166666360047));
#6710 = CARTESIAN_POINT('',(7.856490434942,-5.452519817396,
    -1.166666769068));
#6711 = CARTESIAN_POINT('',(7.866926146725,-5.462804965327,
    -1.166666666667));
#6712 = CARTESIAN_POINT('',(7.877286576582,-5.473165395184,
    -1.166666666667));
#6713 = CARTESIAN_POINT('',(7.964056417209,-5.324232975415,-1.));
#6714 = CARTESIAN_POINT('',(7.974416847066,-5.334593405272,-1.));
#6715 = CARTESIAN_POINT('',(7.984777276923,-5.344953835129,-1.));
#6716 = CARTESIAN_POINT('',(7.99513770678,-5.355314264986,-1.));
#6717 = DEFINITIONAL_REPRESENTATION('',(#6718),#6722);
#6718 = LINE('',#6719,#6720);
#6719 = CARTESIAN_POINT('',(-3.154960616121E-13,0.));
#6720 = VECTOR('',#6721,1.);
#6721 = DIRECTION('',(-7.63064271142E-13,-1.));
#6722 = ( GEOMETRIC_REPRESENTATION_CONTEXT(2) 
PARAMETRIC_REPRESENTATION_CONTEXT() REPRESENTATION_CONTEXT('2D SPACE',''
  ) );
#6723 = ORIENTED_EDGE('',*,*,#6724,.T.);
#6724 = EDGE_CURVE('',#6685,#6725,#6727,.T.);
#6725 = VERTEX_POINT('',#6726);
#6726 = CARTESIAN_POINT('',(6.625371646211,-5.461610542466,
    -1.498495886757));
#6727 = SURFACE_CURVE('',#6728,(#6733,#6739),.PCURVE_S1.);
#6728 = B_SPLINE_CURVE_WITH_KNOTS('',3,(#6729,#6730,#6731,#6732),
  .UNSPECIFIED.,.F.,.F.,(4,4),(0.,0.108235125304),
  .PIECEWISE_BEZIER_KNOTS.);
#6729 = CARTESIAN_POINT('',(7.609824845704,-5.67846454692,-1.49999908014
    ));
#6730 = CARTESIAN_POINT('',(7.343827422748,-5.434722297318,
    -1.499968894017));
#6731 = CARTESIAN_POINT('',(6.955028433399,-5.356044260639,
    -1.499054703665));
#6732 = CARTESIAN_POINT('',(6.625371646117,-5.461610542496,
    -1.498495886757));
#6733 = PCURVE('',#3828,#6734);
#6734 = DEFINITIONAL_REPRESENTATION('',(#6735),#6738);
#6735 = B_SPLINE_CURVE_WITH_KNOTS('',1,(#6736,#6737),.UNSPECIFIED.,.F.,
  .F.,(2,2),(0.,0.108235125304),.PIECEWISE_BEZIER_KNOTS.);
#6736 = CARTESIAN_POINT('',(0.970247987268,0.242601411935));
#6737 = CARTESIAN_POINT('',(0.254915374807,0.250190629704));
#6738 = ( GEOMETRIC_REPRESENTATION_CONTEXT(2) 
PARAMETRIC_REPRESENTATION_CONTEXT() REPRESENTATION_CONTEXT('2D SPACE',''
  ) );
#6739 = PCURVE('',#6740,#6757);
#6740 = B_SPLINE_SURFACE_WITH_KNOTS('',3,3,(
    (#6741,#6742,#6743,#6744)
    ,(#6745,#6746,#6747,#6748)
    ,(#6749,#6750,#6751,#6752)
    ,(#6753,#6754,#6755,#6756
    )),.UNSPECIFIED.,.F.,.F.,.F.,(4,4),(4,4),(0.,1.),(-0.108235125304,0.
    ),.PIECEWISE_BEZIER_KNOTS.);
#6741 = CARTESIAN_POINT('',(6.625371646117,-5.461610542496,
    -1.498495886757));
#6742 = CARTESIAN_POINT('',(6.955028433399,-5.356044260639,
    -1.499054703665));
#6743 = CARTESIAN_POINT('',(7.343827422748,-5.434722297318,
    -1.499968894017));
#6744 = CARTESIAN_POINT('',(7.609824845704,-5.67846454692,-1.49999908014
    ));
#6745 = CARTESIAN_POINT('',(6.574166246413,-5.289480864253,
    -1.332330591171));
#6746 = CARTESIAN_POINT('',(6.966557098527,-5.167752182613,
    -1.332703135777));
#6747 = CARTESIAN_POINT('',(7.423340113423,-5.270662215871,
    -1.333312596012));
#6748 = CARTESIAN_POINT('',(7.727902036206,-5.560387356419,
    -1.333332720094));
#6749 = CARTESIAN_POINT('',(6.522960846709,-5.117351186009,
    -1.166165295586));
#6750 = CARTESIAN_POINT('',(6.978085763655,-4.979460104587,
    -1.166351567888));
#6751 = CARTESIAN_POINT('',(7.502852804098,-5.106602134425,
    -1.166656298006));
#6752 = CARTESIAN_POINT('',(7.845979226708,-5.442310165917,
    -1.166666360047));
#6753 = CARTESIAN_POINT('',(6.471755447006,-4.945221507765,-1.));
#6754 = CARTESIAN_POINT('',(6.989614428783,-4.791168026561,-1.));
#6755 = CARTESIAN_POINT('',(7.582365494773,-4.942542052979,-1.));
#6756 = CARTESIAN_POINT('',(7.964056417209,-5.324232975415,-1.));
#6757 = DEFINITIONAL_REPRESENTATION('',(#6758),#6762);
#6758 = LINE('',#6759,#6760);
#6759 = CARTESIAN_POINT('',(-1.993742551232E-15,-7.529997728052E-17));
#6760 = VECTOR('',#6761,1.);
#6761 = DIRECTION('',(3.466839665886E-14,-1.));
#6762 = ( GEOMETRIC_REPRESENTATION_CONTEXT(2) 
PARAMETRIC_REPRESENTATION_CONTEXT() REPRESENTATION_CONTEXT('2D SPACE',''
  ) );
#6763 = ORIENTED_EDGE('',*,*,#6764,.F.);
#6764 = EDGE_CURVE('',#6633,#6725,#6765,.T.);
#6765 = SURFACE_CURVE('',#6766,(#6771,#6777),.PCURVE_S1.);
#6766 = B_SPLINE_CURVE_WITH_KNOTS('',3,(#6767,#6768,#6769,#6770),
  .UNSPECIFIED.,.F.,.F.,(4,4),(-0.208687657859,-0.158584355094),
  .PIECEWISE_BEZIER_KNOTS.);
#6767 = CARTESIAN_POINT('',(6.58221609245,-5.43613230405,-0.999886379167
    ));
#6768 = CARTESIAN_POINT('',(6.596755077391,-5.445055867364,
    -1.166069512427));
#6769 = CARTESIAN_POINT('',(6.611292474889,-5.454010204993,
    -1.332241380329));
#6770 = CARTESIAN_POINT('',(6.625826884193,-5.462994272474,
    -1.498381527925));
#6771 = PCURVE('',#3828,#6772);
#6772 = DEFINITIONAL_REPRESENTATION('',(#6773),#6776);
#6773 = B_SPLINE_CURVE_WITH_KNOTS('',1,(#6774,#6775),.UNSPECIFIED.,.F.,
  .F.,(2,2),(-0.208687655668,-0.15858438416),.PIECEWISE_BEZIER_KNOTS.);
#6774 = CARTESIAN_POINT('',(0.247028352674,0.300283349041));
#6775 = CARTESIAN_POINT('',(0.25492494648,0.250190666987));
#6776 = ( GEOMETRIC_REPRESENTATION_CONTEXT(2) 
PARAMETRIC_REPRESENTATION_CONTEXT() REPRESENTATION_CONTEXT('2D SPACE',''
  ) );
#6777 = PCURVE('',#4074,#6778);
#6778 = DEFINITIONAL_REPRESENTATION('',(#6779),#6784);
#6779 = B_SPLINE_CURVE_WITH_KNOTS('',3,(#6780,#6781,#6782,#6783),
  .UNSPECIFIED.,.F.,.F.,(4,4),(-0.208687657859,-0.158584355094),
  .PIECEWISE_BEZIER_KNOTS.);
#6780 = CARTESIAN_POINT('',(-13.18613230405,-0.872513500103));
#6781 = CARTESIAN_POINT('',(-13.19505586736,-1.0393314124));
#6782 = CARTESIAN_POINT('',(-13.20401020499,-1.206137963852));
#6783 = CARTESIAN_POINT('',(-13.21299427247,-1.372912655265));
#6784 = ( GEOMETRIC_REPRESENTATION_CONTEXT(2) 
PARAMETRIC_REPRESENTATION_CONTEXT() REPRESENTATION_CONTEXT('2D SPACE',''
  ) );
#6785 = ADVANCED_FACE('',(#6786),#3903,.T.);
#6786 = FACE_BOUND('',#6787,.T.);
#6787 = EDGE_LOOP('',(#6788,#6789,#6790,#6813,#6842));
#6788 = ORIENTED_EDGE('',*,*,#3883,.T.);
#6789 = ORIENTED_EDGE('',*,*,#5470,.T.);
#6790 = ORIENTED_EDGE('',*,*,#6791,.F.);
#6791 = EDGE_CURVE('',#6792,#5471,#6794,.T.);
#6792 = VERTEX_POINT('',#6793);
#6793 = CARTESIAN_POINT('',(5.978813616742,6.146453773771,
    -2.999999999887));
#6794 = SURFACE_CURVE('',#6795,(#6800,#6806),.PCURVE_S1.);
#6795 = B_SPLINE_CURVE_WITH_KNOTS('',3,(#6796,#6797,#6798,#6799),
  .UNSPECIFIED.,.F.,.F.,(4,4),(0.100456638595,0.378657642067),
  .PIECEWISE_BEZIER_KNOTS.);
#6796 = CARTESIAN_POINT('',(5.978813629208,6.146453747696,
    -3.000000000734));
#6797 = CARTESIAN_POINT('',(5.924345606943,6.08526455983,-2.076231884964
    ));
#6798 = CARTESIAN_POINT('',(5.869543485213,6.024638464471,-1.15245840276
    ));
#6799 = CARTESIAN_POINT('',(5.814508316687,5.964388180783,
    -0.228681298185));
#6800 = PCURVE('',#3903,#6801);
#6801 = DEFINITIONAL_REPRESENTATION('',(#6802),#6805);
#6802 = B_SPLINE_CURVE_WITH_KNOTS('',1,(#6803,#6804),.UNSPECIFIED.,.F.,
  .F.,(2,2),(0.100456638595,0.378657642067),.PIECEWISE_BEZIER_KNOTS.);
#6803 = CARTESIAN_POINT('',(3.82093334772,-1.462238159561E-10));
#6804 = CARTESIAN_POINT('',(3.833602760837,2.771318701815));
#6805 = ( GEOMETRIC_REPRESENTATION_CONTEXT(2) 
PARAMETRIC_REPRESENTATION_CONTEXT() REPRESENTATION_CONTEXT('2D SPACE',''
  ) );
#6806 = PCURVE('',#5562,#6807);
#6807 = DEFINITIONAL_REPRESENTATION('',(#6808),#6812);
#6808 = LINE('',#6809,#6810);
#6809 = CARTESIAN_POINT('',(-4.136238593982E-14,-4.163336342344E-16));
#6810 = VECTOR('',#6811,1.);
#6811 = DIRECTION('',(1.112593270939E-13,1.));
#6812 = ( GEOMETRIC_REPRESENTATION_CONTEXT(2) 
PARAMETRIC_REPRESENTATION_CONTEXT() REPRESENTATION_CONTEXT('2D SPACE',''
  ) );
#6813 = ORIENTED_EDGE('',*,*,#6814,.F.);
#6814 = EDGE_CURVE('',#6815,#6792,#6817,.T.);
#6815 = VERTEX_POINT('',#6816);
#6816 = CARTESIAN_POINT('',(6.396453820387,5.728813576732,-2.9999999999)
  );
#6817 = SURFACE_CURVE('',#6818,(#6823,#6830),.PCURVE_S1.);
#6818 = CIRCLE('',#6819,2.789718874703);
#6819 = AXIS2_PLACEMENT_3D('',#6820,#6821,#6822);
#6820 = CARTESIAN_POINT('',(8.149178978027,7.899178965726,-3.));
#6821 = DIRECTION('',(0.,0.,-1.));
#6822 = DIRECTION('',(1.,0.,0.));
#6823 = PCURVE('',#3903,#6824);
#6824 = DEFINITIONAL_REPRESENTATION('',(#6825),#6829);
#6825 = LINE('',#6826,#6827);
#6826 = CARTESIAN_POINT('',(6.28318530718,-8.566043128337E-16));
#6827 = VECTOR('',#6828,1.);
#6828 = DIRECTION('',(-1.,3.635541629832E-16));
#6829 = ( GEOMETRIC_REPRESENTATION_CONTEXT(2) 
PARAMETRIC_REPRESENTATION_CONTEXT() REPRESENTATION_CONTEXT('2D SPACE',''
  ) );
#6830 = PCURVE('',#6831,#6836);
#6831 = PLANE('',#6832);
#6832 = AXIS2_PLACEMENT_3D('',#6833,#6834,#6835);
#6833 = CARTESIAN_POINT('',(7.557602554679,7.307602564861,-3.));
#6834 = DIRECTION('',(0.,0.,-1.));
#6835 = DIRECTION('',(1.,0.,0.));
#6836 = DEFINITIONAL_REPRESENTATION('',(#6837),#6841);
#6837 = CIRCLE('',#6838,2.789718874703);
#6838 = AXIS2_PLACEMENT_2D('',#6839,#6840);
#6839 = CARTESIAN_POINT('',(0.591576423348,-0.591576400865));
#6840 = DIRECTION('',(1.,0.));
#6841 = ( GEOMETRIC_REPRESENTATION_CONTEXT(2) 
PARAMETRIC_REPRESENTATION_CONTEXT() REPRESENTATION_CONTEXT('2D SPACE',''
  ) );
#6842 = ORIENTED_EDGE('',*,*,#6843,.F.);
#6843 = EDGE_CURVE('',#3884,#6815,#6844,.T.);
#6844 = SURFACE_CURVE('',#6845,(#6850,#6856),.PCURVE_S1.);
#6845 = B_SPLINE_CURVE_WITH_KNOTS('',3,(#6846,#6847,#6848,#6849),
  .UNSPECIFIED.,.F.,.F.,(4,4),(-0.378587528035,-0.100386528682),
  .PIECEWISE_BEZIER_KNOTS.);
#6846 = CARTESIAN_POINT('',(6.214388228237,5.564508279922,
    -0.228681339265));
#6847 = CARTESIAN_POINT('',(6.274638511578,5.619543447385,
    -1.152458430151));
#6848 = CARTESIAN_POINT('',(6.335264606649,5.674345568035,
    -2.076231898667));
#6849 = CARTESIAN_POINT('',(6.39645379431,5.728813589198,-3.000000000747
    ));
#6850 = PCURVE('',#3903,#6851);
#6851 = DEFINITIONAL_REPRESENTATION('',(#6852),#6855);
#6852 = B_SPLINE_CURVE_WITH_KNOTS('',1,(#6853,#6854),.UNSPECIFIED.,.F.,
  .F.,(2,2),(-0.378587528035,-0.100386528682),.PIECEWISE_BEZIER_KNOTS.);
#6853 = CARTESIAN_POINT('',(4.020378887212,2.771318660735));
#6854 = CARTESIAN_POINT('',(4.033048302065,-1.596110650432E-10));
#6855 = ( GEOMETRIC_REPRESENTATION_CONTEXT(2) 
PARAMETRIC_REPRESENTATION_CONTEXT() REPRESENTATION_CONTEXT('2D SPACE',''
  ) );
#6856 = PCURVE('',#4129,#6857);
#6857 = DEFINITIONAL_REPRESENTATION('',(#6858),#6862);
#6858 = LINE('',#6859,#6860);
#6859 = CARTESIAN_POINT('',(1.,0.));
#6860 = VECTOR('',#6861,1.);
#6861 = DIRECTION('',(-8.77958979249E-15,-1.));
#6862 = ( GEOMETRIC_REPRESENTATION_CONTEXT(2) 
PARAMETRIC_REPRESENTATION_CONTEXT() REPRESENTATION_CONTEXT('2D SPACE',''
  ) );
#6863 = ADVANCED_FACE('',(#6864),#4074,.F.);
#6864 = FACE_BOUND('',#6865,.T.);
#6865 = EDGE_LOOP('',(#6866,#6867,#6891,#6915,#6999,#7027,#7084,#7085));
#6866 = ORIENTED_EDGE('',*,*,#4058,.F.);
#6867 = ORIENTED_EDGE('',*,*,#6868,.T.);
#6868 = EDGE_CURVE('',#4059,#6869,#6871,.T.);
#6869 = VERTEX_POINT('',#6870);
#6870 = CARTESIAN_POINT('',(6.581758907211,5.434761677585,
    -1.000000000001));
#6871 = SURFACE_CURVE('',#6872,(#6877,#6885),.PCURVE_S1.);
#6872 = B_SPLINE_CURVE_WITH_KNOTS('',3,(#6873,#6874,#6875,#6876),
  .UNSPECIFIED.,.F.,.F.,(4,4),(0.184055320937,0.192806959855),
  .PIECEWISE_BEZIER_KNOTS.);
#6873 = CARTESIAN_POINT('',(6.574581444547,5.430179715906,
    -0.912810689551));
#6874 = CARTESIAN_POINT('',(6.577123226888,5.431735875567,
    -0.941863130111));
#6875 = CARTESIAN_POINT('',(6.579664977041,5.433292999485,
    -0.970915105721));
#6876 = CARTESIAN_POINT('',(6.58220661691,5.434851110565,-0.999966595221
    ));
#6877 = PCURVE('',#4074,#6878);
#6878 = DEFINITIONAL_REPRESENTATION('',(#6879),#6884);
#6879 = B_SPLINE_CURVE_WITH_KNOTS('',3,(#6880,#6881,#6882,#6883),
  .UNSPECIFIED.,.F.,.F.,(4,4),(0.184055320937,0.192806959855),
  .PIECEWISE_BEZIER_KNOTS.);
#6880 = CARTESIAN_POINT('',(-2.319820284094,-0.785103756366));
#6881 = CARTESIAN_POINT('',(-2.318264124433,-0.814267174546));
#6882 = CARTESIAN_POINT('',(-2.316707000515,-0.84343012674));
#6883 = CARTESIAN_POINT('',(-2.315148889435,-0.872592585063));
#6884 = ( GEOMETRIC_REPRESENTATION_CONTEXT(2) 
PARAMETRIC_REPRESENTATION_CONTEXT() REPRESENTATION_CONTEXT('2D SPACE',''
  ) );
#6885 = PCURVE('',#4129,#6886);
#6886 = DEFINITIONAL_REPRESENTATION('',(#6887),#6890);
#6887 = B_SPLINE_CURVE_WITH_KNOTS('',1,(#6888,#6889),.UNSPECIFIED.,.F.,
  .F.,(2,2),(0.184055320937,0.192805910448),.PIECEWISE_BEZIER_KNOTS.);
#6888 = CARTESIAN_POINT('',(0.754359525006,0.309041317533));
#6889 = CARTESIAN_POINT('',(0.752971763517,0.300284401156));
#6890 = ( GEOMETRIC_REPRESENTATION_CONTEXT(2) 
PARAMETRIC_REPRESENTATION_CONTEXT() REPRESENTATION_CONTEXT('2D SPACE',''
  ) );
#6891 = ORIENTED_EDGE('',*,*,#6892,.F.);
#6892 = EDGE_CURVE('',#6893,#6869,#6895,.T.);
#6893 = VERTEX_POINT('',#6894);
#6894 = CARTESIAN_POINT('',(6.625371646281,5.461610579354,
    -1.498495886846));
#6895 = SURFACE_CURVE('',#6896,(#6901,#6909),.PCURVE_S1.);
#6896 = B_SPLINE_CURVE_WITH_KNOTS('',3,(#6897,#6898,#6899,#6900),
  .UNSPECIFIED.,.F.,.F.,(4,4),(-0.151381381888,-0.101277693878),
  .PIECEWISE_BEZIER_KNOTS.);
#6897 = CARTESIAN_POINT('',(6.625818192136,5.461684010953,
    -1.498463527287));
#6898 = CARTESIAN_POINT('',(6.611283475728,5.452708755833,
    -1.332322990315));
#6899 = CARTESIAN_POINT('',(6.596745780575,5.443763958072,
    -1.166150541965));
#6900 = CARTESIAN_POINT('',(6.58220661691,5.434851110565,-0.999966595221
    ));
#6901 = PCURVE('',#4074,#6902);
#6902 = DEFINITIONAL_REPRESENTATION('',(#6903),#6908);
#6903 = B_SPLINE_CURVE_WITH_KNOTS('',3,(#6904,#6905,#6906,#6907),
  .UNSPECIFIED.,.F.,.F.,(4,4),(-0.151381381888,-0.101277693878),
  .PIECEWISE_BEZIER_KNOTS.);
#6904 = CARTESIAN_POINT('',(-2.288315989047,-1.372993585033));
#6905 = CARTESIAN_POINT('',(-2.297291244167,-1.206218478959));
#6906 = CARTESIAN_POINT('',(-2.306236041928,-1.039411323325));
#6907 = CARTESIAN_POINT('',(-2.315148889435,-0.872592585063));
#6908 = ( GEOMETRIC_REPRESENTATION_CONTEXT(2) 
PARAMETRIC_REPRESENTATION_CONTEXT() REPRESENTATION_CONTEXT('2D SPACE',''
  ) );
#6909 = PCURVE('',#4129,#6910);
#6910 = DEFINITIONAL_REPRESENTATION('',(#6911),#6914);
#6911 = B_SPLINE_CURVE_WITH_KNOTS('',1,(#6912,#6913),.UNSPECIFIED.,.F.,
  .F.,(2,2),(-0.151380320192,-0.101277693878),.PIECEWISE_BEZIER_KNOTS.);
#6912 = CARTESIAN_POINT('',(0.745075164814,0.250191699006));
#6913 = CARTESIAN_POINT('',(0.752971597231,0.300283351005));
#6914 = ( GEOMETRIC_REPRESENTATION_CONTEXT(2) 
PARAMETRIC_REPRESENTATION_CONTEXT() REPRESENTATION_CONTEXT('2D SPACE',''
  ) );
#6915 = ORIENTED_EDGE('',*,*,#6916,.F.);
#6916 = EDGE_CURVE('',#6917,#6893,#6919,.T.);
#6917 = VERTEX_POINT('',#6918);
#6918 = CARTESIAN_POINT('',(6.581758907247,4.916986049208,-1.));
#6919 = SURFACE_CURVE('',#6920,(#6931,#6945),.PCURVE_S1.);
#6920 = B_SPLINE_CURVE_WITH_KNOTS('',3,(#6921,#6922,#6923,#6924,#6925,
    #6926,#6927,#6928,#6929,#6930),.UNSPECIFIED.,.F.,.F.,(4,3,3,4),(0.,
    3.642173203329E-02,5.746498901537E-02,7.277805969522E-02),
  .UNSPECIFIED.);
#6921 = CARTESIAN_POINT('',(6.581838772941,4.917070508387,-1.));
#6922 = CARTESIAN_POINT('',(6.58901723325,5.006121099858,-1.082204335942
    ));
#6923 = CARTESIAN_POINT('',(6.59640540849,5.098036522011,-1.16686460985)
  );
#6924 = CARTESIAN_POINT('',(6.603571074522,5.187598741298,-1.24895574642
    ));
#6925 = CARTESIAN_POINT('',(6.607711156373,5.239344792108,
    -1.296385255846));
#6926 = CARTESIAN_POINT('',(6.611969378889,5.29267488579,-1.34513052138)
  );
#6927 = CARTESIAN_POINT('',(6.616204794375,5.3459664801,-1.393626020842)
  );
#6928 = CARTESIAN_POINT('',(6.619286884603,5.384746501225,
    -1.428915948231));
#6929 = CARTESIAN_POINT('',(6.622360086922,5.42350565066,-1.464073607654
    ));
#6930 = CARTESIAN_POINT('',(6.625371646124,5.461610579404,
    -1.498495886846));
#6931 = PCURVE('',#4074,#6932);
#6932 = DEFINITIONAL_REPRESENTATION('',(#6933),#6944);
#6933 = B_SPLINE_CURVE_WITH_KNOTS('',3,(#6934,#6935,#6936,#6937,#6938,
    #6939,#6940,#6941,#6942,#6943),.UNSPECIFIED.,.F.,.F.,(4,3,3,4),(0.,
    3.642173203329E-02,5.746498901537E-02,7.277805969522E-02),
  .UNSPECIFIED.);
#6934 = CARTESIAN_POINT('',(-2.832929491613,-0.872593803011));
#6935 = CARTESIAN_POINT('',(-2.743878900142,-0.955110970677));
#6936 = CARTESIAN_POINT('',(-2.651963477989,-1.040093008584));
#6937 = CARTESIAN_POINT('',(-2.562401258702,-1.12249629254));
#6938 = CARTESIAN_POINT('',(-2.510655207892,-1.170106150272));
#6939 = CARTESIAN_POINT('',(-2.45732511421,-1.2190370539));
#6940 = CARTESIAN_POINT('',(-2.4040335199,-1.267717154128));
#6941 = CARTESIAN_POINT('',(-2.365253498775,-1.303141414552));
#6942 = CARTESIAN_POINT('',(-2.32649434934,-1.338433135698));
#6943 = CARTESIAN_POINT('',(-2.288389420596,-1.372986902404));
#6944 = ( GEOMETRIC_REPRESENTATION_CONTEXT(2) 
PARAMETRIC_REPRESENTATION_CONTEXT() REPRESENTATION_CONTEXT('2D SPACE',''
  ) );
#6945 = PCURVE('',#6946,#6971);
#6946 = B_SPLINE_SURFACE_WITH_KNOTS('',3,3,(
    (#6947,#6948,#6949,#6950,#6951,#6952)
    ,(#6953,#6954,#6955,#6956,#6957,#6958)
    ,(#6959,#6960,#6961,#6962,#6963,#6964)
    ,(#6965,#6966,#6967,#6968,#6969,#6970
    )),.UNSPECIFIED.,.F.,.F.,.F.,(4,4),(4,2,4),(0.,1.),(-0.148168926988,
    -0.113058772206,-3.998022951291E-02),.UNSPECIFIED.);
#6947 = CARTESIAN_POINT('',(7.609824799174,5.678464598843,-1.49999908014
    ));
#6948 = CARTESIAN_POINT('',(7.52352587826,5.599386039006,-1.4999892867)
  );
#6949 = CARTESIAN_POINT('',(7.424820406769,5.536630073474,
    -1.499899367309));
#6950 = CARTESIAN_POINT('',(7.097113025991,5.399103799485,
    -1.499438548343));
#6951 = CARTESIAN_POINT('',(6.848303687947,5.390220868354,
    -1.498873789576));
#6952 = CARTESIAN_POINT('',(6.625371646124,5.461610579404,
    -1.498495886846));
#6953 = CARTESIAN_POINT('',(7.727901989674,5.560387408343,
    -1.333332720094));
#6954 = CARTESIAN_POINT('',(7.629131697025,5.46636668505,-1.333325809784
    ));
#6955 = CARTESIAN_POINT('',(7.515081611257,5.390836387137,-1.3332664626)
  );
#6956 = CARTESIAN_POINT('',(7.133828764221,5.222649505829,
    -1.332958419657));
#6957 = CARTESIAN_POINT('',(6.839491472959,5.206975048212,
    -1.332582953936));
#6958 = CARTESIAN_POINT('',(6.574166255292,5.28948089892,-1.332330591231
    ));
#6959 = CARTESIAN_POINT('',(7.845979180174,5.442310217843,
    -1.166666360047));
#6960 = CARTESIAN_POINT('',(7.734616590033,5.333418419422,
    -1.166663476916));
#6961 = CARTESIAN_POINT('',(7.60546316001,5.245002994554,-1.166632904709
    ));
#6962 = CARTESIAN_POINT('',(7.170226835951,5.046329593594,
    -1.166480128686));
#6963 = CARTESIAN_POINT('',(6.830772399727,5.024287944913,-1.16629083564
    ));
#6964 = CARTESIAN_POINT('',(6.52296086446,5.117351218435,-1.166165295615
    ));
#6965 = CARTESIAN_POINT('',(7.964056370674,5.324233027343,-1.));
#6966 = CARTESIAN_POINT('',(7.840222408798,5.200399065466,-1.));
#6967 = CARTESIAN_POINT('',(7.695724364498,5.099209308217,-1.));
#6968 = CARTESIAN_POINT('',(7.206942574181,4.869875299938,-1.));
#6969 = CARTESIAN_POINT('',(6.82196018474,4.841042124771,-1.));
#6970 = CARTESIAN_POINT('',(6.471755473628,4.94522153795,-1.));
#6971 = DEFINITIONAL_REPRESENTATION('',(#6972),#6998);
#6972 = B_SPLINE_CURVE_WITH_KNOTS('',3,(#6973,#6974,#6975,#6976,#6977,
    #6978,#6979,#6980,#6981,#6982,#6983,#6984,#6985,#6986,#6987,#6988,
    #6989,#6990,#6991,#6992,#6993,#6994,#6995,#6996,#6997),
  .UNSPECIFIED.,.F.,.F.,(4,1,1,1,1,1,1,1,1,1,1,1,1,1,1,1,1,1,1,1,1,1,4),
  (0.,3.30809362251E-03,6.61618724502E-03,9.92428086753E-03,
    1.323237449004E-02,1.654046811255E-02,1.984856173506E-02,
    2.315665535757E-02,2.646474898008E-02,2.977284260259E-02,
    3.30809362251E-02,3.638902984761E-02,3.969712347012E-02,
    4.300521709263E-02,4.631331071514E-02,4.962140433765E-02,
    5.292949796016E-02,5.623759158267E-02,5.954568520518E-02,
    6.285377882769E-02,6.61618724502E-02,6.946996607271E-02,
    7.277805969522E-02),.QUASI_UNIFORM_KNOTS.);
#6973 = CARTESIAN_POINT('',(1.,-4.756616705398E-02));
#6974 = CARTESIAN_POINT('',(0.985025815056,-4.749432423421E-02));
#6975 = CARTESIAN_POINT('',(0.954995944679,-4.734788608942E-02));
#6976 = CARTESIAN_POINT('',(0.909751913745,-4.711971103287E-02));
#6977 = CARTESIAN_POINT('',(0.864353932751,-4.688276013313E-02));
#6978 = CARTESIAN_POINT('',(0.818847279757,-4.663676726726E-02));
#6979 = CARTESIAN_POINT('',(0.773277286748,-4.638146243566E-02));
#6980 = CARTESIAN_POINT('',(0.727689100262,-4.611657031579E-02));
#6981 = CARTESIAN_POINT('',(0.68212855424,-4.584181796418E-02));
#6982 = CARTESIAN_POINT('',(0.636638882088,-4.555691284509E-02));
#6983 = CARTESIAN_POINT('',(0.591272957148,-4.526163180973E-02));
#6984 = CARTESIAN_POINT('',(0.546047577655,-4.495549754436E-02));
#6985 = CARTESIAN_POINT('',(0.501114042573,-4.463899600177E-02));
#6986 = CARTESIAN_POINT('',(0.456121516506,-4.430904447027E-02));
#6987 = CARTESIAN_POINT('',(0.410719310729,-4.396198484391E-02));
#6988 = CARTESIAN_POINT('',(0.36509408509,-4.359796160971E-02));
#6989 = CARTESIAN_POINT('',(0.319288562646,-4.321607053902E-02));
#6990 = CARTESIAN_POINT('',(0.273384006823,-4.281566101459E-02));
#6991 = CARTESIAN_POINT('',(0.227451326612,-4.239599181303E-02));
#6992 = CARTESIAN_POINT('',(0.181564086858,-4.195632547236E-02));
#6993 = CARTESIAN_POINT('',(0.135795227853,-4.149602621537E-02));
#6994 = CARTESIAN_POINT('',(9.021811934414E-02,-4.101436167825E-02));
#6995 = CARTESIAN_POINT('',(4.490589940941E-02,-4.05106247536E-02));
#6996 = CARTESIAN_POINT('',(1.492298277116E-02,-4.015963227301E-02));
#6997 = CARTESIAN_POINT('',(0.,-3.998022951291E-02));
#6998 = ( GEOMETRIC_REPRESENTATION_CONTEXT(2) 
PARAMETRIC_REPRESENTATION_CONTEXT() REPRESENTATION_CONTEXT('2D SPACE',''
  ) );
#6999 = ORIENTED_EDGE('',*,*,#7000,.F.);
#7000 = EDGE_CURVE('',#7001,#6917,#7003,.T.);
#7001 = VERTEX_POINT('',#7002);
#7002 = CARTESIAN_POINT('',(6.581758907237,-4.916986007349,-1.));
#7003 = SURFACE_CURVE('',#7004,(#7008,#7015),.PCURVE_S1.);
#7004 = LINE('',#7005,#7006);
#7005 = CARTESIAN_POINT('',(6.581758907211,3.875,-1.));
#7006 = VECTOR('',#7007,1.);
#7007 = DIRECTION('',(0.,1.,0.));
#7008 = PCURVE('',#4074,#7009);
#7009 = DEFINITIONAL_REPRESENTATION('',(#7010),#7014);
#7010 = LINE('',#7011,#7012);
#7011 = CARTESIAN_POINT('',(-3.875,-0.872586842254));
#7012 = VECTOR('',#7013,1.);
#7013 = DIRECTION('',(1.,0.));
#7014 = ( GEOMETRIC_REPRESENTATION_CONTEXT(2) 
PARAMETRIC_REPRESENTATION_CONTEXT() REPRESENTATION_CONTEXT('2D SPACE',''
  ) );
#7015 = PCURVE('',#7016,#7021);
#7016 = PLANE('',#7017);
#7017 = AXIS2_PLACEMENT_3D('',#7018,#7019,#7020);
#7018 = CARTESIAN_POINT('',(0.,0.,-1.));
#7019 = DIRECTION('',(0.,0.,-1.));
#7020 = DIRECTION('',(1.,0.,0.));
#7021 = DEFINITIONAL_REPRESENTATION('',(#7022),#7026);
#7022 = LINE('',#7023,#7024);
#7023 = CARTESIAN_POINT('',(6.581758907211,-3.875));
#7024 = VECTOR('',#7025,1.);
#7025 = DIRECTION('',(0.,-1.));
#7026 = ( GEOMETRIC_REPRESENTATION_CONTEXT(2) 
PARAMETRIC_REPRESENTATION_CONTEXT() REPRESENTATION_CONTEXT('2D SPACE',''
  ) );
#7027 = ORIENTED_EDGE('',*,*,#7028,.F.);
#7028 = EDGE_CURVE('',#6725,#7001,#7029,.T.);
#7029 = SURFACE_CURVE('',#7030,(#7041,#7055),.PCURVE_S1.);
#7030 = B_SPLINE_CURVE_WITH_KNOTS('',3,(#7031,#7032,#7033,#7034,#7035,
    #7036,#7037,#7038,#7039,#7040),.UNSPECIFIED.,.F.,.F.,(4,3,3,4),(0.,
    2.72697312133E-02,3.640545733218E-02,7.334147314056E-02),
  .UNSPECIFIED.);
#7031 = CARTESIAN_POINT('',(6.625371646117,-5.461610542496,
    -1.498495886757));
#7032 = CARTESIAN_POINT('',(6.620049824418,-5.394274114449,
    -1.437667186396));
#7033 = CARTESIAN_POINT('',(6.614539524394,-5.32493444842,
    -1.374553421377));
#7034 = CARTESIAN_POINT('',(6.609111306284,-5.257047958046,
    -1.312484786028));
#7035 = CARTESIAN_POINT('',(6.60729278033,-5.23430507223,-1.291690959763
    ));
#7036 = CARTESIAN_POINT('',(6.605483444748,-5.211725157473,
    -1.271014442233));
#7037 = CARTESIAN_POINT('',(6.603696211838,-5.18943756429,
    -1.250580463686));
#7038 = CARTESIAN_POINT('',(6.596470375363,-5.099328153895,
    -1.167965273079));
#7039 = CARTESIAN_POINT('',(6.589007411484,-5.006819465032,
    -1.082727192532));
#7040 = CARTESIAN_POINT('',(6.58175603617,-4.91728190195,-1.));
#7041 = PCURVE('',#4074,#7042);
#7042 = DEFINITIONAL_REPRESENTATION('',(#7043),#7054);
#7043 = B_SPLINE_CURVE_WITH_KNOTS('',3,(#7044,#7045,#7046,#7047,#7048,
    #7049,#7050,#7051,#7052,#7053),.UNSPECIFIED.,.F.,.F.,(4,3,3,4),(0.,
    2.72697312133E-02,3.640545733218E-02,7.334147314056E-02),
  .UNSPECIFIED.);
#7044 = CARTESIAN_POINT('',(-13.21161054249,-1.372986902315));
#7045 = CARTESIAN_POINT('',(-13.14427411444,-1.3119258462));
#7046 = CARTESIAN_POINT('',(-13.07493444842,-1.248571993821));
#7047 = CARTESIAN_POINT('',(-13.00704795804,-1.186266447987));
#7048 = CARTESIAN_POINT('',(-12.98430507223,-1.165393253529));
#7049 = CARTESIAN_POINT('',(-12.96172515747,-1.144637722404));
#7050 = CARTESIAN_POINT('',(-12.93943756429,-1.124125733702));
#7051 = CARTESIAN_POINT('',(-12.84932815389,-1.041195145693));
#7052 = CARTESIAN_POINT('',(-12.75681946503,-0.955630981617));
#7053 = CARTESIAN_POINT('',(-12.66728190195,-0.872586592027));
#7054 = ( GEOMETRIC_REPRESENTATION_CONTEXT(2) 
PARAMETRIC_REPRESENTATION_CONTEXT() REPRESENTATION_CONTEXT('2D SPACE',''
  ) );
#7055 = PCURVE('',#6740,#7056);
#7056 = DEFINITIONAL_REPRESENTATION('',(#7057),#7083);
#7057 = B_SPLINE_CURVE_WITH_KNOTS('',3,(#7058,#7059,#7060,#7061,#7062,
    #7063,#7064,#7065,#7066,#7067,#7068,#7069,#7070,#7071,#7072,#7073,
    #7074,#7075,#7076,#7077,#7078,#7079,#7080,#7081,#7082),
  .UNSPECIFIED.,.F.,.F.,(4,1,1,1,1,1,1,1,1,1,1,1,1,1,1,1,1,1,1,1,1,1,4),
  (0.,3.333703324571E-03,6.667406649141E-03,1.000110997371E-02,
    1.333481329828E-02,1.666851662285E-02,2.000221994742E-02,
    2.333592327199E-02,2.666962659657E-02,3.000332992114E-02,
    3.333703324571E-02,3.667073657028E-02,4.000443989485E-02,
    4.333814321942E-02,4.667184654399E-02,5.000554986856E-02,
    5.333925319313E-02,5.66729565177E-02,6.000665984227E-02,
    6.334036316684E-02,6.667406649141E-02,7.000776981598E-02,
    7.334147314056E-02),.QUASI_UNIFORM_KNOTS.);
#7058 = CARTESIAN_POINT('',(0.,-0.108235125304));
#7059 = CARTESIAN_POINT('',(1.492297416497E-02,-0.108055438028));
#7060 = CARTESIAN_POINT('',(4.490517584471E-02,-0.107703906879));
#7061 = CARTESIAN_POINT('',(9.021417590795E-02,-0.107199452441));
#7062 = CARTESIAN_POINT('',(0.135785829195,-0.106717161297));
#7063 = CARTESIAN_POINT('',(0.181547027735,-0.10625632317));
#7064 = CARTESIAN_POINT('',(0.227424571382,-0.105816221469));
#7065 = CARTESIAN_POINT('',(0.273345472199,-0.105396135775));
#7066 = CARTESIAN_POINT('',(0.319235856839,-0.104995358221));
#7067 = CARTESIAN_POINT('',(0.365025129146,-0.104613167397));
#7068 = CARTESIAN_POINT('',(0.410630480919,-0.104248950228));
#7069 = CARTESIAN_POINT('',(0.456014908369,-0.103901728067));
#7070 = CARTESIAN_POINT('',(0.500970573567,-0.103571733846));
#7071 = CARTESIAN_POINT('',(0.545939256387,-0.103254682736));
#7072 = CARTESIAN_POINT('',(0.59117907983,-0.102948191312));
#7073 = CARTESIAN_POINT('',(0.636563369745,-0.102652554895));
#7074 = CARTESIAN_POINT('',(0.682068540633,-0.102367343975));
#7075 = CARTESIAN_POINT('',(0.727643372528,-0.102092319351));
#7076 = CARTESIAN_POINT('',(0.77324404291,-0.10182718963));
#7077 = CARTESIAN_POINT('',(0.818824744062,-0.101571678519));
#7078 = CARTESIAN_POINT('',(0.864340200612,-0.101325508704));
#7079 = CARTESIAN_POINT('',(0.909744998232,-0.101088408012));
#7080 = CARTESIAN_POINT('',(0.954993765166,-0.100860108383));
#7081 = CARTESIAN_POINT('',(0.98502534117,-0.10071360286));
#7082 = CARTESIAN_POINT('',(1.,-0.100641729972));
#7083 = ( GEOMETRIC_REPRESENTATION_CONTEXT(2) 
PARAMETRIC_REPRESENTATION_CONTEXT() REPRESENTATION_CONTEXT('2D SPACE',''
  ) );
#7084 = ORIENTED_EDGE('',*,*,#6764,.F.);
#7085 = ORIENTED_EDGE('',*,*,#6632,.T.);
#7086 = ADVANCED_FACE('',(#7087),#4129,.F.);
#7087 = FACE_BOUND('',#7088,.F.);
#7088 = EDGE_LOOP('',(#7089,#7121,#7282,#7283,#7284,#7285,#7286,#7311));
#7089 = ORIENTED_EDGE('',*,*,#7090,.F.);
#7090 = EDGE_CURVE('',#7091,#7093,#7095,.T.);
#7091 = VERTEX_POINT('',#7092);
#7092 = CARTESIAN_POINT('',(7.734872400413,5.802155838268,
    -2.999999999997));
#7093 = VERTEX_POINT('',#7094);
#7094 = CARTESIAN_POINT('',(7.64158426955,5.708867707405,-1.499999999784
    ));
#7095 = SURFACE_CURVE('',#7096,(#7101,#7108),.PCURVE_S1.);
#7096 = B_SPLINE_CURVE_WITH_KNOTS('',3,(#7097,#7098,#7099,#7100),
  .UNSPECIFIED.,.F.,.F.,(4,4),(9.163728417892E-02,0.242216344881),
  .PIECEWISE_BEZIER_KNOTS.);
#7097 = CARTESIAN_POINT('',(7.734872400414,5.802155838269,-3.));
#7098 = CARTESIAN_POINT('',(7.703764288541,5.771047726396,
    -2.500001501234));
#7099 = CARTESIAN_POINT('',(7.672668941782,5.739952379637,
    -2.000001414236));
#7100 = CARTESIAN_POINT('',(7.641584143583,5.708867581439,-1.50000001556
    ));
#7101 = PCURVE('',#4129,#7102);
#7102 = DEFINITIONAL_REPRESENTATION('',(#7103),#7107);
#7103 = LINE('',#7104,#7105);
#7104 = CARTESIAN_POINT('',(-8.042032174526E-15,-1.249000902703E-16));
#7105 = VECTOR('',#7106,1.);
#7106 = DIRECTION('',(8.584333539854E-14,1.));
#7107 = ( GEOMETRIC_REPRESENTATION_CONTEXT(2) 
PARAMETRIC_REPRESENTATION_CONTEXT() REPRESENTATION_CONTEXT('2D SPACE',''
  ) );
#7108 = PCURVE('',#7109,#7114);
#7109 = PLANE('',#7110);
#7110 = AXIS2_PLACEMENT_3D('',#7111,#7112,#7113);
#7111 = CARTESIAN_POINT('',(7.206333802342,5.273617240198,-3.));
#7112 = DIRECTION('',(0.707106781187,-0.707106781187,0.));
#7113 = DIRECTION('',(0.707106781187,0.707106781187,0.));
#7114 = DEFINITIONAL_REPRESENTATION('',(#7115),#7120);
#7115 = B_SPLINE_CURVE_WITH_KNOTS('',3,(#7116,#7117,#7118,#7119),
  .UNSPECIFIED.,.F.,.F.,(4,4),(9.163728417892E-02,0.242216344881),
  .PIECEWISE_BEZIER_KNOTS.);
#7116 = CARTESIAN_POINT('',(0.74746645363,0.));
#7117 = CARTESIAN_POINT('',(0.703472939919,0.499998498766));
#7118 = CARTESIAN_POINT('',(0.659497478806,0.999998585764));
#7119 = CARTESIAN_POINT('',(0.61553693561,1.49999998444));
#7120 = ( GEOMETRIC_REPRESENTATION_CONTEXT(2) 
PARAMETRIC_REPRESENTATION_CONTEXT() REPRESENTATION_CONTEXT('2D SPACE',''
  ) );
#7121 = ORIENTED_EDGE('',*,*,#7122,.F.);
#7122 = EDGE_CURVE('',#6815,#7091,#7123,.T.);
#7123 = SURFACE_CURVE('',#7124,(#7165,#7238),.PCURVE_S1.);
#7124 = B_SPLINE_CURVE_WITH_KNOTS('',3,(#7125,#7126,#7127,#7128,#7129,
    #7130,#7131,#7132,#7133,#7134,#7135,#7136,#7137,#7138,#7139,#7140,
    #7141,#7142,#7143,#7144,#7145,#7146,#7147,#7148,#7149,#7150,#7151,
    #7152,#7153,#7154,#7155,#7156,#7157,#7158,#7159,#7160,#7161,#7162,
    #7163,#7164),.UNSPECIFIED.,.F.,.F.,(4,3,3,3,3,3,3,3,3,3,3,3,3,4),(0.
    ,1.317720659244E-02,2.657223093881E-02,3.893517775764E-02,
    5.233129308385E-02,6.304953438997E-02,7.64652870095E-02,
    7.797375603535E-02,9.128259573E-02,0.104755168173,0.112588098347,
    0.126076733908,0.139282117591,0.147220311179),.UNSPECIFIED.);
#7125 = CARTESIAN_POINT('',(6.396453794277,5.728813589168,
    -3.000000000237));
#7126 = CARTESIAN_POINT('',(6.430625923305,5.701216972586,
    -3.000000013298));
#7127 = CARTESIAN_POINT('',(6.466575634477,5.676027123602,
    -2.999992475315));
#7128 = CARTESIAN_POINT('',(6.50399137856,5.653306669932,-2.999985289363
    ));
#7129 = CARTESIAN_POINT('',(6.542025600715,5.630210649699,
    -2.999977984629));
#7130 = CARTESIAN_POINT('',(6.581575753814,5.609665788483,
    -2.999971013663));
#7131 = CARTESIAN_POINT('',(6.622347266515,5.591780133213,
    -2.999968014186));
#7132 = CARTESIAN_POINT('',(6.659977361855,5.575272555533,
    -2.999965245817));
#7133 = CARTESIAN_POINT('',(6.698648884578,5.561030347698,
    -2.999965786823));
#7134 = CARTESIAN_POINT('',(6.738142632669,5.549175736708,
    -2.999969406208));
#7135 = CARTESIAN_POINT('',(6.780936863838,5.536330438714,
    -2.999973328063));
#7136 = CARTESIAN_POINT('',(6.824414795602,5.526372486957,
    -2.999980724466));
#7137 = CARTESIAN_POINT('',(6.868279623887,5.519393589262,
    -2.999987430432));
#7138 = CARTESIAN_POINT('',(6.903375903887,5.513809768302,-2.99999279588
    ));
#7139 = CARTESIAN_POINT('',(6.938720667868,5.51013377711,-2.999997622085
    ));
#7140 = CARTESIAN_POINT('',(6.974168551191,5.508435624059,
    -2.999997928266));
#7141 = CARTESIAN_POINT('',(7.018537773712,5.506310088666,
    -2.999998311505));
#7142 = CARTESIAN_POINT('',(7.063069385811,5.507281736626,
    -2.999991653189));
#7143 = CARTESIAN_POINT('',(7.10749136079,5.511248275648,-2.999984241363
    ));
#7144 = CARTESIAN_POINT('',(7.112486173621,5.511694273829,
    -2.999983407977));
#7145 = CARTESIAN_POINT('',(7.117479590105,5.512178188851,
    -2.999982562397));
#7146 = CARTESIAN_POINT('',(7.122471213934,5.512699915054,
    -2.999981711689));
#7147 = CARTESIAN_POINT('',(7.1665110452,5.517302973042,-2.999974206105)
  );
#7148 = CARTESIAN_POINT('',(7.210145953565,5.524817143645,
    -2.999966394355));
#7149 = CARTESIAN_POINT('',(7.253114156274,5.535093742649,
    -2.999961350596));
#7150 = CARTESIAN_POINT('',(7.296610977713,5.54549677009,-2.999956244786
    ));
#7151 = CARTESIAN_POINT('',(7.339425698544,5.55873091736,-2.999953887524
    ));
#7152 = CARTESIAN_POINT('',(7.381278947299,5.574694027378,
    -2.999954713928));
#7153 = CARTESIAN_POINT('',(7.405612353295,5.583974951764,
    -2.999955194399));
#7154 = CARTESIAN_POINT('',(7.429620527924,5.594179274685,
    -2.999956706677));
#7155 = CARTESIAN_POINT('',(7.45324507755,5.605294248698,-2.99995909753)
  );
#7156 = CARTESIAN_POINT('',(7.493927546706,5.624434701941,
    -2.999963214678));
#7157 = CARTESIAN_POINT('',(7.533243959293,5.646165036605,
    -2.999969838229));
#7158 = CARTESIAN_POINT('',(7.570921562469,5.670368569024,
    -2.999976911441));
#7159 = CARTESIAN_POINT('',(7.607807962424,5.694063844252,
    -2.999983836122));
#7160 = CARTESIAN_POINT('',(7.643124605087,5.720130072723,
    -2.999991099525));
#7161 = CARTESIAN_POINT('',(7.676591702188,5.748500455303,-2.99999560153
    ));
#7162 = CARTESIAN_POINT('',(7.696709882922,5.765554832099,
    -2.999998307835));
#7163 = CARTESIAN_POINT('',(7.716159187246,5.783442625101,-3.));
#7164 = CARTESIAN_POINT('',(7.734872400414,5.802155838269,-3.));
#7165 = PCURVE('',#4129,#7166);
#7166 = DEFINITIONAL_REPRESENTATION('',(#7167),#7237);
#7167 = B_SPLINE_CURVE_WITH_KNOTS('',3,(#7168,#7169,#7170,#7171,#7172,
    #7173,#7174,#7175,#7176,#7177,#7178,#7179,#7180,#7181,#7182,#7183,
    #7184,#7185,#7186,#7187,#7188,#7189,#7190,#7191,#7192,#7193,#7194,
    #7195,#7196,#7197,#7198,#7199,#7200,#7201,#7202,#7203,#7204,#7205,
    #7206,#7207,#7208,#7209,#7210,#7211,#7212,#7213,#7214,#7215,#7216,
    #7217,#7218,#7219,#7220,#7221,#7222,#7223,#7224,#7225,#7226,#7227,
    #7228,#7229,#7230,#7231,#7232,#7233,#7234,#7235,#7236),
  .UNSPECIFIED.,.F.,.F.,(4,1,1,1,1,1,1,1,1,1,1,1,1,1,1,1,1,1,1,1,1,1,1,1
    ,1,1,1,1,1,1,1,1,1,1,1,1,1,1,1,1,1,1,1,1,1,1,1,1,1,1,1,1,1,1,1,1,1,1
    ,1,1,1,1,1,1,1,1,4),(0.,2.230610775434E-03,4.461221550868E-03,
    6.691832326301E-03,8.922443101735E-03,1.115305387717E-02,
    1.33836646526E-02,1.561427542804E-02,1.784488620347E-02,
    2.00754969789E-02,2.230610775434E-02,2.453671852977E-02,
    2.676732930521E-02,2.899794008064E-02,3.122855085607E-02,
    3.345916163151E-02,3.568977240694E-02,3.792038318237E-02,
    4.015099395781E-02,4.238160473324E-02,4.461221550868E-02,
    4.684282628411E-02,4.907343705954E-02,5.130404783498E-02,
    5.353465861041E-02,5.576526938585E-02,5.799588016128E-02,
    6.022649093671E-02,6.245710171215E-02,6.468771248758E-02,
    6.691832326301E-02,6.914893403845E-02,7.137954481388E-02,
    7.361015558932E-02,7.584076636475E-02,7.807137714018E-02,
    8.030198791562E-02,8.253259869105E-02,8.476320946649E-02,
    8.699382024192E-02,8.922443101735E-02,9.145504179279E-02,
    9.368565256822E-02,9.591626334365E-02,9.814687411909E-02,
    0.100377484895,0.10260809567,0.104838706445,0.107069317221,
    0.109299927996,0.111530538772,0.113761149547,0.115991760323,
    0.118222371098,0.120452981873,0.122683592649,0.124914203424,
    0.1271448142,0.129375424975,0.131606035751,0.133836646526,
    0.136067257301,0.138297868077,0.140528478852,0.142759089628,
    0.144989700403,0.147220311179),.QUASI_UNIFORM_KNOTS.);
#7168 = CARTESIAN_POINT('',(1.,0.100386528734));
#7169 = CARTESIAN_POINT('',(0.99492562361,0.100379630576));
#7170 = CARTESIAN_POINT('',(0.984782609515,0.10036439127));
#7171 = CARTESIAN_POINT('',(0.969583379761,0.100337225314));
#7172 = CARTESIAN_POINT('',(0.9543975067,0.100305774342));
#7173 = CARTESIAN_POINT('',(0.939223090725,0.100270060335));
#7174 = CARTESIAN_POINT('',(0.92405825767,0.100230105271));
#7175 = CARTESIAN_POINT('',(0.908901217418,0.100185931127));
#7176 = CARTESIAN_POINT('',(0.893750095115,0.100137559883));
#7177 = CARTESIAN_POINT('',(0.878602965991,0.100085013518));
#7178 = CARTESIAN_POINT('',(0.863457965601,0.100028314014));
#7179 = CARTESIAN_POINT('',(0.848313205176,9.996748334885E-02));
#7180 = CARTESIAN_POINT('',(0.833166796753,9.990254350357E-02));
#7181 = CARTESIAN_POINT('',(0.818016888617,9.983351644943E-02));
#7182 = CARTESIAN_POINT('',(0.802861545578,9.976042419038E-02));
#7183 = CARTESIAN_POINT('',(0.787698917192,9.968328861208E-02));
#7184 = CARTESIAN_POINT('',(0.77252722539,9.960213204927E-02));
#7185 = CARTESIAN_POINT('',(0.7573444043,9.951697515603E-02));
#7186 = CARTESIAN_POINT('',(0.742149232846,9.942784485671E-02));
#7187 = CARTESIAN_POINT('',(0.72693721429,9.933474467297E-02));
#7188 = CARTESIAN_POINT('',(0.711745677974,9.923795317121E-02));
#7189 = CARTESIAN_POINT('',(0.696567711739,9.913748857635E-02));
#7190 = CARTESIAN_POINT('',(0.681402739155,9.903340520279E-02));
#7191 = CARTESIAN_POINT('',(0.666248524616,9.892574769467E-02));
#7192 = CARTESIAN_POINT('',(0.651103316558,9.881456328727E-02));
#7193 = CARTESIAN_POINT('',(0.635965319344,9.869989852151E-02));
#7194 = CARTESIAN_POINT('',(0.620832587672,9.85818001244E-02));
#7195 = CARTESIAN_POINT('',(0.605703251946,9.846031477364E-02));
#7196 = CARTESIAN_POINT('',(0.590575429149,9.833548915832E-02));
#7197 = CARTESIAN_POINT('',(0.575447249905,9.820736997148E-02));
#7198 = CARTESIAN_POINT('',(0.560316832188,9.807600387851E-02));
#7199 = CARTESIAN_POINT('',(0.545182279047,9.794143764959E-02));
#7200 = CARTESIAN_POINT('',(0.530041759455,9.780371766458E-02));
#7201 = CARTESIAN_POINT('',(0.514893517653,9.766289176198E-02));
#7202 = CARTESIAN_POINT('',(0.499735242625,9.751900233649E-02));
#7203 = CARTESIAN_POINT('',(0.484566619141,9.737211209788E-02));
#7204 = CARTESIAN_POINT('',(0.469379812015,9.722220793689E-02));
#7205 = CARTESIAN_POINT('',(0.454195300545,9.706956148251E-02));
#7206 = CARTESIAN_POINT('',(0.439027763359,9.691440349158E-02));
#7207 = CARTESIAN_POINT('',(0.423870839928,9.675675226355E-02));
#7208 = CARTESIAN_POINT('',(0.408723834189,9.65966830254E-02));
#7209 = CARTESIAN_POINT('',(0.393584561082,9.643425575023E-02));
#7210 = CARTESIAN_POINT('',(0.37845131511,9.626953449817E-02));
#7211 = CARTESIAN_POINT('',(0.363322201286,9.61025822349E-02));
#7212 = CARTESIAN_POINT('',(0.348195319774,9.593346221847E-02));
#7213 = CARTESIAN_POINT('',(0.333068821301,9.576223763216E-02));
#7214 = CARTESIAN_POINT('',(0.317940827177,9.558897166457E-02));
#7215 = CARTESIAN_POINT('',(0.302809464008,9.541372755732E-02));
#7216 = CARTESIAN_POINT('',(0.287672853652,9.523656833522E-02));
#7217 = CARTESIAN_POINT('',(0.27252916674,9.505755783919E-02));
#7218 = CARTESIAN_POINT('',(0.257376364524,9.48767568626E-02));
#7219 = CARTESIAN_POINT('',(0.242213302984,9.469423756956E-02));
#7220 = CARTESIAN_POINT('',(0.227035417084,9.451002968991E-02));
#7221 = CARTESIAN_POINT('',(0.21187427314,9.432460984652E-02));
#7222 = CARTESIAN_POINT('',(0.196724118374,9.413800276916E-02));
#7223 = CARTESIAN_POINT('',(0.181584095328,9.395029190853E-02));
#7224 = CARTESIAN_POINT('',(0.166452062416,9.376154498186E-02));
#7225 = CARTESIAN_POINT('',(0.151326250571,9.35718339229E-02));
#7226 = CARTESIAN_POINT('',(0.136204864942,9.338122953717E-02));
#7227 = CARTESIAN_POINT('',(0.121085976318,9.318980293116E-02));
#7228 = CARTESIAN_POINT('',(0.105967753368,9.299762512809E-02));
#7229 = CARTESIAN_POINT('',(9.084833669306E-02,9.280476717422E-02));
#7230 = CARTESIAN_POINT('',(7.572585820265E-02,9.26113001107E-02));
#7231 = CARTESIAN_POINT('',(6.059844884027E-02,9.241729498093E-02));
#7232 = CARTESIAN_POINT('',(4.546424892387E-02,9.222282282909E-02));
#7233 = CARTESIAN_POINT('',(3.032139708308E-02,9.20279546961E-02));
#7234 = CARTESIAN_POINT('',(1.516806425198E-02,9.183276162367E-02));
#7235 = CARTESIAN_POINT('',(5.057602037458E-03,9.17024636443E-02));
#7236 = CARTESIAN_POINT('',(0.,9.163728417892E-02));
#7237 = ( GEOMETRIC_REPRESENTATION_CONTEXT(2) 
PARAMETRIC_REPRESENTATION_CONTEXT() REPRESENTATION_CONTEXT('2D SPACE',''
  ) );
#7238 = PCURVE('',#6831,#7239);
#7239 = DEFINITIONAL_REPRESENTATION('',(#7240),#7281);
#7240 = B_SPLINE_CURVE_WITH_KNOTS('',3,(#7241,#7242,#7243,#7244,#7245,
    #7246,#7247,#7248,#7249,#7250,#7251,#7252,#7253,#7254,#7255,#7256,
    #7257,#7258,#7259,#7260,#7261,#7262,#7263,#7264,#7265,#7266,#7267,
    #7268,#7269,#7270,#7271,#7272,#7273,#7274,#7275,#7276,#7277,#7278,
    #7279,#7280),.UNSPECIFIED.,.F.,.F.,(4,3,3,3,3,3,3,3,3,3,3,3,3,4),(0.
    ,1.317720659244E-02,2.657223093881E-02,3.893517775764E-02,
    5.233129308385E-02,6.304953438997E-02,7.64652870095E-02,
    7.797375603535E-02,9.128259573E-02,0.104755168173,0.112588098347,
    0.126076733908,0.139282117591,0.147220311179),.UNSPECIFIED.);
#7241 = CARTESIAN_POINT('',(-1.161148760403,1.578788975693));
#7242 = CARTESIAN_POINT('',(-1.126976631374,1.606385592275));
#7243 = CARTESIAN_POINT('',(-1.091026920202,1.631575441259));
#7244 = CARTESIAN_POINT('',(-1.053611176119,1.654295894929));
#7245 = CARTESIAN_POINT('',(-1.015576953964,1.677391915162));
#7246 = CARTESIAN_POINT('',(-0.976026800866,1.697936776378));
#7247 = CARTESIAN_POINT('',(-0.935255288165,1.715822431648));
#7248 = CARTESIAN_POINT('',(-0.897625192825,1.732330009328));
#7249 = CARTESIAN_POINT('',(-0.858953670101,1.746572217163));
#7250 = CARTESIAN_POINT('',(-0.81945992201,1.758426828153));
#7251 = CARTESIAN_POINT('',(-0.776665690842,1.771272126147));
#7252 = CARTESIAN_POINT('',(-0.733187759077,1.781230077904));
#7253 = CARTESIAN_POINT('',(-0.689322930793,1.788208975599));
#7254 = CARTESIAN_POINT('',(-0.654226650792,1.793792796559));
#7255 = CARTESIAN_POINT('',(-0.618881886812,1.797468787751));
#7256 = CARTESIAN_POINT('',(-0.583434003489,1.799166940802));
#7257 = CARTESIAN_POINT('',(-0.539064780967,1.801292476195));
#7258 = CARTESIAN_POINT('',(-0.494533168869,1.800320828235));
#7259 = CARTESIAN_POINT('',(-0.45011119389,1.796354289213));
#7260 = CARTESIAN_POINT('',(-0.445116381059,1.795908291032));
#7261 = CARTESIAN_POINT('',(-0.440122964575,1.79542437601));
#7262 = CARTESIAN_POINT('',(-0.435131340745,1.794902649807));
#7263 = CARTESIAN_POINT('',(-0.39109150948,1.790299591819));
#7264 = CARTESIAN_POINT('',(-0.347456601115,1.782785421216));
#7265 = CARTESIAN_POINT('',(-0.304488398405,1.772508822212));
#7266 = CARTESIAN_POINT('',(-0.260991576967,1.762105794771));
#7267 = CARTESIAN_POINT('',(-0.218176856136,1.748871647501));
#7268 = CARTESIAN_POINT('',(-0.17632360738,1.732908537483));
#7269 = CARTESIAN_POINT('',(-0.151990201385,1.723627613097));
#7270 = CARTESIAN_POINT('',(-0.127982026755,1.713423290176));
#7271 = CARTESIAN_POINT('',(-0.10435747713,1.702308316163));
#7272 = CARTESIAN_POINT('',(-6.36750079736E-02,1.68316786292));
#7273 = CARTESIAN_POINT('',(-2.43585953862E-02,1.661437528256));
#7274 = CARTESIAN_POINT('',(1.33190077893E-02,1.637233995837));
#7275 = CARTESIAN_POINT('',(5.02054077449E-02,1.613538720609));
#7276 = CARTESIAN_POINT('',(8.55220504077E-02,1.587472492138));
#7277 = CARTESIAN_POINT('',(0.118989147508,1.559102109558));
#7278 = CARTESIAN_POINT('',(0.139107328242,1.542047732762));
#7279 = CARTESIAN_POINT('',(0.158556632566,1.52415993976));
#7280 = CARTESIAN_POINT('',(0.177269845734,1.505446726592));
#7281 = ( GEOMETRIC_REPRESENTATION_CONTEXT(2) 
PARAMETRIC_REPRESENTATION_CONTEXT() REPRESENTATION_CONTEXT('2D SPACE',''
  ) );
#7282 = ORIENTED_EDGE('',*,*,#6843,.F.);
#7283 = ORIENTED_EDGE('',*,*,#4086,.F.);
#7284 = ORIENTED_EDGE('',*,*,#6868,.T.);
#7285 = ORIENTED_EDGE('',*,*,#6892,.F.);
#7286 = ORIENTED_EDGE('',*,*,#7287,.T.);
#7287 = EDGE_CURVE('',#6893,#7288,#7290,.T.);
#7288 = VERTEX_POINT('',#7289);
#7289 = CARTESIAN_POINT('',(7.609824799174,5.678464598843,-1.49999908014
    ));
#7290 = SURFACE_CURVE('',#7291,(#7298,#7304),.PCURVE_S1.);
#7291 = B_SPLINE_CURVE_WITH_KNOTS('',3,(#7292,#7293,#7294,#7295,#7296,
    #7297),.UNSPECIFIED.,.F.,.F.,(4,2,4),(3.998022951291E-02,
    0.113058772206,0.148168926988),.UNSPECIFIED.);
#7292 = CARTESIAN_POINT('',(6.625371646124,5.461610579404,
    -1.498495886846));
#7293 = CARTESIAN_POINT('',(6.848303687947,5.390220868354,
    -1.498873789576));
#7294 = CARTESIAN_POINT('',(7.097113025991,5.399103799485,
    -1.499438548343));
#7295 = CARTESIAN_POINT('',(7.424820406769,5.536630073474,
    -1.499899367309));
#7296 = CARTESIAN_POINT('',(7.52352587826,5.599386039006,-1.4999892867)
  );
#7297 = CARTESIAN_POINT('',(7.609824799174,5.678464598843,-1.49999908014
    ));
#7298 = PCURVE('',#4129,#7299);
#7299 = DEFINITIONAL_REPRESENTATION('',(#7300),#7303);
#7300 = B_SPLINE_CURVE_WITH_KNOTS('',1,(#7301,#7302),.UNSPECIFIED.,.F.,
  .F.,(2,2),(3.998022951291E-02,0.148168926988),
  .PIECEWISE_BEZIER_KNOTS.);
#7301 = CARTESIAN_POINT('',(0.74534839597,0.250190634347));
#7302 = CARTESIAN_POINT('',(2.976558105351E-02,0.242601411855));
#7303 = ( GEOMETRIC_REPRESENTATION_CONTEXT(2) 
PARAMETRIC_REPRESENTATION_CONTEXT() REPRESENTATION_CONTEXT('2D SPACE',''
  ) );
#7304 = PCURVE('',#6946,#7305);
#7305 = DEFINITIONAL_REPRESENTATION('',(#7306),#7310);
#7306 = LINE('',#7307,#7308);
#7307 = CARTESIAN_POINT('',(8.191160212888E-16,0.));
#7308 = VECTOR('',#7309,1.);
#7309 = DIRECTION('',(-1.534797209127E-14,-1.));
#7310 = ( GEOMETRIC_REPRESENTATION_CONTEXT(2) 
PARAMETRIC_REPRESENTATION_CONTEXT() REPRESENTATION_CONTEXT('2D SPACE',''
  ) );
#7311 = ORIENTED_EDGE('',*,*,#7312,.T.);
#7312 = EDGE_CURVE('',#7288,#7093,#7313,.T.);
#7313 = SURFACE_CURVE('',#7314,(#7319,#7325),.PCURVE_S1.);
#7314 = B_SPLINE_CURVE_WITH_KNOTS('',3,(#7315,#7316,#7317,#7318),
  .UNSPECIFIED.,.F.,.F.,(4,4),(0.498391053818,0.502786611928),
  .PIECEWISE_BEZIER_KNOTS.);
#7315 = CARTESIAN_POINT('',(7.609824799174,5.678464598843,-1.49999908014
    ));
#7316 = CARTESIAN_POINT('',(7.620637564127,5.688372693536,
    -1.500000307203));
#7317 = CARTESIAN_POINT('',(7.631223839727,5.698507277583,-1.5));
#7318 = CARTESIAN_POINT('',(7.64158426955,5.708867707405,-1.5));
#7319 = PCURVE('',#4129,#7320);
#7320 = DEFINITIONAL_REPRESENTATION('',(#7321),#7324);
#7321 = B_SPLINE_CURVE_WITH_KNOTS('',1,(#7322,#7323),.UNSPECIFIED.,.F.,
  .F.,(2,2),(0.498391053818,0.502786611928),.PIECEWISE_BEZIER_KNOTS.);
#7322 = CARTESIAN_POINT('',(2.97655810535E-02,0.242601411855));
#7323 = CARTESIAN_POINT('',(-1.2148347825E-07,0.242216344871));
#7324 = ( GEOMETRIC_REPRESENTATION_CONTEXT(2) 
PARAMETRIC_REPRESENTATION_CONTEXT() REPRESENTATION_CONTEXT('2D SPACE',''
  ) );
#7325 = PCURVE('',#7326,#7343);
#7326 = B_SPLINE_SURFACE_WITH_KNOTS('',3,3,(
    (#7327,#7328,#7329,#7330)
    ,(#7331,#7332,#7333,#7334)
    ,(#7335,#7336,#7337,#7338)
    ,(#7339,#7340,#7341,#7342
    )),.UNSPECIFIED.,.F.,.F.,.F.,(4,4),(4,4),(0.,1.),(-0.502786611928,
    -0.498391053818),.PIECEWISE_BEZIER_KNOTS.);
#7327 = CARTESIAN_POINT('',(7.64158426955,5.708867707405,-1.5));
#7328 = CARTESIAN_POINT('',(7.631223839727,5.698507277583,-1.5));
#7329 = CARTESIAN_POINT('',(7.620637564127,5.688372693536,
    -1.500000307203));
#7330 = CARTESIAN_POINT('',(7.609824799174,5.678464598843,-1.49999908014
    ));
#7331 = CARTESIAN_POINT('',(7.759435399748,5.591016577207,
    -1.333333333333));
#7332 = CARTESIAN_POINT('',(7.749074969924,5.580656147385,
    -1.333333333333));
#7333 = CARTESIAN_POINT('',(7.73856397625,5.570446281413,-1.333333538135
    ));
#7334 = CARTESIAN_POINT('',(7.727901989674,5.560387408343,
    -1.333332720094));
#7335 = CARTESIAN_POINT('',(7.877286529945,5.47316544701,-1.166666666667
    ));
#7336 = CARTESIAN_POINT('',(7.866926100122,5.462805017187,
    -1.166666666667));
#7337 = CARTESIAN_POINT('',(7.856490388374,5.452519869289,
    -1.166666769068));
#7338 = CARTESIAN_POINT('',(7.845979180174,5.442310217843,
    -1.166666360047));
#7339 = CARTESIAN_POINT('',(7.995137660143,5.355314316812,-1.));
#7340 = CARTESIAN_POINT('',(7.98477723032,5.344953886989,-1.));
#7341 = CARTESIAN_POINT('',(7.974416800497,5.334593457166,-1.));
#7342 = CARTESIAN_POINT('',(7.964056370674,5.324233027343,-1.));
#7343 = DEFINITIONAL_REPRESENTATION('',(#7344),#7348);
#7344 = LINE('',#7345,#7346);
#7345 = CARTESIAN_POINT('',(-6.439108222118E-14,2.22044604925E-16));
#7346 = VECTOR('',#7347,1.);
#7347 = DIRECTION('',(1.261459025177E-13,-1.));
#7348 = ( GEOMETRIC_REPRESENTATION_CONTEXT(2) 
PARAMETRIC_REPRESENTATION_CONTEXT() REPRESENTATION_CONTEXT('2D SPACE',''
  ) );
#7349 = ADVANCED_FACE('',(#7350),#4223,.T.);
#7350 = FACE_BOUND('',#7351,.T.);
#7351 = EDGE_LOOP('',(#7352,#7353,#7354,#7377));
#7352 = ORIENTED_EDGE('',*,*,#4207,.F.);
#7353 = ORIENTED_EDGE('',*,*,#4519,.T.);
#7354 = ORIENTED_EDGE('',*,*,#7355,.T.);
#7355 = EDGE_CURVE('',#4491,#7356,#7358,.T.);
#7356 = VERTEX_POINT('',#7357);
#7357 = CARTESIAN_POINT('',(7.673904250322,-8.279231809246,-1.5));
#7358 = SURFACE_CURVE('',#7359,(#7363,#7370),.PCURVE_S1.);
#7359 = LINE('',#7360,#7361);
#7360 = CARTESIAN_POINT('',(7.673904250322,-8.279231809246,-3.));
#7361 = VECTOR('',#7362,1.);
#7362 = DIRECTION('',(0.,0.,1.));
#7363 = PCURVE('',#4223,#7364);
#7364 = DEFINITIONAL_REPRESENTATION('',(#7365),#7369);
#7365 = LINE('',#7366,#7367);
#7366 = CARTESIAN_POINT('',(0.977596550645,0.));
#7367 = VECTOR('',#7368,1.);
#7368 = DIRECTION('',(0.,1.));
#7369 = ( GEOMETRIC_REPRESENTATION_CONTEXT(2) 
PARAMETRIC_REPRESENTATION_CONTEXT() REPRESENTATION_CONTEXT('2D SPACE',''
  ) );
#7370 = PCURVE('',#4507,#7371);
#7371 = DEFINITIONAL_REPRESENTATION('',(#7372),#7376);
#7372 = LINE('',#7373,#7374);
#7373 = CARTESIAN_POINT('',(5.276044275326,0.));
#7374 = VECTOR('',#7375,1.);
#7375 = DIRECTION('',(0.,1.));
#7376 = ( GEOMETRIC_REPRESENTATION_CONTEXT(2) 
PARAMETRIC_REPRESENTATION_CONTEXT() REPRESENTATION_CONTEXT('2D SPACE',''
  ) );
#7377 = ORIENTED_EDGE('',*,*,#7378,.T.);
#7378 = EDGE_CURVE('',#7356,#4208,#7379,.T.);
#7379 = SURFACE_CURVE('',#7380,(#7385,#7392),.PCURVE_S1.);
#7380 = CIRCLE('',#7381,0.75);
#7381 = AXIS2_PLACEMENT_3D('',#7382,#7383,#7384);
#7382 = CARTESIAN_POINT('',(7.273194543038,-7.645250949528,-1.5));
#7383 = DIRECTION('',(0.,0.,-1.));
#7384 = DIRECTION('',(-0.402220830407,-0.915542682559,-0.));
#7385 = PCURVE('',#4223,#7386);
#7386 = DEFINITIONAL_REPRESENTATION('',(#7387),#7391);
#7387 = LINE('',#7388,#7389);
#7388 = CARTESIAN_POINT('',(6.28318530718,1.5));
#7389 = VECTOR('',#7390,1.);
#7390 = DIRECTION('',(-1.,0.));
#7391 = ( GEOMETRIC_REPRESENTATION_CONTEXT(2) 
PARAMETRIC_REPRESENTATION_CONTEXT() REPRESENTATION_CONTEXT('2D SPACE',''
  ) );
#7392 = PCURVE('',#4249,#7393);
#7393 = DEFINITIONAL_REPRESENTATION('',(#7394),#7398);
#7394 = CIRCLE('',#7395,0.75);
#7395 = AXIS2_PLACEMENT_2D('',#7396,#7397);
#7396 = CARTESIAN_POINT('',(-0.284408020391,0.337648393416));
#7397 = DIRECTION('',(-0.402220830407,0.915542682559));
#7398 = ( GEOMETRIC_REPRESENTATION_CONTEXT(2) 
PARAMETRIC_REPRESENTATION_CONTEXT() REPRESENTATION_CONTEXT('2D SPACE',''
  ) );
#7399 = ADVANCED_FACE('',(#7400),#4249,.F.);
#7400 = FACE_BOUND('',#7401,.T.);
#7401 = EDGE_LOOP('',(#7402,#7403,#7404,#7405,#7433,#7457));
#7402 = ORIENTED_EDGE('',*,*,#4551,.F.);
#7403 = ORIENTED_EDGE('',*,*,#4235,.T.);
#7404 = ORIENTED_EDGE('',*,*,#7378,.F.);
#7405 = ORIENTED_EDGE('',*,*,#7406,.T.);
#7406 = EDGE_CURVE('',#7356,#7407,#7409,.T.);
#7407 = VERTEX_POINT('',#7408);
#7408 = CARTESIAN_POINT('',(8.529231853091,-7.423904180952,-1.5));
#7409 = SURFACE_CURVE('',#7410,(#7415,#7426),.PCURVE_S1.);
#7410 = CIRCLE('',#7411,2.75);
#7411 = AXIS2_PLACEMENT_3D('',#7412,#7413,#7414);
#7412 = CARTESIAN_POINT('',(6.204635323614,-5.954635323614,-1.5));
#7413 = DIRECTION('',(0.,0.,1.));
#7414 = DIRECTION('',(1.,0.,-0.));
#7415 = PCURVE('',#4249,#7416);
#7416 = DEFINITIONAL_REPRESENTATION('',(#7417),#7425);
#7417 = ( BOUNDED_CURVE() B_SPLINE_CURVE(2,(#7418,#7419,#7420,#7421,
#7422,#7423,#7424),.UNSPECIFIED.,.T.,.F.) B_SPLINE_CURVE_WITH_KNOTS((1,2
    ,2,2,2,1),(-2.094395102393,0.,2.094395102393,4.188790204786,
6.28318530718,8.377580409573),.UNSPECIFIED.) CURVE() 
GEOMETRIC_REPRESENTATION_ITEM() RATIONAL_B_SPLINE_CURVE((1.,0.5,1.,0.5,
1.,0.5,1.)) REPRESENTATION_ITEM('') );
#7418 = CARTESIAN_POINT('',(1.397032760186,-1.352967232498));
#7419 = CARTESIAN_POINT('',(1.397032760186,-6.116106953313));
#7420 = CARTESIAN_POINT('',(-2.727967239814,-3.734537092906));
#7421 = CARTESIAN_POINT('',(-6.852967239814,-1.352967232498));
#7422 = CARTESIAN_POINT('',(-2.727967239814,1.028602627909));
#7423 = CARTESIAN_POINT('',(1.397032760186,3.410172488316));
#7424 = CARTESIAN_POINT('',(1.397032760186,-1.352967232498));
#7425 = ( GEOMETRIC_REPRESENTATION_CONTEXT(2) 
PARAMETRIC_REPRESENTATION_CONTEXT() REPRESENTATION_CONTEXT('2D SPACE',''
  ) );
#7426 = PCURVE('',#4507,#7427);
#7427 = DEFINITIONAL_REPRESENTATION('',(#7428),#7432);
#7428 = LINE('',#7429,#7430);
#7429 = CARTESIAN_POINT('',(0.,1.5));
#7430 = VECTOR('',#7431,1.);
#7431 = DIRECTION('',(1.,0.));
#7432 = ( GEOMETRIC_REPRESENTATION_CONTEXT(2) 
PARAMETRIC_REPRESENTATION_CONTEXT() REPRESENTATION_CONTEXT('2D SPACE',''
  ) );
#7433 = ORIENTED_EDGE('',*,*,#7434,.F.);
#7434 = EDGE_CURVE('',#7435,#7407,#7437,.T.);
#7435 = VERTEX_POINT('',#7436);
#7436 = CARTESIAN_POINT('',(8.425581067305,-6.492864406697,-1.5));
#7437 = SURFACE_CURVE('',#7438,(#7443,#7450),.PCURVE_S1.);
#7438 = CIRCLE('',#7439,0.75);
#7439 = AXIS2_PLACEMENT_3D('',#7440,#7441,#7442);
#7440 = CARTESIAN_POINT('',(7.895250981415,-7.023194492587,-1.5));
#7441 = DIRECTION('',(0.,0.,-1.));
#7442 = DIRECTION('',(0.915542670556,0.402220857728,0.));
#7443 = PCURVE('',#4249,#7444);
#7444 = DEFINITIONAL_REPRESENTATION('',(#7445),#7449);
#7445 = CIRCLE('',#7446,0.75);
#7446 = AXIS2_PLACEMENT_2D('',#7447,#7448);
#7447 = CARTESIAN_POINT('',(0.337648417987,-0.284408063525));
#7448 = DIRECTION('',(0.915542670556,-0.402220857728));
#7449 = ( GEOMETRIC_REPRESENTATION_CONTEXT(2) 
PARAMETRIC_REPRESENTATION_CONTEXT() REPRESENTATION_CONTEXT('2D SPACE',''
  ) );
#7450 = PCURVE('',#4478,#7451);
#7451 = DEFINITIONAL_REPRESENTATION('',(#7452),#7456);
#7452 = LINE('',#7453,#7454);
#7453 = CARTESIAN_POINT('',(12.566370614359,1.5));
#7454 = VECTOR('',#7455,1.);
#7455 = DIRECTION('',(-1.,0.));
#7456 = ( GEOMETRIC_REPRESENTATION_CONTEXT(2) 
PARAMETRIC_REPRESENTATION_CONTEXT() REPRESENTATION_CONTEXT('2D SPACE',''
  ) );
#7457 = ORIENTED_EDGE('',*,*,#7458,.T.);
#7458 = EDGE_CURVE('',#7435,#4552,#7459,.T.);
#7459 = SURFACE_CURVE('',#7460,(#7464,#7471),.PCURVE_S1.);
#7460 = LINE('',#7461,#7462);
#7461 = CARTESIAN_POINT('',(8.425581067305,-6.492864406697,-1.5));
#7462 = VECTOR('',#7463,1.);
#7463 = DIRECTION('',(-0.707106781187,0.707106781187,0.));
#7464 = PCURVE('',#4249,#7465);
#7465 = DEFINITIONAL_REPRESENTATION('',(#7466),#7470);
#7466 = LINE('',#7467,#7468);
#7467 = CARTESIAN_POINT('',(0.867978503877,-0.814738149415));
#7468 = VECTOR('',#7469,1.);
#7469 = DIRECTION('',(-0.707106781187,-0.707106781187));
#7470 = ( GEOMETRIC_REPRESENTATION_CONTEXT(2) 
PARAMETRIC_REPRESENTATION_CONTEXT() REPRESENTATION_CONTEXT('2D SPACE',''
  ) );
#7471 = PCURVE('',#4445,#7472);
#7472 = DEFINITIONAL_REPRESENTATION('',(#7473),#7477);
#7473 = LINE('',#7474,#7475);
#7474 = CARTESIAN_POINT('',(0.,1.5));
#7475 = VECTOR('',#7476,1.);
#7476 = DIRECTION('',(1.,0.));
#7477 = ( GEOMETRIC_REPRESENTATION_CONTEXT(2) 
PARAMETRIC_REPRESENTATION_CONTEXT() REPRESENTATION_CONTEXT('2D SPACE',''
  ) );
#7478 = ADVANCED_FACE('',(#7479),#4445,.T.);
#7479 = FACE_BOUND('',#7480,.T.);
#7480 = EDGE_LOOP('',(#7481,#7502,#7503,#7524,#7525));
#7481 = ORIENTED_EDGE('',*,*,#7482,.F.);
#7482 = EDGE_CURVE('',#4552,#6660,#7483,.T.);
#7483 = SURFACE_CURVE('',#7484,(#7488,#7495),.PCURVE_S1.);
#7484 = LINE('',#7485,#7486);
#7485 = CARTESIAN_POINT('',(4.695969698804,-2.763253038197,-1.5));
#7486 = VECTOR('',#7487,1.);
#7487 = DIRECTION('',(-0.707106781187,0.707106781187,0.));
#7488 = PCURVE('',#4445,#7489);
#7489 = DEFINITIONAL_REPRESENTATION('',(#7490),#7494);
#7490 = LINE('',#7491,#7492);
#7491 = CARTESIAN_POINT('',(5.274466979715,1.5));
#7492 = VECTOR('',#7493,1.);
#7493 = DIRECTION('',(1.,0.));
#7494 = ( GEOMETRIC_REPRESENTATION_CONTEXT(2) 
PARAMETRIC_REPRESENTATION_CONTEXT() REPRESENTATION_CONTEXT('2D SPACE',''
  ) );
#7495 = PCURVE('',#4617,#7496);
#7496 = DEFINITIONAL_REPRESENTATION('',(#7497),#7501);
#7497 = LINE('',#7498,#7499);
#7498 = CARTESIAN_POINT('',(0.288675134595,-0.204124145232));
#7499 = VECTOR('',#7500,1.);
#7500 = DIRECTION('',(0.57735026919,0.816496580928));
#7501 = ( GEOMETRIC_REPRESENTATION_CONTEXT(2) 
PARAMETRIC_REPRESENTATION_CONTEXT() REPRESENTATION_CONTEXT('2D SPACE',''
  ) );
#7502 = ORIENTED_EDGE('',*,*,#7458,.F.);
#7503 = ORIENTED_EDGE('',*,*,#7504,.F.);
#7504 = EDGE_CURVE('',#4430,#7435,#7505,.T.);
#7505 = SURFACE_CURVE('',#7506,(#7510,#7517),.PCURVE_S1.);
#7506 = LINE('',#7507,#7508);
#7507 = CARTESIAN_POINT('',(8.425581067305,-6.492864406697,-3.));
#7508 = VECTOR('',#7509,1.);
#7509 = DIRECTION('',(0.,0.,1.));
#7510 = PCURVE('',#4445,#7511);
#7511 = DEFINITIONAL_REPRESENTATION('',(#7512),#7516);
#7512 = LINE('',#7513,#7514);
#7513 = CARTESIAN_POINT('',(0.,0.));
#7514 = VECTOR('',#7515,1.);
#7515 = DIRECTION('',(0.,1.));
#7516 = ( GEOMETRIC_REPRESENTATION_CONTEXT(2) 
PARAMETRIC_REPRESENTATION_CONTEXT() REPRESENTATION_CONTEXT('2D SPACE',''
  ) );
#7517 = PCURVE('',#4478,#7518);
#7518 = DEFINITIONAL_REPRESENTATION('',(#7519),#7523);
#7519 = LINE('',#7520,#7521);
#7520 = CARTESIAN_POINT('',(6.654642185031,0.));
#7521 = VECTOR('',#7522,1.);
#7522 = DIRECTION('',(0.,1.));
#7523 = ( GEOMETRIC_REPRESENTATION_CONTEXT(2) 
PARAMETRIC_REPRESENTATION_CONTEXT() REPRESENTATION_CONTEXT('2D SPACE',''
  ) );
#7524 = ORIENTED_EDGE('',*,*,#4429,.T.);
#7525 = ORIENTED_EDGE('',*,*,#6659,.F.);
#7526 = ADVANCED_FACE('',(#7527),#4478,.T.);
#7527 = FACE_BOUND('',#7528,.T.);
#7528 = EDGE_LOOP('',(#7529,#7530,#7531,#7552));
#7529 = ORIENTED_EDGE('',*,*,#7504,.T.);
#7530 = ORIENTED_EDGE('',*,*,#7434,.T.);
#7531 = ORIENTED_EDGE('',*,*,#7532,.T.);
#7532 = EDGE_CURVE('',#7407,#4458,#7533,.T.);
#7533 = SURFACE_CURVE('',#7534,(#7538,#7545),.PCURVE_S1.);
#7534 = LINE('',#7535,#7536);
#7535 = CARTESIAN_POINT('',(8.529231853091,-7.423904180952,-3.));
#7536 = VECTOR('',#7537,1.);
#7537 = DIRECTION('',(0.,0.,-1.));
#7538 = PCURVE('',#4478,#7539);
#7539 = DEFINITIONAL_REPRESENTATION('',(#7540),#7544);
#7540 = LINE('',#7541,#7542);
#7541 = CARTESIAN_POINT('',(5.305588756534,0.));
#7542 = VECTOR('',#7543,1.);
#7543 = DIRECTION('',(0.,-1.));
#7544 = ( GEOMETRIC_REPRESENTATION_CONTEXT(2) 
PARAMETRIC_REPRESENTATION_CONTEXT() REPRESENTATION_CONTEXT('2D SPACE',''
  ) );
#7545 = PCURVE('',#4507,#7546);
#7546 = DEFINITIONAL_REPRESENTATION('',(#7547),#7551);
#7547 = LINE('',#7548,#7549);
#7548 = CARTESIAN_POINT('',(5.71953004208,0.));
#7549 = VECTOR('',#7550,1.);
#7550 = DIRECTION('',(0.,-1.));
#7551 = ( GEOMETRIC_REPRESENTATION_CONTEXT(2) 
PARAMETRIC_REPRESENTATION_CONTEXT() REPRESENTATION_CONTEXT('2D SPACE',''
  ) );
#7552 = ORIENTED_EDGE('',*,*,#4457,.T.);
#7553 = ADVANCED_FACE('',(#7554),#4507,.T.);
#7554 = FACE_BOUND('',#7555,.T.);
#7555 = EDGE_LOOP('',(#7556,#7557,#7558,#7559));
#7556 = ORIENTED_EDGE('',*,*,#7532,.F.);
#7557 = ORIENTED_EDGE('',*,*,#7406,.F.);
#7558 = ORIENTED_EDGE('',*,*,#7355,.F.);
#7559 = ORIENTED_EDGE('',*,*,#4490,.F.);
#7560 = ADVANCED_FACE('',(#7561),#4617,.T.);
#7561 = FACE_BOUND('',#7562,.T.);
#7562 = EDGE_LOOP('',(#7563,#7564,#7565,#7587,#7610));
#7563 = ORIENTED_EDGE('',*,*,#4601,.T.);
#7564 = ORIENTED_EDGE('',*,*,#7482,.T.);
#7565 = ORIENTED_EDGE('',*,*,#7566,.T.);
#7566 = EDGE_CURVE('',#6660,#7567,#7569,.T.);
#7567 = VERTEX_POINT('',#7568);
#7568 = CARTESIAN_POINT('',(7.99513770678,-5.355314264986,-1.));
#7569 = SURFACE_CURVE('',#7570,(#7574,#7581),.PCURVE_S1.);
#7570 = LINE('',#7571,#7572);
#7571 = CARTESIAN_POINT('',(7.641584316187,-5.708867655579,
    -1.49999999976));
#7572 = VECTOR('',#7573,1.);
#7573 = DIRECTION('',(0.50000000012,0.50000000012,0.707106781017));
#7574 = PCURVE('',#4617,#7575);
#7575 = DEFINITIONAL_REPRESENTATION('',(#7576),#7580);
#7576 = LINE('',#7577,#7578);
#7577 = CARTESIAN_POINT('',(-2.116409129367,-3.605426929683));
#7578 = VECTOR('',#7579,1.);
#7579 = DIRECTION('',(-0.816496580928,0.57735026919));
#7580 = ( GEOMETRIC_REPRESENTATION_CONTEXT(2) 
PARAMETRIC_REPRESENTATION_CONTEXT() REPRESENTATION_CONTEXT('2D SPACE',''
  ) );
#7581 = PCURVE('',#6700,#7582);
#7582 = DEFINITIONAL_REPRESENTATION('',(#7583),#7586);
#7583 = B_SPLINE_CURVE_WITH_KNOTS('',1,(#7584,#7585),.UNSPECIFIED.,.F.,
  .F.,(2,2),(0.,0.707106781017),.PIECEWISE_BEZIER_KNOTS.);
#7584 = CARTESIAN_POINT('',(2.404434917241E-10,0.416572814143));
#7585 = CARTESIAN_POINT('',(1.,0.416572814143));
#7586 = ( GEOMETRIC_REPRESENTATION_CONTEXT(2) 
PARAMETRIC_REPRESENTATION_CONTEXT() REPRESENTATION_CONTEXT('2D SPACE',''
  ) );
#7587 = ORIENTED_EDGE('',*,*,#7588,.T.);
#7588 = EDGE_CURVE('',#7567,#7589,#7591,.T.);
#7589 = VERTEX_POINT('',#7590);
#7590 = CARTESIAN_POINT('',(8.087488663526,-5.447665221732,-1.));
#7591 = SURFACE_CURVE('',#7592,(#7596,#7603),.PCURVE_S1.);
#7592 = LINE('',#7593,#7594);
#7593 = CARTESIAN_POINT('',(5.049523089398,-2.409699647604,-1.));
#7594 = VECTOR('',#7595,1.);
#7595 = DIRECTION('',(0.707106781187,-0.707106781187,0.));
#7596 = PCURVE('',#4617,#7597);
#7597 = DEFINITIONAL_REPRESENTATION('',(#7598),#7602);
#7598 = LINE('',#7599,#7600);
#7599 = CARTESIAN_POINT('',(-0.288675134595,0.204124145232));
#7600 = VECTOR('',#7601,1.);
#7601 = DIRECTION('',(-0.57735026919,-0.816496580928));
#7602 = ( GEOMETRIC_REPRESENTATION_CONTEXT(2) 
PARAMETRIC_REPRESENTATION_CONTEXT() REPRESENTATION_CONTEXT('2D SPACE',''
  ) );
#7603 = PCURVE('',#7016,#7604);
#7604 = DEFINITIONAL_REPRESENTATION('',(#7605),#7609);
#7605 = LINE('',#7606,#7607);
#7606 = CARTESIAN_POINT('',(5.049523089398,2.409699647604));
#7607 = VECTOR('',#7608,1.);
#7608 = DIRECTION('',(0.707106781187,0.707106781187));
#7609 = ( GEOMETRIC_REPRESENTATION_CONTEXT(2) 
PARAMETRIC_REPRESENTATION_CONTEXT() REPRESENTATION_CONTEXT('2D SPACE',''
  ) );
#7610 = ORIENTED_EDGE('',*,*,#7611,.T.);
#7611 = EDGE_CURVE('',#7589,#4602,#7612,.T.);
#7612 = SURFACE_CURVE('',#7613,(#7617,#7624),.PCURVE_S1.);
#7613 = LINE('',#7614,#7615);
#7614 = CARTESIAN_POINT('',(7.750238427804,0.341078248081,2.854787833418
    ));
#7615 = VECTOR('',#7616,1.);
#7616 = DIRECTION('',(4.843496184375E-02,-0.831363597074,-0.553614147156
    ));
#7617 = PCURVE('',#4617,#7618);
#7618 = DEFINITIONAL_REPRESENTATION('',(#7619),#7623);
#7619 = LINE('',#7620,#7621);
#7620 = CARTESIAN_POINT('',(-4.719362767756,3.38044886234));
#7621 = VECTOR('',#7622,1.);
#7622 = DIRECTION('',(0.280082296145,-0.95997599313));
#7623 = ( GEOMETRIC_REPRESENTATION_CONTEXT(2) 
PARAMETRIC_REPRESENTATION_CONTEXT() REPRESENTATION_CONTEXT('2D SPACE',''
  ) );
#7624 = PCURVE('',#4645,#7625);
#7625 = DEFINITIONAL_REPRESENTATION('',(#7626),#7630);
#7626 = LINE('',#7627,#7628);
#7627 = CARTESIAN_POINT('',(-7.408921751919,2.865692659162));
#7628 = VECTOR('',#7629,1.);
#7629 = DIRECTION('',(-0.831363597074,-0.55572886326));
#7630 = ( GEOMETRIC_REPRESENTATION_CONTEXT(2) 
PARAMETRIC_REPRESENTATION_CONTEXT() REPRESENTATION_CONTEXT('2D SPACE',''
  ) );
#7631 = ADVANCED_FACE('',(#7632),#4645,.T.);
#7632 = FACE_BOUND('',#7633,.T.);
#7633 = EDGE_LOOP('',(#7634,#7657,#7685,#7713,#7755,#7783,#7823,#7824));
#7634 = ORIENTED_EDGE('',*,*,#7635,.T.);
#7635 = EDGE_CURVE('',#7589,#7636,#7638,.T.);
#7636 = VERTEX_POINT('',#7637);
#7637 = CARTESIAN_POINT('',(8.087488663526,5.447665320195,-1.));
#7638 = SURFACE_CURVE('',#7639,(#7643,#7650),.PCURVE_S1.);
#7639 = LINE('',#7640,#7641);
#7640 = CARTESIAN_POINT('',(8.087488663526,3.875,-1.));
#7641 = VECTOR('',#7642,1.);
#7642 = DIRECTION('',(0.,1.,0.));
#7643 = PCURVE('',#4645,#7644);
#7644 = DEFINITIONAL_REPRESENTATION('',(#7645),#7649);
#7645 = LINE('',#7646,#7647);
#7646 = CARTESIAN_POINT('',(-3.875,-1.003819837543));
#7647 = VECTOR('',#7648,1.);
#7648 = DIRECTION('',(1.,0.));
#7649 = ( GEOMETRIC_REPRESENTATION_CONTEXT(2) 
PARAMETRIC_REPRESENTATION_CONTEXT() REPRESENTATION_CONTEXT('2D SPACE',''
  ) );
#7650 = PCURVE('',#7016,#7651);
#7651 = DEFINITIONAL_REPRESENTATION('',(#7652),#7656);
#7652 = LINE('',#7653,#7654);
#7653 = CARTESIAN_POINT('',(8.087488663526,-3.875));
#7654 = VECTOR('',#7655,1.);
#7655 = DIRECTION('',(0.,-1.));
#7656 = ( GEOMETRIC_REPRESENTATION_CONTEXT(2) 
PARAMETRIC_REPRESENTATION_CONTEXT() REPRESENTATION_CONTEXT('2D SPACE',''
  ) );
#7657 = ORIENTED_EDGE('',*,*,#7658,.F.);
#7658 = EDGE_CURVE('',#7659,#7636,#7661,.T.);
#7659 = VERTEX_POINT('',#7660);
#7660 = CARTESIAN_POINT('',(8.108994027742,5.816794896654,
    -1.245807437782));
#7661 = SURFACE_CURVE('',#7662,(#7666,#7673),.PCURVE_S1.);
#7662 = LINE('',#7663,#7664);
#7663 = CARTESIAN_POINT('',(8.049319223231,4.792504626885,
    -0.563721301061));
#7664 = VECTOR('',#7665,1.);
#7665 = DIRECTION('',(-4.843496184375E-02,-0.831363597074,0.553614147156
    ));
#7666 = PCURVE('',#4645,#7667);
#7667 = DEFINITIONAL_REPRESENTATION('',(#7668),#7672);
#7668 = LINE('',#7669,#7670);
#7669 = CARTESIAN_POINT('',(-2.957495373115,-0.56587462485));
#7670 = VECTOR('',#7671,1.);
#7671 = DIRECTION('',(-0.831363597074,0.55572886326));
#7672 = ( GEOMETRIC_REPRESENTATION_CONTEXT(2) 
PARAMETRIC_REPRESENTATION_CONTEXT() REPRESENTATION_CONTEXT('2D SPACE',''
  ) );
#7673 = PCURVE('',#7674,#7679);
#7674 = PLANE('',#7675);
#7675 = AXIS2_PLACEMENT_3D('',#7676,#7677,#7678);
#7676 = CARTESIAN_POINT('',(4.263122737004,1.976852784266,-1.25));
#7677 = DIRECTION('',(0.5,-0.5,-0.707106781187));
#7678 = DIRECTION('',(-0.816496580928,1.110223024625E-16,-0.57735026919)
  );
#7679 = DEFINITIONAL_REPRESENTATION('',(#7680),#7684);
#7680 = LINE('',#7681,#7682);
#7681 = CARTESIAN_POINT('',(-3.487639677297,3.251234698561));
#7682 = VECTOR('',#7683,1.);
#7683 = DIRECTION('',(-0.280082296145,-0.95997599313));
#7684 = ( GEOMETRIC_REPRESENTATION_CONTEXT(2) 
PARAMETRIC_REPRESENTATION_CONTEXT() REPRESENTATION_CONTEXT('2D SPACE',''
  ) );
#7685 = ORIENTED_EDGE('',*,*,#7686,.F.);
#7686 = EDGE_CURVE('',#7687,#7659,#7689,.T.);
#7687 = VERTEX_POINT('',#7688);
#7688 = CARTESIAN_POINT('',(7.955909166676,5.663710035588,0.503960530961
    ));
#7689 = SURFACE_CURVE('',#7690,(#7694,#7701),.PCURVE_S1.);
#7690 = LINE('',#7691,#7692);
#7691 = CARTESIAN_POINT('',(7.955084988819,5.662885857731,0.513380926974
    ));
#7692 = VECTOR('',#7693,1.);
#7693 = DIRECTION('',(8.682659386425E-02,8.682659386425E-02,
    -0.992432509139));
#7694 = PCURVE('',#4645,#7695);
#7695 = DEFINITIONAL_REPRESENTATION('',(#7696),#7700);
#7696 = LINE('',#7697,#7698);
#7697 = CARTESIAN_POINT('',(-2.087114142269,0.515341958713));
#7698 = VECTOR('',#7699,1.);
#7699 = DIRECTION('',(8.682659386425E-02,-0.996223440097));
#7700 = ( GEOMETRIC_REPRESENTATION_CONTEXT(2) 
PARAMETRIC_REPRESENTATION_CONTEXT() REPRESENTATION_CONTEXT('2D SPACE',''
  ) );
#7701 = PCURVE('',#7702,#7707);
#7702 = CYLINDRICAL_SURFACE('',#7703,2.05);
#7703 = AXIS2_PLACEMENT_3D('',#7704,#7705,#7706);
#7704 = CARTESIAN_POINT('',(5.912885857731,5.662885857731,0.334711654341
    ));
#7705 = DIRECTION('',(8.682659386425E-02,8.682659386425E-02,
    -0.992432509139));
#7706 = DIRECTION('',(0.701755757082,0.701755757082,0.122791346617));
#7707 = DEFINITIONAL_REPRESENTATION('',(#7708),#7712);
#7708 = LINE('',#7709,#7710);
#7709 = CARTESIAN_POINT('',(7.064785372304,2.083402894648E-15));
#7710 = VECTOR('',#7711,1.);
#7711 = DIRECTION('',(0.,1.));
#7712 = ( GEOMETRIC_REPRESENTATION_CONTEXT(2) 
PARAMETRIC_REPRESENTATION_CONTEXT() REPRESENTATION_CONTEXT('2D SPACE',''
  ) );
#7713 = ORIENTED_EDGE('',*,*,#7714,.F.);
#7714 = EDGE_CURVE('',#7715,#7687,#7717,.T.);
#7715 = VERTEX_POINT('',#7716);
#7716 = CARTESIAN_POINT('',(7.955922747459,5.576567873623,0.503805301908
    ));
#7717 = SURFACE_CURVE('',#7718,(#7723,#7731),.PCURVE_S1.);
#7718 = B_SPLINE_CURVE_WITH_KNOTS('',3,(#7719,#7720,#7721,#7722),
  .UNSPECIFIED.,.F.,.F.,(4,4),(-0.781600065124,-0.740989609687),
  .PIECEWISE_BEZIER_KNOTS.);
#7719 = CARTESIAN_POINT('',(7.955922747459,5.576567873623,0.503805301908
    ));
#7720 = CARTESIAN_POINT('',(7.955922747459,5.605603395645,0.503805301908
    ));
#7721 = CARTESIAN_POINT('',(7.95591831721,5.634634960023,0.503855939884)
  );
#7722 = CARTESIAN_POINT('',(7.955909166676,5.663710035588,0.503960530961
    ));
#7723 = PCURVE('',#4645,#7724);
#7724 = DEFINITIONAL_REPRESENTATION('',(#7725),#7730);
#7725 = B_SPLINE_CURVE_WITH_KNOTS('',3,(#7726,#7727,#7728,#7729),
  .UNSPECIFIED.,.F.,.F.,(4,4),(-0.781600065124,-0.740989609687),
  .PIECEWISE_BEZIER_KNOTS.);
#7726 = CARTESIAN_POINT('',(-2.173432126377,0.505729756315));
#7727 = CARTESIAN_POINT('',(-2.144396604355,0.505729756315));
#7728 = CARTESIAN_POINT('',(-2.115365039977,0.505780587719));
#7729 = CARTESIAN_POINT('',(-2.086289964412,0.505885578318));
#7730 = ( GEOMETRIC_REPRESENTATION_CONTEXT(2) 
PARAMETRIC_REPRESENTATION_CONTEXT() REPRESENTATION_CONTEXT('2D SPACE',''
  ) );
#7731 = PCURVE('',#7732,#7749);
#7732 = B_SPLINE_SURFACE_WITH_KNOTS('',3,3,(
    (#7733,#7734,#7735,#7736)
    ,(#7737,#7738,#7739,#7740)
    ,(#7741,#7742,#7743,#7744)
    ,(#7745,#7746,#7747,#7748
    )),.UNSPECIFIED.,.F.,.F.,.F.,(4,4),(4,4),(0.,1.),(0.740989609687,
    0.781600065124),.PIECEWISE_BEZIER_KNOTS.);
#7733 = CARTESIAN_POINT('',(7.955909166676,5.663710035588,0.503960530961
    ));
#7734 = CARTESIAN_POINT('',(7.95591831721,5.634634960023,0.503855939884)
  );
#7735 = CARTESIAN_POINT('',(7.955922747459,5.605603395645,0.503805301908
    ));
#7736 = CARTESIAN_POINT('',(7.955922747459,5.576567873623,0.503805301908
    ));
#7737 = CARTESIAN_POINT('',(7.593237907364,5.648968713341,0.835973687307
    ));
#7738 = CARTESIAN_POINT('',(7.59343761709,5.624822082973,0.835903959922)
  );
#7739 = CARTESIAN_POINT('',(7.593537499876,5.600697710795,0.835870201272
    ));
#7740 = CARTESIAN_POINT('',(7.593537499876,5.576567873623,0.835870201272
    ));
#7741 = CARTESIAN_POINT('',(7.230566648052,5.634227391094,1.167986843654
    ));
#7742 = CARTESIAN_POINT('',(7.230956916969,5.615009205922,1.167951979961
    ));
#7743 = CARTESIAN_POINT('',(7.231152252294,5.595792025945,1.167935100636
    ));
#7744 = CARTESIAN_POINT('',(7.231152252294,5.576567873623,1.167935100636
    ));
#7745 = CARTESIAN_POINT('',(6.86789538874,5.619486068847,1.5));
#7746 = CARTESIAN_POINT('',(6.868476216849,5.605196328872,1.5));
#7747 = CARTESIAN_POINT('',(6.868767004711,5.590886341096,1.5));
#7748 = CARTESIAN_POINT('',(6.868767004711,5.576567873623,1.5));
#7749 = DEFINITIONAL_REPRESENTATION('',(#7750),#7754);
#7750 = LINE('',#7751,#7752);
#7751 = CARTESIAN_POINT('',(-9.828370800923E-15,0.));
#7752 = VECTOR('',#7753,1.);
#7753 = DIRECTION('',(-1.175822936713E-14,-1.));
#7754 = ( GEOMETRIC_REPRESENTATION_CONTEXT(2) 
PARAMETRIC_REPRESENTATION_CONTEXT() REPRESENTATION_CONTEXT('2D SPACE',''
  ) );
#7755 = ORIENTED_EDGE('',*,*,#7756,.F.);
#7756 = EDGE_CURVE('',#7757,#7715,#7759,.T.);
#7757 = VERTEX_POINT('',#7758);
#7758 = CARTESIAN_POINT('',(7.955922747459,-5.576567873623,
    0.503805301908));
#7759 = SURFACE_CURVE('',#7760,(#7764,#7771),.PCURVE_S1.);
#7760 = LINE('',#7761,#7762);
#7761 = CARTESIAN_POINT('',(7.955922747459,3.875,0.503805301908));
#7762 = VECTOR('',#7763,1.);
#7763 = DIRECTION('',(0.,1.,0.));
#7764 = PCURVE('',#4645,#7765);
#7765 = DEFINITIONAL_REPRESENTATION('',(#7766),#7770);
#7766 = LINE('',#7767,#7768);
#7767 = CARTESIAN_POINT('',(-3.875,0.505729756315));
#7768 = VECTOR('',#7769,1.);
#7769 = DIRECTION('',(1.,0.));
#7770 = ( GEOMETRIC_REPRESENTATION_CONTEXT(2) 
PARAMETRIC_REPRESENTATION_CONTEXT() REPRESENTATION_CONTEXT('2D SPACE',''
  ) );
#7771 = PCURVE('',#7772,#7777);
#7772 = PLANE('',#7773);
#7773 = AXIS2_PLACEMENT_3D('',#7774,#7775,#7776);
#7774 = CARTESIAN_POINT('',(7.412344876085,3.875,1.001902650954));
#7775 = DIRECTION('',(0.675590207616,0.,0.73727733681));
#7776 = DIRECTION('',(0.73727733681,0.,-0.675590207616));
#7777 = DEFINITIONAL_REPRESENTATION('',(#7778),#7782);
#7778 = LINE('',#7779,#7780);
#7779 = CARTESIAN_POINT('',(0.73727733681,0.));
#7780 = VECTOR('',#7781,1.);
#7781 = DIRECTION('',(0.,1.));
#7782 = ( GEOMETRIC_REPRESENTATION_CONTEXT(2) 
PARAMETRIC_REPRESENTATION_CONTEXT() REPRESENTATION_CONTEXT('2D SPACE',''
  ) );
#7783 = ORIENTED_EDGE('',*,*,#7784,.F.);
#7784 = EDGE_CURVE('',#4630,#7757,#7785,.T.);
#7785 = SURFACE_CURVE('',#7786,(#7791,#7799),.PCURVE_S1.);
#7786 = B_SPLINE_CURVE_WITH_KNOTS('',3,(#7787,#7788,#7789,#7790),
  .UNSPECIFIED.,.F.,.F.,(4,4),(0.740989609687,0.781600065124),
  .PIECEWISE_BEZIER_KNOTS.);
#7787 = CARTESIAN_POINT('',(7.955909166676,-5.663710035588,
    0.503960530961));
#7788 = CARTESIAN_POINT('',(7.95591831721,-5.634634960023,0.503855939884
    ));
#7789 = CARTESIAN_POINT('',(7.955922747459,-5.605603395645,
    0.503805301908));
#7790 = CARTESIAN_POINT('',(7.955922747459,-5.576567873623,
    0.503805301908));
#7791 = PCURVE('',#4645,#7792);
#7792 = DEFINITIONAL_REPRESENTATION('',(#7793),#7798);
#7793 = B_SPLINE_CURVE_WITH_KNOTS('',3,(#7794,#7795,#7796,#7797),
  .UNSPECIFIED.,.F.,.F.,(4,4),(0.740989609687,0.781600065124),
  .PIECEWISE_BEZIER_KNOTS.);
#7794 = CARTESIAN_POINT('',(-13.41371003558,0.505885578318));
#7795 = CARTESIAN_POINT('',(-13.38463496002,0.505780587719));
#7796 = CARTESIAN_POINT('',(-13.35560339564,0.505729756315));
#7797 = CARTESIAN_POINT('',(-13.32656787362,0.505729756315));
#7798 = ( GEOMETRIC_REPRESENTATION_CONTEXT(2) 
PARAMETRIC_REPRESENTATION_CONTEXT() REPRESENTATION_CONTEXT('2D SPACE',''
  ) );
#7799 = PCURVE('',#7800,#7817);
#7800 = B_SPLINE_SURFACE_WITH_KNOTS('',3,3,(
    (#7801,#7802,#7803,#7804)
    ,(#7805,#7806,#7807,#7808)
    ,(#7809,#7810,#7811,#7812)
    ,(#7813,#7814,#7815,#7816
    )),.UNSPECIFIED.,.F.,.F.,.F.,(4,4),(4,4),(0.,1.),(-0.781600065124,
    -0.740989609687),.PIECEWISE_BEZIER_KNOTS.);
#7801 = CARTESIAN_POINT('',(7.955922747459,-5.576567873623,
    0.503805301908));
#7802 = CARTESIAN_POINT('',(7.955922747459,-5.605603395645,
    0.503805301908));
#7803 = CARTESIAN_POINT('',(7.95591831721,-5.634634960023,0.503855939884
    ));
#7804 = CARTESIAN_POINT('',(7.955909166676,-5.663710035588,
    0.503960530961));
#7805 = CARTESIAN_POINT('',(7.593537499876,-5.576567873623,
    0.835870201272));
#7806 = CARTESIAN_POINT('',(7.593537499876,-5.600697710795,
    0.835870201272));
#7807 = CARTESIAN_POINT('',(7.59343761709,-5.624822082973,0.835903959922
    ));
#7808 = CARTESIAN_POINT('',(7.593237907364,-5.648968713341,
    0.835973687307));
#7809 = CARTESIAN_POINT('',(7.231152252294,-5.576567873623,
    1.167935100636));
#7810 = CARTESIAN_POINT('',(7.231152252294,-5.595792025945,
    1.167935100636));
#7811 = CARTESIAN_POINT('',(7.230956916969,-5.615009205922,
    1.167951979961));
#7812 = CARTESIAN_POINT('',(7.230566648052,-5.634227391094,
    1.167986843654));
#7813 = CARTESIAN_POINT('',(6.868767004711,-5.576567873623,1.5));
#7814 = CARTESIAN_POINT('',(6.868767004711,-5.590886341095,1.5));
#7815 = CARTESIAN_POINT('',(6.868476216849,-5.605196328872,1.5));
#7816 = CARTESIAN_POINT('',(6.86789538874,-5.619486068847,1.5));
#7817 = DEFINITIONAL_REPRESENTATION('',(#7818),#7822);
#7818 = LINE('',#7819,#7820);
#7819 = CARTESIAN_POINT('',(1.700815998017E-14,-2.22044604925E-16));
#7820 = VECTOR('',#7821,1.);
#7821 = DIRECTION('',(-2.359504969742E-14,-1.));
#7822 = ( GEOMETRIC_REPRESENTATION_CONTEXT(2) 
PARAMETRIC_REPRESENTATION_CONTEXT() REPRESENTATION_CONTEXT('2D SPACE',''
  ) );
#7823 = ORIENTED_EDGE('',*,*,#4629,.F.);
#7824 = ORIENTED_EDGE('',*,*,#7611,.F.);
#7825 = ADVANCED_FACE('',(#7826),#4695,.T.);
#7826 = FACE_BOUND('',#7827,.T.);
#7827 = EDGE_LOOP('',(#7828,#7849,#7874,#7875));
#7828 = ORIENTED_EDGE('',*,*,#7829,.T.);
#7829 = EDGE_CURVE('',#4630,#7830,#7832,.T.);
#7830 = VERTEX_POINT('',#7831);
#7831 = CARTESIAN_POINT('',(6.86789538874,-5.619486068847,1.5));
#7832 = SURFACE_CURVE('',#7833,(#7837,#7843),.PCURVE_S1.);
#7833 = LINE('',#7834,#7835);
#7834 = CARTESIAN_POINT('',(7.955909166676,-5.663710035588,
    0.503960530961));
#7835 = VECTOR('',#7836,1.);
#7836 = DIRECTION('',(-0.737263899513,2.9967207064E-02,0.674939929902));
#7837 = PCURVE('',#4695,#7838);
#7838 = DEFINITIONAL_REPRESENTATION('',(#7839),#7842);
#7839 = B_SPLINE_CURVE_WITH_KNOTS('',1,(#7840,#7841),.UNSPECIFIED.,.F.,
  .F.,(2,2),(0.,1.475745358826),.PIECEWISE_BEZIER_KNOTS.);
#7840 = CARTESIAN_POINT('',(-4.9877815231E-16,-0.740989609687));
#7841 = CARTESIAN_POINT('',(1.,-0.740989609687));
#7842 = ( GEOMETRIC_REPRESENTATION_CONTEXT(2) 
PARAMETRIC_REPRESENTATION_CONTEXT() REPRESENTATION_CONTEXT('2D SPACE',''
  ) );
#7843 = PCURVE('',#7800,#7844);
#7844 = DEFINITIONAL_REPRESENTATION('',(#7845),#7848);
#7845 = B_SPLINE_CURVE_WITH_KNOTS('',1,(#7846,#7847),.UNSPECIFIED.,.F.,
  .F.,(2,2),(0.,1.475745358826),.PIECEWISE_BEZIER_KNOTS.);
#7846 = CARTESIAN_POINT('',(-8.312801447673E-16,-0.740989609687));
#7847 = CARTESIAN_POINT('',(1.,-0.740989609687));
#7848 = ( GEOMETRIC_REPRESENTATION_CONTEXT(2) 
PARAMETRIC_REPRESENTATION_CONTEXT() REPRESENTATION_CONTEXT('2D SPACE',''
  ) );
#7849 = ORIENTED_EDGE('',*,*,#7850,.T.);
#7850 = EDGE_CURVE('',#7830,#4750,#7851,.T.);
#7851 = SURFACE_CURVE('',#7852,(#7858,#7865),.PCURVE_S1.);
#7852 = B_SPLINE_CURVE_WITH_KNOTS('',3,(#7853,#7854,#7855,#7856,#7857),
  .UNSPECIFIED.,.F.,.F.,(4,1,4),(-0.740989609687,-0.105855658527,
    0.740989609687),.UNSPECIFIED.);
#7853 = CARTESIAN_POINT('',(6.86789538874,-5.619486068847,1.5));
#7854 = CARTESIAN_POINT('',(6.858811431223,-5.842972826467,1.5));
#7855 = CARTESIAN_POINT('',(6.667716153803,-6.352456870042,1.5));
#7856 = CARTESIAN_POINT('',(6.16746841234,-6.605783445384,1.5));
#7857 = CARTESIAN_POINT('',(5.869486068847,-6.61789538874,1.5));
#7858 = PCURVE('',#4695,#7859);
#7859 = DEFINITIONAL_REPRESENTATION('',(#7860),#7864);
#7860 = LINE('',#7861,#7862);
#7861 = CARTESIAN_POINT('',(1.,5.551115123126E-16));
#7862 = VECTOR('',#7863,1.);
#7863 = DIRECTION('',(5.993190782225E-16,1.));
#7864 = ( GEOMETRIC_REPRESENTATION_CONTEXT(2) 
PARAMETRIC_REPRESENTATION_CONTEXT() REPRESENTATION_CONTEXT('2D SPACE',''
  ) );
#7865 = PCURVE('',#4785,#7866);
#7866 = DEFINITIONAL_REPRESENTATION('',(#7867),#7873);
#7867 = B_SPLINE_CURVE_WITH_KNOTS('',3,(#7868,#7869,#7870,#7871,#7872),
  .UNSPECIFIED.,.F.,.F.,(4,1,4),(-0.740989609687,-0.105855658527,
    0.740989609687),.UNSPECIFIED.);
#7868 = CARTESIAN_POINT('',(6.86789538874,-5.619486068847));
#7869 = CARTESIAN_POINT('',(6.858811431223,-5.842972826467));
#7870 = CARTESIAN_POINT('',(6.667716153803,-6.352456870042));
#7871 = CARTESIAN_POINT('',(6.16746841234,-6.605783445384));
#7872 = CARTESIAN_POINT('',(5.869486068847,-6.61789538874));
#7873 = ( GEOMETRIC_REPRESENTATION_CONTEXT(2) 
PARAMETRIC_REPRESENTATION_CONTEXT() REPRESENTATION_CONTEXT('2D SPACE',''
  ) );
#7874 = ORIENTED_EDGE('',*,*,#4749,.T.);
#7875 = ORIENTED_EDGE('',*,*,#4657,.T.);
#7876 = ADVANCED_FACE('',(#7877,#8301),#4785,.T.);
#7877 = FACE_BOUND('',#7878,.T.);
#7878 = EDGE_LOOP('',(#7879,#7929,#7971,#7999,#8041,#8089,#8131,#8159,
    #8201,#8226,#8227,#8228,#8229,#8230,#8255,#8278));
#7879 = ORIENTED_EDGE('',*,*,#7880,.F.);
#7880 = EDGE_CURVE('',#7881,#7883,#7885,.T.);
#7881 = VERTEX_POINT('',#7882);
#7882 = CARTESIAN_POINT('',(5.869486068847,6.61789538874,1.5));
#7883 = VERTEX_POINT('',#7884);
#7884 = CARTESIAN_POINT('',(6.86789538874,5.619486068847,1.5));
#7885 = SURFACE_CURVE('',#7886,(#7892,#7901),.PCURVE_S1.);
#7886 = B_SPLINE_CURVE_WITH_KNOTS('',3,(#7887,#7888,#7889,#7890,#7891),
  .UNSPECIFIED.,.F.,.F.,(4,1,4),(-0.740989609687,-0.105855658527,
    0.740989609687),.UNSPECIFIED.);
#7887 = CARTESIAN_POINT('',(5.869486068847,6.61789538874,1.5));
#7888 = CARTESIAN_POINT('',(6.092972826467,6.608811431223,1.5));
#7889 = CARTESIAN_POINT('',(6.602554758526,6.417826388752,1.5));
#7890 = CARTESIAN_POINT('',(6.855783445384,5.91746841234,1.5));
#7891 = CARTESIAN_POINT('',(6.86789538874,5.619486068847,1.5));
#7892 = PCURVE('',#4785,#7893);
#7893 = DEFINITIONAL_REPRESENTATION('',(#7894),#7900);
#7894 = B_SPLINE_CURVE_WITH_KNOTS('',3,(#7895,#7896,#7897,#7898,#7899),
  .UNSPECIFIED.,.F.,.F.,(4,1,4),(-0.740989609687,-0.105855658527,
    0.740989609687),.UNSPECIFIED.);
#7895 = CARTESIAN_POINT('',(5.869486068847,6.61789538874));
#7896 = CARTESIAN_POINT('',(6.092972826467,6.608811431223));
#7897 = CARTESIAN_POINT('',(6.602554758526,6.417826388752));
#7898 = CARTESIAN_POINT('',(6.855783445384,5.91746841234));
#7899 = CARTESIAN_POINT('',(6.86789538874,5.619486068847));
#7900 = ( GEOMETRIC_REPRESENTATION_CONTEXT(2) 
PARAMETRIC_REPRESENTATION_CONTEXT() REPRESENTATION_CONTEXT('2D SPACE',''
  ) );
#7901 = PCURVE('',#7902,#7923);
#7902 = B_SPLINE_SURFACE_WITH_KNOTS('',3,3,(
    (#7903,#7904,#7905,#7906,#7907)
    ,(#7908,#7909,#7910,#7911,#7912)
    ,(#7913,#7914,#7915,#7916,#7917)
    ,(#7918,#7919,#7920,#7921,#7922
    )),.UNSPECIFIED.,.F.,.F.,.F.,(4,4),(4,1,4),(0.,1.),(-0.740989609687,
    -0.105855658527,0.740989609687),.UNSPECIFIED.);
#7903 = CARTESIAN_POINT('',(5.913710035588,7.705909166676,0.503960530961
    ));
#7904 = CARTESIAN_POINT('',(6.368434500639,7.705766055389,0.505596300458
    ));
#7905 = CARTESIAN_POINT('',(7.446346716626,7.337502218885,0.50926966345)
  );
#7906 = CARTESIAN_POINT('',(7.955718351627,6.270009322322,0.506141556957
    ));
#7907 = CARTESIAN_POINT('',(7.955909166676,5.663710035588,0.503960530961
    ));
#7908 = CARTESIAN_POINT('',(5.898968713341,7.343237907364,0.835973687307
    ));
#7909 = CARTESIAN_POINT('',(6.276613942581,7.340114514001,0.837064200306
    ));
#7910 = CARTESIAN_POINT('',(7.165082730592,7.030943608841,0.839513108966
    ));
#7911 = CARTESIAN_POINT('',(7.589073382879,6.152495685661,0.837427704638
    ));
#7912 = CARTESIAN_POINT('',(7.593237907364,5.648968713341,0.835973687307
    ));
#7913 = CARTESIAN_POINT('',(5.884227391094,6.980566648052,1.167986843654
    ));
#7914 = CARTESIAN_POINT('',(6.184793384524,6.974462972612,1.168532100153
    ));
#7915 = CARTESIAN_POINT('',(6.883818744559,6.724384998796,1.169756554483
    ));
#7916 = CARTESIAN_POINT('',(7.222428414132,6.034982049001,1.168713852319
    ));
#7917 = CARTESIAN_POINT('',(7.230566648052,5.634227391094,1.167986843654
    ));
#7918 = CARTESIAN_POINT('',(5.869486068847,6.61789538874,1.5));
#7919 = CARTESIAN_POINT('',(6.092972826467,6.608811431223,1.5));
#7920 = CARTESIAN_POINT('',(6.602554758526,6.417826388752,1.5));
#7921 = CARTESIAN_POINT('',(6.855783445384,5.91746841234,1.5));
#7922 = CARTESIAN_POINT('',(6.86789538874,5.619486068847,1.5));
#7923 = DEFINITIONAL_REPRESENTATION('',(#7924),#7928);
#7924 = LINE('',#7925,#7926);
#7925 = CARTESIAN_POINT('',(1.,1.110223024625E-15));
#7926 = VECTOR('',#7927,1.);
#7927 = DIRECTION('',(-7.491488477781E-16,1.));
#7928 = ( GEOMETRIC_REPRESENTATION_CONTEXT(2) 
PARAMETRIC_REPRESENTATION_CONTEXT() REPRESENTATION_CONTEXT('2D SPACE',''
  ) );
#7929 = ORIENTED_EDGE('',*,*,#7930,.F.);
#7930 = EDGE_CURVE('',#7931,#7881,#7933,.T.);
#7931 = VERTEX_POINT('',#7932);
#7932 = CARTESIAN_POINT('',(5.826567873623,6.618767004711,1.5));
#7933 = SURFACE_CURVE('',#7934,(#7939,#7947),.PCURVE_S1.);
#7934 = B_SPLINE_CURVE_WITH_KNOTS('',3,(#7935,#7936,#7937,#7938),
  .UNSPECIFIED.,.F.,.F.,(4,4),(-0.781600065124,-0.740989609687),
  .PIECEWISE_BEZIER_KNOTS.);
#7935 = CARTESIAN_POINT('',(5.826567873623,6.618767004711,1.5));
#7936 = CARTESIAN_POINT('',(5.840886341095,6.618767004711,1.5));
#7937 = CARTESIAN_POINT('',(5.855196328872,6.618476216849,1.5));
#7938 = CARTESIAN_POINT('',(5.869486068847,6.61789538874,1.5));
#7939 = PCURVE('',#4785,#7940);
#7940 = DEFINITIONAL_REPRESENTATION('',(#7941),#7946);
#7941 = B_SPLINE_CURVE_WITH_KNOTS('',3,(#7942,#7943,#7944,#7945),
  .UNSPECIFIED.,.F.,.F.,(4,4),(-0.781600065124,-0.740989609687),
  .PIECEWISE_BEZIER_KNOTS.);
#7942 = CARTESIAN_POINT('',(5.826567873623,6.618767004711));
#7943 = CARTESIAN_POINT('',(5.840886341095,6.618767004711));
#7944 = CARTESIAN_POINT('',(5.855196328872,6.618476216849));
#7945 = CARTESIAN_POINT('',(5.869486068847,6.61789538874));
#7946 = ( GEOMETRIC_REPRESENTATION_CONTEXT(2) 
PARAMETRIC_REPRESENTATION_CONTEXT() REPRESENTATION_CONTEXT('2D SPACE',''
  ) );
#7947 = PCURVE('',#7948,#7965);
#7948 = B_SPLINE_SURFACE_WITH_KNOTS('',3,3,(
    (#7949,#7950,#7951,#7952)
    ,(#7953,#7954,#7955,#7956)
    ,(#7957,#7958,#7959,#7960)
    ,(#7961,#7962,#7963,#7964
    )),.UNSPECIFIED.,.F.,.F.,.F.,(4,4),(4,4),(0.,1.),(-0.781600065124,
    -0.740989609687),.PIECEWISE_BEZIER_KNOTS.);
#7949 = CARTESIAN_POINT('',(5.826567873623,7.705922747459,0.503805301908
    ));
#7950 = CARTESIAN_POINT('',(5.855603395645,7.705922747459,0.503805301908
    ));
#7951 = CARTESIAN_POINT('',(5.884634960023,7.70591831721,0.503855939884)
  );
#7952 = CARTESIAN_POINT('',(5.913710035588,7.705909166676,0.503960530961
    ));
#7953 = CARTESIAN_POINT('',(5.826567873623,7.343537499876,0.835870201272
    ));
#7954 = CARTESIAN_POINT('',(5.850697710795,7.343537499876,0.835870201272
    ));
#7955 = CARTESIAN_POINT('',(5.874822082973,7.34343761709,0.835903959922)
  );
#7956 = CARTESIAN_POINT('',(5.898968713341,7.343237907364,0.835973687307
    ));
#7957 = CARTESIAN_POINT('',(5.826567873623,6.981152252294,1.167935100636
    ));
#7958 = CARTESIAN_POINT('',(5.845792025945,6.981152252294,1.167935100636
    ));
#7959 = CARTESIAN_POINT('',(5.865009205922,6.980956916969,1.167951979961
    ));
#7960 = CARTESIAN_POINT('',(5.884227391094,6.980566648052,1.167986843654
    ));
#7961 = CARTESIAN_POINT('',(5.826567873623,6.618767004711,1.5));
#7962 = CARTESIAN_POINT('',(5.840886341095,6.618767004711,1.5));
#7963 = CARTESIAN_POINT('',(5.855196328872,6.618476216849,1.5));
#7964 = CARTESIAN_POINT('',(5.869486068847,6.61789538874,1.5));
#7965 = DEFINITIONAL_REPRESENTATION('',(#7966),#7970);
#7966 = LINE('',#7967,#7968);
#7967 = CARTESIAN_POINT('',(1.,1.110223024625E-16));
#7968 = VECTOR('',#7969,1.);
#7969 = DIRECTION('',(-5.467670887582E-15,1.));
#7970 = ( GEOMETRIC_REPRESENTATION_CONTEXT(2) 
PARAMETRIC_REPRESENTATION_CONTEXT() REPRESENTATION_CONTEXT('2D SPACE',''
  ) );
#7971 = ORIENTED_EDGE('',*,*,#7972,.F.);
#7972 = EDGE_CURVE('',#7973,#7931,#7975,.T.);
#7973 = VERTEX_POINT('',#7974);
#7974 = CARTESIAN_POINT('',(-5.826567873623,6.618767004711,1.5));
#7975 = SURFACE_CURVE('',#7976,(#7980,#7987),.PCURVE_S1.);
#7976 = LINE('',#7977,#7978);
#7977 = CARTESIAN_POINT('',(-4.,6.618767004711,1.5));
#7978 = VECTOR('',#7979,1.);
#7979 = DIRECTION('',(1.,-4.987329993433E-17,0.));
#7980 = PCURVE('',#4785,#7981);
#7981 = DEFINITIONAL_REPRESENTATION('',(#7982),#7986);
#7982 = LINE('',#7983,#7984);
#7983 = CARTESIAN_POINT('',(-4.,6.618767004711));
#7984 = VECTOR('',#7985,1.);
#7985 = DIRECTION('',(1.,-4.987329993433E-17));
#7986 = ( GEOMETRIC_REPRESENTATION_CONTEXT(2) 
PARAMETRIC_REPRESENTATION_CONTEXT() REPRESENTATION_CONTEXT('2D SPACE',''
  ) );
#7987 = PCURVE('',#7988,#7993);
#7988 = PLANE('',#7989);
#7989 = AXIS2_PLACEMENT_3D('',#7990,#7991,#7992);
#7990 = CARTESIAN_POINT('',(-4.,7.162344876085,1.001902650954));
#7991 = DIRECTION('',(3.369391305711E-17,0.675590207616,0.73727733681));
#7992 = DIRECTION('',(1.,1.232595164408E-32,-4.570045948095E-17));
#7993 = DEFINITIONAL_REPRESENTATION('',(#7994),#7998);
#7994 = LINE('',#7995,#7996);
#7995 = CARTESIAN_POINT('',(-2.276327771764E-17,-0.73727733681));
#7996 = VECTOR('',#7997,1.);
#7997 = DIRECTION('',(1.,-6.764523666238E-17));
#7998 = ( GEOMETRIC_REPRESENTATION_CONTEXT(2) 
PARAMETRIC_REPRESENTATION_CONTEXT() REPRESENTATION_CONTEXT('2D SPACE',''
  ) );
#7999 = ORIENTED_EDGE('',*,*,#8000,.F.);
#8000 = EDGE_CURVE('',#8001,#7973,#8003,.T.);
#8001 = VERTEX_POINT('',#8002);
#8002 = CARTESIAN_POINT('',(-5.869486068847,6.61789538874,1.5));
#8003 = SURFACE_CURVE('',#8004,(#8009,#8017),.PCURVE_S1.);
#8004 = B_SPLINE_CURVE_WITH_KNOTS('',3,(#8005,#8006,#8007,#8008),
  .UNSPECIFIED.,.F.,.F.,(4,4),(0.740989609687,0.781600065124),
  .PIECEWISE_BEZIER_KNOTS.);
#8005 = CARTESIAN_POINT('',(-5.869486068847,6.61789538874,1.5));
#8006 = CARTESIAN_POINT('',(-5.855196328872,6.618476216849,1.5));
#8007 = CARTESIAN_POINT('',(-5.840886341096,6.618767004711,1.5));
#8008 = CARTESIAN_POINT('',(-5.826567873623,6.618767004711,1.5));
#8009 = PCURVE('',#4785,#8010);
#8010 = DEFINITIONAL_REPRESENTATION('',(#8011),#8016);
#8011 = B_SPLINE_CURVE_WITH_KNOTS('',3,(#8012,#8013,#8014,#8015),
  .UNSPECIFIED.,.F.,.F.,(4,4),(0.740989609687,0.781600065124),
  .PIECEWISE_BEZIER_KNOTS.);
#8012 = CARTESIAN_POINT('',(-5.869486068847,6.61789538874));
#8013 = CARTESIAN_POINT('',(-5.855196328872,6.618476216849));
#8014 = CARTESIAN_POINT('',(-5.840886341096,6.618767004711));
#8015 = CARTESIAN_POINT('',(-5.826567873623,6.618767004711));
#8016 = ( GEOMETRIC_REPRESENTATION_CONTEXT(2) 
PARAMETRIC_REPRESENTATION_CONTEXT() REPRESENTATION_CONTEXT('2D SPACE',''
  ) );
#8017 = PCURVE('',#8018,#8035);
#8018 = B_SPLINE_SURFACE_WITH_KNOTS('',3,3,(
    (#8019,#8020,#8021,#8022)
    ,(#8023,#8024,#8025,#8026)
    ,(#8027,#8028,#8029,#8030)
    ,(#8031,#8032,#8033,#8034
    )),.UNSPECIFIED.,.F.,.F.,.F.,(4,4),(4,4),(0.,1.),(0.740989609687,
    0.781600065124),.PIECEWISE_BEZIER_KNOTS.);
#8019 = CARTESIAN_POINT('',(-5.913710035588,7.705909166676,
    0.503960530961));
#8020 = CARTESIAN_POINT('',(-5.884634960023,7.70591831721,0.503855939884
    ));
#8021 = CARTESIAN_POINT('',(-5.855603395645,7.705922747459,
    0.503805301908));
#8022 = CARTESIAN_POINT('',(-5.826567873623,7.705922747459,
    0.503805301908));
#8023 = CARTESIAN_POINT('',(-5.898968713341,7.343237907364,
    0.835973687307));
#8024 = CARTESIAN_POINT('',(-5.874822082973,7.34343761709,0.835903959922
    ));
#8025 = CARTESIAN_POINT('',(-5.850697710795,7.343537499876,
    0.835870201272));
#8026 = CARTESIAN_POINT('',(-5.826567873623,7.343537499876,
    0.835870201272));
#8027 = CARTESIAN_POINT('',(-5.884227391094,6.980566648052,
    1.167986843654));
#8028 = CARTESIAN_POINT('',(-5.865009205922,6.980956916969,
    1.167951979961));
#8029 = CARTESIAN_POINT('',(-5.845792025945,6.981152252294,
    1.167935100636));
#8030 = CARTESIAN_POINT('',(-5.826567873623,6.981152252294,
    1.167935100636));
#8031 = CARTESIAN_POINT('',(-5.869486068847,6.61789538874,1.5));
#8032 = CARTESIAN_POINT('',(-5.855196328872,6.618476216849,1.5));
#8033 = CARTESIAN_POINT('',(-5.840886341096,6.618767004711,1.5));
#8034 = CARTESIAN_POINT('',(-5.826567873623,6.618767004711,1.5));
#8035 = DEFINITIONAL_REPRESENTATION('',(#8036),#8040);
#8036 = LINE('',#8037,#8038);
#8037 = CARTESIAN_POINT('',(1.,-4.440892098501E-16));
#8038 = VECTOR('',#8039,1.);
#8039 = DIRECTION('',(2.733835443791E-15,1.));
#8040 = ( GEOMETRIC_REPRESENTATION_CONTEXT(2) 
PARAMETRIC_REPRESENTATION_CONTEXT() REPRESENTATION_CONTEXT('2D SPACE',''
  ) );
#8041 = ORIENTED_EDGE('',*,*,#8042,.F.);
#8042 = EDGE_CURVE('',#8043,#8001,#8045,.T.);
#8043 = VERTEX_POINT('',#8044);
#8044 = CARTESIAN_POINT('',(-6.86789538874,5.619486068847,1.5));
#8045 = SURFACE_CURVE('',#8046,(#8052,#8061),.PCURVE_S1.);
#8046 = B_SPLINE_CURVE_WITH_KNOTS('',3,(#8047,#8048,#8049,#8050,#8051),
  .UNSPECIFIED.,.F.,.F.,(4,1,4),(-0.740989609687,-0.105855658527,
    0.740989609687),.QUASI_UNIFORM_KNOTS.);
#8047 = CARTESIAN_POINT('',(-6.86789538874,5.619486068847,1.5));
#8048 = CARTESIAN_POINT('',(-6.858811431223,5.842972826467,1.5));
#8049 = CARTESIAN_POINT('',(-6.668060527078,6.352762673038,1.5));
#8050 = CARTESIAN_POINT('',(-6.16746841234,6.605783445385,1.5));
#8051 = CARTESIAN_POINT('',(-5.869486068847,6.61789538874,1.5));
#8052 = PCURVE('',#4785,#8053);
#8053 = DEFINITIONAL_REPRESENTATION('',(#8054),#8060);
#8054 = B_SPLINE_CURVE_WITH_KNOTS('',3,(#8055,#8056,#8057,#8058,#8059),
  .UNSPECIFIED.,.F.,.F.,(4,1,4),(-0.740989609687,-0.105855658527,
    0.740989609687),.QUASI_UNIFORM_KNOTS.);
#8055 = CARTESIAN_POINT('',(-6.86789538874,5.619486068847));
#8056 = CARTESIAN_POINT('',(-6.858811431223,5.842972826467));
#8057 = CARTESIAN_POINT('',(-6.668060527078,6.352762673038));
#8058 = CARTESIAN_POINT('',(-6.16746841234,6.605783445385));
#8059 = CARTESIAN_POINT('',(-5.869486068847,6.61789538874));
#8060 = ( GEOMETRIC_REPRESENTATION_CONTEXT(2) 
PARAMETRIC_REPRESENTATION_CONTEXT() REPRESENTATION_CONTEXT('2D SPACE',''
  ) );
#8061 = PCURVE('',#8062,#8083);
#8062 = B_SPLINE_SURFACE_WITH_KNOTS('',3,3,(
    (#8063,#8064,#8065,#8066,#8067)
    ,(#8068,#8069,#8070,#8071,#8072)
    ,(#8073,#8074,#8075,#8076,#8077)
    ,(#8078,#8079,#8080,#8081,#8082
    )),.UNSPECIFIED.,.F.,.F.,.F.,(4,4),(4,1,4),(0.,1.),(-0.740989609687,
    -0.105855658527,0.740989609687),.UNSPECIFIED.);
#8063 = CARTESIAN_POINT('',(-7.955909166676,5.663710035588,
    0.503960530961));
#8064 = CARTESIAN_POINT('',(-7.955766055389,6.118434500639,
    0.505596300458));
#8065 = CARTESIAN_POINT('',(-7.588189773694,7.196884542958,
    0.509284282863));
#8066 = CARTESIAN_POINT('',(-6.520009322322,7.705718351627,
    0.506141556957));
#8067 = CARTESIAN_POINT('',(-5.913710035588,7.705909166676,
    0.503960530961));
#8068 = CARTESIAN_POINT('',(-7.593237907364,5.648968713341,
    0.835973687307));
#8069 = CARTESIAN_POINT('',(-7.590114514001,6.026613942581,
    0.837064200306));
#8070 = CARTESIAN_POINT('',(-7.281480024822,6.915510586318,
    0.839522855242));
#8071 = CARTESIAN_POINT('',(-6.402495685661,7.339073382879,
    0.837427704638));
#8072 = CARTESIAN_POINT('',(-5.898968713341,7.343237907364,
    0.835973687307));
#8073 = CARTESIAN_POINT('',(-7.230566648052,5.634227391094,
    1.167986843654));
#8074 = CARTESIAN_POINT('',(-7.224462972612,5.934793384524,
    1.168532100153));
#8075 = CARTESIAN_POINT('',(-6.97477027595,6.634136629678,1.169761427621
    ));
#8076 = CARTESIAN_POINT('',(-6.284982049001,6.972428414132,
    1.168713852319));
#8077 = CARTESIAN_POINT('',(-5.884227391094,6.980566648052,
    1.167986843654));
#8078 = CARTESIAN_POINT('',(-6.86789538874,5.619486068847,1.5));
#8079 = CARTESIAN_POINT('',(-6.858811431223,5.842972826467,1.5));
#8080 = CARTESIAN_POINT('',(-6.668060527078,6.352762673038,1.5));
#8081 = CARTESIAN_POINT('',(-6.16746841234,6.605783445385,1.5));
#8082 = CARTESIAN_POINT('',(-5.869486068847,6.61789538874,1.5));
#8083 = DEFINITIONAL_REPRESENTATION('',(#8084),#8088);
#8084 = LINE('',#8085,#8086);
#8085 = CARTESIAN_POINT('',(1.,-1.110223024625E-16));
#8086 = VECTOR('',#8087,1.);
#8087 = DIRECTION('',(0.,1.));
#8088 = ( GEOMETRIC_REPRESENTATION_CONTEXT(2) 
PARAMETRIC_REPRESENTATION_CONTEXT() REPRESENTATION_CONTEXT('2D SPACE',''
  ) );
#8089 = ORIENTED_EDGE('',*,*,#8090,.F.);
#8090 = EDGE_CURVE('',#8091,#8043,#8093,.T.);
#8091 = VERTEX_POINT('',#8092);
#8092 = CARTESIAN_POINT('',(-6.868767004711,5.576567873623,1.5));
#8093 = SURFACE_CURVE('',#8094,(#8099,#8107),.PCURVE_S1.);
#8094 = B_SPLINE_CURVE_WITH_KNOTS('',3,(#8095,#8096,#8097,#8098),
  .UNSPECIFIED.,.F.,.F.,(4,4),(-0.781600065124,-0.740989609687),
  .PIECEWISE_BEZIER_KNOTS.);
#8095 = CARTESIAN_POINT('',(-6.868767004711,5.576567873623,1.5));
#8096 = CARTESIAN_POINT('',(-6.868767004711,5.590886341096,1.5));
#8097 = CARTESIAN_POINT('',(-6.868476216849,5.605196328872,1.5));
#8098 = CARTESIAN_POINT('',(-6.86789538874,5.619486068847,1.5));
#8099 = PCURVE('',#4785,#8100);
#8100 = DEFINITIONAL_REPRESENTATION('',(#8101),#8106);
#8101 = B_SPLINE_CURVE_WITH_KNOTS('',3,(#8102,#8103,#8104,#8105),
  .UNSPECIFIED.,.F.,.F.,(4,4),(-0.781600065124,-0.740989609687),
  .PIECEWISE_BEZIER_KNOTS.);
#8102 = CARTESIAN_POINT('',(-6.868767004711,5.576567873623));
#8103 = CARTESIAN_POINT('',(-6.868767004711,5.590886341096));
#8104 = CARTESIAN_POINT('',(-6.868476216849,5.605196328872));
#8105 = CARTESIAN_POINT('',(-6.86789538874,5.619486068847));
#8106 = ( GEOMETRIC_REPRESENTATION_CONTEXT(2) 
PARAMETRIC_REPRESENTATION_CONTEXT() REPRESENTATION_CONTEXT('2D SPACE',''
  ) );
#8107 = PCURVE('',#8108,#8125);
#8108 = B_SPLINE_SURFACE_WITH_KNOTS('',3,3,(
    (#8109,#8110,#8111,#8112)
    ,(#8113,#8114,#8115,#8116)
    ,(#8117,#8118,#8119,#8120)
    ,(#8121,#8122,#8123,#8124
    )),.UNSPECIFIED.,.F.,.F.,.F.,(4,4),(4,4),(0.,1.),(-0.781600065124,
    -0.740989609687),.PIECEWISE_BEZIER_KNOTS.);
#8109 = CARTESIAN_POINT('',(-7.955922747459,5.576567873623,
    0.503805301908));
#8110 = CARTESIAN_POINT('',(-7.955922747459,5.605603395645,
    0.503805301908));
#8111 = CARTESIAN_POINT('',(-7.95591831721,5.634634960023,0.503855939884
    ));
#8112 = CARTESIAN_POINT('',(-7.955909166676,5.663710035588,
    0.503960530961));
#8113 = CARTESIAN_POINT('',(-7.593537499876,5.576567873623,
    0.835870201272));
#8114 = CARTESIAN_POINT('',(-7.593537499876,5.600697710795,
    0.835870201272));
#8115 = CARTESIAN_POINT('',(-7.59343761709,5.624822082973,0.835903959922
    ));
#8116 = CARTESIAN_POINT('',(-7.593237907364,5.648968713341,
    0.835973687307));
#8117 = CARTESIAN_POINT('',(-7.231152252294,5.576567873623,
    1.167935100636));
#8118 = CARTESIAN_POINT('',(-7.231152252294,5.595792025945,
    1.167935100636));
#8119 = CARTESIAN_POINT('',(-7.230956916969,5.615009205922,
    1.167951979961));
#8120 = CARTESIAN_POINT('',(-7.230566648052,5.634227391094,
    1.167986843654));
#8121 = CARTESIAN_POINT('',(-6.868767004711,5.576567873623,1.5));
#8122 = CARTESIAN_POINT('',(-6.868767004711,5.590886341096,1.5));
#8123 = CARTESIAN_POINT('',(-6.868476216849,5.605196328872,1.5));
#8124 = CARTESIAN_POINT('',(-6.86789538874,5.619486068847,1.5));
#8125 = DEFINITIONAL_REPRESENTATION('',(#8126),#8130);
#8126 = LINE('',#8127,#8128);
#8127 = CARTESIAN_POINT('',(1.,-5.551115123126E-16));
#8128 = VECTOR('',#8129,1.);
#8129 = DIRECTION('',(-8.201506331374E-15,1.));
#8130 = ( GEOMETRIC_REPRESENTATION_CONTEXT(2) 
PARAMETRIC_REPRESENTATION_CONTEXT() REPRESENTATION_CONTEXT('2D SPACE',''
  ) );
#8131 = ORIENTED_EDGE('',*,*,#8132,.F.);
#8132 = EDGE_CURVE('',#8133,#8091,#8135,.T.);
#8133 = VERTEX_POINT('',#8134);
#8134 = CARTESIAN_POINT('',(-6.868767004711,-5.576567873623,1.5));
#8135 = SURFACE_CURVE('',#8136,(#8140,#8147),.PCURVE_S1.);
#8136 = LINE('',#8137,#8138);
#8137 = CARTESIAN_POINT('',(-6.868767004711,-3.875,1.5));
#8138 = VECTOR('',#8139,1.);
#8139 = DIRECTION('',(6.043552755016E-17,1.,0.));
#8140 = PCURVE('',#4785,#8141);
#8141 = DEFINITIONAL_REPRESENTATION('',(#8142),#8146);
#8142 = LINE('',#8143,#8144);
#8143 = CARTESIAN_POINT('',(-6.868767004711,-3.875));
#8144 = VECTOR('',#8145,1.);
#8145 = DIRECTION('',(6.043552755016E-17,1.));
#8146 = ( GEOMETRIC_REPRESENTATION_CONTEXT(2) 
PARAMETRIC_REPRESENTATION_CONTEXT() REPRESENTATION_CONTEXT('2D SPACE',''
  ) );
#8147 = PCURVE('',#8148,#8153);
#8148 = PLANE('',#8149);
#8149 = AXIS2_PLACEMENT_3D('',#8150,#8151,#8152);
#8150 = CARTESIAN_POINT('',(-7.412344876085,-3.875,1.001902650954));
#8151 = DIRECTION('',(-0.675590207616,4.082965060497E-17,0.73727733681)
  );
#8152 = DIRECTION('',(0.73727733681,-6.162975822039E-33,0.675590207616)
  );
#8153 = DEFINITIONAL_REPRESENTATION('',(#8154),#8158);
#8154 = LINE('',#8155,#8156);
#8155 = CARTESIAN_POINT('',(0.73727733681,3.08148791102E-33));
#8156 = VECTOR('',#8157,1.);
#8157 = DIRECTION('',(4.45577448009E-17,1.));
#8158 = ( GEOMETRIC_REPRESENTATION_CONTEXT(2) 
PARAMETRIC_REPRESENTATION_CONTEXT() REPRESENTATION_CONTEXT('2D SPACE',''
  ) );
#8159 = ORIENTED_EDGE('',*,*,#8160,.F.);
#8160 = EDGE_CURVE('',#8161,#8133,#8163,.T.);
#8161 = VERTEX_POINT('',#8162);
#8162 = CARTESIAN_POINT('',(-6.86789538874,-5.619486068847,1.5));
#8163 = SURFACE_CURVE('',#8164,(#8169,#8177),.PCURVE_S1.);
#8164 = B_SPLINE_CURVE_WITH_KNOTS('',3,(#8165,#8166,#8167,#8168),
  .UNSPECIFIED.,.F.,.F.,(4,4),(0.740989609687,0.781600065124),
  .PIECEWISE_BEZIER_KNOTS.);
#8165 = CARTESIAN_POINT('',(-6.86789538874,-5.619486068847,1.5));
#8166 = CARTESIAN_POINT('',(-6.868476216849,-5.605196328872,1.5));
#8167 = CARTESIAN_POINT('',(-6.868767004711,-5.590886341095,1.5));
#8168 = CARTESIAN_POINT('',(-6.868767004711,-5.576567873623,1.5));
#8169 = PCURVE('',#4785,#8170);
#8170 = DEFINITIONAL_REPRESENTATION('',(#8171),#8176);
#8171 = B_SPLINE_CURVE_WITH_KNOTS('',3,(#8172,#8173,#8174,#8175),
  .UNSPECIFIED.,.F.,.F.,(4,4),(0.740989609687,0.781600065124),
  .PIECEWISE_BEZIER_KNOTS.);
#8172 = CARTESIAN_POINT('',(-6.86789538874,-5.619486068847));
#8173 = CARTESIAN_POINT('',(-6.868476216849,-5.605196328872));
#8174 = CARTESIAN_POINT('',(-6.868767004711,-5.590886341095));
#8175 = CARTESIAN_POINT('',(-6.868767004711,-5.576567873623));
#8176 = ( GEOMETRIC_REPRESENTATION_CONTEXT(2) 
PARAMETRIC_REPRESENTATION_CONTEXT() REPRESENTATION_CONTEXT('2D SPACE',''
  ) );
#8177 = PCURVE('',#8178,#8195);
#8178 = B_SPLINE_SURFACE_WITH_KNOTS('',3,3,(
    (#8179,#8180,#8181,#8182)
    ,(#8183,#8184,#8185,#8186)
    ,(#8187,#8188,#8189,#8190)
    ,(#8191,#8192,#8193,#8194
    )),.UNSPECIFIED.,.F.,.F.,.F.,(4,4),(4,4),(0.,1.),(0.740989609687,
    0.781600065124),.PIECEWISE_BEZIER_KNOTS.);
#8179 = CARTESIAN_POINT('',(-7.955909166676,-5.663710035588,
    0.503960530961));
#8180 = CARTESIAN_POINT('',(-7.95591831721,-5.634634960023,
    0.503855939884));
#8181 = CARTESIAN_POINT('',(-7.955922747459,-5.605603395645,
    0.503805301908));
#8182 = CARTESIAN_POINT('',(-7.955922747459,-5.576567873623,
    0.503805301908));
#8183 = CARTESIAN_POINT('',(-7.593237907364,-5.648968713341,
    0.835973687307));
#8184 = CARTESIAN_POINT('',(-7.59343761709,-5.624822082973,
    0.835903959922));
#8185 = CARTESIAN_POINT('',(-7.593537499876,-5.600697710795,
    0.835870201272));
#8186 = CARTESIAN_POINT('',(-7.593537499876,-5.576567873623,
    0.835870201272));
#8187 = CARTESIAN_POINT('',(-7.230566648052,-5.634227391094,
    1.167986843654));
#8188 = CARTESIAN_POINT('',(-7.230956916969,-5.615009205922,
    1.167951979961));
#8189 = CARTESIAN_POINT('',(-7.231152252294,-5.595792025945,
    1.167935100636));
#8190 = CARTESIAN_POINT('',(-7.231152252294,-5.576567873623,
    1.167935100636));
#8191 = CARTESIAN_POINT('',(-6.86789538874,-5.619486068847,1.5));
#8192 = CARTESIAN_POINT('',(-6.868476216849,-5.605196328872,1.5));
#8193 = CARTESIAN_POINT('',(-6.868767004711,-5.590886341095,1.5));
#8194 = CARTESIAN_POINT('',(-6.868767004711,-5.576567873623,1.5));
#8195 = DEFINITIONAL_REPRESENTATION('',(#8196),#8200);
#8196 = LINE('',#8197,#8198);
#8197 = CARTESIAN_POINT('',(1.,-8.881784197001E-16));
#8198 = VECTOR('',#8199,1.);
#8199 = DIRECTION('',(-5.467670887583E-15,1.));
#8200 = ( GEOMETRIC_REPRESENTATION_CONTEXT(2) 
PARAMETRIC_REPRESENTATION_CONTEXT() REPRESENTATION_CONTEXT('2D SPACE',''
  ) );
#8201 = ORIENTED_EDGE('',*,*,#8202,.F.);
#8202 = EDGE_CURVE('',#4850,#8161,#8203,.T.);
#8203 = SURFACE_CURVE('',#8204,(#8210,#8219),.PCURVE_S1.);
#8204 = B_SPLINE_CURVE_WITH_KNOTS('',3,(#8205,#8206,#8207,#8208,#8209),
  .UNSPECIFIED.,.F.,.F.,(4,1,4),(-0.740989609687,-0.105855658527,
    0.740989609687),.UNSPECIFIED.);
#8205 = CARTESIAN_POINT('',(-5.869486068847,-6.61789538874,1.5));
#8206 = CARTESIAN_POINT('',(-6.092972826467,-6.608811431223,1.5));
#8207 = CARTESIAN_POINT('',(-6.602559965285,-6.417832252229,1.5));
#8208 = CARTESIAN_POINT('',(-6.855783445385,-5.91746841234,1.5));
#8209 = CARTESIAN_POINT('',(-6.86789538874,-5.619486068847,1.5));
#8210 = PCURVE('',#4785,#8211);
#8211 = DEFINITIONAL_REPRESENTATION('',(#8212),#8218);
#8212 = B_SPLINE_CURVE_WITH_KNOTS('',3,(#8213,#8214,#8215,#8216,#8217),
  .UNSPECIFIED.,.F.,.F.,(4,1,4),(-0.740989609687,-0.105855658527,
    0.740989609687),.UNSPECIFIED.);
#8213 = CARTESIAN_POINT('',(-5.869486068847,-6.61789538874));
#8214 = CARTESIAN_POINT('',(-6.092972826467,-6.608811431223));
#8215 = CARTESIAN_POINT('',(-6.602559965285,-6.417832252229));
#8216 = CARTESIAN_POINT('',(-6.855783445385,-5.91746841234));
#8217 = CARTESIAN_POINT('',(-6.86789538874,-5.619486068847));
#8218 = ( GEOMETRIC_REPRESENTATION_CONTEXT(2) 
PARAMETRIC_REPRESENTATION_CONTEXT() REPRESENTATION_CONTEXT('2D SPACE',''
  ) );
#8219 = PCURVE('',#4864,#8220);
#8220 = DEFINITIONAL_REPRESENTATION('',(#8221),#8225);
#8221 = LINE('',#8222,#8223);
#8222 = CARTESIAN_POINT('',(1.,0.));
#8223 = VECTOR('',#8224,1.);
#8224 = DIRECTION('',(8.240637325559E-16,1.));
#8225 = ( GEOMETRIC_REPRESENTATION_CONTEXT(2) 
PARAMETRIC_REPRESENTATION_CONTEXT() REPRESENTATION_CONTEXT('2D SPACE',''
  ) );
#8226 = ORIENTED_EDGE('',*,*,#4893,.F.);
#8227 = ORIENTED_EDGE('',*,*,#4825,.F.);
#8228 = ORIENTED_EDGE('',*,*,#4770,.F.);
#8229 = ORIENTED_EDGE('',*,*,#7850,.F.);
#8230 = ORIENTED_EDGE('',*,*,#8231,.F.);
#8231 = EDGE_CURVE('',#8232,#7830,#8234,.T.);
#8232 = VERTEX_POINT('',#8233);
#8233 = CARTESIAN_POINT('',(6.868767004711,-5.576567873623,1.5));
#8234 = SURFACE_CURVE('',#8235,(#8240,#8248),.PCURVE_S1.);
#8235 = B_SPLINE_CURVE_WITH_KNOTS('',3,(#8236,#8237,#8238,#8239),
  .UNSPECIFIED.,.F.,.F.,(4,4),(-0.781600065124,-0.740989609687),
  .PIECEWISE_BEZIER_KNOTS.);
#8236 = CARTESIAN_POINT('',(6.868767004711,-5.576567873623,1.5));
#8237 = CARTESIAN_POINT('',(6.868767004711,-5.590886341095,1.5));
#8238 = CARTESIAN_POINT('',(6.868476216849,-5.605196328872,1.5));
#8239 = CARTESIAN_POINT('',(6.86789538874,-5.619486068847,1.5));
#8240 = PCURVE('',#4785,#8241);
#8241 = DEFINITIONAL_REPRESENTATION('',(#8242),#8247);
#8242 = B_SPLINE_CURVE_WITH_KNOTS('',3,(#8243,#8244,#8245,#8246),
  .UNSPECIFIED.,.F.,.F.,(4,4),(-0.781600065124,-0.740989609687),
  .PIECEWISE_BEZIER_KNOTS.);
#8243 = CARTESIAN_POINT('',(6.868767004711,-5.576567873623));
#8244 = CARTESIAN_POINT('',(6.868767004711,-5.590886341095));
#8245 = CARTESIAN_POINT('',(6.868476216849,-5.605196328872));
#8246 = CARTESIAN_POINT('',(6.86789538874,-5.619486068847));
#8247 = ( GEOMETRIC_REPRESENTATION_CONTEXT(2) 
PARAMETRIC_REPRESENTATION_CONTEXT() REPRESENTATION_CONTEXT('2D SPACE',''
  ) );
#8248 = PCURVE('',#7800,#8249);
#8249 = DEFINITIONAL_REPRESENTATION('',(#8250),#8254);
#8250 = LINE('',#8251,#8252);
#8251 = CARTESIAN_POINT('',(1.,-1.110223024625E-15));
#8252 = VECTOR('',#8253,1.);
#8253 = DIRECTION('',(-1.093534177516E-14,1.));
#8254 = ( GEOMETRIC_REPRESENTATION_CONTEXT(2) 
PARAMETRIC_REPRESENTATION_CONTEXT() REPRESENTATION_CONTEXT('2D SPACE',''
  ) );
#8255 = ORIENTED_EDGE('',*,*,#8256,.F.);
#8256 = EDGE_CURVE('',#8257,#8232,#8259,.T.);
#8257 = VERTEX_POINT('',#8258);
#8258 = CARTESIAN_POINT('',(6.868767004711,5.576567873623,1.5));
#8259 = SURFACE_CURVE('',#8260,(#8264,#8271),.PCURVE_S1.);
#8260 = LINE('',#8261,#8262);
#8261 = CARTESIAN_POINT('',(6.868767004711,3.875,1.5));
#8262 = VECTOR('',#8263,1.);
#8263 = DIRECTION('',(0.,-1.,0.));
#8264 = PCURVE('',#4785,#8265);
#8265 = DEFINITIONAL_REPRESENTATION('',(#8266),#8270);
#8266 = LINE('',#8267,#8268);
#8267 = CARTESIAN_POINT('',(6.868767004711,3.875));
#8268 = VECTOR('',#8269,1.);
#8269 = DIRECTION('',(0.,-1.));
#8270 = ( GEOMETRIC_REPRESENTATION_CONTEXT(2) 
PARAMETRIC_REPRESENTATION_CONTEXT() REPRESENTATION_CONTEXT('2D SPACE',''
  ) );
#8271 = PCURVE('',#7772,#8272);
#8272 = DEFINITIONAL_REPRESENTATION('',(#8273),#8277);
#8273 = LINE('',#8274,#8275);
#8274 = CARTESIAN_POINT('',(-0.73727733681,0.));
#8275 = VECTOR('',#8276,1.);
#8276 = DIRECTION('',(0.,-1.));
#8277 = ( GEOMETRIC_REPRESENTATION_CONTEXT(2) 
PARAMETRIC_REPRESENTATION_CONTEXT() REPRESENTATION_CONTEXT('2D SPACE',''
  ) );
#8278 = ORIENTED_EDGE('',*,*,#8279,.F.);
#8279 = EDGE_CURVE('',#7883,#8257,#8280,.T.);
#8280 = SURFACE_CURVE('',#8281,(#8286,#8294),.PCURVE_S1.);
#8281 = B_SPLINE_CURVE_WITH_KNOTS('',3,(#8282,#8283,#8284,#8285),
  .UNSPECIFIED.,.F.,.F.,(4,4),(0.740989609687,0.781600065124),
  .PIECEWISE_BEZIER_KNOTS.);
#8282 = CARTESIAN_POINT('',(6.86789538874,5.619486068847,1.5));
#8283 = CARTESIAN_POINT('',(6.868476216849,5.605196328872,1.5));
#8284 = CARTESIAN_POINT('',(6.868767004711,5.590886341096,1.5));
#8285 = CARTESIAN_POINT('',(6.868767004711,5.576567873623,1.5));
#8286 = PCURVE('',#4785,#8287);
#8287 = DEFINITIONAL_REPRESENTATION('',(#8288),#8293);
#8288 = B_SPLINE_CURVE_WITH_KNOTS('',3,(#8289,#8290,#8291,#8292),
  .UNSPECIFIED.,.F.,.F.,(4,4),(0.740989609687,0.781600065124),
  .PIECEWISE_BEZIER_KNOTS.);
#8289 = CARTESIAN_POINT('',(6.86789538874,5.619486068847));
#8290 = CARTESIAN_POINT('',(6.868476216849,5.605196328872));
#8291 = CARTESIAN_POINT('',(6.868767004711,5.590886341096));
#8292 = CARTESIAN_POINT('',(6.868767004711,5.576567873623));
#8293 = ( GEOMETRIC_REPRESENTATION_CONTEXT(2) 
PARAMETRIC_REPRESENTATION_CONTEXT() REPRESENTATION_CONTEXT('2D SPACE',''
  ) );
#8294 = PCURVE('',#7732,#8295);
#8295 = DEFINITIONAL_REPRESENTATION('',(#8296),#8300);
#8296 = LINE('',#8297,#8298);
#8297 = CARTESIAN_POINT('',(1.,2.22044604925E-16));
#8298 = VECTOR('',#8299,1.);
#8299 = DIRECTION('',(2.187068355033E-14,1.));
#8300 = ( GEOMETRIC_REPRESENTATION_CONTEXT(2) 
PARAMETRIC_REPRESENTATION_CONTEXT() REPRESENTATION_CONTEXT('2D SPACE',''
  ) );
#8301 = FACE_BOUND('',#8302,.T.);
#8302 = EDGE_LOOP('',(#8303));
#8303 = ORIENTED_EDGE('',*,*,#8304,.T.);
#8304 = EDGE_CURVE('',#8305,#8305,#8307,.T.);
#8305 = VERTEX_POINT('',#8306);
#8306 = CARTESIAN_POINT('',(-6.016851336039,0.,1.5));
#8307 = SURFACE_CURVE('',#8308,(#8313,#8324),.PCURVE_S1.);
#8308 = CIRCLE('',#8309,6.016851336039);
#8309 = AXIS2_PLACEMENT_3D('',#8310,#8311,#8312);
#8310 = CARTESIAN_POINT('',(0.,0.,1.5));
#8311 = DIRECTION('',(0.,0.,-1.));
#8312 = DIRECTION('',(0.,1.,0.));
#8313 = PCURVE('',#4785,#8314);
#8314 = DEFINITIONAL_REPRESENTATION('',(#8315),#8323);
#8315 = ( BOUNDED_CURVE() B_SPLINE_CURVE(2,(#8316,#8317,#8318,#8319,
#8320,#8321,#8322),.UNSPECIFIED.,.T.,.F.) B_SPLINE_CURVE_WITH_KNOTS((1,2
    ,2,2,2,1),(-2.094395102393,0.,2.094395102393,4.188790204786,
6.28318530718,8.377580409573),.UNSPECIFIED.) CURVE() 
GEOMETRIC_REPRESENTATION_ITEM() RATIONAL_B_SPLINE_CURVE((1.,0.5,1.,0.5,
1.,0.5,1.)) REPRESENTATION_ITEM('') );
#8316 = CARTESIAN_POINT('',(0.,6.016851336039));
#8317 = CARTESIAN_POINT('',(10.421492215609,6.016851336039));
#8318 = CARTESIAN_POINT('',(5.210746107805,-3.00842566802));
#8319 = CARTESIAN_POINT('',(1.473703545925E-15,-12.03370267207));
#8320 = CARTESIAN_POINT('',(-5.210746107805,-3.00842566802));
#8321 = CARTESIAN_POINT('',(-10.4214922156,6.016851336039));
#8322 = CARTESIAN_POINT('',(0.,6.016851336039));
#8323 = ( GEOMETRIC_REPRESENTATION_CONTEXT(2) 
PARAMETRIC_REPRESENTATION_CONTEXT() REPRESENTATION_CONTEXT('2D SPACE',''
  ) );
#8324 = PCURVE('',#8325,#8330);
#8325 = SPHERICAL_SURFACE('',#8326,40.45);
#8326 = AXIS2_PLACEMENT_3D('',#8327,#8328,#8329);
#8327 = CARTESIAN_POINT('',(0.,0.,41.5));
#8328 = DIRECTION('',(4.391487860075E-17,0.,1.));
#8329 = DIRECTION('',(1.,0.,-4.391487860075E-17));
#8330 = DEFINITIONAL_REPRESENTATION('',(#8331),#8357);
#8331 = B_SPLINE_CURVE_WITH_KNOTS('',3,(#8332,#8333,#8334,#8335,#8336,
    #8337,#8338,#8339,#8340,#8341,#8342,#8343,#8344,#8345,#8346,#8347,
    #8348,#8349,#8350,#8351,#8352,#8353,#8354,#8355,#8356),
  .UNSPECIFIED.,.F.,.F.,(4,1,1,1,1,1,1,1,1,1,1,1,1,1,1,1,1,1,1,1,1,1,4),
  (4.712388980385,4.997988312529,5.283587644674,5.569186976818,
    5.854786308963,6.140385641107,6.425984973252,6.711584305396,
    6.997183637541,7.282782969685,7.56838230183,7.853981633974,
    8.139580966119,8.425180298264,8.710779630408,8.996378962553,
    9.281978294697,9.567577626842,9.853176958986,10.138776291131,
    10.424375623275,10.70997495542,10.995574287564),
  .QUASI_UNIFORM_KNOTS.);
#8332 = CARTESIAN_POINT('',(3.14159265359,-1.421494391564));
#8333 = CARTESIAN_POINT('',(3.046392876208,-1.421494391564));
#8334 = CARTESIAN_POINT('',(2.855993321445,-1.421494391564));
#8335 = CARTESIAN_POINT('',(2.570393989301,-1.421494391564));
#8336 = CARTESIAN_POINT('',(2.284794657156,-1.421494391564));
#8337 = CARTESIAN_POINT('',(1.999195325012,-1.421494391564));
#8338 = CARTESIAN_POINT('',(1.713595992867,-1.421494391564));
#8339 = CARTESIAN_POINT('',(1.427996660723,-1.421494391564));
#8340 = CARTESIAN_POINT('',(1.142397328578,-1.421494391564));
#8341 = CARTESIAN_POINT('',(0.856797996434,-1.421494391564));
#8342 = CARTESIAN_POINT('',(0.571198664289,-1.421494391564));
#8343 = CARTESIAN_POINT('',(0.285599332145,-1.421494391564));
#8344 = CARTESIAN_POINT('',(5.020031748378E-16,-1.421494391564));
#8345 = CARTESIAN_POINT('',(-0.285599332145,-1.421494391564));
#8346 = CARTESIAN_POINT('',(-0.571198664289,-1.421494391564));
#8347 = CARTESIAN_POINT('',(-0.856797996434,-1.421494391564));
#8348 = CARTESIAN_POINT('',(-1.142397328578,-1.421494391564));
#8349 = CARTESIAN_POINT('',(-1.427996660723,-1.421494391564));
#8350 = CARTESIAN_POINT('',(-1.713595992867,-1.421494391564));
#8351 = CARTESIAN_POINT('',(-1.999195325012,-1.421494391564));
#8352 = CARTESIAN_POINT('',(-2.284794657156,-1.421494391564));
#8353 = CARTESIAN_POINT('',(-2.570393989301,-1.421494391564));
#8354 = CARTESIAN_POINT('',(-2.855993321445,-1.421494391564));
#8355 = CARTESIAN_POINT('',(-3.046392876208,-1.421494391564));
#8356 = CARTESIAN_POINT('',(-3.14159265359,-1.421494391564));
#8357 = ( GEOMETRIC_REPRESENTATION_CONTEXT(2) 
PARAMETRIC_REPRESENTATION_CONTEXT() REPRESENTATION_CONTEXT('2D SPACE',''
  ) );
#8358 = ADVANCED_FACE('',(#8359),#4864,.T.);
#8359 = FACE_BOUND('',#8360,.T.);
#8360 = EDGE_LOOP('',(#8361,#8362,#8363,#8382));
#8361 = ORIENTED_EDGE('',*,*,#4849,.T.);
#8362 = ORIENTED_EDGE('',*,*,#8202,.T.);
#8363 = ORIENTED_EDGE('',*,*,#8364,.T.);
#8364 = EDGE_CURVE('',#8161,#4921,#8365,.T.);
#8365 = SURFACE_CURVE('',#8366,(#8370,#8376),.PCURVE_S1.);
#8366 = LINE('',#8367,#8368);
#8367 = CARTESIAN_POINT('',(-6.86789538874,-5.619486068847,1.5));
#8368 = VECTOR('',#8369,1.);
#8369 = DIRECTION('',(-0.737263899513,-2.9967207064E-02,-0.674939929902)
  );
#8370 = PCURVE('',#4864,#8371);
#8371 = DEFINITIONAL_REPRESENTATION('',(#8372),#8375);
#8372 = B_SPLINE_CURVE_WITH_KNOTS('',1,(#8373,#8374),.UNSPECIFIED.,.F.,
  .F.,(2,2),(-0.,1.475745358826),.PIECEWISE_BEZIER_KNOTS.);
#8373 = CARTESIAN_POINT('',(1.,0.740989609687));
#8374 = CARTESIAN_POINT('',(-1.814582242966E-16,0.740989609687));
#8375 = ( GEOMETRIC_REPRESENTATION_CONTEXT(2) 
PARAMETRIC_REPRESENTATION_CONTEXT() REPRESENTATION_CONTEXT('2D SPACE',''
  ) );
#8376 = PCURVE('',#8178,#8377);
#8377 = DEFINITIONAL_REPRESENTATION('',(#8378),#8381);
#8378 = B_SPLINE_CURVE_WITH_KNOTS('',1,(#8379,#8380),.UNSPECIFIED.,.F.,
  .F.,(2,2),(-0.,1.475745358826),.PIECEWISE_BEZIER_KNOTS.);
#8379 = CARTESIAN_POINT('',(1.,0.740989609687));
#8380 = CARTESIAN_POINT('',(-1.673053104663E-16,0.740989609687));
#8381 = ( GEOMETRIC_REPRESENTATION_CONTEXT(2) 
PARAMETRIC_REPRESENTATION_CONTEXT() REPRESENTATION_CONTEXT('2D SPACE',''
  ) );
#8382 = ORIENTED_EDGE('',*,*,#4920,.T.);
#8383 = ADVANCED_FACE('',(#8384),#4983,.T.);
#8384 = FACE_BOUND('',#8385,.T.);
#8385 = EDGE_LOOP('',(#8386,#8411,#8432,#8433,#8458,#8481,#8506,#8534));
#8386 = ORIENTED_EDGE('',*,*,#8387,.T.);
#8387 = EDGE_CURVE('',#8388,#8390,#8392,.T.);
#8388 = VERTEX_POINT('',#8389);
#8389 = CARTESIAN_POINT('',(-8.087488663526,5.447665262901,-1.));
#8390 = VERTEX_POINT('',#8391);
#8391 = CARTESIAN_POINT('',(-8.087488663526,-5.447665356033,-1.));
#8392 = SURFACE_CURVE('',#8393,(#8397,#8404),.PCURVE_S1.);
#8393 = LINE('',#8394,#8395);
#8394 = CARTESIAN_POINT('',(-8.087488663526,-3.875,-1.));
#8395 = VECTOR('',#8396,1.);
#8396 = DIRECTION('',(-6.043552755016E-17,-1.,0.));
#8397 = PCURVE('',#4983,#8398);
#8398 = DEFINITIONAL_REPRESENTATION('',(#8399),#8403);
#8399 = LINE('',#8400,#8401);
#8400 = CARTESIAN_POINT('',(-3.875,-1.003819837543));
#8401 = VECTOR('',#8402,1.);
#8402 = DIRECTION('',(1.,1.411663305022E-33));
#8403 = ( GEOMETRIC_REPRESENTATION_CONTEXT(2) 
PARAMETRIC_REPRESENTATION_CONTEXT() REPRESENTATION_CONTEXT('2D SPACE',''
  ) );
#8404 = PCURVE('',#6558,#8405);
#8405 = DEFINITIONAL_REPRESENTATION('',(#8406),#8410);
#8406 = LINE('',#8407,#8408);
#8407 = CARTESIAN_POINT('',(-8.087488663526,3.875));
#8408 = VECTOR('',#8409,1.);
#8409 = DIRECTION('',(-6.043552755016E-17,1.));
#8410 = ( GEOMETRIC_REPRESENTATION_CONTEXT(2) 
PARAMETRIC_REPRESENTATION_CONTEXT() REPRESENTATION_CONTEXT('2D SPACE',''
  ) );
#8411 = ORIENTED_EDGE('',*,*,#8412,.F.);
#8412 = EDGE_CURVE('',#4968,#8390,#8413,.T.);
#8413 = SURFACE_CURVE('',#8414,(#8418,#8425),.PCURVE_S1.);
#8414 = LINE('',#8415,#8416);
#8415 = CARTESIAN_POINT('',(-8.049319222072,-4.79250464283,
    -0.563721287813));
#8416 = VECTOR('',#8417,1.);
#8417 = DIRECTION('',(4.843496184375E-02,0.831363597074,0.553614147156)
  );
#8418 = PCURVE('',#4983,#8419);
#8419 = DEFINITIONAL_REPRESENTATION('',(#8420),#8424);
#8420 = LINE('',#8421,#8422);
#8421 = CARTESIAN_POINT('',(-2.95749535717,-0.565874611552));
#8422 = VECTOR('',#8423,1.);
#8423 = DIRECTION('',(-0.831363597074,0.55572886326));
#8424 = ( GEOMETRIC_REPRESENTATION_CONTEXT(2) 
PARAMETRIC_REPRESENTATION_CONTEXT() REPRESENTATION_CONTEXT('2D SPACE',''
  ) );
#8425 = PCURVE('',#5011,#8426);
#8426 = DEFINITIONAL_REPRESENTATION('',(#8427),#8431);
#8427 = LINE('',#8428,#8429);
#8428 = CARTESIAN_POINT('',(3.487639700763,-3.251234699298));
#8429 = VECTOR('',#8430,1.);
#8430 = DIRECTION('',(0.280082296145,0.95997599313));
#8431 = ( GEOMETRIC_REPRESENTATION_CONTEXT(2) 
PARAMETRIC_REPRESENTATION_CONTEXT() REPRESENTATION_CONTEXT('2D SPACE',''
  ) );
#8432 = ORIENTED_EDGE('',*,*,#4967,.F.);
#8433 = ORIENTED_EDGE('',*,*,#8434,.F.);
#8434 = EDGE_CURVE('',#8435,#4921,#8437,.T.);
#8435 = VERTEX_POINT('',#8436);
#8436 = CARTESIAN_POINT('',(-7.955922747459,-5.576567873623,
    0.503805301908));
#8437 = SURFACE_CURVE('',#8438,(#8443,#8451),.PCURVE_S1.);
#8438 = B_SPLINE_CURVE_WITH_KNOTS('',3,(#8439,#8440,#8441,#8442),
  .UNSPECIFIED.,.F.,.F.,(4,4),(-0.781600065124,-0.740989609687),
  .PIECEWISE_BEZIER_KNOTS.);
#8439 = CARTESIAN_POINT('',(-7.955922747459,-5.576567873623,
    0.503805301908));
#8440 = CARTESIAN_POINT('',(-7.955922747459,-5.605603395645,
    0.503805301908));
#8441 = CARTESIAN_POINT('',(-7.95591831721,-5.634634960023,
    0.503855939884));
#8442 = CARTESIAN_POINT('',(-7.955909166676,-5.663710035588,
    0.503960530961));
#8443 = PCURVE('',#4983,#8444);
#8444 = DEFINITIONAL_REPRESENTATION('',(#8445),#8450);
#8445 = B_SPLINE_CURVE_WITH_KNOTS('',3,(#8446,#8447,#8448,#8449),
  .UNSPECIFIED.,.F.,.F.,(4,4),(-0.781600065124,-0.740989609687),
  .PIECEWISE_BEZIER_KNOTS.);
#8446 = CARTESIAN_POINT('',(-2.173432126377,0.505729756315));
#8447 = CARTESIAN_POINT('',(-2.144396604355,0.505729756315));
#8448 = CARTESIAN_POINT('',(-2.115365039977,0.505780587719));
#8449 = CARTESIAN_POINT('',(-2.086289964412,0.505885578318));
#8450 = ( GEOMETRIC_REPRESENTATION_CONTEXT(2) 
PARAMETRIC_REPRESENTATION_CONTEXT() REPRESENTATION_CONTEXT('2D SPACE',''
  ) );
#8451 = PCURVE('',#8178,#8452);
#8452 = DEFINITIONAL_REPRESENTATION('',(#8453),#8457);
#8453 = LINE('',#8454,#8455);
#8454 = CARTESIAN_POINT('',(8.393412827295E-16,-7.771561172376E-16));
#8455 = VECTOR('',#8456,1.);
#8456 = DIRECTION('',(1.033538766603E-15,-1.));
#8457 = ( GEOMETRIC_REPRESENTATION_CONTEXT(2) 
PARAMETRIC_REPRESENTATION_CONTEXT() REPRESENTATION_CONTEXT('2D SPACE',''
  ) );
#8458 = ORIENTED_EDGE('',*,*,#8459,.F.);
#8459 = EDGE_CURVE('',#8460,#8435,#8462,.T.);
#8460 = VERTEX_POINT('',#8461);
#8461 = CARTESIAN_POINT('',(-7.955922747459,5.576567873623,
    0.503805301908));
#8462 = SURFACE_CURVE('',#8463,(#8467,#8474),.PCURVE_S1.);
#8463 = LINE('',#8464,#8465);
#8464 = CARTESIAN_POINT('',(-7.955922747459,-3.875,0.503805301908));
#8465 = VECTOR('',#8466,1.);
#8466 = DIRECTION('',(-6.043552755016E-17,-1.,0.));
#8467 = PCURVE('',#4983,#8468);
#8468 = DEFINITIONAL_REPRESENTATION('',(#8469),#8473);
#8469 = LINE('',#8470,#8471);
#8470 = CARTESIAN_POINT('',(-3.875,0.505729756315));
#8471 = VECTOR('',#8472,1.);
#8472 = DIRECTION('',(1.,1.411663305022E-33));
#8473 = ( GEOMETRIC_REPRESENTATION_CONTEXT(2) 
PARAMETRIC_REPRESENTATION_CONTEXT() REPRESENTATION_CONTEXT('2D SPACE',''
  ) );
#8474 = PCURVE('',#8148,#8475);
#8475 = DEFINITIONAL_REPRESENTATION('',(#8476),#8480);
#8476 = LINE('',#8477,#8478);
#8477 = CARTESIAN_POINT('',(-0.73727733681,3.08148791102E-33));
#8478 = VECTOR('',#8479,1.);
#8479 = DIRECTION('',(-4.45577448009E-17,-1.));
#8480 = ( GEOMETRIC_REPRESENTATION_CONTEXT(2) 
PARAMETRIC_REPRESENTATION_CONTEXT() REPRESENTATION_CONTEXT('2D SPACE',''
  ) );
#8481 = ORIENTED_EDGE('',*,*,#8482,.F.);
#8482 = EDGE_CURVE('',#8483,#8460,#8485,.T.);
#8483 = VERTEX_POINT('',#8484);
#8484 = CARTESIAN_POINT('',(-7.955909166676,5.663710035588,
    0.503960530961));
#8485 = SURFACE_CURVE('',#8486,(#8491,#8499),.PCURVE_S1.);
#8486 = B_SPLINE_CURVE_WITH_KNOTS('',3,(#8487,#8488,#8489,#8490),
  .UNSPECIFIED.,.F.,.F.,(4,4),(0.740989609687,0.781600065124),
  .PIECEWISE_BEZIER_KNOTS.);
#8487 = CARTESIAN_POINT('',(-7.955909166676,5.663710035588,
    0.503960530961));
#8488 = CARTESIAN_POINT('',(-7.95591831721,5.634634960023,0.503855939884
    ));
#8489 = CARTESIAN_POINT('',(-7.955922747459,5.605603395645,
    0.503805301908));
#8490 = CARTESIAN_POINT('',(-7.955922747459,5.576567873623,
    0.503805301908));
#8491 = PCURVE('',#4983,#8492);
#8492 = DEFINITIONAL_REPRESENTATION('',(#8493),#8498);
#8493 = B_SPLINE_CURVE_WITH_KNOTS('',3,(#8494,#8495,#8496,#8497),
  .UNSPECIFIED.,.F.,.F.,(4,4),(0.740989609687,0.781600065124),
  .PIECEWISE_BEZIER_KNOTS.);
#8494 = CARTESIAN_POINT('',(-13.41371003558,0.505885578318));
#8495 = CARTESIAN_POINT('',(-13.38463496002,0.505780587719));
#8496 = CARTESIAN_POINT('',(-13.35560339564,0.505729756315));
#8497 = CARTESIAN_POINT('',(-13.32656787362,0.505729756315));
#8498 = ( GEOMETRIC_REPRESENTATION_CONTEXT(2) 
PARAMETRIC_REPRESENTATION_CONTEXT() REPRESENTATION_CONTEXT('2D SPACE',''
  ) );
#8499 = PCURVE('',#8108,#8500);
#8500 = DEFINITIONAL_REPRESENTATION('',(#8501),#8505);
#8501 = LINE('',#8502,#8503);
#8502 = CARTESIAN_POINT('',(-2.11796954974E-15,-2.22044604925E-16));
#8503 = VECTOR('',#8504,1.);
#8504 = DIRECTION('',(2.760783079613E-15,-1.));
#8505 = ( GEOMETRIC_REPRESENTATION_CONTEXT(2) 
PARAMETRIC_REPRESENTATION_CONTEXT() REPRESENTATION_CONTEXT('2D SPACE',''
  ) );
#8506 = ORIENTED_EDGE('',*,*,#8507,.F.);
#8507 = EDGE_CURVE('',#8508,#8483,#8510,.T.);
#8508 = VERTEX_POINT('',#8509);
#8509 = CARTESIAN_POINT('',(-8.108994031287,5.816794900199,
    -1.245807478295));
#8510 = SURFACE_CURVE('',#8511,(#8515,#8522),.PCURVE_S1.);
#8511 = LINE('',#8512,#8513);
#8512 = CARTESIAN_POINT('',(-7.95696970317,5.664770572082,0.491838543372
    ));
#8513 = VECTOR('',#8514,1.);
#8514 = DIRECTION('',(8.682659386425E-02,-8.682659386425E-02,
    0.992432509139));
#8515 = PCURVE('',#4983,#8516);
#8516 = DEFINITIONAL_REPRESENTATION('',(#8517),#8521);
#8517 = LINE('',#8518,#8519);
#8518 = CARTESIAN_POINT('',(-13.41477057208,0.493717286705));
#8519 = VECTOR('',#8520,1.);
#8520 = DIRECTION('',(8.682659386425E-02,0.996223440097));
#8521 = ( GEOMETRIC_REPRESENTATION_CONTEXT(2) 
PARAMETRIC_REPRESENTATION_CONTEXT() REPRESENTATION_CONTEXT('2D SPACE',''
  ) );
#8522 = PCURVE('',#8523,#8528);
#8523 = CYLINDRICAL_SURFACE('',#8524,2.05);
#8524 = AXIS2_PLACEMENT_3D('',#8525,#8526,#8527);
#8525 = CARTESIAN_POINT('',(-5.914770572082,5.664770572082,
    0.313169270739));
#8526 = DIRECTION('',(8.682659386425E-02,-8.682659386425E-02,
    0.992432509139));
#8527 = DIRECTION('',(-0.701755757082,0.701755757082,0.122791346617));
#8528 = DEFINITIONAL_REPRESENTATION('',(#8529),#8533);
#8529 = LINE('',#8530,#8531);
#8530 = CARTESIAN_POINT('',(7.064785372304,-2.22044604925E-16));
#8531 = VECTOR('',#8532,1.);
#8532 = DIRECTION('',(0.,1.));
#8533 = ( GEOMETRIC_REPRESENTATION_CONTEXT(2) 
PARAMETRIC_REPRESENTATION_CONTEXT() REPRESENTATION_CONTEXT('2D SPACE',''
  ) );
#8534 = ORIENTED_EDGE('',*,*,#8535,.F.);
#8535 = EDGE_CURVE('',#8388,#8508,#8536,.T.);
#8536 = SURFACE_CURVE('',#8537,(#8541,#8548),.PCURVE_S1.);
#8537 = LINE('',#8538,#8539);
#8538 = CARTESIAN_POINT('',(-7.750238426586,-0.341078227818,
    2.85478784734));
#8539 = VECTOR('',#8540,1.);
#8540 = DIRECTION('',(-4.843496184375E-02,0.831363597074,-0.553614147156
    ));
#8541 = PCURVE('',#4983,#8542);
#8542 = DEFINITIONAL_REPRESENTATION('',(#8543),#8547);
#8543 = LINE('',#8544,#8545);
#8544 = CARTESIAN_POINT('',(-7.408921772182,2.865692673138));
#8545 = VECTOR('',#8546,1.);
#8546 = DIRECTION('',(-0.831363597074,-0.55572886326));
#8547 = ( GEOMETRIC_REPRESENTATION_CONTEXT(2) 
PARAMETRIC_REPRESENTATION_CONTEXT() REPRESENTATION_CONTEXT('2D SPACE',''
  ) );
#8548 = PCURVE('',#8549,#8554);
#8549 = PLANE('',#8550);
#8550 = AXIS2_PLACEMENT_3D('',#8551,#8552,#8553);
#8551 = CARTESIAN_POINT('',(-4.872746375837,2.586476365805,-1.25));
#8552 = DIRECTION('',(-0.5,-0.5,-0.707106781187));
#8553 = DIRECTION('',(-0.816496580928,-2.22044604925E-16,0.57735026919)
  );
#8554 = DEFINITIONAL_REPRESENTATION('',(#8555),#8559);
#8555 = LINE('',#8556,#8557);
#8556 = CARTESIAN_POINT('',(4.719362789711,-3.380448865392));
#8557 = VECTOR('',#8558,1.);
#8558 = DIRECTION('',(-0.280082296145,0.95997599313));
#8559 = ( GEOMETRIC_REPRESENTATION_CONTEXT(2) 
PARAMETRIC_REPRESENTATION_CONTEXT() REPRESENTATION_CONTEXT('2D SPACE',''
  ) );
#8560 = ADVANCED_FACE('',(#8561),#5011,.T.);
#8561 = FACE_BOUND('',#8562,.T.);
#8562 = EDGE_LOOP('',(#8563,#8564,#8587,#8607,#8608));
#8563 = ORIENTED_EDGE('',*,*,#8412,.T.);
#8564 = ORIENTED_EDGE('',*,*,#8565,.T.);
#8565 = EDGE_CURVE('',#8390,#8566,#8568,.T.);
#8566 = VERTEX_POINT('',#8567);
#8567 = CARTESIAN_POINT('',(-7.995137635498,-5.355314328005,-1.));
#8568 = SURFACE_CURVE('',#8569,(#8573,#8580),.PCURVE_S1.);
#8569 = LINE('',#8570,#8571);
#8570 = CARTESIAN_POINT('',(-4.439899411768,-1.800076104276,-1.));
#8571 = VECTOR('',#8572,1.);
#8572 = DIRECTION('',(0.707106781187,0.707106781187,0.));
#8573 = PCURVE('',#5011,#8574);
#8574 = DEFINITIONAL_REPRESENTATION('',(#8575),#8579);
#8575 = LINE('',#8576,#8577);
#8576 = CARTESIAN_POINT('',(0.288675134595,0.204124145232));
#8577 = VECTOR('',#8578,1.);
#8578 = DIRECTION('',(-0.57735026919,0.816496580928));
#8579 = ( GEOMETRIC_REPRESENTATION_CONTEXT(2) 
PARAMETRIC_REPRESENTATION_CONTEXT() REPRESENTATION_CONTEXT('2D SPACE',''
  ) );
#8580 = PCURVE('',#6558,#8581);
#8581 = DEFINITIONAL_REPRESENTATION('',(#8582),#8586);
#8582 = LINE('',#8583,#8584);
#8583 = CARTESIAN_POINT('',(-4.439899411768,1.800076104276));
#8584 = VECTOR('',#8585,1.);
#8585 = DIRECTION('',(0.707106781187,-0.707106781187));
#8586 = ( GEOMETRIC_REPRESENTATION_CONTEXT(2) 
PARAMETRIC_REPRESENTATION_CONTEXT() REPRESENTATION_CONTEXT('2D SPACE',''
  ) );
#8587 = ORIENTED_EDGE('',*,*,#8588,.T.);
#8588 = EDGE_CURVE('',#8566,#5076,#8589,.T.);
#8589 = SURFACE_CURVE('',#8590,(#8594,#8601),.PCURVE_S1.);
#8590 = LINE('',#8591,#8592);
#8591 = CARTESIAN_POINT('',(-7.995137635498,-5.355314328005,-1.));
#8592 = VECTOR('',#8593,1.);
#8593 = DIRECTION('',(0.500000000114,-0.500000000114,-0.707106781025));
#8594 = PCURVE('',#5011,#8595);
#8595 = DEFINITIONAL_REPRESENTATION('',(#8596),#8600);
#8596 = LINE('',#8597,#8598);
#8597 = CARTESIAN_POINT('',(3.191514988653,-3.901111345775));
#8598 = VECTOR('',#8599,1.);
#8599 = DIRECTION('',(-0.816496580928,-0.57735026919));
#8600 = ( GEOMETRIC_REPRESENTATION_CONTEXT(2) 
PARAMETRIC_REPRESENTATION_CONTEXT() REPRESENTATION_CONTEXT('2D SPACE',''
  ) );
#8601 = PCURVE('',#5205,#8602);
#8602 = DEFINITIONAL_REPRESENTATION('',(#8603),#8606);
#8603 = B_SPLINE_CURVE_WITH_KNOTS('',1,(#8604,#8605),.UNSPECIFIED.,.F.,
  .F.,(2,2),(0.,0.707106781025),.PIECEWISE_BEZIER_KNOTS.);
#8604 = CARTESIAN_POINT('',(1.,-0.502786611347));
#8605 = CARTESIAN_POINT('',(2.286377142521E-10,-0.502786611347));
#8606 = ( GEOMETRIC_REPRESENTATION_CONTEXT(2) 
PARAMETRIC_REPRESENTATION_CONTEXT() REPRESENTATION_CONTEXT('2D SPACE',''
  ) );
#8607 = ORIENTED_EDGE('',*,*,#5386,.T.);
#8608 = ORIENTED_EDGE('',*,*,#4995,.T.);
#8609 = ADVANCED_FACE('',(#8610),#5167,.T.);
#8610 = FACE_BOUND('',#8611,.T.);
#8611 = EDGE_LOOP('',(#8612,#8613,#8614,#8635));
#8612 = ORIENTED_EDGE('',*,*,#6483,.T.);
#8613 = ORIENTED_EDGE('',*,*,#5151,.T.);
#8614 = ORIENTED_EDGE('',*,*,#8615,.T.);
#8615 = EDGE_CURVE('',#5152,#8616,#8618,.T.);
#8616 = VERTEX_POINT('',#8617);
#8617 = CARTESIAN_POINT('',(-7.964056346019,-5.324233038526,-1.));
#8618 = SURFACE_CURVE('',#8619,(#8623,#8629),.PCURVE_S1.);
#8619 = LINE('',#8620,#8621);
#8620 = CARTESIAN_POINT('',(-7.609824774518,-5.678464610027,
    -1.49999908014));
#8621 = VECTOR('',#8622,1.);
#8622 = DIRECTION('',(-0.500479316574,0.500479316574,0.706428274748));
#8623 = PCURVE('',#5167,#8624);
#8624 = DEFINITIONAL_REPRESENTATION('',(#8625),#8628);
#8625 = B_SPLINE_CURVE_WITH_KNOTS('',1,(#8626,#8627),.UNSPECIFIED.,.F.,
  .F.,(2,2),(0.,0.707784637186),.PIECEWISE_BEZIER_KNOTS.);
#8626 = CARTESIAN_POINT('',(-1.316992229112E-15,-0.148168926604));
#8627 = CARTESIAN_POINT('',(1.,-0.148168926604));
#8628 = ( GEOMETRIC_REPRESENTATION_CONTEXT(2) 
PARAMETRIC_REPRESENTATION_CONTEXT() REPRESENTATION_CONTEXT('2D SPACE',''
  ) );
#8629 = PCURVE('',#5205,#8630);
#8630 = DEFINITIONAL_REPRESENTATION('',(#8631),#8634);
#8631 = B_SPLINE_CURVE_WITH_KNOTS('',1,(#8632,#8633),.UNSPECIFIED.,.F.,
  .F.,(2,2),(0.,0.707784637186),.PIECEWISE_BEZIER_KNOTS.);
#8632 = CARTESIAN_POINT('',(2.799072567584E-16,-0.498391053235));
#8633 = CARTESIAN_POINT('',(1.,-0.498391053235));
#8634 = ( GEOMETRIC_REPRESENTATION_CONTEXT(2) 
PARAMETRIC_REPRESENTATION_CONTEXT() REPRESENTATION_CONTEXT('2D SPACE',''
  ) );
#8635 = ORIENTED_EDGE('',*,*,#8636,.T.);
#8636 = EDGE_CURVE('',#8616,#6484,#8637,.T.);
#8637 = SURFACE_CURVE('',#8638,(#8643,#8650),.PCURVE_S1.);
#8638 = B_SPLINE_CURVE_WITH_KNOTS('',3,(#8639,#8640,#8641,#8642),
  .UNSPECIFIED.,.F.,.F.,(4,4),(-0.148168926604,-4.756699048972E-02),
  .PIECEWISE_BEZIER_KNOTS.);
#8639 = CARTESIAN_POINT('',(-7.964056346019,-5.324233038526,-1.));
#8640 = CARTESIAN_POINT('',(-7.609232039522,-4.96940873203,-1.));
#8641 = CARTESIAN_POINT('',(-7.072242644594,-4.813390855771,-1.));
#8642 = CARTESIAN_POINT('',(-6.581817232085,-4.917261436038,-1.));
#8643 = PCURVE('',#5167,#8644);
#8644 = DEFINITIONAL_REPRESENTATION('',(#8645),#8649);
#8645 = LINE('',#8646,#8647);
#8646 = CARTESIAN_POINT('',(1.,-2.775557561563E-17));
#8647 = VECTOR('',#8648,1.);
#8648 = DIRECTION('',(3.343847936275E-13,1.));
#8649 = ( GEOMETRIC_REPRESENTATION_CONTEXT(2) 
PARAMETRIC_REPRESENTATION_CONTEXT() REPRESENTATION_CONTEXT('2D SPACE',''
  ) );
#8650 = PCURVE('',#6558,#8651);
#8651 = DEFINITIONAL_REPRESENTATION('',(#8652),#8657);
#8652 = B_SPLINE_CURVE_WITH_KNOTS('',3,(#8653,#8654,#8655,#8656),
  .UNSPECIFIED.,.F.,.F.,(4,4),(-0.148168926604,-4.756699048972E-02),
  .PIECEWISE_BEZIER_KNOTS.);
#8653 = CARTESIAN_POINT('',(-7.964056346019,5.324233038526));
#8654 = CARTESIAN_POINT('',(-7.609232039522,4.96940873203));
#8655 = CARTESIAN_POINT('',(-7.072242644594,4.813390855771));
#8656 = CARTESIAN_POINT('',(-6.581817232085,4.917261436038));
#8657 = ( GEOMETRIC_REPRESENTATION_CONTEXT(2) 
PARAMETRIC_REPRESENTATION_CONTEXT() REPRESENTATION_CONTEXT('2D SPACE',''
  ) );
#8658 = ADVANCED_FACE('',(#8659),#5205,.T.);
#8659 = FACE_BOUND('',#8660,.T.);
#8660 = EDGE_LOOP('',(#8661,#8662,#8663,#8664));
#8661 = ORIENTED_EDGE('',*,*,#8615,.F.);
#8662 = ORIENTED_EDGE('',*,*,#5191,.T.);
#8663 = ORIENTED_EDGE('',*,*,#8588,.F.);
#8664 = ORIENTED_EDGE('',*,*,#8665,.T.);
#8665 = EDGE_CURVE('',#8566,#8616,#8666,.T.);
#8666 = SURFACE_CURVE('',#8667,(#8672,#8679),.PCURVE_S1.);
#8667 = B_SPLINE_CURVE_WITH_KNOTS('',3,(#8668,#8669,#8670,#8671),
  .UNSPECIFIED.,.F.,.F.,(4,4),(-0.502786611347,-0.498391053235),
  .PIECEWISE_BEZIER_KNOTS.);
#8668 = CARTESIAN_POINT('',(-7.995137635498,-5.355314328005,-1.));
#8669 = CARTESIAN_POINT('',(-7.984777205671,-5.344953898179,-1.));
#8670 = CARTESIAN_POINT('',(-7.974416775845,-5.334593468352,-1.));
#8671 = CARTESIAN_POINT('',(-7.964056346019,-5.324233038526,-1.));
#8672 = PCURVE('',#5205,#8673);
#8673 = DEFINITIONAL_REPRESENTATION('',(#8674),#8678);
#8674 = LINE('',#8675,#8676);
#8675 = CARTESIAN_POINT('',(1.,0.));
#8676 = VECTOR('',#8677,1.);
#8677 = DIRECTION('',(1.010313590583E-13,1.));
#8678 = ( GEOMETRIC_REPRESENTATION_CONTEXT(2) 
PARAMETRIC_REPRESENTATION_CONTEXT() REPRESENTATION_CONTEXT('2D SPACE',''
  ) );
#8679 = PCURVE('',#6558,#8680);
#8680 = DEFINITIONAL_REPRESENTATION('',(#8681),#8686);
#8681 = B_SPLINE_CURVE_WITH_KNOTS('',3,(#8682,#8683,#8684,#8685),
  .UNSPECIFIED.,.F.,.F.,(4,4),(-0.502786611347,-0.498391053235),
  .PIECEWISE_BEZIER_KNOTS.);
#8682 = CARTESIAN_POINT('',(-7.995137635498,5.355314328005));
#8683 = CARTESIAN_POINT('',(-7.984777205671,5.344953898179));
#8684 = CARTESIAN_POINT('',(-7.974416775845,5.334593468352));
#8685 = CARTESIAN_POINT('',(-7.964056346019,5.324233038526));
#8686 = ( GEOMETRIC_REPRESENTATION_CONTEXT(2) 
PARAMETRIC_REPRESENTATION_CONTEXT() REPRESENTATION_CONTEXT('2D SPACE',''
  ) );
#8687 = ADVANCED_FACE('',(#8688),#5685,.F.);
#8688 = FACE_BOUND('',#8689,.F.);
#8689 = EDGE_LOOP('',(#8690,#8722,#8883,#8884,#8885,#8909,#8933,#8973));
#8690 = ORIENTED_EDGE('',*,*,#8691,.F.);
#8691 = EDGE_CURVE('',#8692,#8694,#8696,.T.);
#8692 = VERTEX_POINT('',#8693);
#8693 = CARTESIAN_POINT('',(-6.052155806015,7.484872425453,
    -2.999999999995));
#8694 = VERTEX_POINT('',#8695);
#8695 = CARTESIAN_POINT('',(-5.958867674898,7.391584294336,
    -1.499999999767));
#8696 = SURFACE_CURVE('',#8697,(#8702,#8709),.PCURVE_S1.);
#8697 = B_SPLINE_CURVE_WITH_KNOTS('',3,(#8698,#8699,#8700,#8701),
  .UNSPECIFIED.,.F.,.F.,(4,4),(-0.401612594679,-0.251033533972),
  .PIECEWISE_BEZIER_KNOTS.);
#8698 = CARTESIAN_POINT('',(-6.052155806015,7.484872425454,-3.));
#8699 = CARTESIAN_POINT('',(-6.021047694052,7.453764313491,
    -2.50000150123));
#8700 = CARTESIAN_POINT('',(-5.989952347209,7.422668966648,
    -2.000001414226));
#8701 = CARTESIAN_POINT('',(-5.958867548932,7.391584168371,
    -1.500000015544));
#8702 = PCURVE('',#5685,#8703);
#8703 = DEFINITIONAL_REPRESENTATION('',(#8704),#8708);
#8704 = LINE('',#8705,#8706);
#8705 = CARTESIAN_POINT('',(1.,0.));
#8706 = VECTOR('',#8707,1.);
#8707 = DIRECTION('',(-8.110326371768E-15,-1.));
#8708 = ( GEOMETRIC_REPRESENTATION_CONTEXT(2) 
PARAMETRIC_REPRESENTATION_CONTEXT() REPRESENTATION_CONTEXT('2D SPACE',''
  ) );
#8709 = PCURVE('',#8710,#8715);
#8710 = PLANE('',#8711);
#8711 = AXIS2_PLACEMENT_3D('',#8712,#8713,#8714);
#8712 = CARTESIAN_POINT('',(-5.523617219905,6.956333839344,-3.));
#8713 = DIRECTION('',(0.707106781187,0.707106781187,0.));
#8714 = DIRECTION('',(-0.707106781187,0.707106781187,0.));
#8715 = DEFINITIONAL_REPRESENTATION('',(#8716),#8721);
#8716 = B_SPLINE_CURVE_WITH_KNOTS('',3,(#8717,#8718,#8719,#8720),
  .UNSPECIFIED.,.F.,.F.,(4,4),(-0.401612594679,-0.251033533972),
  .PIECEWISE_BEZIER_KNOTS.);
#8717 = CARTESIAN_POINT('',(0.747466436715,0.));
#8718 = CARTESIAN_POINT('',(0.703472922876,0.49999849877));
#8719 = CARTESIAN_POINT('',(0.659497461645,0.999998585774));
#8720 = CARTESIAN_POINT('',(0.615536918338,1.499999984456));
#8721 = ( GEOMETRIC_REPRESENTATION_CONTEXT(2) 
PARAMETRIC_REPRESENTATION_CONTEXT() REPRESENTATION_CONTEXT('2D SPACE',''
  ) );
#8722 = ORIENTED_EDGE('',*,*,#8723,.F.);
#8723 = EDGE_CURVE('',#6103,#8692,#8724,.T.);
#8724 = SURFACE_CURVE('',#8725,(#8766,#8839),.PCURVE_S1.);
#8725 = B_SPLINE_CURVE_WITH_KNOTS('',3,(#8726,#8727,#8728,#8729,#8730,
    #8731,#8732,#8733,#8734,#8735,#8736,#8737,#8738,#8739,#8740,#8741,
    #8742,#8743,#8744,#8745,#8746,#8747,#8748,#8749,#8750,#8751,#8752,
    #8753,#8754,#8755,#8756,#8757,#8758,#8759,#8760,#8761,#8762,#8763,
    #8764,#8765),.UNSPECIFIED.,.F.,.F.,(4,3,3,3,3,3,3,3,3,3,3,3,3,4),(0.
    ,1.307354947359E-02,2.651941696093E-02,3.89351778871E-02,
    5.237625982461E-02,6.570234629954E-02,7.797375646877E-02,
    8.407150180577E-02,9.727663043966E-02,0.110693053506,0.112588097052,
    0.125996921372,0.139296566618,0.147220308474),.UNSPECIFIED.);
#8726 = CARTESIAN_POINT('',(-5.978813540011,6.146453840213,
    -3.000000000237));
#8727 = CARTESIAN_POINT('',(-5.951433631405,6.180357086765,
    -3.000000040297));
#8728 = CARTESIAN_POINT('',(-5.926525134128,6.216009608937,
    -2.999986307724));
#8729 = CARTESIAN_POINT('',(-5.904092218296,6.253108239821,
    -2.999969998457));
#8730 = CARTESIAN_POINT('',(-5.881020441634,6.291263392394,
    -2.999953224723));
#8731 = CARTESIAN_POINT('',(-5.860566791944,6.330949157852,
    -2.999933694354));
#8732 = CARTESIAN_POINT('',(-5.842780151987,6.371868783114,
    -2.999918770498));
#8733 = CARTESIAN_POINT('',(-5.826356171192,6.40965349912,
    -2.999904989979));
#8734 = CARTESIAN_POINT('',(-5.812206490277,6.448491306037,
    -2.999895054556));
#8735 = CARTESIAN_POINT('',(-5.800406809231,6.488161256574,
    -2.999891655769));
#8736 = CARTESIAN_POINT('',(-5.787632684415,6.531107239409,
    -2.999887976302));
#8737 = CARTESIAN_POINT('',(-5.777696358513,6.574744838736,
    -2.999891878883));
#8738 = CARTESIAN_POINT('',(-5.770631326018,6.61877559646,-2.9999027521)
  );
#8739 = CARTESIAN_POINT('',(-5.763626738559,6.662429648099,
    -2.999913532291));
#8740 = CARTESIAN_POINT('',(-5.759444333741,6.706471295358,
    -2.999931105508));
#8741 = CARTESIAN_POINT('',(-5.758164971894,6.750622928793,
    -2.999951051148));
#8742 = CARTESIAN_POINT('',(-5.756986863525,6.791280236889,
    -2.999969418214));
#8743 = CARTESIAN_POINT('',(-5.758270806627,6.832031603548,
    -2.99998972655));
#8744 = CARTESIAN_POINT('',(-5.762118955526,6.872658062282,
    -3.000006233239));
#8745 = CARTESIAN_POINT('',(-5.764031126311,6.892845619855,
    -3.000014435523));
#8746 = CARTESIAN_POINT('',(-5.766571787801,6.912946434055,
    -3.000021600347));
#8747 = CARTESIAN_POINT('',(-5.769746544556,6.93293411263,
    -3.000026860489));
#8748 = CARTESIAN_POINT('',(-5.776621720382,6.976218942037,
    -3.000038251724));
#8749 = CARTESIAN_POINT('',(-5.786467096315,7.018973706904,
    -3.000040898257));
#8750 = CARTESIAN_POINT('',(-5.799098616991,7.060946622983,
    -3.00003997401));
#8751 = CARTESIAN_POINT('',(-5.811932253835,7.103591145053,
    -3.000039034973));
#8752 = CARTESIAN_POINT('',(-5.827642343447,7.145429689441,
    -3.000034315097));
#8753 = CARTESIAN_POINT('',(-5.846086353386,7.186183102666,
    -3.000029038305));
#8754 = CARTESIAN_POINT('',(-5.848691533755,7.191939442663,
    -3.000028292968));
#8755 = CARTESIAN_POINT('',(-5.851351333349,7.197674092931,
    -3.000027534377));
#8756 = CARTESIAN_POINT('',(-5.854065422238,7.203386223063,
    -3.000026769875));
#8757 = CARTESIAN_POINT('',(-5.873269593657,7.24380373726,
    -3.000021360465));
#8758 = CARTESIAN_POINT('',(-5.895080249692,7.282868934227,
    -3.000015641618));
#8759 = CARTESIAN_POINT('',(-5.91931950608,7.320319383575,
    -3.000011185877));
#8760 = CARTESIAN_POINT('',(-5.943361398442,7.357464899003,
    -3.000006766417));
#8761 = CARTESIAN_POINT('',(-5.969793134463,7.393022855106,
    -3.000003488105));
#8762 = CARTESIAN_POINT('',(-5.998485074268,7.426712836709,
    -3.000001667707));
#8763 = CARTESIAN_POINT('',(-6.01557932905,7.446784854601,
    -3.000000583139));
#8764 = CARTESIAN_POINT('',(-6.033476660843,7.466193280282,-3.));
#8765 = CARTESIAN_POINT('',(-6.052155806015,7.484872425454,-3.));
#8766 = PCURVE('',#5685,#8767);
#8767 = DEFINITIONAL_REPRESENTATION('',(#8768),#8838);
#8768 = B_SPLINE_CURVE_WITH_KNOTS('',3,(#8769,#8770,#8771,#8772,#8773,
    #8774,#8775,#8776,#8777,#8778,#8779,#8780,#8781,#8782,#8783,#8784,
    #8785,#8786,#8787,#8788,#8789,#8790,#8791,#8792,#8793,#8794,#8795,
    #8796,#8797,#8798,#8799,#8800,#8801,#8802,#8803,#8804,#8805,#8806,
    #8807,#8808,#8809,#8810,#8811,#8812,#8813,#8814,#8815,#8816,#8817,
    #8818,#8819,#8820,#8821,#8822,#8823,#8824,#8825,#8826,#8827,#8828,
    #8829,#8830,#8831,#8832,#8833,#8834,#8835,#8836,#8837),
  .UNSPECIFIED.,.F.,.F.,(4,1,1,1,1,1,1,1,1,1,1,1,1,1,1,1,1,1,1,1,1,1,1,1
    ,1,1,1,1,1,1,1,1,1,1,1,1,1,1,1,1,1,1,1,1,1,1,1,1,1,1,1,1,1,1,1,1,1,1
    ,1,1,1,1,1,1,1,1,4),(0.,2.230610734449E-03,4.461221468897E-03,
    6.691832203346E-03,8.922442937795E-03,1.115305367224E-02,
    1.338366440669E-02,1.561427514114E-02,1.784488587559E-02,
    2.007549661004E-02,2.230610734449E-02,2.453671807894E-02,
    2.676732881338E-02,2.899793954783E-02,3.122855028228E-02,
    3.345916101673E-02,3.568977175118E-02,3.792038248563E-02,
    4.015099322008E-02,4.238160395452E-02,4.461221468897E-02,
    4.684282542342E-02,4.907343615787E-02,5.130404689232E-02,
    5.353465762677E-02,5.576526836122E-02,5.799587909567E-02,
    6.022648983011E-02,6.245710056456E-02,6.468771129901E-02,
    6.691832203346E-02,6.914893276791E-02,7.137954350236E-02,
    7.361015423681E-02,7.584076497125E-02,7.80713757057E-02,
    8.030198644015E-02,8.25325971746E-02,8.476320790905E-02,
    8.69938186435E-02,8.922442937795E-02,9.14550401124E-02,
    9.368565084684E-02,9.591626158129E-02,9.814687231574E-02,
    0.10037748305,0.102608093785,0.104838704519,0.107069315254,
    0.109299925988,0.111530536722,0.113761147457,0.115991758191,
    0.118222368926,0.12045297966,0.122683590395,0.124914201129,
    0.127144811864,0.129375422598,0.131606033332,0.133836644067,
    0.136067254801,0.138297865536,0.14052847627,0.142759087005,
    0.144989697739,0.147220308474),.QUASI_UNIFORM_KNOTS.);
#8769 = CARTESIAN_POINT('',(0.,0.392863350124));
#8770 = CARTESIAN_POINT('',(5.074377144188E-03,0.392870248283));
#8771 = CARTESIAN_POINT('',(1.521739644077E-02,0.392885487593));
#8772 = CARTESIAN_POINT('',(3.041663723411E-02,0.392912653553));
#8773 = CARTESIAN_POINT('',(4.560251377593E-02,0.39294410453));
#8774 = CARTESIAN_POINT('',(6.077692519974E-02,0.392979818541));
#8775 = CARTESIAN_POINT('',(7.594174879406E-02,0.39301977361));
#8776 = CARTESIAN_POINT('',(9.1098780831E-02,0.393063947757));
#8777 = CARTESIAN_POINT('',(0.106249905742,0.393112319005));
#8778 = CARTESIAN_POINT('',(0.121397033284,0.393164865374));
#8779 = CARTESIAN_POINT('',(0.136542032789,0.393221564882));
#8780 = CARTESIAN_POINT('',(0.151686793155,0.39328239555));
#8781 = CARTESIAN_POINT('',(0.166833202748,0.393347335398));
#8782 = CARTESIAN_POINT('',(0.181983112081,0.393416362455));
#8783 = CARTESIAN_POINT('',(0.197138453021,0.393489454717));
#8784 = CARTESIAN_POINT('',(0.212301076602,0.393566590299));
#8785 = CARTESIAN_POINT('',(0.227472767321,0.393647746864));
#8786 = CARTESIAN_POINT('',(0.24265559123,0.393732903759));
#8787 = CARTESIAN_POINT('',(0.257850767296,0.39382203406));
#8788 = CARTESIAN_POINT('',(0.273062785613,0.393915134246));
#8789 = CARTESIAN_POINT('',(0.288254320957,0.39401192575));
#8790 = CARTESIAN_POINT('',(0.303432286209,0.394112390346));
#8791 = CARTESIAN_POINT('',(0.31859725841,0.394216473721));
#8792 = CARTESIAN_POINT('',(0.333751473178,0.39432413123));
#8793 = CARTESIAN_POINT('',(0.348896682457,0.394435315639));
#8794 = CARTESIAN_POINT('',(0.364034681005,0.394549980405));
#8795 = CARTESIAN_POINT('',(0.379167418717,0.394668078803));
#8796 = CARTESIAN_POINT('',(0.394296755418,0.394789564154));
#8797 = CARTESIAN_POINT('',(0.409424570689,0.39491438977));
#8798 = CARTESIAN_POINT('',(0.424552744802,0.395042508957));
#8799 = CARTESIAN_POINT('',(0.439683156875,0.395173875051));
#8800 = CARTESIAN_POINT('',(0.454817659873,0.395308441279));
#8801 = CARTESIAN_POINT('',(0.469958212284,0.395446161263));
#8802 = CARTESIAN_POINT('',(0.485106491814,0.395586987165));
#8803 = CARTESIAN_POINT('',(0.500264788889,0.39573087659));
#8804 = CARTESIAN_POINT('',(0.515433402907,0.395877766829));
#8805 = CARTESIAN_POINT('',(0.530620177274,0.39602767099));
#8806 = CARTESIAN_POINT('',(0.545804719845,0.396180317443));
#8807 = CARTESIAN_POINT('',(0.560972313849,0.396335475433));
#8808 = CARTESIAN_POINT('',(0.576129272391,0.39649312666));
#8809 = CARTESIAN_POINT('',(0.591276235498,0.396653195896));
#8810 = CARTESIAN_POINT('',(0.606415416683,0.39681562317));
#8811 = CARTESIAN_POINT('',(0.621548620628,0.396980344421));
#8812 = CARTESIAN_POINT('',(0.636677749412,0.397147296683));
#8813 = CARTESIAN_POINT('',(0.651804663321,0.397316416698));
#8814 = CARTESIAN_POINT('',(0.666931167315,0.397487641283));
#8815 = CARTESIAN_POINT('',(0.682059206975,0.397660907248));
#8816 = CARTESIAN_POINT('',(0.697190597414,0.397836151353));
#8817 = CARTESIAN_POINT('',(0.712327205562,0.398013310573));
#8818 = CARTESIAN_POINT('',(0.727470855006,0.398192321067));
#8819 = CARTESIAN_POINT('',(0.742623622661,0.398373122042));
#8820 = CARTESIAN_POINT('',(0.757786696632,0.398555641333));
#8821 = CARTESIAN_POINT('',(0.772964582925,0.39873984921));
#8822 = CARTESIAN_POINT('',(0.788125721162,0.398925269051));
#8823 = CARTESIAN_POINT('',(0.803275872594,0.399111876126));
#8824 = CARTESIAN_POINT('',(0.818415896665,0.399299586984));
#8825 = CARTESIAN_POINT('',(0.833547934551,0.399488333908));
#8826 = CARTESIAN_POINT('',(0.848673750888,0.399678044964));
#8827 = CARTESIAN_POINT('',(0.863795135026,0.399868649347));
#8828 = CARTESIAN_POINT('',(0.878914025761,0.40006007595));
#8829 = CARTESIAN_POINT('',(0.894032250208,0.400252253751));
#8830 = CARTESIAN_POINT('',(0.909151667631,0.400445111702));
#8831 = CARTESIAN_POINT('',(0.924274144862,0.400638578762));
#8832 = CARTESIAN_POINT('',(0.939401551054,0.400832583889));
#8833 = CARTESIAN_POINT('',(0.954535751174,0.401027056038));
#8834 = CARTESIAN_POINT('',(0.969678605918,0.401221924168));
#8835 = CARTESIAN_POINT('',(0.984831937596,0.401417117237));
#8836 = CARTESIAN_POINT('',(0.994942398598,0.401547415214));
#8837 = CARTESIAN_POINT('',(1.,0.401612594679));
#8838 = ( GEOMETRIC_REPRESENTATION_CONTEXT(2) 
PARAMETRIC_REPRESENTATION_CONTEXT() REPRESENTATION_CONTEXT('2D SPACE',''
  ) );
#8839 = PCURVE('',#6119,#8840);
#8840 = DEFINITIONAL_REPRESENTATION('',(#8841),#8882);
#8841 = B_SPLINE_CURVE_WITH_KNOTS('',3,(#8842,#8843,#8844,#8845,#8846,
    #8847,#8848,#8849,#8850,#8851,#8852,#8853,#8854,#8855,#8856,#8857,
    #8858,#8859,#8860,#8861,#8862,#8863,#8864,#8865,#8866,#8867,#8868,
    #8869,#8870,#8871,#8872,#8873,#8874,#8875,#8876,#8877,#8878,#8879,
    #8880,#8881),.UNSPECIFIED.,.F.,.F.,(4,3,3,3,3,3,3,3,3,3,3,3,3,4),(0.
    ,1.307354947359E-02,2.651941696093E-02,3.89351778871E-02,
    5.237625982461E-02,6.570234629954E-02,7.797375646877E-02,
    8.407150180577E-02,9.727663043966E-02,0.110693053506,0.112588097052,
    0.125996921372,0.139296566618,0.147220308474),.UNSPECIFIED.);
#8842 = CARTESIAN_POINT('',(1.578789019759,1.161148719557));
#8843 = CARTESIAN_POINT('',(1.606168928365,1.127245473005));
#8844 = CARTESIAN_POINT('',(1.631077425642,1.091592950833));
#8845 = CARTESIAN_POINT('',(1.653510341474,1.054494319949));
#8846 = CARTESIAN_POINT('',(1.676582118136,1.016339167377));
#8847 = CARTESIAN_POINT('',(1.697035767826,0.976653401919));
#8848 = CARTESIAN_POINT('',(1.714822407783,0.935733776656));
#8849 = CARTESIAN_POINT('',(1.731246388578,0.897949060651));
#8850 = CARTESIAN_POINT('',(1.745396069494,0.859111253733));
#8851 = CARTESIAN_POINT('',(1.757195750539,0.819441303197));
#8852 = CARTESIAN_POINT('',(1.769969875355,0.776495320362));
#8853 = CARTESIAN_POINT('',(1.779906201257,0.732857721034));
#8854 = CARTESIAN_POINT('',(1.786971233752,0.68882696331));
#8855 = CARTESIAN_POINT('',(1.793975821211,0.645172911671));
#8856 = CARTESIAN_POINT('',(1.798158226029,0.601131264412));
#8857 = CARTESIAN_POINT('',(1.799437587877,0.556979630977));
#8858 = CARTESIAN_POINT('',(1.800615696245,0.516322322881));
#8859 = CARTESIAN_POINT('',(1.799331753144,0.475570956222));
#8860 = CARTESIAN_POINT('',(1.795483604244,0.434944497489));
#8861 = CARTESIAN_POINT('',(1.793571433459,0.414756939915));
#8862 = CARTESIAN_POINT('',(1.791030771969,0.394656125715));
#8863 = CARTESIAN_POINT('',(1.787856015214,0.37466844714));
#8864 = CARTESIAN_POINT('',(1.780980839388,0.331383617733));
#8865 = CARTESIAN_POINT('',(1.771135463455,0.288628852866));
#8866 = CARTESIAN_POINT('',(1.758503942779,0.246655936787));
#8867 = CARTESIAN_POINT('',(1.745670305935,0.204011414717));
#8868 = CARTESIAN_POINT('',(1.729960216323,0.162172870329));
#8869 = CARTESIAN_POINT('',(1.711516206384,0.121419457104));
#8870 = CARTESIAN_POINT('',(1.708911026015,0.115663117107));
#8871 = CARTESIAN_POINT('',(1.706251226421,0.109928466839));
#8872 = CARTESIAN_POINT('',(1.703537137532,0.104216336707));
#8873 = CARTESIAN_POINT('',(1.684332966113,6.379882251027E-02));
#8874 = CARTESIAN_POINT('',(1.662522310079,2.473362554349E-02));
#8875 = CARTESIAN_POINT('',(1.63828305369,-1.271682380449E-02));
#8876 = CARTESIAN_POINT('',(1.614241161329,-4.986233923238E-02));
#8877 = CARTESIAN_POINT('',(1.587809425308,-8.542029533533E-02));
#8878 = CARTESIAN_POINT('',(1.559117485502,-0.119110276939));
#8879 = CARTESIAN_POINT('',(1.542023230721,-0.13918229483));
#8880 = CARTESIAN_POINT('',(1.524125898927,-0.158590720511));
#8881 = CARTESIAN_POINT('',(1.505446753755,-0.177269865684));
#8882 = ( GEOMETRIC_REPRESENTATION_CONTEXT(2) 
PARAMETRIC_REPRESENTATION_CONTEXT() REPRESENTATION_CONTEXT('2D SPACE',''
  ) );
#8883 = ORIENTED_EDGE('',*,*,#6131,.F.);
#8884 = ORIENTED_EDGE('',*,*,#5640,.F.);
#8885 = ORIENTED_EDGE('',*,*,#8886,.T.);
#8886 = EDGE_CURVE('',#5613,#8887,#8889,.T.);
#8887 = VERTEX_POINT('',#8888);
#8888 = CARTESIAN_POINT('',(-5.684761653269,6.331758907211,
    -1.000000000001));
#8889 = SURFACE_CURVE('',#8890,(#8895,#8901),.PCURVE_S1.);
#8890 = B_SPLINE_CURVE_WITH_KNOTS('',3,(#8891,#8892,#8893,#8894),
  .UNSPECIFIED.,.F.,.F.,(4,4),(0.184125349341,0.192876987611),
  .PIECEWISE_BEZIER_KNOTS.);
#8891 = CARTESIAN_POINT('',(-5.681365597065,6.324603056368,
    -0.912735646968));
#8892 = CARTESIAN_POINT('',(-5.682923477834,6.327144854857,
    -0.94178797918));
#8893 = CARTESIAN_POINT('',(-5.684482286138,6.329686616666,
    -0.970839848235));
#8894 = CARTESIAN_POINT('',(-5.686042046917,6.332228264188,
    -0.999891232847));
#8895 = PCURVE('',#5685,#8896);
#8896 = DEFINITIONAL_REPRESENTATION('',(#8897),#8900);
#8897 = B_SPLINE_CURVE_WITH_KNOTS('',1,(#8898,#8899),.UNSPECIFIED.,.F.,
  .F.,(2,2),(0.184125349341,0.192876884274),.PIECEWISE_BEZIER_KNOTS.);
#8898 = CARTESIAN_POINT('',(0.245640444848,0.184208561201));
#8899 = CARTESIAN_POINT('',(0.24702835622,0.192966424318));
#8900 = ( GEOMETRIC_REPRESENTATION_CONTEXT(2) 
PARAMETRIC_REPRESENTATION_CONTEXT() REPRESENTATION_CONTEXT('2D SPACE',''
  ) );
#8901 = PCURVE('',#5628,#8902);
#8902 = DEFINITIONAL_REPRESENTATION('',(#8903),#8908);
#8903 = B_SPLINE_CURVE_WITH_KNOTS('',3,(#8904,#8905,#8906,#8907),
  .UNSPECIFIED.,.F.,.F.,(4,4),(0.184125349341,0.192876987611),
  .PIECEWISE_BEZIER_KNOTS.);
#8904 = CARTESIAN_POINT('',(-2.318634402935,-0.785030882936));
#8905 = CARTESIAN_POINT('',(-2.317076522166,-0.814194194589));
#8906 = CARTESIAN_POINT('',(-2.315517713862,-0.843357041649));
#8907 = CARTESIAN_POINT('',(-2.313957953083,-0.87251939615));
#8908 = ( GEOMETRIC_REPRESENTATION_CONTEXT(2) 
PARAMETRIC_REPRESENTATION_CONTEXT() REPRESENTATION_CONTEXT('2D SPACE',''
  ) );
#8909 = ORIENTED_EDGE('',*,*,#8910,.F.);
#8910 = EDGE_CURVE('',#8911,#8887,#8913,.T.);
#8911 = VERTEX_POINT('',#8912);
#8912 = CARTESIAN_POINT('',(-5.711610554771,6.375371646277,
    -1.498495886797));
#8913 = SURFACE_CURVE('',#8914,(#8919,#8925),.PCURVE_S1.);
#8914 = B_SPLINE_CURVE_WITH_KNOTS('',3,(#8915,#8916,#8917,#8918),
  .UNSPECIFIED.,.F.,.F.,(4,4),(-0.151381381793,-0.101277693791),
  .PIECEWISE_BEZIER_KNOTS.);
#8915 = CARTESIAN_POINT('',(-5.712900301859,6.375839685386,
    -1.498386574894));
#8916 = CARTESIAN_POINT('',(-5.703917440123,6.361305082739,
    -1.332246512338));
#8917 = CARTESIAN_POINT('',(-5.694964331985,6.346767472001,
    -1.166074583519));
#8918 = CARTESIAN_POINT('',(-5.686042046917,6.332228264188,
    -0.999891232847));
#8919 = PCURVE('',#5685,#8920);
#8920 = DEFINITIONAL_REPRESENTATION('',(#8921),#8924);
#8921 = B_SPLINE_CURVE_WITH_KNOTS('',1,(#8922,#8923),.UNSPECIFIED.,.F.,
  .F.,(2,2),(-0.151381245704,-0.101277693791),.PIECEWISE_BEZIER_KNOTS.);
#8922 = CARTESIAN_POINT('',(0.254924950043,0.243059104994));
#8923 = CARTESIAN_POINT('',(0.247028372594,0.192966527728));
#8924 = ( GEOMETRIC_REPRESENTATION_CONTEXT(2) 
PARAMETRIC_REPRESENTATION_CONTEXT() REPRESENTATION_CONTEXT('2D SPACE',''
  ) );
#8925 = PCURVE('',#5628,#8926);
#8926 = DEFINITIONAL_REPRESENTATION('',(#8927),#8932);
#8927 = B_SPLINE_CURVE_WITH_KNOTS('',3,(#8928,#8929,#8930,#8931),
  .UNSPECIFIED.,.F.,.F.,(4,4),(-0.151381381793,-0.101277693791),
  .PIECEWISE_BEZIER_KNOTS.);
#8928 = CARTESIAN_POINT('',(-2.287099698141,-1.372918798727));
#8929 = CARTESIAN_POINT('',(-2.296082559877,-1.206144175179));
#8930 = CARTESIAN_POINT('',(-2.305035668015,-1.039337544456));
#8931 = CARTESIAN_POINT('',(-2.313957953083,-0.87251939615));
#8932 = ( GEOMETRIC_REPRESENTATION_CONTEXT(2) 
PARAMETRIC_REPRESENTATION_CONTEXT() REPRESENTATION_CONTEXT('2D SPACE',''
  ) );
#8933 = ORIENTED_EDGE('',*,*,#8934,.T.);
#8934 = EDGE_CURVE('',#8911,#8935,#8937,.T.);
#8935 = VERTEX_POINT('',#8936);
#8936 = CARTESIAN_POINT('',(-5.928464566265,7.359824823883,
    -1.49999908014));
#8937 = SURFACE_CURVE('',#8938,(#8943,#8949),.PCURVE_S1.);
#8938 = B_SPLINE_CURVE_WITH_KNOTS('',3,(#8939,#8940,#8941,#8942),
  .UNSPECIFIED.,.F.,.F.,(4,4),(3.998022435773E-02,0.148168924519),
  .PIECEWISE_BEZIER_KNOTS.);
#8939 = CARTESIAN_POINT('',(-5.711610554822,6.37537164612,
    -1.498495886797));
#8940 = CARTESIAN_POINT('',(-5.605922066788,6.705410078477,
    -1.499055350662));
#8941 = CARTESIAN_POINT('',(-5.684791285655,7.093902667235,
    -1.499968902559));
#8942 = CARTESIAN_POINT('',(-5.928464566265,7.359824823883,
    -1.49999908014));
#8943 = PCURVE('',#5685,#8944);
#8944 = DEFINITIONAL_REPRESENTATION('',(#8945),#8948);
#8945 = B_SPLINE_CURVE_WITH_KNOTS('',1,(#8946,#8947),.UNSPECIFIED.,.F.,
  .F.,(2,2),(3.998022435773E-02,0.148168924519),
  .PIECEWISE_BEZIER_KNOTS.);
#8946 = CARTESIAN_POINT('',(0.254888091703,0.243059248594));
#8947 = CARTESIAN_POINT('',(0.970248923085,0.250648466927));
#8948 = ( GEOMETRIC_REPRESENTATION_CONTEXT(2) 
PARAMETRIC_REPRESENTATION_CONTEXT() REPRESENTATION_CONTEXT('2D SPACE',''
  ) );
#8949 = PCURVE('',#8950,#8967);
#8950 = B_SPLINE_SURFACE_WITH_KNOTS('',3,3,(
    (#8951,#8952,#8953,#8954)
    ,(#8955,#8956,#8957,#8958)
    ,(#8959,#8960,#8961,#8962)
    ,(#8963,#8964,#8965,#8966
    )),.UNSPECIFIED.,.F.,.F.,.F.,(4,4),(4,4),(0.,1.),(-0.148168924519,
    -3.998022435773E-02),.PIECEWISE_BEZIER_KNOTS.);
#8951 = CARTESIAN_POINT('',(-5.928464566265,7.359824823883,
    -1.49999908014));
#8952 = CARTESIAN_POINT('',(-5.684791285655,7.093902667235,
    -1.499968902559));
#8953 = CARTESIAN_POINT('',(-5.605922066788,6.705410078477,
    -1.499055350662));
#8954 = CARTESIAN_POINT('',(-5.711610554822,6.37537164612,
    -1.498495886797));
#8955 = CARTESIAN_POINT('',(-5.810387375764,7.477902014384,
    -1.333332720094));
#8956 = CARTESIAN_POINT('',(-5.520744215474,7.173426270069,
    -1.333312601706));
#8957 = CARTESIAN_POINT('',(-5.417611278173,6.717011375104,
    -1.332703567108));
#8958 = CARTESIAN_POINT('',(-5.539480875519,6.324166250574,
    -1.332330591198));
#8959 = CARTESIAN_POINT('',(-5.692310185262,7.595979204885,
    -1.166666360047));
#8960 = CARTESIAN_POINT('',(-5.356697145293,7.252949872903,
    -1.166656300853));
#8961 = CARTESIAN_POINT('',(-5.229300489558,6.728612671731,
    -1.166351783554));
#8962 = CARTESIAN_POINT('',(-5.367351196216,6.272960855028,
    -1.166165295599));
#8963 = CARTESIAN_POINT('',(-5.574232994761,7.714056395387,-1.));
#8964 = CARTESIAN_POINT('',(-5.192650075111,7.332473475737,-1.));
#8965 = CARTESIAN_POINT('',(-5.040989700943,6.740213968357,-1.));
#8966 = CARTESIAN_POINT('',(-5.195221516913,6.221755459482,-1.));
#8967 = DEFINITIONAL_REPRESENTATION('',(#8968),#8972);
#8968 = LINE('',#8969,#8970);
#8969 = CARTESIAN_POINT('',(-1.495328854582E-16,0.));
#8970 = VECTOR('',#8971,1.);
#8971 = DIRECTION('',(3.740171243668E-15,-1.));
#8972 = ( GEOMETRIC_REPRESENTATION_CONTEXT(2) 
PARAMETRIC_REPRESENTATION_CONTEXT() REPRESENTATION_CONTEXT('2D SPACE',''
  ) );
#8973 = ORIENTED_EDGE('',*,*,#8974,.T.);
#8974 = EDGE_CURVE('',#8935,#8694,#8975,.T.);
#8975 = SURFACE_CURVE('',#8976,(#8981,#8987),.PCURVE_S1.);
#8976 = B_SPLINE_CURVE_WITH_KNOTS('',3,(#8977,#8978,#8979,#8980),
  .UNSPECIFIED.,.F.,.F.,(4,4),(0.498391052671,0.502786610792),
  .PIECEWISE_BEZIER_KNOTS.);
#8977 = CARTESIAN_POINT('',(-5.928464566265,7.359824823883,
    -1.49999908014));
#8978 = CARTESIAN_POINT('',(-5.93837266098,7.370637588863,
    -1.500000307203));
#8979 = CARTESIAN_POINT('',(-5.94850724505,7.381223864488,-1.5));
#8980 = CARTESIAN_POINT('',(-5.958867674898,7.391584294336,-1.5));
#8981 = PCURVE('',#5685,#8982);
#8982 = DEFINITIONAL_REPRESENTATION('',(#8983),#8986);
#8983 = B_SPLINE_CURVE_WITH_KNOTS('',1,(#8984,#8985),.UNSPECIFIED.,.F.,
  .F.,(2,2),(0.498391052671,0.502786610792),.PIECEWISE_BEZIER_KNOTS.);
#8984 = CARTESIAN_POINT('',(0.970248923085,0.250648466927));
#8985 = CARTESIAN_POINT('',(1.000000121482,0.251033533984));
#8986 = ( GEOMETRIC_REPRESENTATION_CONTEXT(2) 
PARAMETRIC_REPRESENTATION_CONTEXT() REPRESENTATION_CONTEXT('2D SPACE',''
  ) );
#8987 = PCURVE('',#8988,#9005);
#8988 = B_SPLINE_SURFACE_WITH_KNOTS('',3,3,(
    (#8989,#8990,#8991,#8992)
    ,(#8993,#8994,#8995,#8996)
    ,(#8997,#8998,#8999,#9000)
    ,(#9001,#9002,#9003,#9004
    )),.UNSPECIFIED.,.F.,.F.,.F.,(4,4),(4,4),(0.,1.),(-0.502786610792,
    -0.498391052671),.PIECEWISE_BEZIER_KNOTS.);
#8989 = CARTESIAN_POINT('',(-5.958867674898,7.391584294336,-1.5));
#8990 = CARTESIAN_POINT('',(-5.94850724505,7.381223864488,-1.5));
#8991 = CARTESIAN_POINT('',(-5.93837266098,7.370637588863,
    -1.500000307203));
#8992 = CARTESIAN_POINT('',(-5.928464566265,7.359824823883,
    -1.49999908014));
#8993 = CARTESIAN_POINT('',(-5.8410165447,7.509435424534,-1.333333333333
    ));
#8994 = CARTESIAN_POINT('',(-5.830656114852,7.499074994686,
    -1.333333333333));
#8995 = CARTESIAN_POINT('',(-5.820446248857,7.488564000987,
    -1.333333538135));
#8996 = CARTESIAN_POINT('',(-5.810387375764,7.477902014384,
    -1.333332720094));
#8997 = CARTESIAN_POINT('',(-5.723165414502,7.627286554732,
    -1.166666666667));
#8998 = CARTESIAN_POINT('',(-5.712804984655,7.616926124884,
    -1.166666666667));
#8999 = CARTESIAN_POINT('',(-5.702519836733,7.60649041311,
    -1.166666769068));
#9000 = CARTESIAN_POINT('',(-5.692310185262,7.595979204885,
    -1.166666360047));
#9001 = CARTESIAN_POINT('',(-5.605314284304,7.74513768493,-1.));
#9002 = CARTESIAN_POINT('',(-5.594953854457,7.734777255082,-1.));
#9003 = CARTESIAN_POINT('',(-5.584593424609,7.724416825234,-1.));
#9004 = CARTESIAN_POINT('',(-5.574232994761,7.714056395387,-1.));
#9005 = DEFINITIONAL_REPRESENTATION('',(#9006),#9010);
#9006 = LINE('',#9007,#9008);
#9007 = CARTESIAN_POINT('',(-2.742853391269E-14,-5.551115123126E-17));
#9008 = VECTOR('',#9009,1.);
#9009 = DIRECTION('',(5.419526195376E-14,-1.));
#9010 = ( GEOMETRIC_REPRESENTATION_CONTEXT(2) 
PARAMETRIC_REPRESENTATION_CONTEXT() REPRESENTATION_CONTEXT('2D SPACE',''
  ) );
#9011 = ADVANCED_FACE('',(#9012),#5628,.F.);
#9012 = FACE_BOUND('',#9013,.T.);
#9013 = EDGE_LOOP('',(#9014,#9015,#9016,#9017,#9076,#9104,#9180,#9204));
#9014 = ORIENTED_EDGE('',*,*,#5612,.F.);
#9015 = ORIENTED_EDGE('',*,*,#8886,.T.);
#9016 = ORIENTED_EDGE('',*,*,#8910,.F.);
#9017 = ORIENTED_EDGE('',*,*,#9018,.F.);
#9018 = EDGE_CURVE('',#9019,#8911,#9021,.T.);
#9019 = VERTEX_POINT('',#9020);
#9020 = CARTESIAN_POINT('',(-5.166986021967,6.331758907247,-1.));
#9021 = SURFACE_CURVE('',#9022,(#9033,#9047),.PCURVE_S1.);
#9022 = B_SPLINE_CURVE_WITH_KNOTS('',3,(#9023,#9024,#9025,#9026,#9027,
    #9028,#9029,#9030,#9031,#9032),.UNSPECIFIED.,.F.,.F.,(4,3,3,4),(0.,
    3.642173209236E-02,5.672220589639E-02,7.27780598788E-02),
  .UNSPECIFIED.);
#9023 = CARTESIAN_POINT('',(-5.167263949679,6.331805208707,-1.));
#9024 = CARTESIAN_POINT('',(-5.25623969353,6.338997431249,
    -1.082204256061));
#9025 = CARTESIAN_POINT('',(-5.34812390096,6.34639779796,-1.166864455545
    ));
#9026 = CARTESIAN_POINT('',(-5.437659102741,6.353569091035,
    -1.248955600309));
#9027 = CARTESIAN_POINT('',(-5.487563566748,6.357566172966,
    -1.294710951251));
#9028 = CARTESIAN_POINT('',(-5.538942766854,6.361671472447,
    -1.341690838199));
#9029 = CARTESIAN_POINT('',(-5.590341631651,6.365758052432,
    -1.388489714849));
#9030 = CARTESIAN_POINT('',(-5.630993523622,6.368990170665,
    -1.425503428778));
#9031 = CARTESIAN_POINT('',(-5.671657289609,6.372214006766,
    -1.462403903828));
#9032 = CARTESIAN_POINT('',(-5.711610554822,6.37537164612,
    -1.498495886797));
#9033 = PCURVE('',#5628,#9034);
#9034 = DEFINITIONAL_REPRESENTATION('',(#9035),#9046);
#9035 = B_SPLINE_CURVE_WITH_KNOTS('',3,(#9036,#9037,#9038,#9039,#9040,
    #9041,#9042,#9043,#9044,#9045),.UNSPECIFIED.,.F.,.F.,(4,3,3,4),(0.,
    3.642173209236E-02,5.672220589639E-02,7.27780598788E-02),
  .UNSPECIFIED.);
#9036 = CARTESIAN_POINT('',(-2.832736050321,-0.872590877696));
#9037 = CARTESIAN_POINT('',(-2.74376030647,-0.955109165242));
#9038 = CARTESIAN_POINT('',(-2.65187609904,-1.040092191565));
#9039 = CARTESIAN_POINT('',(-2.562340897259,-1.122495974113));
#9040 = CARTESIAN_POINT('',(-2.512436433252,-1.168425580775));
#9041 = CARTESIAN_POINT('',(-2.461057233146,-1.215584495496));
#9042 = CARTESIAN_POINT('',(-2.409658368349,-1.262561457204));
#9043 = CARTESIAN_POINT('',(-2.369006476378,-1.299716020443));
#9044 = CARTESIAN_POINT('',(-2.328342710391,-1.336757053875));
#9045 = CARTESIAN_POINT('',(-2.288389445178,-1.372986902355));
#9046 = ( GEOMETRIC_REPRESENTATION_CONTEXT(2) 
PARAMETRIC_REPRESENTATION_CONTEXT() REPRESENTATION_CONTEXT('2D SPACE',''
  ) );
#9047 = PCURVE('',#8950,#9048);
#9048 = DEFINITIONAL_REPRESENTATION('',(#9049),#9075);
#9049 = B_SPLINE_CURVE_WITH_KNOTS('',3,(#9050,#9051,#9052,#9053,#9054,
    #9055,#9056,#9057,#9058,#9059,#9060,#9061,#9062,#9063,#9064,#9065,
    #9066,#9067,#9068,#9069,#9070,#9071,#9072,#9073,#9074),
  .UNSPECIFIED.,.F.,.F.,(4,1,1,1,1,1,1,1,1,1,1,1,1,1,1,1,1,1,1,1,1,1,4),
  (0.,3.308093630854E-03,6.616187261709E-03,9.924280892563E-03,
    1.323237452342E-02,1.654046815427E-02,1.984856178513E-02,
    2.315665541598E-02,2.646474904683E-02,2.977284267769E-02,
    3.308093630854E-02,3.63890299394E-02,3.969712357025E-02,
    4.300521720111E-02,4.631331083196E-02,4.962140446282E-02,
    5.292949809367E-02,5.623759172452E-02,5.954568535538E-02,
    6.285377898623E-02,6.616187261709E-02,6.946996624794E-02,
    7.27780598788E-02),.QUASI_UNIFORM_KNOTS.);
#9050 = CARTESIAN_POINT('',(1.,-4.756616290396E-02));
#9051 = CARTESIAN_POINT('',(0.985025814469,-4.749432006949E-02));
#9052 = CARTESIAN_POINT('',(0.954995960478,-4.734788196463E-02));
#9053 = CARTESIAN_POINT('',(0.90975199078,-4.71197071368E-02));
#9054 = CARTESIAN_POINT('',(0.864354093576,-4.688275661608E-02));
#9055 = CARTESIAN_POINT('',(0.818847526118,-4.663676418873E-02));
#9056 = CARTESIAN_POINT('',(0.773277599632,-4.638145974268E-02));
#9057 = CARTESIAN_POINT('',(0.72768944269,-4.611656783796E-02));
#9058 = CARTESIAN_POINT('',(0.682128877942,-4.584181543428E-02));
#9059 = CARTESIAN_POINT('',(0.636639137867,-4.555690996229E-02));
#9060 = CARTESIAN_POINT('',(0.591273108743,-4.526162828939E-02));
#9061 = CARTESIAN_POINT('',(0.54604762002,-4.495549338488E-02));
#9062 = CARTESIAN_POINT('',(0.501114020905,-4.463899112779E-02));
#9063 = CARTESIAN_POINT('',(0.456121559342,-4.430904091331E-02));
#9064 = CARTESIAN_POINT('',(0.410719452294,-4.396198496102E-02));
#9065 = CARTESIAN_POINT('',(0.365094284257,-4.359796590436E-02));
#9066 = CARTESIAN_POINT('',(0.319288741574,-4.321607727267E-02));
#9067 = CARTESIAN_POINT('',(0.273384095012,-4.281566825006E-02));
#9068 = CARTESIAN_POINT('',(0.227451314963,-4.239598791379E-02));
#9069 = CARTESIAN_POINT('',(0.181564089506,-4.195632334116E-02));
#9070 = CARTESIAN_POINT('',(0.135795319069,-4.149602451814E-02));
#9071 = CARTESIAN_POINT('',(9.021823523302E-02,-4.10143582986E-02));
#9072 = CARTESIAN_POINT('',(4.490594817675E-02,-4.051062000771E-02));
#9073 = CARTESIAN_POINT('',(1.492299133037E-02,-4.015962707195E-02));
#9074 = CARTESIAN_POINT('',(0.,-3.998022435773E-02));
#9075 = ( GEOMETRIC_REPRESENTATION_CONTEXT(2) 
PARAMETRIC_REPRESENTATION_CONTEXT() REPRESENTATION_CONTEXT('2D SPACE',''
  ) );
#9076 = ORIENTED_EDGE('',*,*,#9077,.T.);
#9077 = EDGE_CURVE('',#9019,#9078,#9080,.T.);
#9078 = VERTEX_POINT('',#9079);
#9079 = CARTESIAN_POINT('',(5.166986072114,6.331758907237,-1.));
#9080 = SURFACE_CURVE('',#9081,(#9085,#9092),.PCURVE_S1.);
#9081 = LINE('',#9082,#9083);
#9082 = CARTESIAN_POINT('',(-4.,6.331758907211,-1.));
#9083 = VECTOR('',#9084,1.);
#9084 = DIRECTION('',(1.,-4.987329993433E-17,0.));
#9085 = PCURVE('',#5628,#9086);
#9086 = DEFINITIONAL_REPRESENTATION('',(#9087),#9091);
#9087 = LINE('',#9088,#9089);
#9088 = CARTESIAN_POINT('',(-4.,-0.872586842254));
#9089 = VECTOR('',#9090,1.);
#9090 = DIRECTION('',(-1.,9.639929534866E-34));
#9091 = ( GEOMETRIC_REPRESENTATION_CONTEXT(2) 
PARAMETRIC_REPRESENTATION_CONTEXT() REPRESENTATION_CONTEXT('2D SPACE',''
  ) );
#9092 = PCURVE('',#9093,#9098);
#9093 = PLANE('',#9094);
#9094 = AXIS2_PLACEMENT_3D('',#9095,#9096,#9097);
#9095 = CARTESIAN_POINT('',(0.,0.,-1.));
#9096 = DIRECTION('',(0.,0.,-1.));
#9097 = DIRECTION('',(1.,0.,0.));
#9098 = DEFINITIONAL_REPRESENTATION('',(#9099),#9103);
#9099 = LINE('',#9100,#9101);
#9100 = CARTESIAN_POINT('',(-4.,-6.331758907211));
#9101 = VECTOR('',#9102,1.);
#9102 = DIRECTION('',(1.,4.987329993433E-17));
#9103 = ( GEOMETRIC_REPRESENTATION_CONTEXT(2) 
PARAMETRIC_REPRESENTATION_CONTEXT() REPRESENTATION_CONTEXT('2D SPACE',''
  ) );
#9104 = ORIENTED_EDGE('',*,*,#9105,.F.);
#9105 = EDGE_CURVE('',#9106,#9078,#9108,.T.);
#9106 = VERTEX_POINT('',#9107);
#9107 = CARTESIAN_POINT('',(5.711610598677,6.375371646224,
    -1.498495886909));
#9108 = SURFACE_CURVE('',#9109,(#9120,#9134),.PCURVE_S1.);
#9109 = B_SPLINE_CURVE_WITH_KNOTS('',3,(#9110,#9111,#9112,#9113,#9114,
    #9115,#9116,#9117,#9118,#9119),.UNSPECIFIED.,.F.,.F.,(4,3,3,4),(0.,
    2.726973546573E-02,3.640545714032E-02,7.33414725268E-02),
  .UNSPECIFIED.);
#9110 = CARTESIAN_POINT('',(5.711610598708,6.37537164613,-1.498495886908
    ));
#9111 = CARTESIAN_POINT('',(5.644274160911,6.370049823529,
    -1.437667176236));
#9112 = CARTESIAN_POINT('',(5.574934484365,6.364539522543,-1.37455340033
    ));
#9113 = CARTESIAN_POINT('',(5.507047984374,6.359111303554,
    -1.312484755063));
#9114 = CARTESIAN_POINT('',(5.484305109946,6.357292778474,
    -1.291690938834));
#9115 = CARTESIAN_POINT('',(5.461725206469,6.355483443765,
    -1.271014431298));
#9116 = CARTESIAN_POINT('',(5.439437624271,6.353696211706,-1.25058046252
    ));
#9117 = CARTESIAN_POINT('',(5.349328215481,6.346470375242,
    -1.167965272161));
#9118 = CARTESIAN_POINT('',(5.25681952817,6.339007411395,-1.082727192068
    ));
#9119 = CARTESIAN_POINT('',(5.167281966452,6.331756036123,-1.));
#9120 = PCURVE('',#5628,#9121);
#9121 = DEFINITIONAL_REPRESENTATION('',(#9122),#9133);
#9122 = B_SPLINE_CURVE_WITH_KNOTS('',3,(#9123,#9124,#9125,#9126,#9127,
    #9128,#9129,#9130,#9131,#9132),.UNSPECIFIED.,.F.,.F.,(4,3,3,4),(0.,
    2.726973546573E-02,3.640545714032E-02,7.33414725268E-02),
  .UNSPECIFIED.);
#9123 = CARTESIAN_POINT('',(-13.7116105987,-1.372986902467));
#9124 = CARTESIAN_POINT('',(-13.64427416091,-1.311925836002));
#9125 = CARTESIAN_POINT('',(-13.57493448436,-1.248571972692));
#9126 = CARTESIAN_POINT('',(-13.50704798437,-1.186266416902));
#9127 = CARTESIAN_POINT('',(-13.48430510994,-1.165393232518));
#9128 = CARTESIAN_POINT('',(-13.46172520646,-1.144637711425));
#9129 = CARTESIAN_POINT('',(-13.43943762427,-1.124125732529));
#9130 = CARTESIAN_POINT('',(-13.34932821548,-1.041195144768));
#9131 = CARTESIAN_POINT('',(-13.25681952817,-0.955630981147));
#9132 = CARTESIAN_POINT('',(-13.16728196645,-0.872586592023));
#9133 = ( GEOMETRIC_REPRESENTATION_CONTEXT(2) 
PARAMETRIC_REPRESENTATION_CONTEXT() REPRESENTATION_CONTEXT('2D SPACE',''
  ) );
#9134 = PCURVE('',#9135,#9152);
#9135 = B_SPLINE_SURFACE_WITH_KNOTS('',3,3,(
    (#9136,#9137,#9138,#9139)
    ,(#9140,#9141,#9142,#9143)
    ,(#9144,#9145,#9146,#9147)
    ,(#9148,#9149,#9150,#9151
    )),.UNSPECIFIED.,.F.,.F.,.F.,(4,4),(4,4),(0.,1.),(-0.108235116477,0.
    ),.PIECEWISE_BEZIER_KNOTS.);
#9136 = CARTESIAN_POINT('',(5.711610598708,6.37537164613,-1.498495886908
    ));
#9137 = CARTESIAN_POINT('',(5.606044353636,6.70502841502,-1.49905470383)
  );
#9138 = CARTESIAN_POINT('',(5.684722399362,7.093827363786,-1.49996889402
    ));
#9139 = CARTESIAN_POINT('',(5.92846462914,7.359824764998,-1.49999908014)
  );
#9140 = CARTESIAN_POINT('',(5.539480916564,6.324166261809,
    -1.332330591272));
#9141 = CARTESIAN_POINT('',(5.417752279077,6.716557091449,
    -1.332703135887));
#9142 = CARTESIAN_POINT('',(5.520662321684,7.173340057584,
    -1.333312596014));
#9143 = CARTESIAN_POINT('',(5.810387438641,7.477901955497,
    -1.333332720094));
#9144 = CARTESIAN_POINT('',(5.367351234421,6.272960877488,
    -1.166165295636));
#9145 = CARTESIAN_POINT('',(5.229460204518,6.728085767877,
    -1.166351567943));
#9146 = CARTESIAN_POINT('',(5.356602244006,7.252852751383,
    -1.166656298007));
#9147 = CARTESIAN_POINT('',(5.692310248141,7.595979145997,
    -1.166666360047));
#9148 = CARTESIAN_POINT('',(5.195221552278,6.221755493168,-1.));
#9149 = CARTESIAN_POINT('',(5.041168129959,6.739614444306,-1.));
#9150 = CARTESIAN_POINT('',(5.192542166327,7.332365445181,-1.));
#9151 = CARTESIAN_POINT('',(5.574233057642,7.714056336496,-1.));
#9152 = DEFINITIONAL_REPRESENTATION('',(#9153),#9179);
#9153 = B_SPLINE_CURVE_WITH_KNOTS('',3,(#9154,#9155,#9156,#9157,#9158,
    #9159,#9160,#9161,#9162,#9163,#9164,#9165,#9166,#9167,#9168,#9169,
    #9170,#9171,#9172,#9173,#9174,#9175,#9176,#9177,#9178),
  .UNSPECIFIED.,.F.,.F.,(4,1,1,1,1,1,1,1,1,1,1,1,1,1,1,1,1,1,1,1,1,1,4),
  (0.,3.333703296673E-03,6.667406593346E-03,1.000110989002E-02,
    1.333481318669E-02,1.666851648336E-02,2.000221978004E-02,
    2.333592307671E-02,2.666962637338E-02,3.000332967006E-02,
    3.333703296673E-02,3.66707362634E-02,4.000443956007E-02,
    4.333814285675E-02,4.667184615342E-02,5.000554945009E-02,
    5.333925274676E-02,5.667295604344E-02,6.000665934011E-02,
    6.334036263678E-02,6.667406593346E-02,7.000776923013E-02,
    7.33414725268E-02),.QUASI_UNIFORM_KNOTS.);
#9154 = CARTESIAN_POINT('',(0.,-0.108235116477));
#9155 = CARTESIAN_POINT('',(1.492297423608E-02,-0.108055429279));
#9156 = CARTESIAN_POINT('',(4.490517604778E-02,-0.107703898286));
#9157 = CARTESIAN_POINT('',(9.02141762803E-02,-0.107199444069));
#9158 = CARTESIAN_POINT('',(0.13578582971,-0.106717153137));
#9159 = CARTESIAN_POINT('',(0.181547028368,-0.106256315212));
#9160 = CARTESIAN_POINT('',(0.227424572111,-0.105816213704));
#9161 = CARTESIAN_POINT('',(0.273345473004,-0.105396128194));
#9162 = CARTESIAN_POINT('',(0.3192358577,-0.104995350815));
#9163 = CARTESIAN_POINT('',(0.365025130048,-0.104613160158));
#9164 = CARTESIAN_POINT('',(0.410630481848,-0.104248943147));
#9165 = CARTESIAN_POINT('',(0.456014909312,-0.103901721138));
#9166 = CARTESIAN_POINT('',(0.500970574521,-0.10357172706));
#9167 = CARTESIAN_POINT('',(0.545939257305,-0.103254676087));
#9168 = CARTESIAN_POINT('',(0.591179080705,-0.102948184796));
#9169 = CARTESIAN_POINT('',(0.63656337056,-0.102652548508));
#9170 = CARTESIAN_POINT('',(0.682068541377,-0.102367337711));
#9171 = CARTESIAN_POINT('',(0.72764337319,-0.102092313207));
#9172 = CARTESIAN_POINT('',(0.773244043479,-0.1018271836));
#9173 = CARTESIAN_POINT('',(0.818824744529,-0.101571672599));
#9174 = CARTESIAN_POINT('',(0.864340200971,-0.10132550289));
#9175 = CARTESIAN_POINT('',(0.909744998476,-0.101088402301));
#9176 = CARTESIAN_POINT('',(0.95499376529,-0.10086010277));
#9177 = CARTESIAN_POINT('',(0.985025341211,-0.10071359731));
#9178 = CARTESIAN_POINT('',(1.,-0.100641724453));
#9179 = ( GEOMETRIC_REPRESENTATION_CONTEXT(2) 
PARAMETRIC_REPRESENTATION_CONTEXT() REPRESENTATION_CONTEXT('2D SPACE',''
  ) );
#9180 = ORIENTED_EDGE('',*,*,#9181,.F.);
#9181 = EDGE_CURVE('',#9182,#9106,#9184,.T.);
#9182 = VERTEX_POINT('',#9183);
#9183 = CARTESIAN_POINT('',(5.684761696439,6.331758907211,
    -1.000000000001));
#9184 = SURFACE_CURVE('',#9185,(#9190,#9198),.PCURVE_S1.);
#9185 = B_SPLINE_CURVE_WITH_KNOTS('',3,(#9186,#9187,#9188,#9189),
  .UNSPECIFIED.,.F.,.F.,(4,4),(-0.208687657488,-0.158584354699),
  .PIECEWISE_BEZIER_KNOTS.);
#9186 = CARTESIAN_POINT('',(5.686103317774,6.332220008567,
    -0.999887940685));
#9187 = CARTESIAN_POINT('',(5.695026467629,6.346759060745,
    -1.166071095667));
#9188 = CARTESIAN_POINT('',(5.703980410362,6.361296525862,
    -1.332242984152));
#9189 = CARTESIAN_POINT('',(5.712964092361,6.375831002804,-1.49838315177
    ));
#9190 = PCURVE('',#5628,#9191);
#9191 = DEFINITIONAL_REPRESENTATION('',(#9192),#9197);
#9192 = B_SPLINE_CURVE_WITH_KNOTS('',3,(#9193,#9194,#9195,#9196),
  .UNSPECIFIED.,.F.,.F.,(4,4),(-0.208687657488,-0.158584354699),
  .PIECEWISE_BEZIER_KNOTS.);
#9193 = CARTESIAN_POINT('',(-13.68610331777,-0.87251539699));
#9194 = CARTESIAN_POINT('',(-13.69502646762,-1.039333336787));
#9195 = CARTESIAN_POINT('',(-13.70398041036,-1.206139914637));
#9196 = CARTESIAN_POINT('',(-13.71296409236,-1.372914631891));
#9197 = ( GEOMETRIC_REPRESENTATION_CONTEXT(2) 
PARAMETRIC_REPRESENTATION_CONTEXT() REPRESENTATION_CONTEXT('2D SPACE',''
  ) );
#9198 = PCURVE('',#5562,#9199);
#9199 = DEFINITIONAL_REPRESENTATION('',(#9200),#9203);
#9200 = B_SPLINE_CURVE_WITH_KNOTS('',1,(#9201,#9202),.UNSPECIFIED.,.F.,
  .F.,(2,2),(-0.208687657488,-0.158584418181),.PIECEWISE_BEZIER_KNOTS.);
#9201 = CARTESIAN_POINT('',(0.247028434511,0.300353460763));
#9202 = CARTESIAN_POINT('',(0.254925023535,0.2502608109));
#9203 = ( GEOMETRIC_REPRESENTATION_CONTEXT(2) 
PARAMETRIC_REPRESENTATION_CONTEXT() REPRESENTATION_CONTEXT('2D SPACE',''
  ) );
#9204 = ORIENTED_EDGE('',*,*,#9205,.T.);
#9205 = EDGE_CURVE('',#9182,#5518,#9206,.T.);
#9206 = SURFACE_CURVE('',#9207,(#9212,#9220),.PCURVE_S1.);
#9207 = B_SPLINE_CURVE_WITH_KNOTS('',3,(#9208,#9209,#9210,#9211),
  .UNSPECIFIED.,.F.,.F.,(4,4),(0.426853542948,0.435604116939),
  .PIECEWISE_BEZIER_KNOTS.);
#9208 = CARTESIAN_POINT('',(5.686103317774,6.332220008567,
    -0.999887940685));
#9209 = CARTESIAN_POINT('',(5.684543402066,6.329678383779,
    -0.970836526925));
#9210 = CARTESIAN_POINT('',(5.682984440352,6.327136645995,
    -0.941784666894));
#9211 = CARTESIAN_POINT('',(5.68142640665,6.324594875012,-0.912732378997
    ));
#9212 = PCURVE('',#5628,#9213);
#9213 = DEFINITIONAL_REPRESENTATION('',(#9214),#9219);
#9214 = B_SPLINE_CURVE_WITH_KNOTS('',3,(#9215,#9216,#9217,#9218),
  .UNSPECIFIED.,.F.,.F.,(4,4),(0.426853542948,0.435604116939),
  .PIECEWISE_BEZIER_KNOTS.);
#9215 = CARTESIAN_POINT('',(-13.68610331777,-0.87251539699));
#9216 = CARTESIAN_POINT('',(-13.68454340206,-0.843353015434));
#9217 = CARTESIAN_POINT('',(-13.68298444035,-0.814190179457));
#9218 = CARTESIAN_POINT('',(-13.68142640665,-0.785026914348));
#9219 = ( GEOMETRIC_REPRESENTATION_CONTEXT(2) 
PARAMETRIC_REPRESENTATION_CONTEXT() REPRESENTATION_CONTEXT('2D SPACE',''
  ) );
#9220 = PCURVE('',#5562,#9221);
#9221 = DEFINITIONAL_REPRESENTATION('',(#9222),#9225);
#9222 = B_SPLINE_CURVE_WITH_KNOTS('',1,(#9223,#9224),.UNSPECIFIED.,.F.,
  .F.,(2,2),(0.42685357469,0.435604116939),.PIECEWISE_BEZIER_KNOTS.);
#9223 = CARTESIAN_POINT('',(0.247028429481,0.300353492532));
#9224 = CARTESIAN_POINT('',(0.245640506727,0.309111427291));
#9225 = ( GEOMETRIC_REPRESENTATION_CONTEXT(2) 
PARAMETRIC_REPRESENTATION_CONTEXT() REPRESENTATION_CONTEXT('2D SPACE',''
  ) );
#9226 = ADVANCED_FACE('',(#9227),#5562,.F.);
#9227 = FACE_BOUND('',#9228,.F.);
#9228 = EDGE_LOOP('',(#9229,#9230,#9231,#9232,#9395,#9425,#9465,#9486));
#9229 = ORIENTED_EDGE('',*,*,#9205,.T.);
#9230 = ORIENTED_EDGE('',*,*,#5517,.F.);
#9231 = ORIENTED_EDGE('',*,*,#6791,.F.);
#9232 = ORIENTED_EDGE('',*,*,#9233,.F.);
#9233 = EDGE_CURVE('',#9234,#6792,#9236,.T.);
#9234 = VERTEX_POINT('',#9235);
#9235 = CARTESIAN_POINT('',(6.052155868375,7.484872366043,
    -2.999999999995));
#9236 = SURFACE_CURVE('',#9237,(#9278,#9351),.PCURVE_S1.);
#9237 = B_SPLINE_CURVE_WITH_KNOTS('',3,(#9238,#9239,#9240,#9241,#9242,
    #9243,#9244,#9245,#9246,#9247,#9248,#9249,#9250,#9251,#9252,#9253,
    #9254,#9255,#9256,#9257,#9258,#9259,#9260,#9261,#9262,#9263,#9264,
    #9265,#9266,#9267,#9268,#9269,#9270,#9271,#9272,#9273,#9274,#9275,
    #9276,#9277),.UNSPECIFIED.,.F.,.F.,(4,3,3,3,3,3,3,3,3,3,3,3,3,4),(0.
    ,1.32492659988E-02,2.668293534422E-02,3.936255580757E-02,
    5.276128075008E-02,6.320049002788E-02,7.665075076923E-02,
    7.864497605418E-02,9.198177324468E-02,0.105417658296,0.112958304016,
    0.126399229522,0.139532962401,0.147241715093),.UNSPECIFIED.);
#9238 = CARTESIAN_POINT('',(6.052155868376,7.484872366043,-3.));
#9239 = CARTESIAN_POINT('',(6.020927048931,7.453643546598,-3.));
#9240 = CARTESIAN_POINT('',(5.991898307724,7.42038941404,-3.000001375294
    ));
#9241 = CARTESIAN_POINT('',(5.965168890292,7.385413085089,
    -3.000003850885));
#9242 = CARTESIAN_POINT('',(5.938067452702,7.349949955427,
    -3.000006360931));
#9243 = CARTESIAN_POINT('',(5.913329149578,7.312715374926,
    -3.000010102937));
#9244 = CARTESIAN_POINT('',(5.891096569443,7.273989170662,-3.00001460376
    ));
#9245 = CARTESIAN_POINT('',(5.870111932201,7.237436717313,
    -3.000018851947));
#9246 = CARTESIAN_POINT('',(5.851359517049,7.199554354683,
    -3.000023846858));
#9247 = CARTESIAN_POINT('',(5.834998340503,7.160560555756,
    -3.000027804971));
#9248 = CARTESIAN_POINT('',(5.817709265889,7.119355285629,
    -3.000031987562));
#9249 = CARTESIAN_POINT('',(5.8032002759,7.077171782401,-3.000035214702)
  );
#9250 = CARTESIAN_POINT('',(5.791602047664,7.034290866879,-3.00003384464
    ));
#9251 = CARTESIAN_POINT('',(5.782565640668,7.000881504937,
    -3.000032777197));
#9252 = CARTESIAN_POINT('',(5.775296884598,6.967047983676,
    -3.000028923628));
#9253 = CARTESIAN_POINT('',(5.769878226809,6.932915653428,
    -3.000019741818));
#9254 = CARTESIAN_POINT('',(5.762896629047,6.888938305209,
    -3.000007911637));
#9255 = CARTESIAN_POINT('',(5.758984691302,6.844464216369,
    -2.999987381069));
#9256 = CARTESIAN_POINT('',(5.758077285538,6.799776638265,
    -2.999966794488));
#9257 = CARTESIAN_POINT('',(5.757942747513,6.793150960154,
    -2.999963742185));
#9258 = CARTESIAN_POINT('',(5.757874350615,6.786520599671,
    -2.999960682226));
#9259 = CARTESIAN_POINT('',(5.757871978117,6.779886496277,
    -2.999957635833));
#9260 = CARTESIAN_POINT('',(5.757856111548,6.735519547284,
    -2.999937262443));
#9261 = CARTESIAN_POINT('',(5.760788992541,6.691253890848,
    -2.999918107941));
#9262 = CARTESIAN_POINT('',(5.766558997203,6.647367844955,
    -2.999905115469));
#9263 = CARTESIAN_POINT('',(5.772371871035,6.603155740687,
    -2.999892026467));
#9264 = CARTESIAN_POINT('',(5.781064407338,6.559327769504,
    -2.999885248315));
#9265 = CARTESIAN_POINT('',(5.792574277012,6.516173025759,
    -2.999886330366));
#9266 = CARTESIAN_POINT('',(5.799033981689,6.491953211994,
    -2.999886937648));
#9267 = CARTESIAN_POINT('',(5.806382002529,6.467945629055,
    -2.999889953157));
#9268 = CARTESIAN_POINT('',(5.814614000499,6.444204071193,
    -2.999895067878));
#9269 = CARTESIAN_POINT('',(5.829287236131,6.401885611679,
    -2.999904184682));
#9270 = CARTESIAN_POINT('',(5.846680812339,6.36065791702,-2.999920254842
    ));
#9271 = CARTESIAN_POINT('',(5.866712505034,6.320804373608,
    -2.999938226422));
#9272 = CARTESIAN_POINT('',(5.886286372985,6.281861683743,
    -2.999955787262));
#9273 = CARTESIAN_POINT('',(5.908379590336,6.244230068249,
    -2.999975197129));
#9274 = CARTESIAN_POINT('',(5.932959701934,6.208193962903,
    -2.999987741418));
#9275 = CARTESIAN_POINT('',(5.947386826591,6.187042822807,-2.9999951042)
  );
#9276 = CARTESIAN_POINT('',(5.962671493338,6.16644178967,-3.000000023855
    ));
#9277 = CARTESIAN_POINT('',(5.978813629179,6.146453747663,
    -3.000000000237));
#9278 = PCURVE('',#5562,#9279);
#9279 = DEFINITIONAL_REPRESENTATION('',(#9280),#9350);
#9280 = B_SPLINE_CURVE_WITH_KNOTS('',3,(#9281,#9282,#9283,#9284,#9285,
    #9286,#9287,#9288,#9289,#9290,#9291,#9292,#9293,#9294,#9295,#9296,
    #9297,#9298,#9299,#9300,#9301,#9302,#9303,#9304,#9305,#9306,#9307,
    #9308,#9309,#9310,#9311,#9312,#9313,#9314,#9315,#9316,#9317,#9318,
    #9319,#9320,#9321,#9322,#9323,#9324,#9325,#9326,#9327,#9328,#9329,
    #9330,#9331,#9332,#9333,#9334,#9335,#9336,#9337,#9338,#9339,#9340,
    #9341,#9342,#9343,#9344,#9345,#9346,#9347,#9348,#9349),
  .UNSPECIFIED.,.F.,.F.,(4,1,1,1,1,1,1,1,1,1,1,1,1,1,1,1,1,1,1,1,1,1,1,1
    ,1,1,1,1,1,1,1,1,1,1,1,1,1,1,1,1,1,1,1,1,1,1,1,1,1,1,1,1,1,1,1,1,1,1
    ,1,1,1,1,1,1,1,1,4),(0.,2.230935077173E-03,4.461870154347E-03,
    6.69280523152E-03,8.923740308693E-03,1.115467538587E-02,
    1.338561046304E-02,1.561654554021E-02,1.784748061739E-02,
    2.007841569456E-02,2.230935077173E-02,2.454028584891E-02,
    2.677122092608E-02,2.900215600325E-02,3.123309108043E-02,
    3.34640261576E-02,3.569496123477E-02,3.792589631195E-02,
    4.015683138912E-02,4.238776646629E-02,4.461870154347E-02,
    4.684963662064E-02,4.908057169781E-02,5.131150677498E-02,
    5.354244185216E-02,5.577337692933E-02,5.80043120065E-02,
    6.023524708368E-02,6.246618216085E-02,6.469711723802E-02,
    6.69280523152E-02,6.915898739237E-02,7.138992246954E-02,
    7.362085754672E-02,7.585179262389E-02,7.808272770106E-02,
    8.031366277824E-02,8.254459785541E-02,8.477553293258E-02,
    8.700646800976E-02,8.923740308693E-02,9.14683381641E-02,
    9.369927324128E-02,9.593020831845E-02,9.816114339562E-02,
    0.100392078473,0.10262301355,0.104853948627,0.107084883704,
    0.109315818781,0.111546753859,0.113777688936,0.116008624013,
    0.11823955909,0.120470494167,0.122701429245,0.124932364322,
    0.127163299399,0.129394234476,0.131625169553,0.13385610463,
    0.136087039708,0.138317974785,0.140548909862,0.142779844939,
    0.145010780016,0.147241715093),.QUASI_UNIFORM_KNOTS.);
#9281 = CARTESIAN_POINT('',(1.,9.170739409077E-02));
#9282 = CARTESIAN_POINT('',(0.994942395115,9.177257358674E-02));
#9283 = CARTESIAN_POINT('',(0.984832573804,9.190286324972E-02));
#9284 = CARTESIAN_POINT('',(0.969682110436,9.209801911375E-02));
#9285 = CARTESIAN_POINT('',(0.954544010317,9.229282570348E-02));
#9286 = CARTESIAN_POINT('',(0.939416398099,9.248721237591E-02));
#9287 = CARTESIAN_POINT('',(0.924297421195,9.268110848866E-02));
#9288 = CARTESIAN_POINT('',(0.90918530362,9.287444340011E-02));
#9289 = CARTESIAN_POINT('',(0.894078194423,9.306714646899E-02));
#9290 = CARTESIAN_POINT('',(0.878974194937,9.325914705101E-02));
#9291 = CARTESIAN_POINT('',(0.863871470906,9.345037450209E-02));
#9292 = CARTESIAN_POINT('',(0.848768158005,9.364075818139E-02));
#9293 = CARTESIAN_POINT('',(0.833662390352,9.383022743885E-02));
#9294 = CARTESIAN_POINT('',(0.818552331175,9.401871166157E-02));
#9295 = CARTESIAN_POINT('',(0.803436069971,9.420614010034E-02));
#9296 = CARTESIAN_POINT('',(0.788311757724,9.439244251242E-02));
#9297 = CARTESIAN_POINT('',(0.773177729305,9.45775467564E-02));
#9298 = CARTESIAN_POINT('',(0.758031660795,9.476138778076E-02));
#9299 = CARTESIAN_POINT('',(0.742873420071,9.494387407618E-02));
#9300 = CARTESIAN_POINT('',(0.727694555971,9.512501287742E-02));
#9301 = CARTESIAN_POINT('',(0.712529796164,9.530429595195E-02));
#9302 = CARTESIAN_POINT('',(0.697378149635,9.548165273526E-02));
#9303 = CARTESIAN_POINT('',(0.68223746974,9.565702533135E-02));
#9304 = CARTESIAN_POINT('',(0.667105947242,9.583035244999E-02));
#9305 = CARTESIAN_POINT('',(0.651981709157,9.600157371071E-02));
#9306 = CARTESIAN_POINT('',(0.636862980428,9.617062848991E-02));
#9307 = CARTESIAN_POINT('',(0.621747845394,9.633745622858E-02));
#9308 = CARTESIAN_POINT('',(0.606634437772,9.65019963495E-02));
#9309 = CARTESIAN_POINT('',(0.591520890275,9.666418828102E-02));
#9310 = CARTESIAN_POINT('',(0.576405334377,9.682397144871E-02));
#9311 = CARTESIAN_POINT('',(0.561285890234,9.698128528561E-02));
#9312 = CARTESIAN_POINT('',(0.546160654161,9.713606920045E-02));
#9313 = CARTESIAN_POINT('',(0.531027842058,9.728826268864E-02));
#9314 = CARTESIAN_POINT('',(0.515885624946,9.74378049195E-02));
#9315 = CARTESIAN_POINT('',(0.500732025599,9.758463628096E-02));
#9316 = CARTESIAN_POINT('',(0.48556551757,9.772869261493E-02));
#9317 = CARTESIAN_POINT('',(0.470382789056,9.786992673162E-02));
#9318 = CARTESIAN_POINT('',(0.455187239808,9.800822811479E-02));
#9319 = CARTESIAN_POINT('',(0.440009211907,9.814325097405E-02));
#9320 = CARTESIAN_POINT('',(0.424839717798,9.827501901356E-02));
#9321 = CARTESIAN_POINT('',(0.409678749242,9.840347158041E-02));
#9322 = CARTESIAN_POINT('',(0.394523915427,9.852857062532E-02));
#9323 = CARTESIAN_POINT('',(0.379373506705,9.865027204257E-02));
#9324 = CARTESIAN_POINT('',(0.364225656141,9.876853334855E-02));
#9325 = CARTESIAN_POINT('',(0.349078420712,9.888331162574E-02));
#9326 = CARTESIAN_POINT('',(0.333929967979,9.899456406985E-02));
#9327 = CARTESIAN_POINT('',(0.318778411502,9.910224786001E-02));
#9328 = CARTESIAN_POINT('',(0.303621870989,9.92063201291E-02));
#9329 = CARTESIAN_POINT('',(0.288458424922,9.93067382106E-02));
#9330 = CARTESIAN_POINT('',(0.273286288492,9.940345867923E-02));
#9331 = CARTESIAN_POINT('',(0.258103184744,9.949644094223E-02));
#9332 = CARTESIAN_POINT('',(0.242908819342,9.958563384183E-02));
#9333 = CARTESIAN_POINT('',(0.227695458062,9.967102564675E-02));
#9334 = CARTESIAN_POINT('',(0.212494835982,9.975239147336E-02));
#9335 = CARTESIAN_POINT('',(0.197305479369,9.982971083639E-02));
#9336 = CARTESIAN_POINT('',(0.18212535622,9.990296337759E-02));
#9337 = CARTESIAN_POINT('',(0.166952606394,9.997212870369E-02));
#9338 = CARTESIAN_POINT('',(0.151785344768,0.10003718643));
#9339 = CARTESIAN_POINT('',(0.136621768395,0.100098116167));
#9340 = CARTESIAN_POINT('',(0.121459929419,0.100154897528));
#9341 = CARTESIAN_POINT('',(0.106297969452,0.100207510129));
#9342 = CARTESIAN_POINT('',(9.113401430471E-02,0.100255933585));
#9343 = CARTESIAN_POINT('',(7.596617176284E-02,0.10030014751));
#9344 = CARTESIAN_POINT('',(6.079254525071E-02,0.100340131517));
#9345 = CARTESIAN_POINT('',(4.561124339855E-02,0.100375865216));
#9346 = CARTESIAN_POINT('',(3.042038262683E-02,0.100407328224));
#9347 = CARTESIAN_POINT('',(1.52181138947E-02,0.100434500154));
#9348 = CARTESIAN_POINT('',(5.074393523302E-03,0.100449740465));
#9349 = CARTESIAN_POINT('',(0.,0.100456638645));
#9350 = ( GEOMETRIC_REPRESENTATION_CONTEXT(2) 
PARAMETRIC_REPRESENTATION_CONTEXT() REPRESENTATION_CONTEXT('2D SPACE',''
  ) );
#9351 = PCURVE('',#6831,#9352);
#9352 = DEFINITIONAL_REPRESENTATION('',(#9353),#9394);
#9353 = B_SPLINE_CURVE_WITH_KNOTS('',3,(#9354,#9355,#9356,#9357,#9358,
    #9359,#9360,#9361,#9362,#9363,#9364,#9365,#9366,#9367,#9368,#9369,
    #9370,#9371,#9372,#9373,#9374,#9375,#9376,#9377,#9378,#9379,#9380,
    #9381,#9382,#9383,#9384,#9385,#9386,#9387,#9388,#9389,#9390,#9391,
    #9392,#9393),.UNSPECIFIED.,.F.,.F.,(4,3,3,3,3,3,3,3,3,3,3,3,3,4),(0.
    ,1.32492659988E-02,2.668293534422E-02,3.936255580757E-02,
    5.276128075008E-02,6.320049002788E-02,7.665075076923E-02,
    7.864497605418E-02,9.198177324468E-02,0.105417658296,0.112958304016,
    0.126399229522,0.139532962401,0.147241715093),.UNSPECIFIED.);
#9354 = CARTESIAN_POINT('',(-1.505446686304,-0.177269801182));
#9355 = CARTESIAN_POINT('',(-1.536675505749,-0.146040981737));
#9356 = CARTESIAN_POINT('',(-1.565704246955,-0.112786849179));
#9357 = CARTESIAN_POINT('',(-1.592433664387,-7.781052022826E-02));
#9358 = CARTESIAN_POINT('',(-1.619535101977,-4.234739056621E-02));
#9359 = CARTESIAN_POINT('',(-1.644273405101,-5.11281006547E-03));
#9360 = CARTESIAN_POINT('',(-1.666505985237,3.361339419857E-02));
#9361 = CARTESIAN_POINT('',(-1.687490622479,7.016584754757E-02));
#9362 = CARTESIAN_POINT('',(-1.70624303763,0.108048210178));
#9363 = CARTESIAN_POINT('',(-1.722604214176,0.147042009105));
#9364 = CARTESIAN_POINT('',(-1.739893288791,0.188247279232));
#9365 = CARTESIAN_POINT('',(-1.75440227878,0.23043078246));
#9366 = CARTESIAN_POINT('',(-1.766000507015,0.273311697982));
#9367 = CARTESIAN_POINT('',(-1.775036914011,0.306721059924));
#9368 = CARTESIAN_POINT('',(-1.782305670082,0.340554581185));
#9369 = CARTESIAN_POINT('',(-1.787724327871,0.374686911433));
#9370 = CARTESIAN_POINT('',(-1.794705925633,0.418664259652));
#9371 = CARTESIAN_POINT('',(-1.798617863377,0.463138348492));
#9372 = CARTESIAN_POINT('',(-1.799525269141,0.507825926596));
#9373 = CARTESIAN_POINT('',(-1.799659807166,0.514451604707));
#9374 = CARTESIAN_POINT('',(-1.799728204065,0.52108196519));
#9375 = CARTESIAN_POINT('',(-1.799730576562,0.527716068584));
#9376 = CARTESIAN_POINT('',(-1.799746443132,0.572083017577));
#9377 = CARTESIAN_POINT('',(-1.796813562138,0.616348674013));
#9378 = CARTESIAN_POINT('',(-1.791043557476,0.660234719906));
#9379 = CARTESIAN_POINT('',(-1.785230683645,0.704446824174));
#9380 = CARTESIAN_POINT('',(-1.776538147342,0.748274795357));
#9381 = CARTESIAN_POINT('',(-1.765028277667,0.791429539102));
#9382 = CARTESIAN_POINT('',(-1.758568572991,0.815649352867));
#9383 = CARTESIAN_POINT('',(-1.75122055215,0.839656935806));
#9384 = CARTESIAN_POINT('',(-1.742988554181,0.863398493668));
#9385 = CARTESIAN_POINT('',(-1.728315318548,0.905716953182));
#9386 = CARTESIAN_POINT('',(-1.710921742341,0.946944647841));
#9387 = CARTESIAN_POINT('',(-1.690890049645,0.986798191253));
#9388 = CARTESIAN_POINT('',(-1.671316181694,1.025740881118));
#9389 = CARTESIAN_POINT('',(-1.649222964344,1.063372496612));
#9390 = CARTESIAN_POINT('',(-1.624642852746,1.099408601958));
#9391 = CARTESIAN_POINT('',(-1.610215728088,1.120559742054));
#9392 = CARTESIAN_POINT('',(-1.594931061341,1.141160775191));
#9393 = CARTESIAN_POINT('',(-1.5787889255,1.161148817198));
#9394 = ( GEOMETRIC_REPRESENTATION_CONTEXT(2) 
PARAMETRIC_REPRESENTATION_CONTEXT() REPRESENTATION_CONTEXT('2D SPACE',''
  ) );
#9395 = ORIENTED_EDGE('',*,*,#9396,.F.);
#9396 = EDGE_CURVE('',#9397,#9234,#9399,.T.);
#9397 = VERTEX_POINT('',#9398);
#9398 = CARTESIAN_POINT('',(5.958867737657,7.391584235325,
    -1.499999999767));
#9399 = SURFACE_CURVE('',#9400,(#9405,#9412),.PCURVE_S1.);
#9400 = B_SPLINE_CURVE_WITH_KNOTS('',3,(#9401,#9402,#9403,#9404),
  .UNSPECIFIED.,.F.,.F.,(4,4),(-0.242286454793,-9.170739409077E-02),
  .PIECEWISE_BEZIER_KNOTS.);
#9401 = CARTESIAN_POINT('',(5.958867611692,7.39158410936,-1.500000015544
    ));
#9402 = CARTESIAN_POINT('',(5.989952409845,7.422668907513,
    -2.000001414225));
#9403 = CARTESIAN_POINT('',(6.021047756555,7.453764254223,
    -2.500001501228));
#9404 = CARTESIAN_POINT('',(6.052155868376,7.484872366043,-3.));
#9405 = PCURVE('',#5562,#9406);
#9406 = DEFINITIONAL_REPRESENTATION('',(#9407),#9411);
#9407 = LINE('',#9408,#9409);
#9408 = CARTESIAN_POINT('',(1.,7.771561172376E-16));
#9409 = VECTOR('',#9410,1.);
#9410 = DIRECTION('',(6.119609898898E-14,-1.));
#9411 = ( GEOMETRIC_REPRESENTATION_CONTEXT(2) 
PARAMETRIC_REPRESENTATION_CONTEXT() REPRESENTATION_CONTEXT('2D SPACE',''
  ) );
#9412 = PCURVE('',#9413,#9418);
#9413 = PLANE('',#9414);
#9414 = AXIS2_PLACEMENT_3D('',#9415,#9416,#9417);
#9415 = CARTESIAN_POINT('',(6.74286448635,8.175580984017,-3.));
#9416 = DIRECTION('',(-0.707106781187,0.707106781187,0.));
#9417 = DIRECTION('',(-0.707106781187,-0.707106781187,0.));
#9418 = DEFINITIONAL_REPRESENTATION('',(#9419),#9424);
#9419 = B_SPLINE_CURVE_WITH_KNOTS('',3,(#9420,#9421,#9422,#9423),
  .UNSPECIFIED.,.F.,.F.,(4,4),(-0.242286454793,-9.170739409077E-02),
  .PIECEWISE_BEZIER_KNOTS.);
#9420 = CARTESIAN_POINT('',(1.108739012999,1.499999984456));
#9421 = CARTESIAN_POINT('',(1.064778469867,0.999998585775));
#9422 = CARTESIAN_POINT('',(1.020803008823,0.499998498772));
#9423 = CARTESIAN_POINT('',(0.976809495187,0.));
#9424 = ( GEOMETRIC_REPRESENTATION_CONTEXT(2) 
PARAMETRIC_REPRESENTATION_CONTEXT() REPRESENTATION_CONTEXT('2D SPACE',''
  ) );
#9425 = ORIENTED_EDGE('',*,*,#9426,.T.);
#9426 = EDGE_CURVE('',#9397,#9427,#9429,.T.);
#9427 = VERTEX_POINT('',#9428);
#9428 = CARTESIAN_POINT('',(5.92846462914,7.359824764998,-1.49999908014)
  );
#9429 = SURFACE_CURVE('',#9430,(#9435,#9441),.PCURVE_S1.);
#9430 = B_SPLINE_CURVE_WITH_KNOTS('',3,(#9431,#9432,#9433,#9434),
  .UNSPECIFIED.,.F.,.F.,(4,4),(-0.416572814357,-0.412177256254),
  .PIECEWISE_BEZIER_KNOTS.);
#9431 = CARTESIAN_POINT('',(5.958867737657,7.391584235325,-1.5));
#9432 = CARTESIAN_POINT('',(5.94850730785,7.381223805517,-1.5));
#9433 = CARTESIAN_POINT('',(5.938372723819,7.370637529934,
    -1.500000307203));
#9434 = CARTESIAN_POINT('',(5.92846462914,7.359824764998,-1.49999908014)
  );
#9435 = PCURVE('',#5562,#9436);
#9436 = DEFINITIONAL_REPRESENTATION('',(#9437),#9440);
#9437 = B_SPLINE_CURVE_WITH_KNOTS('',1,(#9438,#9439),.UNSPECIFIED.,.F.,
  .F.,(2,2),(-0.416572814357,-0.412177256254),.PIECEWISE_BEZIER_KNOTS.);
#9438 = CARTESIAN_POINT('',(1.000000121482,0.242286454781));
#9439 = CARTESIAN_POINT('',(0.970248289399,0.242671521835));
#9440 = ( GEOMETRIC_REPRESENTATION_CONTEXT(2) 
PARAMETRIC_REPRESENTATION_CONTEXT() REPRESENTATION_CONTEXT('2D SPACE',''
  ) );
#9441 = PCURVE('',#9442,#9459);
#9442 = B_SPLINE_SURFACE_WITH_KNOTS('',3,3,(
    (#9443,#9444,#9445,#9446)
    ,(#9447,#9448,#9449,#9450)
    ,(#9451,#9452,#9453,#9454)
    ,(#9455,#9456,#9457,#9458
    )),.UNSPECIFIED.,.F.,.F.,.F.,(4,4),(4,4),(0.,1.),(0.412177256254,
    0.416572814357),.PIECEWISE_BEZIER_KNOTS.);
#9443 = CARTESIAN_POINT('',(5.92846462914,7.359824764998,-1.49999908014)
  );
#9444 = CARTESIAN_POINT('',(5.938372723819,7.370637529934,
    -1.500000307203));
#9445 = CARTESIAN_POINT('',(5.94850730785,7.381223805517,-1.5));
#9446 = CARTESIAN_POINT('',(5.958867737657,7.391584235325,-1.5));
#9447 = CARTESIAN_POINT('',(5.810387438641,7.477901955497,
    -1.333332720094));
#9448 = CARTESIAN_POINT('',(5.820446311696,7.488563942057,
    -1.333333538135));
#9449 = CARTESIAN_POINT('',(5.830656177652,7.499074935715,
    -1.333333333333));
#9450 = CARTESIAN_POINT('',(5.841016607459,7.509435365523,
    -1.333333333333));
#9451 = CARTESIAN_POINT('',(5.692310248141,7.595979145997,
    -1.166666360047));
#9452 = CARTESIAN_POINT('',(5.702519899573,7.60649035418,-1.166666769068
    ));
#9453 = CARTESIAN_POINT('',(5.712805047455,7.616926065913,
    -1.166666666667));
#9454 = CARTESIAN_POINT('',(5.723165477262,7.62728649572,-1.166666666667
    ));
#9455 = CARTESIAN_POINT('',(5.574233057642,7.714056336496,-1.));
#9456 = CARTESIAN_POINT('',(5.584593487449,7.724416766303,-1.));
#9457 = CARTESIAN_POINT('',(5.594953917257,7.734777196111,-1.));
#9458 = CARTESIAN_POINT('',(5.605314347064,7.745137625918,-1.));
#9459 = DEFINITIONAL_REPRESENTATION('',(#9460),#9464);
#9460 = LINE('',#9461,#9462);
#9461 = CARTESIAN_POINT('',(-1.020490889946E-13,-2.775557561563E-16));
#9462 = VECTOR('',#9463,1.);
#9463 = DIRECTION('',(-2.508988656714E-13,-1.));
#9464 = ( GEOMETRIC_REPRESENTATION_CONTEXT(2) 
PARAMETRIC_REPRESENTATION_CONTEXT() REPRESENTATION_CONTEXT('2D SPACE',''
  ) );
#9465 = ORIENTED_EDGE('',*,*,#9466,.T.);
#9466 = EDGE_CURVE('',#9427,#9106,#9467,.T.);
#9467 = SURFACE_CURVE('',#9468,(#9473,#9479),.PCURVE_S1.);
#9468 = B_SPLINE_CURVE_WITH_KNOTS('',3,(#9469,#9470,#9471,#9472),
  .UNSPECIFIED.,.F.,.F.,(4,4),(0.,0.108235116477),
  .PIECEWISE_BEZIER_KNOTS.);
#9469 = CARTESIAN_POINT('',(5.92846462914,7.359824764998,-1.49999908014)
  );
#9470 = CARTESIAN_POINT('',(5.684722399362,7.093827363786,-1.49996889402
    ));
#9471 = CARTESIAN_POINT('',(5.606044353636,6.70502841502,-1.49905470383)
  );
#9472 = CARTESIAN_POINT('',(5.711610598708,6.37537164613,-1.498495886908
    ));
#9473 = PCURVE('',#5562,#9474);
#9474 = DEFINITIONAL_REPRESENTATION('',(#9475),#9478);
#9475 = B_SPLINE_CURVE_WITH_KNOTS('',1,(#9476,#9477),.UNSPECIFIED.,.F.,
  .F.,(2,2),(0.,0.108235116477),.PIECEWISE_BEZIER_KNOTS.);
#9476 = CARTESIAN_POINT('',(0.970248289399,0.242671521835));
#9477 = CARTESIAN_POINT('',(0.254906676935,0.250260739433));
#9478 = ( GEOMETRIC_REPRESENTATION_CONTEXT(2) 
PARAMETRIC_REPRESENTATION_CONTEXT() REPRESENTATION_CONTEXT('2D SPACE',''
  ) );
#9479 = PCURVE('',#9135,#9480);
#9480 = DEFINITIONAL_REPRESENTATION('',(#9481),#9485);
#9481 = LINE('',#9482,#9483);
#9482 = CARTESIAN_POINT('',(5.470310657282E-16,-5.013288899945E-17));
#9483 = VECTOR('',#9484,1.);
#9484 = DIRECTION('',(1.578026316075E-14,-1.));
#9485 = ( GEOMETRIC_REPRESENTATION_CONTEXT(2) 
PARAMETRIC_REPRESENTATION_CONTEXT() REPRESENTATION_CONTEXT('2D SPACE',''
  ) );
#9486 = ORIENTED_EDGE('',*,*,#9181,.F.);
#9487 = ADVANCED_FACE('',(#9488),#5902,.F.);
#9488 = FACE_BOUND('',#9489,.F.);
#9489 = EDGE_LOOP('',(#9490,#9491,#9492));
#9490 = ORIENTED_EDGE('',*,*,#5963,.T.);
#9491 = ORIENTED_EDGE('',*,*,#5886,.T.);
#9492 = ORIENTED_EDGE('',*,*,#5990,.T.);
#9493 = ADVANCED_FACE('',(#9494),#6063,.T.);
#9494 = FACE_BOUND('',#9495,.T.);
#9495 = EDGE_LOOP('',(#9496,#9529,#9550,#9551));
#9496 = ORIENTED_EDGE('',*,*,#9497,.T.);
#9497 = EDGE_CURVE('',#9498,#9498,#9500,.T.);
#9498 = VERTEX_POINT('',#9499);
#9499 = CARTESIAN_POINT('',(-1.537511336474,0.,-1.));
#9500 = SURFACE_CURVE('',#9501,(#9506,#9513),.PCURVE_S1.);
#9501 = CIRCLE('',#9502,1.537511336474);
#9502 = AXIS2_PLACEMENT_3D('',#9503,#9504,#9505);
#9503 = CARTESIAN_POINT('',(0.,0.,-1.));
#9504 = DIRECTION('',(0.,0.,1.));
#9505 = DIRECTION('',(1.,0.,-0.));
#9506 = PCURVE('',#6063,#9507);
#9507 = DEFINITIONAL_REPRESENTATION('',(#9508),#9512);
#9508 = LINE('',#9509,#9510);
#9509 = CARTESIAN_POINT('',(-6.28318530718,-1.));
#9510 = VECTOR('',#9511,1.);
#9511 = DIRECTION('',(1.,0.));
#9512 = ( GEOMETRIC_REPRESENTATION_CONTEXT(2) 
PARAMETRIC_REPRESENTATION_CONTEXT() REPRESENTATION_CONTEXT('2D SPACE',''
  ) );
#9513 = PCURVE('',#9514,#9519);
#9514 = PLANE('',#9515);
#9515 = AXIS2_PLACEMENT_3D('',#9516,#9517,#9518);
#9516 = CARTESIAN_POINT('',(0.,0.,-1.));
#9517 = DIRECTION('',(0.,0.,-1.));
#9518 = DIRECTION('',(1.,0.,0.));
#9519 = DEFINITIONAL_REPRESENTATION('',(#9520),#9528);
#9520 = ( BOUNDED_CURVE() B_SPLINE_CURVE(2,(#9521,#9522,#9523,#9524,
#9525,#9526,#9527),.UNSPECIFIED.,.T.,.F.) B_SPLINE_CURVE_WITH_KNOTS((1,2
    ,2,2,2,1),(-2.094395102393,0.,2.094395102393,4.188790204786,
6.28318530718,8.377580409573),.UNSPECIFIED.) CURVE() 
GEOMETRIC_REPRESENTATION_ITEM() RATIONAL_B_SPLINE_CURVE((1.,0.5,1.,0.5,
1.,0.5,1.)) REPRESENTATION_ITEM('') );
#9521 = CARTESIAN_POINT('',(1.537511336474,0.));
#9522 = CARTESIAN_POINT('',(1.537511336474,-2.663047751986));
#9523 = CARTESIAN_POINT('',(-0.768755668237,-1.331523875993));
#9524 = CARTESIAN_POINT('',(-3.075022672948,-3.765816673732E-16));
#9525 = CARTESIAN_POINT('',(-0.768755668237,1.331523875993));
#9526 = CARTESIAN_POINT('',(1.537511336474,2.663047751986));
#9527 = CARTESIAN_POINT('',(1.537511336474,0.));
#9528 = ( GEOMETRIC_REPRESENTATION_CONTEXT(2) 
PARAMETRIC_REPRESENTATION_CONTEXT() REPRESENTATION_CONTEXT('2D SPACE',''
  ) );
#9529 = ORIENTED_EDGE('',*,*,#9530,.T.);
#9530 = EDGE_CURVE('',#9498,#6023,#9531,.T.);
#9531 = SEAM_CURVE('',#9532,(#9536,#9543),.PCURVE_S1.);
#9532 = LINE('',#9533,#9534);
#9533 = CARTESIAN_POINT('',(-1.625,0.,0.));
#9534 = VECTOR('',#9535,1.);
#9535 = DIRECTION('',(-8.715574274766E-02,1.067350013832E-17,
    0.996194698092));
#9536 = PCURVE('',#6063,#9537);
#9537 = DEFINITIONAL_REPRESENTATION('',(#9538),#9542);
#9538 = LINE('',#9539,#9540);
#9539 = CARTESIAN_POINT('',(3.14159265359,0.));
#9540 = VECTOR('',#9541,1.);
#9541 = DIRECTION('',(0.,1.));
#9542 = ( GEOMETRIC_REPRESENTATION_CONTEXT(2) 
PARAMETRIC_REPRESENTATION_CONTEXT() REPRESENTATION_CONTEXT('2D SPACE',''
  ) );
#9543 = PCURVE('',#6063,#9544);
#9544 = DEFINITIONAL_REPRESENTATION('',(#9545),#9549);
#9545 = LINE('',#9546,#9547);
#9546 = CARTESIAN_POINT('',(-3.14159265359,0.));
#9547 = VECTOR('',#9548,1.);
#9548 = DIRECTION('',(0.,1.));
#9549 = ( GEOMETRIC_REPRESENTATION_CONTEXT(2) 
PARAMETRIC_REPRESENTATION_CONTEXT() REPRESENTATION_CONTEXT('2D SPACE',''
  ) );
#9550 = ORIENTED_EDGE('',*,*,#6048,.F.);
#9551 = ORIENTED_EDGE('',*,*,#9530,.F.);
#9552 = ADVANCED_FACE('',(#9553),#6119,.T.);
#9553 = FACE_BOUND('',#9554,.T.);
#9554 = EDGE_LOOP('',(#9555,#9556,#9557,#9558,#9581,#9614,#9643,#9676));
#9555 = ORIENTED_EDGE('',*,*,#8723,.F.);
#9556 = ORIENTED_EDGE('',*,*,#6102,.T.);
#9557 = ORIENTED_EDGE('',*,*,#6182,.F.);
#9558 = ORIENTED_EDGE('',*,*,#9559,.F.);
#9559 = EDGE_CURVE('',#9560,#6183,#9562,.T.);
#9560 = VERTEX_POINT('',#9561);
#9561 = CARTESIAN_POINT('',(-8.425581051361,6.492864431923,-3.));
#9562 = SURFACE_CURVE('',#9563,(#9567,#9574),.PCURVE_S1.);
#9563 = LINE('',#9564,#9565);
#9564 = CARTESIAN_POINT('',(-8.425581051361,6.492864431923,-3.));
#9565 = VECTOR('',#9566,1.);
#9566 = DIRECTION('',(0.707106781187,-0.707106781187,0.));
#9567 = PCURVE('',#6119,#9568);
#9568 = DEFINITIONAL_REPRESENTATION('',(#9569),#9573);
#9569 = LINE('',#9570,#9571);
#9570 = CARTESIAN_POINT('',(-0.867978491591,0.814738127848));
#9571 = VECTOR('',#9572,1.);
#9572 = DIRECTION('',(0.707106781187,0.707106781187));
#9573 = ( GEOMETRIC_REPRESENTATION_CONTEXT(2) 
PARAMETRIC_REPRESENTATION_CONTEXT() REPRESENTATION_CONTEXT('2D SPACE',''
  ) );
#9574 = PCURVE('',#6362,#9575);
#9575 = DEFINITIONAL_REPRESENTATION('',(#9576),#9580);
#9576 = LINE('',#9577,#9578);
#9577 = CARTESIAN_POINT('',(0.,0.));
#9578 = VECTOR('',#9579,1.);
#9579 = DIRECTION('',(1.,0.));
#9580 = ( GEOMETRIC_REPRESENTATION_CONTEXT(2) 
PARAMETRIC_REPRESENTATION_CONTEXT() REPRESENTATION_CONTEXT('2D SPACE',''
  ) );
#9581 = ORIENTED_EDGE('',*,*,#9582,.F.);
#9582 = EDGE_CURVE('',#9583,#9560,#9585,.T.);
#9583 = VERTEX_POINT('',#9584);
#9584 = CARTESIAN_POINT('',(-8.529231831168,7.423904215637,-3.));
#9585 = SURFACE_CURVE('',#9586,(#9591,#9602),.PCURVE_S1.);
#9586 = CIRCLE('',#9587,0.75);
#9587 = AXIS2_PLACEMENT_3D('',#9588,#9589,#9590);
#9588 = CARTESIAN_POINT('',(-7.895250965472,7.023194517812,-3.));
#9589 = DIRECTION('',(0.,0.,1.));
#9590 = DIRECTION('',(-0.915542676557,-0.402220844067,0.));
#9591 = PCURVE('',#6119,#9592);
#9592 = DEFINITIONAL_REPRESENTATION('',(#9593),#9601);
#9593 = ( BOUNDED_CURVE() B_SPLINE_CURVE(2,(#9594,#9595,#9596,#9597,
#9598,#9599,#9600),.UNSPECIFIED.,.T.,.F.) B_SPLINE_CURVE_WITH_KNOTS((1,2
    ,2,2,2,1),(-2.094395102393,0.,2.094395102393,4.188790204786,
6.28318530718,8.377580409573),.UNSPECIFIED.) CURVE() 
GEOMETRIC_REPRESENTATION_ITEM() RATIONAL_B_SPLINE_CURVE((1.,0.5,1.,0.5,
1.,0.5,1.)) REPRESENTATION_ITEM('') );
#9594 = CARTESIAN_POINT('',(-1.024305413119,0.586073675008));
#9595 = CARTESIAN_POINT('',(-0.501805209779,1.775398499229));
#9596 = CARTESIAN_POINT('',(0.266930199678,0.728237637543));
#9597 = CARTESIAN_POINT('',(1.035665609135,-0.318923224143));
#9598 = CARTESIAN_POINT('',(-0.255570003663,-0.461087186678));
#9599 = CARTESIAN_POINT('',(-1.54680561646,-0.603251149213));
#9600 = CARTESIAN_POINT('',(-1.024305413119,0.586073675008));
#9601 = ( GEOMETRIC_REPRESENTATION_CONTEXT(2) 
PARAMETRIC_REPRESENTATION_CONTEXT() REPRESENTATION_CONTEXT('2D SPACE',''
  ) );
#9602 = PCURVE('',#9603,#9608);
#9603 = CYLINDRICAL_SURFACE('',#9604,0.75);
#9604 = AXIS2_PLACEMENT_3D('',#9605,#9606,#9607);
#9605 = CARTESIAN_POINT('',(-7.895250965472,7.023194517812,-3.));
#9606 = DIRECTION('',(0.,0.,1.));
#9607 = DIRECTION('',(-0.915542676557,-0.402220844067,0.));
#9608 = DEFINITIONAL_REPRESENTATION('',(#9609),#9613);
#9609 = LINE('',#9610,#9611);
#9610 = CARTESIAN_POINT('',(0.,0.));
#9611 = VECTOR('',#9612,1.);
#9612 = DIRECTION('',(1.,0.));
#9613 = ( GEOMETRIC_REPRESENTATION_CONTEXT(2) 
PARAMETRIC_REPRESENTATION_CONTEXT() REPRESENTATION_CONTEXT('2D SPACE',''
  ) );
#9614 = ORIENTED_EDGE('',*,*,#9615,.T.);
#9615 = EDGE_CURVE('',#9583,#9616,#9618,.T.);
#9616 = VERTEX_POINT('',#9617);
#9617 = CARTESIAN_POINT('',(-7.673904215637,8.279231831168,-3.));
#9618 = SURFACE_CURVE('',#9619,(#9624,#9631),.PCURVE_S1.);
#9619 = CIRCLE('',#9620,2.75);
#9620 = AXIS2_PLACEMENT_3D('',#9621,#9622,#9623);
#9621 = CARTESIAN_POINT('',(-6.204635323614,5.954635323614,-3.));
#9622 = DIRECTION('',(0.,0.,-1.));
#9623 = DIRECTION('',(1.,0.,0.));
#9624 = PCURVE('',#6119,#9625);
#9625 = DEFINITIONAL_REPRESENTATION('',(#9626),#9630);
#9626 = CIRCLE('',#9627,2.75);
#9627 = AXIS2_PLACEMENT_2D('',#9628,#9629);
#9628 = CARTESIAN_POINT('',(1.352967236156,1.352967236156));
#9629 = DIRECTION('',(1.,0.));
#9630 = ( GEOMETRIC_REPRESENTATION_CONTEXT(2) 
PARAMETRIC_REPRESENTATION_CONTEXT() REPRESENTATION_CONTEXT('2D SPACE',''
  ) );
#9631 = PCURVE('',#9632,#9637);
#9632 = CYLINDRICAL_SURFACE('',#9633,2.75);
#9633 = AXIS2_PLACEMENT_3D('',#9634,#9635,#9636);
#9634 = CARTESIAN_POINT('',(-6.204635323614,5.954635323614,-3.));
#9635 = DIRECTION('',(0.,0.,1.));
#9636 = DIRECTION('',(1.,0.,-0.));
#9637 = DEFINITIONAL_REPRESENTATION('',(#9638),#9642);
#9638 = LINE('',#9639,#9640);
#9639 = CARTESIAN_POINT('',(6.28318530718,0.));
#9640 = VECTOR('',#9641,1.);
#9641 = DIRECTION('',(-1.,0.));
#9642 = ( GEOMETRIC_REPRESENTATION_CONTEXT(2) 
PARAMETRIC_REPRESENTATION_CONTEXT() REPRESENTATION_CONTEXT('2D SPACE',''
  ) );
#9643 = ORIENTED_EDGE('',*,*,#9644,.F.);
#9644 = EDGE_CURVE('',#9645,#9616,#9647,.T.);
#9645 = VERTEX_POINT('',#9646);
#9646 = CARTESIAN_POINT('',(-6.742864431923,8.175581051361,-3.));
#9647 = SURFACE_CURVE('',#9648,(#9653,#9664),.PCURVE_S1.);
#9648 = CIRCLE('',#9649,0.75);
#9649 = AXIS2_PLACEMENT_3D('',#9650,#9651,#9652);
#9650 = CARTESIAN_POINT('',(-7.273194517812,7.645250965472,-3.));
#9651 = DIRECTION('',(0.,0.,1.));
#9652 = DIRECTION('',(0.402220844067,0.915542676557,-0.));
#9653 = PCURVE('',#6119,#9654);
#9654 = DEFINITIONAL_REPRESENTATION('',(#9655),#9663);
#9655 = ( BOUNDED_CURVE() B_SPLINE_CURVE(2,(#9656,#9657,#9658,#9659,
#9660,#9661,#9662),.UNSPECIFIED.,.T.,.F.) B_SPLINE_CURVE_WITH_KNOTS((1,2
    ,2,2,2,1),(-2.094395102393,0.,2.094395102393,4.188790204786,
6.28318530718,8.377580409573),.UNSPECIFIED.) CURVE() 
GEOMETRIC_REPRESENTATION_ITEM() RATIONAL_B_SPLINE_CURVE((1.,0.5,1.,0.5,
1.,0.5,1.)) REPRESENTATION_ITEM('') );
#9656 = CARTESIAN_POINT('',(0.586073675008,-1.024305413119));
#9657 = CARTESIAN_POINT('',(-0.603251149213,-1.54680561646));
#9658 = CARTESIAN_POINT('',(-0.461087186678,-0.255570003663));
#9659 = CARTESIAN_POINT('',(-0.318923224143,1.035665609135));
#9660 = CARTESIAN_POINT('',(0.728237637543,0.266930199678));
#9661 = CARTESIAN_POINT('',(1.775398499229,-0.501805209779));
#9662 = CARTESIAN_POINT('',(0.586073675008,-1.024305413119));
#9663 = ( GEOMETRIC_REPRESENTATION_CONTEXT(2) 
PARAMETRIC_REPRESENTATION_CONTEXT() REPRESENTATION_CONTEXT('2D SPACE',''
  ) );
#9664 = PCURVE('',#9665,#9670);
#9665 = CYLINDRICAL_SURFACE('',#9666,0.75);
#9666 = AXIS2_PLACEMENT_3D('',#9667,#9668,#9669);
#9667 = CARTESIAN_POINT('',(-7.273194517812,7.645250965472,-3.));
#9668 = DIRECTION('',(0.,0.,1.));
#9669 = DIRECTION('',(0.402220844067,0.915542676557,-0.));
#9670 = DEFINITIONAL_REPRESENTATION('',(#9671),#9675);
#9671 = LINE('',#9672,#9673);
#9672 = CARTESIAN_POINT('',(-6.28318530718,0.));
#9673 = VECTOR('',#9674,1.);
#9674 = DIRECTION('',(1.,0.));
#9675 = ( GEOMETRIC_REPRESENTATION_CONTEXT(2) 
PARAMETRIC_REPRESENTATION_CONTEXT() REPRESENTATION_CONTEXT('2D SPACE',''
  ) );
#9676 = ORIENTED_EDGE('',*,*,#9677,.T.);
#9677 = EDGE_CURVE('',#9645,#8692,#9678,.T.);
#9678 = SURFACE_CURVE('',#9679,(#9683,#9690),.PCURVE_S1.);
#9679 = LINE('',#9680,#9681);
#9680 = CARTESIAN_POINT('',(-6.742864431923,8.175581051361,-3.));
#9681 = VECTOR('',#9682,1.);
#9682 = DIRECTION('',(0.707106781187,-0.707106781187,0.));
#9683 = PCURVE('',#6119,#9684);
#9684 = DEFINITIONAL_REPRESENTATION('',(#9685),#9689);
#9685 = LINE('',#9686,#9687);
#9686 = CARTESIAN_POINT('',(0.814738127848,-0.867978491591));
#9687 = VECTOR('',#9688,1.);
#9688 = DIRECTION('',(0.707106781187,0.707106781187));
#9689 = ( GEOMETRIC_REPRESENTATION_CONTEXT(2) 
PARAMETRIC_REPRESENTATION_CONTEXT() REPRESENTATION_CONTEXT('2D SPACE',''
  ) );
#9690 = PCURVE('',#8710,#9691);
#9691 = DEFINITIONAL_REPRESENTATION('',(#9692),#9696);
#9692 = LINE('',#9693,#9694);
#9693 = CARTESIAN_POINT('',(1.724275943121,0.));
#9694 = VECTOR('',#9695,1.);
#9695 = DIRECTION('',(-1.,0.));
#9696 = ( GEOMETRIC_REPRESENTATION_CONTEXT(2) 
PARAMETRIC_REPRESENTATION_CONTEXT() REPRESENTATION_CONTEXT('2D SPACE',''
  ) );
#9697 = ADVANCED_FACE('',(#9698),#6362,.T.);
#9698 = FACE_BOUND('',#9699,.T.);
#9699 = EDGE_LOOP('',(#9700,#9723,#9751,#9772,#9773));
#9700 = ORIENTED_EDGE('',*,*,#9701,.F.);
#9701 = EDGE_CURVE('',#9702,#6346,#9704,.T.);
#9702 = VERTEX_POINT('',#9703);
#9703 = CARTESIAN_POINT('',(-8.104170822266,6.171454202827,-1.5));
#9704 = SURFACE_CURVE('',#9705,(#9709,#9716),.PCURVE_S1.);
#9705 = LINE('',#9706,#9707);
#9706 = CARTESIAN_POINT('',(-4.69596968054,2.763253061102,-1.5));
#9707 = VECTOR('',#9708,1.);
#9708 = DIRECTION('',(0.707106781187,-0.707106781187,0.));
#9709 = PCURVE('',#6362,#9710);
#9710 = DEFINITIONAL_REPRESENTATION('',(#9711),#9715);
#9711 = LINE('',#9712,#9713);
#9712 = CARTESIAN_POINT('',(5.274466982996,1.5));
#9713 = VECTOR('',#9714,1.);
#9714 = DIRECTION('',(1.,0.));
#9715 = ( GEOMETRIC_REPRESENTATION_CONTEXT(2) 
PARAMETRIC_REPRESENTATION_CONTEXT() REPRESENTATION_CONTEXT('2D SPACE',''
  ) );
#9716 = PCURVE('',#8549,#9717);
#9717 = DEFINITIONAL_REPRESENTATION('',(#9718),#9722);
#9718 = LINE('',#9719,#9720);
#9719 = CARTESIAN_POINT('',(-0.288675134595,0.204124145232));
#9720 = VECTOR('',#9721,1.);
#9721 = DIRECTION('',(-0.57735026919,-0.816496580928));
#9722 = ( GEOMETRIC_REPRESENTATION_CONTEXT(2) 
PARAMETRIC_REPRESENTATION_CONTEXT() REPRESENTATION_CONTEXT('2D SPACE',''
  ) );
#9723 = ORIENTED_EDGE('',*,*,#9724,.F.);
#9724 = EDGE_CURVE('',#9725,#9702,#9727,.T.);
#9725 = VERTEX_POINT('',#9726);
#9726 = CARTESIAN_POINT('',(-8.425581051361,6.492864431923,-1.5));
#9727 = SURFACE_CURVE('',#9728,(#9732,#9739),.PCURVE_S1.);
#9728 = LINE('',#9729,#9730);
#9729 = CARTESIAN_POINT('',(-8.425581051361,6.492864431923,-1.5));
#9730 = VECTOR('',#9731,1.);
#9731 = DIRECTION('',(0.707106781187,-0.707106781187,0.));
#9732 = PCURVE('',#6362,#9733);
#9733 = DEFINITIONAL_REPRESENTATION('',(#9734),#9738);
#9734 = LINE('',#9735,#9736);
#9735 = CARTESIAN_POINT('',(0.,1.5));
#9736 = VECTOR('',#9737,1.);
#9737 = DIRECTION('',(1.,0.));
#9738 = ( GEOMETRIC_REPRESENTATION_CONTEXT(2) 
PARAMETRIC_REPRESENTATION_CONTEXT() REPRESENTATION_CONTEXT('2D SPACE',''
  ) );
#9739 = PCURVE('',#9740,#9745);
#9740 = PLANE('',#9741);
#9741 = AXIS2_PLACEMENT_3D('',#9742,#9743,#9744);
#9742 = CARTESIAN_POINT('',(-7.55760255977,7.30760255977,-1.5));
#9743 = DIRECTION('',(0.,0.,-1.));
#9744 = DIRECTION('',(1.,0.,0.));
#9745 = DEFINITIONAL_REPRESENTATION('',(#9746),#9750);
#9746 = LINE('',#9747,#9748);
#9747 = CARTESIAN_POINT('',(-0.867978491591,0.814738127848));
#9748 = VECTOR('',#9749,1.);
#9749 = DIRECTION('',(0.707106781187,0.707106781187));
#9750 = ( GEOMETRIC_REPRESENTATION_CONTEXT(2) 
PARAMETRIC_REPRESENTATION_CONTEXT() REPRESENTATION_CONTEXT('2D SPACE',''
  ) );
#9751 = ORIENTED_EDGE('',*,*,#9752,.F.);
#9752 = EDGE_CURVE('',#9560,#9725,#9753,.T.);
#9753 = SURFACE_CURVE('',#9754,(#9758,#9765),.PCURVE_S1.);
#9754 = LINE('',#9755,#9756);
#9755 = CARTESIAN_POINT('',(-8.425581051361,6.492864431923,-3.));
#9756 = VECTOR('',#9757,1.);
#9757 = DIRECTION('',(0.,0.,1.));
#9758 = PCURVE('',#6362,#9759);
#9759 = DEFINITIONAL_REPRESENTATION('',(#9760),#9764);
#9760 = LINE('',#9761,#9762);
#9761 = CARTESIAN_POINT('',(1.884110950421E-15,0.));
#9762 = VECTOR('',#9763,1.);
#9763 = DIRECTION('',(0.,1.));
#9764 = ( GEOMETRIC_REPRESENTATION_CONTEXT(2) 
PARAMETRIC_REPRESENTATION_CONTEXT() REPRESENTATION_CONTEXT('2D SPACE',''
  ) );
#9765 = PCURVE('',#9603,#9766);
#9766 = DEFINITIONAL_REPRESENTATION('',(#9767),#9771);
#9767 = LINE('',#9768,#9769);
#9768 = CARTESIAN_POINT('',(6.654642199952,0.));
#9769 = VECTOR('',#9770,1.);
#9770 = DIRECTION('',(0.,1.));
#9771 = ( GEOMETRIC_REPRESENTATION_CONTEXT(2) 
PARAMETRIC_REPRESENTATION_CONTEXT() REPRESENTATION_CONTEXT('2D SPACE',''
  ) );
#9772 = ORIENTED_EDGE('',*,*,#9559,.T.);
#9773 = ORIENTED_EDGE('',*,*,#6345,.F.);
#9774 = ADVANCED_FACE('',(#9775),#6391,.T.);
#9775 = FACE_BOUND('',#9776,.T.);
#9776 = EDGE_LOOP('',(#9777,#9799,#9800,#9821));
#9777 = ORIENTED_EDGE('',*,*,#9778,.F.);
#9778 = EDGE_CURVE('',#6346,#9779,#9781,.T.);
#9779 = VERTEX_POINT('',#9780);
#9780 = CARTESIAN_POINT('',(-7.995137684932,5.355314284307,-1.));
#9781 = SURFACE_CURVE('',#9782,(#9786,#9792),.PCURVE_S1.);
#9782 = LINE('',#9783,#9784);
#9783 = CARTESIAN_POINT('',(-7.641584294339,5.7088676749,-1.499999999784
    ));
#9784 = VECTOR('',#9785,1.);
#9785 = DIRECTION('',(-0.500000000108,-0.500000000108,0.707106781034));
#9786 = PCURVE('',#6391,#9787);
#9787 = DEFINITIONAL_REPRESENTATION('',(#9788),#9791);
#9788 = B_SPLINE_CURVE_WITH_KNOTS('',1,(#9789,#9790),.UNSPECIFIED.,.F.,
  .F.,(2,2),(0.,0.707106781034),.PIECEWISE_BEZIER_KNOTS.);
#9789 = CARTESIAN_POINT('',(2.157396585253E-10,0.416572813636));
#9790 = CARTESIAN_POINT('',(1.,0.416572813636));
#9791 = ( GEOMETRIC_REPRESENTATION_CONTEXT(2) 
PARAMETRIC_REPRESENTATION_CONTEXT() REPRESENTATION_CONTEXT('2D SPACE',''
  ) );
#9792 = PCURVE('',#8549,#9793);
#9793 = DEFINITIONAL_REPRESENTATION('',(#9794),#9798);
#9794 = LINE('',#9795,#9796);
#9795 = CARTESIAN_POINT('',(2.116409126427,3.605426925554));
#9796 = VECTOR('',#9797,1.);
#9797 = DIRECTION('',(0.816496580928,-0.57735026919));
#9798 = ( GEOMETRIC_REPRESENTATION_CONTEXT(2) 
PARAMETRIC_REPRESENTATION_CONTEXT() REPRESENTATION_CONTEXT('2D SPACE',''
  ) );
#9799 = ORIENTED_EDGE('',*,*,#6375,.T.);
#9800 = ORIENTED_EDGE('',*,*,#9801,.F.);
#9801 = EDGE_CURVE('',#9802,#6376,#9804,.T.);
#9802 = VERTEX_POINT('',#9803);
#9803 = CARTESIAN_POINT('',(-7.964056395387,5.324232994761,-1.));
#9804 = SURFACE_CURVE('',#9805,(#9809,#9815),.PCURVE_S1.);
#9805 = LINE('',#9806,#9807);
#9806 = CARTESIAN_POINT('',(-7.964056395387,5.324232994761,-1.));
#9807 = VECTOR('',#9808,1.);
#9808 = DIRECTION('',(0.500479316576,0.500479316576,-0.706428274745));
#9809 = PCURVE('',#6391,#9810);
#9810 = DEFINITIONAL_REPRESENTATION('',(#9811),#9814);
#9811 = B_SPLINE_CURVE_WITH_KNOTS('',1,(#9812,#9813),.UNSPECIFIED.,.F.,
  .F.,(2,2),(0.,0.707784637189),.PIECEWISE_BEZIER_KNOTS.);
#9812 = CARTESIAN_POINT('',(1.,0.412177255515));
#9813 = CARTESIAN_POINT('',(-1.293222129781E-15,0.412177255515));
#9814 = ( GEOMETRIC_REPRESENTATION_CONTEXT(2) 
PARAMETRIC_REPRESENTATION_CONTEXT() REPRESENTATION_CONTEXT('2D SPACE',''
  ) );
#9815 = PCURVE('',#6431,#9816);
#9816 = DEFINITIONAL_REPRESENTATION('',(#9817),#9820);
#9817 = B_SPLINE_CURVE_WITH_KNOTS('',1,(#9818,#9819),.UNSPECIFIED.,.F.,
  .F.,(2,2),(0.,0.707784637189),.PIECEWISE_BEZIER_KNOTS.);
#9818 = CARTESIAN_POINT('',(1.,1.331619094146E-17));
#9819 = CARTESIAN_POINT('',(-3.623407862524E-16,-3.951053486907E-16));
#9820 = ( GEOMETRIC_REPRESENTATION_CONTEXT(2) 
PARAMETRIC_REPRESENTATION_CONTEXT() REPRESENTATION_CONTEXT('2D SPACE',''
  ) );
#9821 = ORIENTED_EDGE('',*,*,#9822,.T.);
#9822 = EDGE_CURVE('',#9802,#9779,#9823,.T.);
#9823 = SURFACE_CURVE('',#9824,(#9829,#9836),.PCURVE_S1.);
#9824 = B_SPLINE_CURVE_WITH_KNOTS('',3,(#9825,#9826,#9827,#9828),
  .UNSPECIFIED.,.F.,.F.,(4,4),(0.412177255515,0.416572813636),
  .PIECEWISE_BEZIER_KNOTS.);
#9825 = CARTESIAN_POINT('',(-7.964056395387,5.324232994761,-1.));
#9826 = CARTESIAN_POINT('',(-7.974416825235,5.33459342461,-1.));
#9827 = CARTESIAN_POINT('',(-7.984777255084,5.344953854458,-1.));
#9828 = CARTESIAN_POINT('',(-7.995137684932,5.355314284307,-1.));
#9829 = PCURVE('',#6391,#9830);
#9830 = DEFINITIONAL_REPRESENTATION('',(#9831),#9835);
#9831 = LINE('',#9832,#9833);
#9832 = CARTESIAN_POINT('',(1.,0.));
#9833 = VECTOR('',#9834,1.);
#9834 = DIRECTION('',(1.768048779757E-13,1.));
#9835 = ( GEOMETRIC_REPRESENTATION_CONTEXT(2) 
PARAMETRIC_REPRESENTATION_CONTEXT() REPRESENTATION_CONTEXT('2D SPACE',''
  ) );
#9836 = PCURVE('',#6558,#9837);
#9837 = DEFINITIONAL_REPRESENTATION('',(#9838),#9843);
#9838 = B_SPLINE_CURVE_WITH_KNOTS('',3,(#9839,#9840,#9841,#9842),
  .UNSPECIFIED.,.F.,.F.,(4,4),(0.412177255515,0.416572813636),
  .PIECEWISE_BEZIER_KNOTS.);
#9839 = CARTESIAN_POINT('',(-7.964056395387,-5.324232994761));
#9840 = CARTESIAN_POINT('',(-7.974416825235,-5.33459342461));
#9841 = CARTESIAN_POINT('',(-7.984777255084,-5.344953854458));
#9842 = CARTESIAN_POINT('',(-7.995137684932,-5.355314284307));
#9843 = ( GEOMETRIC_REPRESENTATION_CONTEXT(2) 
PARAMETRIC_REPRESENTATION_CONTEXT() REPRESENTATION_CONTEXT('2D SPACE',''
  ) );
#9844 = ADVANCED_FACE('',(#9845),#6431,.T.);
#9845 = FACE_BOUND('',#9846,.T.);
#9846 = EDGE_LOOP('',(#9847,#9848,#9871,#9872));
#9847 = ORIENTED_EDGE('',*,*,#6570,.T.);
#9848 = ORIENTED_EDGE('',*,*,#9849,.T.);
#9849 = EDGE_CURVE('',#6543,#9802,#9850,.T.);
#9850 = SURFACE_CURVE('',#9851,(#9856,#9863),.PCURVE_S1.);
#9851 = B_SPLINE_CURVE_WITH_KNOTS('',3,(#9852,#9853,#9854,#9855),
  .UNSPECIFIED.,.F.,.F.,(4,4),(-0.100637436113,0.),
  .PIECEWISE_BEZIER_KNOTS.);
#9852 = CARTESIAN_POINT('',(-6.581818730621,4.917268644327,-1.));
#9853 = CARTESIAN_POINT('',(-7.071792094681,4.813554679496,-1.));
#9854 = CARTESIAN_POINT('',(-7.609158706548,4.969335305922,-1.));
#9855 = CARTESIAN_POINT('',(-7.964056395387,5.324232994761,-1.));
#9856 = PCURVE('',#6431,#9857);
#9857 = DEFINITIONAL_REPRESENTATION('',(#9858),#9862);
#9858 = LINE('',#9859,#9860);
#9859 = CARTESIAN_POINT('',(1.,2.22044604925E-16));
#9860 = VECTOR('',#9861,1.);
#9861 = DIRECTION('',(-3.640529928892E-14,1.));
#9862 = ( GEOMETRIC_REPRESENTATION_CONTEXT(2) 
PARAMETRIC_REPRESENTATION_CONTEXT() REPRESENTATION_CONTEXT('2D SPACE',''
  ) );
#9863 = PCURVE('',#6558,#9864);
#9864 = DEFINITIONAL_REPRESENTATION('',(#9865),#9870);
#9865 = B_SPLINE_CURVE_WITH_KNOTS('',3,(#9866,#9867,#9868,#9869),
  .UNSPECIFIED.,.F.,.F.,(4,4),(-0.100637436113,0.),
  .PIECEWISE_BEZIER_KNOTS.);
#9866 = CARTESIAN_POINT('',(-6.581818730621,-4.917268644327));
#9867 = CARTESIAN_POINT('',(-7.071792094681,-4.813554679496));
#9868 = CARTESIAN_POINT('',(-7.609158706548,-4.969335305922));
#9869 = CARTESIAN_POINT('',(-7.964056395387,-5.324232994761));
#9870 = ( GEOMETRIC_REPRESENTATION_CONTEXT(2) 
PARAMETRIC_REPRESENTATION_CONTEXT() REPRESENTATION_CONTEXT('2D SPACE',''
  ) );
#9871 = ORIENTED_EDGE('',*,*,#9801,.T.);
#9872 = ORIENTED_EDGE('',*,*,#6415,.T.);
#9873 = ADVANCED_FACE('',(#9874),#6558,.T.);
#9874 = FACE_BOUND('',#9875,.T.);
#9875 = EDGE_LOOP('',(#9876,#9877,#9878,#9899,#9900,#9901,#9902,#9903));
#9876 = ORIENTED_EDGE('',*,*,#8565,.F.);
#9877 = ORIENTED_EDGE('',*,*,#8387,.F.);
#9878 = ORIENTED_EDGE('',*,*,#9879,.F.);
#9879 = EDGE_CURVE('',#9779,#8388,#9880,.T.);
#9880 = SURFACE_CURVE('',#9881,(#9885,#9892),.PCURVE_S1.);
#9881 = LINE('',#9882,#9883);
#9882 = CARTESIAN_POINT('',(-5.049523071134,2.409699670508,-1.));
#9883 = VECTOR('',#9884,1.);
#9884 = DIRECTION('',(-0.707106781187,0.707106781187,0.));
#9885 = PCURVE('',#6558,#9886);
#9886 = DEFINITIONAL_REPRESENTATION('',(#9887),#9891);
#9887 = LINE('',#9888,#9889);
#9888 = CARTESIAN_POINT('',(-5.049523071134,-2.409699670508));
#9889 = VECTOR('',#9890,1.);
#9890 = DIRECTION('',(-0.707106781187,-0.707106781187));
#9891 = ( GEOMETRIC_REPRESENTATION_CONTEXT(2) 
PARAMETRIC_REPRESENTATION_CONTEXT() REPRESENTATION_CONTEXT('2D SPACE',''
  ) );
#9892 = PCURVE('',#8549,#9893);
#9893 = DEFINITIONAL_REPRESENTATION('',(#9894),#9898);
#9894 = LINE('',#9895,#9896);
#9895 = CARTESIAN_POINT('',(0.288675134595,-0.204124145232));
#9896 = VECTOR('',#9897,1.);
#9897 = DIRECTION('',(0.57735026919,0.816496580928));
#9898 = ( GEOMETRIC_REPRESENTATION_CONTEXT(2) 
PARAMETRIC_REPRESENTATION_CONTEXT() REPRESENTATION_CONTEXT('2D SPACE',''
  ) );
#9899 = ORIENTED_EDGE('',*,*,#9822,.F.);
#9900 = ORIENTED_EDGE('',*,*,#9849,.F.);
#9901 = ORIENTED_EDGE('',*,*,#6542,.T.);
#9902 = ORIENTED_EDGE('',*,*,#8636,.F.);
#9903 = ORIENTED_EDGE('',*,*,#8665,.F.);
#9904 = ADVANCED_FACE('',(#9905),#6700,.T.);
#9905 = FACE_BOUND('',#9906,.T.);
#9906 = EDGE_LOOP('',(#9907,#9908,#9909,#9930));
#9907 = ORIENTED_EDGE('',*,*,#7566,.F.);
#9908 = ORIENTED_EDGE('',*,*,#6684,.T.);
#9909 = ORIENTED_EDGE('',*,*,#9910,.F.);
#9910 = EDGE_CURVE('',#9911,#6685,#9913,.T.);
#9911 = VERTEX_POINT('',#9912);
#9912 = CARTESIAN_POINT('',(7.964056417209,-5.324232975415,-1.));
#9913 = SURFACE_CURVE('',#9914,(#9918,#9924),.PCURVE_S1.);
#9914 = LINE('',#9915,#9916);
#9915 = CARTESIAN_POINT('',(7.964056417209,-5.324232975415,-1.));
#9916 = VECTOR('',#9917,1.);
#9917 = DIRECTION('',(-0.500479316577,-0.500479316577,-0.706428274744));
#9918 = PCURVE('',#6700,#9919);
#9919 = DEFINITIONAL_REPRESENTATION('',(#9920),#9923);
#9920 = B_SPLINE_CURVE_WITH_KNOTS('',1,(#9921,#9922),.UNSPECIFIED.,.F.,
  .F.,(2,2),(-0.,0.707784637191),.PIECEWISE_BEZIER_KNOTS.);
#9921 = CARTESIAN_POINT('',(1.,0.412177256018));
#9922 = CARTESIAN_POINT('',(1.549236591575E-15,0.412177256018));
#9923 = ( GEOMETRIC_REPRESENTATION_CONTEXT(2) 
PARAMETRIC_REPRESENTATION_CONTEXT() REPRESENTATION_CONTEXT('2D SPACE',''
  ) );
#9924 = PCURVE('',#6740,#9925);
#9925 = DEFINITIONAL_REPRESENTATION('',(#9926),#9929);
#9926 = B_SPLINE_CURVE_WITH_KNOTS('',1,(#9927,#9928),.UNSPECIFIED.,.F.,
  .F.,(2,2),(-0.,0.707784637191),.PIECEWISE_BEZIER_KNOTS.);
#9927 = CARTESIAN_POINT('',(1.,6.949355311305E-17));
#9928 = CARTESIAN_POINT('',(1.403340006867E-15,-7.175859229117E-17));
#9929 = ( GEOMETRIC_REPRESENTATION_CONTEXT(2) 
PARAMETRIC_REPRESENTATION_CONTEXT() REPRESENTATION_CONTEXT('2D SPACE',''
  ) );
#9930 = ORIENTED_EDGE('',*,*,#9931,.T.);
#9931 = EDGE_CURVE('',#9911,#7567,#9932,.T.);
#9932 = SURFACE_CURVE('',#9933,(#9938,#9945),.PCURVE_S1.);
#9933 = B_SPLINE_CURVE_WITH_KNOTS('',3,(#9934,#9935,#9936,#9937),
  .UNSPECIFIED.,.F.,.F.,(4,4),(0.412177256018,0.416572814143),
  .PIECEWISE_BEZIER_KNOTS.);
#9934 = CARTESIAN_POINT('',(7.964056417209,-5.324232975415,-1.));
#9935 = CARTESIAN_POINT('',(7.974416847066,-5.334593405272,-1.));
#9936 = CARTESIAN_POINT('',(7.984777276923,-5.344953835129,-1.));
#9937 = CARTESIAN_POINT('',(7.99513770678,-5.355314264986,-1.));
#9938 = PCURVE('',#6700,#9939);
#9939 = DEFINITIONAL_REPRESENTATION('',(#9940),#9944);
#9940 = LINE('',#9941,#9942);
#9941 = CARTESIAN_POINT('',(1.,6.661338147751E-16));
#9942 = VECTOR('',#9943,1.);
#9943 = DIRECTION('',(-5.051567938025E-14,1.));
#9944 = ( GEOMETRIC_REPRESENTATION_CONTEXT(2) 
PARAMETRIC_REPRESENTATION_CONTEXT() REPRESENTATION_CONTEXT('2D SPACE',''
  ) );
#9945 = PCURVE('',#7016,#9946);
#9946 = DEFINITIONAL_REPRESENTATION('',(#9947),#9952);
#9947 = B_SPLINE_CURVE_WITH_KNOTS('',3,(#9948,#9949,#9950,#9951),
  .UNSPECIFIED.,.F.,.F.,(4,4),(0.412177256018,0.416572814143),
  .PIECEWISE_BEZIER_KNOTS.);
#9948 = CARTESIAN_POINT('',(7.964056417209,5.324232975415));
#9949 = CARTESIAN_POINT('',(7.974416847066,5.334593405272));
#9950 = CARTESIAN_POINT('',(7.984777276923,5.344953835129));
#9951 = CARTESIAN_POINT('',(7.99513770678,5.355314264986));
#9952 = ( GEOMETRIC_REPRESENTATION_CONTEXT(2) 
PARAMETRIC_REPRESENTATION_CONTEXT() REPRESENTATION_CONTEXT('2D SPACE',''
  ) );
#9953 = ADVANCED_FACE('',(#9954),#6740,.T.);
#9954 = FACE_BOUND('',#9955,.T.);
#9955 = EDGE_LOOP('',(#9956,#9957,#9980,#9981));
#9956 = ORIENTED_EDGE('',*,*,#7028,.T.);
#9957 = ORIENTED_EDGE('',*,*,#9958,.T.);
#9958 = EDGE_CURVE('',#7001,#9911,#9959,.T.);
#9959 = SURFACE_CURVE('',#9960,(#9965,#9972),.PCURVE_S1.);
#9960 = B_SPLINE_CURVE_WITH_KNOTS('',3,(#9961,#9962,#9963,#9964),
  .UNSPECIFIED.,.F.,.F.,(4,4),(-0.100637437605,0.),
  .PIECEWISE_BEZIER_KNOTS.);
#9961 = CARTESIAN_POINT('',(6.58181873064,-4.917268629773,-1.));
#9962 = CARTESIAN_POINT('',(7.071792100653,-4.813554656365,-1.));
#9963 = CARTESIAN_POINT('',(7.609158723109,-4.969335281315,-1.));
#9964 = CARTESIAN_POINT('',(7.964056417209,-5.324232975415,-1.));
#9965 = PCURVE('',#6740,#9966);
#9966 = DEFINITIONAL_REPRESENTATION('',(#9967),#9971);
#9967 = LINE('',#9968,#9969);
#9968 = CARTESIAN_POINT('',(1.,5.745404152435E-15));
#9969 = VECTOR('',#9970,1.);
#9970 = DIRECTION('',(-2.360828464334E-13,1.));
#9971 = ( GEOMETRIC_REPRESENTATION_CONTEXT(2) 
PARAMETRIC_REPRESENTATION_CONTEXT() REPRESENTATION_CONTEXT('2D SPACE',''
  ) );
#9972 = PCURVE('',#7016,#9973);
#9973 = DEFINITIONAL_REPRESENTATION('',(#9974),#9979);
#9974 = B_SPLINE_CURVE_WITH_KNOTS('',3,(#9975,#9976,#9977,#9978),
  .UNSPECIFIED.,.F.,.F.,(4,4),(-0.100637437605,0.),
  .PIECEWISE_BEZIER_KNOTS.);
#9975 = CARTESIAN_POINT('',(6.58181873064,4.917268629773));
#9976 = CARTESIAN_POINT('',(7.071792100653,4.813554656365));
#9977 = CARTESIAN_POINT('',(7.609158723109,4.969335281315));
#9978 = CARTESIAN_POINT('',(7.964056417209,5.324232975415));
#9979 = ( GEOMETRIC_REPRESENTATION_CONTEXT(2) 
PARAMETRIC_REPRESENTATION_CONTEXT() REPRESENTATION_CONTEXT('2D SPACE',''
  ) );
#9980 = ORIENTED_EDGE('',*,*,#9910,.T.);
#9981 = ORIENTED_EDGE('',*,*,#6724,.T.);
#9982 = ADVANCED_FACE('',(#9983),#6831,.T.);
#9983 = FACE_BOUND('',#9984,.T.);
#9984 = EDGE_LOOP('',(#9985,#9986,#10009,#10042,#10071,#10104,#10125,
    #10126));
#9985 = ORIENTED_EDGE('',*,*,#9233,.F.);
#9986 = ORIENTED_EDGE('',*,*,#9987,.F.);
#9987 = EDGE_CURVE('',#9988,#9234,#9990,.T.);
#9988 = VERTEX_POINT('',#9989);
#9989 = CARTESIAN_POINT('',(6.742864396817,8.17558107355,-3.));
#9990 = SURFACE_CURVE('',#9991,(#9995,#10002),.PCURVE_S1.);
#9991 = LINE('',#9992,#9993);
#9992 = CARTESIAN_POINT('',(6.74286448635,8.175580984017,-3.));
#9993 = VECTOR('',#9994,1.);
#9994 = DIRECTION('',(-0.707106781187,-0.707106781187,0.));
#9995 = PCURVE('',#6831,#9996);
#9996 = DEFINITIONAL_REPRESENTATION('',(#9997),#10001);
#9997 = LINE('',#9998,#9999);
#9998 = CARTESIAN_POINT('',(-0.81473806833,-0.867978419156));
#9999 = VECTOR('',#10000,1.);
#10000 = DIRECTION('',(-0.707106781187,0.707106781187));
#10001 = ( GEOMETRIC_REPRESENTATION_CONTEXT(2) 
PARAMETRIC_REPRESENTATION_CONTEXT() REPRESENTATION_CONTEXT('2D SPACE',''
  ) );
#10002 = PCURVE('',#9413,#10003);
#10003 = DEFINITIONAL_REPRESENTATION('',(#10004),#10008);
#10004 = LINE('',#10005,#10006);
#10005 = CARTESIAN_POINT('',(0.,0.));
#10006 = VECTOR('',#10007,1.);
#10007 = DIRECTION('',(1.,0.));
#10008 = ( GEOMETRIC_REPRESENTATION_CONTEXT(2) 
PARAMETRIC_REPRESENTATION_CONTEXT() REPRESENTATION_CONTEXT('2D SPACE',''
  ) );
#10009 = ORIENTED_EDGE('',*,*,#10010,.F.);
#10010 = EDGE_CURVE('',#10011,#9988,#10013,.T.);
#10011 = VERTEX_POINT('',#10012);
#10012 = CARTESIAN_POINT('',(7.673904167367,8.279231861677,-3.));
#10013 = SURFACE_CURVE('',#10014,(#10019,#10030),.PCURVE_S1.);
#10014 = CIRCLE('',#10015,0.75);
#10015 = AXIS2_PLACEMENT_3D('',#10016,#10017,#10018);
#10016 = CARTESIAN_POINT('',(7.273194482707,7.64525098766,-3.));
#10017 = DIRECTION('',(0.,0.,1.));
#10018 = DIRECTION('',(-0.402220863078,0.915542668205,0.));
#10019 = PCURVE('',#6831,#10020);
#10020 = DEFINITIONAL_REPRESENTATION('',(#10021),#10029);
#10021 = ( BOUNDED_CURVE() B_SPLINE_CURVE(2,(#10022,#10023,#10024,#10025
    ,#10026,#10027,#10028),.UNSPECIFIED.,.T.,.F.) 
B_SPLINE_CURVE_WITH_KNOTS((1,2,2,2,2,1),(-2.094395102393,0.,
    2.094395102393,4.188790204786,6.28318530718,8.377580409573),
.UNSPECIFIED.) CURVE() GEOMETRIC_REPRESENTATION_ITEM() 
RATIONAL_B_SPLINE_CURVE((1.,0.5,1.,0.5,1.,0.5,1.)) REPRESENTATION_ITEM(
  '') );
#10022 = CARTESIAN_POINT('',(-0.586073719281,-1.024305423953));
#10023 = CARTESIAN_POINT('',(-1.775398532653,-0.501805195916));
#10024 = CARTESIAN_POINT('',(-0.728237655004,0.266930191796));
#10025 = CARTESIAN_POINT('',(0.318923222645,1.035665579509));
#10026 = CARTESIAN_POINT('',(0.461087158368,-0.255570036241));
#10027 = CARTESIAN_POINT('',(0.60325109409,-1.54680565199));
#10028 = CARTESIAN_POINT('',(-0.586073719281,-1.024305423953));
#10029 = ( GEOMETRIC_REPRESENTATION_CONTEXT(2) 
PARAMETRIC_REPRESENTATION_CONTEXT() REPRESENTATION_CONTEXT('2D SPACE',''
  ) );
#10030 = PCURVE('',#10031,#10036);
#10031 = CYLINDRICAL_SURFACE('',#10032,0.75);
#10032 = AXIS2_PLACEMENT_3D('',#10033,#10034,#10035);
#10033 = CARTESIAN_POINT('',(7.273194482707,7.64525098766,-3.));
#10034 = DIRECTION('',(0.,0.,1.));
#10035 = DIRECTION('',(-0.402220863078,0.915542668205,0.));
#10036 = DEFINITIONAL_REPRESENTATION('',(#10037),#10041);
#10037 = LINE('',#10038,#10039);
#10038 = CARTESIAN_POINT('',(-1.7763568394E-15,0.));
#10039 = VECTOR('',#10040,1.);
#10040 = DIRECTION('',(1.,0.));
#10041 = ( GEOMETRIC_REPRESENTATION_CONTEXT(2) 
PARAMETRIC_REPRESENTATION_CONTEXT() REPRESENTATION_CONTEXT('2D SPACE',''
  ) );
#10042 = ORIENTED_EDGE('',*,*,#10043,.T.);
#10043 = EDGE_CURVE('',#10011,#10044,#10046,.T.);
#10044 = VERTEX_POINT('',#10045);
#10045 = CARTESIAN_POINT('',(8.529231800659,7.423904263907,-3.));
#10046 = SURFACE_CURVE('',#10047,(#10052,#10059),.PCURVE_S1.);
#10047 = CIRCLE('',#10048,2.75);
#10048 = AXIS2_PLACEMENT_3D('',#10049,#10050,#10051);
#10049 = CARTESIAN_POINT('',(6.204635323614,5.954635323614,-3.));
#10050 = DIRECTION('',(0.,0.,-1.));
#10051 = DIRECTION('',(1.,0.,0.));
#10052 = PCURVE('',#6831,#10053);
#10053 = DEFINITIONAL_REPRESENTATION('',(#10054),#10058);
#10054 = CIRCLE('',#10055,2.75);
#10055 = AXIS2_PLACEMENT_2D('',#10056,#10057);
#10056 = CARTESIAN_POINT('',(-1.352967231066,1.352967241247));
#10057 = DIRECTION('',(1.,0.));
#10058 = ( GEOMETRIC_REPRESENTATION_CONTEXT(2) 
PARAMETRIC_REPRESENTATION_CONTEXT() REPRESENTATION_CONTEXT('2D SPACE',''
  ) );
#10059 = PCURVE('',#10060,#10065);
#10060 = CYLINDRICAL_SURFACE('',#10061,2.75);
#10061 = AXIS2_PLACEMENT_3D('',#10062,#10063,#10064);
#10062 = CARTESIAN_POINT('',(6.204635323614,5.954635323614,-3.));
#10063 = DIRECTION('',(0.,0.,1.));
#10064 = DIRECTION('',(1.,0.,-0.));
#10065 = DEFINITIONAL_REPRESENTATION('',(#10066),#10070);
#10066 = LINE('',#10067,#10068);
#10067 = CARTESIAN_POINT('',(6.28318530718,0.));
#10068 = VECTOR('',#10069,1.);
#10069 = DIRECTION('',(-1.,0.));
#10070 = ( GEOMETRIC_REPRESENTATION_CONTEXT(2) 
PARAMETRIC_REPRESENTATION_CONTEXT() REPRESENTATION_CONTEXT('2D SPACE',''
  ) );
#10071 = ORIENTED_EDGE('',*,*,#10072,.F.);
#10072 = EDGE_CURVE('',#10073,#10044,#10075,.T.);
#10073 = VERTEX_POINT('',#10074);
#10074 = CARTESIAN_POINT('',(8.425581029173,6.492864467028,-3.));
#10075 = SURFACE_CURVE('',#10076,(#10081,#10092),.PCURVE_S1.);
#10076 = CIRCLE('',#10077,0.75);
#10077 = AXIS2_PLACEMENT_3D('',#10078,#10079,#10080);
#10078 = CARTESIAN_POINT('',(7.895250943283,7.023194552918,-3.));
#10079 = DIRECTION('',(0.,0.,1.));
#10080 = DIRECTION('',(0.91554268491,-0.402220825056,0.));
#10081 = PCURVE('',#6831,#10082);
#10082 = DEFINITIONAL_REPRESENTATION('',(#10083),#10091);
#10083 = ( BOUNDED_CURVE() B_SPLINE_CURVE(2,(#10084,#10085,#10086,#10087
    ,#10088,#10089,#10090),.UNSPECIFIED.,.T.,.F.) 
B_SPLINE_CURVE_WITH_KNOTS((1,2,2,2,2,1),(-2.094395102393,0.,
    2.094395102393,4.188790204786,6.28318530718,8.377580409573),
.UNSPECIFIED.) CURVE() GEOMETRIC_REPRESENTATION_ITEM() 
RATIONAL_B_SPLINE_CURVE((1.,0.5,1.,0.5,1.,0.5,1.)) REPRESENTATION_ITEM(
  '') );
#10084 = CARTESIAN_POINT('',(1.024305402286,0.586073630735));
#10085 = CARTESIAN_POINT('',(1.54680558093,-0.603251204336));
#10086 = CARTESIAN_POINT('',(0.255569971085,-0.461087214989));
#10087 = CARTESIAN_POINT('',(-1.035665638761,-0.318923225641));
#10088 = CARTESIAN_POINT('',(-0.26693020756,0.728237620082));
#10089 = CARTESIAN_POINT('',(0.501805223641,1.775398465806));
#10090 = CARTESIAN_POINT('',(1.024305402286,0.586073630735));
#10091 = ( GEOMETRIC_REPRESENTATION_CONTEXT(2) 
PARAMETRIC_REPRESENTATION_CONTEXT() REPRESENTATION_CONTEXT('2D SPACE',''
  ) );
#10092 = PCURVE('',#10093,#10098);
#10093 = CYLINDRICAL_SURFACE('',#10094,0.75);
#10094 = AXIS2_PLACEMENT_3D('',#10095,#10096,#10097);
#10095 = CARTESIAN_POINT('',(7.895250943283,7.023194552918,-3.));
#10096 = DIRECTION('',(0.,0.,1.));
#10097 = DIRECTION('',(0.91554268491,-0.402220825056,0.));
#10098 = DEFINITIONAL_REPRESENTATION('',(#10099),#10103);
#10099 = LINE('',#10100,#10101);
#10100 = CARTESIAN_POINT('',(-6.28318530718,0.));
#10101 = VECTOR('',#10102,1.);
#10102 = DIRECTION('',(1.,0.));
#10103 = ( GEOMETRIC_REPRESENTATION_CONTEXT(2) 
PARAMETRIC_REPRESENTATION_CONTEXT() REPRESENTATION_CONTEXT('2D SPACE',''
  ) );
#10104 = ORIENTED_EDGE('',*,*,#10105,.T.);
#10105 = EDGE_CURVE('',#10073,#7091,#10106,.T.);
#10106 = SURFACE_CURVE('',#10107,(#10111,#10118),.PCURVE_S1.);
#10107 = LINE('',#10108,#10109);
#10108 = CARTESIAN_POINT('',(8.425581029173,6.492864467028,-3.));
#10109 = VECTOR('',#10110,1.);
#10110 = DIRECTION('',(-0.707106781187,-0.707106781187,0.));
#10111 = PCURVE('',#6831,#10112);
#10112 = DEFINITIONAL_REPRESENTATION('',(#10113),#10117);
#10113 = LINE('',#10114,#10115);
#10114 = CARTESIAN_POINT('',(0.867978474493,0.814738097833));
#10115 = VECTOR('',#10116,1.);
#10116 = DIRECTION('',(-0.707106781187,0.707106781187));
#10117 = ( GEOMETRIC_REPRESENTATION_CONTEXT(2) 
PARAMETRIC_REPRESENTATION_CONTEXT() REPRESENTATION_CONTEXT('2D SPACE',''
  ) );
#10118 = PCURVE('',#7109,#10119);
#10119 = DEFINITIONAL_REPRESENTATION('',(#10120),#10124);
#10120 = LINE('',#10121,#10122);
#10121 = CARTESIAN_POINT('',(1.724275964069,0.));
#10122 = VECTOR('',#10123,1.);
#10123 = DIRECTION('',(-1.,0.));
#10124 = ( GEOMETRIC_REPRESENTATION_CONTEXT(2) 
PARAMETRIC_REPRESENTATION_CONTEXT() REPRESENTATION_CONTEXT('2D SPACE',''
  ) );
#10125 = ORIENTED_EDGE('',*,*,#7122,.F.);
#10126 = ORIENTED_EDGE('',*,*,#6814,.T.);
#10127 = ADVANCED_FACE('',(#10128),#6946,.T.);
#10128 = FACE_BOUND('',#10129,.T.);
#10129 = EDGE_LOOP('',(#10130,#10131,#10132,#10153));
#10130 = ORIENTED_EDGE('',*,*,#6916,.T.);
#10131 = ORIENTED_EDGE('',*,*,#7287,.T.);
#10132 = ORIENTED_EDGE('',*,*,#10133,.T.);
#10133 = EDGE_CURVE('',#7288,#10134,#10136,.T.);
#10134 = VERTEX_POINT('',#10135);
#10135 = CARTESIAN_POINT('',(7.964056370674,5.324233027343,-1.));
#10136 = SURFACE_CURVE('',#10137,(#10141,#10147),.PCURVE_S1.);
#10137 = LINE('',#10138,#10139);
#10138 = CARTESIAN_POINT('',(7.609824799174,5.678464598843,
    -1.49999908014));
#10139 = VECTOR('',#10140,1.);
#10140 = DIRECTION('',(0.500479316574,-0.500479316574,0.706428274748));
#10141 = PCURVE('',#6946,#10142);
#10142 = DEFINITIONAL_REPRESENTATION('',(#10143),#10146);
#10143 = B_SPLINE_CURVE_WITH_KNOTS('',1,(#10144,#10145),.UNSPECIFIED.,
  .F.,.F.,(2,2),(0.,0.707784637186),.PIECEWISE_BEZIER_KNOTS.);
#10144 = CARTESIAN_POINT('',(-2.095242647725E-15,-0.148168926988));
#10145 = CARTESIAN_POINT('',(1.,-0.148168926988));
#10146 = ( GEOMETRIC_REPRESENTATION_CONTEXT(2) 
PARAMETRIC_REPRESENTATION_CONTEXT() REPRESENTATION_CONTEXT('2D SPACE',''
  ) );
#10147 = PCURVE('',#7326,#10148);
#10148 = DEFINITIONAL_REPRESENTATION('',(#10149),#10152);
#10149 = B_SPLINE_CURVE_WITH_KNOTS('',1,(#10150,#10151),.UNSPECIFIED.,
  .F.,.F.,(2,2),(0.,0.707784637186),.PIECEWISE_BEZIER_KNOTS.);
#10150 = CARTESIAN_POINT('',(5.728149445571E-15,-0.498391053818));
#10151 = CARTESIAN_POINT('',(1.,-0.498391053818));
#10152 = ( GEOMETRIC_REPRESENTATION_CONTEXT(2) 
PARAMETRIC_REPRESENTATION_CONTEXT() REPRESENTATION_CONTEXT('2D SPACE',''
  ) );
#10153 = ORIENTED_EDGE('',*,*,#10154,.T.);
#10154 = EDGE_CURVE('',#10134,#6917,#10155,.T.);
#10155 = SURFACE_CURVE('',#10156,(#10163,#10170),.PCURVE_S1.);
#10156 = B_SPLINE_CURVE_WITH_KNOTS('',3,(#10157,#10158,#10159,#10160,
    #10161,#10162),.UNSPECIFIED.,.F.,.F.,(4,2,4),(-0.148168926988,
    -0.113058772206,-4.756213675494E-02),.UNSPECIFIED.);
#10157 = CARTESIAN_POINT('',(7.964056370674,5.324233027343,-1.));
#10158 = CARTESIAN_POINT('',(7.840222408798,5.200399065466,-1.));
#10159 = CARTESIAN_POINT('',(7.695724364498,5.099209308217,-1.));
#10160 = CARTESIAN_POINT('',(7.241196597774,4.885947119073,-1.));
#10161 = CARTESIAN_POINT('',(6.901253994627,4.848382105577,-1.));
#10162 = CARTESIAN_POINT('',(6.581779796707,4.917083189629,-1.));
#10163 = PCURVE('',#6946,#10164);
#10164 = DEFINITIONAL_REPRESENTATION('',(#10165),#10169);
#10165 = LINE('',#10166,#10167);
#10166 = CARTESIAN_POINT('',(1.,1.110223024625E-16));
#10167 = VECTOR('',#10168,1.);
#10168 = DIRECTION('',(-3.641638872336E-14,1.));
#10169 = ( GEOMETRIC_REPRESENTATION_CONTEXT(2) 
PARAMETRIC_REPRESENTATION_CONTEXT() REPRESENTATION_CONTEXT('2D SPACE',''
  ) );
#10170 = PCURVE('',#7016,#10171);
#10171 = DEFINITIONAL_REPRESENTATION('',(#10172),#10179);
#10172 = B_SPLINE_CURVE_WITH_KNOTS('',3,(#10173,#10174,#10175,#10176,
    #10177,#10178),.UNSPECIFIED.,.F.,.F.,(4,2,4),(-0.148168926988,
    -0.113058772206,-4.756213675494E-02),.UNSPECIFIED.);
#10173 = CARTESIAN_POINT('',(7.964056370674,-5.324233027343));
#10174 = CARTESIAN_POINT('',(7.840222408798,-5.200399065466));
#10175 = CARTESIAN_POINT('',(7.695724364498,-5.099209308217));
#10176 = CARTESIAN_POINT('',(7.241196597774,-4.885947119073));
#10177 = CARTESIAN_POINT('',(6.901253994627,-4.848382105577));
#10178 = CARTESIAN_POINT('',(6.581779796707,-4.917083189629));
#10179 = ( GEOMETRIC_REPRESENTATION_CONTEXT(2) 
PARAMETRIC_REPRESENTATION_CONTEXT() REPRESENTATION_CONTEXT('2D SPACE',''
  ) );
#10180 = ADVANCED_FACE('',(#10181),#7016,.T.);
#10181 = FACE_BOUND('',#10182,.T.);
#10182 = EDGE_LOOP('',(#10183,#10206,#10207,#10208,#10209,#10210,#10211,
    #10212));
#10183 = ORIENTED_EDGE('',*,*,#10184,.F.);
#10184 = EDGE_CURVE('',#7636,#10185,#10187,.T.);
#10185 = VERTEX_POINT('',#10186);
#10186 = CARTESIAN_POINT('',(7.995137660143,5.355314316812,-1.));
#10187 = SURFACE_CURVE('',#10188,(#10192,#10199),.PCURVE_S1.);
#10188 = LINE('',#10189,#10190);
#10189 = CARTESIAN_POINT('',(4.439899432301,1.800076088969,-1.));
#10190 = VECTOR('',#10191,1.);
#10191 = DIRECTION('',(-0.707106781187,-0.707106781187,0.));
#10192 = PCURVE('',#7016,#10193);
#10193 = DEFINITIONAL_REPRESENTATION('',(#10194),#10198);
#10194 = LINE('',#10195,#10196);
#10195 = CARTESIAN_POINT('',(4.439899432301,-1.800076088969));
#10196 = VECTOR('',#10197,1.);
#10197 = DIRECTION('',(-0.707106781187,0.707106781187));
#10198 = ( GEOMETRIC_REPRESENTATION_CONTEXT(2) 
PARAMETRIC_REPRESENTATION_CONTEXT() REPRESENTATION_CONTEXT('2D SPACE',''
  ) );
#10199 = PCURVE('',#7674,#10200);
#10200 = DEFINITIONAL_REPRESENTATION('',(#10201),#10205);
#10201 = LINE('',#10202,#10203);
#10202 = CARTESIAN_POINT('',(-0.288675134595,-0.204124145232));
#10203 = VECTOR('',#10204,1.);
#10204 = DIRECTION('',(0.57735026919,-0.816496580928));
#10205 = ( GEOMETRIC_REPRESENTATION_CONTEXT(2) 
PARAMETRIC_REPRESENTATION_CONTEXT() REPRESENTATION_CONTEXT('2D SPACE',''
  ) );
#10206 = ORIENTED_EDGE('',*,*,#7635,.F.);
#10207 = ORIENTED_EDGE('',*,*,#7588,.F.);
#10208 = ORIENTED_EDGE('',*,*,#9931,.F.);
#10209 = ORIENTED_EDGE('',*,*,#9958,.F.);
#10210 = ORIENTED_EDGE('',*,*,#7000,.T.);
#10211 = ORIENTED_EDGE('',*,*,#10154,.F.);
#10212 = ORIENTED_EDGE('',*,*,#10213,.F.);
#10213 = EDGE_CURVE('',#10185,#10134,#10214,.T.);
#10214 = SURFACE_CURVE('',#10215,(#10220,#10228),.PCURVE_S1.);
#10215 = B_SPLINE_CURVE_WITH_KNOTS('',3,(#10216,#10217,#10218,#10219),
  .UNSPECIFIED.,.F.,.F.,(4,4),(-0.502786611928,-0.498391053818),
  .PIECEWISE_BEZIER_KNOTS.);
#10216 = CARTESIAN_POINT('',(7.995137660143,5.355314316812,-1.));
#10217 = CARTESIAN_POINT('',(7.98477723032,5.344953886989,-1.));
#10218 = CARTESIAN_POINT('',(7.974416800497,5.334593457166,-1.));
#10219 = CARTESIAN_POINT('',(7.964056370674,5.324233027343,-1.));
#10220 = PCURVE('',#7016,#10221);
#10221 = DEFINITIONAL_REPRESENTATION('',(#10222),#10227);
#10222 = B_SPLINE_CURVE_WITH_KNOTS('',3,(#10223,#10224,#10225,#10226),
  .UNSPECIFIED.,.F.,.F.,(4,4),(-0.502786611928,-0.498391053818),
  .PIECEWISE_BEZIER_KNOTS.);
#10223 = CARTESIAN_POINT('',(7.995137660143,-5.355314316812));
#10224 = CARTESIAN_POINT('',(7.98477723032,-5.344953886989));
#10225 = CARTESIAN_POINT('',(7.974416800497,-5.334593457166));
#10226 = CARTESIAN_POINT('',(7.964056370674,-5.324233027343));
#10227 = ( GEOMETRIC_REPRESENTATION_CONTEXT(2) 
PARAMETRIC_REPRESENTATION_CONTEXT() REPRESENTATION_CONTEXT('2D SPACE',''
  ) );
#10228 = PCURVE('',#7326,#10229);
#10229 = DEFINITIONAL_REPRESENTATION('',(#10230),#10234);
#10230 = LINE('',#10231,#10232);
#10231 = CARTESIAN_POINT('',(1.,0.));
#10232 = VECTOR('',#10233,1.);
#10233 = DIRECTION('',(-5.556724750037E-13,1.));
#10234 = ( GEOMETRIC_REPRESENTATION_CONTEXT(2) 
PARAMETRIC_REPRESENTATION_CONTEXT() REPRESENTATION_CONTEXT('2D SPACE',''
  ) );
#10235 = ADVANCED_FACE('',(#10236),#7109,.T.);
#10236 = FACE_BOUND('',#10237,.T.);
#10237 = EDGE_LOOP('',(#10238,#10261,#10262,#10263,#10286));
#10238 = ORIENTED_EDGE('',*,*,#10239,.F.);
#10239 = EDGE_CURVE('',#7093,#10240,#10242,.T.);
#10240 = VERTEX_POINT('',#10241);
#10241 = CARTESIAN_POINT('',(8.104170814193,6.171454252048,-1.5));
#10242 = SURFACE_CURVE('',#10243,(#10247,#10254),.PCURVE_S1.);
#10243 = LINE('',#10244,#10245);
#10244 = CARTESIAN_POINT('',(4.086346041707,2.153629479563,-1.5));
#10245 = VECTOR('',#10246,1.);
#10246 = DIRECTION('',(0.707106781187,0.707106781187,0.));
#10247 = PCURVE('',#7109,#10248);
#10248 = DEFINITIONAL_REPRESENTATION('',(#10249),#10253);
#10249 = LINE('',#10250,#10251);
#10250 = CARTESIAN_POINT('',(-4.412329005528,1.5));
#10251 = VECTOR('',#10252,1.);
#10252 = DIRECTION('',(1.,0.));
#10253 = ( GEOMETRIC_REPRESENTATION_CONTEXT(2) 
PARAMETRIC_REPRESENTATION_CONTEXT() REPRESENTATION_CONTEXT('2D SPACE',''
  ) );
#10254 = PCURVE('',#7674,#10255);
#10255 = DEFINITIONAL_REPRESENTATION('',(#10256),#10260);
#10256 = LINE('',#10257,#10258);
#10257 = CARTESIAN_POINT('',(0.288675134595,0.204124145232));
#10258 = VECTOR('',#10259,1.);
#10259 = DIRECTION('',(-0.57735026919,0.816496580928));
#10260 = ( GEOMETRIC_REPRESENTATION_CONTEXT(2) 
PARAMETRIC_REPRESENTATION_CONTEXT() REPRESENTATION_CONTEXT('2D SPACE',''
  ) );
#10261 = ORIENTED_EDGE('',*,*,#7090,.F.);
#10262 = ORIENTED_EDGE('',*,*,#10105,.F.);
#10263 = ORIENTED_EDGE('',*,*,#10264,.T.);
#10264 = EDGE_CURVE('',#10073,#10265,#10267,.T.);
#10265 = VERTEX_POINT('',#10266);
#10266 = CARTESIAN_POINT('',(8.425581029173,6.492864467028,-1.5));
#10267 = SURFACE_CURVE('',#10268,(#10272,#10279),.PCURVE_S1.);
#10268 = LINE('',#10269,#10270);
#10269 = CARTESIAN_POINT('',(8.425581029173,6.492864467028,-3.));
#10270 = VECTOR('',#10271,1.);
#10271 = DIRECTION('',(0.,0.,1.));
#10272 = PCURVE('',#7109,#10273);
#10273 = DEFINITIONAL_REPRESENTATION('',(#10274),#10278);
#10274 = LINE('',#10275,#10276);
#10275 = CARTESIAN_POINT('',(1.724275964069,0.));
#10276 = VECTOR('',#10277,1.);
#10277 = DIRECTION('',(0.,1.));
#10278 = ( GEOMETRIC_REPRESENTATION_CONTEXT(2) 
PARAMETRIC_REPRESENTATION_CONTEXT() REPRESENTATION_CONTEXT('2D SPACE',''
  ) );
#10279 = PCURVE('',#10093,#10280);
#10280 = DEFINITIONAL_REPRESENTATION('',(#10281),#10285);
#10281 = LINE('',#10282,#10283);
#10282 = CARTESIAN_POINT('',(-0.371456913537,0.));
#10283 = VECTOR('',#10284,1.);
#10284 = DIRECTION('',(0.,1.));
#10285 = ( GEOMETRIC_REPRESENTATION_CONTEXT(2) 
PARAMETRIC_REPRESENTATION_CONTEXT() REPRESENTATION_CONTEXT('2D SPACE',''
  ) );
#10286 = ORIENTED_EDGE('',*,*,#10287,.F.);
#10287 = EDGE_CURVE('',#10240,#10265,#10288,.T.);
#10288 = SURFACE_CURVE('',#10289,(#10293,#10300),.PCURVE_S1.);
#10289 = LINE('',#10290,#10291);
#10290 = CARTESIAN_POINT('',(8.425581029173,6.492864467028,-1.5));
#10291 = VECTOR('',#10292,1.);
#10292 = DIRECTION('',(0.707106781187,0.707106781187,0.));
#10293 = PCURVE('',#7109,#10294);
#10294 = DEFINITIONAL_REPRESENTATION('',(#10295),#10299);
#10295 = LINE('',#10296,#10297);
#10296 = CARTESIAN_POINT('',(1.724275964069,1.5));
#10297 = VECTOR('',#10298,1.);
#10298 = DIRECTION('',(1.,0.));
#10299 = ( GEOMETRIC_REPRESENTATION_CONTEXT(2) 
PARAMETRIC_REPRESENTATION_CONTEXT() REPRESENTATION_CONTEXT('2D SPACE',''
  ) );
#10300 = PCURVE('',#10301,#10306);
#10301 = PLANE('',#10302);
#10302 = AXIS2_PLACEMENT_3D('',#10303,#10304,#10305);
#10303 = CARTESIAN_POINT('',(7.557602554679,7.307602564861,-1.5));
#10304 = DIRECTION('',(0.,0.,-1.));
#10305 = DIRECTION('',(1.,0.,0.));
#10306 = DEFINITIONAL_REPRESENTATION('',(#10307),#10311);
#10307 = LINE('',#10308,#10309);
#10308 = CARTESIAN_POINT('',(0.867978474493,0.814738097833));
#10309 = VECTOR('',#10310,1.);
#10310 = DIRECTION('',(0.707106781187,-0.707106781187));
#10311 = ( GEOMETRIC_REPRESENTATION_CONTEXT(2) 
PARAMETRIC_REPRESENTATION_CONTEXT() REPRESENTATION_CONTEXT('2D SPACE',''
  ) );
#10312 = ADVANCED_FACE('',(#10313),#7326,.T.);
#10313 = FACE_BOUND('',#10314,.T.);
#10314 = EDGE_LOOP('',(#10315,#10316,#10317,#10337));
#10315 = ORIENTED_EDGE('',*,*,#10133,.F.);
#10316 = ORIENTED_EDGE('',*,*,#7312,.T.);
#10317 = ORIENTED_EDGE('',*,*,#10318,.F.);
#10318 = EDGE_CURVE('',#10185,#7093,#10319,.T.);
#10319 = SURFACE_CURVE('',#10320,(#10324,#10330),.PCURVE_S1.);
#10320 = LINE('',#10321,#10322);
#10321 = CARTESIAN_POINT('',(7.995137660143,5.355314316812,-1.));
#10322 = VECTOR('',#10323,1.);
#10323 = DIRECTION('',(-0.500000000108,0.500000000108,-0.707106781034));
#10324 = PCURVE('',#7326,#10325);
#10325 = DEFINITIONAL_REPRESENTATION('',(#10326),#10329);
#10326 = B_SPLINE_CURVE_WITH_KNOTS('',1,(#10327,#10328),.UNSPECIFIED.,
  .F.,.F.,(2,2),(0.,0.707106781034),.PIECEWISE_BEZIER_KNOTS.);
#10327 = CARTESIAN_POINT('',(1.,-0.502786611928));
#10328 = CARTESIAN_POINT('',(2.157204918462E-10,-0.502786611928));
#10329 = ( GEOMETRIC_REPRESENTATION_CONTEXT(2) 
PARAMETRIC_REPRESENTATION_CONTEXT() REPRESENTATION_CONTEXT('2D SPACE',''
  ) );
#10330 = PCURVE('',#7674,#10331);
#10331 = DEFINITIONAL_REPRESENTATION('',(#10332),#10336);
#10332 = LINE('',#10333,#10334);
#10333 = CARTESIAN_POINT('',(-3.191514992012,3.901111350524));
#10334 = VECTOR('',#10335,1.);
#10335 = DIRECTION('',(0.816496580928,0.57735026919));
#10336 = ( GEOMETRIC_REPRESENTATION_CONTEXT(2) 
PARAMETRIC_REPRESENTATION_CONTEXT() REPRESENTATION_CONTEXT('2D SPACE',''
  ) );
#10337 = ORIENTED_EDGE('',*,*,#10213,.T.);
#10338 = ADVANCED_FACE('',(#10339),#7674,.T.);
#10339 = FACE_BOUND('',#10340,.T.);
#10340 = EDGE_LOOP('',(#10341,#10342,#10343,#10344,#10345));
#10341 = ORIENTED_EDGE('',*,*,#7658,.T.);
#10342 = ORIENTED_EDGE('',*,*,#10184,.T.);
#10343 = ORIENTED_EDGE('',*,*,#10318,.T.);
#10344 = ORIENTED_EDGE('',*,*,#10239,.T.);
#10345 = ORIENTED_EDGE('',*,*,#10346,.T.);
#10346 = EDGE_CURVE('',#10240,#7659,#10347,.T.);
#10347 = SURFACE_CURVE('',#10348,(#10353,#10360),.PCURVE_S1.);
#10348 = ELLIPSE('',#10349,2.92124429235,2.05);
#10349 = AXIS2_PLACEMENT_3D('',#10350,#10351,#10352);
#10350 = CARTESIAN_POINT('',(6.177501615047,5.927501615047,
    -2.689860291907));
#10351 = DIRECTION('',(0.5,-0.5,-0.707106781187));
#10352 = DIRECTION('',(-0.370641151082,0.614393108083,-0.696524404357));
#10353 = PCURVE('',#7674,#10354);
#10354 = DEFINITIONAL_REPRESENTATION('',(#10355),#10359);
#10355 = ELLIPSE('',#10356,2.92124429235,2.05);
#10356 = AXIS2_PLACEMENT_2D('',#10357,#10358);
#10357 = CARTESIAN_POINT('',(-0.731780081394,4.56181633185));
#10358 = DIRECTION('',(0.704765784962,0.70944005268));
#10359 = ( GEOMETRIC_REPRESENTATION_CONTEXT(2) 
PARAMETRIC_REPRESENTATION_CONTEXT() REPRESENTATION_CONTEXT('2D SPACE',''
  ) );
#10360 = PCURVE('',#7702,#10361);
#10361 = DEFINITIONAL_REPRESENTATION('',(#10362),#10365);
#10362 = B_SPLINE_CURVE_WITH_KNOTS('',1,(#10363,#10364),.UNSPECIFIED.,
  .F.,.F.,(2,2),(2.067860535465,2.230216659353),
  .PIECEWISE_BEZIER_KNOTS.);
#10363 = CARTESIAN_POINT('',(6.902429248416,2.055246561045));
#10364 = CARTESIAN_POINT('',(7.064785372304,1.772602518112));
#10365 = ( GEOMETRIC_REPRESENTATION_CONTEXT(2) 
PARAMETRIC_REPRESENTATION_CONTEXT() REPRESENTATION_CONTEXT('2D SPACE',''
  ) );
#10366 = ADVANCED_FACE('',(#10367),#7702,.T.);
#10367 = FACE_BOUND('',#10368,.T.);
#10368 = EDGE_LOOP('',(#10369,#10399,#10427,#10472,#10473,#10474));
#10369 = ORIENTED_EDGE('',*,*,#10370,.F.);
#10370 = EDGE_CURVE('',#10371,#10373,#10375,.T.);
#10371 = VERTEX_POINT('',#10372);
#10372 = CARTESIAN_POINT('',(6.066794892665,7.858994023753,
    -1.24580739219));
#10373 = VERTEX_POINT('',#10374);
#10374 = CARTESIAN_POINT('',(6.421454307441,7.854170805108,-1.5));
#10375 = SURFACE_CURVE('',#10376,(#10381,#10387),.PCURVE_S1.);
#10376 = ELLIPSE('',#10377,2.92124429235,2.05);
#10377 = AXIS2_PLACEMENT_3D('',#10378,#10379,#10380);
#10378 = CARTESIAN_POINT('',(6.177501611058,5.927501611058,
    -2.689860246315));
#10379 = DIRECTION('',(-0.5,0.5,-0.707106781187));
#10380 = DIRECTION('',(0.614393108083,-0.370641151082,-0.696524404357));
#10381 = PCURVE('',#7702,#10382);
#10382 = DEFINITIONAL_REPRESENTATION('',(#10383),#10386);
#10383 = B_SPLINE_CURVE_WITH_KNOTS('',1,(#10384,#10385),.UNSPECIFIED.,
  .F.,.F.,(2,2),(4.052968647827,4.215324799026),
  .PIECEWISE_BEZIER_KNOTS.);
#10384 = CARTESIAN_POINT('',(5.501585242055,1.772602472172));
#10385 = CARTESIAN_POINT('',(5.663941393255,2.055246565066));
#10386 = ( GEOMETRIC_REPRESENTATION_CONTEXT(2) 
PARAMETRIC_REPRESENTATION_CONTEXT() REPRESENTATION_CONTEXT('2D SPACE',''
  ) );
#10387 = PCURVE('',#10388,#10393);
#10388 = PLANE('',#10389);
#10389 = AXIS2_PLACEMENT_3D('',#10390,#10391,#10392);
#10390 = CARTESIAN_POINT('',(2.836476423461,4.622746311722,-1.25));
#10391 = DIRECTION('',(-0.5,0.5,-0.707106781187));
#10392 = DIRECTION('',(-0.816496580928,1.110223024625E-16,0.57735026919)
  );
#10393 = DEFINITIONAL_REPRESENTATION('',(#10394),#10398);
#10394 = ELLIPSE('',#10395,2.92124429235,2.05);
#10395 = AXIS2_PLACEMENT_2D('',#10396,#10397);
#10396 = CARTESIAN_POINT('',(-3.559239343272,1.506601646596));
#10397 = DIRECTION('',(-0.903788424448,-0.4279795367));
#10398 = ( GEOMETRIC_REPRESENTATION_CONTEXT(2) 
PARAMETRIC_REPRESENTATION_CONTEXT() REPRESENTATION_CONTEXT('2D SPACE',''
  ) );
#10399 = ORIENTED_EDGE('',*,*,#10400,.T.);
#10400 = EDGE_CURVE('',#10371,#10401,#10403,.T.);
#10401 = VERTEX_POINT('',#10402);
#10402 = CARTESIAN_POINT('',(5.913710035588,7.705909166676,
    0.503960530961));
#10403 = SURFACE_CURVE('',#10404,(#10408,#10415),.PCURVE_S1.);
#10404 = LINE('',#10405,#10406);
#10405 = CARTESIAN_POINT('',(5.912885857731,7.705084988819,
    0.513380926974));
#10406 = VECTOR('',#10407,1.);
#10407 = DIRECTION('',(-8.682659386425E-02,-8.682659386425E-02,
    0.992432509139));
#10408 = PCURVE('',#7702,#10409);
#10409 = DEFINITIONAL_REPRESENTATION('',(#10410),#10414);
#10410 = LINE('',#10411,#10412);
#10411 = CARTESIAN_POINT('',(5.501585242055,8.881784197001E-16));
#10412 = VECTOR('',#10413,1.);
#10413 = DIRECTION('',(-5.03756598783E-16,-1.));
#10414 = ( GEOMETRIC_REPRESENTATION_CONTEXT(2) 
PARAMETRIC_REPRESENTATION_CONTEXT() REPRESENTATION_CONTEXT('2D SPACE',''
  ) );
#10415 = PCURVE('',#10416,#10421);
#10416 = PLANE('',#10417);
#10417 = AXIS2_PLACEMENT_3D('',#10418,#10419,#10420);
#10418 = CARTESIAN_POINT('',(-8.,7.75,0.));
#10419 = DIRECTION('',(4.968351697092E-17,0.996194698092,
    8.715574274766E-02));
#10420 = DIRECTION('',(-1.,4.987329993433E-17,-3.851859888774E-33));
#10421 = DEFINITIONAL_REPRESENTATION('',(#10422),#10426);
#10422 = LINE('',#10423,#10424);
#10423 = CARTESIAN_POINT('',(-13.91288585773,0.515341958713));
#10424 = VECTOR('',#10425,1.);
#10425 = DIRECTION('',(8.682659386425E-02,0.996223440097));
#10426 = ( GEOMETRIC_REPRESENTATION_CONTEXT(2) 
PARAMETRIC_REPRESENTATION_CONTEXT() REPRESENTATION_CONTEXT('2D SPACE',''
  ) );
#10427 = ORIENTED_EDGE('',*,*,#10428,.F.);
#10428 = EDGE_CURVE('',#7687,#10401,#10429,.T.);
#10429 = SURFACE_CURVE('',#10430,(#10436,#10465),.PCURVE_S1.);
#10430 = B_SPLINE_CURVE_WITH_KNOTS('',3,(#10431,#10432,#10433,#10434,
    #10435),.UNSPECIFIED.,.F.,.F.,(4,1,4),(-0.740989609687,
    0.105855658527,0.740989609687),.UNSPECIFIED.);
#10431 = CARTESIAN_POINT('',(7.955909166676,5.663710035588,
    0.503960530961));
#10432 = CARTESIAN_POINT('',(7.955718351627,6.270009322322,
    0.506141556957));
#10433 = CARTESIAN_POINT('',(7.446346716626,7.337502218885,0.50926966345
    ));
#10434 = CARTESIAN_POINT('',(6.368434500639,7.705766055389,
    0.505596300458));
#10435 = CARTESIAN_POINT('',(5.913710035588,7.705909166676,
    0.503960530961));
#10436 = PCURVE('',#7702,#10437);
#10437 = DEFINITIONAL_REPRESENTATION('',(#10438),#10464);
#10438 = B_SPLINE_CURVE_WITH_KNOTS('',3,(#10439,#10440,#10441,#10442,
    #10443,#10444,#10445,#10446,#10447,#10448,#10449,#10450,#10451,
    #10452,#10453,#10454,#10455,#10456,#10457,#10458,#10459,#10460,
    #10461,#10462,#10463),.UNSPECIFIED.,.F.,.F.,(4,1,1,1,1,1,1,1,1,1,1,1
    ,1,1,1,1,1,1,1,1,1,1,4),(-0.740989609687,-0.673626917897,
    -0.606264226108,-0.538901534318,-0.471538842528,-0.404176150738,
    -0.336813458949,-0.269450767159,-0.202088075369,-0.134725383579,
    -6.736269178973E-02,-9.992007221626E-16,6.736269178973E-02,
    0.134725383579,0.202088075369,0.269450767159,0.336813458949,
    0.404176150738,0.471538842528,0.538901534318,0.606264226108,
    0.673626917897,0.740989609687),.UNSPECIFIED.);
#10439 = CARTESIAN_POINT('',(7.064785372304,9.49222836412E-03));
#10440 = CARTESIAN_POINT('',(7.041344103037,1.350623621691E-02));
#10441 = CARTESIAN_POINT('',(6.994412819663,2.122364254742E-02));
#10442 = CARTESIAN_POINT('',(6.923840845936,3.184015665667E-02));
#10443 = CARTESIAN_POINT('',(6.853050993842,4.146930810159E-02));
#10444 = CARTESIAN_POINT('',(6.782049488109,5.008332966216E-02));
#10445 = CARTESIAN_POINT('',(6.710865907626,5.765445390363E-02));
#10446 = CARTESIAN_POINT('',(6.639550279732,6.415491419239E-02));
#10447 = CARTESIAN_POINT('',(6.568163216447,6.955694090496E-02));
#10448 = CARTESIAN_POINT('',(6.496767357633,7.383277557627E-02));
#10449 = CARTESIAN_POINT('',(6.425418237442,7.695461809746E-02));
#10450 = CARTESIAN_POINT('',(6.354155652746,7.889482377639E-02));
#10451 = CARTESIAN_POINT('',(6.282995006283,7.962516789784E-02));
#10452 = CARTESIAN_POINT('',(6.211921347991,7.911959042225E-02));
#10453 = CARTESIAN_POINT('',(6.140876971188,7.734395263039E-02));
#10454 = CARTESIAN_POINT('',(6.069780469936,7.429981929922E-02));
#10455 = CARTESIAN_POINT('',(5.998607006867,7.003748953591E-02));
#10456 = CARTESIAN_POINT('',(5.927366444768,6.459773133689E-02));
#10457 = CARTESIAN_POINT('',(5.856097992455,5.802386655203E-02));
#10458 = CARTESIAN_POINT('',(5.784860354213,5.035853272814E-02));
#10459 = CARTESIAN_POINT('',(5.713722547564,4.16445507708E-02));
#10460 = CARTESIAN_POINT('',(5.642753015621,3.192469245358E-02));
#10461 = CARTESIAN_POINT('',(5.57201305737,2.124174271941E-02));
#10462 = CARTESIAN_POINT('',(5.525027594756,1.350623621691E-02));
#10463 = CARTESIAN_POINT('',(5.501585242055,9.492228364119E-03));
#10464 = ( GEOMETRIC_REPRESENTATION_CONTEXT(2) 
PARAMETRIC_REPRESENTATION_CONTEXT() REPRESENTATION_CONTEXT('2D SPACE',''
  ) );
#10465 = PCURVE('',#7902,#10466);
#10466 = DEFINITIONAL_REPRESENTATION('',(#10467),#10471);
#10467 = LINE('',#10468,#10469);
#10468 = CARTESIAN_POINT('',(-8.814376870659E-16,2.22044604925E-16));
#10469 = VECTOR('',#10470,1.);
#10470 = DIRECTION('',(1.252015341403E-15,-1.));
#10471 = ( GEOMETRIC_REPRESENTATION_CONTEXT(2) 
PARAMETRIC_REPRESENTATION_CONTEXT() REPRESENTATION_CONTEXT('2D SPACE',''
  ) );
#10472 = ORIENTED_EDGE('',*,*,#7686,.T.);
#10473 = ORIENTED_EDGE('',*,*,#10346,.F.);
#10474 = ORIENTED_EDGE('',*,*,#10475,.T.);
#10475 = EDGE_CURVE('',#10240,#10373,#10476,.T.);
#10476 = SURFACE_CURVE('',#10477,(#10482,#10511),.PCURVE_S1.);
#10477 = ELLIPSE('',#10478,2.065631648623,2.05);
#10478 = AXIS2_PLACEMENT_3D('',#10479,#10480,#10481);
#10479 = CARTESIAN_POINT('',(6.073402328325,5.823402328325,-1.5));
#10480 = DIRECTION('',(0.,0.,1.));
#10481 = DIRECTION('',(0.707106781187,0.707106781187,-0.));
#10482 = PCURVE('',#7702,#10483);
#10483 = DEFINITIONAL_REPRESENTATION('',(#10484),#10510);
#10484 = B_SPLINE_CURVE_WITH_KNOTS('',3,(#10485,#10486,#10487,#10488,
    #10489,#10490,#10491,#10492,#10493,#10494,#10495,#10496,#10497,
    #10498,#10499,#10500,#10501,#10502,#10503,#10504,#10505,#10506,
    #10507,#10508,#10509),.UNSPECIFIED.,.F.,.F.,(4,1,1,1,1,1,1,1,1,1,1,1
    ,1,1,1,1,1,1,1,1,1,1,4),(5.663941365943,5.720236268451,
    5.776531170958,5.832826073465,5.889120975973,5.94541587848,
    6.001710780987,6.058005683495,6.114300586002,6.170595488509,
    6.226890391017,6.283185293524,6.339480196031,6.395775098539,
    6.452070001046,6.508364903553,6.564659806061,6.620954708568,
    6.677249611075,6.733544513582,6.78983941609,6.846134318597,
    6.902429221104),.QUASI_UNIFORM_KNOTS.);
#10485 = CARTESIAN_POINT('',(6.902429248416,2.055246561045));
#10486 = CARTESIAN_POINT('',(6.883664280913,2.058009294448));
#10487 = CARTESIAN_POINT('',(6.846134345908,2.06331588882));
#10488 = CARTESIAN_POINT('',(6.789839443401,2.070596326078));
#10489 = CARTESIAN_POINT('',(6.733544540894,2.077173604281));
#10490 = CARTESIAN_POINT('',(6.677249638386,2.083027055806));
#10491 = CARTESIAN_POINT('',(6.620954735879,2.088138089457));
#10492 = CARTESIAN_POINT('',(6.564659833372,2.092490524332));
#10493 = CARTESIAN_POINT('',(6.508364930864,2.096070567412));
#10494 = CARTESIAN_POINT('',(6.452070028357,2.098866877003));
#10495 = CARTESIAN_POINT('',(6.39577512585,2.100870593378));
#10496 = CARTESIAN_POINT('',(6.339480223343,2.102075368268));
#10497 = CARTESIAN_POINT('',(6.283185320835,2.102477384592));
#10498 = CARTESIAN_POINT('',(6.226890418328,2.102075368658));
#10499 = CARTESIAN_POINT('',(6.170595515821,2.100870594156));
#10500 = CARTESIAN_POINT('',(6.114300613313,2.098866878168));
#10501 = CARTESIAN_POINT('',(6.058005710806,2.09607056896));
#10502 = CARTESIAN_POINT('',(6.001710808299,2.092490526257));
#10503 = CARTESIAN_POINT('',(5.945415905791,2.088138091754));
#10504 = CARTESIAN_POINT('',(5.889121003284,2.083027058467));
#10505 = CARTESIAN_POINT('',(5.832826100777,2.077173607298));
#10506 = CARTESIAN_POINT('',(5.776531198269,2.070596329441));
#10507 = CARTESIAN_POINT('',(5.720236295762,2.063315892519));
#10508 = CARTESIAN_POINT('',(5.682706360757,2.058009298363));
#10509 = CARTESIAN_POINT('',(5.663941393255,2.055246565066));
#10510 = ( GEOMETRIC_REPRESENTATION_CONTEXT(2) 
PARAMETRIC_REPRESENTATION_CONTEXT() REPRESENTATION_CONTEXT('2D SPACE',''
  ) );
#10511 = PCURVE('',#10301,#10512);
#10512 = DEFINITIONAL_REPRESENTATION('',(#10513),#10521);
#10513 = ( BOUNDED_CURVE() B_SPLINE_CURVE(2,(#10514,#10515,#10516,#10517
    ,#10518,#10519,#10520),.UNSPECIFIED.,.T.,.F.) 
B_SPLINE_CURVE_WITH_KNOTS((1,2,2,2,2,1),(-2.094395102393,0.,
    2.094395102393,4.188790204786,6.28318530718,8.377580409573),
.UNSPECIFIED.) CURVE() GEOMETRIC_REPRESENTATION_ITEM() 
RATIONAL_B_SPLINE_CURVE((1.,0.5,1.,0.5,1.,0.5,1.)) REPRESENTATION_ITEM(
  '') );
#10514 = CARTESIAN_POINT('',(-2.357808017937E-02,2.357809036095E-02));
#10515 = CARTESIAN_POINT('',(-2.534305066532,-2.487148895992));
#10516 = CARTESIAN_POINT('',(-3.469874792618,0.959147816447));
#10517 = CARTESIAN_POINT('',(-4.405444518704,4.405444528886));
#10518 = CARTESIAN_POINT('',(-0.959147806266,3.4698748028));
#10519 = CARTESIAN_POINT('',(2.487148906173,2.534305076714));
#10520 = CARTESIAN_POINT('',(-2.357808017937E-02,2.357809036095E-02));
#10521 = ( GEOMETRIC_REPRESENTATION_CONTEXT(2) 
PARAMETRIC_REPRESENTATION_CONTEXT() REPRESENTATION_CONTEXT('2D SPACE',''
  ) );
#10522 = ADVANCED_FACE('',(#10523),#7732,.T.);
#10523 = FACE_BOUND('',#10524,.T.);
#10524 = EDGE_LOOP('',(#10525,#10545,#10546,#10565));
#10525 = ORIENTED_EDGE('',*,*,#10526,.F.);
#10526 = EDGE_CURVE('',#7715,#8257,#10527,.T.);
#10527 = SURFACE_CURVE('',#10528,(#10532,#10538),.PCURVE_S1.);
#10528 = LINE('',#10529,#10530);
#10529 = CARTESIAN_POINT('',(7.955922747459,5.576567873623,
    0.503805301908));
#10530 = VECTOR('',#10531,1.);
#10531 = DIRECTION('',(-0.73727733681,0.,0.675590207616));
#10532 = PCURVE('',#7732,#10533);
#10533 = DEFINITIONAL_REPRESENTATION('',(#10534),#10537);
#10534 = B_SPLINE_CURVE_WITH_KNOTS('',1,(#10535,#10536),.UNSPECIFIED.,
  .F.,.F.,(2,2),(0.,1.47455467362),.PIECEWISE_BEZIER_KNOTS.);
#10535 = CARTESIAN_POINT('',(-1.401136937509E-15,0.781600065124));
#10536 = CARTESIAN_POINT('',(1.,0.781600065124));
#10537 = ( GEOMETRIC_REPRESENTATION_CONTEXT(2) 
PARAMETRIC_REPRESENTATION_CONTEXT() REPRESENTATION_CONTEXT('2D SPACE',''
  ) );
#10538 = PCURVE('',#7772,#10539);
#10539 = DEFINITIONAL_REPRESENTATION('',(#10540),#10544);
#10540 = LINE('',#10541,#10542);
#10541 = CARTESIAN_POINT('',(0.73727733681,1.701567873623));
#10542 = VECTOR('',#10543,1.);
#10543 = DIRECTION('',(-1.,0.));
#10544 = ( GEOMETRIC_REPRESENTATION_CONTEXT(2) 
PARAMETRIC_REPRESENTATION_CONTEXT() REPRESENTATION_CONTEXT('2D SPACE',''
  ) );
#10545 = ORIENTED_EDGE('',*,*,#7714,.T.);
#10546 = ORIENTED_EDGE('',*,*,#10547,.F.);
#10547 = EDGE_CURVE('',#7883,#7687,#10548,.T.);
#10548 = SURFACE_CURVE('',#10549,(#10553,#10559),.PCURVE_S1.);
#10549 = LINE('',#10550,#10551);
#10550 = CARTESIAN_POINT('',(6.86789538874,5.619486068847,1.5));
#10551 = VECTOR('',#10552,1.);
#10552 = DIRECTION('',(0.737263899513,2.9967207064E-02,-0.674939929902)
  );
#10553 = PCURVE('',#7732,#10554);
#10554 = DEFINITIONAL_REPRESENTATION('',(#10555),#10558);
#10555 = B_SPLINE_CURVE_WITH_KNOTS('',1,(#10556,#10557),.UNSPECIFIED.,
  .F.,.F.,(2,2),(0.,1.475745358826),.PIECEWISE_BEZIER_KNOTS.);
#10556 = CARTESIAN_POINT('',(1.,0.740989609687));
#10557 = CARTESIAN_POINT('',(1.499687286413E-16,0.740989609687));
#10558 = ( GEOMETRIC_REPRESENTATION_CONTEXT(2) 
PARAMETRIC_REPRESENTATION_CONTEXT() REPRESENTATION_CONTEXT('2D SPACE',''
  ) );
#10559 = PCURVE('',#7902,#10560);
#10560 = DEFINITIONAL_REPRESENTATION('',(#10561),#10564);
#10561 = B_SPLINE_CURVE_WITH_KNOTS('',1,(#10562,#10563),.UNSPECIFIED.,
  .F.,.F.,(2,2),(0.,1.475745358826),.PIECEWISE_BEZIER_KNOTS.);
#10562 = CARTESIAN_POINT('',(1.,0.740989609687));
#10563 = CARTESIAN_POINT('',(-8.615700145474E-17,0.740989609687));
#10564 = ( GEOMETRIC_REPRESENTATION_CONTEXT(2) 
PARAMETRIC_REPRESENTATION_CONTEXT() REPRESENTATION_CONTEXT('2D SPACE',''
  ) );
#10565 = ORIENTED_EDGE('',*,*,#8279,.T.);
#10566 = ADVANCED_FACE('',(#10567),#7772,.T.);
#10567 = FACE_BOUND('',#10568,.T.);
#10568 = EDGE_LOOP('',(#10569,#10589,#10590,#10591));
#10569 = ORIENTED_EDGE('',*,*,#10570,.T.);
#10570 = EDGE_CURVE('',#8232,#7757,#10571,.T.);
#10571 = SURFACE_CURVE('',#10572,(#10576,#10583),.PCURVE_S1.);
#10572 = LINE('',#10573,#10574);
#10573 = CARTESIAN_POINT('',(6.868767004711,-5.576567873623,1.5));
#10574 = VECTOR('',#10575,1.);
#10575 = DIRECTION('',(0.73727733681,0.,-0.675590207616));
#10576 = PCURVE('',#7772,#10577);
#10577 = DEFINITIONAL_REPRESENTATION('',(#10578),#10582);
#10578 = LINE('',#10579,#10580);
#10579 = CARTESIAN_POINT('',(-0.73727733681,-9.451567873623));
#10580 = VECTOR('',#10581,1.);
#10581 = DIRECTION('',(1.,0.));
#10582 = ( GEOMETRIC_REPRESENTATION_CONTEXT(2) 
PARAMETRIC_REPRESENTATION_CONTEXT() REPRESENTATION_CONTEXT('2D SPACE',''
  ) );
#10583 = PCURVE('',#7800,#10584);
#10584 = DEFINITIONAL_REPRESENTATION('',(#10585),#10588);
#10585 = B_SPLINE_CURVE_WITH_KNOTS('',1,(#10586,#10587),.UNSPECIFIED.,
  .F.,.F.,(2,2),(0.,1.47455467362),.PIECEWISE_BEZIER_KNOTS.);
#10586 = CARTESIAN_POINT('',(1.,-0.781600065124));
#10587 = CARTESIAN_POINT('',(6.279535104449E-16,-0.781600065124));
#10588 = ( GEOMETRIC_REPRESENTATION_CONTEXT(2) 
PARAMETRIC_REPRESENTATION_CONTEXT() REPRESENTATION_CONTEXT('2D SPACE',''
  ) );
#10589 = ORIENTED_EDGE('',*,*,#7756,.T.);
#10590 = ORIENTED_EDGE('',*,*,#10526,.T.);
#10591 = ORIENTED_EDGE('',*,*,#8256,.T.);
#10592 = ADVANCED_FACE('',(#10593),#7800,.T.);
#10593 = FACE_BOUND('',#10594,.T.);
#10594 = EDGE_LOOP('',(#10595,#10596,#10597,#10598));
#10595 = ORIENTED_EDGE('',*,*,#7829,.F.);
#10596 = ORIENTED_EDGE('',*,*,#7784,.T.);
#10597 = ORIENTED_EDGE('',*,*,#10570,.F.);
#10598 = ORIENTED_EDGE('',*,*,#8231,.T.);
#10599 = ADVANCED_FACE('',(#10600),#7902,.T.);
#10600 = FACE_BOUND('',#10601,.T.);
#10601 = EDGE_LOOP('',(#10602,#10621,#10622,#10623));
#10602 = ORIENTED_EDGE('',*,*,#10603,.T.);
#10603 = EDGE_CURVE('',#10401,#7881,#10604,.T.);
#10604 = SURFACE_CURVE('',#10605,(#10609,#10615),.PCURVE_S1.);
#10605 = LINE('',#10606,#10607);
#10606 = CARTESIAN_POINT('',(5.913710035588,7.705909166676,
    0.503960530961));
#10607 = VECTOR('',#10608,1.);
#10608 = DIRECTION('',(-2.9967207064E-02,-0.737263899513,0.674939929902)
  );
#10609 = PCURVE('',#7902,#10610);
#10610 = DEFINITIONAL_REPRESENTATION('',(#10611),#10614);
#10611 = B_SPLINE_CURVE_WITH_KNOTS('',1,(#10612,#10613),.UNSPECIFIED.,
  .F.,.F.,(2,2),(0.,1.475745358826),.PIECEWISE_BEZIER_KNOTS.);
#10612 = CARTESIAN_POINT('',(4.629267208277E-17,-0.740989609687));
#10613 = CARTESIAN_POINT('',(1.,-0.740989609687));
#10614 = ( GEOMETRIC_REPRESENTATION_CONTEXT(2) 
PARAMETRIC_REPRESENTATION_CONTEXT() REPRESENTATION_CONTEXT('2D SPACE',''
  ) );
#10615 = PCURVE('',#7948,#10616);
#10616 = DEFINITIONAL_REPRESENTATION('',(#10617),#10620);
#10617 = B_SPLINE_CURVE_WITH_KNOTS('',1,(#10618,#10619),.UNSPECIFIED.,
  .F.,.F.,(2,2),(0.,1.475745358826),.PIECEWISE_BEZIER_KNOTS.);
#10618 = CARTESIAN_POINT('',(-5.571756339871E-16,-0.740989609687));
#10619 = CARTESIAN_POINT('',(1.,-0.740989609687));
#10620 = ( GEOMETRIC_REPRESENTATION_CONTEXT(2) 
PARAMETRIC_REPRESENTATION_CONTEXT() REPRESENTATION_CONTEXT('2D SPACE',''
  ) );
#10621 = ORIENTED_EDGE('',*,*,#7880,.T.);
#10622 = ORIENTED_EDGE('',*,*,#10547,.T.);
#10623 = ORIENTED_EDGE('',*,*,#10428,.T.);
#10624 = ADVANCED_FACE('',(#10625),#7948,.T.);
#10625 = FACE_BOUND('',#10626,.T.);
#10626 = EDGE_LOOP('',(#10627,#10628,#10653,#10673));
#10627 = ORIENTED_EDGE('',*,*,#10603,.F.);
#10628 = ORIENTED_EDGE('',*,*,#10629,.T.);
#10629 = EDGE_CURVE('',#10401,#10630,#10632,.T.);
#10630 = VERTEX_POINT('',#10631);
#10631 = CARTESIAN_POINT('',(5.826567873623,7.705922747459,
    0.503805301908));
#10632 = SURFACE_CURVE('',#10633,(#10638,#10645),.PCURVE_S1.);
#10633 = B_SPLINE_CURVE_WITH_KNOTS('',3,(#10634,#10635,#10636,#10637),
  .UNSPECIFIED.,.F.,.F.,(4,4),(0.740989609687,0.781600065124),
  .PIECEWISE_BEZIER_KNOTS.);
#10634 = CARTESIAN_POINT('',(5.913710035588,7.705909166676,
    0.503960530961));
#10635 = CARTESIAN_POINT('',(5.884634960023,7.70591831721,0.503855939884
    ));
#10636 = CARTESIAN_POINT('',(5.855603395645,7.705922747459,
    0.503805301908));
#10637 = CARTESIAN_POINT('',(5.826567873623,7.705922747459,
    0.503805301908));
#10638 = PCURVE('',#7948,#10639);
#10639 = DEFINITIONAL_REPRESENTATION('',(#10640),#10644);
#10640 = LINE('',#10641,#10642);
#10641 = CARTESIAN_POINT('',(-9.094145892888E-16,-3.330669073875E-16));
#10642 = VECTOR('',#10643,1.);
#10643 = DIRECTION('',(1.117934872221E-15,-1.));
#10644 = ( GEOMETRIC_REPRESENTATION_CONTEXT(2) 
PARAMETRIC_REPRESENTATION_CONTEXT() REPRESENTATION_CONTEXT('2D SPACE',''
  ) );
#10645 = PCURVE('',#10416,#10646);
#10646 = DEFINITIONAL_REPRESENTATION('',(#10647),#10652);
#10647 = B_SPLINE_CURVE_WITH_KNOTS('',3,(#10648,#10649,#10650,#10651),
  .UNSPECIFIED.,.F.,.F.,(4,4),(0.740989609687,0.781600065124),
  .PIECEWISE_BEZIER_KNOTS.);
#10648 = CARTESIAN_POINT('',(-13.91371003558,0.505885578318));
#10649 = CARTESIAN_POINT('',(-13.88463496002,0.505780587719));
#10650 = CARTESIAN_POINT('',(-13.85560339564,0.505729756315));
#10651 = CARTESIAN_POINT('',(-13.82656787362,0.505729756315));
#10652 = ( GEOMETRIC_REPRESENTATION_CONTEXT(2) 
PARAMETRIC_REPRESENTATION_CONTEXT() REPRESENTATION_CONTEXT('2D SPACE',''
  ) );
#10653 = ORIENTED_EDGE('',*,*,#10654,.F.);
#10654 = EDGE_CURVE('',#7931,#10630,#10655,.T.);
#10655 = SURFACE_CURVE('',#10656,(#10660,#10666),.PCURVE_S1.);
#10656 = LINE('',#10657,#10658);
#10657 = CARTESIAN_POINT('',(5.826567873623,6.618767004711,1.5));
#10658 = VECTOR('',#10659,1.);
#10659 = DIRECTION('',(0.,0.73727733681,-0.675590207616));
#10660 = PCURVE('',#7948,#10661);
#10661 = DEFINITIONAL_REPRESENTATION('',(#10662),#10665);
#10662 = B_SPLINE_CURVE_WITH_KNOTS('',1,(#10663,#10664),.UNSPECIFIED.,
  .F.,.F.,(2,2),(0.,1.47455467362),.PIECEWISE_BEZIER_KNOTS.);
#10663 = CARTESIAN_POINT('',(1.,-0.781600065124));
#10664 = CARTESIAN_POINT('',(-1.87789449496E-16,-0.781600065124));
#10665 = ( GEOMETRIC_REPRESENTATION_CONTEXT(2) 
PARAMETRIC_REPRESENTATION_CONTEXT() REPRESENTATION_CONTEXT('2D SPACE',''
  ) );
#10666 = PCURVE('',#7988,#10667);
#10667 = DEFINITIONAL_REPRESENTATION('',(#10668),#10672);
#10668 = LINE('',#10669,#10670);
#10669 = CARTESIAN_POINT('',(9.826567873623,-0.73727733681));
#10670 = VECTOR('',#10671,1.);
#10671 = DIRECTION('',(3.087478290887E-17,1.));
#10672 = ( GEOMETRIC_REPRESENTATION_CONTEXT(2) 
PARAMETRIC_REPRESENTATION_CONTEXT() REPRESENTATION_CONTEXT('2D SPACE',''
  ) );
#10673 = ORIENTED_EDGE('',*,*,#7930,.T.);
#10674 = ADVANCED_FACE('',(#10675),#7988,.T.);
#10675 = FACE_BOUND('',#10676,.T.);
#10676 = EDGE_LOOP('',(#10677,#10678,#10701,#10721));
#10677 = ORIENTED_EDGE('',*,*,#10654,.T.);
#10678 = ORIENTED_EDGE('',*,*,#10679,.T.);
#10679 = EDGE_CURVE('',#10630,#10680,#10682,.T.);
#10680 = VERTEX_POINT('',#10681);
#10681 = CARTESIAN_POINT('',(-5.826567873623,7.705922747459,
    0.503805301908));
#10682 = SURFACE_CURVE('',#10683,(#10687,#10694),.PCURVE_S1.);
#10683 = LINE('',#10684,#10685);
#10684 = CARTESIAN_POINT('',(-4.,7.705922747459,0.503805301908));
#10685 = VECTOR('',#10686,1.);
#10686 = DIRECTION('',(-1.,4.987329993433E-17,0.));
#10687 = PCURVE('',#7988,#10688);
#10688 = DEFINITIONAL_REPRESENTATION('',(#10689),#10693);
#10689 = LINE('',#10690,#10691);
#10690 = CARTESIAN_POINT('',(2.276327771764E-17,0.73727733681));
#10691 = VECTOR('',#10692,1.);
#10692 = DIRECTION('',(-1.,6.764523666238E-17));
#10693 = ( GEOMETRIC_REPRESENTATION_CONTEXT(2) 
PARAMETRIC_REPRESENTATION_CONTEXT() REPRESENTATION_CONTEXT('2D SPACE',''
  ) );
#10694 = PCURVE('',#10416,#10695);
#10695 = DEFINITIONAL_REPRESENTATION('',(#10696),#10700);
#10696 = LINE('',#10697,#10698);
#10697 = CARTESIAN_POINT('',(-4.,0.505729756315));
#10698 = VECTOR('',#10699,1.);
#10699 = DIRECTION('',(1.,-9.639929534866E-34));
#10700 = ( GEOMETRIC_REPRESENTATION_CONTEXT(2) 
PARAMETRIC_REPRESENTATION_CONTEXT() REPRESENTATION_CONTEXT('2D SPACE',''
  ) );
#10701 = ORIENTED_EDGE('',*,*,#10702,.T.);
#10702 = EDGE_CURVE('',#10680,#7973,#10703,.T.);
#10703 = SURFACE_CURVE('',#10704,(#10708,#10715),.PCURVE_S1.);
#10704 = LINE('',#10705,#10706);
#10705 = CARTESIAN_POINT('',(-5.826567873623,7.705922747459,
    0.503805301908));
#10706 = VECTOR('',#10707,1.);
#10707 = DIRECTION('',(0.,-0.73727733681,0.675590207616));
#10708 = PCURVE('',#7988,#10709);
#10709 = DEFINITIONAL_REPRESENTATION('',(#10710),#10714);
#10710 = LINE('',#10711,#10712);
#10711 = CARTESIAN_POINT('',(-1.826567873623,0.73727733681));
#10712 = VECTOR('',#10713,1.);
#10713 = DIRECTION('',(-3.087478290887E-17,-1.));
#10714 = ( GEOMETRIC_REPRESENTATION_CONTEXT(2) 
PARAMETRIC_REPRESENTATION_CONTEXT() REPRESENTATION_CONTEXT('2D SPACE',''
  ) );
#10715 = PCURVE('',#8018,#10716);
#10716 = DEFINITIONAL_REPRESENTATION('',(#10717),#10720);
#10717 = B_SPLINE_CURVE_WITH_KNOTS('',1,(#10718,#10719),.UNSPECIFIED.,
  .F.,.F.,(2,2),(0.,1.47455467362),.PIECEWISE_BEZIER_KNOTS.);
#10718 = CARTESIAN_POINT('',(2.119733911759E-16,0.781600065124));
#10719 = CARTESIAN_POINT('',(1.,0.781600065124));
#10720 = ( GEOMETRIC_REPRESENTATION_CONTEXT(2) 
PARAMETRIC_REPRESENTATION_CONTEXT() REPRESENTATION_CONTEXT('2D SPACE',''
  ) );
#10721 = ORIENTED_EDGE('',*,*,#7972,.T.);
#10722 = ADVANCED_FACE('',(#10723),#8018,.T.);
#10723 = FACE_BOUND('',#10724,.T.);
#10724 = EDGE_LOOP('',(#10725,#10726,#10751,#10770));
#10725 = ORIENTED_EDGE('',*,*,#10702,.F.);
#10726 = ORIENTED_EDGE('',*,*,#10727,.T.);
#10727 = EDGE_CURVE('',#10680,#10728,#10730,.T.);
#10728 = VERTEX_POINT('',#10729);
#10729 = CARTESIAN_POINT('',(-5.913710035588,7.705909166676,
    0.503960530961));
#10730 = SURFACE_CURVE('',#10731,(#10736,#10743),.PCURVE_S1.);
#10731 = B_SPLINE_CURVE_WITH_KNOTS('',3,(#10732,#10733,#10734,#10735),
  .UNSPECIFIED.,.F.,.F.,(4,4),(-0.781600065124,-0.740989609687),
  .PIECEWISE_BEZIER_KNOTS.);
#10732 = CARTESIAN_POINT('',(-5.826567873623,7.705922747459,
    0.503805301908));
#10733 = CARTESIAN_POINT('',(-5.855603395645,7.705922747459,
    0.503805301908));
#10734 = CARTESIAN_POINT('',(-5.884634960023,7.70591831721,
    0.503855939884));
#10735 = CARTESIAN_POINT('',(-5.913710035588,7.705909166676,
    0.503960530961));
#10736 = PCURVE('',#8018,#10737);
#10737 = DEFINITIONAL_REPRESENTATION('',(#10738),#10742);
#10738 = LINE('',#10739,#10740);
#10739 = CARTESIAN_POINT('',(-1.40092003765E-15,-2.22044604925E-16));
#10740 = VECTOR('',#10741,1.);
#10741 = DIRECTION('',(-2.022125343741E-15,-1.));
#10742 = ( GEOMETRIC_REPRESENTATION_CONTEXT(2) 
PARAMETRIC_REPRESENTATION_CONTEXT() REPRESENTATION_CONTEXT('2D SPACE',''
  ) );
#10743 = PCURVE('',#10416,#10744);
#10744 = DEFINITIONAL_REPRESENTATION('',(#10745),#10750);
#10745 = B_SPLINE_CURVE_WITH_KNOTS('',3,(#10746,#10747,#10748,#10749),
  .UNSPECIFIED.,.F.,.F.,(4,4),(-0.781600065124,-0.740989609687),
  .PIECEWISE_BEZIER_KNOTS.);
#10746 = CARTESIAN_POINT('',(-2.173432126377,0.505729756315));
#10747 = CARTESIAN_POINT('',(-2.144396604355,0.505729756315));
#10748 = CARTESIAN_POINT('',(-2.115365039977,0.505780587719));
#10749 = CARTESIAN_POINT('',(-2.086289964412,0.505885578318));
#10750 = ( GEOMETRIC_REPRESENTATION_CONTEXT(2) 
PARAMETRIC_REPRESENTATION_CONTEXT() REPRESENTATION_CONTEXT('2D SPACE',''
  ) );
#10751 = ORIENTED_EDGE('',*,*,#10752,.F.);
#10752 = EDGE_CURVE('',#8001,#10728,#10753,.T.);
#10753 = SURFACE_CURVE('',#10754,(#10758,#10764),.PCURVE_S1.);
#10754 = LINE('',#10755,#10756);
#10755 = CARTESIAN_POINT('',(-5.869486068847,6.61789538874,1.5));
#10756 = VECTOR('',#10757,1.);
#10757 = DIRECTION('',(-2.9967207064E-02,0.737263899513,-0.674939929902)
  );
#10758 = PCURVE('',#8018,#10759);
#10759 = DEFINITIONAL_REPRESENTATION('',(#10760),#10763);
#10760 = B_SPLINE_CURVE_WITH_KNOTS('',1,(#10761,#10762),.UNSPECIFIED.,
  .F.,.F.,(2,2),(0.,1.475745358826),.PIECEWISE_BEZIER_KNOTS.);
#10761 = CARTESIAN_POINT('',(1.,0.740989609687));
#10762 = CARTESIAN_POINT('',(6.266969118526E-16,0.740989609687));
#10763 = ( GEOMETRIC_REPRESENTATION_CONTEXT(2) 
PARAMETRIC_REPRESENTATION_CONTEXT() REPRESENTATION_CONTEXT('2D SPACE',''
  ) );
#10764 = PCURVE('',#8062,#10765);
#10765 = DEFINITIONAL_REPRESENTATION('',(#10766),#10769);
#10766 = B_SPLINE_CURVE_WITH_KNOTS('',1,(#10767,#10768),.UNSPECIFIED.,
  .F.,.F.,(2,2),(0.,1.475745358826),.PIECEWISE_BEZIER_KNOTS.);
#10767 = CARTESIAN_POINT('',(1.,0.740989609687));
#10768 = CARTESIAN_POINT('',(-8.830612634227E-17,0.740989609687));
#10769 = ( GEOMETRIC_REPRESENTATION_CONTEXT(2) 
PARAMETRIC_REPRESENTATION_CONTEXT() REPRESENTATION_CONTEXT('2D SPACE',''
  ) );
#10770 = ORIENTED_EDGE('',*,*,#8000,.T.);
#10771 = ADVANCED_FACE('',(#10772),#8062,.T.);
#10772 = FACE_BOUND('',#10773,.T.);
#10773 = EDGE_LOOP('',(#10774,#10793,#10794,#10795));
#10774 = ORIENTED_EDGE('',*,*,#10775,.T.);
#10775 = EDGE_CURVE('',#8483,#8043,#10776,.T.);
#10776 = SURFACE_CURVE('',#10777,(#10781,#10787),.PCURVE_S1.);
#10777 = LINE('',#10778,#10779);
#10778 = CARTESIAN_POINT('',(-7.955909166676,5.663710035588,
    0.503960530961));
#10779 = VECTOR('',#10780,1.);
#10780 = DIRECTION('',(0.737263899513,-2.9967207064E-02,0.674939929902)
  );
#10781 = PCURVE('',#8062,#10782);
#10782 = DEFINITIONAL_REPRESENTATION('',(#10783),#10786);
#10783 = B_SPLINE_CURVE_WITH_KNOTS('',1,(#10784,#10785),.UNSPECIFIED.,
  .F.,.F.,(2,2),(0.,1.475745358826),.PIECEWISE_BEZIER_KNOTS.);
#10784 = CARTESIAN_POINT('',(-6.612734936808E-17,-0.740989609687));
#10785 = CARTESIAN_POINT('',(1.,-0.740989609687));
#10786 = ( GEOMETRIC_REPRESENTATION_CONTEXT(2) 
PARAMETRIC_REPRESENTATION_CONTEXT() REPRESENTATION_CONTEXT('2D SPACE',''
  ) );
#10787 = PCURVE('',#8108,#10788);
#10788 = DEFINITIONAL_REPRESENTATION('',(#10789),#10792);
#10789 = B_SPLINE_CURVE_WITH_KNOTS('',1,(#10790,#10791),.UNSPECIFIED.,
  .F.,.F.,(2,2),(0.,1.475745358826),.PIECEWISE_BEZIER_KNOTS.);
#10790 = CARTESIAN_POINT('',(-1.23079895876E-16,-0.740989609687));
#10791 = CARTESIAN_POINT('',(1.,-0.740989609687));
#10792 = ( GEOMETRIC_REPRESENTATION_CONTEXT(2) 
PARAMETRIC_REPRESENTATION_CONTEXT() REPRESENTATION_CONTEXT('2D SPACE',''
  ) );
#10793 = ORIENTED_EDGE('',*,*,#8042,.T.);
#10794 = ORIENTED_EDGE('',*,*,#10752,.T.);
#10795 = ORIENTED_EDGE('',*,*,#10796,.T.);
#10796 = EDGE_CURVE('',#10728,#8483,#10797,.T.);
#10797 = SURFACE_CURVE('',#10798,(#10804,#10811),.PCURVE_S1.);
#10798 = B_SPLINE_CURVE_WITH_KNOTS('',3,(#10799,#10800,#10801,#10802,
    #10803),.UNSPECIFIED.,.F.,.F.,(4,1,4),(-0.740989609687,
    0.105855658527,0.740989609687),.QUASI_UNIFORM_KNOTS.);
#10799 = CARTESIAN_POINT('',(-5.913710035588,7.705909166676,
    0.503960530961));
#10800 = CARTESIAN_POINT('',(-6.520009322322,7.705718351627,
    0.506141556957));
#10801 = CARTESIAN_POINT('',(-7.588189773694,7.196884542958,
    0.509284282863));
#10802 = CARTESIAN_POINT('',(-7.955766055389,6.118434500639,
    0.505596300458));
#10803 = CARTESIAN_POINT('',(-7.955909166676,5.663710035588,
    0.503960530961));
#10804 = PCURVE('',#8062,#10805);
#10805 = DEFINITIONAL_REPRESENTATION('',(#10806),#10810);
#10806 = LINE('',#10807,#10808);
#10807 = CARTESIAN_POINT('',(-5.100461717907E-17,-1.110223024625E-16));
#10808 = VECTOR('',#10809,1.);
#10809 = DIRECTION('',(-2.040883163719E-17,-1.));
#10810 = ( GEOMETRIC_REPRESENTATION_CONTEXT(2) 
PARAMETRIC_REPRESENTATION_CONTEXT() REPRESENTATION_CONTEXT('2D SPACE',''
  ) );
#10811 = PCURVE('',#8523,#10812);
#10812 = DEFINITIONAL_REPRESENTATION('',(#10813),#10839);
#10813 = B_SPLINE_CURVE_WITH_KNOTS('',3,(#10814,#10815,#10816,#10817,
    #10818,#10819,#10820,#10821,#10822,#10823,#10824,#10825,#10826,
    #10827,#10828,#10829,#10830,#10831,#10832,#10833,#10834,#10835,
    #10836,#10837,#10838),.UNSPECIFIED.,.F.,.F.,(4,1,1,1,1,1,1,1,1,1,1,1
    ,1,1,1,1,1,1,1,1,1,1,4),(-0.740989609687,-0.673626917897,
    -0.606264226108,-0.538901534318,-0.471538842528,-0.404176150738,
    -0.336813458949,-0.269450767159,-0.202088075369,-0.134725383579,
    -6.736269178973E-02,1.110223024625E-16,6.736269178973E-02,
    0.134725383579,0.202088075369,0.269450767159,0.336813458949,
    0.404176150738,0.471538842528,0.538901534318,0.606264226108,
    0.673626917897,0.740989609687),.UNSPECIFIED.);
#10814 = CARTESIAN_POINT('',(5.501585242055,1.221442010194E-02));
#10815 = CARTESIAN_POINT('',(5.525026523214,8.200412249152E-03));
#10816 = CARTESIAN_POINT('',(5.571960193143,4.823414473406E-04));
#10817 = CARTESIAN_POINT('',(5.642540603864,-1.013682299636E-02));
#10818 = CARTESIAN_POINT('',(5.713341447942,-1.97699386166E-02));
#10819 = CARTESIAN_POINT('',(5.784354447001,-2.838889840746E-02));
#10820 = CARTESIAN_POINT('',(5.855548219779,-3.596559514565E-02));
#10821 = CARTESIAN_POINT('',(5.926871276458,-4.247192241884E-02));
#10822 = CARTESIAN_POINT('',(5.998261941004,-4.787977078822E-02));
#10823 = CARTESIAN_POINT('',(6.069656959836,-5.216104210994E-02));
#10824 = CARTESIAN_POINT('',(6.141000668345,-5.528759608678E-02));
#10825 = CARTESIAN_POINT('',(6.212253636993,-5.723144974006E-02));
#10826 = CARTESIAN_POINT('',(6.283401325343,-5.796403297029E-02));
#10827 = CARTESIAN_POINT('',(6.35446002402,-5.745896684271E-02));
#10828 = CARTESIAN_POINT('',(6.425489237546,-5.568169488447E-02));
#10829 = CARTESIAN_POINT('',(6.496572590896,-5.263380102064E-02));
#10830 = CARTESIAN_POINT('',(6.56773662121,-4.836619986572E-02));
#10831 = CARTESIAN_POINT('',(6.638972420035,-4.292015829182E-02));
#10832 = CARTESIAN_POINT('',(6.710241009766,-3.633952827585E-02));
#10833 = CARTESIAN_POINT('',(6.781483180204,-2.866746911787E-02));
#10834 = CARTESIAN_POINT('',(6.852628700988,-1.99473257205E-02));
#10835 = CARTESIAN_POINT('',(6.923607244088,-1.022239325306E-02));
#10836 = CARTESIAN_POINT('',(6.99435508081,4.640197845593E-04));
#10837 = CARTESIAN_POINT('',(7.041342984623,8.200412249152E-03));
#10838 = CARTESIAN_POINT('',(7.064785372304,1.221442010194E-02));
#10839 = ( GEOMETRIC_REPRESENTATION_CONTEXT(2) 
PARAMETRIC_REPRESENTATION_CONTEXT() REPRESENTATION_CONTEXT('2D SPACE',''
  ) );
#10840 = ADVANCED_FACE('',(#10841),#8108,.T.);
#10841 = FACE_BOUND('',#10842,.T.);
#10842 = EDGE_LOOP('',(#10843,#10844,#10845,#10865));
#10843 = ORIENTED_EDGE('',*,*,#10775,.F.);
#10844 = ORIENTED_EDGE('',*,*,#8482,.T.);
#10845 = ORIENTED_EDGE('',*,*,#10846,.F.);
#10846 = EDGE_CURVE('',#8091,#8460,#10847,.T.);
#10847 = SURFACE_CURVE('',#10848,(#10852,#10858),.PCURVE_S1.);
#10848 = LINE('',#10849,#10850);
#10849 = CARTESIAN_POINT('',(-6.868767004711,5.576567873623,1.5));
#10850 = VECTOR('',#10851,1.);
#10851 = DIRECTION('',(-0.73727733681,0.,-0.675590207616));
#10852 = PCURVE('',#8108,#10853);
#10853 = DEFINITIONAL_REPRESENTATION('',(#10854),#10857);
#10854 = B_SPLINE_CURVE_WITH_KNOTS('',1,(#10855,#10856),.UNSPECIFIED.,
  .F.,.F.,(2,2),(0.,1.47455467362),.PIECEWISE_BEZIER_KNOTS.);
#10855 = CARTESIAN_POINT('',(1.,-0.781600065124));
#10856 = CARTESIAN_POINT('',(1.696826819494E-16,-0.781600065124));
#10857 = ( GEOMETRIC_REPRESENTATION_CONTEXT(2) 
PARAMETRIC_REPRESENTATION_CONTEXT() REPRESENTATION_CONTEXT('2D SPACE',''
  ) );
#10858 = PCURVE('',#8148,#10859);
#10859 = DEFINITIONAL_REPRESENTATION('',(#10860),#10864);
#10860 = LINE('',#10861,#10862);
#10861 = CARTESIAN_POINT('',(0.73727733681,9.451567873623));
#10862 = VECTOR('',#10863,1.);
#10863 = DIRECTION('',(-1.,-9.244463733059E-33));
#10864 = ( GEOMETRIC_REPRESENTATION_CONTEXT(2) 
PARAMETRIC_REPRESENTATION_CONTEXT() REPRESENTATION_CONTEXT('2D SPACE',''
  ) );
#10865 = ORIENTED_EDGE('',*,*,#8090,.T.);
#10866 = ADVANCED_FACE('',(#10867),#8148,.T.);
#10867 = FACE_BOUND('',#10868,.T.);
#10868 = EDGE_LOOP('',(#10869,#10870,#10871,#10891));
#10869 = ORIENTED_EDGE('',*,*,#10846,.T.);
#10870 = ORIENTED_EDGE('',*,*,#8459,.T.);
#10871 = ORIENTED_EDGE('',*,*,#10872,.T.);
#10872 = EDGE_CURVE('',#8435,#8133,#10873,.T.);
#10873 = SURFACE_CURVE('',#10874,(#10878,#10885),.PCURVE_S1.);
#10874 = LINE('',#10875,#10876);
#10875 = CARTESIAN_POINT('',(-7.955922747459,-5.576567873623,
    0.503805301908));
#10876 = VECTOR('',#10877,1.);
#10877 = DIRECTION('',(0.73727733681,0.,0.675590207616));
#10878 = PCURVE('',#8148,#10879);
#10879 = DEFINITIONAL_REPRESENTATION('',(#10880),#10884);
#10880 = LINE('',#10881,#10882);
#10881 = CARTESIAN_POINT('',(-0.73727733681,-1.701567873623));
#10882 = VECTOR('',#10883,1.);
#10883 = DIRECTION('',(1.,9.244463733059E-33));
#10884 = ( GEOMETRIC_REPRESENTATION_CONTEXT(2) 
PARAMETRIC_REPRESENTATION_CONTEXT() REPRESENTATION_CONTEXT('2D SPACE',''
  ) );
#10885 = PCURVE('',#8178,#10886);
#10886 = DEFINITIONAL_REPRESENTATION('',(#10887),#10890);
#10887 = B_SPLINE_CURVE_WITH_KNOTS('',1,(#10888,#10889),.UNSPECIFIED.,
  .F.,.F.,(2,2),(0.,1.47455467362),.PIECEWISE_BEZIER_KNOTS.);
#10888 = CARTESIAN_POINT('',(8.416292681349E-18,0.781600065124));
#10889 = CARTESIAN_POINT('',(1.,0.781600065124));
#10890 = ( GEOMETRIC_REPRESENTATION_CONTEXT(2) 
PARAMETRIC_REPRESENTATION_CONTEXT() REPRESENTATION_CONTEXT('2D SPACE',''
  ) );
#10891 = ORIENTED_EDGE('',*,*,#8132,.T.);
#10892 = ADVANCED_FACE('',(#10893),#8178,.T.);
#10893 = FACE_BOUND('',#10894,.T.);
#10894 = EDGE_LOOP('',(#10895,#10896,#10897,#10898));
#10895 = ORIENTED_EDGE('',*,*,#10872,.F.);
#10896 = ORIENTED_EDGE('',*,*,#8434,.T.);
#10897 = ORIENTED_EDGE('',*,*,#8364,.F.);
#10898 = ORIENTED_EDGE('',*,*,#8160,.T.);
#10899 = ADVANCED_FACE('',(#10900),#8325,.F.);
#10900 = FACE_BOUND('',#10901,.F.);
#10901 = EDGE_LOOP('',(#10902,#10970,#10971));
#10902 = ORIENTED_EDGE('',*,*,#10903,.F.);
#10903 = EDGE_CURVE('',#10904,#8305,#10906,.T.);
#10904 = VERTEX_POINT('',#10905);
#10905 = CARTESIAN_POINT('',(0.,0.,1.05));
#10906 = SEAM_CURVE('',#10907,(#10912,#10941),.PCURVE_S1.);
#10907 = CIRCLE('',#10908,40.45);
#10908 = AXIS2_PLACEMENT_3D('',#10909,#10910,#10911);
#10909 = CARTESIAN_POINT('',(0.,0.,41.5));
#10910 = DIRECTION('',(-1.097871965019E-16,1.,0.));
#10911 = DIRECTION('',(-1.,-1.097871965019E-16,0.));
#10912 = PCURVE('',#8325,#10913);
#10913 = DEFINITIONAL_REPRESENTATION('',(#10914),#10940);
#10914 = B_SPLINE_CURVE_WITH_KNOTS('',3,(#10915,#10916,#10917,#10918,
    #10919,#10920,#10921,#10922,#10923,#10924,#10925,#10926,#10927,
    #10928,#10929,#10930,#10931,#10932,#10933,#10934,#10935,#10936,
    #10937,#10938,#10939),.UNSPECIFIED.,.F.,.F.,(4,1,1,1,1,1,1,1,1,1,1,1
    ,1,1,1,1,1,1,1,1,1,1,4),(4.712388980385,4.719175431986,
    4.725961883587,4.732748335189,4.73953478679,4.746321238392,
    4.753107689993,4.759894141594,4.766680593196,4.773467044797,
    4.780253496399,4.787039948,4.793826399601,4.800612851203,
    4.807399302804,4.814185754406,4.820972206007,4.827758657608,
    4.83454510921,4.841331560811,4.848118012413,4.854904464014,
    4.861690915615),.QUASI_UNIFORM_KNOTS.);
#10915 = CARTESIAN_POINT('',(-3.14159265359,-1.570796326795));
#10916 = CARTESIAN_POINT('',(-3.14159265359,-1.568534176261));
#10917 = CARTESIAN_POINT('',(-3.14159265359,-1.564009875194));
#10918 = CARTESIAN_POINT('',(-3.14159265359,-1.557223423592));
#10919 = CARTESIAN_POINT('',(-3.14159265359,-1.550436971991));
#10920 = CARTESIAN_POINT('',(-3.14159265359,-1.543650520389));
#10921 = CARTESIAN_POINT('',(-3.14159265359,-1.536864068788));
#10922 = CARTESIAN_POINT('',(-3.14159265359,-1.530077617187));
#10923 = CARTESIAN_POINT('',(-3.14159265359,-1.523291165585));
#10924 = CARTESIAN_POINT('',(-3.14159265359,-1.516504713984));
#10925 = CARTESIAN_POINT('',(-3.14159265359,-1.509718262382));
#10926 = CARTESIAN_POINT('',(-3.14159265359,-1.502931810781));
#10927 = CARTESIAN_POINT('',(-3.14159265359,-1.49614535918));
#10928 = CARTESIAN_POINT('',(-3.14159265359,-1.489358907578));
#10929 = CARTESIAN_POINT('',(-3.14159265359,-1.482572455977));
#10930 = CARTESIAN_POINT('',(-3.14159265359,-1.475786004375));
#10931 = CARTESIAN_POINT('',(-3.14159265359,-1.468999552774));
#10932 = CARTESIAN_POINT('',(-3.14159265359,-1.462213101173));
#10933 = CARTESIAN_POINT('',(-3.14159265359,-1.455426649571));
#10934 = CARTESIAN_POINT('',(-3.14159265359,-1.44864019797));
#10935 = CARTESIAN_POINT('',(-3.14159265359,-1.441853746368));
#10936 = CARTESIAN_POINT('',(-3.14159265359,-1.435067294767));
#10937 = CARTESIAN_POINT('',(-3.14159265359,-1.428280843166));
#10938 = CARTESIAN_POINT('',(-3.14159265359,-1.423756542098));
#10939 = CARTESIAN_POINT('',(-3.14159265359,-1.421494391564));
#10940 = ( GEOMETRIC_REPRESENTATION_CONTEXT(2) 
PARAMETRIC_REPRESENTATION_CONTEXT() REPRESENTATION_CONTEXT('2D SPACE',''
  ) );
#10941 = PCURVE('',#8325,#10942);
#10942 = DEFINITIONAL_REPRESENTATION('',(#10943),#10969);
#10943 = B_SPLINE_CURVE_WITH_KNOTS('',3,(#10944,#10945,#10946,#10947,
    #10948,#10949,#10950,#10951,#10952,#10953,#10954,#10955,#10956,
    #10957,#10958,#10959,#10960,#10961,#10962,#10963,#10964,#10965,
    #10966,#10967,#10968),.UNSPECIFIED.,.F.,.F.,(4,1,1,1,1,1,1,1,1,1,1,1
    ,1,1,1,1,1,1,1,1,1,1,4),(4.712388980385,4.719175431986,
    4.725961883587,4.732748335189,4.73953478679,4.746321238392,
    4.753107689993,4.759894141594,4.766680593196,4.773467044797,
    4.780253496399,4.787039948,4.793826399601,4.800612851203,
    4.807399302804,4.814185754406,4.820972206007,4.827758657608,
    4.83454510921,4.841331560811,4.848118012413,4.854904464014,
    4.861690915615),.QUASI_UNIFORM_KNOTS.);
#10944 = CARTESIAN_POINT('',(3.14159265359,-1.570796326795));
#10945 = CARTESIAN_POINT('',(3.14159265359,-1.568534176261));
#10946 = CARTESIAN_POINT('',(3.14159265359,-1.564009875194));
#10947 = CARTESIAN_POINT('',(3.14159265359,-1.557223423592));
#10948 = CARTESIAN_POINT('',(3.14159265359,-1.550436971991));
#10949 = CARTESIAN_POINT('',(3.14159265359,-1.543650520389));
#10950 = CARTESIAN_POINT('',(3.14159265359,-1.536864068788));
#10951 = CARTESIAN_POINT('',(3.14159265359,-1.530077617187));
#10952 = CARTESIAN_POINT('',(3.14159265359,-1.523291165585));
#10953 = CARTESIAN_POINT('',(3.14159265359,-1.516504713984));
#10954 = CARTESIAN_POINT('',(3.14159265359,-1.509718262382));
#10955 = CARTESIAN_POINT('',(3.14159265359,-1.502931810781));
#10956 = CARTESIAN_POINT('',(3.14159265359,-1.49614535918));
#10957 = CARTESIAN_POINT('',(3.14159265359,-1.489358907578));
#10958 = CARTESIAN_POINT('',(3.14159265359,-1.482572455977));
#10959 = CARTESIAN_POINT('',(3.14159265359,-1.475786004375));
#10960 = CARTESIAN_POINT('',(3.14159265359,-1.468999552774));
#10961 = CARTESIAN_POINT('',(3.14159265359,-1.462213101173));
#10962 = CARTESIAN_POINT('',(3.14159265359,-1.455426649571));
#10963 = CARTESIAN_POINT('',(3.14159265359,-1.44864019797));
#10964 = CARTESIAN_POINT('',(3.14159265359,-1.441853746368));
#10965 = CARTESIAN_POINT('',(3.14159265359,-1.435067294767));
#10966 = CARTESIAN_POINT('',(3.14159265359,-1.428280843166));
#10967 = CARTESIAN_POINT('',(3.14159265359,-1.423756542098));
#10968 = CARTESIAN_POINT('',(3.14159265359,-1.421494391564));
#10969 = ( GEOMETRIC_REPRESENTATION_CONTEXT(2) 
PARAMETRIC_REPRESENTATION_CONTEXT() REPRESENTATION_CONTEXT('2D SPACE',''
  ) );
#10970 = ORIENTED_EDGE('',*,*,#10903,.T.);
#10971 = ORIENTED_EDGE('',*,*,#8304,.T.);
#10972 = ADVANCED_FACE('',(#10973),#8523,.T.);
#10973 = FACE_BOUND('',#10974,.T.);
#10974 = EDGE_LOOP('',(#10975,#10998,#11026,#11074,#11095,#11096));
#10975 = ORIENTED_EDGE('',*,*,#10976,.F.);
#10976 = EDGE_CURVE('',#10977,#10728,#10979,.T.);
#10977 = VERTEX_POINT('',#10978);
#10978 = CARTESIAN_POINT('',(-6.066794900199,7.858994031287,
    -1.245807478295));
#10979 = SURFACE_CURVE('',#10980,(#10984,#10991),.PCURVE_S1.);
#10980 = LINE('',#10981,#10982);
#10981 = CARTESIAN_POINT('',(-5.914770572082,7.70696970317,
    0.491838543372));
#10982 = VECTOR('',#10983,1.);
#10983 = DIRECTION('',(8.682659386425E-02,-8.682659386425E-02,
    0.992432509139));
#10984 = PCURVE('',#8523,#10985);
#10985 = DEFINITIONAL_REPRESENTATION('',(#10986),#10990);
#10986 = LINE('',#10987,#10988);
#10987 = CARTESIAN_POINT('',(5.501585242055,-2.22044604925E-16));
#10988 = VECTOR('',#10989,1.);
#10989 = DIRECTION('',(0.,1.));
#10990 = ( GEOMETRIC_REPRESENTATION_CONTEXT(2) 
PARAMETRIC_REPRESENTATION_CONTEXT() REPRESENTATION_CONTEXT('2D SPACE',''
  ) );
#10991 = PCURVE('',#10416,#10992);
#10992 = DEFINITIONAL_REPRESENTATION('',(#10993),#10997);
#10993 = LINE('',#10994,#10995);
#10994 = CARTESIAN_POINT('',(-2.085229427918,0.493717286705));
#10995 = VECTOR('',#10996,1.);
#10996 = DIRECTION('',(-8.682659386425E-02,0.996223440097));
#10997 = ( GEOMETRIC_REPRESENTATION_CONTEXT(2) 
PARAMETRIC_REPRESENTATION_CONTEXT() REPRESENTATION_CONTEXT('2D SPACE',''
  ) );
#10998 = ORIENTED_EDGE('',*,*,#10999,.F.);
#10999 = EDGE_CURVE('',#11000,#10977,#11002,.T.);
#11000 = VERTEX_POINT('',#11001);
#11001 = CARTESIAN_POINT('',(-6.421454202827,7.854170822266,-1.5));
#11002 = SURFACE_CURVE('',#11003,(#11008,#11014),.PCURVE_S1.);
#11003 = ELLIPSE('',#11004,2.92124429235,2.05);
#11004 = AXIS2_PLACEMENT_3D('',#11005,#11006,#11007);
#11005 = CARTESIAN_POINT('',(-6.177501618591,5.927501618591,
    -2.68986033242));
#11006 = DIRECTION('',(0.5,0.5,-0.707106781187));
#11007 = DIRECTION('',(-0.614393108083,-0.370641151082,-0.696524404357)
  );
#11008 = PCURVE('',#8523,#11009);
#11009 = DEFINITIONAL_REPRESENTATION('',(#11010),#11013);
#11010 = B_SPLINE_CURVE_WITH_KNOTS('',1,(#11011,#11012),.UNSPECIFIED.,
  .F.,.F.,(2,2),(2.067860559733,2.230216659353),
  .PIECEWISE_BEZIER_KNOTS.);
#11011 = CARTESIAN_POINT('',(5.663941341675,-2.033539909006));
#11012 = CARTESIAN_POINT('',(5.501585242055,-1.750895910468));
#11013 = ( GEOMETRIC_REPRESENTATION_CONTEXT(2) 
PARAMETRIC_REPRESENTATION_CONTEXT() REPRESENTATION_CONTEXT('2D SPACE',''
  ) );
#11014 = PCURVE('',#11015,#11020);
#11015 = PLANE('',#11016);
#11016 = AXIS2_PLACEMENT_3D('',#11017,#11018,#11019);
#11017 = CARTESIAN_POINT('',(-2.226852759796,4.013122769828,-1.25));
#11018 = DIRECTION('',(0.5,0.5,-0.707106781187));
#11019 = DIRECTION('',(-0.816496580928,-3.885780586188E-16,
    -0.57735026919));
#11020 = DEFINITIONAL_REPRESENTATION('',(#11021),#11025);
#11021 = ELLIPSE('',#11022,2.92124429235,2.05);
#11022 = AXIS2_PLACEMENT_2D('',#11023,#11024);
#11023 = CARTESIAN_POINT('',(4.05699503617,2.210534287328));
#11024 = DIRECTION('',(0.903788424448,-0.4279795367));
#11025 = ( GEOMETRIC_REPRESENTATION_CONTEXT(2) 
PARAMETRIC_REPRESENTATION_CONTEXT() REPRESENTATION_CONTEXT('2D SPACE',''
  ) );
#11026 = ORIENTED_EDGE('',*,*,#11027,.T.);
#11027 = EDGE_CURVE('',#11000,#9702,#11028,.T.);
#11028 = SURFACE_CURVE('',#11029,(#11034,#11063),.PCURVE_S1.);
#11029 = ELLIPSE('',#11030,2.065631648623,2.05);
#11030 = AXIS2_PLACEMENT_3D('',#11031,#11032,#11033);
#11031 = CARTESIAN_POINT('',(-6.073402328325,5.823402328325,-1.5));
#11032 = DIRECTION('',(0.,0.,1.));
#11033 = DIRECTION('',(-0.707106781187,0.707106781187,0.));
#11034 = PCURVE('',#8523,#11035);
#11035 = DEFINITIONAL_REPRESENTATION('',(#11036),#11062);
#11036 = B_SPLINE_CURVE_WITH_KNOTS('',3,(#11037,#11038,#11039,#11040,
    #11041,#11042,#11043,#11044,#11045,#11046,#11047,#11048,#11049,
    #11050,#11051,#11052,#11053,#11054,#11055,#11056,#11057,#11058,
    #11059,#11060,#11061),.UNSPECIFIED.,.F.,.F.,(4,1,1,1,1,1,1,1,1,1,1,1
    ,1,1,1,1,1,1,1,1,1,1,4),(5.663941341675,5.72023624763,5.776531153585
    ,5.83282605954,5.889120965495,5.94541587145,6.001710777405,
    6.05800568336,6.114300589315,6.17059549527,6.226890401225,
    6.28318530718,6.339480213135,6.39577511909,6.452070025045,
    6.508364931,6.564659836955,6.62095474291,6.677249648865,
    6.73354455482,6.789839460775,6.84613436673,6.902429272685),
  .QUASI_UNIFORM_KNOTS.);
#11037 = CARTESIAN_POINT('',(5.663941341675,-2.033539909006));
#11038 = CARTESIAN_POINT('',(5.682706310326,-2.036302642672));
#11039 = CARTESIAN_POINT('',(5.72023624763,-2.041609237548));
#11040 = CARTESIAN_POINT('',(5.776531153585,-2.048889675487));
#11041 = CARTESIAN_POINT('',(5.83282605954,-2.055466954291));
#11042 = CARTESIAN_POINT('',(5.889120965495,-2.061320406334));
#11043 = CARTESIAN_POINT('',(5.94541587145,-2.066431440415));
#11044 = CARTESIAN_POINT('',(6.001710777405,-2.070783875629));
#11045 = CARTESIAN_POINT('',(6.05800568336,-2.074363918955));
#11046 = CARTESIAN_POINT('',(6.114300589315,-2.077160228694));
#11047 = CARTESIAN_POINT('',(6.17059549527,-2.079163945121));
#11048 = CARTESIAN_POINT('',(6.226890401225,-2.080368719964));
#11049 = CARTESIAN_POINT('',(6.28318530718,-2.080770736143));
#11050 = CARTESIAN_POINT('',(6.339480213135,-2.080368719964));
#11051 = CARTESIAN_POINT('',(6.39577511909,-2.079163945121));
#11052 = CARTESIAN_POINT('',(6.452070025045,-2.077160228694));
#11053 = CARTESIAN_POINT('',(6.508364931,-2.074363918955));
#11054 = CARTESIAN_POINT('',(6.564659836955,-2.070783875629));
#11055 = CARTESIAN_POINT('',(6.62095474291,-2.066431440415));
#11056 = CARTESIAN_POINT('',(6.677249648865,-2.061320406334));
#11057 = CARTESIAN_POINT('',(6.73354455482,-2.055466954291));
#11058 = CARTESIAN_POINT('',(6.789839460775,-2.048889675487));
#11059 = CARTESIAN_POINT('',(6.84613436673,-2.041609237548));
#11060 = CARTESIAN_POINT('',(6.883664304033,-2.036302642672));
#11061 = CARTESIAN_POINT('',(6.902429272685,-2.033539909006));
#11062 = ( GEOMETRIC_REPRESENTATION_CONTEXT(2) 
PARAMETRIC_REPRESENTATION_CONTEXT() REPRESENTATION_CONTEXT('2D SPACE',''
  ) );
#11063 = PCURVE('',#9740,#11064);
#11064 = DEFINITIONAL_REPRESENTATION('',(#11065),#11073);
#11065 = ( BOUNDED_CURVE() B_SPLINE_CURVE(2,(#11066,#11067,#11068,#11069
    ,#11070,#11071,#11072),.UNSPECIFIED.,.T.,.F.) 
B_SPLINE_CURVE_WITH_KNOTS((1,2,2,2,2,1),(-2.094395102393,0.,
    2.094395102393,4.188790204786,6.28318530718,8.377580409573),
.UNSPECIFIED.) CURVE() GEOMETRIC_REPRESENTATION_ITEM() 
RATIONAL_B_SPLINE_CURVE((1.,0.5,1.,0.5,1.,0.5,1.)) REPRESENTATION_ITEM(
  '') );
#11066 = CARTESIAN_POINT('',(2.357808527016E-02,2.357808527016E-02));
#11067 = CARTESIAN_POINT('',(-2.487148901083,2.534305071623));
#11068 = CARTESIAN_POINT('',(0.959147811356,3.469874797709));
#11069 = CARTESIAN_POINT('',(4.405444523795,4.405444523795));
#11070 = CARTESIAN_POINT('',(3.469874797709,0.959147811356));
#11071 = CARTESIAN_POINT('',(2.534305071623,-2.487148901083));
#11072 = CARTESIAN_POINT('',(2.357808527016E-02,2.357808527016E-02));
#11073 = ( GEOMETRIC_REPRESENTATION_CONTEXT(2) 
PARAMETRIC_REPRESENTATION_CONTEXT() REPRESENTATION_CONTEXT('2D SPACE',''
  ) );
#11074 = ORIENTED_EDGE('',*,*,#11075,.F.);
#11075 = EDGE_CURVE('',#8508,#9702,#11076,.T.);
#11076 = SURFACE_CURVE('',#11077,(#11082,#11088),.PCURVE_S1.);
#11077 = ELLIPSE('',#11078,2.92124429235,2.05);
#11078 = AXIS2_PLACEMENT_3D('',#11079,#11080,#11081);
#11079 = CARTESIAN_POINT('',(-6.177501618591,5.927501618591,
    -2.689860332421));
#11080 = DIRECTION('',(-0.5,-0.5,-0.707106781187));
#11081 = DIRECTION('',(0.370641151082,0.614393108083,-0.696524404357));
#11082 = PCURVE('',#8523,#11083);
#11083 = DEFINITIONAL_REPRESENTATION('',(#11084),#11087);
#11084 = B_SPLINE_CURVE_WITH_KNOTS('',1,(#11085,#11086),.UNSPECIFIED.,
  .F.,.F.,(2,2),(4.052968647827,4.215324747446),
  .PIECEWISE_BEZIER_KNOTS.);
#11085 = CARTESIAN_POINT('',(7.064785372304,-1.750895910468));
#11086 = CARTESIAN_POINT('',(6.902429272685,-2.033539909006));
#11087 = ( GEOMETRIC_REPRESENTATION_CONTEXT(2) 
PARAMETRIC_REPRESENTATION_CONTEXT() REPRESENTATION_CONTEXT('2D SPACE',''
  ) );
#11088 = PCURVE('',#8549,#11089);
#11089 = DEFINITIONAL_REPRESENTATION('',(#11090),#11094);
#11090 = ELLIPSE('',#11091,2.92124429235,2.05);
#11091 = AXIS2_PLACEMENT_2D('',#11092,#11093);
#11092 = CARTESIAN_POINT('',(0.234024444138,3.857883658131));
#11093 = DIRECTION('',(-0.704765784962,0.70944005268));
#11094 = ( GEOMETRIC_REPRESENTATION_CONTEXT(2) 
PARAMETRIC_REPRESENTATION_CONTEXT() REPRESENTATION_CONTEXT('2D SPACE',''
  ) );
#11095 = ORIENTED_EDGE('',*,*,#8507,.T.);
#11096 = ORIENTED_EDGE('',*,*,#10796,.F.);
#11097 = ADVANCED_FACE('',(#11098),#8549,.T.);
#11098 = FACE_BOUND('',#11099,.T.);
#11099 = EDGE_LOOP('',(#11100,#11101,#11102,#11103,#11104));
#11100 = ORIENTED_EDGE('',*,*,#11075,.T.);
#11101 = ORIENTED_EDGE('',*,*,#9701,.T.);
#11102 = ORIENTED_EDGE('',*,*,#9778,.T.);
#11103 = ORIENTED_EDGE('',*,*,#9879,.T.);
#11104 = ORIENTED_EDGE('',*,*,#8535,.T.);
#11105 = ADVANCED_FACE('',(#11106),#8710,.T.);
#11106 = FACE_BOUND('',#11107,.T.);
#11107 = EDGE_LOOP('',(#11108,#11129,#11130,#11131,#11154));
#11108 = ORIENTED_EDGE('',*,*,#11109,.F.);
#11109 = EDGE_CURVE('',#8694,#11000,#11110,.T.);
#11110 = SURFACE_CURVE('',#11111,(#11115,#11122),.PCURVE_S1.);
#11111 = LINE('',#11112,#11113);
#11112 = CARTESIAN_POINT('',(-2.403629455093,3.836346074531,-1.5));
#11113 = VECTOR('',#11114,1.);
#11114 = DIRECTION('',(-0.707106781187,0.707106781187,0.));
#11115 = PCURVE('',#8710,#11116);
#11116 = DEFINITIONAL_REPRESENTATION('',(#11117),#11121);
#11117 = LINE('',#11118,#11119);
#11118 = CARTESIAN_POINT('',(-4.412329011436,1.5));
#11119 = VECTOR('',#11120,1.);
#11120 = DIRECTION('',(1.,0.));
#11121 = ( GEOMETRIC_REPRESENTATION_CONTEXT(2) 
PARAMETRIC_REPRESENTATION_CONTEXT() REPRESENTATION_CONTEXT('2D SPACE',''
  ) );
#11122 = PCURVE('',#11015,#11123);
#11123 = DEFINITIONAL_REPRESENTATION('',(#11124),#11128);
#11124 = LINE('',#11125,#11126);
#11125 = CARTESIAN_POINT('',(0.288675134595,-0.204124145232));
#11126 = VECTOR('',#11127,1.);
#11127 = DIRECTION('',(0.57735026919,0.816496580928));
#11128 = ( GEOMETRIC_REPRESENTATION_CONTEXT(2) 
PARAMETRIC_REPRESENTATION_CONTEXT() REPRESENTATION_CONTEXT('2D SPACE',''
  ) );
#11129 = ORIENTED_EDGE('',*,*,#8691,.F.);
#11130 = ORIENTED_EDGE('',*,*,#9677,.F.);
#11131 = ORIENTED_EDGE('',*,*,#11132,.T.);
#11132 = EDGE_CURVE('',#9645,#11133,#11135,.T.);
#11133 = VERTEX_POINT('',#11134);
#11134 = CARTESIAN_POINT('',(-6.742864431923,8.175581051361,-1.5));
#11135 = SURFACE_CURVE('',#11136,(#11140,#11147),.PCURVE_S1.);
#11136 = LINE('',#11137,#11138);
#11137 = CARTESIAN_POINT('',(-6.742864431923,8.175581051361,-3.));
#11138 = VECTOR('',#11139,1.);
#11139 = DIRECTION('',(0.,0.,1.));
#11140 = PCURVE('',#8710,#11141);
#11141 = DEFINITIONAL_REPRESENTATION('',(#11142),#11146);
#11142 = LINE('',#11143,#11144);
#11143 = CARTESIAN_POINT('',(1.724275943121,0.));
#11144 = VECTOR('',#11145,1.);
#11145 = DIRECTION('',(0.,1.));
#11146 = ( GEOMETRIC_REPRESENTATION_CONTEXT(2) 
PARAMETRIC_REPRESENTATION_CONTEXT() REPRESENTATION_CONTEXT('2D SPACE',''
  ) );
#11147 = PCURVE('',#9665,#11148);
#11148 = DEFINITIONAL_REPRESENTATION('',(#11149),#11153);
#11149 = LINE('',#11150,#11151);
#11150 = CARTESIAN_POINT('',(-0.371456892773,0.));
#11151 = VECTOR('',#11152,1.);
#11152 = DIRECTION('',(0.,1.));
#11153 = ( GEOMETRIC_REPRESENTATION_CONTEXT(2) 
PARAMETRIC_REPRESENTATION_CONTEXT() REPRESENTATION_CONTEXT('2D SPACE',''
  ) );
#11154 = ORIENTED_EDGE('',*,*,#11155,.F.);
#11155 = EDGE_CURVE('',#11000,#11133,#11156,.T.);
#11156 = SURFACE_CURVE('',#11157,(#11161,#11168),.PCURVE_S1.);
#11157 = LINE('',#11158,#11159);
#11158 = CARTESIAN_POINT('',(-6.742864431923,8.175581051361,-1.5));
#11159 = VECTOR('',#11160,1.);
#11160 = DIRECTION('',(-0.707106781187,0.707106781187,0.));
#11161 = PCURVE('',#8710,#11162);
#11162 = DEFINITIONAL_REPRESENTATION('',(#11163),#11167);
#11163 = LINE('',#11164,#11165);
#11164 = CARTESIAN_POINT('',(1.724275943121,1.5));
#11165 = VECTOR('',#11166,1.);
#11166 = DIRECTION('',(1.,0.));
#11167 = ( GEOMETRIC_REPRESENTATION_CONTEXT(2) 
PARAMETRIC_REPRESENTATION_CONTEXT() REPRESENTATION_CONTEXT('2D SPACE',''
  ) );
#11168 = PCURVE('',#9740,#11169);
#11169 = DEFINITIONAL_REPRESENTATION('',(#11170),#11174);
#11170 = LINE('',#11171,#11172);
#11171 = CARTESIAN_POINT('',(0.814738127848,-0.867978491591));
#11172 = VECTOR('',#11173,1.);
#11173 = DIRECTION('',(-0.707106781187,-0.707106781187));
#11174 = ( GEOMETRIC_REPRESENTATION_CONTEXT(2) 
PARAMETRIC_REPRESENTATION_CONTEXT() REPRESENTATION_CONTEXT('2D SPACE',''
  ) );
#11175 = ADVANCED_FACE('',(#11176),#8950,.T.);
#11176 = FACE_BOUND('',#11177,.T.);
#11177 = EDGE_LOOP('',(#11178,#11179,#11180,#11201));
#11178 = ORIENTED_EDGE('',*,*,#9018,.T.);
#11179 = ORIENTED_EDGE('',*,*,#8934,.T.);
#11180 = ORIENTED_EDGE('',*,*,#11181,.T.);
#11181 = EDGE_CURVE('',#8935,#11182,#11184,.T.);
#11182 = VERTEX_POINT('',#11183);
#11183 = CARTESIAN_POINT('',(-5.574232994761,7.714056395387,-1.));
#11184 = SURFACE_CURVE('',#11185,(#11189,#11195),.PCURVE_S1.);
#11185 = LINE('',#11186,#11187);
#11186 = CARTESIAN_POINT('',(-5.928464566265,7.359824823883,
    -1.49999908014));
#11187 = VECTOR('',#11188,1.);
#11188 = DIRECTION('',(0.500479316576,0.500479316576,0.706428274745));
#11189 = PCURVE('',#8950,#11190);
#11190 = DEFINITIONAL_REPRESENTATION('',(#11191),#11194);
#11191 = B_SPLINE_CURVE_WITH_KNOTS('',1,(#11192,#11193),.UNSPECIFIED.,
  .F.,.F.,(2,2),(0.,0.707784637189),.PIECEWISE_BEZIER_KNOTS.);
#11192 = CARTESIAN_POINT('',(1.828137477242E-16,-0.148168924519));
#11193 = CARTESIAN_POINT('',(1.,-0.148168924519));
#11194 = ( GEOMETRIC_REPRESENTATION_CONTEXT(2) 
PARAMETRIC_REPRESENTATION_CONTEXT() REPRESENTATION_CONTEXT('2D SPACE',''
  ) );
#11195 = PCURVE('',#8988,#11196);
#11196 = DEFINITIONAL_REPRESENTATION('',(#11197),#11200);
#11197 = B_SPLINE_CURVE_WITH_KNOTS('',1,(#11198,#11199),.UNSPECIFIED.,
  .F.,.F.,(2,2),(0.,0.707784637189),.PIECEWISE_BEZIER_KNOTS.);
#11198 = CARTESIAN_POINT('',(-1.134469231525E-15,-0.498391052671));
#11199 = CARTESIAN_POINT('',(1.,-0.498391052671));
#11200 = ( GEOMETRIC_REPRESENTATION_CONTEXT(2) 
PARAMETRIC_REPRESENTATION_CONTEXT() REPRESENTATION_CONTEXT('2D SPACE',''
  ) );
#11201 = ORIENTED_EDGE('',*,*,#11202,.T.);
#11202 = EDGE_CURVE('',#11182,#9019,#11203,.T.);
#11203 = SURFACE_CURVE('',#11204,(#11209,#11216),.PCURVE_S1.);
#11204 = B_SPLINE_CURVE_WITH_KNOTS('',3,(#11205,#11206,#11207,#11208),
  .UNSPECIFIED.,.F.,.F.,(4,4),(-0.148168924519,-4.756698503377E-02),
  .PIECEWISE_BEZIER_KNOTS.);
#11205 = CARTESIAN_POINT('',(-5.574232994761,7.714056395387,-1.));
#11206 = CARTESIAN_POINT('',(-5.21940867638,7.359232077006,-1.));
#11207 = CARTESIAN_POINT('',(-5.063390803217,6.822242658594,-1.));
#11208 = CARTESIAN_POINT('',(-5.167261403102,6.331817232124,-1.));
#11209 = PCURVE('',#8950,#11210);
#11210 = DEFINITIONAL_REPRESENTATION('',(#11211),#11215);
#11211 = LINE('',#11212,#11213);
#11212 = CARTESIAN_POINT('',(1.,0.));
#11213 = VECTOR('',#11214,1.);
#11214 = DIRECTION('',(-2.09680226602E-14,1.));
#11215 = ( GEOMETRIC_REPRESENTATION_CONTEXT(2) 
PARAMETRIC_REPRESENTATION_CONTEXT() REPRESENTATION_CONTEXT('2D SPACE',''
  ) );
#11216 = PCURVE('',#9093,#11217);
#11217 = DEFINITIONAL_REPRESENTATION('',(#11218),#11223);
#11218 = B_SPLINE_CURVE_WITH_KNOTS('',3,(#11219,#11220,#11221,#11222),
  .UNSPECIFIED.,.F.,.F.,(4,4),(-0.148168924519,-4.756698503377E-02),
  .PIECEWISE_BEZIER_KNOTS.);
#11219 = CARTESIAN_POINT('',(-5.574232994761,-7.714056395387));
#11220 = CARTESIAN_POINT('',(-5.21940867638,-7.359232077006));
#11221 = CARTESIAN_POINT('',(-5.063390803217,-6.822242658594));
#11222 = CARTESIAN_POINT('',(-5.167261403102,-6.331817232124));
#11223 = ( GEOMETRIC_REPRESENTATION_CONTEXT(2) 
PARAMETRIC_REPRESENTATION_CONTEXT() REPRESENTATION_CONTEXT('2D SPACE',''
  ) );
#11224 = ADVANCED_FACE('',(#11225),#8988,.T.);
#11225 = FACE_BOUND('',#11226,.T.);
#11226 = EDGE_LOOP('',(#11227,#11228,#11229,#11251));
#11227 = ORIENTED_EDGE('',*,*,#11181,.F.);
#11228 = ORIENTED_EDGE('',*,*,#8974,.T.);
#11229 = ORIENTED_EDGE('',*,*,#11230,.F.);
#11230 = EDGE_CURVE('',#11231,#8694,#11233,.T.);
#11231 = VERTEX_POINT('',#11232);
#11232 = CARTESIAN_POINT('',(-5.605314284304,7.74513768493,-1.));
#11233 = SURFACE_CURVE('',#11234,(#11238,#11244),.PCURVE_S1.);
#11234 = LINE('',#11235,#11236);
#11235 = CARTESIAN_POINT('',(-5.605314284304,7.74513768493,-1.));
#11236 = VECTOR('',#11237,1.);
#11237 = DIRECTION('',(-0.500000000117,-0.500000000117,-0.707106781022)
  );
#11238 = PCURVE('',#8988,#11239);
#11239 = DEFINITIONAL_REPRESENTATION('',(#11240),#11243);
#11240 = B_SPLINE_CURVE_WITH_KNOTS('',1,(#11241,#11242),.UNSPECIFIED.,
  .F.,.F.,(2,2),(-0.,0.707106781022),.PIECEWISE_BEZIER_KNOTS.);
#11241 = CARTESIAN_POINT('',(1.,-0.502786610792));
#11242 = CARTESIAN_POINT('',(2.333484736892E-10,-0.502786610792));
#11243 = ( GEOMETRIC_REPRESENTATION_CONTEXT(2) 
PARAMETRIC_REPRESENTATION_CONTEXT() REPRESENTATION_CONTEXT('2D SPACE',''
  ) );
#11244 = PCURVE('',#11015,#11245);
#11245 = DEFINITIONAL_REPRESENTATION('',(#11246),#11250);
#11246 = LINE('',#11247,#11248);
#11247 = CARTESIAN_POINT('',(2.614164716259,4.309359631707));
#11248 = VECTOR('',#11249,1.);
#11249 = DIRECTION('',(0.816496580928,-0.57735026919));
#11250 = ( GEOMETRIC_REPRESENTATION_CONTEXT(2) 
PARAMETRIC_REPRESENTATION_CONTEXT() REPRESENTATION_CONTEXT('2D SPACE',''
  ) );
#11251 = ORIENTED_EDGE('',*,*,#11252,.T.);
#11252 = EDGE_CURVE('',#11231,#11182,#11253,.T.);
#11253 = SURFACE_CURVE('',#11254,(#11259,#11266),.PCURVE_S1.);
#11254 = B_SPLINE_CURVE_WITH_KNOTS('',3,(#11255,#11256,#11257,#11258),
  .UNSPECIFIED.,.F.,.F.,(4,4),(-0.502786610792,-0.498391052671),
  .PIECEWISE_BEZIER_KNOTS.);
#11255 = CARTESIAN_POINT('',(-5.605314284304,7.74513768493,-1.));
#11256 = CARTESIAN_POINT('',(-5.594953854457,7.734777255082,-1.));
#11257 = CARTESIAN_POINT('',(-5.584593424609,7.724416825234,-1.));
#11258 = CARTESIAN_POINT('',(-5.574232994761,7.714056395387,-1.));
#11259 = PCURVE('',#8988,#11260);
#11260 = DEFINITIONAL_REPRESENTATION('',(#11261),#11265);
#11261 = LINE('',#11262,#11263);
#11262 = CARTESIAN_POINT('',(1.,0.));
#11263 = VECTOR('',#11264,1.);
#11264 = DIRECTION('',(-2.525783971259E-14,1.));
#11265 = ( GEOMETRIC_REPRESENTATION_CONTEXT(2) 
PARAMETRIC_REPRESENTATION_CONTEXT() REPRESENTATION_CONTEXT('2D SPACE',''
  ) );
#11266 = PCURVE('',#9093,#11267);
#11267 = DEFINITIONAL_REPRESENTATION('',(#11268),#11273);
#11268 = B_SPLINE_CURVE_WITH_KNOTS('',3,(#11269,#11270,#11271,#11272),
  .UNSPECIFIED.,.F.,.F.,(4,4),(-0.502786610792,-0.498391052671),
  .PIECEWISE_BEZIER_KNOTS.);
#11269 = CARTESIAN_POINT('',(-5.605314284304,-7.74513768493));
#11270 = CARTESIAN_POINT('',(-5.594953854457,-7.734777255082));
#11271 = CARTESIAN_POINT('',(-5.584593424609,-7.724416825234));
#11272 = CARTESIAN_POINT('',(-5.574232994761,-7.714056395387));
#11273 = ( GEOMETRIC_REPRESENTATION_CONTEXT(2) 
PARAMETRIC_REPRESENTATION_CONTEXT() REPRESENTATION_CONTEXT('2D SPACE',''
  ) );
#11274 = ADVANCED_FACE('',(#11275),#9093,.T.);
#11275 = FACE_BOUND('',#11276,.T.);
#11276 = EDGE_LOOP('',(#11277,#11300,#11323,#11346,#11371,#11394,#11395,
    #11396));
#11277 = ORIENTED_EDGE('',*,*,#11278,.F.);
#11278 = EDGE_CURVE('',#11279,#11231,#11281,.T.);
#11279 = VERTEX_POINT('',#11280);
#11280 = CARTESIAN_POINT('',(-5.697665262901,7.837488663526,-1.));
#11281 = SURFACE_CURVE('',#11282,(#11286,#11293),.PCURVE_S1.);
#11282 = LINE('',#11283,#11284);
#11283 = CARTESIAN_POINT('',(-2.0500760645,4.189899465125,-1.));
#11284 = VECTOR('',#11285,1.);
#11285 = DIRECTION('',(0.707106781187,-0.707106781187,0.));
#11286 = PCURVE('',#9093,#11287);
#11287 = DEFINITIONAL_REPRESENTATION('',(#11288),#11292);
#11288 = LINE('',#11289,#11290);
#11289 = CARTESIAN_POINT('',(-2.0500760645,-4.189899465125));
#11290 = VECTOR('',#11291,1.);
#11291 = DIRECTION('',(0.707106781187,0.707106781187));
#11292 = ( GEOMETRIC_REPRESENTATION_CONTEXT(2) 
PARAMETRIC_REPRESENTATION_CONTEXT() REPRESENTATION_CONTEXT('2D SPACE',''
  ) );
#11293 = PCURVE('',#11015,#11294);
#11294 = DEFINITIONAL_REPRESENTATION('',(#11295),#11299);
#11295 = LINE('',#11296,#11297);
#11296 = CARTESIAN_POINT('',(-0.288675134595,0.204124145232));
#11297 = VECTOR('',#11298,1.);
#11298 = DIRECTION('',(-0.57735026919,-0.816496580928));
#11299 = ( GEOMETRIC_REPRESENTATION_CONTEXT(2) 
PARAMETRIC_REPRESENTATION_CONTEXT() REPRESENTATION_CONTEXT('2D SPACE',''
  ) );
#11300 = ORIENTED_EDGE('',*,*,#11301,.F.);
#11301 = EDGE_CURVE('',#11302,#11279,#11304,.T.);
#11302 = VERTEX_POINT('',#11303);
#11303 = CARTESIAN_POINT('',(5.697665384672,7.837488663526,-1.));
#11304 = SURFACE_CURVE('',#11305,(#11309,#11316),.PCURVE_S1.);
#11305 = LINE('',#11306,#11307);
#11306 = CARTESIAN_POINT('',(-4.,7.837488663526,-1.));
#11307 = VECTOR('',#11308,1.);
#11308 = DIRECTION('',(-1.,4.987329993433E-17,0.));
#11309 = PCURVE('',#9093,#11310);
#11310 = DEFINITIONAL_REPRESENTATION('',(#11311),#11315);
#11311 = LINE('',#11312,#11313);
#11312 = CARTESIAN_POINT('',(-4.,-7.837488663526));
#11313 = VECTOR('',#11314,1.);
#11314 = DIRECTION('',(-1.,-4.987329993433E-17));
#11315 = ( GEOMETRIC_REPRESENTATION_CONTEXT(2) 
PARAMETRIC_REPRESENTATION_CONTEXT() REPRESENTATION_CONTEXT('2D SPACE',''
  ) );
#11316 = PCURVE('',#10416,#11317);
#11317 = DEFINITIONAL_REPRESENTATION('',(#11318),#11322);
#11318 = LINE('',#11319,#11320);
#11319 = CARTESIAN_POINT('',(-4.,-1.003819837543));
#11320 = VECTOR('',#11321,1.);
#11321 = DIRECTION('',(1.,-9.639929534866E-34));
#11322 = ( GEOMETRIC_REPRESENTATION_CONTEXT(2) 
PARAMETRIC_REPRESENTATION_CONTEXT() REPRESENTATION_CONTEXT('2D SPACE',''
  ) );
#11323 = ORIENTED_EDGE('',*,*,#11324,.F.);
#11324 = EDGE_CURVE('',#11325,#11302,#11327,.T.);
#11325 = VERTEX_POINT('',#11326);
#11326 = CARTESIAN_POINT('',(5.605314347064,7.745137625918,-1.));
#11327 = SURFACE_CURVE('',#11328,(#11332,#11339),.PCURVE_S1.);
#11328 = LINE('',#11329,#11330);
#11329 = CARTESIAN_POINT('',(2.659699728165,4.799523007019,-1.));
#11330 = VECTOR('',#11331,1.);
#11331 = DIRECTION('',(0.707106781187,0.707106781187,0.));
#11332 = PCURVE('',#9093,#11333);
#11333 = DEFINITIONAL_REPRESENTATION('',(#11334),#11338);
#11334 = LINE('',#11335,#11336);
#11335 = CARTESIAN_POINT('',(2.659699728165,-4.799523007019));
#11336 = VECTOR('',#11337,1.);
#11337 = DIRECTION('',(0.707106781187,-0.707106781187));
#11338 = ( GEOMETRIC_REPRESENTATION_CONTEXT(2) 
PARAMETRIC_REPRESENTATION_CONTEXT() REPRESENTATION_CONTEXT('2D SPACE',''
  ) );
#11339 = PCURVE('',#10388,#11340);
#11340 = DEFINITIONAL_REPRESENTATION('',(#11341),#11345);
#11341 = LINE('',#11342,#11343);
#11342 = CARTESIAN_POINT('',(0.288675134595,0.204124145232));
#11343 = VECTOR('',#11344,1.);
#11344 = DIRECTION('',(-0.57735026919,0.816496580928));
#11345 = ( GEOMETRIC_REPRESENTATION_CONTEXT(2) 
PARAMETRIC_REPRESENTATION_CONTEXT() REPRESENTATION_CONTEXT('2D SPACE',''
  ) );
#11346 = ORIENTED_EDGE('',*,*,#11347,.F.);
#11347 = EDGE_CURVE('',#11348,#11325,#11350,.T.);
#11348 = VERTEX_POINT('',#11349);
#11349 = CARTESIAN_POINT('',(5.574233057642,7.714056336496,-1.));
#11350 = SURFACE_CURVE('',#11351,(#11356,#11364),.PCURVE_S1.);
#11351 = B_SPLINE_CURVE_WITH_KNOTS('',3,(#11352,#11353,#11354,#11355),
  .UNSPECIFIED.,.F.,.F.,(4,4),(0.412177256254,0.416572814357),
  .PIECEWISE_BEZIER_KNOTS.);
#11352 = CARTESIAN_POINT('',(5.574233057642,7.714056336496,-1.));
#11353 = CARTESIAN_POINT('',(5.584593487449,7.724416766303,-1.));
#11354 = CARTESIAN_POINT('',(5.594953917257,7.734777196111,-1.));
#11355 = CARTESIAN_POINT('',(5.605314347064,7.745137625918,-1.));
#11356 = PCURVE('',#9093,#11357);
#11357 = DEFINITIONAL_REPRESENTATION('',(#11358),#11363);
#11358 = B_SPLINE_CURVE_WITH_KNOTS('',3,(#11359,#11360,#11361,#11362),
  .UNSPECIFIED.,.F.,.F.,(4,4),(0.412177256254,0.416572814357),
  .PIECEWISE_BEZIER_KNOTS.);
#11359 = CARTESIAN_POINT('',(5.574233057642,-7.714056336496));
#11360 = CARTESIAN_POINT('',(5.584593487449,-7.724416766303));
#11361 = CARTESIAN_POINT('',(5.594953917257,-7.734777196111));
#11362 = CARTESIAN_POINT('',(5.605314347064,-7.745137625918));
#11363 = ( GEOMETRIC_REPRESENTATION_CONTEXT(2) 
PARAMETRIC_REPRESENTATION_CONTEXT() REPRESENTATION_CONTEXT('2D SPACE',''
  ) );
#11364 = PCURVE('',#9442,#11365);
#11365 = DEFINITIONAL_REPRESENTATION('',(#11366),#11370);
#11366 = LINE('',#11367,#11368);
#11367 = CARTESIAN_POINT('',(1.,-1.665334536938E-16));
#11368 = VECTOR('',#11369,1.);
#11369 = DIRECTION('',(1.51547038866E-13,1.));
#11370 = ( GEOMETRIC_REPRESENTATION_CONTEXT(2) 
PARAMETRIC_REPRESENTATION_CONTEXT() REPRESENTATION_CONTEXT('2D SPACE',''
  ) );
#11371 = ORIENTED_EDGE('',*,*,#11372,.F.);
#11372 = EDGE_CURVE('',#9078,#11348,#11373,.T.);
#11373 = SURFACE_CURVE('',#11374,(#11379,#11387),.PCURVE_S1.);
#11374 = B_SPLINE_CURVE_WITH_KNOTS('',3,(#11375,#11376,#11377,#11378),
  .UNSPECIFIED.,.F.,.F.,(4,4),(-0.100637432087,0.),
  .PIECEWISE_BEZIER_KNOTS.);
#11375 = CARTESIAN_POINT('',(5.167268694283,6.33181873057,-1.));
#11376 = CARTESIAN_POINT('',(5.063554752629,6.821792078472,-1.));
#11377 = CARTESIAN_POINT('',(5.219335382992,7.359158661846,-1.));
#11378 = CARTESIAN_POINT('',(5.574233057642,7.714056336496,-1.));
#11379 = PCURVE('',#9093,#11380);
#11380 = DEFINITIONAL_REPRESENTATION('',(#11381),#11386);
#11381 = B_SPLINE_CURVE_WITH_KNOTS('',3,(#11382,#11383,#11384,#11385),
  .UNSPECIFIED.,.F.,.F.,(4,4),(-0.100637432087,0.),
  .PIECEWISE_BEZIER_KNOTS.);
#11382 = CARTESIAN_POINT('',(5.167268694283,-6.33181873057));
#11383 = CARTESIAN_POINT('',(5.063554752629,-6.821792078472));
#11384 = CARTESIAN_POINT('',(5.219335382992,-7.359158661846));
#11385 = CARTESIAN_POINT('',(5.574233057642,-7.714056336496));
#11386 = ( GEOMETRIC_REPRESENTATION_CONTEXT(2) 
PARAMETRIC_REPRESENTATION_CONTEXT() REPRESENTATION_CONTEXT('2D SPACE',''
  ) );
#11387 = PCURVE('',#9135,#11388);
#11388 = DEFINITIONAL_REPRESENTATION('',(#11389),#11393);
#11389 = LINE('',#11390,#11391);
#11390 = CARTESIAN_POINT('',(1.,-1.720845688169E-15));
#11391 = VECTOR('',#11392,1.);
#11392 = DIRECTION('',(7.270028239708E-13,1.));
#11393 = ( GEOMETRIC_REPRESENTATION_CONTEXT(2) 
PARAMETRIC_REPRESENTATION_CONTEXT() REPRESENTATION_CONTEXT('2D SPACE',''
  ) );
#11394 = ORIENTED_EDGE('',*,*,#9077,.F.);
#11395 = ORIENTED_EDGE('',*,*,#11202,.F.);
#11396 = ORIENTED_EDGE('',*,*,#11252,.F.);
#11397 = ADVANCED_FACE('',(#11398),#9135,.T.);
#11398 = FACE_BOUND('',#11399,.T.);
#11399 = EDGE_LOOP('',(#11400,#11401,#11402,#11421));
#11400 = ORIENTED_EDGE('',*,*,#9105,.T.);
#11401 = ORIENTED_EDGE('',*,*,#11372,.T.);
#11402 = ORIENTED_EDGE('',*,*,#11403,.T.);
#11403 = EDGE_CURVE('',#11348,#9427,#11404,.T.);
#11404 = SURFACE_CURVE('',#11405,(#11409,#11415),.PCURVE_S1.);
#11405 = LINE('',#11406,#11407);
#11406 = CARTESIAN_POINT('',(5.574233057642,7.714056336496,-1.));
#11407 = VECTOR('',#11408,1.);
#11408 = DIRECTION('',(0.500479316572,-0.500479316572,-0.70642827475));
#11409 = PCURVE('',#9135,#11410);
#11410 = DEFINITIONAL_REPRESENTATION('',(#11411),#11414);
#11411 = B_SPLINE_CURVE_WITH_KNOTS('',1,(#11412,#11413),.UNSPECIFIED.,
  .F.,.F.,(2,2),(0.,0.707784637184),.PIECEWISE_BEZIER_KNOTS.);
#11412 = CARTESIAN_POINT('',(1.,-9.707535460435E-17));
#11413 = CARTESIAN_POINT('',(1.859204377582E-15,-2.109920182128E-15));
#11414 = ( GEOMETRIC_REPRESENTATION_CONTEXT(2) 
PARAMETRIC_REPRESENTATION_CONTEXT() REPRESENTATION_CONTEXT('2D SPACE',''
  ) );
#11415 = PCURVE('',#9442,#11416);
#11416 = DEFINITIONAL_REPRESENTATION('',(#11417),#11420);
#11417 = B_SPLINE_CURVE_WITH_KNOTS('',1,(#11418,#11419),.UNSPECIFIED.,
  .F.,.F.,(2,2),(0.,0.707784637184),.PIECEWISE_BEZIER_KNOTS.);
#11418 = CARTESIAN_POINT('',(1.,0.412177256254));
#11419 = CARTESIAN_POINT('',(1.326382542469E-15,0.412177256254));
#11420 = ( GEOMETRIC_REPRESENTATION_CONTEXT(2) 
PARAMETRIC_REPRESENTATION_CONTEXT() REPRESENTATION_CONTEXT('2D SPACE',''
  ) );
#11421 = ORIENTED_EDGE('',*,*,#9466,.T.);
#11422 = ADVANCED_FACE('',(#11423),#9413,.T.);
#11423 = FACE_BOUND('',#11424,.T.);
#11424 = EDGE_LOOP('',(#11425,#11446,#11469,#11490,#11491));
#11425 = ORIENTED_EDGE('',*,*,#11426,.F.);
#11426 = EDGE_CURVE('',#10373,#9397,#11427,.T.);
#11427 = SURFACE_CURVE('',#11428,(#11432,#11439),.PCURVE_S1.);
#11428 = LINE('',#11429,#11430);
#11429 = CARTESIAN_POINT('',(3.013253118758,4.445969616426,-1.5));
#11430 = VECTOR('',#11431,1.);
#11431 = DIRECTION('',(-0.707106781187,-0.707106781187,0.));
#11432 = PCURVE('',#9413,#11433);
#11433 = DEFINITIONAL_REPRESENTATION('',(#11434),#11438);
#11434 = LINE('',#11435,#11436);
#11435 = CARTESIAN_POINT('',(5.274466978429,1.5));
#11436 = VECTOR('',#11437,1.);
#11437 = DIRECTION('',(1.,0.));
#11438 = ( GEOMETRIC_REPRESENTATION_CONTEXT(2) 
PARAMETRIC_REPRESENTATION_CONTEXT() REPRESENTATION_CONTEXT('2D SPACE',''
  ) );
#11439 = PCURVE('',#10388,#11440);
#11440 = DEFINITIONAL_REPRESENTATION('',(#11441),#11445);
#11441 = LINE('',#11442,#11443);
#11442 = CARTESIAN_POINT('',(-0.288675134595,-0.204124145232));
#11443 = VECTOR('',#11444,1.);
#11444 = DIRECTION('',(0.57735026919,-0.816496580928));
#11445 = ( GEOMETRIC_REPRESENTATION_CONTEXT(2) 
PARAMETRIC_REPRESENTATION_CONTEXT() REPRESENTATION_CONTEXT('2D SPACE',''
  ) );
#11446 = ORIENTED_EDGE('',*,*,#11447,.F.);
#11447 = EDGE_CURVE('',#11448,#10373,#11450,.T.);
#11448 = VERTEX_POINT('',#11449);
#11449 = CARTESIAN_POINT('',(6.742864396817,8.17558107355,-1.5));
#11450 = SURFACE_CURVE('',#11451,(#11455,#11462),.PCURVE_S1.);
#11451 = LINE('',#11452,#11453);
#11452 = CARTESIAN_POINT('',(6.74286448635,8.175580984017,-1.5));
#11453 = VECTOR('',#11454,1.);
#11454 = DIRECTION('',(-0.707106781187,-0.707106781187,0.));
#11455 = PCURVE('',#9413,#11456);
#11456 = DEFINITIONAL_REPRESENTATION('',(#11457),#11461);
#11457 = LINE('',#11458,#11459);
#11458 = CARTESIAN_POINT('',(0.,1.5));
#11459 = VECTOR('',#11460,1.);
#11460 = DIRECTION('',(1.,0.));
#11461 = ( GEOMETRIC_REPRESENTATION_CONTEXT(2) 
PARAMETRIC_REPRESENTATION_CONTEXT() REPRESENTATION_CONTEXT('2D SPACE',''
  ) );
#11462 = PCURVE('',#10301,#11463);
#11463 = DEFINITIONAL_REPRESENTATION('',(#11464),#11468);
#11464 = LINE('',#11465,#11466);
#11465 = CARTESIAN_POINT('',(-0.81473806833,-0.867978419156));
#11466 = VECTOR('',#11467,1.);
#11467 = DIRECTION('',(-0.707106781187,0.707106781187));
#11468 = ( GEOMETRIC_REPRESENTATION_CONTEXT(2) 
PARAMETRIC_REPRESENTATION_CONTEXT() REPRESENTATION_CONTEXT('2D SPACE',''
  ) );
#11469 = ORIENTED_EDGE('',*,*,#11470,.F.);
#11470 = EDGE_CURVE('',#9988,#11448,#11471,.T.);
#11471 = SURFACE_CURVE('',#11472,(#11476,#11483),.PCURVE_S1.);
#11472 = LINE('',#11473,#11474);
#11473 = CARTESIAN_POINT('',(6.74286448635,8.175580984017,-3.));
#11474 = VECTOR('',#11475,1.);
#11475 = DIRECTION('',(0.,0.,1.));
#11476 = PCURVE('',#9413,#11477);
#11477 = DEFINITIONAL_REPRESENTATION('',(#11478),#11482);
#11478 = LINE('',#11479,#11480);
#11479 = CARTESIAN_POINT('',(-1.884110950421E-15,0.));
#11480 = VECTOR('',#11481,1.);
#11481 = DIRECTION('',(0.,1.));
#11482 = ( GEOMETRIC_REPRESENTATION_CONTEXT(2) 
PARAMETRIC_REPRESENTATION_CONTEXT() REPRESENTATION_CONTEXT('2D SPACE',''
  ) );
#11483 = PCURVE('',#10031,#11484);
#11484 = DEFINITIONAL_REPRESENTATION('',(#11485),#11489);
#11485 = LINE('',#11486,#11487);
#11486 = CARTESIAN_POINT('',(6.654642179187,0.));
#11487 = VECTOR('',#11488,1.);
#11488 = DIRECTION('',(0.,1.));
#11489 = ( GEOMETRIC_REPRESENTATION_CONTEXT(2) 
PARAMETRIC_REPRESENTATION_CONTEXT() REPRESENTATION_CONTEXT('2D SPACE',''
  ) );
#11490 = ORIENTED_EDGE('',*,*,#9987,.T.);
#11491 = ORIENTED_EDGE('',*,*,#9396,.F.);
#11492 = ADVANCED_FACE('',(#11493),#9442,.T.);
#11493 = FACE_BOUND('',#11494,.T.);
#11494 = EDGE_LOOP('',(#11495,#11515,#11516,#11517));
#11495 = ORIENTED_EDGE('',*,*,#11496,.F.);
#11496 = EDGE_CURVE('',#9397,#11325,#11497,.T.);
#11497 = SURFACE_CURVE('',#11498,(#11502,#11508),.PCURVE_S1.);
#11498 = LINE('',#11499,#11500);
#11499 = CARTESIAN_POINT('',(5.958867737657,7.391584235325,
    -1.499999999767));
#11500 = VECTOR('',#11501,1.);
#11501 = DIRECTION('',(-0.500000000117,0.500000000117,0.707106781022));
#11502 = PCURVE('',#9442,#11503);
#11503 = DEFINITIONAL_REPRESENTATION('',(#11504),#11507);
#11504 = B_SPLINE_CURVE_WITH_KNOTS('',1,(#11505,#11506),.UNSPECIFIED.,
  .F.,.F.,(2,2),(0.,0.707106781022),.PIECEWISE_BEZIER_KNOTS.);
#11505 = CARTESIAN_POINT('',(2.333412146504E-10,0.416572814357));
#11506 = CARTESIAN_POINT('',(1.,0.416572814357));
#11507 = ( GEOMETRIC_REPRESENTATION_CONTEXT(2) 
PARAMETRIC_REPRESENTATION_CONTEXT() REPRESENTATION_CONTEXT('2D SPACE',''
  ) );
#11508 = PCURVE('',#10388,#11509);
#11509 = DEFINITIONAL_REPRESENTATION('',(#11510),#11514);
#11510 = LINE('',#11511,#11512);
#11511 = CARTESIAN_POINT('',(-2.693759399522,3.197178641164));
#11512 = VECTOR('',#11513,1.);
#11513 = DIRECTION('',(0.816496580928,0.57735026919));
#11514 = ( GEOMETRIC_REPRESENTATION_CONTEXT(2) 
PARAMETRIC_REPRESENTATION_CONTEXT() REPRESENTATION_CONTEXT('2D SPACE',''
  ) );
#11515 = ORIENTED_EDGE('',*,*,#9426,.T.);
#11516 = ORIENTED_EDGE('',*,*,#11403,.F.);
#11517 = ORIENTED_EDGE('',*,*,#11347,.T.);
#11518 = ADVANCED_FACE('',(#11519),#9514,.T.);
#11519 = FACE_BOUND('',#11520,.T.);
#11520 = EDGE_LOOP('',(#11521));
#11521 = ORIENTED_EDGE('',*,*,#9497,.F.);
#11522 = ADVANCED_FACE('',(#11523),#9603,.T.);
#11523 = FACE_BOUND('',#11524,.T.);
#11524 = EDGE_LOOP('',(#11525,#11526,#11550,#11571));
#11525 = ORIENTED_EDGE('',*,*,#9752,.T.);
#11526 = ORIENTED_EDGE('',*,*,#11527,.T.);
#11527 = EDGE_CURVE('',#9725,#11528,#11530,.T.);
#11528 = VERTEX_POINT('',#11529);
#11529 = CARTESIAN_POINT('',(-8.529231831168,7.423904215637,-1.5));
#11530 = SURFACE_CURVE('',#11531,(#11536,#11543),.PCURVE_S1.);
#11531 = CIRCLE('',#11532,0.75);
#11532 = AXIS2_PLACEMENT_3D('',#11533,#11534,#11535);
#11533 = CARTESIAN_POINT('',(-7.895250965472,7.023194517812,-1.5));
#11534 = DIRECTION('',(0.,0.,-1.));
#11535 = DIRECTION('',(-0.915542676557,-0.402220844067,-0.));
#11536 = PCURVE('',#9603,#11537);
#11537 = DEFINITIONAL_REPRESENTATION('',(#11538),#11542);
#11538 = LINE('',#11539,#11540);
#11539 = CARTESIAN_POINT('',(12.566370614359,1.5));
#11540 = VECTOR('',#11541,1.);
#11541 = DIRECTION('',(-1.,0.));
#11542 = ( GEOMETRIC_REPRESENTATION_CONTEXT(2) 
PARAMETRIC_REPRESENTATION_CONTEXT() REPRESENTATION_CONTEXT('2D SPACE',''
  ) );
#11543 = PCURVE('',#9740,#11544);
#11544 = DEFINITIONAL_REPRESENTATION('',(#11545),#11549);
#11545 = CIRCLE('',#11546,0.75);
#11546 = AXIS2_PLACEMENT_2D('',#11547,#11548);
#11547 = CARTESIAN_POINT('',(-0.337648405701,0.284408041958));
#11548 = DIRECTION('',(-0.915542676557,0.402220844067));
#11549 = ( GEOMETRIC_REPRESENTATION_CONTEXT(2) 
PARAMETRIC_REPRESENTATION_CONTEXT() REPRESENTATION_CONTEXT('2D SPACE',''
  ) );
#11550 = ORIENTED_EDGE('',*,*,#11551,.T.);
#11551 = EDGE_CURVE('',#11528,#9583,#11552,.T.);
#11552 = SURFACE_CURVE('',#11553,(#11557,#11564),.PCURVE_S1.);
#11553 = LINE('',#11554,#11555);
#11554 = CARTESIAN_POINT('',(-8.529231831168,7.423904215637,-3.));
#11555 = VECTOR('',#11556,1.);
#11556 = DIRECTION('',(0.,0.,-1.));
#11557 = PCURVE('',#9603,#11558);
#11558 = DEFINITIONAL_REPRESENTATION('',(#11559),#11563);
#11559 = LINE('',#11560,#11561);
#11560 = CARTESIAN_POINT('',(5.305588756534,0.));
#11561 = VECTOR('',#11562,1.);
#11562 = DIRECTION('',(0.,-1.));
#11563 = ( GEOMETRIC_REPRESENTATION_CONTEXT(2) 
PARAMETRIC_REPRESENTATION_CONTEXT() REPRESENTATION_CONTEXT('2D SPACE',''
  ) );
#11564 = PCURVE('',#9632,#11565);
#11565 = DEFINITIONAL_REPRESENTATION('',(#11566),#11570);
#11566 = LINE('',#11567,#11568);
#11567 = CARTESIAN_POINT('',(2.577937373569,0.));
#11568 = VECTOR('',#11569,1.);
#11569 = DIRECTION('',(0.,-1.));
#11570 = ( GEOMETRIC_REPRESENTATION_CONTEXT(2) 
PARAMETRIC_REPRESENTATION_CONTEXT() REPRESENTATION_CONTEXT('2D SPACE',''
  ) );
#11571 = ORIENTED_EDGE('',*,*,#9582,.T.);
#11572 = ADVANCED_FACE('',(#11573),#9632,.T.);
#11573 = FACE_BOUND('',#11574,.T.);
#11574 = EDGE_LOOP('',(#11575,#11598,#11599,#11600));
#11575 = ORIENTED_EDGE('',*,*,#11576,.F.);
#11576 = EDGE_CURVE('',#9616,#11577,#11579,.T.);
#11577 = VERTEX_POINT('',#11578);
#11578 = CARTESIAN_POINT('',(-7.673904215637,8.279231831168,-1.5));
#11579 = SURFACE_CURVE('',#11580,(#11584,#11591),.PCURVE_S1.);
#11580 = LINE('',#11581,#11582);
#11581 = CARTESIAN_POINT('',(-7.673904215637,8.279231831168,-3.));
#11582 = VECTOR('',#11583,1.);
#11583 = DIRECTION('',(0.,0.,1.));
#11584 = PCURVE('',#9632,#11585);
#11585 = DEFINITIONAL_REPRESENTATION('',(#11586),#11590);
#11586 = LINE('',#11587,#11588);
#11587 = CARTESIAN_POINT('',(2.134451606815,0.));
#11588 = VECTOR('',#11589,1.);
#11589 = DIRECTION('',(0.,1.));
#11590 = ( GEOMETRIC_REPRESENTATION_CONTEXT(2) 
PARAMETRIC_REPRESENTATION_CONTEXT() REPRESENTATION_CONTEXT('2D SPACE',''
  ) );
#11591 = PCURVE('',#9665,#11592);
#11592 = DEFINITIONAL_REPRESENTATION('',(#11593),#11597);
#11593 = LINE('',#11594,#11595);
#11594 = CARTESIAN_POINT('',(0.977596550645,0.));
#11595 = VECTOR('',#11596,1.);
#11596 = DIRECTION('',(0.,1.));
#11597 = ( GEOMETRIC_REPRESENTATION_CONTEXT(2) 
PARAMETRIC_REPRESENTATION_CONTEXT() REPRESENTATION_CONTEXT('2D SPACE',''
  ) );
#11598 = ORIENTED_EDGE('',*,*,#9615,.F.);
#11599 = ORIENTED_EDGE('',*,*,#11551,.F.);
#11600 = ORIENTED_EDGE('',*,*,#11601,.F.);
#11601 = EDGE_CURVE('',#11577,#11528,#11602,.T.);
#11602 = SURFACE_CURVE('',#11603,(#11608,#11615),.PCURVE_S1.);
#11603 = CIRCLE('',#11604,2.75);
#11604 = AXIS2_PLACEMENT_3D('',#11605,#11606,#11607);
#11605 = CARTESIAN_POINT('',(-6.204635323614,5.954635323614,-1.5));
#11606 = DIRECTION('',(0.,0.,1.));
#11607 = DIRECTION('',(1.,0.,-0.));
#11608 = PCURVE('',#9632,#11609);
#11609 = DEFINITIONAL_REPRESENTATION('',(#11610),#11614);
#11610 = LINE('',#11611,#11612);
#11611 = CARTESIAN_POINT('',(0.,1.5));
#11612 = VECTOR('',#11613,1.);
#11613 = DIRECTION('',(1.,0.));
#11614 = ( GEOMETRIC_REPRESENTATION_CONTEXT(2) 
PARAMETRIC_REPRESENTATION_CONTEXT() REPRESENTATION_CONTEXT('2D SPACE',''
  ) );
#11615 = PCURVE('',#9740,#11616);
#11616 = DEFINITIONAL_REPRESENTATION('',(#11617),#11625);
#11617 = ( BOUNDED_CURVE() B_SPLINE_CURVE(2,(#11618,#11619,#11620,#11621
    ,#11622,#11623,#11624),.UNSPECIFIED.,.T.,.F.) 
B_SPLINE_CURVE_WITH_KNOTS((1,2,2,2,2,1),(-2.094395102393,0.,
    2.094395102393,4.188790204786,6.28318530718,8.377580409573),
.UNSPECIFIED.) CURVE() GEOMETRIC_REPRESENTATION_ITEM() 
RATIONAL_B_SPLINE_CURVE((1.,0.5,1.,0.5,1.,0.5,1.)) REPRESENTATION_ITEM(
  '') );
#11618 = CARTESIAN_POINT('',(4.102967236156,1.352967236156));
#11619 = CARTESIAN_POINT('',(4.102967236156,-3.410172484658));
#11620 = CARTESIAN_POINT('',(-2.20327638437E-02,-1.028602624251));
#11621 = CARTESIAN_POINT('',(-4.147032763844,1.352967236156));
#11622 = CARTESIAN_POINT('',(-2.20327638437E-02,3.734537096564));
#11623 = CARTESIAN_POINT('',(4.102967236156,6.116106956971));
#11624 = CARTESIAN_POINT('',(4.102967236156,1.352967236156));
#11625 = ( GEOMETRIC_REPRESENTATION_CONTEXT(2) 
PARAMETRIC_REPRESENTATION_CONTEXT() REPRESENTATION_CONTEXT('2D SPACE',''
  ) );
#11626 = ADVANCED_FACE('',(#11627),#9665,.T.);
#11627 = FACE_BOUND('',#11628,.T.);
#11628 = EDGE_LOOP('',(#11629,#11630,#11631,#11632));
#11629 = ORIENTED_EDGE('',*,*,#11132,.F.);
#11630 = ORIENTED_EDGE('',*,*,#9644,.T.);
#11631 = ORIENTED_EDGE('',*,*,#11576,.T.);
#11632 = ORIENTED_EDGE('',*,*,#11633,.T.);
#11633 = EDGE_CURVE('',#11577,#11133,#11634,.T.);
#11634 = SURFACE_CURVE('',#11635,(#11640,#11647),.PCURVE_S1.);
#11635 = CIRCLE('',#11636,0.75);
#11636 = AXIS2_PLACEMENT_3D('',#11637,#11638,#11639);
#11637 = CARTESIAN_POINT('',(-7.273194517812,7.645250965472,-1.5));
#11638 = DIRECTION('',(0.,0.,-1.));
#11639 = DIRECTION('',(0.402220844067,0.915542676557,0.));
#11640 = PCURVE('',#9665,#11641);
#11641 = DEFINITIONAL_REPRESENTATION('',(#11642),#11646);
#11642 = LINE('',#11643,#11644);
#11643 = CARTESIAN_POINT('',(6.28318530718,1.5));
#11644 = VECTOR('',#11645,1.);
#11645 = DIRECTION('',(-1.,0.));
#11646 = ( GEOMETRIC_REPRESENTATION_CONTEXT(2) 
PARAMETRIC_REPRESENTATION_CONTEXT() REPRESENTATION_CONTEXT('2D SPACE',''
  ) );
#11647 = PCURVE('',#9740,#11648);
#11648 = DEFINITIONAL_REPRESENTATION('',(#11649),#11653);
#11649 = CIRCLE('',#11650,0.75);
#11650 = AXIS2_PLACEMENT_2D('',#11651,#11652);
#11651 = CARTESIAN_POINT('',(0.284408041958,-0.337648405701));
#11652 = DIRECTION('',(0.402220844067,-0.915542676557));
#11653 = ( GEOMETRIC_REPRESENTATION_CONTEXT(2) 
PARAMETRIC_REPRESENTATION_CONTEXT() REPRESENTATION_CONTEXT('2D SPACE',''
  ) );
#11654 = ADVANCED_FACE('',(#11655),#9740,.F.);
#11655 = FACE_BOUND('',#11656,.T.);
#11656 = EDGE_LOOP('',(#11657,#11658,#11659,#11660,#11661,#11662));
#11657 = ORIENTED_EDGE('',*,*,#11633,.F.);
#11658 = ORIENTED_EDGE('',*,*,#11601,.T.);
#11659 = ORIENTED_EDGE('',*,*,#11527,.F.);
#11660 = ORIENTED_EDGE('',*,*,#9724,.T.);
#11661 = ORIENTED_EDGE('',*,*,#11027,.F.);
#11662 = ORIENTED_EDGE('',*,*,#11155,.T.);
#11663 = ADVANCED_FACE('',(#11664),#10031,.T.);
#11664 = FACE_BOUND('',#11665,.T.);
#11665 = EDGE_LOOP('',(#11666,#11667,#11691,#11712));
#11666 = ORIENTED_EDGE('',*,*,#11470,.T.);
#11667 = ORIENTED_EDGE('',*,*,#11668,.T.);
#11668 = EDGE_CURVE('',#11448,#11669,#11671,.T.);
#11669 = VERTEX_POINT('',#11670);
#11670 = CARTESIAN_POINT('',(7.673904167367,8.279231861677,-1.5));
#11671 = SURFACE_CURVE('',#11672,(#11677,#11684),.PCURVE_S1.);
#11672 = CIRCLE('',#11673,0.75);
#11673 = AXIS2_PLACEMENT_3D('',#11674,#11675,#11676);
#11674 = CARTESIAN_POINT('',(7.273194482707,7.64525098766,-1.5));
#11675 = DIRECTION('',(0.,0.,-1.));
#11676 = DIRECTION('',(-0.402220863078,0.915542668205,0.));
#11677 = PCURVE('',#10031,#11678);
#11678 = DEFINITIONAL_REPRESENTATION('',(#11679),#11683);
#11679 = LINE('',#11680,#11681);
#11680 = CARTESIAN_POINT('',(12.566370614359,1.5));
#11681 = VECTOR('',#11682,1.);
#11682 = DIRECTION('',(-1.,0.));
#11683 = ( GEOMETRIC_REPRESENTATION_CONTEXT(2) 
PARAMETRIC_REPRESENTATION_CONTEXT() REPRESENTATION_CONTEXT('2D SPACE',''
  ) );
#11684 = PCURVE('',#10301,#11685);
#11685 = DEFINITIONAL_REPRESENTATION('',(#11686),#11690);
#11686 = CIRCLE('',#11687,0.75);
#11687 = AXIS2_PLACEMENT_2D('',#11688,#11689);
#11688 = CARTESIAN_POINT('',(-0.284408071972,-0.337648422799));
#11689 = DIRECTION('',(-0.402220863078,-0.915542668205));
#11690 = ( GEOMETRIC_REPRESENTATION_CONTEXT(2) 
PARAMETRIC_REPRESENTATION_CONTEXT() REPRESENTATION_CONTEXT('2D SPACE',''
  ) );
#11691 = ORIENTED_EDGE('',*,*,#11692,.T.);
#11692 = EDGE_CURVE('',#11669,#10011,#11693,.T.);
#11693 = SURFACE_CURVE('',#11694,(#11698,#11705),.PCURVE_S1.);
#11694 = LINE('',#11695,#11696);
#11695 = CARTESIAN_POINT('',(7.673904167367,8.279231861677,-3.));
#11696 = VECTOR('',#11697,1.);
#11697 = DIRECTION('',(0.,0.,-1.));
#11698 = PCURVE('',#10031,#11699);
#11699 = DEFINITIONAL_REPRESENTATION('',(#11700),#11704);
#11700 = LINE('',#11701,#11702);
#11701 = CARTESIAN_POINT('',(5.305588756534,0.));
#11702 = VECTOR('',#11703,1.);
#11703 = DIRECTION('',(0.,-1.));
#11704 = ( GEOMETRIC_REPRESENTATION_CONTEXT(2) 
PARAMETRIC_REPRESENTATION_CONTEXT() REPRESENTATION_CONTEXT('2D SPACE',''
  ) );
#11705 = PCURVE('',#10060,#11706);
#11706 = DEFINITIONAL_REPRESENTATION('',(#11707),#11711);
#11707 = LINE('',#11708,#11709);
#11708 = CARTESIAN_POINT('',(1.00714106754,0.));
#11709 = VECTOR('',#11710,1.);
#11710 = DIRECTION('',(0.,-1.));
#11711 = ( GEOMETRIC_REPRESENTATION_CONTEXT(2) 
PARAMETRIC_REPRESENTATION_CONTEXT() REPRESENTATION_CONTEXT('2D SPACE',''
  ) );
#11712 = ORIENTED_EDGE('',*,*,#10010,.T.);
#11713 = ADVANCED_FACE('',(#11714),#10060,.T.);
#11714 = FACE_BOUND('',#11715,.T.);
#11715 = EDGE_LOOP('',(#11716,#11717,#11745,#11766));
#11716 = ORIENTED_EDGE('',*,*,#11692,.F.);
#11717 = ORIENTED_EDGE('',*,*,#11718,.F.);
#11718 = EDGE_CURVE('',#11719,#11669,#11721,.T.);
#11719 = VERTEX_POINT('',#11720);
#11720 = CARTESIAN_POINT('',(8.529231800659,7.423904263907,-1.5));
#11721 = SURFACE_CURVE('',#11722,(#11727,#11734),.PCURVE_S1.);
#11722 = CIRCLE('',#11723,2.75);
#11723 = AXIS2_PLACEMENT_3D('',#11724,#11725,#11726);
#11724 = CARTESIAN_POINT('',(6.204635323614,5.954635323614,-1.5));
#11725 = DIRECTION('',(0.,0.,1.));
#11726 = DIRECTION('',(1.,0.,-0.));
#11727 = PCURVE('',#10060,#11728);
#11728 = DEFINITIONAL_REPRESENTATION('',(#11729),#11733);
#11729 = LINE('',#11730,#11731);
#11730 = CARTESIAN_POINT('',(1.110223024625E-16,1.5));
#11731 = VECTOR('',#11732,1.);
#11732 = DIRECTION('',(1.,0.));
#11733 = ( GEOMETRIC_REPRESENTATION_CONTEXT(2) 
PARAMETRIC_REPRESENTATION_CONTEXT() REPRESENTATION_CONTEXT('2D SPACE',''
  ) );
#11734 = PCURVE('',#10301,#11735);
#11735 = DEFINITIONAL_REPRESENTATION('',(#11736),#11744);
#11736 = ( BOUNDED_CURVE() B_SPLINE_CURVE(2,(#11737,#11738,#11739,#11740
    ,#11741,#11742,#11743),.UNSPECIFIED.,.T.,.F.) 
B_SPLINE_CURVE_WITH_KNOTS((1,2,2,2,2,1),(-2.094395102393,0.,
    2.094395102393,4.188790204786,6.28318530718,8.377580409573),
.UNSPECIFIED.) CURVE() GEOMETRIC_REPRESENTATION_ITEM() 
RATIONAL_B_SPLINE_CURVE((1.,0.5,1.,0.5,1.,0.5,1.)) REPRESENTATION_ITEM(
  '') );
#11737 = CARTESIAN_POINT('',(1.397032768934,1.352967241247));
#11738 = CARTESIAN_POINT('',(1.397032768934,-3.410172479567));
#11739 = CARTESIAN_POINT('',(-2.727967231065,-1.02860261916));
#11740 = CARTESIAN_POINT('',(-6.852967231065,1.352967241247));
#11741 = CARTESIAN_POINT('',(-2.727967231066,3.734537101654));
#11742 = CARTESIAN_POINT('',(1.397032768934,6.116106962062));
#11743 = CARTESIAN_POINT('',(1.397032768934,1.352967241247));
#11744 = ( GEOMETRIC_REPRESENTATION_CONTEXT(2) 
PARAMETRIC_REPRESENTATION_CONTEXT() REPRESENTATION_CONTEXT('2D SPACE',''
  ) );
#11745 = ORIENTED_EDGE('',*,*,#11746,.F.);
#11746 = EDGE_CURVE('',#10044,#11719,#11747,.T.);
#11747 = SURFACE_CURVE('',#11748,(#11752,#11759),.PCURVE_S1.);
#11748 = LINE('',#11749,#11750);
#11749 = CARTESIAN_POINT('',(8.529231800659,7.423904263907,-3.));
#11750 = VECTOR('',#11751,1.);
#11751 = DIRECTION('',(0.,0.,1.));
#11752 = PCURVE('',#10060,#11753);
#11753 = DEFINITIONAL_REPRESENTATION('',(#11754),#11758);
#11754 = LINE('',#11755,#11756);
#11755 = CARTESIAN_POINT('',(0.563655300785,0.));
#11756 = VECTOR('',#11757,1.);
#11757 = DIRECTION('',(0.,1.));
#11758 = ( GEOMETRIC_REPRESENTATION_CONTEXT(2) 
PARAMETRIC_REPRESENTATION_CONTEXT() REPRESENTATION_CONTEXT('2D SPACE',''
  ) );
#11759 = PCURVE('',#10093,#11760);
#11760 = DEFINITIONAL_REPRESENTATION('',(#11761),#11765);
#11761 = LINE('',#11762,#11763);
#11762 = CARTESIAN_POINT('',(0.977596550645,0.));
#11763 = VECTOR('',#11764,1.);
#11764 = DIRECTION('',(0.,1.));
#11765 = ( GEOMETRIC_REPRESENTATION_CONTEXT(2) 
PARAMETRIC_REPRESENTATION_CONTEXT() REPRESENTATION_CONTEXT('2D SPACE',''
  ) );
#11766 = ORIENTED_EDGE('',*,*,#10043,.F.);
#11767 = ADVANCED_FACE('',(#11768),#10093,.T.);
#11768 = FACE_BOUND('',#11769,.T.);
#11769 = EDGE_LOOP('',(#11770,#11771,#11772,#11773));
#11770 = ORIENTED_EDGE('',*,*,#10264,.F.);
#11771 = ORIENTED_EDGE('',*,*,#10072,.T.);
#11772 = ORIENTED_EDGE('',*,*,#11746,.T.);
#11773 = ORIENTED_EDGE('',*,*,#11774,.T.);
#11774 = EDGE_CURVE('',#11719,#10265,#11775,.T.);
#11775 = SURFACE_CURVE('',#11776,(#11781,#11788),.PCURVE_S1.);
#11776 = CIRCLE('',#11777,0.75);
#11777 = AXIS2_PLACEMENT_3D('',#11778,#11779,#11780);
#11778 = CARTESIAN_POINT('',(7.895250943283,7.023194552918,-1.5));
#11779 = DIRECTION('',(0.,0.,-1.));
#11780 = DIRECTION('',(0.91554268491,-0.402220825056,0.));
#11781 = PCURVE('',#10093,#11782);
#11782 = DEFINITIONAL_REPRESENTATION('',(#11783),#11787);
#11783 = LINE('',#11784,#11785);
#11784 = CARTESIAN_POINT('',(6.28318530718,1.5));
#11785 = VECTOR('',#11786,1.);
#11786 = DIRECTION('',(-1.,0.));
#11787 = ( GEOMETRIC_REPRESENTATION_CONTEXT(2) 
PARAMETRIC_REPRESENTATION_CONTEXT() REPRESENTATION_CONTEXT('2D SPACE',''
  ) );
#11788 = PCURVE('',#10301,#11789);
#11789 = DEFINITIONAL_REPRESENTATION('',(#11790),#11794);
#11790 = CIRCLE('',#11791,0.75);
#11791 = AXIS2_PLACEMENT_2D('',#11792,#11793);
#11792 = CARTESIAN_POINT('',(0.337648388603,0.284408011943));
#11793 = DIRECTION('',(0.91554268491,0.402220825056));
#11794 = ( GEOMETRIC_REPRESENTATION_CONTEXT(2) 
PARAMETRIC_REPRESENTATION_CONTEXT() REPRESENTATION_CONTEXT('2D SPACE',''
  ) );
#11795 = ADVANCED_FACE('',(#11796),#10301,.F.);
#11796 = FACE_BOUND('',#11797,.T.);
#11797 = EDGE_LOOP('',(#11798,#11799,#11800,#11801,#11802,#11803));
#11798 = ORIENTED_EDGE('',*,*,#10475,.F.);
#11799 = ORIENTED_EDGE('',*,*,#10287,.T.);
#11800 = ORIENTED_EDGE('',*,*,#11774,.F.);
#11801 = ORIENTED_EDGE('',*,*,#11718,.T.);
#11802 = ORIENTED_EDGE('',*,*,#11668,.F.);
#11803 = ORIENTED_EDGE('',*,*,#11447,.T.);
#11804 = ADVANCED_FACE('',(#11805),#10388,.T.);
#11805 = FACE_BOUND('',#11806,.T.);
#11806 = EDGE_LOOP('',(#11807,#11808,#11809,#11810,#11811));
#11807 = ORIENTED_EDGE('',*,*,#10370,.T.);
#11808 = ORIENTED_EDGE('',*,*,#11426,.T.);
#11809 = ORIENTED_EDGE('',*,*,#11496,.T.);
#11810 = ORIENTED_EDGE('',*,*,#11324,.T.);
#11811 = ORIENTED_EDGE('',*,*,#11812,.T.);
#11812 = EDGE_CURVE('',#11302,#10371,#11813,.T.);
#11813 = SURFACE_CURVE('',#11814,(#11818,#11825),.PCURVE_S1.);
#11814 = LINE('',#11815,#11816);
#11815 = CARTESIAN_POINT('',(-0.263869529212,7.490171656743,
    2.96985155317));
#11816 = VECTOR('',#11817,1.);
#11817 = DIRECTION('',(0.831363597074,4.843496184375E-02,-0.553614147156
    ));
#11818 = PCURVE('',#10388,#11819);
#11819 = DEFINITIONAL_REPRESENTATION('',(#11820),#11824);
#11820 = LINE('',#11821,#11822);
#11821 = CARTESIAN_POINT('',(4.967754300214,3.311017589658));
#11822 = VECTOR('',#11823,1.);
#11823 = DIRECTION('',(-0.998434811406,5.592787651736E-02));
#11824 = ( GEOMETRIC_REPRESENTATION_CONTEXT(2) 
PARAMETRIC_REPRESENTATION_CONTEXT() REPRESENTATION_CONTEXT('2D SPACE',''
  ) );
#11825 = PCURVE('',#10416,#11826);
#11826 = DEFINITIONAL_REPRESENTATION('',(#11827),#11831);
#11827 = LINE('',#11828,#11829);
#11828 = CARTESIAN_POINT('',(-7.736130470788,2.981195903631));
#11829 = VECTOR('',#11830,1.);
#11830 = DIRECTION('',(-0.831363597074,-0.55572886326));
#11831 = ( GEOMETRIC_REPRESENTATION_CONTEXT(2) 
PARAMETRIC_REPRESENTATION_CONTEXT() REPRESENTATION_CONTEXT('2D SPACE',''
  ) );
#11832 = ADVANCED_FACE('',(#11833),#10416,.T.);
#11833 = FACE_BOUND('',#11834,.T.);
#11834 = EDGE_LOOP('',(#11835,#11836,#11857,#11858,#11859,#11860,#11861,
    #11862));
#11835 = ORIENTED_EDGE('',*,*,#11301,.T.);
#11836 = ORIENTED_EDGE('',*,*,#11837,.F.);
#11837 = EDGE_CURVE('',#10977,#11279,#11838,.T.);
#11838 = SURFACE_CURVE('',#11839,(#11843,#11850),.PCURVE_S1.);
#11839 = LINE('',#11840,#11841);
#11840 = CARTESIAN_POINT('',(-5.042504601395,7.799319225084,
    -0.56372132224));
#11841 = VECTOR('',#11842,1.);
#11842 = DIRECTION('',(0.831363597074,-4.843496184375E-02,0.553614147156
    ));
#11843 = PCURVE('',#10416,#11844);
#11844 = DEFINITIONAL_REPRESENTATION('',(#11845),#11849);
#11845 = LINE('',#11846,#11847);
#11846 = CARTESIAN_POINT('',(-2.957495398605,-0.56587464611));
#11847 = VECTOR('',#11848,1.);
#11848 = DIRECTION('',(-0.831363597074,0.55572886326));
#11849 = ( GEOMETRIC_REPRESENTATION_CONTEXT(2) 
PARAMETRIC_REPRESENTATION_CONTEXT() REPRESENTATION_CONTEXT('2D SPACE',''
  ) );
#11850 = PCURVE('',#11015,#11851);
#11851 = DEFINITIONAL_REPRESENTATION('',(#11852),#11856);
#11852 = LINE('',#11853,#11854);
#11853 = CARTESIAN_POINT('',(1.902746922404,4.371923085293));
#11854 = VECTOR('',#11855,1.);
#11855 = DIRECTION('',(-0.998434811406,-5.592787651736E-02));
#11856 = ( GEOMETRIC_REPRESENTATION_CONTEXT(2) 
PARAMETRIC_REPRESENTATION_CONTEXT() REPRESENTATION_CONTEXT('2D SPACE',''
  ) );
#11857 = ORIENTED_EDGE('',*,*,#10976,.T.);
#11858 = ORIENTED_EDGE('',*,*,#10727,.F.);
#11859 = ORIENTED_EDGE('',*,*,#10679,.F.);
#11860 = ORIENTED_EDGE('',*,*,#10629,.F.);
#11861 = ORIENTED_EDGE('',*,*,#10400,.F.);
#11862 = ORIENTED_EDGE('',*,*,#11812,.F.);
#11863 = ADVANCED_FACE('',(#11864),#11015,.T.);
#11864 = FACE_BOUND('',#11865,.T.);
#11865 = EDGE_LOOP('',(#11866,#11867,#11868,#11869,#11870));
#11866 = ORIENTED_EDGE('',*,*,#11837,.T.);
#11867 = ORIENTED_EDGE('',*,*,#11278,.T.);
#11868 = ORIENTED_EDGE('',*,*,#11230,.T.);
#11869 = ORIENTED_EDGE('',*,*,#11109,.T.);
#11870 = ORIENTED_EDGE('',*,*,#10999,.T.);
#11871 = ( GEOMETRIC_REPRESENTATION_CONTEXT(3) 
GLOBAL_UNCERTAINTY_ASSIGNED_CONTEXT((#11875)) 
GLOBAL_UNIT_ASSIGNED_CONTEXT((#11872,#11873,#11874)) 
REPRESENTATION_CONTEXT('Context #1',
  '3D Context with UNIT and UNCERTAINTY') );
#11872 = ( LENGTH_UNIT() NAMED_UNIT(*) SI_UNIT(.MILLI.,.METRE.) );
#11873 = ( NAMED_UNIT(*) PLANE_ANGLE_UNIT() SI_UNIT($,.RADIAN.) );
#11874 = ( NAMED_UNIT(*) SI_UNIT($,.STERADIAN.) SOLID_ANGLE_UNIT() );
#11875 = UNCERTAINTY_MEASURE_WITH_UNIT(LENGTH_MEASURE(2.E-03),#11872,
  'distance_accuracy_value','confusion accuracy');
#11876 = PRODUCT_RELATED_PRODUCT_CATEGORY('part',$,(#7));
ENDSEC;
END-ISO-10303-21;
