ISO-10303-21;
HEADER;
FILE_DESCRIPTION(('Open CASCADE Model'),'2;1');
FILE_NAME('Open CASCADE Shape Model','2026-10-10T21:55:36',('Author'),(
    'Open CASCADE'),'Open CASCADE STEP processor 7.9','Open CASCADE 7.9'
  ,'Unknown');
FILE_SCHEMA(('AUTOMOTIVE_DESIGN { 1 0 10303 214 1 1 1 1 }'));
ENDSEC;
DATA;
#1 = APPLICATION_PROTOCOL_DEFINITION('international standard',
  'automotive_design',2000,#2);
#2 = APPLICATION_CONTEXT(
  'core data for automotive mechanical design processes');
#3 = SHAPE_DEFINITION_REPRESENTATION(#4,#10);
#4 = PRODUCT_DEFINITION_SHAPE('','',#5);
#5 = PRODUCT_DEFINITION('design','',#6,#9);
#6 = PRODUCT_DEFINITION_FORMATION('','',#7);
#7 = PRODUCT('Open CASCADE STEP translator 7.9 3',
  'Open CASCADE STEP translator 7.9 3','',(#8));
#8 = PRODUCT_CONTEXT('',#2,'mechanical');
#9 = PRODUCT_DEFINITION_CONTEXT('part definition',#2,'design');
#10 = ADVANCED_BREP_SHAPE_REPRESENTATION('',(#11,#15),#12231);
#11 = AXIS2_PLACEMENT_3D('',#12,#13,#14);
#12 = CARTESIAN_POINT('',(0.,0.,0.));
#13 = DIRECTION('',(0.,0.,1.));
#14 = DIRECTION('',(1.,0.,-0.));
#15 = MANIFOLD_SOLID_BREP('',#16);
#16 = CLOSED_SHELL('',(#17,#176,#392,#597,#665,#776,#953,#1028,#1076,
    #1146,#1329,#1383,#1451,#1536,#1722,#1749,#2020,#2349,#2399,#2478,
    #2593,#2787,#2838,#3426,#3451,#3633,#3726,#3865,#3944,#4215,#4702,
    #4776,#4992,#5020,#5047,#5054,#5103,#5262,#5338,#5499,#5543,#5569,
    #5576,#5601,#5651,#5699,#5748,#5817,#5843,#5869,#5876,#5925,#5930,
    #5935,#6152,#6284,#6338,#6406,#6480,#6534,#6584,#6616,#6810,#6884,
    #7335,#7384,#7534,#7848,#7925,#7975,#8277,#8303,#8524,#8693,#8700,
    #8747,#8774,#8880,#8960,#9077,#9165,#9212,#9297,#9454,#9483,#9576,
    #9715,#9794,#9805,#9831,#10171,#10244,#10415,#10442,#10575,#10581,
    #10587,#10780,#10831,#11101,#11128,#11313,#11340,#11367,#11397,
    #11444,#11491,#11565,#11619,#11669,#11701,#11872,#11949,#12118,
    #12153,#12213,#12220,#12227));
#17 = ADVANCED_FACE('',(#18),#32,.T.);
#18 = FACE_BOUND('',#19,.T.);
#19 = EDGE_LOOP('',(#20,#55,#83,#122,#150));
#20 = ORIENTED_EDGE('',*,*,#21,.T.);
#21 = EDGE_CURVE('',#22,#24,#26,.T.);
#22 = VERTEX_POINT('',#23);
#23 = CARTESIAN_POINT('',(-8.316794900199,7.858994031287,-1.245807478295
    ));
#24 = VERTEX_POINT('',#25);
#25 = CARTESIAN_POINT('',(-7.947665262901,7.837488663526,-1.));
#26 = SURFACE_CURVE('',#27,(#31,#43),.PCURVE_S1.);
#27 = LINE('',#28,#29);
#28 = CARTESIAN_POINT('',(-7.086789212277,7.787334316125,-0.426733185996
    ));
#29 = VECTOR('',#30,1.);
#30 = DIRECTION('',(0.831363597074,-4.843496184375E-02,0.553614147156));
#31 = PCURVE('',#32,#37);
#32 = PLANE('',#33);
#33 = AXIS2_PLACEMENT_3D('',#34,#35,#36);
#34 = CARTESIAN_POINT('',(-3.914352759796,3.450622769828,-1.25));
#35 = DIRECTION('',(0.5,0.5,-0.707106781187));
#36 = DIRECTION('',(-0.816496580928,-1.387778780781E-16,-0.57735026919)
  );
#37 = DEFINITIONAL_REPRESENTATION('',(#38),#42);
#38 = LINE('',#39,#40);
#39 = CARTESIAN_POINT('',(2.114970199981,5.007603157305));
#40 = VECTOR('',#41,1.);
#41 = DIRECTION('',(-0.998434811406,-5.592787651736E-02));
#42 = ( GEOMETRIC_REPRESENTATION_CONTEXT(2) 
PARAMETRIC_REPRESENTATION_CONTEXT() REPRESENTATION_CONTEXT('2D SPACE',''
  ) );
#43 = PCURVE('',#44,#49);
#44 = PLANE('',#45);
#45 = AXIS2_PLACEMENT_3D('',#46,#47,#48);
#46 = CARTESIAN_POINT('',(-10.25,7.75,0.));
#47 = DIRECTION('',(4.720724412083E-17,0.996194698092,8.715574274766E-02
    ));
#48 = DIRECTION('',(-1.,4.738756812424E-17,7.703719777549E-34));
#49 = DEFINITIONAL_REPRESENTATION('',(#50),#54);
#50 = LINE('',#51,#52);
#51 = CARTESIAN_POINT('',(-3.163210787723,-0.428363237441));
#52 = VECTOR('',#53,1.);
#53 = DIRECTION('',(-0.831363597074,0.55572886326));
#54 = ( GEOMETRIC_REPRESENTATION_CONTEXT(2) 
PARAMETRIC_REPRESENTATION_CONTEXT() REPRESENTATION_CONTEXT('2D SPACE',''
  ) );
#55 = ORIENTED_EDGE('',*,*,#56,.T.);
#56 = EDGE_CURVE('',#24,#57,#59,.T.);
#57 = VERTEX_POINT('',#58);
#58 = CARTESIAN_POINT('',(-7.855314284304,7.74513768493,-1.));
#59 = SURFACE_CURVE('',#60,(#64,#71),.PCURVE_S1.);
#60 = LINE('',#61,#62);
#61 = CARTESIAN_POINT('',(-3.7375760645,3.627399465125,-1.));
#62 = VECTOR('',#63,1.);
#63 = DIRECTION('',(0.707106781187,-0.707106781187,0.));
#64 = PCURVE('',#32,#65);
#65 = DEFINITIONAL_REPRESENTATION('',(#66),#70);
#66 = LINE('',#67,#68);
#67 = CARTESIAN_POINT('',(-0.288675134595,0.204124145232));
#68 = VECTOR('',#69,1.);
#69 = DIRECTION('',(-0.57735026919,-0.816496580928));
#70 = ( GEOMETRIC_REPRESENTATION_CONTEXT(2) 
PARAMETRIC_REPRESENTATION_CONTEXT() REPRESENTATION_CONTEXT('2D SPACE',''
  ) );
#71 = PCURVE('',#72,#77);
#72 = PLANE('',#73);
#73 = AXIS2_PLACEMENT_3D('',#74,#75,#76);
#74 = CARTESIAN_POINT('',(0.,0.,-1.));
#75 = DIRECTION('',(0.,0.,-1.));
#76 = DIRECTION('',(1.,0.,0.));
#77 = DEFINITIONAL_REPRESENTATION('',(#78),#82);
#78 = LINE('',#79,#80);
#79 = CARTESIAN_POINT('',(-3.7375760645,-3.627399465125));
#80 = VECTOR('',#81,1.);
#81 = DIRECTION('',(0.707106781187,0.707106781187));
#82 = ( GEOMETRIC_REPRESENTATION_CONTEXT(2) 
PARAMETRIC_REPRESENTATION_CONTEXT() REPRESENTATION_CONTEXT('2D SPACE',''
  ) );
#83 = ORIENTED_EDGE('',*,*,#84,.T.);
#84 = EDGE_CURVE('',#57,#85,#87,.T.);
#85 = VERTEX_POINT('',#86);
#86 = CARTESIAN_POINT('',(-8.208867674898,7.391584294336,-1.499999999767
    ));
#87 = SURFACE_CURVE('',#88,(#92,#99),.PCURVE_S1.);
#88 = LINE('',#89,#90);
#89 = CARTESIAN_POINT('',(-7.855314284304,7.74513768493,-1.));
#90 = VECTOR('',#91,1.);
#91 = DIRECTION('',(-0.500000000117,-0.500000000117,-0.707106781022));
#92 = PCURVE('',#32,#93);
#93 = DEFINITIONAL_REPRESENTATION('',(#94),#98);
#94 = LINE('',#95,#96);
#95 = CARTESIAN_POINT('',(3.073444043031,4.958878684546));
#96 = VECTOR('',#97,1.);
#97 = DIRECTION('',(0.816496580928,-0.57735026919));
#98 = ( GEOMETRIC_REPRESENTATION_CONTEXT(2) 
PARAMETRIC_REPRESENTATION_CONTEXT() REPRESENTATION_CONTEXT('2D SPACE',''
  ) );
#99 = PCURVE('',#100,#117);
#100 = B_SPLINE_SURFACE_WITH_KNOTS('',3,3,(
    (#101,#102,#103,#104)
    ,(#105,#106,#107,#108)
    ,(#109,#110,#111,#112)
    ,(#113,#114,#115,#116
    )),.UNSPECIFIED.,.F.,.F.,.F.,(4,4),(4,4),(0.,1.),(-0.582336123675,
    -0.577940565554),.PIECEWISE_BEZIER_KNOTS.);
#101 = CARTESIAN_POINT('',(-8.208867674898,7.391584294336,-1.5));
#102 = CARTESIAN_POINT('',(-8.19850724505,7.381223864488,-1.5));
#103 = CARTESIAN_POINT('',(-8.18837266098,7.370637588863,-1.500000307203
    ));
#104 = CARTESIAN_POINT('',(-8.178464566265,7.359824823883,-1.49999908014
    ));
#105 = CARTESIAN_POINT('',(-8.0910165447,7.509435424534,-1.333333333333)
  );
#106 = CARTESIAN_POINT('',(-8.080656114852,7.499074994686,
    -1.333333333333));
#107 = CARTESIAN_POINT('',(-8.070446248857,7.488564000987,
    -1.333333538135));
#108 = CARTESIAN_POINT('',(-8.060387375764,7.477902014384,
    -1.333332720094));
#109 = CARTESIAN_POINT('',(-7.973165414502,7.627286554732,
    -1.166666666667));
#110 = CARTESIAN_POINT('',(-7.962804984655,7.616926124884,
    -1.166666666667));
#111 = CARTESIAN_POINT('',(-7.952519836733,7.60649041311,-1.166666769068
    ));
#112 = CARTESIAN_POINT('',(-7.942310185262,7.595979204885,
    -1.166666360047));
#113 = CARTESIAN_POINT('',(-7.855314284304,7.74513768493,-1.));
#114 = CARTESIAN_POINT('',(-7.844953854457,7.734777255082,-1.));
#115 = CARTESIAN_POINT('',(-7.834593424609,7.724416825234,-1.));
#116 = CARTESIAN_POINT('',(-7.824232994761,7.714056395387,-1.));
#117 = DEFINITIONAL_REPRESENTATION('',(#118),#121);
#118 = B_SPLINE_CURVE_WITH_KNOTS('',1,(#119,#120),.UNSPECIFIED.,.F.,.F.,
  (2,2),(-0.,0.707106781022),.PIECEWISE_BEZIER_KNOTS.);
#119 = CARTESIAN_POINT('',(1.,-0.582336123675));
#120 = CARTESIAN_POINT('',(2.333468880532E-10,-0.582336123675));
#121 = ( GEOMETRIC_REPRESENTATION_CONTEXT(2) 
PARAMETRIC_REPRESENTATION_CONTEXT() REPRESENTATION_CONTEXT('2D SPACE',''
  ) );
#122 = ORIENTED_EDGE('',*,*,#123,.T.);
#123 = EDGE_CURVE('',#85,#124,#126,.T.);
#124 = VERTEX_POINT('',#125);
#125 = CARTESIAN_POINT('',(-8.671454202827,7.854170822266,-1.5));
#126 = SURFACE_CURVE('',#127,(#131,#138),.PCURVE_S1.);
#127 = LINE('',#128,#129);
#128 = CARTESIAN_POINT('',(-4.091129455093,3.273846074531,-1.5));
#129 = VECTOR('',#130,1.);
#130 = DIRECTION('',(-0.707106781187,0.707106781187,0.));
#131 = PCURVE('',#32,#132);
#132 = DEFINITIONAL_REPRESENTATION('',(#133),#137);
#133 = LINE('',#134,#135);
#134 = CARTESIAN_POINT('',(0.288675134595,-0.204124145232));
#135 = VECTOR('',#136,1.);
#136 = DIRECTION('',(0.57735026919,0.816496580928));
#137 = ( GEOMETRIC_REPRESENTATION_CONTEXT(2) 
PARAMETRIC_REPRESENTATION_CONTEXT() REPRESENTATION_CONTEXT('2D SPACE',''
  ) );
#138 = PCURVE('',#139,#144);
#139 = PLANE('',#140);
#140 = AXIS2_PLACEMENT_3D('',#141,#142,#143);
#141 = CARTESIAN_POINT('',(-7.773617219905,6.956333839344,-3.));
#142 = DIRECTION('',(0.707106781187,0.707106781187,0.));
#143 = DIRECTION('',(-0.707106781187,0.707106781187,0.));
#144 = DEFINITIONAL_REPRESENTATION('',(#145),#149);
#145 = LINE('',#146,#147);
#146 = CARTESIAN_POINT('',(-5.20782414027,1.5));
#147 = VECTOR('',#148,1.);
#148 = DIRECTION('',(1.,0.));
#149 = ( GEOMETRIC_REPRESENTATION_CONTEXT(2) 
PARAMETRIC_REPRESENTATION_CONTEXT() REPRESENTATION_CONTEXT('2D SPACE',''
  ) );
#150 = ORIENTED_EDGE('',*,*,#151,.T.);
#151 = EDGE_CURVE('',#124,#22,#152,.T.);
#152 = SURFACE_CURVE('',#153,(#158,#165),.PCURVE_S1.);
#153 = ELLIPSE('',#154,2.92124429235,2.05);
#154 = AXIS2_PLACEMENT_3D('',#155,#156,#157);
#155 = CARTESIAN_POINT('',(-8.427501618591,5.927501618591,-2.68986033242
    ));
#156 = DIRECTION('',(0.5,0.5,-0.707106781187));
#157 = DIRECTION('',(-0.614393108083,-0.370641151082,-0.696524404357));
#158 = PCURVE('',#32,#159);
#159 = DEFINITIONAL_REPRESENTATION('',(#160),#164);
#160 = ELLIPSE('',#161,2.92124429235,2.05);
#161 = AXIS2_PLACEMENT_2D('',#162,#163);
#162 = CARTESIAN_POINT('',(4.516274362942,2.860053340167));
#163 = DIRECTION('',(0.903788424448,-0.4279795367));
#164 = ( GEOMETRIC_REPRESENTATION_CONTEXT(2) 
PARAMETRIC_REPRESENTATION_CONTEXT() REPRESENTATION_CONTEXT('2D SPACE',''
  ) );
#165 = PCURVE('',#166,#171);
#166 = CYLINDRICAL_SURFACE('',#167,2.05);
#167 = AXIS2_PLACEMENT_3D('',#168,#169,#170);
#168 = CARTESIAN_POINT('',(-8.164770572082,5.664770572082,0.313169270739
    ));
#169 = DIRECTION('',(8.682659386425E-02,-8.682659386425E-02,
    0.992432509139));
#170 = DIRECTION('',(-0.701755757082,0.701755757082,0.122791346617));
#171 = DEFINITIONAL_REPRESENTATION('',(#172),#175);
#172 = B_SPLINE_CURVE_WITH_KNOTS('',1,(#173,#174),.UNSPECIFIED.,.F.,.F.,
  (2,2),(2.067860559733,2.230216659353),.PIECEWISE_BEZIER_KNOTS.);
#173 = CARTESIAN_POINT('',(5.663941341675,-2.033539909006));
#174 = CARTESIAN_POINT('',(5.501585242055,-1.750895910468));
#175 = ( GEOMETRIC_REPRESENTATION_CONTEXT(2) 
PARAMETRIC_REPRESENTATION_CONTEXT() REPRESENTATION_CONTEXT('2D SPACE',''
  ) );
#176 = ADVANCED_FACE('',(#177),#44,.T.);
#177 = FACE_BOUND('',#178,.T.);
#178 = EDGE_LOOP('',(#179,#202,#203,#226,#268,#296,#338,#366));
#179 = ORIENTED_EDGE('',*,*,#180,.T.);
#180 = EDGE_CURVE('',#181,#24,#183,.T.);
#181 = VERTEX_POINT('',#182);
#182 = CARTESIAN_POINT('',(7.947665262901,7.837488663526,-1.));
#183 = SURFACE_CURVE('',#184,(#188,#195),.PCURVE_S1.);
#184 = LINE('',#185,#186);
#185 = CARTESIAN_POINT('',(-5.125,7.837488663526,-1.));
#186 = VECTOR('',#187,1.);
#187 = DIRECTION('',(-1.,4.738756812424E-17,0.));
#188 = PCURVE('',#44,#189);
#189 = DEFINITIONAL_REPRESENTATION('',(#190),#194);
#190 = LINE('',#191,#192);
#191 = CARTESIAN_POINT('',(-5.125,-1.003819837543));
#192 = VECTOR('',#193,1.);
#193 = DIRECTION('',(1.,2.998175427476E-34));
#194 = ( GEOMETRIC_REPRESENTATION_CONTEXT(2) 
PARAMETRIC_REPRESENTATION_CONTEXT() REPRESENTATION_CONTEXT('2D SPACE',''
  ) );
#195 = PCURVE('',#72,#196);
#196 = DEFINITIONAL_REPRESENTATION('',(#197),#201);
#197 = LINE('',#198,#199);
#198 = CARTESIAN_POINT('',(-5.125,-7.837488663526));
#199 = VECTOR('',#200,1.);
#200 = DIRECTION('',(-1.,-4.738756812424E-17));
#201 = ( GEOMETRIC_REPRESENTATION_CONTEXT(2) 
PARAMETRIC_REPRESENTATION_CONTEXT() REPRESENTATION_CONTEXT('2D SPACE',''
  ) );
#202 = ORIENTED_EDGE('',*,*,#21,.F.);
#203 = ORIENTED_EDGE('',*,*,#204,.T.);
#204 = EDGE_CURVE('',#22,#205,#207,.T.);
#205 = VERTEX_POINT('',#206);
#206 = CARTESIAN_POINT('',(-8.163710035588,7.705909166676,0.503960530961
    ));
#207 = SURFACE_CURVE('',#208,(#212,#219),.PCURVE_S1.);
#208 = LINE('',#209,#210);
#209 = CARTESIAN_POINT('',(-8.164770572082,7.70696970317,0.491838543372)
  );
#210 = VECTOR('',#211,1.);
#211 = DIRECTION('',(8.682659386425E-02,-8.682659386425E-02,
    0.992432509139));
#212 = PCURVE('',#44,#213);
#213 = DEFINITIONAL_REPRESENTATION('',(#214),#218);
#214 = LINE('',#215,#216);
#215 = CARTESIAN_POINT('',(-2.085229427918,0.493717286705));
#216 = VECTOR('',#217,1.);
#217 = DIRECTION('',(-8.682659386425E-02,0.996223440097));
#218 = ( GEOMETRIC_REPRESENTATION_CONTEXT(2) 
PARAMETRIC_REPRESENTATION_CONTEXT() REPRESENTATION_CONTEXT('2D SPACE',''
  ) );
#219 = PCURVE('',#166,#220);
#220 = DEFINITIONAL_REPRESENTATION('',(#221),#225);
#221 = LINE('',#222,#223);
#222 = CARTESIAN_POINT('',(5.501585242055,-2.22044604925E-16));
#223 = VECTOR('',#224,1.);
#224 = DIRECTION('',(0.,1.));
#225 = ( GEOMETRIC_REPRESENTATION_CONTEXT(2) 
PARAMETRIC_REPRESENTATION_CONTEXT() REPRESENTATION_CONTEXT('2D SPACE',''
  ) );
#226 = ORIENTED_EDGE('',*,*,#227,.F.);
#227 = EDGE_CURVE('',#228,#205,#230,.T.);
#228 = VERTEX_POINT('',#229);
#229 = CARTESIAN_POINT('',(-8.076567873623,7.705922747459,0.503805301908
    ));
#230 = SURFACE_CURVE('',#231,(#236,#244),.PCURVE_S1.);
#231 = B_SPLINE_CURVE_WITH_KNOTS('',3,(#232,#233,#234,#235),
  .UNSPECIFIED.,.F.,.F.,(4,4),(-0.781600065124,-0.740989609687),
  .PIECEWISE_BEZIER_KNOTS.);
#232 = CARTESIAN_POINT('',(-8.076567873623,7.705922747459,0.503805301908
    ));
#233 = CARTESIAN_POINT('',(-8.105603395645,7.705922747459,0.503805301908
    ));
#234 = CARTESIAN_POINT('',(-8.134634960023,7.70591831721,0.503855939884)
  );
#235 = CARTESIAN_POINT('',(-8.163710035588,7.705909166676,0.503960530961
    ));
#236 = PCURVE('',#44,#237);
#237 = DEFINITIONAL_REPRESENTATION('',(#238),#243);
#238 = B_SPLINE_CURVE_WITH_KNOTS('',3,(#239,#240,#241,#242),
  .UNSPECIFIED.,.F.,.F.,(4,4),(-0.781600065124,-0.740989609687),
  .PIECEWISE_BEZIER_KNOTS.);
#239 = CARTESIAN_POINT('',(-2.173432126377,0.505729756315));
#240 = CARTESIAN_POINT('',(-2.144396604355,0.505729756315));
#241 = CARTESIAN_POINT('',(-2.115365039977,0.505780587719));
#242 = CARTESIAN_POINT('',(-2.086289964412,0.505885578318));
#243 = ( GEOMETRIC_REPRESENTATION_CONTEXT(2) 
PARAMETRIC_REPRESENTATION_CONTEXT() REPRESENTATION_CONTEXT('2D SPACE',''
  ) );
#244 = PCURVE('',#245,#262);
#245 = B_SPLINE_SURFACE_WITH_KNOTS('',3,3,(
    (#246,#247,#248,#249)
    ,(#250,#251,#252,#253)
    ,(#254,#255,#256,#257)
    ,(#258,#259,#260,#261
    )),.UNSPECIFIED.,.F.,.F.,.F.,(4,4),(4,4),(0.,1.),(0.740989609687,
    0.781600065124),.PIECEWISE_BEZIER_KNOTS.);
#246 = CARTESIAN_POINT('',(-8.163710035588,7.705909166676,0.503960530961
    ));
#247 = CARTESIAN_POINT('',(-8.134634960023,7.70591831721,0.503855939884)
  );
#248 = CARTESIAN_POINT('',(-8.105603395645,7.705922747459,0.503805301908
    ));
#249 = CARTESIAN_POINT('',(-8.076567873623,7.705922747459,0.503805301908
    ));
#250 = CARTESIAN_POINT('',(-8.148968713341,7.343237907364,0.835973687307
    ));
#251 = CARTESIAN_POINT('',(-8.124822082973,7.34343761709,0.835903959922)
  );
#252 = CARTESIAN_POINT('',(-8.100697710795,7.343537499876,0.835870201272
    ));
#253 = CARTESIAN_POINT('',(-8.076567873623,7.343537499876,0.835870201272
    ));
#254 = CARTESIAN_POINT('',(-8.134227391094,6.980566648052,1.167986843654
    ));
#255 = CARTESIAN_POINT('',(-8.115009205922,6.980956916969,1.167951979961
    ));
#256 = CARTESIAN_POINT('',(-8.095792025945,6.981152252294,1.167935100636
    ));
#257 = CARTESIAN_POINT('',(-8.076567873623,6.981152252294,1.167935100636
    ));
#258 = CARTESIAN_POINT('',(-8.119486068847,6.61789538874,1.5));
#259 = CARTESIAN_POINT('',(-8.105196328872,6.618476216849,1.5));
#260 = CARTESIAN_POINT('',(-8.090886341096,6.618767004711,1.5));
#261 = CARTESIAN_POINT('',(-8.076567873623,6.618767004711,1.5));
#262 = DEFINITIONAL_REPRESENTATION('',(#263),#267);
#263 = LINE('',#264,#265);
#264 = CARTESIAN_POINT('',(-1.758752438271E-15,1.110223024625E-16));
#265 = VECTOR('',#266,1.);
#266 = DIRECTION('',(-2.461868063177E-15,-1.));
#267 = ( GEOMETRIC_REPRESENTATION_CONTEXT(2) 
PARAMETRIC_REPRESENTATION_CONTEXT() REPRESENTATION_CONTEXT('2D SPACE',''
  ) );
#268 = ORIENTED_EDGE('',*,*,#269,.F.);
#269 = EDGE_CURVE('',#270,#228,#272,.T.);
#270 = VERTEX_POINT('',#271);
#271 = CARTESIAN_POINT('',(8.076567873623,7.705922747459,0.503805301908)
  );
#272 = SURFACE_CURVE('',#273,(#277,#284),.PCURVE_S1.);
#273 = LINE('',#274,#275);
#274 = CARTESIAN_POINT('',(-5.125,7.705922747459,0.503805301908));
#275 = VECTOR('',#276,1.);
#276 = DIRECTION('',(-1.,4.738756812424E-17,0.));
#277 = PCURVE('',#44,#278);
#278 = DEFINITIONAL_REPRESENTATION('',(#279),#283);
#279 = LINE('',#280,#281);
#280 = CARTESIAN_POINT('',(-5.125,0.505729756315));
#281 = VECTOR('',#282,1.);
#282 = DIRECTION('',(1.,2.998175427476E-34));
#283 = ( GEOMETRIC_REPRESENTATION_CONTEXT(2) 
PARAMETRIC_REPRESENTATION_CONTEXT() REPRESENTATION_CONTEXT('2D SPACE',''
  ) );
#284 = PCURVE('',#285,#290);
#285 = PLANE('',#286);
#286 = AXIS2_PLACEMENT_3D('',#287,#288,#289);
#287 = CARTESIAN_POINT('',(-5.125,7.162344876085,1.001902650954));
#288 = DIRECTION('',(3.201457698746E-17,0.675590207616,0.73727733681));
#289 = DIRECTION('',(1.,-1.232595164408E-32,-4.342270593312E-17));
#290 = DEFINITIONAL_REPRESENTATION('',(#291),#295);
#291 = LINE('',#292,#293);
#292 = CARTESIAN_POINT('',(2.162873471369E-17,0.73727733681));
#293 = VECTOR('',#294,1.);
#294 = DIRECTION('',(-1.,6.427373494114E-17));
#295 = ( GEOMETRIC_REPRESENTATION_CONTEXT(2) 
PARAMETRIC_REPRESENTATION_CONTEXT() REPRESENTATION_CONTEXT('2D SPACE',''
  ) );
#296 = ORIENTED_EDGE('',*,*,#297,.F.);
#297 = EDGE_CURVE('',#298,#270,#300,.T.);
#298 = VERTEX_POINT('',#299);
#299 = CARTESIAN_POINT('',(8.163710035588,7.705909166676,0.503960530961)
  );
#300 = SURFACE_CURVE('',#301,(#306,#314),.PCURVE_S1.);
#301 = B_SPLINE_CURVE_WITH_KNOTS('',3,(#302,#303,#304,#305),
  .UNSPECIFIED.,.F.,.F.,(4,4),(0.740989609687,0.781600065124),
  .PIECEWISE_BEZIER_KNOTS.);
#302 = CARTESIAN_POINT('',(8.163710035588,7.705909166676,0.503960530961)
  );
#303 = CARTESIAN_POINT('',(8.134634960023,7.70591831721,0.503855939884)
  );
#304 = CARTESIAN_POINT('',(8.105603395645,7.705922747459,0.503805301908)
  );
#305 = CARTESIAN_POINT('',(8.076567873623,7.705922747459,0.503805301908)
  );
#306 = PCURVE('',#44,#307);
#307 = DEFINITIONAL_REPRESENTATION('',(#308),#313);
#308 = B_SPLINE_CURVE_WITH_KNOTS('',3,(#309,#310,#311,#312),
  .UNSPECIFIED.,.F.,.F.,(4,4),(0.740989609687,0.781600065124),
  .PIECEWISE_BEZIER_KNOTS.);
#309 = CARTESIAN_POINT('',(-18.41371003558,0.505885578318));
#310 = CARTESIAN_POINT('',(-18.38463496002,0.505780587719));
#311 = CARTESIAN_POINT('',(-18.35560339564,0.505729756315));
#312 = CARTESIAN_POINT('',(-18.32656787362,0.505729756315));
#313 = ( GEOMETRIC_REPRESENTATION_CONTEXT(2) 
PARAMETRIC_REPRESENTATION_CONTEXT() REPRESENTATION_CONTEXT('2D SPACE',''
  ) );
#314 = PCURVE('',#315,#332);
#315 = B_SPLINE_SURFACE_WITH_KNOTS('',3,3,(
    (#316,#317,#318,#319)
    ,(#320,#321,#322,#323)
    ,(#324,#325,#326,#327)
    ,(#328,#329,#330,#331
    )),.UNSPECIFIED.,.F.,.F.,.F.,(4,4),(4,4),(0.,1.),(-0.781600065124,
    -0.740989609687),.PIECEWISE_BEZIER_KNOTS.);
#316 = CARTESIAN_POINT('',(8.076567873623,7.705922747459,0.503805301908)
  );
#317 = CARTESIAN_POINT('',(8.105603395645,7.705922747459,0.503805301908)
  );
#318 = CARTESIAN_POINT('',(8.134634960023,7.70591831721,0.503855939884)
  );
#319 = CARTESIAN_POINT('',(8.163710035588,7.705909166676,0.503960530961)
  );
#320 = CARTESIAN_POINT('',(8.076567873623,7.343537499876,0.835870201272)
  );
#321 = CARTESIAN_POINT('',(8.100697710795,7.343537499876,0.835870201272)
  );
#322 = CARTESIAN_POINT('',(8.124822082973,7.34343761709,0.835903959922)
  );
#323 = CARTESIAN_POINT('',(8.148968713341,7.343237907364,0.835973687307)
  );
#324 = CARTESIAN_POINT('',(8.076567873623,6.981152252294,1.167935100636)
  );
#325 = CARTESIAN_POINT('',(8.095792025945,6.981152252294,1.167935100636)
  );
#326 = CARTESIAN_POINT('',(8.115009205922,6.980956916969,1.167951979961)
  );
#327 = CARTESIAN_POINT('',(8.134227391094,6.980566648052,1.167986843654)
  );
#328 = CARTESIAN_POINT('',(8.076567873623,6.618767004711,1.5));
#329 = CARTESIAN_POINT('',(8.090886341096,6.618767004711,1.5));
#330 = CARTESIAN_POINT('',(8.105196328872,6.618476216849,1.5));
#331 = CARTESIAN_POINT('',(8.119486068847,6.61789538874,1.5));
#332 = DEFINITIONAL_REPRESENTATION('',(#333),#337);
#333 = LINE('',#334,#335);
#334 = CARTESIAN_POINT('',(9.923834039746E-16,-1.7763568394E-15));
#335 = VECTOR('',#336,1.);
#336 = DIRECTION('',(-1.389627904654E-15,-1.));
#337 = ( GEOMETRIC_REPRESENTATION_CONTEXT(2) 
PARAMETRIC_REPRESENTATION_CONTEXT() REPRESENTATION_CONTEXT('2D SPACE',''
  ) );
#338 = ORIENTED_EDGE('',*,*,#339,.F.);
#339 = EDGE_CURVE('',#340,#298,#342,.T.);
#340 = VERTEX_POINT('',#341);
#341 = CARTESIAN_POINT('',(8.316794900198,7.858994031287,-1.245807478295
    ));
#342 = SURFACE_CURVE('',#343,(#347,#354),.PCURVE_S1.);
#343 = LINE('',#344,#345);
#344 = CARTESIAN_POINT('',(8.145923428577,7.688122559665,0.707262379393)
  );
#345 = VECTOR('',#346,1.);
#346 = DIRECTION('',(-8.682659386425E-02,-8.682659386425E-02,
    0.992432509139));
#347 = PCURVE('',#44,#348);
#348 = DEFINITIONAL_REPRESENTATION('',(#349),#353);
#349 = LINE('',#350,#351);
#350 = CARTESIAN_POINT('',(-18.39592342857,0.709964006783));
#351 = VECTOR('',#352,1.);
#352 = DIRECTION('',(8.682659386425E-02,0.996223440097));
#353 = ( GEOMETRIC_REPRESENTATION_CONTEXT(2) 
PARAMETRIC_REPRESENTATION_CONTEXT() REPRESENTATION_CONTEXT('2D SPACE',''
  ) );
#354 = PCURVE('',#355,#360);
#355 = CYLINDRICAL_SURFACE('',#356,2.05);
#356 = AXIS2_PLACEMENT_3D('',#357,#358,#359);
#357 = CARTESIAN_POINT('',(8.145923428577,5.645923428577,0.528593106761)
  );
#358 = DIRECTION('',(8.682659386425E-02,8.682659386425E-02,
    -0.992432509139));
#359 = DIRECTION('',(0.701755757082,0.701755757082,0.122791346617));
#360 = DEFINITIONAL_REPRESENTATION('',(#361),#365);
#361 = LINE('',#362,#363);
#362 = CARTESIAN_POINT('',(-0.781600065124,4.440892098501E-16));
#363 = VECTOR('',#364,1.);
#364 = DIRECTION('',(5.037565739934E-16,-1.));
#365 = ( GEOMETRIC_REPRESENTATION_CONTEXT(2) 
PARAMETRIC_REPRESENTATION_CONTEXT() REPRESENTATION_CONTEXT('2D SPACE',''
  ) );
#366 = ORIENTED_EDGE('',*,*,#367,.F.);
#367 = EDGE_CURVE('',#181,#340,#368,.T.);
#368 = SURFACE_CURVE('',#369,(#373,#380),.PCURVE_S1.);
#369 = LINE('',#370,#371);
#370 = CARTESIAN_POINT('',(0.225292806715,7.387585857371,4.14241260551)
  );
#371 = VECTOR('',#372,1.);
#372 = DIRECTION('',(0.831363597074,4.843496184375E-02,-0.553614147156)
  );
#373 = PCURVE('',#44,#374);
#374 = DEFINITIONAL_REPRESENTATION('',(#375),#379);
#375 = LINE('',#376,#377);
#376 = CARTESIAN_POINT('',(-10.47529280671,4.158235948701));
#377 = VECTOR('',#378,1.);
#378 = DIRECTION('',(-0.831363597074,-0.55572886326));
#379 = ( GEOMETRIC_REPRESENTATION_CONTEXT(2) 
PARAMETRIC_REPRESENTATION_CONTEXT() REPRESENTATION_CONTEXT('2D SPACE',''
  ) );
#380 = PCURVE('',#381,#386);
#381 = PLANE('',#382);
#382 = AXIS2_PLACEMENT_3D('',#383,#384,#385);
#383 = CARTESIAN_POINT('',(4.523976365805,4.060246375837,-1.25));
#384 = DIRECTION('',(-0.5,0.5,-0.707106781187));
#385 = DIRECTION('',(-0.816496580928,4.163336342344E-16,0.57735026919));
#386 = DEFINITIONAL_REPRESENTATION('',(#387),#391);
#387 = LINE('',#388,#389);
#388 = CARTESIAN_POINT('',(6.62317129786,3.842080690698));
#389 = VECTOR('',#390,1.);
#390 = DIRECTION('',(-0.998434811406,5.592787651736E-02));
#391 = ( GEOMETRIC_REPRESENTATION_CONTEXT(2) 
PARAMETRIC_REPRESENTATION_CONTEXT() REPRESENTATION_CONTEXT('2D SPACE',''
  ) );
#392 = ADVANCED_FACE('',(#393),#72,.T.);
#393 = FACE_BOUND('',#394,.T.);
#394 = EDGE_LOOP('',(#395,#396,#397,#420,#462,#504,#532,#574));
#395 = ORIENTED_EDGE('',*,*,#56,.F.);
#396 = ORIENTED_EDGE('',*,*,#180,.F.);
#397 = ORIENTED_EDGE('',*,*,#398,.F.);
#398 = EDGE_CURVE('',#399,#181,#401,.T.);
#399 = VERTEX_POINT('',#400);
#400 = CARTESIAN_POINT('',(7.855314284306,7.745137684932,-1.));
#401 = SURFACE_CURVE('',#402,(#406,#413),.PCURVE_S1.);
#402 = LINE('',#403,#404);
#403 = CARTESIAN_POINT('',(4.347199670508,4.237023071134,-1.));
#404 = VECTOR('',#405,1.);
#405 = DIRECTION('',(0.707106781187,0.707106781187,0.));
#406 = PCURVE('',#72,#407);
#407 = DEFINITIONAL_REPRESENTATION('',(#408),#412);
#408 = LINE('',#409,#410);
#409 = CARTESIAN_POINT('',(4.347199670508,-4.237023071134));
#410 = VECTOR('',#411,1.);
#411 = DIRECTION('',(0.707106781187,-0.707106781187));
#412 = ( GEOMETRIC_REPRESENTATION_CONTEXT(2) 
PARAMETRIC_REPRESENTATION_CONTEXT() REPRESENTATION_CONTEXT('2D SPACE',''
  ) );
#413 = PCURVE('',#381,#414);
#414 = DEFINITIONAL_REPRESENTATION('',(#415),#419);
#415 = LINE('',#416,#417);
#416 = CARTESIAN_POINT('',(0.288675134595,0.204124145232));
#417 = VECTOR('',#418,1.);
#418 = DIRECTION('',(-0.57735026919,0.816496580928));
#419 = ( GEOMETRIC_REPRESENTATION_CONTEXT(2) 
PARAMETRIC_REPRESENTATION_CONTEXT() REPRESENTATION_CONTEXT('2D SPACE',''
  ) );
#420 = ORIENTED_EDGE('',*,*,#421,.F.);
#421 = EDGE_CURVE('',#422,#399,#424,.T.);
#422 = VERTEX_POINT('',#423);
#423 = CARTESIAN_POINT('',(7.824232994761,7.714056395387,-1.));
#424 = SURFACE_CURVE('',#425,(#430,#438),.PCURVE_S1.);
#425 = B_SPLINE_CURVE_WITH_KNOTS('',3,(#426,#427,#428,#429),
  .UNSPECIFIED.,.F.,.F.,(4,4),(0.491726768398,0.496122326519),
  .PIECEWISE_BEZIER_KNOTS.);
#426 = CARTESIAN_POINT('',(7.824232994761,7.714056395387,-1.));
#427 = CARTESIAN_POINT('',(7.83459342461,7.724416825235,-1.));
#428 = CARTESIAN_POINT('',(7.844953854458,7.734777255083,-1.));
#429 = CARTESIAN_POINT('',(7.855314284306,7.745137684932,-1.));
#430 = PCURVE('',#72,#431);
#431 = DEFINITIONAL_REPRESENTATION('',(#432),#437);
#432 = B_SPLINE_CURVE_WITH_KNOTS('',3,(#433,#434,#435,#436),
  .UNSPECIFIED.,.F.,.F.,(4,4),(0.491726768398,0.496122326519),
  .PIECEWISE_BEZIER_KNOTS.);
#433 = CARTESIAN_POINT('',(7.824232994761,-7.714056395387));
#434 = CARTESIAN_POINT('',(7.83459342461,-7.724416825235));
#435 = CARTESIAN_POINT('',(7.844953854458,-7.734777255083));
#436 = CARTESIAN_POINT('',(7.855314284306,-7.745137684932));
#437 = ( GEOMETRIC_REPRESENTATION_CONTEXT(2) 
PARAMETRIC_REPRESENTATION_CONTEXT() REPRESENTATION_CONTEXT('2D SPACE',''
  ) );
#438 = PCURVE('',#439,#456);
#439 = B_SPLINE_SURFACE_WITH_KNOTS('',3,3,(
    (#440,#441,#442,#443)
    ,(#444,#445,#446,#447)
    ,(#448,#449,#450,#451)
    ,(#452,#453,#454,#455
    )),.UNSPECIFIED.,.F.,.F.,.F.,(4,4),(4,4),(0.,1.),(0.491726768398,
    0.496122326519),.PIECEWISE_BEZIER_KNOTS.);
#440 = CARTESIAN_POINT('',(8.178464566265,7.359824823883,-1.49999908014)
  );
#441 = CARTESIAN_POINT('',(8.188372660981,7.370637588863,-1.500000307203
    ));
#442 = CARTESIAN_POINT('',(8.198507245052,7.38122386449,-1.5));
#443 = CARTESIAN_POINT('',(8.2088676749,7.391584294339,-1.5));
#444 = CARTESIAN_POINT('',(8.060387375764,7.477902014384,-1.333332720094
    ));
#445 = CARTESIAN_POINT('',(8.070446248857,7.488564000987,-1.333333538135
    ));
#446 = CARTESIAN_POINT('',(8.080656114854,7.499074994688,-1.333333333333
    ));
#447 = CARTESIAN_POINT('',(8.091016544702,7.509435424536,-1.333333333333
    ));
#448 = CARTESIAN_POINT('',(7.942310185262,7.595979204885,-1.166666360047
    ));
#449 = CARTESIAN_POINT('',(7.952519836734,7.606490413111,-1.166666769068
    ));
#450 = CARTESIAN_POINT('',(7.962804984656,7.616926124886,-1.166666666667
    ));
#451 = CARTESIAN_POINT('',(7.973165414504,7.627286554734,-1.166666666667
    ));
#452 = CARTESIAN_POINT('',(7.824232994761,7.714056395387,-1.));
#453 = CARTESIAN_POINT('',(7.83459342461,7.724416825235,-1.));
#454 = CARTESIAN_POINT('',(7.844953854458,7.734777255083,-1.));
#455 = CARTESIAN_POINT('',(7.855314284306,7.745137684932,-1.));
#456 = DEFINITIONAL_REPRESENTATION('',(#457),#461);
#457 = LINE('',#458,#459);
#458 = CARTESIAN_POINT('',(1.,-2.22044604925E-16));
#459 = VECTOR('',#460,1.);
#460 = DIRECTION('',(-5.556724736378E-13,1.));
#461 = ( GEOMETRIC_REPRESENTATION_CONTEXT(2) 
PARAMETRIC_REPRESENTATION_CONTEXT() REPRESENTATION_CONTEXT('2D SPACE',''
  ) );
#462 = ORIENTED_EDGE('',*,*,#463,.F.);
#463 = EDGE_CURVE('',#464,#422,#466,.T.);
#464 = VERTEX_POINT('',#465);
#465 = CARTESIAN_POINT('',(7.416986021972,6.331758907237,-1.));
#466 = SURFACE_CURVE('',#467,(#472,#480),.PCURVE_S1.);
#467 = B_SPLINE_CURVE_WITH_KNOTS('',3,(#468,#469,#470,#471),
  .UNSPECIFIED.,.F.,.F.,(4,4),(-0.100637436113,0.),
  .PIECEWISE_BEZIER_KNOTS.);
#468 = CARTESIAN_POINT('',(7.417268644327,6.331818730621,-1.));
#469 = CARTESIAN_POINT('',(7.313554679496,6.821792094681,-1.));
#470 = CARTESIAN_POINT('',(7.469335305922,7.359158706547,-1.));
#471 = CARTESIAN_POINT('',(7.824232994761,7.714056395387,-1.));
#472 = PCURVE('',#72,#473);
#473 = DEFINITIONAL_REPRESENTATION('',(#474),#479);
#474 = B_SPLINE_CURVE_WITH_KNOTS('',3,(#475,#476,#477,#478),
  .UNSPECIFIED.,.F.,.F.,(4,4),(-0.100637436113,0.),
  .PIECEWISE_BEZIER_KNOTS.);
#475 = CARTESIAN_POINT('',(7.417268644327,-6.331818730621));
#476 = CARTESIAN_POINT('',(7.313554679496,-6.821792094681));
#477 = CARTESIAN_POINT('',(7.469335305922,-7.359158706547));
#478 = CARTESIAN_POINT('',(7.824232994761,-7.714056395387));
#479 = ( GEOMETRIC_REPRESENTATION_CONTEXT(2) 
PARAMETRIC_REPRESENTATION_CONTEXT() REPRESENTATION_CONTEXT('2D SPACE',''
  ) );
#480 = PCURVE('',#481,#498);
#481 = B_SPLINE_SURFACE_WITH_KNOTS('',3,3,(
    (#482,#483,#484,#485)
    ,(#486,#487,#488,#489)
    ,(#490,#491,#492,#493)
    ,(#494,#495,#496,#497
    )),.UNSPECIFIED.,.F.,.F.,.F.,(4,4),(4,4),(0.,1.),(-0.108235122917,0.
    ),.PIECEWISE_BEZIER_KNOTS.);
#482 = CARTESIAN_POINT('',(7.961610554822,6.37537164612,-1.498495886797)
  );
#483 = CARTESIAN_POINT('',(7.856044282902,6.705028428446,-1.499054703709
    ));
#484 = CARTESIAN_POINT('',(7.934722322028,7.093827406803,-1.499968894018
    ));
#485 = CARTESIAN_POINT('',(8.178464566265,7.359824823883,-1.49999908014)
  );
#486 = CARTESIAN_POINT('',(7.789480875519,6.324166250574,-1.332330591198
    ));
#487 = CARTESIAN_POINT('',(7.667752205808,6.716557096634,-1.332703135806
    ));
#488 = CARTESIAN_POINT('',(7.770662241599,7.173340098324,-1.333312596012
    ));
#489 = CARTESIAN_POINT('',(8.060387375764,7.477902014384,-1.333332720094
    ));
#490 = CARTESIAN_POINT('',(7.617351196216,6.272960855028,-1.166165295599
    ));
#491 = CARTESIAN_POINT('',(7.479460128714,6.728085764821,-1.166351567903
    ));
#492 = CARTESIAN_POINT('',(7.606602161171,7.252852789846,-1.166656298006
    ));
#493 = CARTESIAN_POINT('',(7.942310185262,7.595979204885,-1.166666360047
    ));
#494 = CARTESIAN_POINT('',(7.445221516913,6.221755459482,-1.));
#495 = CARTESIAN_POINT('',(7.291168051619,6.739614433009,-1.));
#496 = CARTESIAN_POINT('',(7.442542080742,7.332365481367,-1.));
#497 = CARTESIAN_POINT('',(7.824232994761,7.714056395387,-1.));
#498 = DEFINITIONAL_REPRESENTATION('',(#499),#503);
#499 = LINE('',#500,#501);
#500 = CARTESIAN_POINT('',(1.,6.938893903907E-16));
#501 = VECTOR('',#502,1.);
#502 = DIRECTION('',(1.776137328944E-13,1.));
#503 = ( GEOMETRIC_REPRESENTATION_CONTEXT(2) 
PARAMETRIC_REPRESENTATION_CONTEXT() REPRESENTATION_CONTEXT('2D SPACE',''
  ) );
#504 = ORIENTED_EDGE('',*,*,#505,.F.);
#505 = EDGE_CURVE('',#506,#464,#508,.T.);
#506 = VERTEX_POINT('',#507);
#507 = CARTESIAN_POINT('',(-7.416986021967,6.331758907247,-1.));
#508 = SURFACE_CURVE('',#509,(#513,#520),.PCURVE_S1.);
#509 = LINE('',#510,#511);
#510 = CARTESIAN_POINT('',(-5.125,6.331758907211,-1.));
#511 = VECTOR('',#512,1.);
#512 = DIRECTION('',(1.,-4.738756812424E-17,0.));
#513 = PCURVE('',#72,#514);
#514 = DEFINITIONAL_REPRESENTATION('',(#515),#519);
#515 = LINE('',#516,#517);
#516 = CARTESIAN_POINT('',(-5.125,-6.331758907211));
#517 = VECTOR('',#518,1.);
#518 = DIRECTION('',(1.,4.738756812424E-17));
#519 = ( GEOMETRIC_REPRESENTATION_CONTEXT(2) 
PARAMETRIC_REPRESENTATION_CONTEXT() REPRESENTATION_CONTEXT('2D SPACE',''
  ) );
#520 = PCURVE('',#521,#526);
#521 = PLANE('',#522);
#522 = AXIS2_PLACEMENT_3D('',#523,#524,#525);
#523 = CARTESIAN_POINT('',(-10.25,6.255707952862,-0.130733614121));
#524 = DIRECTION('',(4.720724412083E-17,0.996194698092,
    8.715574274766E-02));
#525 = DIRECTION('',(-1.,4.738756812424E-17,7.703719777549E-34));
#526 = DEFINITIONAL_REPRESENTATION('',(#527),#531);
#527 = LINE('',#528,#529);
#528 = CARTESIAN_POINT('',(-5.125,-0.872586842254));
#529 = VECTOR('',#530,1.);
#530 = DIRECTION('',(-1.,-2.998175427476E-34));
#531 = ( GEOMETRIC_REPRESENTATION_CONTEXT(2) 
PARAMETRIC_REPRESENTATION_CONTEXT() REPRESENTATION_CONTEXT('2D SPACE',''
  ) );
#532 = ORIENTED_EDGE('',*,*,#533,.F.);
#533 = EDGE_CURVE('',#534,#506,#536,.T.);
#534 = VERTEX_POINT('',#535);
#535 = CARTESIAN_POINT('',(-7.824232994761,7.714056395387,-1.));
#536 = SURFACE_CURVE('',#537,(#542,#550),.PCURVE_S1.);
#537 = B_SPLINE_CURVE_WITH_KNOTS('',3,(#538,#539,#540,#541),
  .UNSPECIFIED.,.F.,.F.,(4,4),(-0.148168924519,-4.756698503377E-02),
  .PIECEWISE_BEZIER_KNOTS.);
#538 = CARTESIAN_POINT('',(-7.824232994761,7.714056395387,-1.));
#539 = CARTESIAN_POINT('',(-7.46940867638,7.359232077006,-1.));
#540 = CARTESIAN_POINT('',(-7.313390803217,6.822242658594,-1.));
#541 = CARTESIAN_POINT('',(-7.417261403102,6.331817232124,-1.));
#542 = PCURVE('',#72,#543);
#543 = DEFINITIONAL_REPRESENTATION('',(#544),#549);
#544 = B_SPLINE_CURVE_WITH_KNOTS('',3,(#545,#546,#547,#548),
  .UNSPECIFIED.,.F.,.F.,(4,4),(-0.148168924519,-4.756698503377E-02),
  .PIECEWISE_BEZIER_KNOTS.);
#545 = CARTESIAN_POINT('',(-7.824232994761,-7.714056395387));
#546 = CARTESIAN_POINT('',(-7.46940867638,-7.359232077006));
#547 = CARTESIAN_POINT('',(-7.313390803217,-6.822242658594));
#548 = CARTESIAN_POINT('',(-7.417261403102,-6.331817232124));
#549 = ( GEOMETRIC_REPRESENTATION_CONTEXT(2) 
PARAMETRIC_REPRESENTATION_CONTEXT() REPRESENTATION_CONTEXT('2D SPACE',''
  ) );
#550 = PCURVE('',#551,#568);
#551 = B_SPLINE_SURFACE_WITH_KNOTS('',3,3,(
    (#552,#553,#554,#555)
    ,(#556,#557,#558,#559)
    ,(#560,#561,#562,#563)
    ,(#564,#565,#566,#567
    )),.UNSPECIFIED.,.F.,.F.,.F.,(4,4),(4,4),(0.,1.),(-0.148168924519,
    -3.998022435773E-02),.PIECEWISE_BEZIER_KNOTS.);
#552 = CARTESIAN_POINT('',(-8.178464566265,7.359824823883,-1.49999908014
    ));
#553 = CARTESIAN_POINT('',(-7.934791285655,7.093902667235,
    -1.499968902559));
#554 = CARTESIAN_POINT('',(-7.855922066788,6.705410078477,
    -1.499055350662));
#555 = CARTESIAN_POINT('',(-7.961610554822,6.37537164612,-1.498495886797
    ));
#556 = CARTESIAN_POINT('',(-8.060387375764,7.477902014384,
    -1.333332720094));
#557 = CARTESIAN_POINT('',(-7.770744215474,7.173426270069,
    -1.333312601706));
#558 = CARTESIAN_POINT('',(-7.667611278173,6.717011375104,
    -1.332703567108));
#559 = CARTESIAN_POINT('',(-7.789480875519,6.324166250574,
    -1.332330591198));
#560 = CARTESIAN_POINT('',(-7.942310185262,7.595979204885,
    -1.166666360047));
#561 = CARTESIAN_POINT('',(-7.606697145293,7.252949872903,
    -1.166656300853));
#562 = CARTESIAN_POINT('',(-7.479300489558,6.728612671731,
    -1.166351783554));
#563 = CARTESIAN_POINT('',(-7.617351196216,6.272960855028,
    -1.166165295599));
#564 = CARTESIAN_POINT('',(-7.824232994761,7.714056395387,-1.));
#565 = CARTESIAN_POINT('',(-7.442650075111,7.332473475737,-1.));
#566 = CARTESIAN_POINT('',(-7.290989700943,6.740213968357,-1.));
#567 = CARTESIAN_POINT('',(-7.445221516913,6.221755459482,-1.));
#568 = DEFINITIONAL_REPRESENTATION('',(#569),#573);
#569 = LINE('',#570,#571);
#570 = CARTESIAN_POINT('',(1.,2.775557561563E-17));
#571 = VECTOR('',#572,1.);
#572 = DIRECTION('',(-9.932221260093E-15,1.));
#573 = ( GEOMETRIC_REPRESENTATION_CONTEXT(2) 
PARAMETRIC_REPRESENTATION_CONTEXT() REPRESENTATION_CONTEXT('2D SPACE',''
  ) );
#574 = ORIENTED_EDGE('',*,*,#575,.F.);
#575 = EDGE_CURVE('',#57,#534,#576,.T.);
#576 = SURFACE_CURVE('',#577,(#582,#590),.PCURVE_S1.);
#577 = B_SPLINE_CURVE_WITH_KNOTS('',3,(#578,#579,#580,#581),
  .UNSPECIFIED.,.F.,.F.,(4,4),(-0.582336123675,-0.577940565554),
  .PIECEWISE_BEZIER_KNOTS.);
#578 = CARTESIAN_POINT('',(-7.855314284304,7.74513768493,-1.));
#579 = CARTESIAN_POINT('',(-7.844953854457,7.734777255082,-1.));
#580 = CARTESIAN_POINT('',(-7.834593424609,7.724416825234,-1.));
#581 = CARTESIAN_POINT('',(-7.824232994761,7.714056395387,-1.));
#582 = PCURVE('',#72,#583);
#583 = DEFINITIONAL_REPRESENTATION('',(#584),#589);
#584 = B_SPLINE_CURVE_WITH_KNOTS('',3,(#585,#586,#587,#588),
  .UNSPECIFIED.,.F.,.F.,(4,4),(-0.582336123675,-0.577940565554),
  .PIECEWISE_BEZIER_KNOTS.);
#585 = CARTESIAN_POINT('',(-7.855314284304,-7.74513768493));
#586 = CARTESIAN_POINT('',(-7.844953854457,-7.734777255082));
#587 = CARTESIAN_POINT('',(-7.834593424609,-7.724416825234));
#588 = CARTESIAN_POINT('',(-7.824232994761,-7.714056395387));
#589 = ( GEOMETRIC_REPRESENTATION_CONTEXT(2) 
PARAMETRIC_REPRESENTATION_CONTEXT() REPRESENTATION_CONTEXT('2D SPACE',''
  ) );
#590 = PCURVE('',#100,#591);
#591 = DEFINITIONAL_REPRESENTATION('',(#592),#596);
#592 = LINE('',#593,#594);
#593 = CARTESIAN_POINT('',(1.,0.));
#594 = VECTOR('',#595,1.);
#595 = DIRECTION('',(-7.577351913777E-14,1.));
#596 = ( GEOMETRIC_REPRESENTATION_CONTEXT(2) 
PARAMETRIC_REPRESENTATION_CONTEXT() REPRESENTATION_CONTEXT('2D SPACE',''
  ) );
#597 = ADVANCED_FACE('',(#598),#100,.T.);
#598 = FACE_BOUND('',#599,.T.);
#599 = EDGE_LOOP('',(#600,#621,#663,#664));
#600 = ORIENTED_EDGE('',*,*,#601,.F.);
#601 = EDGE_CURVE('',#602,#534,#604,.T.);
#602 = VERTEX_POINT('',#603);
#603 = CARTESIAN_POINT('',(-8.178464566265,7.359824823883,-1.49999908014
    ));
#604 = SURFACE_CURVE('',#605,(#609,#615),.PCURVE_S1.);
#605 = LINE('',#606,#607);
#606 = CARTESIAN_POINT('',(-8.178464566265,7.359824823883,-1.49999908014
    ));
#607 = VECTOR('',#608,1.);
#608 = DIRECTION('',(0.500479316576,0.500479316576,0.706428274745));
#609 = PCURVE('',#100,#610);
#610 = DEFINITIONAL_REPRESENTATION('',(#611),#614);
#611 = B_SPLINE_CURVE_WITH_KNOTS('',1,(#612,#613),.UNSPECIFIED.,.F.,.F.,
  (2,2),(0.,0.707784637189),.PIECEWISE_BEZIER_KNOTS.);
#612 = CARTESIAN_POINT('',(-1.183494225027E-15,-0.577940565554));
#613 = CARTESIAN_POINT('',(1.,-0.577940565554));
#614 = ( GEOMETRIC_REPRESENTATION_CONTEXT(2) 
PARAMETRIC_REPRESENTATION_CONTEXT() REPRESENTATION_CONTEXT('2D SPACE',''
  ) );
#615 = PCURVE('',#551,#616);
#616 = DEFINITIONAL_REPRESENTATION('',(#617),#620);
#617 = B_SPLINE_CURVE_WITH_KNOTS('',1,(#618,#619),.UNSPECIFIED.,.F.,.F.,
  (2,2),(0.,0.707784637189),.PIECEWISE_BEZIER_KNOTS.);
#618 = CARTESIAN_POINT('',(1.656580313275E-17,-0.148168924519));
#619 = CARTESIAN_POINT('',(1.,-0.148168924519));
#620 = ( GEOMETRIC_REPRESENTATION_CONTEXT(2) 
PARAMETRIC_REPRESENTATION_CONTEXT() REPRESENTATION_CONTEXT('2D SPACE',''
  ) );
#621 = ORIENTED_EDGE('',*,*,#622,.T.);
#622 = EDGE_CURVE('',#602,#85,#623,.T.);
#623 = SURFACE_CURVE('',#624,(#629,#636),.PCURVE_S1.);
#624 = B_SPLINE_CURVE_WITH_KNOTS('',3,(#625,#626,#627,#628),
  .UNSPECIFIED.,.F.,.F.,(4,4),(0.577940565554,0.582336123675),
  .PIECEWISE_BEZIER_KNOTS.);
#625 = CARTESIAN_POINT('',(-8.178464566265,7.359824823883,-1.49999908014
    ));
#626 = CARTESIAN_POINT('',(-8.18837266098,7.370637588863,-1.500000307203
    ));
#627 = CARTESIAN_POINT('',(-8.19850724505,7.381223864488,-1.5));
#628 = CARTESIAN_POINT('',(-8.208867674898,7.391584294336,-1.5));
#629 = PCURVE('',#100,#630);
#630 = DEFINITIONAL_REPRESENTATION('',(#631),#635);
#631 = LINE('',#632,#633);
#632 = CARTESIAN_POINT('',(-1.465449286588E-14,0.));
#633 = VECTOR('',#634,1.);
#634 = DIRECTION('',(2.554575884675E-14,-1.));
#635 = ( GEOMETRIC_REPRESENTATION_CONTEXT(2) 
PARAMETRIC_REPRESENTATION_CONTEXT() REPRESENTATION_CONTEXT('2D SPACE',''
  ) );
#636 = PCURVE('',#637,#658);
#637 = B_SPLINE_SURFACE_WITH_KNOTS('',3,3,(
    (#638,#639,#640,#641)
    ,(#642,#643,#644,#645)
    ,(#646,#647,#648,#649)
    ,(#650,#651,#652,#653)
    ,(#654,#655,#656,#657
    )),.UNSPECIFIED.,.F.,.F.,.F.,(4,1,4),(4,4),(0.,0.571428571429,1.),(
    0.114662354364,0.401612594679),.UNSPECIFIED.);
#638 = CARTESIAN_POINT('',(-8.064508234191,5.964388273387,
    -0.228681374597));
#639 = CARTESIAN_POINT('',(-8.121274221553,6.026533389994,
    -1.181510655728));
#640 = CARTESIAN_POINT('',(-8.177792273219,6.089078328221,
    -2.134336083058));
#641 = CARTESIAN_POINT('',(-8.233951499393,6.152228600099,
    -3.087155742748));
#642 = CARTESIAN_POINT('',(-7.884752191711,6.180982227639,-0.22639246647
    ));
#643 = CARTESIAN_POINT('',(-7.94283153222,6.243267210168,-1.179130706541
    ));
#644 = CARTESIAN_POINT('',(-8.000738132096,6.305904625632,
    -2.131862875201));
#645 = CARTESIAN_POINT('',(-8.058598322904,6.369206241774,
    -3.084566017925));
#646 = CARTESIAN_POINT('',(-7.74167676531,6.697197266893,-0.203207593842
    ));
#647 = CARTESIAN_POINT('',(-7.801549482454,6.758295137077,
    -1.155899729889));
#648 = CARTESIAN_POINT('',(-7.861578229175,6.819663634261,
    -2.108569275771));
#649 = CARTESIAN_POINT('',(-7.921738451972,6.881401919293,
    -3.061213971222));
#650 = CARTESIAN_POINT('',(-7.975732704924,7.158449324363,
    -0.160004924399));
#651 = CARTESIAN_POINT('',(-8.035323807222,7.218029566662,
    -1.112793357626));
#652 = CARTESIAN_POINT('',(-8.09498392797,7.277714178501,-2.065572199293
    ));
#653 = CARTESIAN_POINT('',(-8.154769078244,7.337485697683,
    -3.018339746382));
#654 = CARTESIAN_POINT('',(-8.124436477814,7.307153097253,-0.14152563185
    ));
#655 = CARTESIAN_POINT('',(-8.183640123739,7.366356743177,-1.09435491298
    ));
#656 = CARTESIAN_POINT('',(-8.242874786718,7.425591406156,-2.04718034031
    ));
#657 = CARTESIAN_POINT('',(-8.302155806015,7.484872425454,-3.));
#658 = DEFINITIONAL_REPRESENTATION('',(#659),#662);
#659 = B_SPLINE_CURVE_WITH_KNOTS('',1,(#660,#661),.UNSPECIFIED.,.F.,.F.,
  (2,2),(0.577940565554,0.582336123675),.PIECEWISE_BEZIER_KNOTS.);
#660 = CARTESIAN_POINT('',(0.970248923085,0.250648466927));
#661 = CARTESIAN_POINT('',(1.000000121482,0.251033533984));
#662 = ( GEOMETRIC_REPRESENTATION_CONTEXT(2) 
PARAMETRIC_REPRESENTATION_CONTEXT() REPRESENTATION_CONTEXT('2D SPACE',''
  ) );
#663 = ORIENTED_EDGE('',*,*,#84,.F.);
#664 = ORIENTED_EDGE('',*,*,#575,.T.);
#665 = ADVANCED_FACE('',(#666),#139,.T.);
#666 = FACE_BOUND('',#667,.T.);
#667 = EDGE_LOOP('',(#668,#669,#694,#722,#750));
#668 = ORIENTED_EDGE('',*,*,#123,.F.);
#669 = ORIENTED_EDGE('',*,*,#670,.F.);
#670 = EDGE_CURVE('',#671,#85,#673,.T.);
#671 = VERTEX_POINT('',#672);
#672 = CARTESIAN_POINT('',(-8.302155806015,7.484872425453,
    -2.999999999995));
#673 = SURFACE_CURVE('',#674,(#679,#687),.PCURVE_S1.);
#674 = B_SPLINE_CURVE_WITH_KNOTS('',3,(#675,#676,#677,#678),
  .UNSPECIFIED.,.F.,.F.,(4,4),(-0.401612594679,-0.251033533972),
  .PIECEWISE_BEZIER_KNOTS.);
#675 = CARTESIAN_POINT('',(-8.302155806015,7.484872425454,-3.));
#676 = CARTESIAN_POINT('',(-8.271047694052,7.453764313491,-2.50000150123
    ));
#677 = CARTESIAN_POINT('',(-8.239952347209,7.422668966648,
    -2.000001414226));
#678 = CARTESIAN_POINT('',(-8.208867548932,7.391584168371,
    -1.500000015544));
#679 = PCURVE('',#139,#680);
#680 = DEFINITIONAL_REPRESENTATION('',(#681),#686);
#681 = B_SPLINE_CURVE_WITH_KNOTS('',3,(#682,#683,#684,#685),
  .UNSPECIFIED.,.F.,.F.,(4,4),(-0.401612594679,-0.251033533972),
  .PIECEWISE_BEZIER_KNOTS.);
#682 = CARTESIAN_POINT('',(0.747466436715,0.));
#683 = CARTESIAN_POINT('',(0.703472922876,0.49999849877));
#684 = CARTESIAN_POINT('',(0.659497461645,0.999998585774));
#685 = CARTESIAN_POINT('',(0.615536918338,1.499999984456));
#686 = ( GEOMETRIC_REPRESENTATION_CONTEXT(2) 
PARAMETRIC_REPRESENTATION_CONTEXT() REPRESENTATION_CONTEXT('2D SPACE',''
  ) );
#687 = PCURVE('',#637,#688);
#688 = DEFINITIONAL_REPRESENTATION('',(#689),#693);
#689 = LINE('',#690,#691);
#690 = CARTESIAN_POINT('',(1.,0.));
#691 = VECTOR('',#692,1.);
#692 = DIRECTION('',(-2.2119071923E-15,-1.));
#693 = ( GEOMETRIC_REPRESENTATION_CONTEXT(2) 
PARAMETRIC_REPRESENTATION_CONTEXT() REPRESENTATION_CONTEXT('2D SPACE',''
  ) );
#694 = ORIENTED_EDGE('',*,*,#695,.F.);
#695 = EDGE_CURVE('',#696,#671,#698,.T.);
#696 = VERTEX_POINT('',#697);
#697 = CARTESIAN_POINT('',(-8.992864431923,8.175581051361,-3.));
#698 = SURFACE_CURVE('',#699,(#703,#710),.PCURVE_S1.);
#699 = LINE('',#700,#701);
#700 = CARTESIAN_POINT('',(-8.992864431923,8.175581051361,-3.));
#701 = VECTOR('',#702,1.);
#702 = DIRECTION('',(0.707106781187,-0.707106781187,0.));
#703 = PCURVE('',#139,#704);
#704 = DEFINITIONAL_REPRESENTATION('',(#705),#709);
#705 = LINE('',#706,#707);
#706 = CARTESIAN_POINT('',(1.724275943121,0.));
#707 = VECTOR('',#708,1.);
#708 = DIRECTION('',(-1.,0.));
#709 = ( GEOMETRIC_REPRESENTATION_CONTEXT(2) 
PARAMETRIC_REPRESENTATION_CONTEXT() REPRESENTATION_CONTEXT('2D SPACE',''
  ) );
#710 = PCURVE('',#711,#716);
#711 = PLANE('',#712);
#712 = AXIS2_PLACEMENT_3D('',#713,#714,#715);
#713 = CARTESIAN_POINT('',(-9.80760255977,7.30760255977,-3.));
#714 = DIRECTION('',(0.,0.,-1.));
#715 = DIRECTION('',(1.,0.,0.));
#716 = DEFINITIONAL_REPRESENTATION('',(#717),#721);
#717 = LINE('',#718,#719);
#718 = CARTESIAN_POINT('',(0.814738127848,-0.867978491591));
#719 = VECTOR('',#720,1.);
#720 = DIRECTION('',(0.707106781187,0.707106781187));
#721 = ( GEOMETRIC_REPRESENTATION_CONTEXT(2) 
PARAMETRIC_REPRESENTATION_CONTEXT() REPRESENTATION_CONTEXT('2D SPACE',''
  ) );
#722 = ORIENTED_EDGE('',*,*,#723,.T.);
#723 = EDGE_CURVE('',#696,#724,#726,.T.);
#724 = VERTEX_POINT('',#725);
#725 = CARTESIAN_POINT('',(-8.992864431923,8.175581051361,-1.5));
#726 = SURFACE_CURVE('',#727,(#731,#738),.PCURVE_S1.);
#727 = LINE('',#728,#729);
#728 = CARTESIAN_POINT('',(-8.992864431923,8.175581051361,-3.));
#729 = VECTOR('',#730,1.);
#730 = DIRECTION('',(0.,0.,1.));
#731 = PCURVE('',#139,#732);
#732 = DEFINITIONAL_REPRESENTATION('',(#733),#737);
#733 = LINE('',#734,#735);
#734 = CARTESIAN_POINT('',(1.724275943121,0.));
#735 = VECTOR('',#736,1.);
#736 = DIRECTION('',(0.,1.));
#737 = ( GEOMETRIC_REPRESENTATION_CONTEXT(2) 
PARAMETRIC_REPRESENTATION_CONTEXT() REPRESENTATION_CONTEXT('2D SPACE',''
  ) );
#738 = PCURVE('',#739,#744);
#739 = CYLINDRICAL_SURFACE('',#740,0.75);
#740 = AXIS2_PLACEMENT_3D('',#741,#742,#743);
#741 = CARTESIAN_POINT('',(-9.523194517812,7.645250965472,-3.));
#742 = DIRECTION('',(0.,0.,1.));
#743 = DIRECTION('',(0.402220844067,0.915542676557,-0.));
#744 = DEFINITIONAL_REPRESENTATION('',(#745),#749);
#745 = LINE('',#746,#747);
#746 = CARTESIAN_POINT('',(-0.371456892773,0.));
#747 = VECTOR('',#748,1.);
#748 = DIRECTION('',(0.,1.));
#749 = ( GEOMETRIC_REPRESENTATION_CONTEXT(2) 
PARAMETRIC_REPRESENTATION_CONTEXT() REPRESENTATION_CONTEXT('2D SPACE',''
  ) );
#750 = ORIENTED_EDGE('',*,*,#751,.F.);
#751 = EDGE_CURVE('',#124,#724,#752,.T.);
#752 = SURFACE_CURVE('',#753,(#757,#764),.PCURVE_S1.);
#753 = LINE('',#754,#755);
#754 = CARTESIAN_POINT('',(-8.992864431923,8.175581051361,-1.5));
#755 = VECTOR('',#756,1.);
#756 = DIRECTION('',(-0.707106781187,0.707106781187,0.));
#757 = PCURVE('',#139,#758);
#758 = DEFINITIONAL_REPRESENTATION('',(#759),#763);
#759 = LINE('',#760,#761);
#760 = CARTESIAN_POINT('',(1.724275943121,1.5));
#761 = VECTOR('',#762,1.);
#762 = DIRECTION('',(1.,0.));
#763 = ( GEOMETRIC_REPRESENTATION_CONTEXT(2) 
PARAMETRIC_REPRESENTATION_CONTEXT() REPRESENTATION_CONTEXT('2D SPACE',''
  ) );
#764 = PCURVE('',#765,#770);
#765 = PLANE('',#766);
#766 = AXIS2_PLACEMENT_3D('',#767,#768,#769);
#767 = CARTESIAN_POINT('',(-9.80760255977,7.30760255977,-1.5));
#768 = DIRECTION('',(0.,0.,-1.));
#769 = DIRECTION('',(1.,0.,0.));
#770 = DEFINITIONAL_REPRESENTATION('',(#771),#775);
#771 = LINE('',#772,#773);
#772 = CARTESIAN_POINT('',(0.814738127848,-0.867978491591));
#773 = VECTOR('',#774,1.);
#774 = DIRECTION('',(-0.707106781187,-0.707106781187));
#775 = ( GEOMETRIC_REPRESENTATION_CONTEXT(2) 
PARAMETRIC_REPRESENTATION_CONTEXT() REPRESENTATION_CONTEXT('2D SPACE',''
  ) );
#776 = ADVANCED_FACE('',(#777),#166,.T.);
#777 = FACE_BOUND('',#778,.T.);
#778 = EDGE_LOOP('',(#779,#780,#781,#831,#859,#887));
#779 = ORIENTED_EDGE('',*,*,#204,.F.);
#780 = ORIENTED_EDGE('',*,*,#151,.F.);
#781 = ORIENTED_EDGE('',*,*,#782,.T.);
#782 = EDGE_CURVE('',#124,#783,#785,.T.);
#783 = VERTEX_POINT('',#784);
#784 = CARTESIAN_POINT('',(-10.35417082226,6.171454202827,-1.5));
#785 = SURFACE_CURVE('',#786,(#791,#820),.PCURVE_S1.);
#786 = ELLIPSE('',#787,2.065631648623,2.05);
#787 = AXIS2_PLACEMENT_3D('',#788,#789,#790);
#788 = CARTESIAN_POINT('',(-8.323402328325,5.823402328325,-1.5));
#789 = DIRECTION('',(0.,0.,1.));
#790 = DIRECTION('',(-0.707106781187,0.707106781187,0.));
#791 = PCURVE('',#166,#792);
#792 = DEFINITIONAL_REPRESENTATION('',(#793),#819);
#793 = B_SPLINE_CURVE_WITH_KNOTS('',3,(#794,#795,#796,#797,#798,#799,
    #800,#801,#802,#803,#804,#805,#806,#807,#808,#809,#810,#811,#812,
    #813,#814,#815,#816,#817,#818),.UNSPECIFIED.,.F.,.F.,(4,1,1,1,1,1,1,
    1,1,1,1,1,1,1,1,1,1,1,1,1,1,1,4),(5.663941341675,5.72023624763,
    5.776531153585,5.83282605954,5.889120965495,5.94541587145,
    6.001710777405,6.05800568336,6.114300589315,6.17059549527,
    6.226890401225,6.28318530718,6.339480213135,6.39577511909,
    6.452070025045,6.508364931,6.564659836955,6.62095474291,
    6.677249648865,6.73354455482,6.789839460775,6.84613436673,
    6.902429272685),.QUASI_UNIFORM_KNOTS.);
#794 = CARTESIAN_POINT('',(5.663941341675,-2.033539909006));
#795 = CARTESIAN_POINT('',(5.682706310326,-2.036302642672));
#796 = CARTESIAN_POINT('',(5.72023624763,-2.041609237548));
#797 = CARTESIAN_POINT('',(5.776531153585,-2.048889675487));
#798 = CARTESIAN_POINT('',(5.83282605954,-2.055466954291));
#799 = CARTESIAN_POINT('',(5.889120965495,-2.061320406334));
#800 = CARTESIAN_POINT('',(5.94541587145,-2.066431440415));
#801 = CARTESIAN_POINT('',(6.001710777405,-2.070783875629));
#802 = CARTESIAN_POINT('',(6.05800568336,-2.074363918955));
#803 = CARTESIAN_POINT('',(6.114300589315,-2.077160228694));
#804 = CARTESIAN_POINT('',(6.17059549527,-2.079163945121));
#805 = CARTESIAN_POINT('',(6.226890401225,-2.080368719964));
#806 = CARTESIAN_POINT('',(6.28318530718,-2.080770736143));
#807 = CARTESIAN_POINT('',(6.339480213135,-2.080368719964));
#808 = CARTESIAN_POINT('',(6.39577511909,-2.079163945121));
#809 = CARTESIAN_POINT('',(6.452070025045,-2.077160228694));
#810 = CARTESIAN_POINT('',(6.508364931,-2.074363918955));
#811 = CARTESIAN_POINT('',(6.564659836955,-2.070783875629));
#812 = CARTESIAN_POINT('',(6.62095474291,-2.066431440415));
#813 = CARTESIAN_POINT('',(6.677249648865,-2.061320406334));
#814 = CARTESIAN_POINT('',(6.73354455482,-2.055466954291));
#815 = CARTESIAN_POINT('',(6.789839460775,-2.048889675487));
#816 = CARTESIAN_POINT('',(6.84613436673,-2.041609237548));
#817 = CARTESIAN_POINT('',(6.883664304033,-2.036302642672));
#818 = CARTESIAN_POINT('',(6.902429272685,-2.033539909006));
#819 = ( GEOMETRIC_REPRESENTATION_CONTEXT(2) 
PARAMETRIC_REPRESENTATION_CONTEXT() REPRESENTATION_CONTEXT('2D SPACE',''
  ) );
#820 = PCURVE('',#765,#821);
#821 = DEFINITIONAL_REPRESENTATION('',(#822),#830);
#822 = ( BOUNDED_CURVE() B_SPLINE_CURVE(2,(#823,#824,#825,#826,#827,#828
,#829),.UNSPECIFIED.,.T.,.F.) B_SPLINE_CURVE_WITH_KNOTS((1,2,2,2,2,1),(
    -2.094395102393,0.,2.094395102393,4.188790204786,6.28318530718,
8.377580409573),.UNSPECIFIED.) CURVE() GEOMETRIC_REPRESENTATION_ITEM() 
RATIONAL_B_SPLINE_CURVE((1.,0.5,1.,0.5,1.,0.5,1.)) REPRESENTATION_ITEM(
  '') );
#823 = CARTESIAN_POINT('',(2.357808527016E-02,2.357808527016E-02));
#824 = CARTESIAN_POINT('',(-2.487148901083,2.534305071623));
#825 = CARTESIAN_POINT('',(0.959147811356,3.469874797709));
#826 = CARTESIAN_POINT('',(4.405444523795,4.405444523795));
#827 = CARTESIAN_POINT('',(3.469874797709,0.959147811356));
#828 = CARTESIAN_POINT('',(2.534305071623,-2.487148901083));
#829 = CARTESIAN_POINT('',(2.357808527016E-02,2.357808527016E-02));
#830 = ( GEOMETRIC_REPRESENTATION_CONTEXT(2) 
PARAMETRIC_REPRESENTATION_CONTEXT() REPRESENTATION_CONTEXT('2D SPACE',''
  ) );
#831 = ORIENTED_EDGE('',*,*,#832,.F.);
#832 = EDGE_CURVE('',#833,#783,#835,.T.);
#833 = VERTEX_POINT('',#834);
#834 = CARTESIAN_POINT('',(-10.35899403128,5.816794900199,
    -1.245807478295));
#835 = SURFACE_CURVE('',#836,(#841,#847),.PCURVE_S1.);
#836 = ELLIPSE('',#837,2.92124429235,2.05);
#837 = AXIS2_PLACEMENT_3D('',#838,#839,#840);
#838 = CARTESIAN_POINT('',(-8.427501618591,5.927501618591,
    -2.689860332421));
#839 = DIRECTION('',(-0.5,-0.5,-0.707106781187));
#840 = DIRECTION('',(0.370641151082,0.614393108083,-0.696524404357));
#841 = PCURVE('',#166,#842);
#842 = DEFINITIONAL_REPRESENTATION('',(#843),#846);
#843 = B_SPLINE_CURVE_WITH_KNOTS('',1,(#844,#845),.UNSPECIFIED.,.F.,.F.,
  (2,2),(4.052968647827,4.215324747446),.PIECEWISE_BEZIER_KNOTS.);
#844 = CARTESIAN_POINT('',(7.064785372304,-1.750895910468));
#845 = CARTESIAN_POINT('',(6.902429272685,-2.033539909006));
#846 = ( GEOMETRIC_REPRESENTATION_CONTEXT(2) 
PARAMETRIC_REPRESENTATION_CONTEXT() REPRESENTATION_CONTEXT('2D SPACE',''
  ) );
#847 = PCURVE('',#848,#853);
#848 = PLANE('',#849);
#849 = AXIS2_PLACEMENT_3D('',#850,#851,#852);
#850 = CARTESIAN_POINT('',(-6.560246375837,2.023976365805,-1.25));
#851 = DIRECTION('',(-0.5,-0.5,-0.707106781187));
#852 = DIRECTION('',(-0.816496580928,8.326672684689E-17,0.57735026919));
#853 = DEFINITIONAL_REPRESENTATION('',(#854),#858);
#854 = ELLIPSE('',#855,2.92124429235,2.05);
#855 = AXIS2_PLACEMENT_2D('',#856,#857);
#856 = CARTESIAN_POINT('',(0.693303770909,4.507402710969));
#857 = DIRECTION('',(-0.704765784962,0.70944005268));
#858 = ( GEOMETRIC_REPRESENTATION_CONTEXT(2) 
PARAMETRIC_REPRESENTATION_CONTEXT() REPRESENTATION_CONTEXT('2D SPACE',''
  ) );
#859 = ORIENTED_EDGE('',*,*,#860,.T.);
#860 = EDGE_CURVE('',#833,#861,#863,.T.);
#861 = VERTEX_POINT('',#862);
#862 = CARTESIAN_POINT('',(-10.20590916667,5.663710035588,0.503960530961
    ));
#863 = SURFACE_CURVE('',#864,(#868,#875),.PCURVE_S1.);
#864 = LINE('',#865,#866);
#865 = CARTESIAN_POINT('',(-10.20696970317,5.664770572082,0.491838543372
    ));
#866 = VECTOR('',#867,1.);
#867 = DIRECTION('',(8.682659386425E-02,-8.682659386425E-02,
    0.992432509139));
#868 = PCURVE('',#166,#869);
#869 = DEFINITIONAL_REPRESENTATION('',(#870),#874);
#870 = LINE('',#871,#872);
#871 = CARTESIAN_POINT('',(7.064785372304,0.));
#872 = VECTOR('',#873,1.);
#873 = DIRECTION('',(0.,1.));
#874 = ( GEOMETRIC_REPRESENTATION_CONTEXT(2) 
PARAMETRIC_REPRESENTATION_CONTEXT() REPRESENTATION_CONTEXT('2D SPACE',''
  ) );
#875 = PCURVE('',#876,#881);
#876 = PLANE('',#877);
#877 = AXIS2_PLACEMENT_3D('',#878,#879,#880);
#878 = CARTESIAN_POINT('',(-10.25,-7.75,0.));
#879 = DIRECTION('',(-0.996194698092,6.020555212185E-17,
    8.715574274766E-02));
#880 = DIRECTION('',(-6.043552755016E-17,-1.,-4.622231866529E-33));
#881 = DEFINITIONAL_REPRESENTATION('',(#882),#886);
#882 = LINE('',#883,#884);
#883 = CARTESIAN_POINT('',(-13.41477057208,0.493717286705));
#884 = VECTOR('',#885,1.);
#885 = DIRECTION('',(8.682659386425E-02,0.996223440097));
#886 = ( GEOMETRIC_REPRESENTATION_CONTEXT(2) 
PARAMETRIC_REPRESENTATION_CONTEXT() REPRESENTATION_CONTEXT('2D SPACE',''
  ) );
#887 = ORIENTED_EDGE('',*,*,#888,.F.);
#888 = EDGE_CURVE('',#205,#861,#889,.T.);
#889 = SURFACE_CURVE('',#890,(#896,#925),.PCURVE_S1.);
#890 = B_SPLINE_CURVE_WITH_KNOTS('',3,(#891,#892,#893,#894,#895),
  .UNSPECIFIED.,.F.,.F.,(4,1,4),(-0.740989609687,0.105855658527,
    0.740989609687),.QUASI_UNIFORM_KNOTS.);
#891 = CARTESIAN_POINT('',(-8.163710035588,7.705909166676,0.503960530961
    ));
#892 = CARTESIAN_POINT('',(-8.770009322322,7.705718351627,0.506141556957
    ));
#893 = CARTESIAN_POINT('',(-9.838189773694,7.196884542958,0.509284282863
    ));
#894 = CARTESIAN_POINT('',(-10.20576605538,6.118434500639,0.505596300458
    ));
#895 = CARTESIAN_POINT('',(-10.20590916667,5.663710035588,0.503960530961
    ));
#896 = PCURVE('',#166,#897);
#897 = DEFINITIONAL_REPRESENTATION('',(#898),#924);
#898 = B_SPLINE_CURVE_WITH_KNOTS('',3,(#899,#900,#901,#902,#903,#904,
    #905,#906,#907,#908,#909,#910,#911,#912,#913,#914,#915,#916,#917,
    #918,#919,#920,#921,#922,#923),.UNSPECIFIED.,.F.,.F.,(4,1,1,1,1,1,1,
    1,1,1,1,1,1,1,1,1,1,1,1,1,1,1,4),(-0.740989609687,-0.673626917897,
    -0.606264226108,-0.538901534318,-0.471538842528,-0.404176150738,
    -0.336813458949,-0.269450767159,-0.202088075369,-0.134725383579,
    -6.736269178973E-02,1.110223024625E-16,6.736269178973E-02,
    0.134725383579,0.202088075369,0.269450767159,0.336813458949,
    0.404176150738,0.471538842528,0.538901534318,0.606264226108,
    0.673626917897,0.740989609687),.UNSPECIFIED.);
#899 = CARTESIAN_POINT('',(5.501585242055,1.221442010194E-02));
#900 = CARTESIAN_POINT('',(5.525026523214,8.200412249152E-03));
#901 = CARTESIAN_POINT('',(5.571960193143,4.823414473406E-04));
#902 = CARTESIAN_POINT('',(5.642540603864,-1.013682299636E-02));
#903 = CARTESIAN_POINT('',(5.713341447942,-1.97699386166E-02));
#904 = CARTESIAN_POINT('',(5.784354447001,-2.838889840746E-02));
#905 = CARTESIAN_POINT('',(5.855548219779,-3.596559514565E-02));
#906 = CARTESIAN_POINT('',(5.926871276458,-4.247192241884E-02));
#907 = CARTESIAN_POINT('',(5.998261941004,-4.787977078822E-02));
#908 = CARTESIAN_POINT('',(6.069656959836,-5.216104210994E-02));
#909 = CARTESIAN_POINT('',(6.141000668345,-5.528759608678E-02));
#910 = CARTESIAN_POINT('',(6.212253636993,-5.723144974006E-02));
#911 = CARTESIAN_POINT('',(6.283401325343,-5.796403297029E-02));
#912 = CARTESIAN_POINT('',(6.35446002402,-5.745896684271E-02));
#913 = CARTESIAN_POINT('',(6.425489237546,-5.568169488447E-02));
#914 = CARTESIAN_POINT('',(6.496572590896,-5.263380102064E-02));
#915 = CARTESIAN_POINT('',(6.567736621209,-4.836619986572E-02));
#916 = CARTESIAN_POINT('',(6.638972420035,-4.292015829182E-02));
#917 = CARTESIAN_POINT('',(6.710241009766,-3.633952827585E-02));
#918 = CARTESIAN_POINT('',(6.781483180204,-2.866746911787E-02));
#919 = CARTESIAN_POINT('',(6.852628700988,-1.99473257205E-02));
#920 = CARTESIAN_POINT('',(6.923607244088,-1.022239325306E-02));
#921 = CARTESIAN_POINT('',(6.99435508081,4.640197845593E-04));
#922 = CARTESIAN_POINT('',(7.041342984623,8.200412249152E-03));
#923 = CARTESIAN_POINT('',(7.064785372304,1.221442010194E-02));
#924 = ( GEOMETRIC_REPRESENTATION_CONTEXT(2) 
PARAMETRIC_REPRESENTATION_CONTEXT() REPRESENTATION_CONTEXT('2D SPACE',''
  ) );
#925 = PCURVE('',#926,#947);
#926 = B_SPLINE_SURFACE_WITH_KNOTS('',3,3,(
    (#927,#928,#929,#930,#931)
    ,(#932,#933,#934,#935,#936)
    ,(#937,#938,#939,#940,#941)
    ,(#942,#943,#944,#945,#946
  )),.UNSPECIFIED.,.F.,.F.,.F.,(4,4),(4,1,4),(0.,1.),(-0.740989609687,
    -0.105855658527,0.740989609687),.UNSPECIFIED.);
#927 = CARTESIAN_POINT('',(-10.20590916667,5.663710035588,0.503960530961
    ));
#928 = CARTESIAN_POINT('',(-10.20576605538,6.118434500639,0.505596300458
    ));
#929 = CARTESIAN_POINT('',(-9.838189773694,7.196884542958,0.509284282863
    ));
#930 = CARTESIAN_POINT('',(-8.770009322322,7.705718351627,0.506141556957
    ));
#931 = CARTESIAN_POINT('',(-8.163710035588,7.705909166676,0.503960530961
    ));
#932 = CARTESIAN_POINT('',(-9.843237907364,5.648968713341,0.835973687307
    ));
#933 = CARTESIAN_POINT('',(-9.840114514001,6.026613942581,0.837064200306
    ));
#934 = CARTESIAN_POINT('',(-9.531480024822,6.915510586318,0.839522855242
    ));
#935 = CARTESIAN_POINT('',(-8.652495685661,7.339073382879,0.837427704638
    ));
#936 = CARTESIAN_POINT('',(-8.148968713341,7.343237907364,0.835973687307
    ));
#937 = CARTESIAN_POINT('',(-9.480566648052,5.634227391094,1.167986843654
    ));
#938 = CARTESIAN_POINT('',(-9.474462972612,5.934793384524,1.168532100153
    ));
#939 = CARTESIAN_POINT('',(-9.22477027595,6.634136629678,1.169761427621)
  );
#940 = CARTESIAN_POINT('',(-8.534982049001,6.972428414132,1.168713852319
    ));
#941 = CARTESIAN_POINT('',(-8.134227391094,6.980566648052,1.167986843654
    ));
#942 = CARTESIAN_POINT('',(-9.11789538874,5.619486068847,1.5));
#943 = CARTESIAN_POINT('',(-9.108811431223,5.842972826467,1.5));
#944 = CARTESIAN_POINT('',(-8.918060527078,6.352762673038,1.5));
#945 = CARTESIAN_POINT('',(-8.41746841234,6.605783445385,1.5));
#946 = CARTESIAN_POINT('',(-8.119486068847,6.61789538874,1.5));
#947 = DEFINITIONAL_REPRESENTATION('',(#948),#952);
#948 = LINE('',#949,#950);
#949 = CARTESIAN_POINT('',(-9.45063161847E-17,-1.110223024625E-16));
#950 = VECTOR('',#951,1.);
#951 = DIRECTION('',(3.829873757853E-17,-1.));
#952 = ( GEOMETRIC_REPRESENTATION_CONTEXT(2) 
PARAMETRIC_REPRESENTATION_CONTEXT() REPRESENTATION_CONTEXT('2D SPACE',''
  ) );
#953 = ADVANCED_FACE('',(#954),#245,.T.);
#954 = FACE_BOUND('',#955,.T.);
#955 = EDGE_LOOP('',(#956,#978,#979,#1000));
#956 = ORIENTED_EDGE('',*,*,#957,.F.);
#957 = EDGE_CURVE('',#228,#958,#960,.T.);
#958 = VERTEX_POINT('',#959);
#959 = CARTESIAN_POINT('',(-8.076567873623,6.618767004711,1.5));
#960 = SURFACE_CURVE('',#961,(#965,#971),.PCURVE_S1.);
#961 = LINE('',#962,#963);
#962 = CARTESIAN_POINT('',(-8.076567873623,7.705922747459,0.503805301908
    ));
#963 = VECTOR('',#964,1.);
#964 = DIRECTION('',(0.,-0.73727733681,0.675590207616));
#965 = PCURVE('',#245,#966);
#966 = DEFINITIONAL_REPRESENTATION('',(#967),#970);
#967 = B_SPLINE_CURVE_WITH_KNOTS('',1,(#968,#969),.UNSPECIFIED.,.F.,.F.,
  (2,2),(0.,1.47455467362),.PIECEWISE_BEZIER_KNOTS.);
#968 = CARTESIAN_POINT('',(1.978439287036E-16,0.781600065124));
#969 = CARTESIAN_POINT('',(1.,0.781600065124));
#970 = ( GEOMETRIC_REPRESENTATION_CONTEXT(2) 
PARAMETRIC_REPRESENTATION_CONTEXT() REPRESENTATION_CONTEXT('2D SPACE',''
  ) );
#971 = PCURVE('',#285,#972);
#972 = DEFINITIONAL_REPRESENTATION('',(#973),#977);
#973 = LINE('',#974,#975);
#974 = CARTESIAN_POINT('',(-2.951567873623,0.73727733681));
#975 = VECTOR('',#976,1.);
#976 = DIRECTION('',(-2.933595491659E-17,-1.));
#977 = ( GEOMETRIC_REPRESENTATION_CONTEXT(2) 
PARAMETRIC_REPRESENTATION_CONTEXT() REPRESENTATION_CONTEXT('2D SPACE',''
  ) );
#978 = ORIENTED_EDGE('',*,*,#227,.T.);
#979 = ORIENTED_EDGE('',*,*,#980,.F.);
#980 = EDGE_CURVE('',#981,#205,#983,.T.);
#981 = VERTEX_POINT('',#982);
#982 = CARTESIAN_POINT('',(-8.119486068847,6.61789538874,1.5));
#983 = SURFACE_CURVE('',#984,(#988,#994),.PCURVE_S1.);
#984 = LINE('',#985,#986);
#985 = CARTESIAN_POINT('',(-8.119486068847,6.61789538874,1.5));
#986 = VECTOR('',#987,1.);
#987 = DIRECTION('',(-2.9967207064E-02,0.737263899513,-0.674939929902));
#988 = PCURVE('',#245,#989);
#989 = DEFINITIONAL_REPRESENTATION('',(#990),#993);
#990 = B_SPLINE_CURVE_WITH_KNOTS('',1,(#991,#992),.UNSPECIFIED.,.F.,.F.,
  (2,2),(0.,1.475745358826),.PIECEWISE_BEZIER_KNOTS.);
#991 = CARTESIAN_POINT('',(1.,0.740989609687));
#992 = CARTESIAN_POINT('',(5.947092972689E-16,0.740989609687));
#993 = ( GEOMETRIC_REPRESENTATION_CONTEXT(2) 
PARAMETRIC_REPRESENTATION_CONTEXT() REPRESENTATION_CONTEXT('2D SPACE',''
  ) );
#994 = PCURVE('',#926,#995);
#995 = DEFINITIONAL_REPRESENTATION('',(#996),#999);
#996 = B_SPLINE_CURVE_WITH_KNOTS('',1,(#997,#998),.UNSPECIFIED.,.F.,.F.,
  (2,2),(0.,1.475745358826),.PIECEWISE_BEZIER_KNOTS.);
#997 = CARTESIAN_POINT('',(1.,0.740989609687));
#998 = CARTESIAN_POINT('',(-1.815828977001E-17,0.740989609687));
#999 = ( GEOMETRIC_REPRESENTATION_CONTEXT(2) 
PARAMETRIC_REPRESENTATION_CONTEXT() REPRESENTATION_CONTEXT('2D SPACE',''
  ) );
#1000 = ORIENTED_EDGE('',*,*,#1001,.T.);
#1001 = EDGE_CURVE('',#981,#958,#1002,.T.);
#1002 = SURFACE_CURVE('',#1003,(#1008,#1015),.PCURVE_S1.);
#1003 = B_SPLINE_CURVE_WITH_KNOTS('',3,(#1004,#1005,#1006,#1007),
  .UNSPECIFIED.,.F.,.F.,(4,4),(0.740989609687,0.781600065124),
  .PIECEWISE_BEZIER_KNOTS.);
#1004 = CARTESIAN_POINT('',(-8.119486068847,6.61789538874,1.5));
#1005 = CARTESIAN_POINT('',(-8.105196328872,6.618476216849,1.5));
#1006 = CARTESIAN_POINT('',(-8.090886341096,6.618767004711,1.5));
#1007 = CARTESIAN_POINT('',(-8.076567873623,6.618767004711,1.5));
#1008 = PCURVE('',#245,#1009);
#1009 = DEFINITIONAL_REPRESENTATION('',(#1010),#1014);
#1010 = LINE('',#1011,#1012);
#1011 = CARTESIAN_POINT('',(1.,0.));
#1012 = VECTOR('',#1013,1.);
#1013 = DIRECTION('',(0.,1.));
#1014 = ( GEOMETRIC_REPRESENTATION_CONTEXT(2) 
PARAMETRIC_REPRESENTATION_CONTEXT() REPRESENTATION_CONTEXT('2D SPACE',''
  ) );
#1015 = PCURVE('',#1016,#1021);
#1016 = PLANE('',#1017);
#1017 = AXIS2_PLACEMENT_3D('',#1018,#1019,#1020);
#1018 = CARTESIAN_POINT('',(0.,0.,1.5));
#1019 = DIRECTION('',(0.,0.,1.));
#1020 = DIRECTION('',(1.,0.,-0.));
#1021 = DEFINITIONAL_REPRESENTATION('',(#1022),#1027);
#1022 = B_SPLINE_CURVE_WITH_KNOTS('',3,(#1023,#1024,#1025,#1026),
  .UNSPECIFIED.,.F.,.F.,(4,4),(0.740989609687,0.781600065124),
  .PIECEWISE_BEZIER_KNOTS.);
#1023 = CARTESIAN_POINT('',(-8.119486068847,6.61789538874));
#1024 = CARTESIAN_POINT('',(-8.105196328872,6.618476216849));
#1025 = CARTESIAN_POINT('',(-8.090886341096,6.618767004711));
#1026 = CARTESIAN_POINT('',(-8.076567873623,6.618767004711));
#1027 = ( GEOMETRIC_REPRESENTATION_CONTEXT(2) 
PARAMETRIC_REPRESENTATION_CONTEXT() REPRESENTATION_CONTEXT('2D SPACE',''
  ) );
#1028 = ADVANCED_FACE('',(#1029),#285,.T.);
#1029 = FACE_BOUND('',#1030,.T.);
#1030 = EDGE_LOOP('',(#1031,#1053,#1054,#1055));
#1031 = ORIENTED_EDGE('',*,*,#1032,.T.);
#1032 = EDGE_CURVE('',#1033,#270,#1035,.T.);
#1033 = VERTEX_POINT('',#1034);
#1034 = CARTESIAN_POINT('',(8.076567873623,6.618767004711,1.5));
#1035 = SURFACE_CURVE('',#1036,(#1040,#1047),.PCURVE_S1.);
#1036 = LINE('',#1037,#1038);
#1037 = CARTESIAN_POINT('',(8.076567873623,6.618767004711,1.5));
#1038 = VECTOR('',#1039,1.);
#1039 = DIRECTION('',(0.,0.73727733681,-0.675590207616));
#1040 = PCURVE('',#285,#1041);
#1041 = DEFINITIONAL_REPRESENTATION('',(#1042),#1046);
#1042 = LINE('',#1043,#1044);
#1043 = CARTESIAN_POINT('',(13.201567873623,-0.73727733681));
#1044 = VECTOR('',#1045,1.);
#1045 = DIRECTION('',(2.933595491659E-17,1.));
#1046 = ( GEOMETRIC_REPRESENTATION_CONTEXT(2) 
PARAMETRIC_REPRESENTATION_CONTEXT() REPRESENTATION_CONTEXT('2D SPACE',''
  ) );
#1047 = PCURVE('',#315,#1048);
#1048 = DEFINITIONAL_REPRESENTATION('',(#1049),#1052);
#1049 = B_SPLINE_CURVE_WITH_KNOTS('',1,(#1050,#1051),.UNSPECIFIED.,.F.,
  .F.,(2,2),(0.,1.47455467362),.PIECEWISE_BEZIER_KNOTS.);
#1050 = CARTESIAN_POINT('',(1.,-0.781600065124));
#1051 = CARTESIAN_POINT('',(-8.86583379522E-17,-0.781600065124));
#1052 = ( GEOMETRIC_REPRESENTATION_CONTEXT(2) 
PARAMETRIC_REPRESENTATION_CONTEXT() REPRESENTATION_CONTEXT('2D SPACE',''
  ) );
#1053 = ORIENTED_EDGE('',*,*,#269,.T.);
#1054 = ORIENTED_EDGE('',*,*,#957,.T.);
#1055 = ORIENTED_EDGE('',*,*,#1056,.T.);
#1056 = EDGE_CURVE('',#958,#1033,#1057,.T.);
#1057 = SURFACE_CURVE('',#1058,(#1062,#1069),.PCURVE_S1.);
#1058 = LINE('',#1059,#1060);
#1059 = CARTESIAN_POINT('',(-5.125,6.618767004711,1.5));
#1060 = VECTOR('',#1061,1.);
#1061 = DIRECTION('',(1.,-4.738756812424E-17,0.));
#1062 = PCURVE('',#285,#1063);
#1063 = DEFINITIONAL_REPRESENTATION('',(#1064),#1068);
#1064 = LINE('',#1065,#1066);
#1065 = CARTESIAN_POINT('',(-2.162873471369E-17,-0.73727733681));
#1066 = VECTOR('',#1067,1.);
#1067 = DIRECTION('',(1.,-6.427373494114E-17));
#1068 = ( GEOMETRIC_REPRESENTATION_CONTEXT(2) 
PARAMETRIC_REPRESENTATION_CONTEXT() REPRESENTATION_CONTEXT('2D SPACE',''
  ) );
#1069 = PCURVE('',#1016,#1070);
#1070 = DEFINITIONAL_REPRESENTATION('',(#1071),#1075);
#1071 = LINE('',#1072,#1073);
#1072 = CARTESIAN_POINT('',(-5.125,6.618767004711));
#1073 = VECTOR('',#1074,1.);
#1074 = DIRECTION('',(1.,-4.738756812424E-17));
#1075 = ( GEOMETRIC_REPRESENTATION_CONTEXT(2) 
PARAMETRIC_REPRESENTATION_CONTEXT() REPRESENTATION_CONTEXT('2D SPACE',''
  ) );
#1076 = ADVANCED_FACE('',(#1077),#315,.T.);
#1077 = FACE_BOUND('',#1078,.T.);
#1078 = EDGE_LOOP('',(#1079,#1121,#1122,#1123));
#1079 = ORIENTED_EDGE('',*,*,#1080,.F.);
#1080 = EDGE_CURVE('',#298,#1081,#1083,.T.);
#1081 = VERTEX_POINT('',#1082);
#1082 = CARTESIAN_POINT('',(8.119486068847,6.61789538874,1.5));
#1083 = SURFACE_CURVE('',#1084,(#1088,#1094),.PCURVE_S1.);
#1084 = LINE('',#1085,#1086);
#1085 = CARTESIAN_POINT('',(8.163710035588,7.705909166676,0.503960530961
    ));
#1086 = VECTOR('',#1087,1.);
#1087 = DIRECTION('',(-2.9967207064E-02,-0.737263899513,0.674939929902)
  );
#1088 = PCURVE('',#315,#1089);
#1089 = DEFINITIONAL_REPRESENTATION('',(#1090),#1093);
#1090 = B_SPLINE_CURVE_WITH_KNOTS('',1,(#1091,#1092),.UNSPECIFIED.,.F.,
  .F.,(2,2),(0.,1.475745358826),.PIECEWISE_BEZIER_KNOTS.);
#1091 = CARTESIAN_POINT('',(-8.813835743368E-17,-0.740989609687));
#1092 = CARTESIAN_POINT('',(1.,-0.740989609687));
#1093 = ( GEOMETRIC_REPRESENTATION_CONTEXT(2) 
PARAMETRIC_REPRESENTATION_CONTEXT() REPRESENTATION_CONTEXT('2D SPACE',''
  ) );
#1094 = PCURVE('',#1095,#1116);
#1095 = B_SPLINE_SURFACE_WITH_KNOTS('',3,3,(
    (#1096,#1097,#1098,#1099,#1100)
    ,(#1101,#1102,#1103,#1104,#1105)
    ,(#1106,#1107,#1108,#1109,#1110)
    ,(#1111,#1112,#1113,#1114,#1115
    )),.UNSPECIFIED.,.F.,.F.,.F.,(4,4),(4,1,4),(0.,1.),(-0.740989609687,
    0.105855658527,0.740989609687),.UNSPECIFIED.);
#1096 = CARTESIAN_POINT('',(8.163710035588,7.705909166676,0.503960530961
    ));
#1097 = CARTESIAN_POINT('',(8.770009322322,7.705718351627,0.506141556957
    ));
#1098 = CARTESIAN_POINT('',(9.837363430297,7.196238151961,0.509266712401
    ));
#1099 = CARTESIAN_POINT('',(10.205766055389,6.118434500639,
    0.505596300458));
#1100 = CARTESIAN_POINT('',(10.205909166676,5.663710035588,
    0.503960530961));
#1101 = CARTESIAN_POINT('',(8.148968713341,7.343237907364,0.835973687307
    ));
#1102 = CARTESIAN_POINT('',(8.652495685661,7.339073382879,0.837427704638
    ));
#1103 = CARTESIAN_POINT('',(9.530835328867,6.914996364398,0.839511141601
    ));
#1104 = CARTESIAN_POINT('',(9.840114514001,6.026613942581,0.837064200306
    ));
#1105 = CARTESIAN_POINT('',(9.843237907364,5.648968713341,0.835973687307
    ));
#1106 = CARTESIAN_POINT('',(8.134227391094,6.980566648052,1.167986843654
    ));
#1107 = CARTESIAN_POINT('',(8.534982049001,6.972428414132,1.168713852319
    ));
#1108 = CARTESIAN_POINT('',(9.224307227437,6.633754576836,1.1697555708)
  );
#1109 = CARTESIAN_POINT('',(9.474462972612,5.934793384524,1.168532100153
    ));
#1110 = CARTESIAN_POINT('',(9.480566648052,5.634227391094,1.167986843654
    ));
#1111 = CARTESIAN_POINT('',(8.119486068847,6.61789538874,1.5));
#1112 = CARTESIAN_POINT('',(8.41746841234,6.605783445385,1.5));
#1113 = CARTESIAN_POINT('',(8.917779126007,6.352512789273,1.5));
#1114 = CARTESIAN_POINT('',(9.108811431223,5.842972826467,1.5));
#1115 = CARTESIAN_POINT('',(9.11789538874,5.619486068847,1.5));
#1116 = DEFINITIONAL_REPRESENTATION('',(#1117),#1120);
#1117 = B_SPLINE_CURVE_WITH_KNOTS('',1,(#1118,#1119),.UNSPECIFIED.,.F.,
  .F.,(2,2),(0.,1.475745358826),.PIECEWISE_BEZIER_KNOTS.);
#1118 = CARTESIAN_POINT('',(-1.069286069927E-16,-0.740989609687));
#1119 = CARTESIAN_POINT('',(1.,-0.740989609687));
#1120 = ( GEOMETRIC_REPRESENTATION_CONTEXT(2) 
PARAMETRIC_REPRESENTATION_CONTEXT() REPRESENTATION_CONTEXT('2D SPACE',''
  ) );
#1121 = ORIENTED_EDGE('',*,*,#297,.T.);
#1122 = ORIENTED_EDGE('',*,*,#1032,.F.);
#1123 = ORIENTED_EDGE('',*,*,#1124,.T.);
#1124 = EDGE_CURVE('',#1033,#1081,#1125,.T.);
#1125 = SURFACE_CURVE('',#1126,(#1131,#1138),.PCURVE_S1.);
#1126 = B_SPLINE_CURVE_WITH_KNOTS('',3,(#1127,#1128,#1129,#1130),
  .UNSPECIFIED.,.F.,.F.,(4,4),(-0.781600065124,-0.740989609687),
  .PIECEWISE_BEZIER_KNOTS.);
#1127 = CARTESIAN_POINT('',(8.076567873623,6.618767004711,1.5));
#1128 = CARTESIAN_POINT('',(8.090886341096,6.618767004711,1.5));
#1129 = CARTESIAN_POINT('',(8.105196328872,6.618476216849,1.5));
#1130 = CARTESIAN_POINT('',(8.119486068847,6.61789538874,1.5));
#1131 = PCURVE('',#315,#1132);
#1132 = DEFINITIONAL_REPRESENTATION('',(#1133),#1137);
#1133 = LINE('',#1134,#1135);
#1134 = CARTESIAN_POINT('',(1.,-2.6645352591E-15));
#1135 = VECTOR('',#1136,1.);
#1136 = DIRECTION('',(-5.467670887583E-15,1.));
#1137 = ( GEOMETRIC_REPRESENTATION_CONTEXT(2) 
PARAMETRIC_REPRESENTATION_CONTEXT() REPRESENTATION_CONTEXT('2D SPACE',''
  ) );
#1138 = PCURVE('',#1016,#1139);
#1139 = DEFINITIONAL_REPRESENTATION('',(#1140),#1145);
#1140 = B_SPLINE_CURVE_WITH_KNOTS('',3,(#1141,#1142,#1143,#1144),
  .UNSPECIFIED.,.F.,.F.,(4,4),(-0.781600065124,-0.740989609687),
  .PIECEWISE_BEZIER_KNOTS.);
#1141 = CARTESIAN_POINT('',(8.076567873623,6.618767004711));
#1142 = CARTESIAN_POINT('',(8.090886341096,6.618767004711));
#1143 = CARTESIAN_POINT('',(8.105196328872,6.618476216849));
#1144 = CARTESIAN_POINT('',(8.119486068847,6.61789538874));
#1145 = ( GEOMETRIC_REPRESENTATION_CONTEXT(2) 
PARAMETRIC_REPRESENTATION_CONTEXT() REPRESENTATION_CONTEXT('2D SPACE',''
  ) );
#1146 = ADVANCED_FACE('',(#1147),#355,.T.);
#1147 = FACE_BOUND('',#1148,.T.);
#1148 = EDGE_LOOP('',(#1149,#1172,#1173,#1220,#1248,#1276));
#1149 = ORIENTED_EDGE('',*,*,#1150,.F.);
#1150 = EDGE_CURVE('',#340,#1151,#1153,.T.);
#1151 = VERTEX_POINT('',#1152);
#1152 = CARTESIAN_POINT('',(8.671454202827,7.854170822266,-1.5));
#1153 = SURFACE_CURVE('',#1154,(#1159,#1165),.PCURVE_S1.);
#1154 = ELLIPSE('',#1155,2.92124429235,2.05);
#1155 = AXIS2_PLACEMENT_3D('',#1156,#1157,#1158);
#1156 = CARTESIAN_POINT('',(8.427501618591,5.927501618591,
    -2.689860332421));
#1157 = DIRECTION('',(-0.5,0.5,-0.707106781187));
#1158 = DIRECTION('',(0.614393108083,-0.370641151082,-0.696524404357));
#1159 = PCURVE('',#355,#1160);
#1160 = DEFINITIONAL_REPRESENTATION('',(#1161),#1164);
#1161 = B_SPLINE_CURVE_WITH_KNOTS('',1,(#1162,#1163),.UNSPECIFIED.,.F.,
  .F.,(2,2),(4.052968647827,4.215324747446),.PIECEWISE_BEZIER_KNOTS.);
#1162 = CARTESIAN_POINT('',(-0.781600065124,1.967962395128));
#1163 = CARTESIAN_POINT('',(-0.619243965505,2.250606393667));
#1164 = ( GEOMETRIC_REPRESENTATION_CONTEXT(2) 
PARAMETRIC_REPRESENTATION_CONTEXT() REPRESENTATION_CONTEXT('2D SPACE',''
  ) );
#1165 = PCURVE('',#381,#1166);
#1166 = DEFINITIONAL_REPRESENTATION('',(#1167),#1171);
#1167 = ELLIPSE('',#1168,2.92124429235,2.05);
#1168 = AXIS2_PLACEMENT_2D('',#1169,#1170);
#1169 = CARTESIAN_POINT('',(-4.018518772983,2.156120634099));
#1170 = DIRECTION('',(-0.903788424448,-0.4279795367));
#1171 = ( GEOMETRIC_REPRESENTATION_CONTEXT(2) 
PARAMETRIC_REPRESENTATION_CONTEXT() REPRESENTATION_CONTEXT('2D SPACE',''
  ) );
#1172 = ORIENTED_EDGE('',*,*,#339,.T.);
#1173 = ORIENTED_EDGE('',*,*,#1174,.F.);
#1174 = EDGE_CURVE('',#1175,#298,#1177,.T.);
#1175 = VERTEX_POINT('',#1176);
#1176 = CARTESIAN_POINT('',(10.205909166676,5.663710035588,
    0.503960530961));
#1177 = SURFACE_CURVE('',#1178,(#1184,#1213),.PCURVE_S1.);
#1178 = B_SPLINE_CURVE_WITH_KNOTS('',3,(#1179,#1180,#1181,#1182,#1183),
  .UNSPECIFIED.,.F.,.F.,(4,1,4),(-0.740989609687,-0.105855658527,
    0.740989609687),.UNSPECIFIED.);
#1179 = CARTESIAN_POINT('',(10.205909166676,5.663710035588,
    0.503960530961));
#1180 = CARTESIAN_POINT('',(10.205766055389,6.118434500639,
    0.505596300458));
#1181 = CARTESIAN_POINT('',(9.837363430297,7.196238151961,0.509266712401
    ));
#1182 = CARTESIAN_POINT('',(8.770009322322,7.705718351627,0.506141556957
    ));
#1183 = CARTESIAN_POINT('',(8.163710035588,7.705909166676,0.503960530961
    ));
#1184 = PCURVE('',#355,#1185);
#1185 = DEFINITIONAL_REPRESENTATION('',(#1186),#1212);
#1186 = B_SPLINE_CURVE_WITH_KNOTS('',3,(#1187,#1188,#1189,#1190,#1191,
    #1192,#1193,#1194,#1195,#1196,#1197,#1198,#1199,#1200,#1201,#1202,
    #1203,#1204,#1205,#1206,#1207,#1208,#1209,#1210,#1211),
  .UNSPECIFIED.,.F.,.F.,(4,1,1,1,1,1,1,1,1,1,1,1,1,1,1,1,1,1,1,1,1,1,4),
  (-0.740989609687,-0.673626917897,-0.606264226108,-0.538901534318,
    -0.471538842528,-0.404176150738,-0.336813458949,-0.269450767159,
    -0.202088075369,-0.134725383579,-6.736269178973E-02,
    -4.440892098501E-16,6.736269178973E-02,0.134725383579,0.202088075369
    ,0.269450767159,0.336813458949,0.404176150738,0.471538842528,
    0.538901534318,0.606264226108,0.673626917897,0.740989609687),
  .UNSPECIFIED.);
#1187 = CARTESIAN_POINT('',(0.781600065124,0.204852064559));
#1188 = CARTESIAN_POINT('',(0.758157719485,0.208866072411));
#1189 = CARTESIAN_POINT('',(0.711172749644,0.216601400075));
#1190 = CARTESIAN_POINT('',(0.64043438176,0.227283650713));
#1191 = CARTESIAN_POINT('',(0.569466668929,0.237002484771));
#1192 = CARTESIAN_POINT('',(0.498330419698,0.245715222991));
#1193 = CARTESIAN_POINT('',(0.427093696639,0.253379199251));
#1194 = CARTESIAN_POINT('',(0.35582527233,0.259951698419));
#1195 = CARTESIAN_POINT('',(0.284583748785,0.265390188267));
#1196 = CARTESIAN_POINT('',(0.213408381384,0.269651453957));
#1197 = CARTESIAN_POINT('',(0.142309225538,0.272694828193));
#1198 = CARTESIAN_POINT('',(7.126178711734E-02,0.274470136115));
#1199 = CARTESIAN_POINT('',(1.851083449438E-04,0.274975816811));
#1200 = CARTESIAN_POINT('',(-7.097815436456E-02,0.274245924672));
#1201 = CARTESIAN_POINT('',(-0.142242680367,0.272306455366));
#1202 = CARTESIAN_POINT('',(-0.213592892857,0.269185563891));
#1203 = CARTESIAN_POINT('',(-0.284988920889,0.264910826652));
#1204 = CARTESIAN_POINT('',(-0.356375256763,0.259509975089));
#1205 = CARTESIAN_POINT('',(-0.42768938463,0.253010699099));
#1206 = CARTESIAN_POINT('',(-0.498870907345,0.245440699712));
#1207 = CARTESIAN_POINT('',(-0.569870092827,0.236827674974));
#1208 = CARTESIAN_POINT('',(-0.640657725998,0.22719932373));
#1209 = CARTESIAN_POINT('',(-0.711227996628,0.216583344613));
#1210 = CARTESIAN_POINT('',(-0.758158798259,0.208866072411));
#1211 = CARTESIAN_POINT('',(-0.781600065124,0.204852064559));
#1212 = ( GEOMETRIC_REPRESENTATION_CONTEXT(2) 
PARAMETRIC_REPRESENTATION_CONTEXT() REPRESENTATION_CONTEXT('2D SPACE',''
  ) );
#1213 = PCURVE('',#1095,#1214);
#1214 = DEFINITIONAL_REPRESENTATION('',(#1215),#1219);
#1215 = LINE('',#1216,#1217);
#1216 = CARTESIAN_POINT('',(-1.446441757399E-15,2.22044604925E-16));
#1217 = VECTOR('',#1218,1.);
#1218 = DIRECTION('',(1.807735402621E-15,-1.));
#1219 = ( GEOMETRIC_REPRESENTATION_CONTEXT(2) 
PARAMETRIC_REPRESENTATION_CONTEXT() REPRESENTATION_CONTEXT('2D SPACE',''
  ) );
#1220 = ORIENTED_EDGE('',*,*,#1221,.T.);
#1221 = EDGE_CURVE('',#1175,#1222,#1224,.T.);
#1222 = VERTEX_POINT('',#1223);
#1223 = CARTESIAN_POINT('',(10.358994031287,5.816794900199,
    -1.245807478295));
#1224 = SURFACE_CURVE('',#1225,(#1229,#1236),.PCURVE_S1.);
#1225 = LINE('',#1226,#1227);
#1226 = CARTESIAN_POINT('',(10.188122559665,5.645923428577,
    0.707262379393));
#1227 = VECTOR('',#1228,1.);
#1228 = DIRECTION('',(8.682659386425E-02,8.682659386425E-02,
    -0.992432509139));
#1229 = PCURVE('',#355,#1230);
#1230 = DEFINITIONAL_REPRESENTATION('',(#1231),#1235);
#1231 = LINE('',#1232,#1233);
#1232 = CARTESIAN_POINT('',(0.781600065124,1.443289932013E-15));
#1233 = VECTOR('',#1234,1.);
#1234 = DIRECTION('',(3.778174304951E-16,1.));
#1235 = ( GEOMETRIC_REPRESENTATION_CONTEXT(2) 
PARAMETRIC_REPRESENTATION_CONTEXT() REPRESENTATION_CONTEXT('2D SPACE',''
  ) );
#1236 = PCURVE('',#1237,#1242);
#1237 = PLANE('',#1238);
#1238 = AXIS2_PLACEMENT_3D('',#1239,#1240,#1241);
#1239 = CARTESIAN_POINT('',(10.25,7.75,0.));
#1240 = DIRECTION('',(0.996194698092,0.,8.715574274766E-02));
#1241 = DIRECTION('',(-0.,1.,0.));
#1242 = DEFINITIONAL_REPRESENTATION('',(#1243),#1247);
#1243 = LINE('',#1244,#1245);
#1244 = CARTESIAN_POINT('',(-2.104076571423,0.709964006783));
#1245 = VECTOR('',#1246,1.);
#1246 = DIRECTION('',(8.682659386425E-02,-0.996223440097));
#1247 = ( GEOMETRIC_REPRESENTATION_CONTEXT(2) 
PARAMETRIC_REPRESENTATION_CONTEXT() REPRESENTATION_CONTEXT('2D SPACE',''
  ) );
#1248 = ORIENTED_EDGE('',*,*,#1249,.F.);
#1249 = EDGE_CURVE('',#1250,#1222,#1252,.T.);
#1250 = VERTEX_POINT('',#1251);
#1251 = CARTESIAN_POINT('',(10.354170822266,6.171454202827,-1.5));
#1252 = SURFACE_CURVE('',#1253,(#1258,#1264),.PCURVE_S1.);
#1253 = ELLIPSE('',#1254,2.92124429235,2.05);
#1254 = AXIS2_PLACEMENT_3D('',#1255,#1256,#1257);
#1255 = CARTESIAN_POINT('',(8.427501618591,5.927501618591,-2.68986033242
    ));
#1256 = DIRECTION('',(0.5,-0.5,-0.707106781187));
#1257 = DIRECTION('',(-0.370641151082,0.614393108083,-0.696524404357));
#1258 = PCURVE('',#355,#1259);
#1259 = DEFINITIONAL_REPRESENTATION('',(#1260),#1263);
#1260 = B_SPLINE_CURVE_WITH_KNOTS('',1,(#1261,#1262),.UNSPECIFIED.,.F.,
  .F.,(2,2),(2.067860559733,2.230216659353),.PIECEWISE_BEZIER_KNOTS.);
#1261 = CARTESIAN_POINT('',(0.619243965505,2.250606393667));
#1262 = CARTESIAN_POINT('',(0.781600065124,1.967962395128));
#1263 = ( GEOMETRIC_REPRESENTATION_CONTEXT(2) 
PARAMETRIC_REPRESENTATION_CONTEXT() REPRESENTATION_CONTEXT('2D SPACE',''
  ) );
#1264 = PCURVE('',#1265,#1270);
#1265 = PLANE('',#1266);
#1266 = AXIS2_PLACEMENT_3D('',#1267,#1268,#1269);
#1267 = CARTESIAN_POINT('',(5.950622769828,1.414352759796,-1.25));
#1268 = DIRECTION('',(0.5,-0.5,-0.707106781187));
#1269 = DIRECTION('',(-0.816496580928,-1.387778780781E-16,-0.57735026919
    ));
#1270 = DEFINITIONAL_REPRESENTATION('',(#1271),#1275);
#1271 = ELLIPSE('',#1272,2.92124429235,2.05);
#1272 = AXIS2_PLACEMENT_2D('',#1273,#1274);
#1273 = CARTESIAN_POINT('',(-1.191059360869,5.211335417036));
#1274 = DIRECTION('',(0.704765784962,0.70944005268));
#1275 = ( GEOMETRIC_REPRESENTATION_CONTEXT(2) 
PARAMETRIC_REPRESENTATION_CONTEXT() REPRESENTATION_CONTEXT('2D SPACE',''
  ) );
#1276 = ORIENTED_EDGE('',*,*,#1277,.T.);
#1277 = EDGE_CURVE('',#1250,#1151,#1278,.T.);
#1278 = SURFACE_CURVE('',#1279,(#1284,#1313),.PCURVE_S1.);
#1279 = ELLIPSE('',#1280,2.065631648623,2.05);
#1280 = AXIS2_PLACEMENT_3D('',#1281,#1282,#1283);
#1281 = CARTESIAN_POINT('',(8.323402328325,5.823402328325,-1.5));
#1282 = DIRECTION('',(0.,0.,1.));
#1283 = DIRECTION('',(0.707106781187,0.707106781187,-0.));
#1284 = PCURVE('',#355,#1285);
#1285 = DEFINITIONAL_REPRESENTATION('',(#1286),#1312);
#1286 = B_SPLINE_CURVE_WITH_KNOTS('',3,(#1287,#1288,#1289,#1290,#1291,
    #1292,#1293,#1294,#1295,#1296,#1297,#1298,#1299,#1300,#1301,#1302,
    #1303,#1304,#1305,#1306,#1307,#1308,#1309,#1310,#1311),
  .UNSPECIFIED.,.F.,.F.,(4,1,1,1,1,1,1,1,1,1,1,1,1,1,1,1,1,1,1,1,1,1,4),
  (5.663941341675,5.72023624763,5.776531153585,5.83282605954,
    5.889120965495,5.94541587145,6.001710777405,6.05800568336,
    6.114300589315,6.17059549527,6.226890401225,6.28318530718,
    6.339480213135,6.39577511909,6.452070025045,6.508364931,
    6.564659836955,6.62095474291,6.677249648865,6.73354455482,
    6.789839460774,6.846134366729,6.902429272684),
  .QUASI_UNIFORM_KNOTS.);
#1287 = CARTESIAN_POINT('',(0.619243965505,2.250606393667));
#1288 = CARTESIAN_POINT('',(0.600478996853,2.253369127333));
#1289 = CARTESIAN_POINT('',(0.56294905955,2.258675722208));
#1290 = CARTESIAN_POINT('',(0.506654153595,2.265956160147));
#1291 = CARTESIAN_POINT('',(0.45035924764,2.272533438952));
#1292 = CARTESIAN_POINT('',(0.394064341685,2.278386890995));
#1293 = CARTESIAN_POINT('',(0.33776943573,2.283497925076));
#1294 = CARTESIAN_POINT('',(0.281474529775,2.28785036029));
#1295 = CARTESIAN_POINT('',(0.22517962382,2.291430403615));
#1296 = CARTESIAN_POINT('',(0.168884717865,2.294226713355));
#1297 = CARTESIAN_POINT('',(0.11258981191,2.296230429781));
#1298 = CARTESIAN_POINT('',(5.629490595501E-02,2.297435204624));
#1299 = CARTESIAN_POINT('',(1.381066512109E-14,2.297837220803));
#1300 = CARTESIAN_POINT('',(-5.629490595497E-02,2.297435204624));
#1301 = CARTESIAN_POINT('',(-0.11258981191,2.296230429781));
#1302 = CARTESIAN_POINT('',(-0.168884717865,2.294226713355));
#1303 = CARTESIAN_POINT('',(-0.22517962382,2.291430403615));
#1304 = CARTESIAN_POINT('',(-0.281474529775,2.28785036029));
#1305 = CARTESIAN_POINT('',(-0.33776943573,2.283497925076));
#1306 = CARTESIAN_POINT('',(-0.394064341685,2.278386890995));
#1307 = CARTESIAN_POINT('',(-0.45035924764,2.272533438952));
#1308 = CARTESIAN_POINT('',(-0.506654153595,2.265956160147));
#1309 = CARTESIAN_POINT('',(-0.56294905955,2.258675722208));
#1310 = CARTESIAN_POINT('',(-0.600478996853,2.253369127333));
#1311 = CARTESIAN_POINT('',(-0.619243965505,2.250606393667));
#1312 = ( GEOMETRIC_REPRESENTATION_CONTEXT(2) 
PARAMETRIC_REPRESENTATION_CONTEXT() REPRESENTATION_CONTEXT('2D SPACE',''
  ) );
#1313 = PCURVE('',#1314,#1319);
#1314 = PLANE('',#1315);
#1315 = AXIS2_PLACEMENT_3D('',#1316,#1317,#1318);
#1316 = CARTESIAN_POINT('',(9.80760255977,7.30760255977,-1.5));
#1317 = DIRECTION('',(0.,0.,-1.));
#1318 = DIRECTION('',(1.,0.,0.));
#1319 = DEFINITIONAL_REPRESENTATION('',(#1320),#1328);
#1320 = ( BOUNDED_CURVE() B_SPLINE_CURVE(2,(#1321,#1322,#1323,#1324,
#1325,#1326,#1327),.UNSPECIFIED.,.T.,.F.) B_SPLINE_CURVE_WITH_KNOTS((1,2
    ,2,2,2,1),(-2.094395102393,0.,2.094395102393,4.188790204786,
6.28318530718,8.377580409573),.UNSPECIFIED.) CURVE() 
GEOMETRIC_REPRESENTATION_ITEM() RATIONAL_B_SPLINE_CURVE((1.,0.5,1.,0.5,
1.,0.5,1.)) REPRESENTATION_ITEM('') );
#1321 = CARTESIAN_POINT('',(-2.357808527018E-02,2.357808527016E-02));
#1322 = CARTESIAN_POINT('',(-2.534305071623,-2.487148901083));
#1323 = CARTESIAN_POINT('',(-3.469874797709,0.959147811356));
#1324 = CARTESIAN_POINT('',(-4.405444523795,4.405444523795));
#1325 = CARTESIAN_POINT('',(-0.959147811356,3.469874797709));
#1326 = CARTESIAN_POINT('',(2.487148901083,2.534305071623));
#1327 = CARTESIAN_POINT('',(-2.357808527018E-02,2.357808527016E-02));
#1328 = ( GEOMETRIC_REPRESENTATION_CONTEXT(2) 
PARAMETRIC_REPRESENTATION_CONTEXT() REPRESENTATION_CONTEXT('2D SPACE',''
  ) );
#1329 = ADVANCED_FACE('',(#1330),#381,.T.);
#1330 = FACE_BOUND('',#1331,.T.);
#1331 = EDGE_LOOP('',(#1332,#1333,#1361,#1381,#1382));
#1332 = ORIENTED_EDGE('',*,*,#1150,.T.);
#1333 = ORIENTED_EDGE('',*,*,#1334,.T.);
#1334 = EDGE_CURVE('',#1151,#1335,#1337,.T.);
#1335 = VERTEX_POINT('',#1336);
#1336 = CARTESIAN_POINT('',(8.2088676749,7.391584294339,-1.499999999784)
  );
#1337 = SURFACE_CURVE('',#1338,(#1342,#1349),.PCURVE_S1.);
#1338 = LINE('',#1339,#1340);
#1339 = CARTESIAN_POINT('',(4.700753061102,3.88346968054,-1.5));
#1340 = VECTOR('',#1341,1.);
#1341 = DIRECTION('',(-0.707106781187,-0.707106781187,0.));
#1342 = PCURVE('',#381,#1343);
#1343 = DEFINITIONAL_REPRESENTATION('',(#1344),#1348);
#1344 = LINE('',#1345,#1346);
#1345 = CARTESIAN_POINT('',(-0.288675134595,-0.204124145232));
#1346 = VECTOR('',#1347,1.);
#1347 = DIRECTION('',(0.57735026919,-0.816496580928));
#1348 = ( GEOMETRIC_REPRESENTATION_CONTEXT(2) 
PARAMETRIC_REPRESENTATION_CONTEXT() REPRESENTATION_CONTEXT('2D SPACE',''
  ) );
#1349 = PCURVE('',#1350,#1355);
#1350 = PLANE('',#1351);
#1351 = AXIS2_PLACEMENT_3D('',#1352,#1353,#1354);
#1352 = CARTESIAN_POINT('',(8.992864431923,8.175581051361,-3.));
#1353 = DIRECTION('',(-0.707106781187,0.707106781187,0.));
#1354 = DIRECTION('',(-0.707106781187,-0.707106781187,0.));
#1355 = DEFINITIONAL_REPRESENTATION('',(#1356),#1360);
#1356 = LINE('',#1357,#1358);
#1357 = CARTESIAN_POINT('',(6.069962111831,1.5));
#1358 = VECTOR('',#1359,1.);
#1359 = DIRECTION('',(1.,0.));
#1360 = ( GEOMETRIC_REPRESENTATION_CONTEXT(2) 
PARAMETRIC_REPRESENTATION_CONTEXT() REPRESENTATION_CONTEXT('2D SPACE',''
  ) );
#1361 = ORIENTED_EDGE('',*,*,#1362,.T.);
#1362 = EDGE_CURVE('',#1335,#399,#1363,.T.);
#1363 = SURFACE_CURVE('',#1364,(#1368,#1375),.PCURVE_S1.);
#1364 = LINE('',#1365,#1366);
#1365 = CARTESIAN_POINT('',(8.2088676749,7.391584294339,-1.499999999784)
  );
#1366 = VECTOR('',#1367,1.);
#1367 = DIRECTION('',(-0.500000000108,0.500000000108,0.707106781034));
#1368 = PCURVE('',#381,#1369);
#1369 = DEFINITIONAL_REPRESENTATION('',(#1370),#1374);
#1370 = LINE('',#1371,#1372);
#1371 = CARTESIAN_POINT('',(-3.153038722139,3.846697688105));
#1372 = VECTOR('',#1373,1.);
#1373 = DIRECTION('',(0.816496580928,0.57735026919));
#1374 = ( GEOMETRIC_REPRESENTATION_CONTEXT(2) 
PARAMETRIC_REPRESENTATION_CONTEXT() REPRESENTATION_CONTEXT('2D SPACE',''
  ) );
#1375 = PCURVE('',#439,#1376);
#1376 = DEFINITIONAL_REPRESENTATION('',(#1377),#1380);
#1377 = B_SPLINE_CURVE_WITH_KNOTS('',1,(#1378,#1379),.UNSPECIFIED.,.F.,
  .F.,(2,2),(0.,0.707106781034),.PIECEWISE_BEZIER_KNOTS.);
#1378 = CARTESIAN_POINT('',(2.157400251411E-10,0.496122326519));
#1379 = CARTESIAN_POINT('',(1.,0.496122326519));
#1380 = ( GEOMETRIC_REPRESENTATION_CONTEXT(2) 
PARAMETRIC_REPRESENTATION_CONTEXT() REPRESENTATION_CONTEXT('2D SPACE',''
  ) );
#1381 = ORIENTED_EDGE('',*,*,#398,.T.);
#1382 = ORIENTED_EDGE('',*,*,#367,.T.);
#1383 = ADVANCED_FACE('',(#1384),#439,.T.);
#1384 = FACE_BOUND('',#1385,.T.);
#1385 = EDGE_LOOP('',(#1386,#1387,#1431,#1450));
#1386 = ORIENTED_EDGE('',*,*,#1362,.F.);
#1387 = ORIENTED_EDGE('',*,*,#1388,.T.);
#1388 = EDGE_CURVE('',#1335,#1389,#1391,.T.);
#1389 = VERTEX_POINT('',#1390);
#1390 = CARTESIAN_POINT('',(8.178464566265,7.359824823883,-1.49999908014
    ));
#1391 = SURFACE_CURVE('',#1392,(#1397,#1404),.PCURVE_S1.);
#1392 = B_SPLINE_CURVE_WITH_KNOTS('',3,(#1393,#1394,#1395,#1396),
  .UNSPECIFIED.,.F.,.F.,(4,4),(-0.496122326519,-0.491726768398),
  .PIECEWISE_BEZIER_KNOTS.);
#1393 = CARTESIAN_POINT('',(8.2088676749,7.391584294339,-1.5));
#1394 = CARTESIAN_POINT('',(8.198507245052,7.38122386449,-1.5));
#1395 = CARTESIAN_POINT('',(8.188372660981,7.370637588863,
    -1.500000307203));
#1396 = CARTESIAN_POINT('',(8.178464566265,7.359824823883,-1.49999908014
    ));
#1397 = PCURVE('',#439,#1398);
#1398 = DEFINITIONAL_REPRESENTATION('',(#1399),#1403);
#1399 = LINE('',#1400,#1401);
#1400 = CARTESIAN_POINT('',(4.491150919191E-13,5.551115123126E-17));
#1401 = VECTOR('',#1402,1.);
#1402 = DIRECTION('',(9.072518654917E-13,-1.));
#1403 = ( GEOMETRIC_REPRESENTATION_CONTEXT(2) 
PARAMETRIC_REPRESENTATION_CONTEXT() REPRESENTATION_CONTEXT('2D SPACE',''
  ) );
#1404 = PCURVE('',#1405,#1426);
#1405 = B_SPLINE_SURFACE_WITH_KNOTS('',3,3,(
    (#1406,#1407,#1408,#1409)
    ,(#1410,#1411,#1412,#1413)
    ,(#1414,#1415,#1416,#1417)
    ,(#1418,#1419,#1420,#1421)
    ,(#1422,#1423,#1424,#1425
  )),.UNSPECIFIED.,.F.,.F.,.F.,(4,1,4),(4,4),(0.,0.571428571429,1.),(
    0.11459224528,0.401542485533),.UNSPECIFIED.);
#1406 = CARTESIAN_POINT('',(8.124436477852,7.307153097291,
    -0.141525632463));
#1407 = CARTESIAN_POINT('',(8.183640123764,7.366356743203,
    -1.094354913388));
#1408 = CARTESIAN_POINT('',(8.24287478673,7.425591406169,-2.047180340515
    ));
#1409 = CARTESIAN_POINT('',(8.302155806015,7.484872425454,-3.));
#1410 = CARTESIAN_POINT('',(7.926164780666,7.108881400105,
    -0.166164689196));
#1411 = CARTESIAN_POINT('',(7.985908108574,7.168588959666,
    -1.118938006506));
#1412 = CARTESIAN_POINT('',(8.045657708989,7.228419729919,
    -2.071704702952));
#1413 = CARTESIAN_POINT('',(8.105640168987,7.288356788426,
    -3.024452995176));
#1414 = CARTESIAN_POINT('',(7.738064417507,6.608746237103,
    -0.208927913638));
#1415 = CARTESIAN_POINT('',(7.797782059063,6.6701757824,-1.161611146618)
  );
#1416 = CARTESIAN_POINT('',(7.857629005587,6.731898317575,
    -2.114272366423));
#1417 = CARTESIAN_POINT('',(7.917592841208,6.794066293426,
    -3.066905605414));
#1418 = CARTESIAN_POINT('',(7.929691202368,6.126833739116,
    -0.226964694116));
#1419 = CARTESIAN_POINT('',(7.987425112324,6.189080360456,
    -1.179726929853));
#1420 = CARTESIAN_POINT('',(8.045023369811,6.251702165581,
    -2.132479624401));
#1421 = CARTESIAN_POINT('',(8.102436617026,6.314961831355,
    -3.085213449131));
#1422 = CARTESIAN_POINT('',(8.064508234228,5.964388273427,
    -0.228681375211));
#1423 = CARTESIAN_POINT('',(8.121274221577,6.026533390021,
    -1.181510656136));
#1424 = CARTESIAN_POINT('',(8.177792273231,6.089078328235,
    -2.134336083263));
#1425 = CARTESIAN_POINT('',(8.233951499393,6.152228600099,
    -3.087155742748));
#1426 = DEFINITIONAL_REPRESENTATION('',(#1427),#1430);
#1427 = B_SPLINE_CURVE_WITH_KNOTS('',1,(#1428,#1429),.UNSPECIFIED.,.F.,
  .F.,(2,2),(-0.496122326519,-0.491726768398),.PIECEWISE_BEZIER_KNOTS.);
#1428 = CARTESIAN_POINT('',(-1.214835516286E-07,0.250963424838));
#1429 = CARTESIAN_POINT('',(2.976564185579E-02,0.250578357852));
#1430 = ( GEOMETRIC_REPRESENTATION_CONTEXT(2) 
PARAMETRIC_REPRESENTATION_CONTEXT() REPRESENTATION_CONTEXT('2D SPACE',''
  ) );
#1431 = ORIENTED_EDGE('',*,*,#1432,.F.);
#1432 = EDGE_CURVE('',#422,#1389,#1433,.T.);
#1433 = SURFACE_CURVE('',#1434,(#1438,#1444),.PCURVE_S1.);
#1434 = LINE('',#1435,#1436);
#1435 = CARTESIAN_POINT('',(7.824232994761,7.714056395387,-1.));
#1436 = VECTOR('',#1437,1.);
#1437 = DIRECTION('',(0.500479316576,-0.500479316576,-0.706428274745));
#1438 = PCURVE('',#439,#1439);
#1439 = DEFINITIONAL_REPRESENTATION('',(#1440),#1443);
#1440 = B_SPLINE_CURVE_WITH_KNOTS('',1,(#1441,#1442),.UNSPECIFIED.,.F.,
  .F.,(2,2),(0.,0.707784637189),.PIECEWISE_BEZIER_KNOTS.);
#1441 = CARTESIAN_POINT('',(1.,0.491726768398));
#1442 = CARTESIAN_POINT('',(1.537442674242E-15,0.491726768398));
#1443 = ( GEOMETRIC_REPRESENTATION_CONTEXT(2) 
PARAMETRIC_REPRESENTATION_CONTEXT() REPRESENTATION_CONTEXT('2D SPACE',''
  ) );
#1444 = PCURVE('',#481,#1445);
#1445 = DEFINITIONAL_REPRESENTATION('',(#1446),#1449);
#1446 = B_SPLINE_CURVE_WITH_KNOTS('',1,(#1447,#1448),.UNSPECIFIED.,.F.,
  .F.,(2,2),(0.,0.707784637189),.PIECEWISE_BEZIER_KNOTS.);
#1447 = CARTESIAN_POINT('',(1.,-3.834645170148E-16));
#1448 = CARTESIAN_POINT('',(6.49797767286E-15,3.77632758845E-16));
#1449 = ( GEOMETRIC_REPRESENTATION_CONTEXT(2) 
PARAMETRIC_REPRESENTATION_CONTEXT() REPRESENTATION_CONTEXT('2D SPACE',''
  ) );
#1450 = ORIENTED_EDGE('',*,*,#421,.T.);
#1451 = ADVANCED_FACE('',(#1452),#481,.T.);
#1452 = FACE_BOUND('',#1453,.T.);
#1453 = EDGE_LOOP('',(#1454,#1513,#1514,#1515));
#1454 = ORIENTED_EDGE('',*,*,#1455,.T.);
#1455 = EDGE_CURVE('',#1456,#464,#1458,.T.);
#1456 = VERTEX_POINT('',#1457);
#1457 = CARTESIAN_POINT('',(7.961610554791,6.375371646214,
    -1.498495886797));
#1458 = SURFACE_CURVE('',#1459,(#1470,#1499),.PCURVE_S1.);
#1459 = B_SPLINE_CURVE_WITH_KNOTS('',3,(#1460,#1461,#1462,#1463,#1464,
    #1465,#1466,#1467,#1468,#1469),.UNSPECIFIED.,.F.,.F.,(4,3,3,4),(0.,
    2.726973235869E-02,3.640545727983E-02,7.334147297552E-02),
  .UNSPECIFIED.);
#1460 = CARTESIAN_POINT('',(7.961610554822,6.37537164612,-1.498495886797
    ));
#1461 = CARTESIAN_POINT('',(7.894274124148,6.370049824178,
    -1.437667183658));
#1462 = CARTESIAN_POINT('',(7.824934455286,6.364539523895,
    -1.374553415708));
#1463 = CARTESIAN_POINT('',(7.757047962321,6.359111305548,
    -1.312484777687));
#1464 = CARTESIAN_POINT('',(7.734305079574,6.35729277983,-1.291690954128
    ));
#1465 = CARTESIAN_POINT('',(7.711725167856,6.355483444483,
    -1.271014439291));
#1466 = CARTESIAN_POINT('',(7.689437577634,6.353696211803,
    -1.250580463377));
#1467 = CARTESIAN_POINT('',(7.599328167667,6.34647037533,-1.167965272835
    ));
#1468 = CARTESIAN_POINT('',(7.506819479219,6.33900741146,-1.082727192409
    ));
#1469 = CARTESIAN_POINT('',(7.417281916502,6.331756036158,-1.));
#1470 = PCURVE('',#481,#1471);
#1471 = DEFINITIONAL_REPRESENTATION('',(#1472),#1498);
#1472 = B_SPLINE_CURVE_WITH_KNOTS('',3,(#1473,#1474,#1475,#1476,#1477,
    #1478,#1479,#1480,#1481,#1482,#1483,#1484,#1485,#1486,#1487,#1488,
    #1489,#1490,#1491,#1492,#1493,#1494,#1495,#1496,#1497),
  .UNSPECIFIED.,.F.,.F.,(4,1,1,1,1,1,1,1,1,1,1,1,1,1,1,1,1,1,1,1,1,1,4),
  (0.,3.333703317069E-03,6.667406634138E-03,1.000110995121E-02,
    1.333481326828E-02,1.666851658534E-02,2.000221990241E-02,
    2.333592321948E-02,2.666962653655E-02,3.000332985362E-02,
    3.333703317069E-02,3.667073648776E-02,4.000443980483E-02,
    4.33381431219E-02,4.667184643896E-02,5.000554975603E-02,
    5.33392530731E-02,5.667295639017E-02,6.000665970724E-02,
    6.334036302431E-02,6.667406634138E-02,7.000776965845E-02,
    7.334147297552E-02),.QUASI_UNIFORM_KNOTS.);
#1473 = CARTESIAN_POINT('',(0.,-0.108235122917));
#1474 = CARTESIAN_POINT('',(1.492297418415E-02,-0.108055435662));
#1475 = CARTESIAN_POINT('',(4.490517589945E-02,-0.107703904555));
#1476 = CARTESIAN_POINT('',(9.021417600831E-02,-0.107199450177));
#1477 = CARTESIAN_POINT('',(0.135785829334,-0.106717159091));
#1478 = CARTESIAN_POINT('',(0.181547027906,-0.106256321018));
#1479 = CARTESIAN_POINT('',(0.227424571579,-0.105816219369));
#1480 = CARTESIAN_POINT('',(0.273345472416,-0.105396133725));
#1481 = CARTESIAN_POINT('',(0.319235857071,-0.104995356218));
#1482 = CARTESIAN_POINT('',(0.365025129389,-0.104613165439));
#1483 = CARTESIAN_POINT('',(0.410630481169,-0.104248948313));
#1484 = CARTESIAN_POINT('',(0.456014908623,-0.103901726193));
#1485 = CARTESIAN_POINT('',(0.500970573824,-0.103571732011));
#1486 = CARTESIAN_POINT('',(0.545939256634,-0.103254680938));
#1487 = CARTESIAN_POINT('',(0.591179080066,-0.10294818955));
#1488 = CARTESIAN_POINT('',(0.636563369964,-0.102652553167));
#1489 = CARTESIAN_POINT('',(0.682068540833,-0.10236734228));
#1490 = CARTESIAN_POINT('',(0.727643372707,-0.10209231769));
#1491 = CARTESIAN_POINT('',(0.773244043064,-0.101827187999));
#1492 = CARTESIAN_POINT('',(0.818824744188,-0.101571676918));
#1493 = CARTESIAN_POINT('',(0.864340200709,-0.101325507131));
#1494 = CARTESIAN_POINT('',(0.909744998298,-0.101088406467));
#1495 = CARTESIAN_POINT('',(0.9549937652,-0.100860106865));
#1496 = CARTESIAN_POINT('',(0.985025341181,-0.100713601359));
#1497 = CARTESIAN_POINT('',(1.,-0.10064172848));
#1498 = ( GEOMETRIC_REPRESENTATION_CONTEXT(2) 
PARAMETRIC_REPRESENTATION_CONTEXT() REPRESENTATION_CONTEXT('2D SPACE',''
  ) );
#1499 = PCURVE('',#521,#1500);
#1500 = DEFINITIONAL_REPRESENTATION('',(#1501),#1512);
#1501 = B_SPLINE_CURVE_WITH_KNOTS('',3,(#1502,#1503,#1504,#1505,#1506,
    #1507,#1508,#1509,#1510,#1511),.UNSPECIFIED.,.F.,.F.,(4,3,3,4),(0.,
    2.726973235869E-02,3.640545727983E-02,7.334147297552E-02),
  .UNSPECIFIED.);
#1502 = CARTESIAN_POINT('',(-18.21161055482,-1.372986902355));
#1503 = CARTESIAN_POINT('',(-18.14427412414,-1.311925843452));
#1504 = CARTESIAN_POINT('',(-18.07493445528,-1.248571988129));
#1505 = CARTESIAN_POINT('',(-18.00704796232,-1.186266439614));
#1506 = CARTESIAN_POINT('',(-17.98430507957,-1.165393247871));
#1507 = CARTESIAN_POINT('',(-17.96172516785,-1.14463771945));
#1508 = CARTESIAN_POINT('',(-17.93943757763,-1.124125733391));
#1509 = CARTESIAN_POINT('',(-17.84932816766,-1.041195145447));
#1510 = CARTESIAN_POINT('',(-17.75681947921,-0.955630981491));
#1511 = CARTESIAN_POINT('',(-17.6672819165,-0.872586592026));
#1512 = ( GEOMETRIC_REPRESENTATION_CONTEXT(2) 
PARAMETRIC_REPRESENTATION_CONTEXT() REPRESENTATION_CONTEXT('2D SPACE',''
  ) );
#1513 = ORIENTED_EDGE('',*,*,#463,.T.);
#1514 = ORIENTED_EDGE('',*,*,#1432,.T.);
#1515 = ORIENTED_EDGE('',*,*,#1516,.T.);
#1516 = EDGE_CURVE('',#1389,#1456,#1517,.T.);
#1517 = SURFACE_CURVE('',#1518,(#1523,#1530),.PCURVE_S1.);
#1518 = B_SPLINE_CURVE_WITH_KNOTS('',3,(#1519,#1520,#1521,#1522),
  .UNSPECIFIED.,.F.,.F.,(4,4),(0.,0.108235122917),
  .PIECEWISE_BEZIER_KNOTS.);
#1519 = CARTESIAN_POINT('',(8.178464566265,7.359824823883,-1.49999908014
    ));
#1520 = CARTESIAN_POINT('',(7.934722322028,7.093827406803,
    -1.499968894018));
#1521 = CARTESIAN_POINT('',(7.856044282902,6.705028428446,
    -1.499054703709));
#1522 = CARTESIAN_POINT('',(7.961610554822,6.37537164612,-1.498495886797
    ));
#1523 = PCURVE('',#481,#1524);
#1524 = DEFINITIONAL_REPRESENTATION('',(#1525),#1529);
#1525 = LINE('',#1526,#1527);
#1526 = CARTESIAN_POINT('',(7.280487930731E-15,-7.288130053962E-16));
#1527 = VECTOR('',#1528,1.);
#1528 = DIRECTION('',(-2.95010825234E-14,-1.));
#1529 = ( GEOMETRIC_REPRESENTATION_CONTEXT(2) 
PARAMETRIC_REPRESENTATION_CONTEXT() REPRESENTATION_CONTEXT('2D SPACE',''
  ) );
#1530 = PCURVE('',#1405,#1531);
#1531 = DEFINITIONAL_REPRESENTATION('',(#1532),#1535);
#1532 = B_SPLINE_CURVE_WITH_KNOTS('',1,(#1533,#1534),.UNSPECIFIED.,.F.,
  .F.,(2,2),(0.,0.108235122917),.PIECEWISE_BEZIER_KNOTS.);
#1533 = CARTESIAN_POINT('',(2.976564185579E-02,0.250578357852));
#1534 = CARTESIAN_POINT('',(0.745346911555,0.242989135238));
#1535 = ( GEOMETRIC_REPRESENTATION_CONTEXT(2) 
PARAMETRIC_REPRESENTATION_CONTEXT() REPRESENTATION_CONTEXT('2D SPACE',''
  ) );
#1536 = ADVANCED_FACE('',(#1537),#521,.F.);
#1537 = FACE_BOUND('',#1538,.T.);
#1538 = EDGE_LOOP('',(#1539,#1569,#1593,#1617,#1674,#1675,#1676,#1700));
#1539 = ORIENTED_EDGE('',*,*,#1540,.F.);
#1540 = EDGE_CURVE('',#1541,#1543,#1545,.T.);
#1541 = VERTEX_POINT('',#1542);
#1542 = CARTESIAN_POINT('',(-7.930087531291,6.324133767759,
    -0.912844257252));
#1543 = VERTEX_POINT('',#1544);
#1544 = CARTESIAN_POINT('',(7.930087531291,6.324133767759,
    -0.912844257252));
#1545 = SURFACE_CURVE('',#1546,(#1550,#1557),.PCURVE_S1.);
#1546 = LINE('',#1547,#1548);
#1547 = CARTESIAN_POINT('',(-5.125,6.324133767759,-0.912844257252));
#1548 = VECTOR('',#1549,1.);
#1549 = DIRECTION('',(1.,-4.738756812424E-17,0.));
#1550 = PCURVE('',#521,#1551);
#1551 = DEFINITIONAL_REPRESENTATION('',(#1552),#1556);
#1552 = LINE('',#1553,#1554);
#1553 = CARTESIAN_POINT('',(-5.125,-0.785098178729));
#1554 = VECTOR('',#1555,1.);
#1555 = DIRECTION('',(-1.,-2.998175427476E-34));
#1556 = ( GEOMETRIC_REPRESENTATION_CONTEXT(2) 
PARAMETRIC_REPRESENTATION_CONTEXT() REPRESENTATION_CONTEXT('2D SPACE',''
  ) );
#1557 = PCURVE('',#1558,#1563);
#1558 = CYLINDRICAL_SURFACE('',#1559,1.);
#1559 = AXIS2_PLACEMENT_3D('',#1560,#1561,#1562);
#1560 = CARTESIAN_POINT('',(-5.125,5.327939069668,-1.));
#1561 = DIRECTION('',(1.,-4.738756812424E-17,0.));
#1562 = DIRECTION('',(3.201457698746E-17,0.675590207616,0.73727733681));
#1563 = DEFINITIONAL_REPRESENTATION('',(#1564),#1568);
#1564 = LINE('',#1565,#1566);
#1565 = CARTESIAN_POINT('',(-0.741764932098,0.));
#1566 = VECTOR('',#1567,1.);
#1567 = DIRECTION('',(0.,1.));
#1568 = ( GEOMETRIC_REPRESENTATION_CONTEXT(2) 
PARAMETRIC_REPRESENTATION_CONTEXT() REPRESENTATION_CONTEXT('2D SPACE',''
  ) );
#1569 = ORIENTED_EDGE('',*,*,#1570,.T.);
#1570 = EDGE_CURVE('',#1541,#1571,#1573,.T.);
#1571 = VERTEX_POINT('',#1572);
#1572 = CARTESIAN_POINT('',(-7.934761653269,6.331758907211,
    -1.000000000001));
#1573 = SURFACE_CURVE('',#1574,(#1579,#1587),.PCURVE_S1.);
#1574 = B_SPLINE_CURVE_WITH_KNOTS('',3,(#1575,#1576,#1577,#1578),
  .UNSPECIFIED.,.F.,.F.,(4,4),(0.184125349341,0.192876987611),
  .PIECEWISE_BEZIER_KNOTS.);
#1575 = CARTESIAN_POINT('',(-7.931365597065,6.324603056368,
    -0.912735646968));
#1576 = CARTESIAN_POINT('',(-7.932923477834,6.327144854857,
    -0.94178797918));
#1577 = CARTESIAN_POINT('',(-7.934482286138,6.329686616666,
    -0.970839848235));
#1578 = CARTESIAN_POINT('',(-7.936042046917,6.332228264188,
    -0.999891232847));
#1579 = PCURVE('',#521,#1580);
#1580 = DEFINITIONAL_REPRESENTATION('',(#1581),#1586);
#1581 = B_SPLINE_CURVE_WITH_KNOTS('',3,(#1582,#1583,#1584,#1585),
  .UNSPECIFIED.,.F.,.F.,(4,4),(0.184125349341,0.192876987611),
  .PIECEWISE_BEZIER_KNOTS.);
#1582 = CARTESIAN_POINT('',(-2.318634402935,-0.785030882936));
#1583 = CARTESIAN_POINT('',(-2.317076522166,-0.814194194589));
#1584 = CARTESIAN_POINT('',(-2.315517713862,-0.843357041649));
#1585 = CARTESIAN_POINT('',(-2.313957953083,-0.87251939615));
#1586 = ( GEOMETRIC_REPRESENTATION_CONTEXT(2) 
PARAMETRIC_REPRESENTATION_CONTEXT() REPRESENTATION_CONTEXT('2D SPACE',''
  ) );
#1587 = PCURVE('',#637,#1588);
#1588 = DEFINITIONAL_REPRESENTATION('',(#1589),#1592);
#1589 = B_SPLINE_CURVE_WITH_KNOTS('',1,(#1590,#1591),.UNSPECIFIED.,.F.,
  .F.,(2,2),(0.184125349341,0.192876884274),.PIECEWISE_BEZIER_KNOTS.);
#1590 = CARTESIAN_POINT('',(0.245640444848,0.184208561201));
#1591 = CARTESIAN_POINT('',(0.24702835622,0.192966424318));
#1592 = ( GEOMETRIC_REPRESENTATION_CONTEXT(2) 
PARAMETRIC_REPRESENTATION_CONTEXT() REPRESENTATION_CONTEXT('2D SPACE',''
  ) );
#1593 = ORIENTED_EDGE('',*,*,#1594,.F.);
#1594 = EDGE_CURVE('',#1595,#1571,#1597,.T.);
#1595 = VERTEX_POINT('',#1596);
#1596 = CARTESIAN_POINT('',(-7.961610554771,6.375371646277,
    -1.498495886797));
#1597 = SURFACE_CURVE('',#1598,(#1603,#1611),.PCURVE_S1.);
#1598 = B_SPLINE_CURVE_WITH_KNOTS('',3,(#1599,#1600,#1601,#1602),
  .UNSPECIFIED.,.F.,.F.,(4,4),(-0.151381381793,-0.101277693791),
  .PIECEWISE_BEZIER_KNOTS.);
#1599 = CARTESIAN_POINT('',(-7.962900301859,6.375839685386,
    -1.498386574894));
#1600 = CARTESIAN_POINT('',(-7.953917440123,6.361305082739,
    -1.332246512338));
#1601 = CARTESIAN_POINT('',(-7.944964331985,6.346767472001,
    -1.166074583519));
#1602 = CARTESIAN_POINT('',(-7.936042046917,6.332228264188,
    -0.999891232847));
#1603 = PCURVE('',#521,#1604);
#1604 = DEFINITIONAL_REPRESENTATION('',(#1605),#1610);
#1605 = B_SPLINE_CURVE_WITH_KNOTS('',3,(#1606,#1607,#1608,#1609),
  .UNSPECIFIED.,.F.,.F.,(4,4),(-0.151381381793,-0.101277693791),
  .PIECEWISE_BEZIER_KNOTS.);
#1606 = CARTESIAN_POINT('',(-2.287099698141,-1.372918798727));
#1607 = CARTESIAN_POINT('',(-2.296082559877,-1.206144175179));
#1608 = CARTESIAN_POINT('',(-2.305035668015,-1.039337544456));
#1609 = CARTESIAN_POINT('',(-2.313957953083,-0.87251939615));
#1610 = ( GEOMETRIC_REPRESENTATION_CONTEXT(2) 
PARAMETRIC_REPRESENTATION_CONTEXT() REPRESENTATION_CONTEXT('2D SPACE',''
  ) );
#1611 = PCURVE('',#637,#1612);
#1612 = DEFINITIONAL_REPRESENTATION('',(#1613),#1616);
#1613 = B_SPLINE_CURVE_WITH_KNOTS('',1,(#1614,#1615),.UNSPECIFIED.,.F.,
  .F.,(2,2),(-0.151381245704,-0.101277693791),.PIECEWISE_BEZIER_KNOTS.);
#1614 = CARTESIAN_POINT('',(0.254924950043,0.243059104994));
#1615 = CARTESIAN_POINT('',(0.247028372594,0.192966527728));
#1616 = ( GEOMETRIC_REPRESENTATION_CONTEXT(2) 
PARAMETRIC_REPRESENTATION_CONTEXT() REPRESENTATION_CONTEXT('2D SPACE',''
  ) );
#1617 = ORIENTED_EDGE('',*,*,#1618,.F.);
#1618 = EDGE_CURVE('',#506,#1595,#1619,.T.);
#1619 = SURFACE_CURVE('',#1620,(#1631,#1645),.PCURVE_S1.);
#1620 = B_SPLINE_CURVE_WITH_KNOTS('',3,(#1621,#1622,#1623,#1624,#1625,
    #1626,#1627,#1628,#1629,#1630),.UNSPECIFIED.,.F.,.F.,(4,3,3,4),(0.,
    3.642173209246E-02,5.672220589692E-02,7.2778059879E-02),
  .UNSPECIFIED.);
#1621 = CARTESIAN_POINT('',(-7.417263949679,6.331805208707,-1.));
#1622 = CARTESIAN_POINT('',(-7.506239693531,6.338997431249,
    -1.082204256062));
#1623 = CARTESIAN_POINT('',(-7.59812390096,6.34639779796,-1.166864455546
    ));
#1624 = CARTESIAN_POINT('',(-7.687659102741,6.353569091035,
    -1.248955600309));
#1625 = CARTESIAN_POINT('',(-7.737563566749,6.357566172966,
    -1.294710951251));
#1626 = CARTESIAN_POINT('',(-7.788942766856,6.361671472448,
    -1.341690838201));
#1627 = CARTESIAN_POINT('',(-7.840341631654,6.365758052432,
    -1.388489714851));
#1628 = CARTESIAN_POINT('',(-7.880993523624,6.368990170665,
    -1.42550342878));
#1629 = CARTESIAN_POINT('',(-7.92165728961,6.372214006766,
    -1.462403903829));
#1630 = CARTESIAN_POINT('',(-7.961610554822,6.37537164612,
    -1.498495886797));
#1631 = PCURVE('',#521,#1632);
#1632 = DEFINITIONAL_REPRESENTATION('',(#1633),#1644);
#1633 = B_SPLINE_CURVE_WITH_KNOTS('',3,(#1634,#1635,#1636,#1637,#1638,
    #1639,#1640,#1641,#1642,#1643),.UNSPECIFIED.,.F.,.F.,(4,3,3,4),(0.,
    3.642173209246E-02,5.672220589692E-02,7.2778059879E-02),
  .UNSPECIFIED.);
#1634 = CARTESIAN_POINT('',(-2.832736050321,-0.872590877696));
#1635 = CARTESIAN_POINT('',(-2.743760306469,-0.955109165243));
#1636 = CARTESIAN_POINT('',(-2.65187609904,-1.040092191565));
#1637 = CARTESIAN_POINT('',(-2.562340897259,-1.122495974113));
#1638 = CARTESIAN_POINT('',(-2.512436433251,-1.168425580776));
#1639 = CARTESIAN_POINT('',(-2.461057233144,-1.215584495498));
#1640 = CARTESIAN_POINT('',(-2.409658368346,-1.262561457207));
#1641 = CARTESIAN_POINT('',(-2.369006476376,-1.299716020445));
#1642 = CARTESIAN_POINT('',(-2.32834271039,-1.336757053876));
#1643 = CARTESIAN_POINT('',(-2.288389445178,-1.372986902355));
#1644 = ( GEOMETRIC_REPRESENTATION_CONTEXT(2) 
PARAMETRIC_REPRESENTATION_CONTEXT() REPRESENTATION_CONTEXT('2D SPACE',''
  ) );
#1645 = PCURVE('',#551,#1646);
#1646 = DEFINITIONAL_REPRESENTATION('',(#1647),#1673);
#1647 = B_SPLINE_CURVE_WITH_KNOTS('',3,(#1648,#1649,#1650,#1651,#1652,
    #1653,#1654,#1655,#1656,#1657,#1658,#1659,#1660,#1661,#1662,#1663,
    #1664,#1665,#1666,#1667,#1668,#1669,#1670,#1671,#1672),
  .UNSPECIFIED.,.F.,.F.,(4,1,1,1,1,1,1,1,1,1,1,1,1,1,1,1,1,1,1,1,1,1,4),
  (0.,3.308093630864E-03,6.616187261728E-03,9.924280892591E-03,
    1.323237452346E-02,1.654046815432E-02,1.984856178518E-02,
    2.315665541605E-02,2.646474904691E-02,2.977284267777E-02,
    3.308093630864E-02,3.63890299395E-02,3.969712357037E-02,
    4.300521720123E-02,4.631331083209E-02,4.962140446296E-02,
    5.292949809382E-02,5.623759172468E-02,5.954568535555E-02,
    6.285377898641E-02,6.616187261728E-02,6.946996624814E-02,
    7.2778059879E-02),.QUASI_UNIFORM_KNOTS.);
#1648 = CARTESIAN_POINT('',(1.,-4.756616290396E-02));
#1649 = CARTESIAN_POINT('',(0.985025814469,-4.749432006949E-02));
#1650 = CARTESIAN_POINT('',(0.954995960478,-4.734788196462E-02));
#1651 = CARTESIAN_POINT('',(0.90975199078,-4.71197071368E-02));
#1652 = CARTESIAN_POINT('',(0.864354093576,-4.688275661608E-02));
#1653 = CARTESIAN_POINT('',(0.818847526118,-4.663676418873E-02));
#1654 = CARTESIAN_POINT('',(0.773277599632,-4.638145974268E-02));
#1655 = CARTESIAN_POINT('',(0.727689442689,-4.611656783796E-02));
#1656 = CARTESIAN_POINT('',(0.682128877942,-4.584181543427E-02));
#1657 = CARTESIAN_POINT('',(0.636639137867,-4.555690996229E-02));
#1658 = CARTESIAN_POINT('',(0.591273108743,-4.526162828939E-02));
#1659 = CARTESIAN_POINT('',(0.54604762002,-4.495549338487E-02));
#1660 = CARTESIAN_POINT('',(0.501114020905,-4.463899112779E-02));
#1661 = CARTESIAN_POINT('',(0.456121559342,-4.430904091331E-02));
#1662 = CARTESIAN_POINT('',(0.410719452294,-4.396198496102E-02));
#1663 = CARTESIAN_POINT('',(0.365094284257,-4.359796590436E-02));
#1664 = CARTESIAN_POINT('',(0.319288741574,-4.321607727267E-02));
#1665 = CARTESIAN_POINT('',(0.273384095012,-4.281566825006E-02));
#1666 = CARTESIAN_POINT('',(0.227451314963,-4.239598791379E-02));
#1667 = CARTESIAN_POINT('',(0.181564089506,-4.195632334116E-02));
#1668 = CARTESIAN_POINT('',(0.135795319069,-4.149602451814E-02));
#1669 = CARTESIAN_POINT('',(9.021823523303E-02,-4.10143582986E-02));
#1670 = CARTESIAN_POINT('',(4.490594817676E-02,-4.051062000771E-02));
#1671 = CARTESIAN_POINT('',(1.492299133037E-02,-4.015962707195E-02));
#1672 = CARTESIAN_POINT('',(0.,-3.998022435773E-02));
#1673 = ( GEOMETRIC_REPRESENTATION_CONTEXT(2) 
PARAMETRIC_REPRESENTATION_CONTEXT() REPRESENTATION_CONTEXT('2D SPACE',''
  ) );
#1674 = ORIENTED_EDGE('',*,*,#505,.T.);
#1675 = ORIENTED_EDGE('',*,*,#1455,.F.);
#1676 = ORIENTED_EDGE('',*,*,#1677,.F.);
#1677 = EDGE_CURVE('',#1678,#1456,#1680,.T.);
#1678 = VERTEX_POINT('',#1679);
#1679 = CARTESIAN_POINT('',(7.934761653269,6.331758907211,
    -1.000000000001));
#1680 = SURFACE_CURVE('',#1681,(#1686,#1694),.PCURVE_S1.);
#1681 = B_SPLINE_CURVE_WITH_KNOTS('',3,(#1682,#1683,#1684,#1685),
  .UNSPECIFIED.,.F.,.F.,(4,4),(-0.208687657763,-0.158584354992),
  .PIECEWISE_BEZIER_KNOTS.);
#1682 = CARTESIAN_POINT('',(7.934858932421,6.332206890787,
    -0.999966090568));
#1683 = CARTESIAN_POINT('',(7.943771875311,6.346746040246,-1.16614988083
    ));
#1684 = CARTESIAN_POINT('',(7.952716772047,6.361283730853,
    -1.332322326034));
#1685 = CARTESIAN_POINT('',(7.961692128706,6.37581846214,-1.498463004254
    ));
#1686 = PCURVE('',#521,#1687);
#1687 = DEFINITIONAL_REPRESENTATION('',(#1688),#1693);
#1688 = B_SPLINE_CURVE_WITH_KNOTS('',3,(#1689,#1690,#1691,#1692),
  .UNSPECIFIED.,.F.,.F.,(4,4),(-0.208687657763,-0.158584354992),
  .PIECEWISE_BEZIER_KNOTS.);
#1689 = CARTESIAN_POINT('',(-18.18485893242,-0.8725921062));
#1690 = CARTESIAN_POINT('',(-18.19377187531,-1.039410687337));
#1691 = CARTESIAN_POINT('',(-18.20271677204,-1.206217839441));
#1692 = CARTESIAN_POINT('',(-18.2116921287,-1.372993087522));
#1693 = ( GEOMETRIC_REPRESENTATION_CONTEXT(2) 
PARAMETRIC_REPRESENTATION_CONTEXT() REPRESENTATION_CONTEXT('2D SPACE',''
  ) );
#1694 = PCURVE('',#1405,#1695);
#1695 = DEFINITIONAL_REPRESENTATION('',(#1696),#1699);
#1696 = B_SPLINE_CURVE_WITH_KNOTS('',1,(#1697,#1698),.UNSPECIFIED.,.F.,
  .F.,(2,2),(-0.208687657763,-0.158585410765),.PIECEWISE_BEZIER_KNOTS.);
#1697 = CARTESIAN_POINT('',(0.752971627406,0.192896418582));
#1698 = CARTESIAN_POINT('',(0.745075194274,0.242988076485));
#1699 = ( GEOMETRIC_REPRESENTATION_CONTEXT(2) 
PARAMETRIC_REPRESENTATION_CONTEXT() REPRESENTATION_CONTEXT('2D SPACE',''
  ) );
#1700 = ORIENTED_EDGE('',*,*,#1701,.T.);
#1701 = EDGE_CURVE('',#1678,#1543,#1702,.T.);
#1702 = SURFACE_CURVE('',#1703,(#1708,#1716),.PCURVE_S1.);
#1703 = B_SPLINE_CURVE_WITH_KNOTS('',3,(#1704,#1705,#1706,#1707),
  .UNSPECIFIED.,.F.,.F.,(4,4),(0.426860595136,0.435611170107),
  .PIECEWISE_BEZIER_KNOTS.);
#1704 = CARTESIAN_POINT('',(7.934858932421,6.332206890787,
    -0.999966090568));
#1705 = CARTESIAN_POINT('',(7.933300800913,6.329665248923,
    -0.970914565079));
#1706 = CARTESIAN_POINT('',(7.931743659124,6.327123498056,
    -0.941862591571));
#1707 = CARTESIAN_POINT('',(7.930187483155,6.324581718482,
    -0.912810188313));
#1708 = PCURVE('',#521,#1709);
#1709 = DEFINITIONAL_REPRESENTATION('',(#1710),#1715);
#1710 = B_SPLINE_CURVE_WITH_KNOTS('',3,(#1711,#1712,#1713,#1714),
  .UNSPECIFIED.,.F.,.F.,(4,4),(0.426860595136,0.435611170107),
  .PIECEWISE_BEZIER_KNOTS.);
#1711 = CARTESIAN_POINT('',(-18.18485893242,-0.8725921062));
#1712 = CARTESIAN_POINT('',(-18.18330080091,-0.843429611851));
#1713 = CARTESIAN_POINT('',(-18.18174365912,-0.814266661689));
#1714 = CARTESIAN_POINT('',(-18.18018748315,-0.78510328091));
#1715 = ( GEOMETRIC_REPRESENTATION_CONTEXT(2) 
PARAMETRIC_REPRESENTATION_CONTEXT() REPRESENTATION_CONTEXT('2D SPACE',''
  ) );
#1716 = PCURVE('',#1405,#1717);
#1717 = DEFINITIONAL_REPRESENTATION('',(#1718),#1721);
#1718 = B_SPLINE_CURVE_WITH_KNOTS('',1,(#1719,#1720),.UNSPECIFIED.,.F.,
  .F.,(2,2),(0.426861638468,0.435611170107),.PIECEWISE_BEZIER_KNOTS.);
#1719 = CARTESIAN_POINT('',(0.752971792749,0.192895374382));
#1720 = CARTESIAN_POINT('',(0.754359555152,0.184138452056));
#1721 = ( GEOMETRIC_REPRESENTATION_CONTEXT(2) 
PARAMETRIC_REPRESENTATION_CONTEXT() REPRESENTATION_CONTEXT('2D SPACE',''
  ) );
#1722 = ADVANCED_FACE('',(#1723),#551,.T.);
#1723 = FACE_BOUND('',#1724,.T.);
#1724 = EDGE_LOOP('',(#1725,#1726,#1747,#1748));
#1725 = ORIENTED_EDGE('',*,*,#1618,.T.);
#1726 = ORIENTED_EDGE('',*,*,#1727,.T.);
#1727 = EDGE_CURVE('',#1595,#602,#1728,.T.);
#1728 = SURFACE_CURVE('',#1729,(#1734,#1741),.PCURVE_S1.);
#1729 = B_SPLINE_CURVE_WITH_KNOTS('',3,(#1730,#1731,#1732,#1733),
  .UNSPECIFIED.,.F.,.F.,(4,4),(3.998022435773E-02,0.148168924519),
  .PIECEWISE_BEZIER_KNOTS.);
#1730 = CARTESIAN_POINT('',(-7.961610554822,6.37537164612,
    -1.498495886797));
#1731 = CARTESIAN_POINT('',(-7.855922066788,6.705410078477,
    -1.499055350662));
#1732 = CARTESIAN_POINT('',(-7.934791285655,7.093902667235,
    -1.499968902559));
#1733 = CARTESIAN_POINT('',(-8.178464566265,7.359824823883,
    -1.49999908014));
#1734 = PCURVE('',#551,#1735);
#1735 = DEFINITIONAL_REPRESENTATION('',(#1736),#1740);
#1736 = LINE('',#1737,#1738);
#1737 = CARTESIAN_POINT('',(-1.158175344119E-16,0.));
#1738 = VECTOR('',#1739,1.);
#1739 = DIRECTION('',(2.89687054719E-15,-1.));
#1740 = ( GEOMETRIC_REPRESENTATION_CONTEXT(2) 
PARAMETRIC_REPRESENTATION_CONTEXT() REPRESENTATION_CONTEXT('2D SPACE',''
  ) );
#1741 = PCURVE('',#637,#1742);
#1742 = DEFINITIONAL_REPRESENTATION('',(#1743),#1746);
#1743 = B_SPLINE_CURVE_WITH_KNOTS('',1,(#1744,#1745),.UNSPECIFIED.,.F.,
  .F.,(2,2),(3.998022435773E-02,0.148168924519),
  .PIECEWISE_BEZIER_KNOTS.);
#1744 = CARTESIAN_POINT('',(0.254888091703,0.243059248594));
#1745 = CARTESIAN_POINT('',(0.970248923085,0.250648466927));
#1746 = ( GEOMETRIC_REPRESENTATION_CONTEXT(2) 
PARAMETRIC_REPRESENTATION_CONTEXT() REPRESENTATION_CONTEXT('2D SPACE',''
  ) );
#1747 = ORIENTED_EDGE('',*,*,#601,.T.);
#1748 = ORIENTED_EDGE('',*,*,#533,.T.);
#1749 = ADVANCED_FACE('',(#1750),#637,.F.);
#1750 = FACE_BOUND('',#1751,.F.);
#1751 = EDGE_LOOP('',(#1752,#1753,#1916,#1944,#2016,#2017,#2018,#2019));
#1752 = ORIENTED_EDGE('',*,*,#670,.F.);
#1753 = ORIENTED_EDGE('',*,*,#1754,.F.);
#1754 = EDGE_CURVE('',#1755,#671,#1757,.T.);
#1755 = VERTEX_POINT('',#1756);
#1756 = CARTESIAN_POINT('',(-8.228813527574,6.146453866322,
    -2.999999999887));
#1757 = SURFACE_CURVE('',#1758,(#1799,#1872),.PCURVE_S1.);
#1758 = B_SPLINE_CURVE_WITH_KNOTS('',3,(#1759,#1760,#1761,#1762,#1763,
    #1764,#1765,#1766,#1767,#1768,#1769,#1770,#1771,#1772,#1773,#1774,
    #1775,#1776,#1777,#1778,#1779,#1780,#1781,#1782,#1783,#1784,#1785,
    #1786,#1787,#1788,#1789,#1790,#1791,#1792,#1793,#1794,#1795,#1796,
    #1797,#1798),.UNSPECIFIED.,.F.,.F.,(4,3,3,3,3,3,3,3,3,3,3,3,3,4),(0.
    ,1.307354947359E-02,2.651941696093E-02,3.89351778871E-02,
    5.237625982461E-02,6.570234629954E-02,7.797375646877E-02,
    8.407150180577E-02,9.727663043965E-02,0.110693053506,0.112588097052,
    0.125996921372,0.139296566618,0.147220308474),.UNSPECIFIED.);
#1759 = CARTESIAN_POINT('',(-8.228813540011,6.146453840213,
    -3.000000000237));
#1760 = CARTESIAN_POINT('',(-8.201433631405,6.180357086765,
    -3.000000040297));
#1761 = CARTESIAN_POINT('',(-8.176525134128,6.216009608937,
    -2.999986307724));
#1762 = CARTESIAN_POINT('',(-8.154092218296,6.253108239821,
    -2.999969998457));
#1763 = CARTESIAN_POINT('',(-8.131020441634,6.291263392393,
    -2.999953224723));
#1764 = CARTESIAN_POINT('',(-8.110566791944,6.330949157851,
    -2.999933694354));
#1765 = CARTESIAN_POINT('',(-8.092780151987,6.371868783114,
    -2.999918770498));
#1766 = CARTESIAN_POINT('',(-8.076356171192,6.40965349912,
    -2.999904989979));
#1767 = CARTESIAN_POINT('',(-8.062206490277,6.448491306037,
    -2.999895054556));
#1768 = CARTESIAN_POINT('',(-8.050406809231,6.488161256574,
    -2.999891655769));
#1769 = CARTESIAN_POINT('',(-8.037632684415,6.531107239409,
    -2.999887976302));
#1770 = CARTESIAN_POINT('',(-8.027696358513,6.574744838736,
    -2.999891878883));
#1771 = CARTESIAN_POINT('',(-8.020631326018,6.61877559646,-2.9999027521)
  );
#1772 = CARTESIAN_POINT('',(-8.013626738559,6.662429648099,
    -2.999913532291));
#1773 = CARTESIAN_POINT('',(-8.009444333741,6.706471295358,
    -2.999931105508));
#1774 = CARTESIAN_POINT('',(-8.008164971894,6.750622928793,
    -2.999951051148));
#1775 = CARTESIAN_POINT('',(-8.006986863525,6.791280236889,
    -2.999969418214));
#1776 = CARTESIAN_POINT('',(-8.008270806627,6.832031603548,
    -2.99998972655));
#1777 = CARTESIAN_POINT('',(-8.012118955526,6.872658062282,
    -3.000006233239));
#1778 = CARTESIAN_POINT('',(-8.014031126311,6.892845619855,
    -3.000014435523));
#1779 = CARTESIAN_POINT('',(-8.016571787801,6.912946434055,
    -3.000021600347));
#1780 = CARTESIAN_POINT('',(-8.019746544556,6.93293411263,
    -3.000026860489));
#1781 = CARTESIAN_POINT('',(-8.026621720382,6.976218942037,
    -3.000038251724));
#1782 = CARTESIAN_POINT('',(-8.036467096315,7.018973706904,
    -3.000040898257));
#1783 = CARTESIAN_POINT('',(-8.049098616991,7.060946622983,
    -3.00003997401));
#1784 = CARTESIAN_POINT('',(-8.061932253835,7.103591145053,
    -3.000039034973));
#1785 = CARTESIAN_POINT('',(-8.077642343447,7.145429689441,
    -3.000034315097));
#1786 = CARTESIAN_POINT('',(-8.096086353386,7.186183102666,
    -3.000029038305));
#1787 = CARTESIAN_POINT('',(-8.098691533755,7.191939442663,
    -3.000028292968));
#1788 = CARTESIAN_POINT('',(-8.101351333349,7.197674092931,
    -3.000027534377));
#1789 = CARTESIAN_POINT('',(-8.104065422238,7.203386223063,
    -3.000026769875));
#1790 = CARTESIAN_POINT('',(-8.123269593657,7.24380373726,
    -3.000021360465));
#1791 = CARTESIAN_POINT('',(-8.145080249691,7.282868934227,
    -3.000015641618));
#1792 = CARTESIAN_POINT('',(-8.16931950608,7.320319383575,
    -3.000011185877));
#1793 = CARTESIAN_POINT('',(-8.193361398442,7.357464899003,
    -3.000006766417));
#1794 = CARTESIAN_POINT('',(-8.219793134463,7.393022855105,
    -3.000003488105));
#1795 = CARTESIAN_POINT('',(-8.248485074268,7.426712836709,
    -3.000001667707));
#1796 = CARTESIAN_POINT('',(-8.26557932905,7.446784854601,
    -3.000000583139));
#1797 = CARTESIAN_POINT('',(-8.283476660843,7.466193280282,-3.));
#1798 = CARTESIAN_POINT('',(-8.302155806015,7.484872425454,-3.));
#1799 = PCURVE('',#637,#1800);
#1800 = DEFINITIONAL_REPRESENTATION('',(#1801),#1871);
#1801 = B_SPLINE_CURVE_WITH_KNOTS('',3,(#1802,#1803,#1804,#1805,#1806,
    #1807,#1808,#1809,#1810,#1811,#1812,#1813,#1814,#1815,#1816,#1817,
    #1818,#1819,#1820,#1821,#1822,#1823,#1824,#1825,#1826,#1827,#1828,
    #1829,#1830,#1831,#1832,#1833,#1834,#1835,#1836,#1837,#1838,#1839,
    #1840,#1841,#1842,#1843,#1844,#1845,#1846,#1847,#1848,#1849,#1850,
    #1851,#1852,#1853,#1854,#1855,#1856,#1857,#1858,#1859,#1860,#1861,
    #1862,#1863,#1864,#1865,#1866,#1867,#1868,#1869,#1870),
  .UNSPECIFIED.,.F.,.F.,(4,1,1,1,1,1,1,1,1,1,1,1,1,1,1,1,1,1,1,1,1,1,1,1
    ,1,1,1,1,1,1,1,1,1,1,1,1,1,1,1,1,1,1,1,1,1,1,1,1,1,1,1,1,1,1,1,1,1,1
    ,1,1,1,1,1,1,1,1,4),(0.,2.230610734449E-03,4.461221468897E-03,
    6.691832203346E-03,8.922442937795E-03,1.115305367224E-02,
    1.338366440669E-02,1.561427514114E-02,1.784488587559E-02,
    2.007549661004E-02,2.230610734449E-02,2.453671807894E-02,
    2.676732881338E-02,2.899793954783E-02,3.122855028228E-02,
    3.345916101673E-02,3.568977175118E-02,3.792038248563E-02,
    4.015099322008E-02,4.238160395452E-02,4.461221468897E-02,
    4.684282542342E-02,4.907343615787E-02,5.130404689232E-02,
    5.353465762677E-02,5.576526836122E-02,5.799587909566E-02,
    6.022648983011E-02,6.245710056456E-02,6.468771129901E-02,
    6.691832203346E-02,6.914893276791E-02,7.137954350236E-02,
    7.361015423681E-02,7.584076497125E-02,7.80713757057E-02,
    8.030198644015E-02,8.25325971746E-02,8.476320790905E-02,
    8.69938186435E-02,8.922442937795E-02,9.145504011239E-02,
    9.368565084684E-02,9.591626158129E-02,9.814687231574E-02,
    0.10037748305,0.102608093785,0.104838704519,0.107069315254,
    0.109299925988,0.111530536722,0.113761147457,0.115991758191,
    0.118222368926,0.12045297966,0.122683590395,0.124914201129,
    0.127144811864,0.129375422598,0.131606033332,0.133836644067,
    0.136067254801,0.138297865536,0.14052847627,0.142759087005,
    0.144989697739,0.147220308474),.QUASI_UNIFORM_KNOTS.);
#1802 = CARTESIAN_POINT('',(0.,0.392863350124));
#1803 = CARTESIAN_POINT('',(5.074377144189E-03,0.392870248283));
#1804 = CARTESIAN_POINT('',(1.521739644077E-02,0.392885487593));
#1805 = CARTESIAN_POINT('',(3.041663723412E-02,0.392912653553));
#1806 = CARTESIAN_POINT('',(4.560251377593E-02,0.39294410453));
#1807 = CARTESIAN_POINT('',(6.077692519974E-02,0.392979818541));
#1808 = CARTESIAN_POINT('',(7.594174879406E-02,0.39301977361));
#1809 = CARTESIAN_POINT('',(9.109878083099E-02,0.393063947757));
#1810 = CARTESIAN_POINT('',(0.106249905742,0.393112319005));
#1811 = CARTESIAN_POINT('',(0.121397033284,0.393164865374));
#1812 = CARTESIAN_POINT('',(0.136542032789,0.393221564882));
#1813 = CARTESIAN_POINT('',(0.151686793155,0.39328239555));
#1814 = CARTESIAN_POINT('',(0.166833202748,0.393347335398));
#1815 = CARTESIAN_POINT('',(0.181983112081,0.393416362455));
#1816 = CARTESIAN_POINT('',(0.197138453021,0.393489454717));
#1817 = CARTESIAN_POINT('',(0.212301076602,0.393566590299));
#1818 = CARTESIAN_POINT('',(0.227472767321,0.393647746864));
#1819 = CARTESIAN_POINT('',(0.24265559123,0.393732903759));
#1820 = CARTESIAN_POINT('',(0.257850767296,0.39382203406));
#1821 = CARTESIAN_POINT('',(0.273062785613,0.393915134246));
#1822 = CARTESIAN_POINT('',(0.288254320957,0.39401192575));
#1823 = CARTESIAN_POINT('',(0.303432286209,0.394112390346));
#1824 = CARTESIAN_POINT('',(0.31859725841,0.394216473721));
#1825 = CARTESIAN_POINT('',(0.333751473178,0.39432413123));
#1826 = CARTESIAN_POINT('',(0.348896682457,0.394435315639));
#1827 = CARTESIAN_POINT('',(0.364034681005,0.394549980405));
#1828 = CARTESIAN_POINT('',(0.379167418717,0.394668078803));
#1829 = CARTESIAN_POINT('',(0.394296755418,0.394789564154));
#1830 = CARTESIAN_POINT('',(0.409424570689,0.39491438977));
#1831 = CARTESIAN_POINT('',(0.424552744802,0.395042508957));
#1832 = CARTESIAN_POINT('',(0.439683156875,0.395173875051));
#1833 = CARTESIAN_POINT('',(0.454817659873,0.395308441279));
#1834 = CARTESIAN_POINT('',(0.469958212284,0.395446161263));
#1835 = CARTESIAN_POINT('',(0.485106491814,0.395586987165));
#1836 = CARTESIAN_POINT('',(0.500264788889,0.39573087659));
#1837 = CARTESIAN_POINT('',(0.515433402907,0.395877766829));
#1838 = CARTESIAN_POINT('',(0.530620177274,0.39602767099));
#1839 = CARTESIAN_POINT('',(0.545804719845,0.396180317443));
#1840 = CARTESIAN_POINT('',(0.560972313849,0.396335475433));
#1841 = CARTESIAN_POINT('',(0.576129272391,0.39649312666));
#1842 = CARTESIAN_POINT('',(0.591276235498,0.396653195896));
#1843 = CARTESIAN_POINT('',(0.606415416683,0.39681562317));
#1844 = CARTESIAN_POINT('',(0.621548620628,0.396980344421));
#1845 = CARTESIAN_POINT('',(0.636677749412,0.397147296683));
#1846 = CARTESIAN_POINT('',(0.651804663321,0.397316416698));
#1847 = CARTESIAN_POINT('',(0.666931167315,0.397487641283));
#1848 = CARTESIAN_POINT('',(0.682059206975,0.397660907248));
#1849 = CARTESIAN_POINT('',(0.697190597414,0.397836151353));
#1850 = CARTESIAN_POINT('',(0.712327205562,0.398013310573));
#1851 = CARTESIAN_POINT('',(0.727470855006,0.398192321067));
#1852 = CARTESIAN_POINT('',(0.742623622661,0.398373122042));
#1853 = CARTESIAN_POINT('',(0.757786696632,0.398555641333));
#1854 = CARTESIAN_POINT('',(0.772964582925,0.39873984921));
#1855 = CARTESIAN_POINT('',(0.788125721162,0.398925269051));
#1856 = CARTESIAN_POINT('',(0.803275872594,0.399111876126));
#1857 = CARTESIAN_POINT('',(0.818415896665,0.399299586984));
#1858 = CARTESIAN_POINT('',(0.833547934551,0.399488333908));
#1859 = CARTESIAN_POINT('',(0.848673750888,0.399678044964));
#1860 = CARTESIAN_POINT('',(0.863795135026,0.399868649347));
#1861 = CARTESIAN_POINT('',(0.878914025761,0.40006007595));
#1862 = CARTESIAN_POINT('',(0.894032250208,0.400252253751));
#1863 = CARTESIAN_POINT('',(0.909151667631,0.400445111702));
#1864 = CARTESIAN_POINT('',(0.924274144862,0.400638578762));
#1865 = CARTESIAN_POINT('',(0.939401551054,0.400832583889));
#1866 = CARTESIAN_POINT('',(0.954535751174,0.401027056038));
#1867 = CARTESIAN_POINT('',(0.969678605918,0.401221924168));
#1868 = CARTESIAN_POINT('',(0.984831937596,0.401417117237));
#1869 = CARTESIAN_POINT('',(0.994942398598,0.401547415214));
#1870 = CARTESIAN_POINT('',(1.,0.401612594679));
#1871 = ( GEOMETRIC_REPRESENTATION_CONTEXT(2) 
PARAMETRIC_REPRESENTATION_CONTEXT() REPRESENTATION_CONTEXT('2D SPACE',''
  ) );
#1872 = PCURVE('',#711,#1873);
#1873 = DEFINITIONAL_REPRESENTATION('',(#1874),#1915);
#1874 = B_SPLINE_CURVE_WITH_KNOTS('',3,(#1875,#1876,#1877,#1878,#1879,
    #1880,#1881,#1882,#1883,#1884,#1885,#1886,#1887,#1888,#1889,#1890,
    #1891,#1892,#1893,#1894,#1895,#1896,#1897,#1898,#1899,#1900,#1901,
    #1902,#1903,#1904,#1905,#1906,#1907,#1908,#1909,#1910,#1911,#1912,
    #1913,#1914),.UNSPECIFIED.,.F.,.F.,(4,3,3,3,3,3,3,3,3,3,3,3,3,4),(0.
    ,1.307354947359E-02,2.651941696093E-02,3.89351778871E-02,
    5.237625982461E-02,6.570234629954E-02,7.797375646877E-02,
    8.407150180577E-02,9.727663043965E-02,0.110693053506,0.112588097052,
    0.125996921372,0.139296566618,0.147220308474),.UNSPECIFIED.);
#1875 = CARTESIAN_POINT('',(1.578789019759,1.161148719557));
#1876 = CARTESIAN_POINT('',(1.606168928365,1.127245473005));
#1877 = CARTESIAN_POINT('',(1.631077425642,1.091592950833));
#1878 = CARTESIAN_POINT('',(1.653510341474,1.054494319949));
#1879 = CARTESIAN_POINT('',(1.676582118136,1.016339167377));
#1880 = CARTESIAN_POINT('',(1.697035767826,0.976653401919));
#1881 = CARTESIAN_POINT('',(1.714822407783,0.935733776656));
#1882 = CARTESIAN_POINT('',(1.731246388578,0.897949060651));
#1883 = CARTESIAN_POINT('',(1.745396069494,0.859111253733));
#1884 = CARTESIAN_POINT('',(1.757195750539,0.819441303197));
#1885 = CARTESIAN_POINT('',(1.769969875355,0.776495320362));
#1886 = CARTESIAN_POINT('',(1.779906201257,0.732857721034));
#1887 = CARTESIAN_POINT('',(1.786971233752,0.68882696331));
#1888 = CARTESIAN_POINT('',(1.793975821211,0.645172911671));
#1889 = CARTESIAN_POINT('',(1.798158226029,0.601131264412));
#1890 = CARTESIAN_POINT('',(1.799437587877,0.556979630977));
#1891 = CARTESIAN_POINT('',(1.800615696245,0.516322322881));
#1892 = CARTESIAN_POINT('',(1.799331753144,0.475570956222));
#1893 = CARTESIAN_POINT('',(1.795483604244,0.434944497489));
#1894 = CARTESIAN_POINT('',(1.793571433459,0.414756939915));
#1895 = CARTESIAN_POINT('',(1.791030771969,0.394656125715));
#1896 = CARTESIAN_POINT('',(1.787856015214,0.37466844714));
#1897 = CARTESIAN_POINT('',(1.780980839388,0.331383617733));
#1898 = CARTESIAN_POINT('',(1.771135463455,0.288628852866));
#1899 = CARTESIAN_POINT('',(1.758503942779,0.246655936787));
#1900 = CARTESIAN_POINT('',(1.745670305935,0.204011414717));
#1901 = CARTESIAN_POINT('',(1.729960216323,0.162172870329));
#1902 = CARTESIAN_POINT('',(1.711516206384,0.121419457104));
#1903 = CARTESIAN_POINT('',(1.708911026015,0.115663117107));
#1904 = CARTESIAN_POINT('',(1.706251226421,0.109928466839));
#1905 = CARTESIAN_POINT('',(1.703537137532,0.104216336707));
#1906 = CARTESIAN_POINT('',(1.684332966113,6.379882251028E-02));
#1907 = CARTESIAN_POINT('',(1.662522310079,2.473362554351E-02));
#1908 = CARTESIAN_POINT('',(1.63828305369,-1.271682380447E-02));
#1909 = CARTESIAN_POINT('',(1.614241161329,-4.986233923234E-02));
#1910 = CARTESIAN_POINT('',(1.587809425308,-8.542029533528E-02));
#1911 = CARTESIAN_POINT('',(1.559117485502,-0.119110276938));
#1912 = CARTESIAN_POINT('',(1.542023230721,-0.13918229483));
#1913 = CARTESIAN_POINT('',(1.524125898927,-0.158590720511));
#1914 = CARTESIAN_POINT('',(1.505446753755,-0.177269865684));
#1915 = ( GEOMETRIC_REPRESENTATION_CONTEXT(2) 
PARAMETRIC_REPRESENTATION_CONTEXT() REPRESENTATION_CONTEXT('2D SPACE',''
  ) );
#1916 = ORIENTED_EDGE('',*,*,#1917,.F.);
#1917 = EDGE_CURVE('',#1918,#1755,#1920,.T.);
#1918 = VERTEX_POINT('',#1919);
#1919 = CARTESIAN_POINT('',(-8.064508234033,5.964388270876,
    -0.22868137477));
#1920 = SURFACE_CURVE('',#1921,(#1926,#1933),.PCURVE_S1.);
#1921 = B_SPLINE_CURVE_WITH_KNOTS('',3,(#1922,#1923,#1924,#1925),
  .UNSPECIFIED.,.F.,.F.,(4,4),(0.114662354364,0.392863350174),
  .PIECEWISE_BEZIER_KNOTS.);
#1922 = CARTESIAN_POINT('',(-8.064508234191,5.964388273387,
    -0.228681374597));
#1923 = CARTESIAN_POINT('',(-8.119543400549,6.024638556871,
    -1.152458453705));
#1924 = CARTESIAN_POINT('',(-8.174345520059,6.085264652187,
    -2.076231910438));
#1925 = CARTESIAN_POINT('',(-8.22881354004,6.146453840246,
    -3.000000000734));
#1926 = PCURVE('',#637,#1927);
#1927 = DEFINITIONAL_REPRESENTATION('',(#1928),#1932);
#1928 = LINE('',#1929,#1930);
#1929 = CARTESIAN_POINT('',(1.609099152106E-15,0.));
#1930 = VECTOR('',#1931,1.);
#1931 = DIRECTION('',(-1.500975231534E-14,1.));
#1932 = ( GEOMETRIC_REPRESENTATION_CONTEXT(2) 
PARAMETRIC_REPRESENTATION_CONTEXT() REPRESENTATION_CONTEXT('2D SPACE',''
  ) );
#1933 = PCURVE('',#1934,#1939);
#1934 = CONICAL_SURFACE('',#1935,2.789718885006,8.726646259972E-02);
#1935 = AXIS2_PLACEMENT_3D('',#1936,#1937,#1938);
#1936 = CARTESIAN_POINT('',(-10.39917897187,7.899178971877,-3.));
#1937 = DIRECTION('',(0.,0.,1.));
#1938 = DIRECTION('',(1.,0.,-0.));
#1939 = DEFINITIONAL_REPRESENTATION('',(#1940),#1943);
#1940 = B_SPLINE_CURVE_WITH_KNOTS('',1,(#1941,#1942),.UNSPECIFIED.,.F.,
  .F.,(2,2),(0.114662354364,0.392863350174),.PIECEWISE_BEZIER_KNOTS.);
#1941 = CARTESIAN_POINT('',(5.591175237952,2.771318625403));
#1942 = CARTESIAN_POINT('',(5.603844655841,-1.462088763682E-10));
#1943 = ( GEOMETRIC_REPRESENTATION_CONTEXT(2) 
PARAMETRIC_REPRESENTATION_CONTEXT() REPRESENTATION_CONTEXT('2D SPACE',''
  ) );
#1944 = ORIENTED_EDGE('',*,*,#1945,.F.);
#1945 = EDGE_CURVE('',#1541,#1918,#1946,.T.);
#1946 = SURFACE_CURVE('',#1947,(#1958,#1987),.PCURVE_S1.);
#1947 = B_SPLINE_CURVE_WITH_KNOTS('',3,(#1948,#1949,#1950,#1951,#1952,
    #1953,#1954,#1955,#1956,#1957),.UNSPECIFIED.,.F.,.F.,(4,2,2,2,4),(
    -8.171948628608E-02,-7.589458167941E-02,-5.602779244584E-02,
    -2.996071420852E-02,0.),.UNSPECIFIED.);
#1948 = CARTESIAN_POINT('',(-7.930087531291,6.324133767759,
    -0.912844257252));
#1949 = CARTESIAN_POINT('',(-7.929047564019,6.322436125128,
    -0.893440113187));
#1950 = CARTESIAN_POINT('',(-7.928202480115,6.320170362404,
    -0.874073967355));
#1951 = CARTESIAN_POINT('',(-7.925372563036,6.307679344006,
    -0.788971735264));
#1952 = CARTESIAN_POINT('',(-7.925493203465,6.291434540846,
    -0.724161222536));
#1953 = CARTESIAN_POINT('',(-7.933072974241,6.239483074849,
    -0.579665983172));
#1954 = CARTESIAN_POINT('',(-7.942714896605,6.19951902966,
    -0.502429272227));
#1955 = CARTESIAN_POINT('',(-7.982698389982,6.095802801017,
    -0.351976709322));
#1956 = CARTESIAN_POINT('',(-8.015256835725,6.031400399564,
    -0.283976059292));
#1957 = CARTESIAN_POINT('',(-8.064508234632,5.96438827387,
    -0.228681382002));
#1958 = PCURVE('',#637,#1959);
#1959 = DEFINITIONAL_REPRESENTATION('',(#1960),#1986);
#1960 = B_SPLINE_CURVE_WITH_KNOTS('',3,(#1961,#1962,#1963,#1964,#1965,
    #1966,#1967,#1968,#1969,#1970,#1971,#1972,#1973,#1974,#1975,#1976,
    #1977,#1978,#1979,#1980,#1981,#1982,#1983,#1984,#1985),
  .UNSPECIFIED.,.F.,.F.,(4,1,1,1,1,1,1,1,1,1,1,1,1,1,1,1,1,1,1,1,1,1,4),
  (-8.171948628608E-02,-7.800496418217E-02,-7.429044207825E-02,
    -7.057591997434E-02,-6.686139787043E-02,-6.314687576651E-02,
    -5.94323536626E-02,-5.571783155869E-02,-5.200330945478E-02,
    -4.828878735086E-02,-4.457426524695E-02,-4.085974314304E-02,
    -3.714522103913E-02,-3.343069893521E-02,-2.97161768313E-02,
    -2.600165472739E-02,-2.228713262348E-02,-1.857261051956E-02,
    -1.485808841565E-02,-1.114356631174E-02,-7.429044207825E-03,
    -3.714522103913E-03,0.),.QUASI_UNIFORM_KNOTS.);
#1961 = CARTESIAN_POINT('',(0.245614451815,0.184208565533));
#1962 = CARTESIAN_POINT('',(0.24541773673,0.18296538827));
#1963 = CARTESIAN_POINT('',(0.244692095001,0.180479499308));
#1964 = CARTESIAN_POINT('',(0.242607419227,0.176759729434));
#1965 = CARTESIAN_POINT('',(0.239526741812,0.173057547543));
#1966 = CARTESIAN_POINT('',(0.235451009146,0.169378476668));
#1967 = CARTESIAN_POINT('',(0.230379889604,0.165727805765));
#1968 = CARTESIAN_POINT('',(0.224314144677,0.162111513258));
#1969 = CARTESIAN_POINT('',(0.217249027112,0.158533053743));
#1970 = CARTESIAN_POINT('',(0.209198703159,0.155005486605));
#1971 = CARTESIAN_POINT('',(0.200178392263,0.151538092585));
#1972 = CARTESIAN_POINT('',(0.19019040257,0.148134578287));
#1973 = CARTESIAN_POINT('',(0.179239069276,0.144800268187));
#1974 = CARTESIAN_POINT('',(0.167323910834,0.141539589269));
#1975 = CARTESIAN_POINT('',(0.154451681551,0.138358940484));
#1976 = CARTESIAN_POINT('',(0.140595022244,0.135257730282));
#1977 = CARTESIAN_POINT('',(0.125847906249,0.132261711335));
#1978 = CARTESIAN_POINT('',(0.110288868795,0.129385411009));
#1979 = CARTESIAN_POINT('',(9.391412671555E-02,0.126626364347));
#1980 = CARTESIAN_POINT('',(7.673846507417E-02,0.123986659434));
#1981 = CARTESIAN_POINT('',(5.876826837979E-02,0.121467164367));
#1982 = CARTESIAN_POINT('',(4.000884929884E-02,0.119069074028));
#1983 = CARTESIAN_POINT('',(2.046294304587E-02,0.116793495998));
#1984 = CARTESIAN_POINT('',(6.908222190914E-03,0.115358872065));
#1985 = CARTESIAN_POINT('',(0.,0.114662354364));
#1986 = ( GEOMETRIC_REPRESENTATION_CONTEXT(2) 
PARAMETRIC_REPRESENTATION_CONTEXT() REPRESENTATION_CONTEXT('2D SPACE',''
  ) );
#1987 = PCURVE('',#1558,#1988);
#1988 = DEFINITIONAL_REPRESENTATION('',(#1989),#2015);
#1989 = B_SPLINE_CURVE_WITH_KNOTS('',3,(#1990,#1991,#1992,#1993,#1994,
    #1995,#1996,#1997,#1998,#1999,#2000,#2001,#2002,#2003,#2004,#2005,
    #2006,#2007,#2008,#2009,#2010,#2011,#2012,#2013,#2014),
  .UNSPECIFIED.,.F.,.F.,(4,1,1,1,1,1,1,1,1,1,1,1,1,1,1,1,1,1,1,1,1,1,4),
  (-8.171948628608E-02,-7.800496418217E-02,-7.429044207825E-02,
    -7.057591997434E-02,-6.686139787043E-02,-6.314687576651E-02,
    -5.94323536626E-02,-5.571783155869E-02,-5.200330945478E-02,
    -4.828878735086E-02,-4.457426524695E-02,-4.085974314304E-02,
    -3.714522103913E-02,-3.343069893521E-02,-2.97161768313E-02,
    -2.600165472739E-02,-2.228713262348E-02,-1.857261051956E-02,
    -1.485808841565E-02,-1.114356631174E-02,-7.429044207825E-03,
    -3.714522103913E-03,0.),.QUASI_UNIFORM_KNOTS.);
#1990 = CARTESIAN_POINT('',(-0.741764932098,-2.805087531291));
#1991 = CARTESIAN_POINT('',(-0.72934604848,-2.804424478071));
#1992 = CARTESIAN_POINT('',(-0.704491493072,-2.803256394822));
#1993 = CARTESIAN_POINT('',(-0.667183266496,-2.801993665124));
#1994 = CARTESIAN_POINT('',(-0.629881371707,-2.801227322925));
#1995 = CARTESIAN_POINT('',(-0.592587894268,-2.800993527047));
#1996 = CARTESIAN_POINT('',(-0.555303181378,-2.801324923228));
#1997 = CARTESIAN_POINT('',(-0.518034839982,-2.802254477749));
#1998 = CARTESIAN_POINT('',(-0.480764160604,-2.803817387795));
#1999 = CARTESIAN_POINT('',(-0.443571606109,-2.806039379886));
#2000 = CARTESIAN_POINT('',(-0.406504281599,-2.808979256555));
#2001 = CARTESIAN_POINT('',(-0.369553302052,-2.812701009584));
#2002 = CARTESIAN_POINT('',(-0.332728317671,-2.817266961214));
#2003 = CARTESIAN_POINT('',(-0.296030085588,-2.822740922597));
#2004 = CARTESIAN_POINT('',(-0.259483594466,-2.829182418789));
#2005 = CARTESIAN_POINT('',(-0.223030889545,-2.836666630317));
#2006 = CARTESIAN_POINT('',(-0.18692873988,-2.84520961068));
#2007 = CARTESIAN_POINT('',(-0.151334328004,-2.854844282201));
#2008 = CARTESIAN_POINT('',(-0.11620615077,-2.865641787691));
#2009 = CARTESIAN_POINT('',(-8.156127729196E-02,-2.877663028811));
#2010 = CARTESIAN_POINT('',(-4.740602701625E-02,-2.890971651336));
#2011 = CARTESIAN_POINT('',(-1.375423183385E-02,-2.905630565737));
#2012 = CARTESIAN_POINT('',(1.937837853727E-02,-2.92170287958));
#2013 = CARTESIAN_POINT('',(4.110742708083E-02,-2.933402058103));
#2014 = CARTESIAN_POINT('',(5.187899930383E-02,-2.939508234632));
#2015 = ( GEOMETRIC_REPRESENTATION_CONTEXT(2) 
PARAMETRIC_REPRESENTATION_CONTEXT() REPRESENTATION_CONTEXT('2D SPACE',''
  ) );
#2016 = ORIENTED_EDGE('',*,*,#1570,.T.);
#2017 = ORIENTED_EDGE('',*,*,#1594,.F.);
#2018 = ORIENTED_EDGE('',*,*,#1727,.T.);
#2019 = ORIENTED_EDGE('',*,*,#622,.T.);
#2020 = ADVANCED_FACE('',(#2021),#711,.T.);
#2021 = FACE_BOUND('',#2022,.T.);
#2022 = EDGE_LOOP('',(#2023,#2024,#2048,#2232,#2260,#2293,#2322,#2348));
#2023 = ORIENTED_EDGE('',*,*,#1754,.F.);
#2024 = ORIENTED_EDGE('',*,*,#2025,.T.);
#2025 = EDGE_CURVE('',#1755,#2026,#2028,.T.);
#2026 = VERTEX_POINT('',#2027);
#2027 = CARTESIAN_POINT('',(-8.646453866323,5.728813527575,-2.9999999999
    ));
#2028 = SURFACE_CURVE('',#2029,(#2034,#2041),.PCURVE_S1.);
#2029 = CIRCLE('',#2030,2.789718885006);
#2030 = AXIS2_PLACEMENT_3D('',#2031,#2032,#2033);
#2031 = CARTESIAN_POINT('',(-10.39917897187,7.899178971877,-3.));
#2032 = DIRECTION('',(0.,0.,-1.));
#2033 = DIRECTION('',(1.,0.,0.));
#2034 = PCURVE('',#711,#2035);
#2035 = DEFINITIONAL_REPRESENTATION('',(#2036),#2040);
#2036 = CIRCLE('',#2037,2.789718885006);
#2037 = AXIS2_PLACEMENT_2D('',#2038,#2039);
#2038 = CARTESIAN_POINT('',(-0.591576412107,-0.591576412107));
#2039 = DIRECTION('',(1.,0.));
#2040 = ( GEOMETRIC_REPRESENTATION_CONTEXT(2) 
PARAMETRIC_REPRESENTATION_CONTEXT() REPRESENTATION_CONTEXT('2D SPACE',''
  ) );
#2041 = PCURVE('',#1934,#2042);
#2042 = DEFINITIONAL_REPRESENTATION('',(#2043),#2047);
#2043 = LINE('',#2044,#2045);
#2044 = CARTESIAN_POINT('',(6.28318530718,-1.620461594922E-16));
#2045 = VECTOR('',#2046,1.);
#2046 = DIRECTION('',(-1.,1.817770216977E-16));
#2047 = ( GEOMETRIC_REPRESENTATION_CONTEXT(2) 
PARAMETRIC_REPRESENTATION_CONTEXT() REPRESENTATION_CONTEXT('2D SPACE',''
  ) );
#2048 = ORIENTED_EDGE('',*,*,#2049,.F.);
#2049 = EDGE_CURVE('',#2050,#2026,#2052,.T.);
#2050 = VERTEX_POINT('',#2051);
#2051 = CARTESIAN_POINT('',(-9.984872425454,5.802155806015,
    -2.999999999997));
#2052 = SURFACE_CURVE('',#2053,(#2094,#2138),.PCURVE_S1.);
#2053 = B_SPLINE_CURVE_WITH_KNOTS('',3,(#2054,#2055,#2056,#2057,#2058,
    #2059,#2060,#2061,#2062,#2063,#2064,#2065,#2066,#2067,#2068,#2069,
    #2070,#2071,#2072,#2073,#2074,#2075,#2076,#2077,#2078,#2079,#2080,
    #2081,#2082,#2083,#2084,#2085,#2086,#2087,#2088,#2089,#2090,#2091,
    #2092,#2093),.UNSPECIFIED.,.F.,.F.,(4,3,3,3,3,3,3,3,3,3,3,3,3,4),(0.
    ,1.31501361884E-02,2.664878047468E-02,3.936255589331E-02,
    5.283985664318E-02,6.613185318509E-02,7.864497642746E-02,
    8.422679510753E-02,9.745667599335E-02,0.110849703056,0.112958301819,
    0.126333761749,0.139567683209,0.147241710802),.UNSPECIFIED.);
#2054 = CARTESIAN_POINT('',(-9.984872425454,5.802155806015,-3.));
#2055 = CARTESIAN_POINT('',(-9.953877257213,5.771160637774,-3.));
#2056 = CARTESIAN_POINT('',(-9.920876129779,5.742435283553,
    -2.999995649742));
#2057 = CARTESIAN_POINT('',(-9.886170605426,5.716019611887,
    -2.999989913738));
#2058 = CARTESIAN_POINT('',(-9.850545306851,5.688903865686,
    -2.999984025716));
#2059 = CARTESIAN_POINT('',(-9.813123145892,5.664221293752,
    -2.999976769711));
#2060 = CARTESIAN_POINT('',(-9.774193462275,5.642056179947,
    -2.999971084582));
#2061 = CARTESIAN_POINT('',(-9.737527316836,5.621179840586,
    -2.999965730012));
#2062 = CARTESIAN_POINT('',(-9.699522784317,5.602536771741,
    -2.999961832579));
#2063 = CARTESIAN_POINT('',(-9.660404585194,5.586236053961,
    -2.999960502706));
#2064 = CARTESIAN_POINT('',(-9.618937144011,5.568956397153,
    -2.999959092968));
#2065 = CARTESIAN_POINT('',(-9.576484358796,5.554419176282,
    -2.999960820079));
#2066 = CARTESIAN_POINT('',(-9.533337177963,5.542697920781,
    -2.999965356182));
#2067 = CARTESIAN_POINT('',(-9.490783243085,5.531137824996,
    -2.999969829916));
#2068 = CARTESIAN_POINT('',(-9.447552772535,5.522316526799,
    -2.99997712108));
#2069 = CARTESIAN_POINT('',(-9.403908750791,5.516351300004,
    -2.999985011442));
#2070 = CARTESIAN_POINT('',(-9.362822144942,5.510735618582,
    -2.999992439451));
#2071 = CARTESIAN_POINT('',(-9.321368185235,5.507651211977,
    -3.000000444323));
#2072 = CARTESIAN_POINT('',(-9.279765780631,5.507238096838,
    -3.000004583065));
#2073 = CARTESIAN_POINT('',(-9.261207897467,5.507053815603,
    -3.000006429264));
#2074 = CARTESIAN_POINT('',(-9.242667562712,5.507402146098,
    -3.000007499828));
#2075 = CARTESIAN_POINT('',(-9.224164396177,5.508290164478,
    -3.000007256581));
#2076 = CARTESIAN_POINT('',(-9.180308673999,5.510394922455,
    -3.000006680042));
#2077 = CARTESIAN_POINT('',(-9.136661543401,5.515527822404,
    -2.999998964608));
#2078 = CARTESIAN_POINT('',(-9.093495934447,5.523538894061,
    -2.999991408879));
#2079 = CARTESIAN_POINT('',(-9.049798022586,5.531648755399,
    -2.999983759976));
#2080 = CARTESIAN_POINT('',(-9.006592444176,5.542708558877,
    -2.999976323883));
#2081 = CARTESIAN_POINT('',(-8.964173641584,5.556613738105,
    -2.99997279542));
#2082 = CARTESIAN_POINT('',(-8.957495223461,5.558802970127,
    -2.999972239898));
#2083 = CARTESIAN_POINT('',(-8.950836350435,5.561062826938,
    -2.999971772624));
#2084 = CARTESIAN_POINT('',(-8.944198225992,5.563393005087,
    -2.999971398121));
#2085 = CARTESIAN_POINT('',(-8.902090657173,5.578174008003,
    -2.999969022539));
#2086 = CARTESIAN_POINT('',(-8.861060459834,5.59569493955,
    -2.999970843192));
#2087 = CARTESIAN_POINT('',(-8.821388328961,5.615811417685,
    -2.999975734095));
#2088 = CARTESIAN_POINT('',(-8.782136006658,5.635715024221,
    -2.999980573243));
#2089 = CARTESIAN_POINT('',(-8.744212112385,5.658160073872,
    -2.999988449786));
#2090 = CARTESIAN_POINT('',(-8.707909000983,5.683052129441,
    -2.999994173058));
#2091 = CARTESIAN_POINT('',(-8.686857713999,5.697486424056,
    -2.999997491843));
#2092 = CARTESIAN_POINT('',(-8.666351886219,5.71274434176,
    -3.000000007842));
#2093 = CARTESIAN_POINT('',(-8.646453840213,5.728813540011,
    -3.000000000237));
#2094 = PCURVE('',#711,#2095);
#2095 = DEFINITIONAL_REPRESENTATION('',(#2096),#2137);
#2096 = B_SPLINE_CURVE_WITH_KNOTS('',3,(#2097,#2098,#2099,#2100,#2101,
    #2102,#2103,#2104,#2105,#2106,#2107,#2108,#2109,#2110,#2111,#2112,
    #2113,#2114,#2115,#2116,#2117,#2118,#2119,#2120,#2121,#2122,#2123,
    #2124,#2125,#2126,#2127,#2128,#2129,#2130,#2131,#2132,#2133,#2134,
    #2135,#2136),.UNSPECIFIED.,.F.,.F.,(4,3,3,3,3,3,3,3,3,3,3,3,3,4),(0.
    ,1.31501361884E-02,2.664878047468E-02,3.936255589331E-02,
    5.283985664318E-02,6.613185318509E-02,7.864497642746E-02,
    8.422679510753E-02,9.745667599335E-02,0.110849703056,0.112958301819,
    0.126333761749,0.139567683209,0.147241710802),.UNSPECIFIED.);
#2097 = CARTESIAN_POINT('',(-0.177269865684,1.505446753755));
#2098 = CARTESIAN_POINT('',(-0.146274697443,1.536441921996));
#2099 = CARTESIAN_POINT('',(-0.113273570009,1.565167276217));
#2100 = CARTESIAN_POINT('',(-7.856804565582E-02,1.591582947883));
#2101 = CARTESIAN_POINT('',(-4.294274708092E-02,1.618698694084));
#2102 = CARTESIAN_POINT('',(-5.520586122145E-03,1.643381266019));
#2103 = CARTESIAN_POINT('',(3.340909749548E-02,1.665546379823));
#2104 = CARTESIAN_POINT('',(7.007524293471E-02,1.686422719185));
#2105 = CARTESIAN_POINT('',(0.108079775453,1.705065788029));
#2106 = CARTESIAN_POINT('',(0.147197974577,1.721366505809));
#2107 = CARTESIAN_POINT('',(0.188665415759,1.738646162617));
#2108 = CARTESIAN_POINT('',(0.231118200974,1.753183383488));
#2109 = CARTESIAN_POINT('',(0.274265381808,1.764904638989));
#2110 = CARTESIAN_POINT('',(0.316819316685,1.776464734774));
#2111 = CARTESIAN_POINT('',(0.360049787235,1.785286032972));
#2112 = CARTESIAN_POINT('',(0.403693808979,1.791251259766));
#2113 = CARTESIAN_POINT('',(0.444780414828,1.796866941188));
#2114 = CARTESIAN_POINT('',(0.486234374535,1.799951347793));
#2115 = CARTESIAN_POINT('',(0.527836779139,1.800364462933));
#2116 = CARTESIAN_POINT('',(0.546394662303,1.800548744167));
#2117 = CARTESIAN_POINT('',(0.564934997058,1.800200413673));
#2118 = CARTESIAN_POINT('',(0.583438163594,1.799312395292));
#2119 = CARTESIAN_POINT('',(0.627293885771,1.797207637315));
#2120 = CARTESIAN_POINT('',(0.670941016369,1.792074737366));
#2121 = CARTESIAN_POINT('',(0.714106625323,1.784063665709));
#2122 = CARTESIAN_POINT('',(0.757804537185,1.775953804372));
#2123 = CARTESIAN_POINT('',(0.801010115594,1.764894000893));
#2124 = CARTESIAN_POINT('',(0.843428918186,1.750988821665));
#2125 = CARTESIAN_POINT('',(0.85010733631,1.748799589643));
#2126 = CARTESIAN_POINT('',(0.856766209335,1.746539732832));
#2127 = CARTESIAN_POINT('',(0.863404333779,1.744209554683));
#2128 = CARTESIAN_POINT('',(0.905511902597,1.729428551767));
#2129 = CARTESIAN_POINT('',(0.946542099936,1.71190762022));
#2130 = CARTESIAN_POINT('',(0.986214230809,1.691791142086));
#2131 = CARTESIAN_POINT('',(1.025466553112,1.67188753555));
#2132 = CARTESIAN_POINT('',(1.063390447386,1.649442485898));
#2133 = CARTESIAN_POINT('',(1.099693558787,1.624550430329));
#2134 = CARTESIAN_POINT('',(1.120744845771,1.610116135714));
#2135 = CARTESIAN_POINT('',(1.141250673551,1.594858218011));
#2136 = CARTESIAN_POINT('',(1.161148719557,1.578789019759));
#2137 = ( GEOMETRIC_REPRESENTATION_CONTEXT(2) 
PARAMETRIC_REPRESENTATION_CONTEXT() REPRESENTATION_CONTEXT('2D SPACE',''
  ) );
#2138 = PCURVE('',#2139,#2160);
#2139 = B_SPLINE_SURFACE_WITH_KNOTS('',3,3,(
    (#2140,#2141,#2142,#2143)
    ,(#2144,#2145,#2146,#2147)
    ,(#2148,#2149,#2150,#2151)
    ,(#2152,#2153,#2154,#2155)
    ,(#2156,#2157,#2158,#2159
  )),.UNSPECIFIED.,.F.,.F.,.F.,(4,1,4),(4,4),(0.,0.571428571429,1.),(
    0.114592245423,0.401542485533),.UNSPECIFIED.);
#2140 = CARTESIAN_POINT('',(-9.807153097379,5.62443647794,
    -0.141525633882));
#2141 = CARTESIAN_POINT('',(-9.866356743262,5.683640123823,
    -1.094354914334));
#2142 = CARTESIAN_POINT('',(-9.925591406199,5.74287478676,
    -2.047180340988));
#2143 = CARTESIAN_POINT('',(-9.984872425454,5.802155806015,-3.));
#2144 = CARTESIAN_POINT('',(-9.608881400194,5.426164780755,
    -0.166164690615));
#2145 = CARTESIAN_POINT('',(-9.668588959725,5.485908108633,
    -1.118938007452));
#2146 = CARTESIAN_POINT('',(-9.728419729949,5.545657709019,
    -2.071704703425));
#2147 = CARTESIAN_POINT('',(-9.788356788426,5.605640168987,
    -3.024452995176));
#2148 = CARTESIAN_POINT('',(-9.108734072544,5.237728610276,
    -0.208949536148));
#2149 = CARTESIAN_POINT('',(-9.170163617811,5.297446251802,
    -1.161632768656));
#2150 = CARTESIAN_POINT('',(-9.231888951996,5.357304326219,
    -2.114293149978));
#2151 = CARTESIAN_POINT('',(-9.294056927816,5.417268161811,
    -3.066926388495));
#2152 = CARTESIAN_POINT('',(-8.626833739209,5.429691202454,
    -0.226964695535));
#2153 = CARTESIAN_POINT('',(-8.689080360518,5.487425112382,
    -1.179726930799));
#2154 = CARTESIAN_POINT('',(-8.751702165612,5.545023369839,
    -2.132479624874));
#2155 = CARTESIAN_POINT('',(-8.814961831355,5.602436617027,
    -3.085213449131));
#2156 = CARTESIAN_POINT('',(-8.46438827352,5.564508234312,-0.22868137663
    ));
#2157 = CARTESIAN_POINT('',(-8.526533390083,5.621274221633,
    -1.181510657082));
#2158 = CARTESIAN_POINT('',(-8.589078328266,5.677792273259,
    -2.134336083736));
#2159 = CARTESIAN_POINT('',(-8.652228600099,5.733951499393,
    -3.087155742748));
#2160 = DEFINITIONAL_REPRESENTATION('',(#2161),#2231);
#2161 = B_SPLINE_CURVE_WITH_KNOTS('',3,(#2162,#2163,#2164,#2165,#2166,
    #2167,#2168,#2169,#2170,#2171,#2172,#2173,#2174,#2175,#2176,#2177,
    #2178,#2179,#2180,#2181,#2182,#2183,#2184,#2185,#2186,#2187,#2188,
    #2189,#2190,#2191,#2192,#2193,#2194,#2195,#2196,#2197,#2198,#2199,
    #2200,#2201,#2202,#2203,#2204,#2205,#2206,#2207,#2208,#2209,#2210,
    #2211,#2212,#2213,#2214,#2215,#2216,#2217,#2218,#2219,#2220,#2221,
    #2222,#2223,#2224,#2225,#2226,#2227,#2228,#2229,#2230),
  .UNSPECIFIED.,.F.,.F.,(4,1,1,1,1,1,1,1,1,1,1,1,1,1,1,1,1,1,1,1,1,1,1,1
    ,1,1,1,1,1,1,1,1,1,1,1,1,1,1,1,1,1,1,1,1,1,1,1,1,1,1,1,1,1,1,1,1,1,1
    ,1,1,1,1,1,1,1,1,4),(0.,2.230935012145E-03,4.46187002429E-03,
    6.692805036435E-03,8.923740048581E-03,1.115467506073E-02,
    1.338561007287E-02,1.561654508502E-02,1.784748009716E-02,
    2.007841510931E-02,2.230935012145E-02,2.45402851336E-02,
    2.677122014574E-02,2.900215515789E-02,3.123309017003E-02,
    3.346402518218E-02,3.569496019432E-02,3.792589520647E-02,
    4.015683021861E-02,4.238776523076E-02,4.46187002429E-02,
    4.684963525505E-02,4.908057026719E-02,5.131150527934E-02,
    5.354244029148E-02,5.577337530363E-02,5.800431031577E-02,
    6.023524532792E-02,6.246618034006E-02,6.469711535221E-02,
    6.692805036435E-02,6.91589853765E-02,7.138992038864E-02,
    7.362085540079E-02,7.585179041294E-02,7.808272542508E-02,
    8.031366043723E-02,8.254459544937E-02,8.477553046152E-02,
    8.700646547366E-02,8.923740048581E-02,9.146833549795E-02,
    9.36992705101E-02,9.593020552224E-02,9.816114053439E-02,
    0.100392075547,0.102623010559,0.104853945571,0.107084880583,
    0.109315815595,0.111546750607,0.113777685619,0.116008620632,
    0.118239555644,0.120470490656,0.122701425668,0.12493236068,
    0.127163295692,0.129394230704,0.131625165717,0.133856100729,
    0.136087035741,0.138317970753,0.140548905765,0.142779840777,
    0.145010775789,0.147241710802),.QUASI_UNIFORM_KNOTS.);
#2162 = CARTESIAN_POINT('',(0.,0.401542485533));
#2163 = CARTESIAN_POINT('',(5.057605597021E-03,0.401477306039));
#2164 = CARTESIAN_POINT('',(1.516743175886E-02,0.401347016379));
#2165 = CARTESIAN_POINT('',(3.031790539165E-02,0.40115186052));
#2166 = CARTESIAN_POINT('',(4.54560087139E-02,0.400957053935));
#2167 = CARTESIAN_POINT('',(6.05836166804E-02,0.400762667267));
#2168 = CARTESIAN_POINT('',(7.570258494686E-02,0.400568771159));
#2169 = CARTESIAN_POINT('',(9.081469473436E-02,0.400375436253));
#2170 = CARTESIAN_POINT('',(0.105921806488,0.400182733188));
#2171 = CARTESIAN_POINT('',(0.121025803938,0.39999073261));
#2172 = CARTESIAN_POINT('',(0.136128526779,0.399799505164));
#2173 = CARTESIAN_POINT('',(0.151231839606,0.399609121489));
#2174 = CARTESIAN_POINT('',(0.166337608707,0.399419652236));
#2175 = CARTESIAN_POINT('',(0.181447669636,0.399231168018));
#2176 = CARTESIAN_POINT('',(0.196563928125,0.399043739583));
#2177 = CARTESIAN_POINT('',(0.211688234807,0.398857437175));
#2178 = CARTESIAN_POINT('',(0.226822261684,0.398672332935));
#2179 = CARTESIAN_POINT('',(0.241968333121,0.398488491915));
#2180 = CARTESIAN_POINT('',(0.25712657937,0.398306005623));
#2181 = CARTESIAN_POINT('',(0.272305444291,0.398124866826));
#2182 = CARTESIAN_POINT('',(0.287470202344,0.397945583755));
#2183 = CARTESIAN_POINT('',(0.302621847257,0.397768226975));
#2184 = CARTESIAN_POINT('',(0.317762526404,0.397592854382));
#2185 = CARTESIAN_POINT('',(0.332894049118,0.397419527266));
#2186 = CARTESIAN_POINT('',(0.348018289245,0.397248306008));
#2187 = CARTESIAN_POINT('',(0.363137018596,0.397079251231));
#2188 = CARTESIAN_POINT('',(0.378252164512,0.396912423496));
#2189 = CARTESIAN_POINT('',(0.39336558188,0.396747883378));
#2190 = CARTESIAN_POINT('',(0.408479127763,0.396585691448));
#2191 = CARTESIAN_POINT('',(0.423594674727,0.396425908282));
#2192 = CARTESIAN_POINT('',(0.438714102322,0.396268594447));
#2193 = CARTESIAN_POINT('',(0.453839266409,0.396113810534));
#2194 = CARTESIAN_POINT('',(0.468972112245,0.395961617048));
#2195 = CARTESIAN_POINT('',(0.484114384615,0.395812074819));
#2196 = CARTESIAN_POINT('',(0.499268022205,0.395665243458));
#2197 = CARTESIAN_POINT('',(0.514434527246,0.395521187124));
#2198 = CARTESIAN_POINT('',(0.529617201463,0.395379953007));
#2199 = CARTESIAN_POINT('',(0.544812766103,0.395241651624));
#2200 = CARTESIAN_POINT('',(0.559990834853,0.395106628765));
#2201 = CARTESIAN_POINT('',(0.575160366607,0.394974860725));
#2202 = CARTESIAN_POINT('',(0.590321320806,0.394846408158));
#2203 = CARTESIAN_POINT('',(0.605476094917,0.394721309112));
#2204 = CARTESIAN_POINT('',(0.620626448076,0.394599607694));
#2205 = CARTESIAN_POINT('',(0.635774306409,0.394481346386));
#2206 = CARTESIAN_POINT('',(0.650921544422,0.394366568107));
#2207 = CARTESIAN_POINT('',(0.666069990455,0.394255315661));
#2208 = CARTESIAN_POINT('',(0.681221604259,0.394147631868));
#2209 = CARTESIAN_POINT('',(0.696378199278,0.394043559598));
#2210 = CARTESIAN_POINT('',(0.711541658293,0.393943141514));
#2211 = CARTESIAN_POINT('',(0.726713753781,0.393846421043));
#2212 = CARTESIAN_POINT('',(0.741896803024,0.393753438776));
#2213 = CARTESIAN_POINT('',(0.757091176814,0.393664245873));
#2214 = CARTESIAN_POINT('',(0.772304543325,0.393578854065));
#2215 = CARTESIAN_POINT('',(0.787505159273,0.393497488233));
#2216 = CARTESIAN_POINT('',(0.802694512488,0.393420168866));
#2217 = CARTESIAN_POINT('',(0.817874635772,0.39334691632));
#2218 = CARTESIAN_POINT('',(0.833047389625,0.393277750989));
#2219 = CARTESIAN_POINT('',(0.848214656172,0.393212693259));
#2220 = CARTESIAN_POINT('',(0.863378231459,0.393151763517));
#2221 = CARTESIAN_POINT('',(0.878540073327,0.39309498215));
#2222 = CARTESIAN_POINT('',(0.893702035693,0.393042369542));
#2223 = CARTESIAN_POINT('',(0.908865991929,0.39299394608));
#2224 = CARTESIAN_POINT('',(0.924033832814,0.392949732149));
#2225 = CARTESIAN_POINT('',(0.939207455132,0.392909748136));
#2226 = CARTESIAN_POINT('',(0.954388756228,0.39287401443));
#2227 = CARTESIAN_POINT('',(0.969579620053,0.392842551415));
#2228 = CARTESIAN_POINT('',(0.984781887894,0.392815379477));
#2229 = CARTESIAN_POINT('',(0.994925607154,0.392800139161));
#2230 = CARTESIAN_POINT('',(1.,0.392793240979));
#2231 = ( GEOMETRIC_REPRESENTATION_CONTEXT(2) 
PARAMETRIC_REPRESENTATION_CONTEXT() REPRESENTATION_CONTEXT('2D SPACE',''
  ) );
#2232 = ORIENTED_EDGE('',*,*,#2233,.F.);
#2233 = EDGE_CURVE('',#2234,#2050,#2236,.T.);
#2234 = VERTEX_POINT('',#2235);
#2235 = CARTESIAN_POINT('',(-10.67558105136,6.492864431923,-3.));
#2236 = SURFACE_CURVE('',#2237,(#2241,#2248),.PCURVE_S1.);
#2237 = LINE('',#2238,#2239);
#2238 = CARTESIAN_POINT('',(-10.67558105136,6.492864431923,-3.));
#2239 = VECTOR('',#2240,1.);
#2240 = DIRECTION('',(0.707106781187,-0.707106781187,0.));
#2241 = PCURVE('',#711,#2242);
#2242 = DEFINITIONAL_REPRESENTATION('',(#2243),#2247);
#2243 = LINE('',#2244,#2245);
#2244 = CARTESIAN_POINT('',(-0.867978491591,0.814738127848));
#2245 = VECTOR('',#2246,1.);
#2246 = DIRECTION('',(0.707106781187,0.707106781187));
#2247 = ( GEOMETRIC_REPRESENTATION_CONTEXT(2) 
PARAMETRIC_REPRESENTATION_CONTEXT() REPRESENTATION_CONTEXT('2D SPACE',''
  ) );
#2248 = PCURVE('',#2249,#2254);
#2249 = PLANE('',#2250);
#2250 = AXIS2_PLACEMENT_3D('',#2251,#2252,#2253);
#2251 = CARTESIAN_POINT('',(-10.67558105136,6.492864431923,-3.));
#2252 = DIRECTION('',(-0.707106781187,-0.707106781187,0.));
#2253 = DIRECTION('',(0.707106781187,-0.707106781187,0.));
#2254 = DEFINITIONAL_REPRESENTATION('',(#2255),#2259);
#2255 = LINE('',#2256,#2257);
#2256 = CARTESIAN_POINT('',(0.,0.));
#2257 = VECTOR('',#2258,1.);
#2258 = DIRECTION('',(1.,0.));
#2259 = ( GEOMETRIC_REPRESENTATION_CONTEXT(2) 
PARAMETRIC_REPRESENTATION_CONTEXT() REPRESENTATION_CONTEXT('2D SPACE',''
  ) );
#2260 = ORIENTED_EDGE('',*,*,#2261,.F.);
#2261 = EDGE_CURVE('',#2262,#2234,#2264,.T.);
#2262 = VERTEX_POINT('',#2263);
#2263 = CARTESIAN_POINT('',(-10.77923183116,7.423904215637,-3.));
#2264 = SURFACE_CURVE('',#2265,(#2270,#2281),.PCURVE_S1.);
#2265 = CIRCLE('',#2266,0.75);
#2266 = AXIS2_PLACEMENT_3D('',#2267,#2268,#2269);
#2267 = CARTESIAN_POINT('',(-10.14525096547,7.023194517812,-3.));
#2268 = DIRECTION('',(0.,0.,1.));
#2269 = DIRECTION('',(-0.915542676557,-0.402220844067,0.));
#2270 = PCURVE('',#711,#2271);
#2271 = DEFINITIONAL_REPRESENTATION('',(#2272),#2280);
#2272 = ( BOUNDED_CURVE() B_SPLINE_CURVE(2,(#2273,#2274,#2275,#2276,
#2277,#2278,#2279),.UNSPECIFIED.,.T.,.F.) B_SPLINE_CURVE_WITH_KNOTS((1,2
    ,2,2,2,1),(-2.094395102393,0.,2.094395102393,4.188790204786,
6.28318530718,8.377580409573),.UNSPECIFIED.) CURVE() 
GEOMETRIC_REPRESENTATION_ITEM() RATIONAL_B_SPLINE_CURVE((1.,0.5,1.,0.5,
1.,0.5,1.)) REPRESENTATION_ITEM('') );
#2273 = CARTESIAN_POINT('',(-1.024305413119,0.586073675008));
#2274 = CARTESIAN_POINT('',(-0.501805209779,1.775398499229));
#2275 = CARTESIAN_POINT('',(0.266930199678,0.728237637543));
#2276 = CARTESIAN_POINT('',(1.035665609135,-0.318923224143));
#2277 = CARTESIAN_POINT('',(-0.255570003663,-0.461087186678));
#2278 = CARTESIAN_POINT('',(-1.54680561646,-0.603251149213));
#2279 = CARTESIAN_POINT('',(-1.024305413119,0.586073675008));
#2280 = ( GEOMETRIC_REPRESENTATION_CONTEXT(2) 
PARAMETRIC_REPRESENTATION_CONTEXT() REPRESENTATION_CONTEXT('2D SPACE',''
  ) );
#2281 = PCURVE('',#2282,#2287);
#2282 = CYLINDRICAL_SURFACE('',#2283,0.75);
#2283 = AXIS2_PLACEMENT_3D('',#2284,#2285,#2286);
#2284 = CARTESIAN_POINT('',(-10.14525096547,7.023194517812,-3.));
#2285 = DIRECTION('',(0.,0.,1.));
#2286 = DIRECTION('',(-0.915542676557,-0.402220844067,0.));
#2287 = DEFINITIONAL_REPRESENTATION('',(#2288),#2292);
#2288 = LINE('',#2289,#2290);
#2289 = CARTESIAN_POINT('',(0.,0.));
#2290 = VECTOR('',#2291,1.);
#2291 = DIRECTION('',(1.,0.));
#2292 = ( GEOMETRIC_REPRESENTATION_CONTEXT(2) 
PARAMETRIC_REPRESENTATION_CONTEXT() REPRESENTATION_CONTEXT('2D SPACE',''
  ) );
#2293 = ORIENTED_EDGE('',*,*,#2294,.T.);
#2294 = EDGE_CURVE('',#2262,#2295,#2297,.T.);
#2295 = VERTEX_POINT('',#2296);
#2296 = CARTESIAN_POINT('',(-9.923904215637,8.279231831168,-3.));
#2297 = SURFACE_CURVE('',#2298,(#2303,#2310),.PCURVE_S1.);
#2298 = CIRCLE('',#2299,2.75);
#2299 = AXIS2_PLACEMENT_3D('',#2300,#2301,#2302);
#2300 = CARTESIAN_POINT('',(-8.454635323614,5.954635323614,-3.));
#2301 = DIRECTION('',(0.,0.,-1.));
#2302 = DIRECTION('',(1.,0.,0.));
#2303 = PCURVE('',#711,#2304);
#2304 = DEFINITIONAL_REPRESENTATION('',(#2305),#2309);
#2305 = CIRCLE('',#2306,2.75);
#2306 = AXIS2_PLACEMENT_2D('',#2307,#2308);
#2307 = CARTESIAN_POINT('',(1.352967236156,1.352967236156));
#2308 = DIRECTION('',(1.,0.));
#2309 = ( GEOMETRIC_REPRESENTATION_CONTEXT(2) 
PARAMETRIC_REPRESENTATION_CONTEXT() REPRESENTATION_CONTEXT('2D SPACE',''
  ) );
#2310 = PCURVE('',#2311,#2316);
#2311 = CYLINDRICAL_SURFACE('',#2312,2.75);
#2312 = AXIS2_PLACEMENT_3D('',#2313,#2314,#2315);
#2313 = CARTESIAN_POINT('',(-8.454635323614,5.954635323614,-3.));
#2314 = DIRECTION('',(0.,0.,1.));
#2315 = DIRECTION('',(1.,0.,-0.));
#2316 = DEFINITIONAL_REPRESENTATION('',(#2317),#2321);
#2317 = LINE('',#2318,#2319);
#2318 = CARTESIAN_POINT('',(6.28318530718,0.));
#2319 = VECTOR('',#2320,1.);
#2320 = DIRECTION('',(-1.,0.));
#2321 = ( GEOMETRIC_REPRESENTATION_CONTEXT(2) 
PARAMETRIC_REPRESENTATION_CONTEXT() REPRESENTATION_CONTEXT('2D SPACE',''
  ) );
#2322 = ORIENTED_EDGE('',*,*,#2323,.F.);
#2323 = EDGE_CURVE('',#696,#2295,#2324,.T.);
#2324 = SURFACE_CURVE('',#2325,(#2330,#2341),.PCURVE_S1.);
#2325 = CIRCLE('',#2326,0.75);
#2326 = AXIS2_PLACEMENT_3D('',#2327,#2328,#2329);
#2327 = CARTESIAN_POINT('',(-9.523194517812,7.645250965472,-3.));
#2328 = DIRECTION('',(0.,0.,1.));
#2329 = DIRECTION('',(0.402220844067,0.915542676557,-0.));
#2330 = PCURVE('',#711,#2331);
#2331 = DEFINITIONAL_REPRESENTATION('',(#2332),#2340);
#2332 = ( BOUNDED_CURVE() B_SPLINE_CURVE(2,(#2333,#2334,#2335,#2336,
#2337,#2338,#2339),.UNSPECIFIED.,.T.,.F.) B_SPLINE_CURVE_WITH_KNOTS((1,2
    ,2,2,2,1),(-2.094395102393,0.,2.094395102393,4.188790204786,
6.28318530718,8.377580409573),.UNSPECIFIED.) CURVE() 
GEOMETRIC_REPRESENTATION_ITEM() RATIONAL_B_SPLINE_CURVE((1.,0.5,1.,0.5,
1.,0.5,1.)) REPRESENTATION_ITEM('') );
#2333 = CARTESIAN_POINT('',(0.586073675008,-1.024305413119));
#2334 = CARTESIAN_POINT('',(-0.603251149213,-1.54680561646));
#2335 = CARTESIAN_POINT('',(-0.461087186678,-0.255570003663));
#2336 = CARTESIAN_POINT('',(-0.318923224143,1.035665609135));
#2337 = CARTESIAN_POINT('',(0.728237637543,0.266930199678));
#2338 = CARTESIAN_POINT('',(1.775398499229,-0.501805209779));
#2339 = CARTESIAN_POINT('',(0.586073675008,-1.024305413119));
#2340 = ( GEOMETRIC_REPRESENTATION_CONTEXT(2) 
PARAMETRIC_REPRESENTATION_CONTEXT() REPRESENTATION_CONTEXT('2D SPACE',''
  ) );
#2341 = PCURVE('',#739,#2342);
#2342 = DEFINITIONAL_REPRESENTATION('',(#2343),#2347);
#2343 = LINE('',#2344,#2345);
#2344 = CARTESIAN_POINT('',(-6.28318530718,0.));
#2345 = VECTOR('',#2346,1.);
#2346 = DIRECTION('',(1.,0.));
#2347 = ( GEOMETRIC_REPRESENTATION_CONTEXT(2) 
PARAMETRIC_REPRESENTATION_CONTEXT() REPRESENTATION_CONTEXT('2D SPACE',''
  ) );
#2348 = ORIENTED_EDGE('',*,*,#695,.T.);
#2349 = ADVANCED_FACE('',(#2350),#739,.T.);
#2350 = FACE_BOUND('',#2351,.T.);
#2351 = EDGE_LOOP('',(#2352,#2353,#2354,#2377));
#2352 = ORIENTED_EDGE('',*,*,#723,.F.);
#2353 = ORIENTED_EDGE('',*,*,#2323,.T.);
#2354 = ORIENTED_EDGE('',*,*,#2355,.T.);
#2355 = EDGE_CURVE('',#2295,#2356,#2358,.T.);
#2356 = VERTEX_POINT('',#2357);
#2357 = CARTESIAN_POINT('',(-9.923904215637,8.279231831168,-1.5));
#2358 = SURFACE_CURVE('',#2359,(#2363,#2370),.PCURVE_S1.);
#2359 = LINE('',#2360,#2361);
#2360 = CARTESIAN_POINT('',(-9.923904215637,8.279231831168,-3.));
#2361 = VECTOR('',#2362,1.);
#2362 = DIRECTION('',(0.,0.,1.));
#2363 = PCURVE('',#739,#2364);
#2364 = DEFINITIONAL_REPRESENTATION('',(#2365),#2369);
#2365 = LINE('',#2366,#2367);
#2366 = CARTESIAN_POINT('',(0.977596550645,0.));
#2367 = VECTOR('',#2368,1.);
#2368 = DIRECTION('',(0.,1.));
#2369 = ( GEOMETRIC_REPRESENTATION_CONTEXT(2) 
PARAMETRIC_REPRESENTATION_CONTEXT() REPRESENTATION_CONTEXT('2D SPACE',''
  ) );
#2370 = PCURVE('',#2311,#2371);
#2371 = DEFINITIONAL_REPRESENTATION('',(#2372),#2376);
#2372 = LINE('',#2373,#2374);
#2373 = CARTESIAN_POINT('',(2.134451606815,0.));
#2374 = VECTOR('',#2375,1.);
#2375 = DIRECTION('',(0.,1.));
#2376 = ( GEOMETRIC_REPRESENTATION_CONTEXT(2) 
PARAMETRIC_REPRESENTATION_CONTEXT() REPRESENTATION_CONTEXT('2D SPACE',''
  ) );
#2377 = ORIENTED_EDGE('',*,*,#2378,.T.);
#2378 = EDGE_CURVE('',#2356,#724,#2379,.T.);
#2379 = SURFACE_CURVE('',#2380,(#2385,#2392),.PCURVE_S1.);
#2380 = CIRCLE('',#2381,0.75);
#2381 = AXIS2_PLACEMENT_3D('',#2382,#2383,#2384);
#2382 = CARTESIAN_POINT('',(-9.523194517812,7.645250965472,-1.5));
#2383 = DIRECTION('',(0.,0.,-1.));
#2384 = DIRECTION('',(0.402220844067,0.915542676557,0.));
#2385 = PCURVE('',#739,#2386);
#2386 = DEFINITIONAL_REPRESENTATION('',(#2387),#2391);
#2387 = LINE('',#2388,#2389);
#2388 = CARTESIAN_POINT('',(6.28318530718,1.5));
#2389 = VECTOR('',#2390,1.);
#2390 = DIRECTION('',(-1.,0.));
#2391 = ( GEOMETRIC_REPRESENTATION_CONTEXT(2) 
PARAMETRIC_REPRESENTATION_CONTEXT() REPRESENTATION_CONTEXT('2D SPACE',''
  ) );
#2392 = PCURVE('',#765,#2393);
#2393 = DEFINITIONAL_REPRESENTATION('',(#2394),#2398);
#2394 = CIRCLE('',#2395,0.75);
#2395 = AXIS2_PLACEMENT_2D('',#2396,#2397);
#2396 = CARTESIAN_POINT('',(0.284408041958,-0.337648405701));
#2397 = DIRECTION('',(0.402220844067,-0.915542676557));
#2398 = ( GEOMETRIC_REPRESENTATION_CONTEXT(2) 
PARAMETRIC_REPRESENTATION_CONTEXT() REPRESENTATION_CONTEXT('2D SPACE',''
  ) );
#2399 = ADVANCED_FACE('',(#2400),#765,.F.);
#2400 = FACE_BOUND('',#2401,.T.);
#2401 = EDGE_LOOP('',(#2402,#2403,#2431,#2455,#2476,#2477));
#2402 = ORIENTED_EDGE('',*,*,#2378,.F.);
#2403 = ORIENTED_EDGE('',*,*,#2404,.T.);
#2404 = EDGE_CURVE('',#2356,#2405,#2407,.T.);
#2405 = VERTEX_POINT('',#2406);
#2406 = CARTESIAN_POINT('',(-10.77923183116,7.423904215637,-1.5));
#2407 = SURFACE_CURVE('',#2408,(#2413,#2424),.PCURVE_S1.);
#2408 = CIRCLE('',#2409,2.75);
#2409 = AXIS2_PLACEMENT_3D('',#2410,#2411,#2412);
#2410 = CARTESIAN_POINT('',(-8.454635323614,5.954635323614,-1.5));
#2411 = DIRECTION('',(0.,0.,1.));
#2412 = DIRECTION('',(1.,0.,-0.));
#2413 = PCURVE('',#765,#2414);
#2414 = DEFINITIONAL_REPRESENTATION('',(#2415),#2423);
#2415 = ( BOUNDED_CURVE() B_SPLINE_CURVE(2,(#2416,#2417,#2418,#2419,
#2420,#2421,#2422),.UNSPECIFIED.,.T.,.F.) B_SPLINE_CURVE_WITH_KNOTS((1,2
    ,2,2,2,1),(-2.094395102393,0.,2.094395102393,4.188790204786,
6.28318530718,8.377580409573),.UNSPECIFIED.) CURVE() 
GEOMETRIC_REPRESENTATION_ITEM() RATIONAL_B_SPLINE_CURVE((1.,0.5,1.,0.5,
1.,0.5,1.)) REPRESENTATION_ITEM('') );
#2416 = CARTESIAN_POINT('',(4.102967236156,1.352967236156));
#2417 = CARTESIAN_POINT('',(4.102967236156,-3.410172484658));
#2418 = CARTESIAN_POINT('',(-2.20327638437E-02,-1.028602624251));
#2419 = CARTESIAN_POINT('',(-4.147032763844,1.352967236156));
#2420 = CARTESIAN_POINT('',(-2.20327638437E-02,3.734537096564));
#2421 = CARTESIAN_POINT('',(4.102967236156,6.116106956971));
#2422 = CARTESIAN_POINT('',(4.102967236156,1.352967236156));
#2423 = ( GEOMETRIC_REPRESENTATION_CONTEXT(2) 
PARAMETRIC_REPRESENTATION_CONTEXT() REPRESENTATION_CONTEXT('2D SPACE',''
  ) );
#2424 = PCURVE('',#2311,#2425);
#2425 = DEFINITIONAL_REPRESENTATION('',(#2426),#2430);
#2426 = LINE('',#2427,#2428);
#2427 = CARTESIAN_POINT('',(0.,1.5));
#2428 = VECTOR('',#2429,1.);
#2429 = DIRECTION('',(1.,0.));
#2430 = ( GEOMETRIC_REPRESENTATION_CONTEXT(2) 
PARAMETRIC_REPRESENTATION_CONTEXT() REPRESENTATION_CONTEXT('2D SPACE',''
  ) );
#2431 = ORIENTED_EDGE('',*,*,#2432,.F.);
#2432 = EDGE_CURVE('',#2433,#2405,#2435,.T.);
#2433 = VERTEX_POINT('',#2434);
#2434 = CARTESIAN_POINT('',(-10.67558105136,6.492864431923,-1.5));
#2435 = SURFACE_CURVE('',#2436,(#2441,#2448),.PCURVE_S1.);
#2436 = CIRCLE('',#2437,0.75);
#2437 = AXIS2_PLACEMENT_3D('',#2438,#2439,#2440);
#2438 = CARTESIAN_POINT('',(-10.14525096547,7.023194517812,-1.5));
#2439 = DIRECTION('',(0.,0.,-1.));
#2440 = DIRECTION('',(-0.915542676557,-0.402220844067,-0.));
#2441 = PCURVE('',#765,#2442);
#2442 = DEFINITIONAL_REPRESENTATION('',(#2443),#2447);
#2443 = CIRCLE('',#2444,0.75);
#2444 = AXIS2_PLACEMENT_2D('',#2445,#2446);
#2445 = CARTESIAN_POINT('',(-0.337648405701,0.284408041958));
#2446 = DIRECTION('',(-0.915542676557,0.402220844067));
#2447 = ( GEOMETRIC_REPRESENTATION_CONTEXT(2) 
PARAMETRIC_REPRESENTATION_CONTEXT() REPRESENTATION_CONTEXT('2D SPACE',''
  ) );
#2448 = PCURVE('',#2282,#2449);
#2449 = DEFINITIONAL_REPRESENTATION('',(#2450),#2454);
#2450 = LINE('',#2451,#2452);
#2451 = CARTESIAN_POINT('',(12.566370614359,1.5));
#2452 = VECTOR('',#2453,1.);
#2453 = DIRECTION('',(-1.,0.));
#2454 = ( GEOMETRIC_REPRESENTATION_CONTEXT(2) 
PARAMETRIC_REPRESENTATION_CONTEXT() REPRESENTATION_CONTEXT('2D SPACE',''
  ) );
#2455 = ORIENTED_EDGE('',*,*,#2456,.T.);
#2456 = EDGE_CURVE('',#2433,#783,#2457,.T.);
#2457 = SURFACE_CURVE('',#2458,(#2462,#2469),.PCURVE_S1.);
#2458 = LINE('',#2459,#2460);
#2459 = CARTESIAN_POINT('',(-10.67558105136,6.492864431923,-1.5));
#2460 = VECTOR('',#2461,1.);
#2461 = DIRECTION('',(0.707106781187,-0.707106781187,0.));
#2462 = PCURVE('',#765,#2463);
#2463 = DEFINITIONAL_REPRESENTATION('',(#2464),#2468);
#2464 = LINE('',#2465,#2466);
#2465 = CARTESIAN_POINT('',(-0.867978491591,0.814738127848));
#2466 = VECTOR('',#2467,1.);
#2467 = DIRECTION('',(0.707106781187,0.707106781187));
#2468 = ( GEOMETRIC_REPRESENTATION_CONTEXT(2) 
PARAMETRIC_REPRESENTATION_CONTEXT() REPRESENTATION_CONTEXT('2D SPACE',''
  ) );
#2469 = PCURVE('',#2249,#2470);
#2470 = DEFINITIONAL_REPRESENTATION('',(#2471),#2475);
#2471 = LINE('',#2472,#2473);
#2472 = CARTESIAN_POINT('',(0.,1.5));
#2473 = VECTOR('',#2474,1.);
#2474 = DIRECTION('',(1.,0.));
#2475 = ( GEOMETRIC_REPRESENTATION_CONTEXT(2) 
PARAMETRIC_REPRESENTATION_CONTEXT() REPRESENTATION_CONTEXT('2D SPACE',''
  ) );
#2476 = ORIENTED_EDGE('',*,*,#782,.F.);
#2477 = ORIENTED_EDGE('',*,*,#751,.T.);
#2478 = ADVANCED_FACE('',(#2479),#848,.T.);
#2479 = FACE_BOUND('',#2480,.T.);
#2480 = EDGE_LOOP('',(#2481,#2482,#2505,#2544,#2572));
#2481 = ORIENTED_EDGE('',*,*,#832,.T.);
#2482 = ORIENTED_EDGE('',*,*,#2483,.T.);
#2483 = EDGE_CURVE('',#783,#2484,#2486,.T.);
#2484 = VERTEX_POINT('',#2485);
#2485 = CARTESIAN_POINT('',(-9.891584294339,5.7088676749,-1.499999999784
    ));
#2486 = SURFACE_CURVE('',#2487,(#2491,#2498),.PCURVE_S1.);
#2487 = LINE('',#2488,#2489);
#2488 = CARTESIAN_POINT('',(-6.38346968054,2.200753061102,-1.5));
#2489 = VECTOR('',#2490,1.);
#2490 = DIRECTION('',(0.707106781187,-0.707106781187,0.));
#2491 = PCURVE('',#848,#2492);
#2492 = DEFINITIONAL_REPRESENTATION('',(#2493),#2497);
#2493 = LINE('',#2494,#2495);
#2494 = CARTESIAN_POINT('',(-0.288675134595,0.204124145232));
#2495 = VECTOR('',#2496,1.);
#2496 = DIRECTION('',(-0.57735026919,-0.816496580928));
#2497 = ( GEOMETRIC_REPRESENTATION_CONTEXT(2) 
PARAMETRIC_REPRESENTATION_CONTEXT() REPRESENTATION_CONTEXT('2D SPACE',''
  ) );
#2498 = PCURVE('',#2249,#2499);
#2499 = DEFINITIONAL_REPRESENTATION('',(#2500),#2504);
#2500 = LINE('',#2501,#2502);
#2501 = CARTESIAN_POINT('',(6.069962111831,1.5));
#2502 = VECTOR('',#2503,1.);
#2503 = DIRECTION('',(1.,0.));
#2504 = ( GEOMETRIC_REPRESENTATION_CONTEXT(2) 
PARAMETRIC_REPRESENTATION_CONTEXT() REPRESENTATION_CONTEXT('2D SPACE',''
  ) );
#2505 = ORIENTED_EDGE('',*,*,#2506,.T.);
#2506 = EDGE_CURVE('',#2484,#2507,#2509,.T.);
#2507 = VERTEX_POINT('',#2508);
#2508 = CARTESIAN_POINT('',(-10.24513768493,5.355314284307,-1.));
#2509 = SURFACE_CURVE('',#2510,(#2514,#2521),.PCURVE_S1.);
#2510 = LINE('',#2511,#2512);
#2511 = CARTESIAN_POINT('',(-9.891584294339,5.7088676749,-1.499999999784
    ));
#2512 = VECTOR('',#2513,1.);
#2513 = DIRECTION('',(-0.500000000108,-0.500000000108,0.707106781034));
#2514 = PCURVE('',#848,#2515);
#2515 = DEFINITIONAL_REPRESENTATION('',(#2516),#2520);
#2516 = LINE('',#2517,#2518);
#2517 = CARTESIAN_POINT('',(2.575688453199,4.254945978393));
#2518 = VECTOR('',#2519,1.);
#2519 = DIRECTION('',(0.816496580928,-0.57735026919));
#2520 = ( GEOMETRIC_REPRESENTATION_CONTEXT(2) 
PARAMETRIC_REPRESENTATION_CONTEXT() REPRESENTATION_CONTEXT('2D SPACE',''
  ) );
#2521 = PCURVE('',#2522,#2539);
#2522 = B_SPLINE_SURFACE_WITH_KNOTS('',3,3,(
    (#2523,#2524,#2525,#2526)
    ,(#2527,#2528,#2529,#2530)
    ,(#2531,#2532,#2533,#2534)
    ,(#2535,#2536,#2537,#2538
    )),.UNSPECIFIED.,.F.,.F.,.F.,(4,4),(4,4),(0.,1.),(0.491726768398,
    0.496122326519),.PIECEWISE_BEZIER_KNOTS.);
#2523 = CARTESIAN_POINT('',(-9.859824823883,5.678464566265,
    -1.49999908014));
#2524 = CARTESIAN_POINT('',(-9.870637588863,5.688372660981,
    -1.500000307203));
#2525 = CARTESIAN_POINT('',(-9.88122386449,5.698507245052,-1.5));
#2526 = CARTESIAN_POINT('',(-9.891584294339,5.7088676749,-1.5));
#2527 = CARTESIAN_POINT('',(-9.977902014384,5.560387375764,
    -1.333332720094));
#2528 = CARTESIAN_POINT('',(-9.988564000987,5.570446248857,
    -1.333333538135));
#2529 = CARTESIAN_POINT('',(-9.999074994688,5.580656114854,
    -1.333333333333));
#2530 = CARTESIAN_POINT('',(-10.00943542453,5.591016544702,
    -1.333333333333));
#2531 = CARTESIAN_POINT('',(-10.09597920488,5.442310185262,
    -1.166666360047));
#2532 = CARTESIAN_POINT('',(-10.10649041311,5.452519836733,
    -1.166666769068));
#2533 = CARTESIAN_POINT('',(-10.11692612488,5.462804984656,
    -1.166666666667));
#2534 = CARTESIAN_POINT('',(-10.12728655473,5.473165414504,
    -1.166666666667));
#2535 = CARTESIAN_POINT('',(-10.21405639538,5.324232994761,-1.));
#2536 = CARTESIAN_POINT('',(-10.22441682523,5.33459342461,-1.));
#2537 = CARTESIAN_POINT('',(-10.23477725508,5.344953854458,-1.));
#2538 = CARTESIAN_POINT('',(-10.24513768493,5.355314284307,-1.));
#2539 = DEFINITIONAL_REPRESENTATION('',(#2540),#2543);
#2540 = B_SPLINE_CURVE_WITH_KNOTS('',1,(#2541,#2542),.UNSPECIFIED.,.F.,
  .F.,(2,2),(0.,0.707106781034),.PIECEWISE_BEZIER_KNOTS.);
#2541 = CARTESIAN_POINT('',(2.157391884329E-10,0.496122326519));
#2542 = CARTESIAN_POINT('',(1.,0.496122326519));
#2543 = ( GEOMETRIC_REPRESENTATION_CONTEXT(2) 
PARAMETRIC_REPRESENTATION_CONTEXT() REPRESENTATION_CONTEXT('2D SPACE',''
  ) );
#2544 = ORIENTED_EDGE('',*,*,#2545,.T.);
#2545 = EDGE_CURVE('',#2507,#2546,#2548,.T.);
#2546 = VERTEX_POINT('',#2547);
#2547 = CARTESIAN_POINT('',(-10.33748866352,5.447665262901,-1.));
#2548 = SURFACE_CURVE('',#2549,(#2553,#2560),.PCURVE_S1.);
#2549 = LINE('',#2550,#2551);
#2550 = CARTESIAN_POINT('',(-6.737023071134,1.847199670508,-1.));
#2551 = VECTOR('',#2552,1.);
#2552 = DIRECTION('',(-0.707106781187,0.707106781187,0.));
#2553 = PCURVE('',#848,#2554);
#2554 = DEFINITIONAL_REPRESENTATION('',(#2555),#2559);
#2555 = LINE('',#2556,#2557);
#2556 = CARTESIAN_POINT('',(0.288675134595,-0.204124145232));
#2557 = VECTOR('',#2558,1.);
#2558 = DIRECTION('',(0.57735026919,0.816496580928));
#2559 = ( GEOMETRIC_REPRESENTATION_CONTEXT(2) 
PARAMETRIC_REPRESENTATION_CONTEXT() REPRESENTATION_CONTEXT('2D SPACE',''
  ) );
#2560 = PCURVE('',#2561,#2566);
#2561 = PLANE('',#2562);
#2562 = AXIS2_PLACEMENT_3D('',#2563,#2564,#2565);
#2563 = CARTESIAN_POINT('',(0.,0.,-1.));
#2564 = DIRECTION('',(0.,0.,-1.));
#2565 = DIRECTION('',(1.,0.,0.));
#2566 = DEFINITIONAL_REPRESENTATION('',(#2567),#2571);
#2567 = LINE('',#2568,#2569);
#2568 = CARTESIAN_POINT('',(-6.737023071134,-1.847199670508));
#2569 = VECTOR('',#2570,1.);
#2570 = DIRECTION('',(-0.707106781187,-0.707106781187));
#2571 = ( GEOMETRIC_REPRESENTATION_CONTEXT(2) 
PARAMETRIC_REPRESENTATION_CONTEXT() REPRESENTATION_CONTEXT('2D SPACE',''
  ) );
#2572 = ORIENTED_EDGE('',*,*,#2573,.T.);
#2573 = EDGE_CURVE('',#2546,#833,#2574,.T.);
#2574 = SURFACE_CURVE('',#2575,(#2579,#2586),.PCURVE_S1.);
#2575 = LINE('',#2576,#2577);
#2576 = CARTESIAN_POINT('',(-9.988253517627,-0.546793616937,
    2.991775983583));
#2577 = VECTOR('',#2578,1.);
#2578 = DIRECTION('',(-4.843496184375E-02,0.831363597074,-0.553614147156
    ));
#2579 = PCURVE('',#848,#2580);
#2580 = DEFINITIONAL_REPRESENTATION('',(#2581),#2585);
#2581 = LINE('',#2582,#2583);
#2582 = CARTESIAN_POINT('',(5.247946616631,-2.968469483121));
#2583 = VECTOR('',#2584,1.);
#2584 = DIRECTION('',(-0.280082296145,0.95997599313));
#2585 = ( GEOMETRIC_REPRESENTATION_CONTEXT(2) 
PARAMETRIC_REPRESENTATION_CONTEXT() REPRESENTATION_CONTEXT('2D SPACE',''
  ) );
#2586 = PCURVE('',#876,#2587);
#2587 = DEFINITIONAL_REPRESENTATION('',(#2588),#2592);
#2588 = LINE('',#2589,#2590);
#2589 = CARTESIAN_POINT('',(-7.203206383063,3.003204081807));
#2590 = VECTOR('',#2591,1.);
#2591 = DIRECTION('',(-0.831363597074,-0.55572886326));
#2592 = ( GEOMETRIC_REPRESENTATION_CONTEXT(2) 
PARAMETRIC_REPRESENTATION_CONTEXT() REPRESENTATION_CONTEXT('2D SPACE',''
  ) );
#2593 = ADVANCED_FACE('',(#2594),#876,.T.);
#2594 = FACE_BOUND('',#2595,.T.);
#2595 = EDGE_LOOP('',(#2596,#2619,#2647,#2675,#2717,#2745,#2785,#2786));
#2596 = ORIENTED_EDGE('',*,*,#2597,.T.);
#2597 = EDGE_CURVE('',#2546,#2598,#2600,.T.);
#2598 = VERTEX_POINT('',#2599);
#2599 = CARTESIAN_POINT('',(-10.33748866352,-5.447665356033,-1.));
#2600 = SURFACE_CURVE('',#2601,(#2605,#2612),.PCURVE_S1.);
#2601 = LINE('',#2602,#2603);
#2602 = CARTESIAN_POINT('',(-10.33748866352,-3.875,-1.));
#2603 = VECTOR('',#2604,1.);
#2604 = DIRECTION('',(-6.043552755016E-17,-1.,0.));
#2605 = PCURVE('',#876,#2606);
#2606 = DEFINITIONAL_REPRESENTATION('',(#2607),#2611);
#2607 = LINE('',#2608,#2609);
#2608 = CARTESIAN_POINT('',(-3.875,-1.003819837543));
#2609 = VECTOR('',#2610,1.);
#2610 = DIRECTION('',(1.,1.411663305022E-33));
#2611 = ( GEOMETRIC_REPRESENTATION_CONTEXT(2) 
PARAMETRIC_REPRESENTATION_CONTEXT() REPRESENTATION_CONTEXT('2D SPACE',''
  ) );
#2612 = PCURVE('',#2561,#2613);
#2613 = DEFINITIONAL_REPRESENTATION('',(#2614),#2618);
#2614 = LINE('',#2615,#2616);
#2615 = CARTESIAN_POINT('',(-10.33748866352,3.875));
#2616 = VECTOR('',#2617,1.);
#2617 = DIRECTION('',(-6.043552755016E-17,1.));
#2618 = ( GEOMETRIC_REPRESENTATION_CONTEXT(2) 
PARAMETRIC_REPRESENTATION_CONTEXT() REPRESENTATION_CONTEXT('2D SPACE',''
  ) );
#2619 = ORIENTED_EDGE('',*,*,#2620,.F.);
#2620 = EDGE_CURVE('',#2621,#2598,#2623,.T.);
#2621 = VERTEX_POINT('',#2622);
#2622 = CARTESIAN_POINT('',(-10.35899402552,-5.816794894437,
    -1.24580741244));
#2623 = SURFACE_CURVE('',#2624,(#2628,#2635),.PCURVE_S1.);
#2624 = LINE('',#2625,#2626);
#2625 = CARTESIAN_POINT('',(-10.28733431311,-4.586789253712,
    -0.42673315157));
#2626 = VECTOR('',#2627,1.);
#2627 = DIRECTION('',(4.843496184375E-02,0.831363597074,0.553614147156)
  );
#2628 = PCURVE('',#876,#2629);
#2629 = DEFINITIONAL_REPRESENTATION('',(#2630),#2634);
#2630 = LINE('',#2631,#2632);
#2631 = CARTESIAN_POINT('',(-3.163210746288,-0.428363202883));
#2632 = VECTOR('',#2633,1.);
#2633 = DIRECTION('',(-0.831363597074,0.55572886326));
#2634 = ( GEOMETRIC_REPRESENTATION_CONTEXT(2) 
PARAMETRIC_REPRESENTATION_CONTEXT() REPRESENTATION_CONTEXT('2D SPACE',''
  ) );
#2635 = PCURVE('',#2636,#2641);
#2636 = PLANE('',#2637);
#2637 = AXIS2_PLACEMENT_3D('',#2638,#2639,#2640);
#2638 = CARTESIAN_POINT('',(-5.950622716472,-1.414352799572,-1.25));
#2639 = DIRECTION('',(-0.5,0.5,-0.707106781187));
#2640 = DIRECTION('',(-0.816496580928,-2.775557561563E-17,0.57735026919)
  );
#2641 = DEFINITIONAL_REPRESENTATION('',(#2642),#2646);
#2642 = LINE('',#2643,#2644);
#2643 = CARTESIAN_POINT('',(4.016223527683,-3.663214081568));
#2644 = VECTOR('',#2645,1.);
#2645 = DIRECTION('',(0.280082296145,0.95997599313));
#2646 = ( GEOMETRIC_REPRESENTATION_CONTEXT(2) 
PARAMETRIC_REPRESENTATION_CONTEXT() REPRESENTATION_CONTEXT('2D SPACE',''
  ) );
#2647 = ORIENTED_EDGE('',*,*,#2648,.F.);
#2648 = EDGE_CURVE('',#2649,#2621,#2651,.T.);
#2649 = VERTEX_POINT('',#2650);
#2650 = CARTESIAN_POINT('',(-10.20590916667,-5.663710035588,
    0.503960530961));
#2651 = SURFACE_CURVE('',#2652,(#2656,#2663),.PCURVE_S1.);
#2652 = LINE('',#2653,#2654);
#2653 = CARTESIAN_POINT('',(-10.18812255966,-5.645923428577,
    0.707262379393));
#2654 = VECTOR('',#2655,1.);
#2655 = DIRECTION('',(-8.682659386425E-02,-8.682659386425E-02,
    -0.992432509139));
#2656 = PCURVE('',#876,#2657);
#2657 = DEFINITIONAL_REPRESENTATION('',(#2658),#2662);
#2658 = LINE('',#2659,#2660);
#2659 = CARTESIAN_POINT('',(-2.104076571423,0.709964006783));
#2660 = VECTOR('',#2661,1.);
#2661 = DIRECTION('',(8.682659386425E-02,-0.996223440097));
#2662 = ( GEOMETRIC_REPRESENTATION_CONTEXT(2) 
PARAMETRIC_REPRESENTATION_CONTEXT() REPRESENTATION_CONTEXT('2D SPACE',''
  ) );
#2663 = PCURVE('',#2664,#2669);
#2664 = CYLINDRICAL_SURFACE('',#2665,2.05);
#2665 = AXIS2_PLACEMENT_3D('',#2666,#2667,#2668);
#2666 = CARTESIAN_POINT('',(-8.145923428577,-5.645923428577,
    0.528593106761));
#2667 = DIRECTION('',(8.682659386425E-02,8.682659386425E-02,
    0.992432509139));
#2668 = DIRECTION('',(-0.701755757082,-0.701755757082,0.122791346617));
#2669 = DEFINITIONAL_REPRESENTATION('',(#2670),#2674);
#2670 = LINE('',#2671,#2672);
#2671 = CARTESIAN_POINT('',(-0.781600065124,-6.661338147751E-16));
#2672 = VECTOR('',#2673,1.);
#2673 = DIRECTION('',(0.,-1.));
#2674 = ( GEOMETRIC_REPRESENTATION_CONTEXT(2) 
PARAMETRIC_REPRESENTATION_CONTEXT() REPRESENTATION_CONTEXT('2D SPACE',''
  ) );
#2675 = ORIENTED_EDGE('',*,*,#2676,.F.);
#2676 = EDGE_CURVE('',#2677,#2649,#2679,.T.);
#2677 = VERTEX_POINT('',#2678);
#2678 = CARTESIAN_POINT('',(-10.20592274745,-5.576567873623,
    0.503805301908));
#2679 = SURFACE_CURVE('',#2680,(#2685,#2693),.PCURVE_S1.);
#2680 = B_SPLINE_CURVE_WITH_KNOTS('',3,(#2681,#2682,#2683,#2684),
  .UNSPECIFIED.,.F.,.F.,(4,4),(-0.781600065124,-0.740989609687),
  .PIECEWISE_BEZIER_KNOTS.);
#2681 = CARTESIAN_POINT('',(-10.20592274745,-5.576567873623,
    0.503805301908));
#2682 = CARTESIAN_POINT('',(-10.20592274745,-5.605603395645,
    0.503805301908));
#2683 = CARTESIAN_POINT('',(-10.20591831721,-5.634634960023,
    0.503855939884));
#2684 = CARTESIAN_POINT('',(-10.20590916667,-5.663710035588,
    0.503960530961));
#2685 = PCURVE('',#876,#2686);
#2686 = DEFINITIONAL_REPRESENTATION('',(#2687),#2692);
#2687 = B_SPLINE_CURVE_WITH_KNOTS('',3,(#2688,#2689,#2690,#2691),
  .UNSPECIFIED.,.F.,.F.,(4,4),(-0.781600065124,-0.740989609687),
  .PIECEWISE_BEZIER_KNOTS.);
#2688 = CARTESIAN_POINT('',(-2.173432126377,0.505729756315));
#2689 = CARTESIAN_POINT('',(-2.144396604355,0.505729756315));
#2690 = CARTESIAN_POINT('',(-2.115365039977,0.505780587719));
#2691 = CARTESIAN_POINT('',(-2.086289964412,0.505885578318));
#2692 = ( GEOMETRIC_REPRESENTATION_CONTEXT(2) 
PARAMETRIC_REPRESENTATION_CONTEXT() REPRESENTATION_CONTEXT('2D SPACE',''
  ) );
#2693 = PCURVE('',#2694,#2711);
#2694 = B_SPLINE_SURFACE_WITH_KNOTS('',3,3,(
    (#2695,#2696,#2697,#2698)
    ,(#2699,#2700,#2701,#2702)
    ,(#2703,#2704,#2705,#2706)
    ,(#2707,#2708,#2709,#2710
    )),.UNSPECIFIED.,.F.,.F.,.F.,(4,4),(4,4),(0.,1.),(0.740989609687,
    0.781600065124),.PIECEWISE_BEZIER_KNOTS.);
#2695 = CARTESIAN_POINT('',(-10.20590916667,-5.663710035588,
    0.503960530961));
#2696 = CARTESIAN_POINT('',(-10.20591831721,-5.634634960023,
    0.503855939884));
#2697 = CARTESIAN_POINT('',(-10.20592274745,-5.605603395645,
    0.503805301908));
#2698 = CARTESIAN_POINT('',(-10.20592274745,-5.576567873623,
    0.503805301908));
#2699 = CARTESIAN_POINT('',(-9.843237907364,-5.648968713341,
    0.835973687307));
#2700 = CARTESIAN_POINT('',(-9.84343761709,-5.624822082973,
    0.835903959922));
#2701 = CARTESIAN_POINT('',(-9.843537499876,-5.600697710795,
    0.835870201272));
#2702 = CARTESIAN_POINT('',(-9.843537499876,-5.576567873623,
    0.835870201272));
#2703 = CARTESIAN_POINT('',(-9.480566648052,-5.634227391094,
    1.167986843654));
#2704 = CARTESIAN_POINT('',(-9.480956916969,-5.615009205922,
    1.167951979961));
#2705 = CARTESIAN_POINT('',(-9.481152252294,-5.595792025945,
    1.167935100636));
#2706 = CARTESIAN_POINT('',(-9.481152252294,-5.576567873623,
    1.167935100636));
#2707 = CARTESIAN_POINT('',(-9.11789538874,-5.619486068847,1.5));
#2708 = CARTESIAN_POINT('',(-9.118476216849,-5.605196328872,1.5));
#2709 = CARTESIAN_POINT('',(-9.118767004711,-5.590886341095,1.5));
#2710 = CARTESIAN_POINT('',(-9.118767004711,-5.576567873623,1.5));
#2711 = DEFINITIONAL_REPRESENTATION('',(#2712),#2716);
#2712 = LINE('',#2713,#2714);
#2713 = CARTESIAN_POINT('',(-1.529574360808E-15,-1.110223024625E-15));
#2714 = VECTOR('',#2715,1.);
#2715 = DIRECTION('',(-1.996902996505E-15,-1.));
#2716 = ( GEOMETRIC_REPRESENTATION_CONTEXT(2) 
PARAMETRIC_REPRESENTATION_CONTEXT() REPRESENTATION_CONTEXT('2D SPACE',''
  ) );
#2717 = ORIENTED_EDGE('',*,*,#2718,.F.);
#2718 = EDGE_CURVE('',#2719,#2677,#2721,.T.);
#2719 = VERTEX_POINT('',#2720);
#2720 = CARTESIAN_POINT('',(-10.20592274745,5.576567873623,
    0.503805301908));
#2721 = SURFACE_CURVE('',#2722,(#2726,#2733),.PCURVE_S1.);
#2722 = LINE('',#2723,#2724);
#2723 = CARTESIAN_POINT('',(-10.20592274745,-3.875,0.503805301908));
#2724 = VECTOR('',#2725,1.);
#2725 = DIRECTION('',(-6.043552755016E-17,-1.,0.));
#2726 = PCURVE('',#876,#2727);
#2727 = DEFINITIONAL_REPRESENTATION('',(#2728),#2732);
#2728 = LINE('',#2729,#2730);
#2729 = CARTESIAN_POINT('',(-3.875,0.505729756315));
#2730 = VECTOR('',#2731,1.);
#2731 = DIRECTION('',(1.,1.411663305022E-33));
#2732 = ( GEOMETRIC_REPRESENTATION_CONTEXT(2) 
PARAMETRIC_REPRESENTATION_CONTEXT() REPRESENTATION_CONTEXT('2D SPACE',''
  ) );
#2733 = PCURVE('',#2734,#2739);
#2734 = PLANE('',#2735);
#2735 = AXIS2_PLACEMENT_3D('',#2736,#2737,#2738);
#2736 = CARTESIAN_POINT('',(-9.662344876085,-3.875,1.001902650954));
#2737 = DIRECTION('',(-0.675590207616,4.082965060497E-17,0.73727733681)
  );
#2738 = DIRECTION('',(0.73727733681,-6.162975822039E-33,0.675590207616)
  );
#2739 = DEFINITIONAL_REPRESENTATION('',(#2740),#2744);
#2740 = LINE('',#2741,#2742);
#2741 = CARTESIAN_POINT('',(-0.73727733681,0.));
#2742 = VECTOR('',#2743,1.);
#2743 = DIRECTION('',(-4.45577448009E-17,-1.));
#2744 = ( GEOMETRIC_REPRESENTATION_CONTEXT(2) 
PARAMETRIC_REPRESENTATION_CONTEXT() REPRESENTATION_CONTEXT('2D SPACE',''
  ) );
#2745 = ORIENTED_EDGE('',*,*,#2746,.F.);
#2746 = EDGE_CURVE('',#861,#2719,#2747,.T.);
#2747 = SURFACE_CURVE('',#2748,(#2753,#2761),.PCURVE_S1.);
#2748 = B_SPLINE_CURVE_WITH_KNOTS('',3,(#2749,#2750,#2751,#2752),
  .UNSPECIFIED.,.F.,.F.,(4,4),(0.740989609687,0.781600065124),
  .PIECEWISE_BEZIER_KNOTS.);
#2749 = CARTESIAN_POINT('',(-10.20590916667,5.663710035588,
    0.503960530961));
#2750 = CARTESIAN_POINT('',(-10.20591831721,5.634634960023,
    0.503855939884));
#2751 = CARTESIAN_POINT('',(-10.20592274745,5.605603395645,
    0.503805301908));
#2752 = CARTESIAN_POINT('',(-10.20592274745,5.576567873623,
    0.503805301908));
#2753 = PCURVE('',#876,#2754);
#2754 = DEFINITIONAL_REPRESENTATION('',(#2755),#2760);
#2755 = B_SPLINE_CURVE_WITH_KNOTS('',3,(#2756,#2757,#2758,#2759),
  .UNSPECIFIED.,.F.,.F.,(4,4),(0.740989609687,0.781600065124),
  .PIECEWISE_BEZIER_KNOTS.);
#2756 = CARTESIAN_POINT('',(-13.41371003558,0.505885578318));
#2757 = CARTESIAN_POINT('',(-13.38463496002,0.505780587719));
#2758 = CARTESIAN_POINT('',(-13.35560339564,0.505729756315));
#2759 = CARTESIAN_POINT('',(-13.32656787362,0.505729756315));
#2760 = ( GEOMETRIC_REPRESENTATION_CONTEXT(2) 
PARAMETRIC_REPRESENTATION_CONTEXT() REPRESENTATION_CONTEXT('2D SPACE',''
  ) );
#2761 = PCURVE('',#2762,#2779);
#2762 = B_SPLINE_SURFACE_WITH_KNOTS('',3,3,(
    (#2763,#2764,#2765,#2766)
    ,(#2767,#2768,#2769,#2770)
    ,(#2771,#2772,#2773,#2774)
    ,(#2775,#2776,#2777,#2778
    )),.UNSPECIFIED.,.F.,.F.,.F.,(4,4),(4,4),(0.,1.),(-0.781600065124,
    -0.740989609687),.PIECEWISE_BEZIER_KNOTS.);
#2763 = CARTESIAN_POINT('',(-10.20592274745,5.576567873623,
    0.503805301908));
#2764 = CARTESIAN_POINT('',(-10.20592274745,5.605603395645,
    0.503805301908));
#2765 = CARTESIAN_POINT('',(-10.20591831721,5.634634960023,
    0.503855939884));
#2766 = CARTESIAN_POINT('',(-10.20590916667,5.663710035588,
    0.503960530961));
#2767 = CARTESIAN_POINT('',(-9.843537499876,5.576567873623,
    0.835870201272));
#2768 = CARTESIAN_POINT('',(-9.843537499876,5.600697710795,
    0.835870201272));
#2769 = CARTESIAN_POINT('',(-9.84343761709,5.624822082973,0.835903959922
    ));
#2770 = CARTESIAN_POINT('',(-9.843237907364,5.648968713341,
    0.835973687307));
#2771 = CARTESIAN_POINT('',(-9.481152252294,5.576567873623,
    1.167935100636));
#2772 = CARTESIAN_POINT('',(-9.481152252294,5.595792025945,
    1.167935100636));
#2773 = CARTESIAN_POINT('',(-9.480956916969,5.615009205922,
    1.167951979961));
#2774 = CARTESIAN_POINT('',(-9.480566648052,5.634227391094,
    1.167986843654));
#2775 = CARTESIAN_POINT('',(-9.118767004711,5.576567873623,1.5));
#2776 = CARTESIAN_POINT('',(-9.118767004711,5.590886341096,1.5));
#2777 = CARTESIAN_POINT('',(-9.118476216849,5.605196328872,1.5));
#2778 = CARTESIAN_POINT('',(-9.11789538874,5.619486068847,1.5));
#2779 = DEFINITIONAL_REPRESENTATION('',(#2780),#2784);
#2780 = LINE('',#2781,#2782);
#2781 = CARTESIAN_POINT('',(-2.11796954974E-15,-2.22044604925E-16));
#2782 = VECTOR('',#2783,1.);
#2783 = DIRECTION('',(2.760783079613E-15,-1.));
#2784 = ( GEOMETRIC_REPRESENTATION_CONTEXT(2) 
PARAMETRIC_REPRESENTATION_CONTEXT() REPRESENTATION_CONTEXT('2D SPACE',''
  ) );
#2785 = ORIENTED_EDGE('',*,*,#860,.F.);
#2786 = ORIENTED_EDGE('',*,*,#2573,.F.);
#2787 = ADVANCED_FACE('',(#2788),#926,.T.);
#2788 = FACE_BOUND('',#2789,.T.);
#2789 = EDGE_LOOP('',(#2790,#2811,#2836,#2837));
#2790 = ORIENTED_EDGE('',*,*,#2791,.T.);
#2791 = EDGE_CURVE('',#861,#2792,#2794,.T.);
#2792 = VERTEX_POINT('',#2793);
#2793 = CARTESIAN_POINT('',(-9.11789538874,5.619486068847,1.5));
#2794 = SURFACE_CURVE('',#2795,(#2799,#2805),.PCURVE_S1.);
#2795 = LINE('',#2796,#2797);
#2796 = CARTESIAN_POINT('',(-10.20590916667,5.663710035588,
    0.503960530961));
#2797 = VECTOR('',#2798,1.);
#2798 = DIRECTION('',(0.737263899513,-2.9967207064E-02,0.674939929902));
#2799 = PCURVE('',#926,#2800);
#2800 = DEFINITIONAL_REPRESENTATION('',(#2801),#2804);
#2801 = B_SPLINE_CURVE_WITH_KNOTS('',1,(#2802,#2803),.UNSPECIFIED.,.F.,
  .F.,(2,2),(0.,1.475745358826),.PIECEWISE_BEZIER_KNOTS.);
#2802 = CARTESIAN_POINT('',(-6.612734957488E-17,-0.740989609687));
#2803 = CARTESIAN_POINT('',(1.,-0.740989609687));
#2804 = ( GEOMETRIC_REPRESENTATION_CONTEXT(2) 
PARAMETRIC_REPRESENTATION_CONTEXT() REPRESENTATION_CONTEXT('2D SPACE',''
  ) );
#2805 = PCURVE('',#2762,#2806);
#2806 = DEFINITIONAL_REPRESENTATION('',(#2807),#2810);
#2807 = B_SPLINE_CURVE_WITH_KNOTS('',1,(#2808,#2809),.UNSPECIFIED.,.F.,
  .F.,(2,2),(0.,1.475745358826),.PIECEWISE_BEZIER_KNOTS.);
#2808 = CARTESIAN_POINT('',(-1.23079895876E-16,-0.740989609687));
#2809 = CARTESIAN_POINT('',(1.,-0.740989609687));
#2810 = ( GEOMETRIC_REPRESENTATION_CONTEXT(2) 
PARAMETRIC_REPRESENTATION_CONTEXT() REPRESENTATION_CONTEXT('2D SPACE',''
  ) );
#2811 = ORIENTED_EDGE('',*,*,#2812,.T.);
#2812 = EDGE_CURVE('',#2792,#981,#2813,.T.);
#2813 = SURFACE_CURVE('',#2814,(#2820,#2827),.PCURVE_S1.);
#2814 = B_SPLINE_CURVE_WITH_KNOTS('',3,(#2815,#2816,#2817,#2818,#2819),
  .UNSPECIFIED.,.F.,.F.,(4,1,4),(-0.740989609687,-0.105855658527,
    0.740989609687),.QUASI_UNIFORM_KNOTS.);
#2815 = CARTESIAN_POINT('',(-9.11789538874,5.619486068847,1.5));
#2816 = CARTESIAN_POINT('',(-9.108811431223,5.842972826467,1.5));
#2817 = CARTESIAN_POINT('',(-8.918060527078,6.352762673038,1.5));
#2818 = CARTESIAN_POINT('',(-8.41746841234,6.605783445385,1.5));
#2819 = CARTESIAN_POINT('',(-8.119486068847,6.61789538874,1.5));
#2820 = PCURVE('',#926,#2821);
#2821 = DEFINITIONAL_REPRESENTATION('',(#2822),#2826);
#2822 = LINE('',#2823,#2824);
#2823 = CARTESIAN_POINT('',(1.,2.22044604925E-16));
#2824 = VECTOR('',#2825,1.);
#2825 = DIRECTION('',(-7.491488477781E-17,1.));
#2826 = ( GEOMETRIC_REPRESENTATION_CONTEXT(2) 
PARAMETRIC_REPRESENTATION_CONTEXT() REPRESENTATION_CONTEXT('2D SPACE',''
  ) );
#2827 = PCURVE('',#1016,#2828);
#2828 = DEFINITIONAL_REPRESENTATION('',(#2829),#2835);
#2829 = B_SPLINE_CURVE_WITH_KNOTS('',3,(#2830,#2831,#2832,#2833,#2834),
  .UNSPECIFIED.,.F.,.F.,(4,1,4),(-0.740989609687,-0.105855658527,
    0.740989609687),.QUASI_UNIFORM_KNOTS.);
#2830 = CARTESIAN_POINT('',(-9.11789538874,5.619486068847));
#2831 = CARTESIAN_POINT('',(-9.108811431223,5.842972826467));
#2832 = CARTESIAN_POINT('',(-8.918060527078,6.352762673038));
#2833 = CARTESIAN_POINT('',(-8.41746841234,6.605783445385));
#2834 = CARTESIAN_POINT('',(-8.119486068847,6.61789538874));
#2835 = ( GEOMETRIC_REPRESENTATION_CONTEXT(2) 
PARAMETRIC_REPRESENTATION_CONTEXT() REPRESENTATION_CONTEXT('2D SPACE',''
  ) );
#2836 = ORIENTED_EDGE('',*,*,#980,.T.);
#2837 = ORIENTED_EDGE('',*,*,#888,.T.);
#2838 = ADVANCED_FACE('',(#2839,#3263),#1016,.T.);
#2839 = FACE_BOUND('',#2840,.T.);
#2840 = EDGE_LOOP('',(#2841,#2868,#2869,#2870,#2871,#2872,#2897,#2920,
    #2945,#2993,#3035,#3063,#3105,#3153,#3195,#3223));
#2841 = ORIENTED_EDGE('',*,*,#2842,.F.);
#2842 = EDGE_CURVE('',#1081,#2843,#2845,.T.);
#2843 = VERTEX_POINT('',#2844);
#2844 = CARTESIAN_POINT('',(9.11789538874,5.619486068847,1.5));
#2845 = SURFACE_CURVE('',#2846,(#2852,#2861),.PCURVE_S1.);
#2846 = B_SPLINE_CURVE_WITH_KNOTS('',3,(#2847,#2848,#2849,#2850,#2851),
  .UNSPECIFIED.,.F.,.F.,(4,1,4),(-0.740989609687,0.105855658527,
    0.740989609687),.UNSPECIFIED.);
#2847 = CARTESIAN_POINT('',(8.119486068847,6.61789538874,1.5));
#2848 = CARTESIAN_POINT('',(8.41746841234,6.605783445385,1.5));
#2849 = CARTESIAN_POINT('',(8.917779126007,6.352512789273,1.5));
#2850 = CARTESIAN_POINT('',(9.108811431223,5.842972826467,1.5));
#2851 = CARTESIAN_POINT('',(9.11789538874,5.619486068847,1.5));
#2852 = PCURVE('',#1016,#2853);
#2853 = DEFINITIONAL_REPRESENTATION('',(#2854),#2860);
#2854 = B_SPLINE_CURVE_WITH_KNOTS('',3,(#2855,#2856,#2857,#2858,#2859),
  .UNSPECIFIED.,.F.,.F.,(4,1,4),(-0.740989609687,0.105855658527,
    0.740989609687),.UNSPECIFIED.);
#2855 = CARTESIAN_POINT('',(8.119486068847,6.61789538874));
#2856 = CARTESIAN_POINT('',(8.41746841234,6.605783445385));
#2857 = CARTESIAN_POINT('',(8.917779126007,6.352512789273));
#2858 = CARTESIAN_POINT('',(9.108811431223,5.842972826467));
#2859 = CARTESIAN_POINT('',(9.11789538874,5.619486068847));
#2860 = ( GEOMETRIC_REPRESENTATION_CONTEXT(2) 
PARAMETRIC_REPRESENTATION_CONTEXT() REPRESENTATION_CONTEXT('2D SPACE',''
  ) );
#2861 = PCURVE('',#1095,#2862);
#2862 = DEFINITIONAL_REPRESENTATION('',(#2863),#2867);
#2863 = LINE('',#2864,#2865);
#2864 = CARTESIAN_POINT('',(1.,2.6645352591E-15));
#2865 = VECTOR('',#2866,1.);
#2866 = DIRECTION('',(-8.989786173337E-16,1.));
#2867 = ( GEOMETRIC_REPRESENTATION_CONTEXT(2) 
PARAMETRIC_REPRESENTATION_CONTEXT() REPRESENTATION_CONTEXT('2D SPACE',''
  ) );
#2868 = ORIENTED_EDGE('',*,*,#1124,.F.);
#2869 = ORIENTED_EDGE('',*,*,#1056,.F.);
#2870 = ORIENTED_EDGE('',*,*,#1001,.F.);
#2871 = ORIENTED_EDGE('',*,*,#2812,.F.);
#2872 = ORIENTED_EDGE('',*,*,#2873,.F.);
#2873 = EDGE_CURVE('',#2874,#2792,#2876,.T.);
#2874 = VERTEX_POINT('',#2875);
#2875 = CARTESIAN_POINT('',(-9.118767004711,5.576567873623,1.5));
#2876 = SURFACE_CURVE('',#2877,(#2882,#2890),.PCURVE_S1.);
#2877 = B_SPLINE_CURVE_WITH_KNOTS('',3,(#2878,#2879,#2880,#2881),
  .UNSPECIFIED.,.F.,.F.,(4,4),(-0.781600065124,-0.740989609687),
  .PIECEWISE_BEZIER_KNOTS.);
#2878 = CARTESIAN_POINT('',(-9.118767004711,5.576567873623,1.5));
#2879 = CARTESIAN_POINT('',(-9.118767004711,5.590886341096,1.5));
#2880 = CARTESIAN_POINT('',(-9.118476216849,5.605196328872,1.5));
#2881 = CARTESIAN_POINT('',(-9.11789538874,5.619486068847,1.5));
#2882 = PCURVE('',#1016,#2883);
#2883 = DEFINITIONAL_REPRESENTATION('',(#2884),#2889);
#2884 = B_SPLINE_CURVE_WITH_KNOTS('',3,(#2885,#2886,#2887,#2888),
  .UNSPECIFIED.,.F.,.F.,(4,4),(-0.781600065124,-0.740989609687),
  .PIECEWISE_BEZIER_KNOTS.);
#2885 = CARTESIAN_POINT('',(-9.118767004711,5.576567873623));
#2886 = CARTESIAN_POINT('',(-9.118767004711,5.590886341096));
#2887 = CARTESIAN_POINT('',(-9.118476216849,5.605196328872));
#2888 = CARTESIAN_POINT('',(-9.11789538874,5.619486068847));
#2889 = ( GEOMETRIC_REPRESENTATION_CONTEXT(2) 
PARAMETRIC_REPRESENTATION_CONTEXT() REPRESENTATION_CONTEXT('2D SPACE',''
  ) );
#2890 = PCURVE('',#2762,#2891);
#2891 = DEFINITIONAL_REPRESENTATION('',(#2892),#2896);
#2892 = LINE('',#2893,#2894);
#2893 = CARTESIAN_POINT('',(1.,-5.551115123126E-16));
#2894 = VECTOR('',#2895,1.);
#2895 = DIRECTION('',(-8.201506331374E-15,1.));
#2896 = ( GEOMETRIC_REPRESENTATION_CONTEXT(2) 
PARAMETRIC_REPRESENTATION_CONTEXT() REPRESENTATION_CONTEXT('2D SPACE',''
  ) );
#2897 = ORIENTED_EDGE('',*,*,#2898,.F.);
#2898 = EDGE_CURVE('',#2899,#2874,#2901,.T.);
#2899 = VERTEX_POINT('',#2900);
#2900 = CARTESIAN_POINT('',(-9.118767004711,-5.576567873623,1.5));
#2901 = SURFACE_CURVE('',#2902,(#2906,#2913),.PCURVE_S1.);
#2902 = LINE('',#2903,#2904);
#2903 = CARTESIAN_POINT('',(-9.118767004711,-3.875,1.5));
#2904 = VECTOR('',#2905,1.);
#2905 = DIRECTION('',(6.043552755016E-17,1.,0.));
#2906 = PCURVE('',#1016,#2907);
#2907 = DEFINITIONAL_REPRESENTATION('',(#2908),#2912);
#2908 = LINE('',#2909,#2910);
#2909 = CARTESIAN_POINT('',(-9.118767004711,-3.875));
#2910 = VECTOR('',#2911,1.);
#2911 = DIRECTION('',(6.043552755016E-17,1.));
#2912 = ( GEOMETRIC_REPRESENTATION_CONTEXT(2) 
PARAMETRIC_REPRESENTATION_CONTEXT() REPRESENTATION_CONTEXT('2D SPACE',''
  ) );
#2913 = PCURVE('',#2734,#2914);
#2914 = DEFINITIONAL_REPRESENTATION('',(#2915),#2919);
#2915 = LINE('',#2916,#2917);
#2916 = CARTESIAN_POINT('',(0.73727733681,1.54074395551E-32));
#2917 = VECTOR('',#2918,1.);
#2918 = DIRECTION('',(4.45577448009E-17,1.));
#2919 = ( GEOMETRIC_REPRESENTATION_CONTEXT(2) 
PARAMETRIC_REPRESENTATION_CONTEXT() REPRESENTATION_CONTEXT('2D SPACE',''
  ) );
#2920 = ORIENTED_EDGE('',*,*,#2921,.F.);
#2921 = EDGE_CURVE('',#2922,#2899,#2924,.T.);
#2922 = VERTEX_POINT('',#2923);
#2923 = CARTESIAN_POINT('',(-9.11789538874,-5.619486068847,1.5));
#2924 = SURFACE_CURVE('',#2925,(#2930,#2938),.PCURVE_S1.);
#2925 = B_SPLINE_CURVE_WITH_KNOTS('',3,(#2926,#2927,#2928,#2929),
  .UNSPECIFIED.,.F.,.F.,(4,4),(0.740989609687,0.781600065124),
  .PIECEWISE_BEZIER_KNOTS.);
#2926 = CARTESIAN_POINT('',(-9.11789538874,-5.619486068847,1.5));
#2927 = CARTESIAN_POINT('',(-9.118476216849,-5.605196328872,1.5));
#2928 = CARTESIAN_POINT('',(-9.118767004711,-5.590886341095,1.5));
#2929 = CARTESIAN_POINT('',(-9.118767004711,-5.576567873623,1.5));
#2930 = PCURVE('',#1016,#2931);
#2931 = DEFINITIONAL_REPRESENTATION('',(#2932),#2937);
#2932 = B_SPLINE_CURVE_WITH_KNOTS('',3,(#2933,#2934,#2935,#2936),
  .UNSPECIFIED.,.F.,.F.,(4,4),(0.740989609687,0.781600065124),
  .PIECEWISE_BEZIER_KNOTS.);
#2933 = CARTESIAN_POINT('',(-9.11789538874,-5.619486068847));
#2934 = CARTESIAN_POINT('',(-9.118476216849,-5.605196328872));
#2935 = CARTESIAN_POINT('',(-9.118767004711,-5.590886341095));
#2936 = CARTESIAN_POINT('',(-9.118767004711,-5.576567873623));
#2937 = ( GEOMETRIC_REPRESENTATION_CONTEXT(2) 
PARAMETRIC_REPRESENTATION_CONTEXT() REPRESENTATION_CONTEXT('2D SPACE',''
  ) );
#2938 = PCURVE('',#2694,#2939);
#2939 = DEFINITIONAL_REPRESENTATION('',(#2940),#2944);
#2940 = LINE('',#2941,#2942);
#2941 = CARTESIAN_POINT('',(1.,-1.221245327088E-15));
#2942 = VECTOR('',#2943,1.);
#2943 = DIRECTION('',(5.467670887582E-15,1.));
#2944 = ( GEOMETRIC_REPRESENTATION_CONTEXT(2) 
PARAMETRIC_REPRESENTATION_CONTEXT() REPRESENTATION_CONTEXT('2D SPACE',''
  ) );
#2945 = ORIENTED_EDGE('',*,*,#2946,.F.);
#2946 = EDGE_CURVE('',#2947,#2922,#2949,.T.);
#2947 = VERTEX_POINT('',#2948);
#2948 = CARTESIAN_POINT('',(-8.119486068847,-6.61789538874,1.5));
#2949 = SURFACE_CURVE('',#2950,(#2956,#2965),.PCURVE_S1.);
#2950 = B_SPLINE_CURVE_WITH_KNOTS('',3,(#2951,#2952,#2953,#2954,#2955),
  .UNSPECIFIED.,.F.,.F.,(4,1,4),(-0.740989609687,-0.105855658527,
    0.740989609687),.UNSPECIFIED.);
#2951 = CARTESIAN_POINT('',(-8.119486068847,-6.61789538874,1.5));
#2952 = CARTESIAN_POINT('',(-8.342972826467,-6.608811431223,1.5));
#2953 = CARTESIAN_POINT('',(-8.852559965285,-6.417832252229,1.5));
#2954 = CARTESIAN_POINT('',(-9.105783445385,-5.91746841234,1.5));
#2955 = CARTESIAN_POINT('',(-9.11789538874,-5.619486068847,1.5));
#2956 = PCURVE('',#1016,#2957);
#2957 = DEFINITIONAL_REPRESENTATION('',(#2958),#2964);
#2958 = B_SPLINE_CURVE_WITH_KNOTS('',3,(#2959,#2960,#2961,#2962,#2963),
  .UNSPECIFIED.,.F.,.F.,(4,1,4),(-0.740989609687,-0.105855658527,
    0.740989609687),.UNSPECIFIED.);
#2959 = CARTESIAN_POINT('',(-8.119486068847,-6.61789538874));
#2960 = CARTESIAN_POINT('',(-8.342972826467,-6.608811431223));
#2961 = CARTESIAN_POINT('',(-8.852559965285,-6.417832252229));
#2962 = CARTESIAN_POINT('',(-9.105783445385,-5.91746841234));
#2963 = CARTESIAN_POINT('',(-9.11789538874,-5.619486068847));
#2964 = ( GEOMETRIC_REPRESENTATION_CONTEXT(2) 
PARAMETRIC_REPRESENTATION_CONTEXT() REPRESENTATION_CONTEXT('2D SPACE',''
  ) );
#2965 = PCURVE('',#2966,#2987);
#2966 = B_SPLINE_SURFACE_WITH_KNOTS('',3,3,(
    (#2967,#2968,#2969,#2970,#2971)
    ,(#2972,#2973,#2974,#2975,#2976)
    ,(#2977,#2978,#2979,#2980,#2981)
    ,(#2982,#2983,#2984,#2985,#2986
    )),.UNSPECIFIED.,.F.,.F.,.F.,(4,4),(4,1,4),(0.,1.),(-0.740989609687,
    -0.105855658527,0.740989609687),.UNSPECIFIED.);
#2967 = CARTESIAN_POINT('',(-8.163710035588,-7.705909166676,
    0.503960530961));
#2968 = CARTESIAN_POINT('',(-8.618434500639,-7.705766055389,
    0.505596300458));
#2969 = CARTESIAN_POINT('',(-9.696360185297,-7.337519437175,
    0.50927002956));
#2970 = CARTESIAN_POINT('',(-10.20571835162,-6.270009322322,
    0.506141556957));
#2971 = CARTESIAN_POINT('',(-10.20590916667,-5.663710035588,
    0.503960530961));
#2972 = CARTESIAN_POINT('',(-8.148968713341,-7.343237907364,
    0.835973687307));
#2973 = CARTESIAN_POINT('',(-8.526613942581,-7.340114514001,
    0.837064200306));
#2974 = CARTESIAN_POINT('',(-9.415093445293,-7.030957042193,
    0.83951335304));
#2975 = CARTESIAN_POINT('',(-9.839073382879,-6.152495685661,
    0.837427704638));
#2976 = CARTESIAN_POINT('',(-9.843237907364,-5.648968713341,
    0.835973687307));
#2977 = CARTESIAN_POINT('',(-8.134227391094,-6.980566648052,
    1.167986843654));
#2978 = CARTESIAN_POINT('',(-8.434793384524,-6.974462972612,
    1.168532100153));
#2979 = CARTESIAN_POINT('',(-9.133826705289,-6.724394647211,
    1.16975667652));
#2980 = CARTESIAN_POINT('',(-9.472428414132,-6.034982049001,
    1.168713852319));
#2981 = CARTESIAN_POINT('',(-9.480566648052,-5.634227391094,
    1.167986843654));
#2982 = CARTESIAN_POINT('',(-8.119486068847,-6.61789538874,1.5));
#2983 = CARTESIAN_POINT('',(-8.342972826467,-6.608811431223,1.5));
#2984 = CARTESIAN_POINT('',(-8.852559965285,-6.417832252229,1.5));
#2985 = CARTESIAN_POINT('',(-9.105783445385,-5.91746841234,1.5));
#2986 = CARTESIAN_POINT('',(-9.11789538874,-5.619486068847,1.5));
#2987 = DEFINITIONAL_REPRESENTATION('',(#2988),#2992);
#2988 = LINE('',#2989,#2990);
#2989 = CARTESIAN_POINT('',(1.,-1.110223024625E-16));
#2990 = VECTOR('',#2991,1.);
#2991 = DIRECTION('',(1.048808386889E-15,1.));
#2992 = ( GEOMETRIC_REPRESENTATION_CONTEXT(2) 
PARAMETRIC_REPRESENTATION_CONTEXT() REPRESENTATION_CONTEXT('2D SPACE',''
  ) );
#2993 = ORIENTED_EDGE('',*,*,#2994,.F.);
#2994 = EDGE_CURVE('',#2995,#2947,#2997,.T.);
#2995 = VERTEX_POINT('',#2996);
#2996 = CARTESIAN_POINT('',(-8.076567873623,-6.618767004711,1.5));
#2997 = SURFACE_CURVE('',#2998,(#3003,#3011),.PCURVE_S1.);
#2998 = B_SPLINE_CURVE_WITH_KNOTS('',3,(#2999,#3000,#3001,#3002),
  .UNSPECIFIED.,.F.,.F.,(4,4),(-0.781600065124,-0.740989609687),
  .PIECEWISE_BEZIER_KNOTS.);
#2999 = CARTESIAN_POINT('',(-8.076567873623,-6.618767004711,1.5));
#3000 = CARTESIAN_POINT('',(-8.090886341096,-6.618767004711,1.5));
#3001 = CARTESIAN_POINT('',(-8.105196328872,-6.618476216849,1.5));
#3002 = CARTESIAN_POINT('',(-8.119486068847,-6.61789538874,1.5));
#3003 = PCURVE('',#1016,#3004);
#3004 = DEFINITIONAL_REPRESENTATION('',(#3005),#3010);
#3005 = B_SPLINE_CURVE_WITH_KNOTS('',3,(#3006,#3007,#3008,#3009),
  .UNSPECIFIED.,.F.,.F.,(4,4),(-0.781600065124,-0.740989609687),
  .PIECEWISE_BEZIER_KNOTS.);
#3006 = CARTESIAN_POINT('',(-8.076567873623,-6.618767004711));
#3007 = CARTESIAN_POINT('',(-8.090886341096,-6.618767004711));
#3008 = CARTESIAN_POINT('',(-8.105196328872,-6.618476216849));
#3009 = CARTESIAN_POINT('',(-8.119486068847,-6.61789538874));
#3010 = ( GEOMETRIC_REPRESENTATION_CONTEXT(2) 
PARAMETRIC_REPRESENTATION_CONTEXT() REPRESENTATION_CONTEXT('2D SPACE',''
  ) );
#3011 = PCURVE('',#3012,#3029);
#3012 = B_SPLINE_SURFACE_WITH_KNOTS('',3,3,(
    (#3013,#3014,#3015,#3016)
    ,(#3017,#3018,#3019,#3020)
    ,(#3021,#3022,#3023,#3024)
    ,(#3025,#3026,#3027,#3028
    )),.UNSPECIFIED.,.F.,.F.,.F.,(4,4),(4,4),(0.,1.),(-0.781600065124,
    -0.740989609687),.PIECEWISE_BEZIER_KNOTS.);
#3013 = CARTESIAN_POINT('',(-8.076567873623,-7.705922747459,
    0.503805301908));
#3014 = CARTESIAN_POINT('',(-8.105603395645,-7.705922747459,
    0.503805301908));
#3015 = CARTESIAN_POINT('',(-8.134634960023,-7.70591831721,
    0.503855939884));
#3016 = CARTESIAN_POINT('',(-8.163710035588,-7.705909166676,
    0.503960530961));
#3017 = CARTESIAN_POINT('',(-8.076567873623,-7.343537499876,
    0.835870201272));
#3018 = CARTESIAN_POINT('',(-8.100697710795,-7.343537499876,
    0.835870201272));
#3019 = CARTESIAN_POINT('',(-8.124822082973,-7.34343761709,
    0.835903959922));
#3020 = CARTESIAN_POINT('',(-8.148968713341,-7.343237907364,
    0.835973687307));
#3021 = CARTESIAN_POINT('',(-8.076567873623,-6.981152252294,
    1.167935100636));
#3022 = CARTESIAN_POINT('',(-8.095792025945,-6.981152252294,
    1.167935100636));
#3023 = CARTESIAN_POINT('',(-8.115009205922,-6.980956916969,
    1.167951979961));
#3024 = CARTESIAN_POINT('',(-8.134227391094,-6.980566648052,
    1.167986843654));
#3025 = CARTESIAN_POINT('',(-8.076567873623,-6.618767004711,1.5));
#3026 = CARTESIAN_POINT('',(-8.090886341096,-6.618767004711,1.5));
#3027 = CARTESIAN_POINT('',(-8.105196328872,-6.618476216849,1.5));
#3028 = CARTESIAN_POINT('',(-8.119486068847,-6.61789538874,1.5));
#3029 = DEFINITIONAL_REPRESENTATION('',(#3030),#3034);
#3030 = LINE('',#3031,#3032);
#3031 = CARTESIAN_POINT('',(1.,-1.110223024625E-16));
#3032 = VECTOR('',#3033,1.);
#3033 = DIRECTION('',(3.280602532549E-14,1.));
#3034 = ( GEOMETRIC_REPRESENTATION_CONTEXT(2) 
PARAMETRIC_REPRESENTATION_CONTEXT() REPRESENTATION_CONTEXT('2D SPACE',''
  ) );
#3035 = ORIENTED_EDGE('',*,*,#3036,.F.);
#3036 = EDGE_CURVE('',#3037,#2995,#3039,.T.);
#3037 = VERTEX_POINT('',#3038);
#3038 = CARTESIAN_POINT('',(8.076567873623,-6.618767004711,1.5));
#3039 = SURFACE_CURVE('',#3040,(#3044,#3051),.PCURVE_S1.);
#3040 = LINE('',#3041,#3042);
#3041 = CARTESIAN_POINT('',(5.125,-6.618767004711,1.5));
#3042 = VECTOR('',#3043,1.);
#3043 = DIRECTION('',(-1.,0.,0.));
#3044 = PCURVE('',#1016,#3045);
#3045 = DEFINITIONAL_REPRESENTATION('',(#3046),#3050);
#3046 = LINE('',#3047,#3048);
#3047 = CARTESIAN_POINT('',(5.125,-6.618767004711));
#3048 = VECTOR('',#3049,1.);
#3049 = DIRECTION('',(-1.,0.));
#3050 = ( GEOMETRIC_REPRESENTATION_CONTEXT(2) 
PARAMETRIC_REPRESENTATION_CONTEXT() REPRESENTATION_CONTEXT('2D SPACE',''
  ) );
#3051 = PCURVE('',#3052,#3057);
#3052 = PLANE('',#3053);
#3053 = AXIS2_PLACEMENT_3D('',#3054,#3055,#3056);
#3054 = CARTESIAN_POINT('',(5.125,-7.162344876085,1.001902650954));
#3055 = DIRECTION('',(0.,-0.675590207616,0.73727733681));
#3056 = DIRECTION('',(1.,0.,0.));
#3057 = DEFINITIONAL_REPRESENTATION('',(#3058),#3062);
#3058 = LINE('',#3059,#3060);
#3059 = CARTESIAN_POINT('',(0.,0.73727733681));
#3060 = VECTOR('',#3061,1.);
#3061 = DIRECTION('',(-1.,0.));
#3062 = ( GEOMETRIC_REPRESENTATION_CONTEXT(2) 
PARAMETRIC_REPRESENTATION_CONTEXT() REPRESENTATION_CONTEXT('2D SPACE',''
  ) );
#3063 = ORIENTED_EDGE('',*,*,#3064,.F.);
#3064 = EDGE_CURVE('',#3065,#3037,#3067,.T.);
#3065 = VERTEX_POINT('',#3066);
#3066 = CARTESIAN_POINT('',(8.119486068847,-6.61789538874,1.5));
#3067 = SURFACE_CURVE('',#3068,(#3073,#3081),.PCURVE_S1.);
#3068 = B_SPLINE_CURVE_WITH_KNOTS('',3,(#3069,#3070,#3071,#3072),
  .UNSPECIFIED.,.F.,.F.,(4,4),(0.740989609687,0.781600065124),
  .PIECEWISE_BEZIER_KNOTS.);
#3069 = CARTESIAN_POINT('',(8.119486068847,-6.61789538874,1.5));
#3070 = CARTESIAN_POINT('',(8.105196328872,-6.618476216849,1.5));
#3071 = CARTESIAN_POINT('',(8.090886341096,-6.618767004711,1.5));
#3072 = CARTESIAN_POINT('',(8.076567873623,-6.618767004711,1.5));
#3073 = PCURVE('',#1016,#3074);
#3074 = DEFINITIONAL_REPRESENTATION('',(#3075),#3080);
#3075 = B_SPLINE_CURVE_WITH_KNOTS('',3,(#3076,#3077,#3078,#3079),
  .UNSPECIFIED.,.F.,.F.,(4,4),(0.740989609687,0.781600065124),
  .PIECEWISE_BEZIER_KNOTS.);
#3076 = CARTESIAN_POINT('',(8.119486068847,-6.61789538874));
#3077 = CARTESIAN_POINT('',(8.105196328872,-6.618476216849));
#3078 = CARTESIAN_POINT('',(8.090886341096,-6.618767004711));
#3079 = CARTESIAN_POINT('',(8.076567873623,-6.618767004711));
#3080 = ( GEOMETRIC_REPRESENTATION_CONTEXT(2) 
PARAMETRIC_REPRESENTATION_CONTEXT() REPRESENTATION_CONTEXT('2D SPACE',''
  ) );
#3081 = PCURVE('',#3082,#3099);
#3082 = B_SPLINE_SURFACE_WITH_KNOTS('',3,3,(
    (#3083,#3084,#3085,#3086)
    ,(#3087,#3088,#3089,#3090)
    ,(#3091,#3092,#3093,#3094)
    ,(#3095,#3096,#3097,#3098
    )),.UNSPECIFIED.,.F.,.F.,.F.,(4,4),(4,4),(0.,1.),(0.740989609687,
    0.781600065124),.PIECEWISE_BEZIER_KNOTS.);
#3083 = CARTESIAN_POINT('',(8.163710035588,-7.705909166676,
    0.503960530961));
#3084 = CARTESIAN_POINT('',(8.134634960023,-7.70591831721,0.503855939884
    ));
#3085 = CARTESIAN_POINT('',(8.105603395645,-7.705922747459,
    0.503805301908));
#3086 = CARTESIAN_POINT('',(8.076567873623,-7.705922747459,
    0.503805301908));
#3087 = CARTESIAN_POINT('',(8.148968713341,-7.343237907364,
    0.835973687307));
#3088 = CARTESIAN_POINT('',(8.124822082973,-7.34343761709,0.835903959922
    ));
#3089 = CARTESIAN_POINT('',(8.100697710795,-7.343537499876,
    0.835870201272));
#3090 = CARTESIAN_POINT('',(8.076567873623,-7.343537499876,
    0.835870201272));
#3091 = CARTESIAN_POINT('',(8.134227391094,-6.980566648052,
    1.167986843654));
#3092 = CARTESIAN_POINT('',(8.115009205922,-6.980956916969,
    1.167951979961));
#3093 = CARTESIAN_POINT('',(8.095792025945,-6.981152252294,
    1.167935100636));
#3094 = CARTESIAN_POINT('',(8.076567873623,-6.981152252294,
    1.167935100636));
#3095 = CARTESIAN_POINT('',(8.119486068847,-6.61789538874,1.5));
#3096 = CARTESIAN_POINT('',(8.105196328872,-6.618476216849,1.5));
#3097 = CARTESIAN_POINT('',(8.090886341096,-6.618767004711,1.5));
#3098 = CARTESIAN_POINT('',(8.076567873623,-6.618767004711,1.5));
#3099 = DEFINITIONAL_REPRESENTATION('',(#3100),#3104);
#3100 = LINE('',#3101,#3102);
#3101 = CARTESIAN_POINT('',(1.,3.885780586188E-15));
#3102 = VECTOR('',#3103,1.);
#3103 = DIRECTION('',(-2.460451899412E-14,1.));
#3104 = ( GEOMETRIC_REPRESENTATION_CONTEXT(2) 
PARAMETRIC_REPRESENTATION_CONTEXT() REPRESENTATION_CONTEXT('2D SPACE',''
  ) );
#3105 = ORIENTED_EDGE('',*,*,#3106,.F.);
#3106 = EDGE_CURVE('',#3107,#3065,#3109,.T.);
#3107 = VERTEX_POINT('',#3108);
#3108 = CARTESIAN_POINT('',(9.11789538874,-5.619486068847,1.5));
#3109 = SURFACE_CURVE('',#3110,(#3116,#3125),.PCURVE_S1.);
#3110 = B_SPLINE_CURVE_WITH_KNOTS('',3,(#3111,#3112,#3113,#3114,#3115),
  .UNSPECIFIED.,.F.,.F.,(4,1,4),(-0.740989609687,-0.105855658527,
    0.740989609687),.QUASI_UNIFORM_KNOTS.);
#3111 = CARTESIAN_POINT('',(9.11789538874,-5.619486068847,1.5));
#3112 = CARTESIAN_POINT('',(9.108811431223,-5.842972826467,1.5));
#3113 = CARTESIAN_POINT('',(8.917686728493,-6.352430740407,1.5));
#3114 = CARTESIAN_POINT('',(8.41746841234,-6.605783445384,1.5));
#3115 = CARTESIAN_POINT('',(8.119486068847,-6.61789538874,1.5));
#3116 = PCURVE('',#1016,#3117);
#3117 = DEFINITIONAL_REPRESENTATION('',(#3118),#3124);
#3118 = B_SPLINE_CURVE_WITH_KNOTS('',3,(#3119,#3120,#3121,#3122,#3123),
  .UNSPECIFIED.,.F.,.F.,(4,1,4),(-0.740989609687,-0.105855658527,
    0.740989609687),.QUASI_UNIFORM_KNOTS.);
#3119 = CARTESIAN_POINT('',(9.11789538874,-5.619486068847));
#3120 = CARTESIAN_POINT('',(9.108811431223,-5.842972826467));
#3121 = CARTESIAN_POINT('',(8.917686728493,-6.352430740407));
#3122 = CARTESIAN_POINT('',(8.41746841234,-6.605783445384));
#3123 = CARTESIAN_POINT('',(8.119486068847,-6.61789538874));
#3124 = ( GEOMETRIC_REPRESENTATION_CONTEXT(2) 
PARAMETRIC_REPRESENTATION_CONTEXT() REPRESENTATION_CONTEXT('2D SPACE',''
  ) );
#3125 = PCURVE('',#3126,#3147);
#3126 = B_SPLINE_SURFACE_WITH_KNOTS('',3,3,(
    (#3127,#3128,#3129,#3130,#3131)
    ,(#3132,#3133,#3134,#3135,#3136)
    ,(#3137,#3138,#3139,#3140,#3141)
    ,(#3142,#3143,#3144,#3145,#3146
    )),.UNSPECIFIED.,.F.,.F.,.F.,(4,4),(4,1,4),(0.,1.),(-0.740989609687,
    -0.105855658527,0.740989609687),.UNSPECIFIED.);
#3127 = CARTESIAN_POINT('',(10.205909166676,-5.663710035588,
    0.503960530961));
#3128 = CARTESIAN_POINT('',(10.205766055389,-6.118434500639,
    0.505596300458));
#3129 = CARTESIAN_POINT('',(9.837092101992,-7.196025910689,
    0.509260943173));
#3130 = CARTESIAN_POINT('',(8.770009322322,-7.705718351627,
    0.506141556957));
#3131 = CARTESIAN_POINT('',(8.163710035588,-7.705909166676,
    0.503960530961));
#3132 = CARTESIAN_POINT('',(9.843237907364,-5.648968713341,
    0.835973687307));
#3133 = CARTESIAN_POINT('',(9.840114514001,-6.026613942581,
    0.837064200306));
#3134 = CARTESIAN_POINT('',(9.530623644159,-6.914827520595,
    0.839507295448));
#3135 = CARTESIAN_POINT('',(8.652495685661,-7.339073382879,
    0.837427704638));
#3136 = CARTESIAN_POINT('',(8.148968713341,-7.343237907364,
    0.835973687307));
#3137 = CARTESIAN_POINT('',(9.480566648052,-5.634227391094,
    1.167986843654));
#3138 = CARTESIAN_POINT('',(9.474462972612,-5.934793384524,
    1.168532100153));
#3139 = CARTESIAN_POINT('',(9.224155186326,-6.633629130501,
    1.169753647724));
#3140 = CARTESIAN_POINT('',(8.534982049001,-6.972428414132,
    1.168713852319));
#3141 = CARTESIAN_POINT('',(8.134227391094,-6.980566648052,
    1.167986843654));
#3142 = CARTESIAN_POINT('',(9.11789538874,-5.619486068847,1.5));
#3143 = CARTESIAN_POINT('',(9.108811431223,-5.842972826467,1.5));
#3144 = CARTESIAN_POINT('',(8.917686728493,-6.352430740407,1.5));
#3145 = CARTESIAN_POINT('',(8.41746841234,-6.605783445384,1.5));
#3146 = CARTESIAN_POINT('',(8.119486068847,-6.61789538874,1.5));
#3147 = DEFINITIONAL_REPRESENTATION('',(#3148),#3152);
#3148 = LINE('',#3149,#3150);
#3149 = CARTESIAN_POINT('',(1.,-3.330669073875E-16));
#3150 = VECTOR('',#3151,1.);
#3151 = DIRECTION('',(9.738935021115E-16,1.));
#3152 = ( GEOMETRIC_REPRESENTATION_CONTEXT(2) 
PARAMETRIC_REPRESENTATION_CONTEXT() REPRESENTATION_CONTEXT('2D SPACE',''
  ) );
#3153 = ORIENTED_EDGE('',*,*,#3154,.F.);
#3154 = EDGE_CURVE('',#3155,#3107,#3157,.T.);
#3155 = VERTEX_POINT('',#3156);
#3156 = CARTESIAN_POINT('',(9.118767004711,-5.576567873623,1.5));
#3157 = SURFACE_CURVE('',#3158,(#3163,#3171),.PCURVE_S1.);
#3158 = B_SPLINE_CURVE_WITH_KNOTS('',3,(#3159,#3160,#3161,#3162),
  .UNSPECIFIED.,.F.,.F.,(4,4),(-0.781600065124,-0.740989609687),
  .PIECEWISE_BEZIER_KNOTS.);
#3159 = CARTESIAN_POINT('',(9.118767004711,-5.576567873623,1.5));
#3160 = CARTESIAN_POINT('',(9.118767004711,-5.590886341095,1.5));
#3161 = CARTESIAN_POINT('',(9.118476216849,-5.605196328872,1.5));
#3162 = CARTESIAN_POINT('',(9.11789538874,-5.619486068847,1.5));
#3163 = PCURVE('',#1016,#3164);
#3164 = DEFINITIONAL_REPRESENTATION('',(#3165),#3170);
#3165 = B_SPLINE_CURVE_WITH_KNOTS('',3,(#3166,#3167,#3168,#3169),
  .UNSPECIFIED.,.F.,.F.,(4,4),(-0.781600065124,-0.740989609687),
  .PIECEWISE_BEZIER_KNOTS.);
#3166 = CARTESIAN_POINT('',(9.118767004711,-5.576567873623));
#3167 = CARTESIAN_POINT('',(9.118767004711,-5.590886341095));
#3168 = CARTESIAN_POINT('',(9.118476216849,-5.605196328872));
#3169 = CARTESIAN_POINT('',(9.11789538874,-5.619486068847));
#3170 = ( GEOMETRIC_REPRESENTATION_CONTEXT(2) 
PARAMETRIC_REPRESENTATION_CONTEXT() REPRESENTATION_CONTEXT('2D SPACE',''
  ) );
#3171 = PCURVE('',#3172,#3189);
#3172 = B_SPLINE_SURFACE_WITH_KNOTS('',3,3,(
    (#3173,#3174,#3175,#3176)
    ,(#3177,#3178,#3179,#3180)
    ,(#3181,#3182,#3183,#3184)
    ,(#3185,#3186,#3187,#3188
    )),.UNSPECIFIED.,.F.,.F.,.F.,(4,4),(4,4),(0.,1.),(-0.781600065124,
    -0.740989609687),.PIECEWISE_BEZIER_KNOTS.);
#3173 = CARTESIAN_POINT('',(10.205922747459,-5.576567873623,
    0.503805301908));
#3174 = CARTESIAN_POINT('',(10.205922747459,-5.605603395645,
    0.503805301908));
#3175 = CARTESIAN_POINT('',(10.20591831721,-5.634634960023,
    0.503855939884));
#3176 = CARTESIAN_POINT('',(10.205909166676,-5.663710035588,
    0.503960530961));
#3177 = CARTESIAN_POINT('',(9.843537499876,-5.576567873623,
    0.835870201272));
#3178 = CARTESIAN_POINT('',(9.843537499876,-5.600697710795,
    0.835870201272));
#3179 = CARTESIAN_POINT('',(9.84343761709,-5.624822082973,0.835903959922
    ));
#3180 = CARTESIAN_POINT('',(9.843237907364,-5.648968713341,
    0.835973687307));
#3181 = CARTESIAN_POINT('',(9.481152252294,-5.576567873623,
    1.167935100636));
#3182 = CARTESIAN_POINT('',(9.481152252294,-5.595792025945,
    1.167935100636));
#3183 = CARTESIAN_POINT('',(9.480956916969,-5.615009205922,
    1.167951979961));
#3184 = CARTESIAN_POINT('',(9.480566648052,-5.634227391094,
    1.167986843654));
#3185 = CARTESIAN_POINT('',(9.118767004711,-5.576567873623,1.5));
#3186 = CARTESIAN_POINT('',(9.118767004711,-5.590886341095,1.5));
#3187 = CARTESIAN_POINT('',(9.118476216849,-5.605196328872,1.5));
#3188 = CARTESIAN_POINT('',(9.11789538874,-5.619486068847,1.5));
#3189 = DEFINITIONAL_REPRESENTATION('',(#3190),#3194);
#3190 = LINE('',#3191,#3192);
#3191 = CARTESIAN_POINT('',(1.,1.443289932013E-15));
#3192 = VECTOR('',#3193,1.);
#3193 = DIRECTION('',(-2.187068355033E-14,1.));
#3194 = ( GEOMETRIC_REPRESENTATION_CONTEXT(2) 
PARAMETRIC_REPRESENTATION_CONTEXT() REPRESENTATION_CONTEXT('2D SPACE',''
  ) );
#3195 = ORIENTED_EDGE('',*,*,#3196,.F.);
#3196 = EDGE_CURVE('',#3197,#3155,#3199,.T.);
#3197 = VERTEX_POINT('',#3198);
#3198 = CARTESIAN_POINT('',(9.118767004711,5.576567873623,1.5));
#3199 = SURFACE_CURVE('',#3200,(#3204,#3211),.PCURVE_S1.);
#3200 = LINE('',#3201,#3202);
#3201 = CARTESIAN_POINT('',(9.118767004711,3.875,1.5));
#3202 = VECTOR('',#3203,1.);
#3203 = DIRECTION('',(0.,-1.,0.));
#3204 = PCURVE('',#1016,#3205);
#3205 = DEFINITIONAL_REPRESENTATION('',(#3206),#3210);
#3206 = LINE('',#3207,#3208);
#3207 = CARTESIAN_POINT('',(9.118767004711,3.875));
#3208 = VECTOR('',#3209,1.);
#3209 = DIRECTION('',(0.,-1.));
#3210 = ( GEOMETRIC_REPRESENTATION_CONTEXT(2) 
PARAMETRIC_REPRESENTATION_CONTEXT() REPRESENTATION_CONTEXT('2D SPACE',''
  ) );
#3211 = PCURVE('',#3212,#3217);
#3212 = PLANE('',#3213);
#3213 = AXIS2_PLACEMENT_3D('',#3214,#3215,#3216);
#3214 = CARTESIAN_POINT('',(9.662344876085,3.875,1.001902650954));
#3215 = DIRECTION('',(0.675590207616,0.,0.73727733681));
#3216 = DIRECTION('',(0.73727733681,0.,-0.675590207616));
#3217 = DEFINITIONAL_REPRESENTATION('',(#3218),#3222);
#3218 = LINE('',#3219,#3220);
#3219 = CARTESIAN_POINT('',(-0.73727733681,0.));
#3220 = VECTOR('',#3221,1.);
#3221 = DIRECTION('',(0.,-1.));
#3222 = ( GEOMETRIC_REPRESENTATION_CONTEXT(2) 
PARAMETRIC_REPRESENTATION_CONTEXT() REPRESENTATION_CONTEXT('2D SPACE',''
  ) );
#3223 = ORIENTED_EDGE('',*,*,#3224,.F.);
#3224 = EDGE_CURVE('',#2843,#3197,#3225,.T.);
#3225 = SURFACE_CURVE('',#3226,(#3231,#3239),.PCURVE_S1.);
#3226 = B_SPLINE_CURVE_WITH_KNOTS('',3,(#3227,#3228,#3229,#3230),
  .UNSPECIFIED.,.F.,.F.,(4,4),(0.740989609687,0.781600065124),
  .PIECEWISE_BEZIER_KNOTS.);
#3227 = CARTESIAN_POINT('',(9.11789538874,5.619486068847,1.5));
#3228 = CARTESIAN_POINT('',(9.118476216849,5.605196328872,1.5));
#3229 = CARTESIAN_POINT('',(9.118767004711,5.590886341096,1.5));
#3230 = CARTESIAN_POINT('',(9.118767004711,5.576567873623,1.5));
#3231 = PCURVE('',#1016,#3232);
#3232 = DEFINITIONAL_REPRESENTATION('',(#3233),#3238);
#3233 = B_SPLINE_CURVE_WITH_KNOTS('',3,(#3234,#3235,#3236,#3237),
  .UNSPECIFIED.,.F.,.F.,(4,4),(0.740989609687,0.781600065124),
  .PIECEWISE_BEZIER_KNOTS.);
#3234 = CARTESIAN_POINT('',(9.11789538874,5.619486068847));
#3235 = CARTESIAN_POINT('',(9.118476216849,5.605196328872));
#3236 = CARTESIAN_POINT('',(9.118767004711,5.590886341096));
#3237 = CARTESIAN_POINT('',(9.118767004711,5.576567873623));
#3238 = ( GEOMETRIC_REPRESENTATION_CONTEXT(2) 
PARAMETRIC_REPRESENTATION_CONTEXT() REPRESENTATION_CONTEXT('2D SPACE',''
  ) );
#3239 = PCURVE('',#3240,#3257);
#3240 = B_SPLINE_SURFACE_WITH_KNOTS('',3,3,(
    (#3241,#3242,#3243,#3244)
    ,(#3245,#3246,#3247,#3248)
    ,(#3249,#3250,#3251,#3252)
    ,(#3253,#3254,#3255,#3256
    )),.UNSPECIFIED.,.F.,.F.,.F.,(4,4),(4,4),(0.,1.),(0.740989609687,
    0.781600065124),.PIECEWISE_BEZIER_KNOTS.);
#3241 = CARTESIAN_POINT('',(10.205909166676,5.663710035588,
    0.503960530961));
#3242 = CARTESIAN_POINT('',(10.20591831721,5.634634960023,0.503855939884
    ));
#3243 = CARTESIAN_POINT('',(10.205922747459,5.605603395645,
    0.503805301908));
#3244 = CARTESIAN_POINT('',(10.205922747459,5.576567873623,
    0.503805301908));
#3245 = CARTESIAN_POINT('',(9.843237907364,5.648968713341,0.835973687307
    ));
#3246 = CARTESIAN_POINT('',(9.84343761709,5.624822082973,0.835903959922)
  );
#3247 = CARTESIAN_POINT('',(9.843537499876,5.600697710795,0.835870201272
    ));
#3248 = CARTESIAN_POINT('',(9.843537499876,5.576567873623,0.835870201272
    ));
#3249 = CARTESIAN_POINT('',(9.480566648052,5.634227391094,1.167986843654
    ));
#3250 = CARTESIAN_POINT('',(9.480956916969,5.615009205922,1.167951979961
    ));
#3251 = CARTESIAN_POINT('',(9.481152252294,5.595792025945,1.167935100636
    ));
#3252 = CARTESIAN_POINT('',(9.481152252294,5.576567873623,1.167935100636
    ));
#3253 = CARTESIAN_POINT('',(9.11789538874,5.619486068847,1.5));
#3254 = CARTESIAN_POINT('',(9.118476216849,5.605196328872,1.5));
#3255 = CARTESIAN_POINT('',(9.118767004711,5.590886341096,1.5));
#3256 = CARTESIAN_POINT('',(9.118767004711,5.576567873623,1.5));
#3257 = DEFINITIONAL_REPRESENTATION('',(#3258),#3262);
#3258 = LINE('',#3259,#3260);
#3259 = CARTESIAN_POINT('',(1.,2.22044604925E-16));
#3260 = VECTOR('',#3261,1.);
#3261 = DIRECTION('',(0.,1.));
#3262 = ( GEOMETRIC_REPRESENTATION_CONTEXT(2) 
PARAMETRIC_REPRESENTATION_CONTEXT() REPRESENTATION_CONTEXT('2D SPACE',''
  ) );
#3263 = FACE_BOUND('',#3264,.T.);
#3264 = EDGE_LOOP('',(#3265,#3295,#3350,#3373));
#3265 = ORIENTED_EDGE('',*,*,#3266,.T.);
#3266 = EDGE_CURVE('',#3267,#3269,#3271,.T.);
#3267 = VERTEX_POINT('',#3268);
#3268 = CARTESIAN_POINT('',(-2.118767004711,6.016851336039,1.5));
#3269 = VERTEX_POINT('',#3270);
#3270 = CARTESIAN_POINT('',(2.119232995289,6.016851336039,1.5));
#3271 = SURFACE_CURVE('',#3272,(#3276,#3283),.PCURVE_S1.);
#3272 = LINE('',#3273,#3274);
#3273 = CARTESIAN_POINT('',(-2.118767004711,6.016851336039,1.5));
#3274 = VECTOR('',#3275,1.);
#3275 = DIRECTION('',(1.,0.,0.));
#3276 = PCURVE('',#1016,#3277);
#3277 = DEFINITIONAL_REPRESENTATION('',(#3278),#3282);
#3278 = LINE('',#3279,#3280);
#3279 = CARTESIAN_POINT('',(-2.118767004711,6.016851336039));
#3280 = VECTOR('',#3281,1.);
#3281 = DIRECTION('',(1.,0.));
#3282 = ( GEOMETRIC_REPRESENTATION_CONTEXT(2) 
PARAMETRIC_REPRESENTATION_CONTEXT() REPRESENTATION_CONTEXT('2D SPACE',''
  ) );
#3283 = PCURVE('',#3284,#3289);
#3284 = CYLINDRICAL_SURFACE('',#3285,40.45);
#3285 = AXIS2_PLACEMENT_3D('',#3286,#3287,#3288);
#3286 = CARTESIAN_POINT('',(-2.118767004711,0.,41.5));
#3287 = DIRECTION('',(1.,0.,0.));
#3288 = DIRECTION('',(-0.,1.,0.));
#3289 = DEFINITIONAL_REPRESENTATION('',(#3290),#3294);
#3290 = LINE('',#3291,#3292);
#3291 = CARTESIAN_POINT('',(4.861690915615,0.));
#3292 = VECTOR('',#3293,1.);
#3293 = DIRECTION('',(0.,1.));
#3294 = ( GEOMETRIC_REPRESENTATION_CONTEXT(2) 
PARAMETRIC_REPRESENTATION_CONTEXT() REPRESENTATION_CONTEXT('2D SPACE',''
  ) );
#3295 = ORIENTED_EDGE('',*,*,#3296,.T.);
#3296 = EDGE_CURVE('',#3269,#3297,#3299,.T.);
#3297 = VERTEX_POINT('',#3298);
#3298 = CARTESIAN_POINT('',(2.119232995289,-6.016851336039,1.5));
#3299 = SURFACE_CURVE('',#3300,(#3305,#3316),.PCURVE_S1.);
#3300 = CIRCLE('',#3301,6.01685133604);
#3301 = AXIS2_PLACEMENT_3D('',#3302,#3303,#3304);
#3302 = CARTESIAN_POINT('',(2.118767004711,0.,1.5));
#3303 = DIRECTION('',(0.,0.,-1.));
#3304 = DIRECTION('',(0.,1.,0.));
#3305 = PCURVE('',#1016,#3306);
#3306 = DEFINITIONAL_REPRESENTATION('',(#3307),#3315);
#3307 = ( BOUNDED_CURVE() B_SPLINE_CURVE(2,(#3308,#3309,#3310,#3311,
#3312,#3313,#3314),.UNSPECIFIED.,.T.,.F.) B_SPLINE_CURVE_WITH_KNOTS((1,2
    ,2,2,2,1),(-2.094395102393,0.,2.094395102393,4.188790204786,
6.28318530718,8.377580409573),.UNSPECIFIED.) CURVE() 
GEOMETRIC_REPRESENTATION_ITEM() RATIONAL_B_SPLINE_CURVE((1.,0.5,1.,0.5,
1.,0.5,1.)) REPRESENTATION_ITEM('') );
#3308 = CARTESIAN_POINT('',(2.118767004711,6.01685133604));
#3309 = CARTESIAN_POINT('',(12.54025922032,6.01685133604));
#3310 = CARTESIAN_POINT('',(7.329513112516,-3.00842566802));
#3311 = CARTESIAN_POINT('',(2.118767004711,-12.03370267207));
#3312 = CARTESIAN_POINT('',(-3.091979103093,-3.00842566802));
#3313 = CARTESIAN_POINT('',(-8.302725210898,6.01685133604));
#3314 = CARTESIAN_POINT('',(2.118767004711,6.01685133604));
#3315 = ( GEOMETRIC_REPRESENTATION_CONTEXT(2) 
PARAMETRIC_REPRESENTATION_CONTEXT() REPRESENTATION_CONTEXT('2D SPACE',''
  ) );
#3316 = PCURVE('',#3317,#3322);
#3317 = SPHERICAL_SURFACE('',#3318,40.45);
#3318 = AXIS2_PLACEMENT_3D('',#3319,#3320,#3321);
#3319 = CARTESIAN_POINT('',(2.118767004711,0.,41.5));
#3320 = DIRECTION('',(1.,-4.391487860075E-17,0.));
#3321 = DIRECTION('',(-4.391487860075E-17,-1.,0.));
#3322 = DEFINITIONAL_REPRESENTATION('',(#3323),#3349);
#3323 = B_SPLINE_CURVE_WITH_KNOTS('',3,(#3324,#3325,#3326,#3327,#3328,
    #3329,#3330,#3331,#3332,#3333,#3334,#3335,#3336,#3337,#3338,#3339,
    #3340,#3341,#3342,#3343,#3344,#3345,#3346,#3347,#3348),
  .UNSPECIFIED.,.F.,.F.,(4,1,1,1,1,1,1,1,1,1,1,1,1,1,1,1,1,1,1,1,1,1,4),
  (7.744758027815E-05,0.142870072963,0.285662698347,0.42845532373,
    0.571247949113,0.714040574496,0.856833199879,0.999625825262,
    1.142418450645,1.285211076029,1.428003701412,1.570796326795,
    1.713588952178,1.856381577561,1.999174202944,2.141966828327,
    2.284759453711,2.427552079094,2.570344704477,2.71313732986,
    2.855929955243,2.998722580626,3.14151520601),.QUASI_UNIFORM_KNOTS.);
#3324 = CARTESIAN_POINT('',(1.720098261584,1.15201625813E-05));
#3325 = CARTESIAN_POINT('',(1.72010215877,7.092250248662E-03));
#3326 = CARTESIAN_POINT('',(1.719093372129,2.125117449648E-02));
#3327 = CARTESIAN_POINT('',(1.714615493046,4.206838778381E-02));
#3328 = CARTESIAN_POINT('',(1.707236979278,6.204594628304E-02));
#3329 = CARTESIAN_POINT('',(1.697095323449,8.078257566371E-02));
#3330 = CARTESIAN_POINT('',(1.684376486077,9.789750367072E-02));
#3331 = CARTESIAN_POINT('',(1.669321274627,0.113039113696));
#3332 = CARTESIAN_POINT('',(1.652221966108,0.125892369904));
#3333 = CARTESIAN_POINT('',(1.633419458292,0.136186510784));
#3334 = CARTESIAN_POINT('',(1.613297602069,0.143702187192));
#3335 = CARTESIAN_POINT('',(1.592275303433,0.14827772823));
#3336 = CARTESIAN_POINT('',(1.570796326795,0.149814038731));
#3337 = CARTESIAN_POINT('',(1.549317350156,0.14827772823));
#3338 = CARTESIAN_POINT('',(1.528295051521,0.143702187192));
#3339 = CARTESIAN_POINT('',(1.508173195298,0.136186510784));
#3340 = CARTESIAN_POINT('',(1.489370687481,0.125892369904));
#3341 = CARTESIAN_POINT('',(1.472271378963,0.113039113696));
#3342 = CARTESIAN_POINT('',(1.457216167513,9.789750367072E-02));
#3343 = CARTESIAN_POINT('',(1.444497330141,8.078257566371E-02));
#3344 = CARTESIAN_POINT('',(1.434355674312,6.204594628304E-02));
#3345 = CARTESIAN_POINT('',(1.426977160543,4.206838778381E-02));
#3346 = CARTESIAN_POINT('',(1.422499281461,2.125117449648E-02));
#3347 = CARTESIAN_POINT('',(1.42149049482,7.092250248662E-03));
#3348 = CARTESIAN_POINT('',(1.421494392005,1.152016258134E-05));
#3349 = ( GEOMETRIC_REPRESENTATION_CONTEXT(2) 
PARAMETRIC_REPRESENTATION_CONTEXT() REPRESENTATION_CONTEXT('2D SPACE',''
  ) );
#3350 = ORIENTED_EDGE('',*,*,#3351,.T.);
#3351 = EDGE_CURVE('',#3297,#3352,#3354,.T.);
#3352 = VERTEX_POINT('',#3353);
#3353 = CARTESIAN_POINT('',(-2.118767004711,-6.016851336039,1.5));
#3354 = SURFACE_CURVE('',#3355,(#3359,#3366),.PCURVE_S1.);
#3355 = LINE('',#3356,#3357);
#3356 = CARTESIAN_POINT('',(-2.118767004711,-6.016851336039,1.5));
#3357 = VECTOR('',#3358,1.);
#3358 = DIRECTION('',(-1.,0.,0.));
#3359 = PCURVE('',#1016,#3360);
#3360 = DEFINITIONAL_REPRESENTATION('',(#3361),#3365);
#3361 = LINE('',#3362,#3363);
#3362 = CARTESIAN_POINT('',(-2.118767004711,-6.016851336039));
#3363 = VECTOR('',#3364,1.);
#3364 = DIRECTION('',(-1.,0.));
#3365 = ( GEOMETRIC_REPRESENTATION_CONTEXT(2) 
PARAMETRIC_REPRESENTATION_CONTEXT() REPRESENTATION_CONTEXT('2D SPACE',''
  ) );
#3366 = PCURVE('',#3284,#3367);
#3367 = DEFINITIONAL_REPRESENTATION('',(#3368),#3372);
#3368 = LINE('',#3369,#3370);
#3369 = CARTESIAN_POINT('',(4.563087045154,0.));
#3370 = VECTOR('',#3371,1.);
#3371 = DIRECTION('',(0.,-1.));
#3372 = ( GEOMETRIC_REPRESENTATION_CONTEXT(2) 
PARAMETRIC_REPRESENTATION_CONTEXT() REPRESENTATION_CONTEXT('2D SPACE',''
  ) );
#3373 = ORIENTED_EDGE('',*,*,#3374,.T.);
#3374 = EDGE_CURVE('',#3352,#3267,#3375,.T.);
#3375 = SURFACE_CURVE('',#3376,(#3381,#3392),.PCURVE_S1.);
#3376 = CIRCLE('',#3377,6.016851336039);
#3377 = AXIS2_PLACEMENT_3D('',#3378,#3379,#3380);
#3378 = CARTESIAN_POINT('',(-2.118767004711,0.,1.5));
#3379 = DIRECTION('',(0.,0.,-1.));
#3380 = DIRECTION('',(0.,1.,0.));
#3381 = PCURVE('',#1016,#3382);
#3382 = DEFINITIONAL_REPRESENTATION('',(#3383),#3391);
#3383 = ( BOUNDED_CURVE() B_SPLINE_CURVE(2,(#3384,#3385,#3386,#3387,
#3388,#3389,#3390),.UNSPECIFIED.,.T.,.F.) B_SPLINE_CURVE_WITH_KNOTS((1,2
    ,2,2,2,1),(-2.094395102393,0.,2.094395102393,4.188790204786,
6.28318530718,8.377580409573),.UNSPECIFIED.) CURVE() 
GEOMETRIC_REPRESENTATION_ITEM() RATIONAL_B_SPLINE_CURVE((1.,0.5,1.,0.5,
1.,0.5,1.)) REPRESENTATION_ITEM('') );
#3384 = CARTESIAN_POINT('',(-2.118767004711,6.016851336039));
#3385 = CARTESIAN_POINT('',(8.302725210898,6.016851336039));
#3386 = CARTESIAN_POINT('',(3.091979103093,-3.00842566802));
#3387 = CARTESIAN_POINT('',(-2.118767004711,-12.03370267207));
#3388 = CARTESIAN_POINT('',(-7.329513112516,-3.00842566802));
#3389 = CARTESIAN_POINT('',(-12.54025922032,6.016851336039));
#3390 = CARTESIAN_POINT('',(-2.118767004711,6.016851336039));
#3391 = ( GEOMETRIC_REPRESENTATION_CONTEXT(2) 
PARAMETRIC_REPRESENTATION_CONTEXT() REPRESENTATION_CONTEXT('2D SPACE',''
  ) );
#3392 = PCURVE('',#3393,#3398);
#3393 = SPHERICAL_SURFACE('',#3394,40.45);
#3394 = AXIS2_PLACEMENT_3D('',#3395,#3396,#3397);
#3395 = CARTESIAN_POINT('',(-2.118767004711,0.,41.5));
#3396 = DIRECTION('',(1.,-4.391487860075E-17,0.));
#3397 = DIRECTION('',(-4.391487860075E-17,-1.,0.));
#3398 = DEFINITIONAL_REPRESENTATION('',(#3399),#3425);
#3399 = B_SPLINE_CURVE_WITH_KNOTS('',3,(#3400,#3401,#3402,#3403,#3404,
    #3405,#3406,#3407,#3408,#3409,#3410,#3411,#3412,#3413,#3414,#3415,
    #3416,#3417,#3418,#3419,#3420,#3421,#3422,#3423,#3424),
  .UNSPECIFIED.,.F.,.F.,(4,1,1,1,1,1,1,1,1,1,1,1,1,1,1,1,1,1,1,1,1,1,4),
  (3.14159265359,3.284392319662,3.427191985734,3.569991651807,
    3.712791317879,3.855590983951,3.998390650023,4.141190316096,
    4.283989982168,4.42678964824,4.569589314312,4.712388980385,
    4.855188646457,4.997988312529,5.140787978601,5.283587644674,
    5.426387310746,5.569186976818,5.711986642891,5.854786308963,
    5.997585975035,6.140385641107,6.28318530718),.QUASI_UNIFORM_KNOTS.);
#3400 = CARTESIAN_POINT('',(1.421494391564,0.));
#3401 = CARTESIAN_POINT('',(1.421489951284,-7.081079056961E-03));
#3402 = CARTESIAN_POINT('',(1.422497753609,-2.124077840981E-02));
#3403 = CARTESIAN_POINT('',(1.426974474011,-4.205931958395E-02));
#3404 = CARTESIAN_POINT('',(1.434352163147,-6.20383052427E-02));
#3405 = CARTESIAN_POINT('',(1.44449333038,-8.077639403481E-02));
#3406 = CARTESIAN_POINT('',(1.457212007615,-9.789274812539E-02));
#3407 = CARTESIAN_POINT('',(1.472267368699,-0.113035688338));
#3408 = CARTESIAN_POINT('',(1.489367107077,-0.125890121224));
#3409 = CARTESIAN_POINT('',(1.508170284767,-0.136185234549));
#3410 = CARTESIAN_POINT('',(1.528293000866,-0.143701637249));
#3411 = CARTESIAN_POINT('',(1.549316291105,-0.148277627043));
#3412 = CARTESIAN_POINT('',(1.570796326795,-0.149814089325));
#3413 = CARTESIAN_POINT('',(1.592276362485,-0.148277627043));
#3414 = CARTESIAN_POINT('',(1.613299652724,-0.143701637249));
#3415 = CARTESIAN_POINT('',(1.633422368823,-0.136185234549));
#3416 = CARTESIAN_POINT('',(1.652225546513,-0.125890121224));
#3417 = CARTESIAN_POINT('',(1.669325284891,-0.113035688338));
#3418 = CARTESIAN_POINT('',(1.684380645974,-9.789274812539E-02));
#3419 = CARTESIAN_POINT('',(1.697099323209,-8.077639403481E-02));
#3420 = CARTESIAN_POINT('',(1.707240490443,-6.20383052427E-02));
#3421 = CARTESIAN_POINT('',(1.714618179578,-4.205931958395E-02));
#3422 = CARTESIAN_POINT('',(1.719094899981,-2.124077840982E-02));
#3423 = CARTESIAN_POINT('',(1.720102702306,-7.081079056961E-03));
#3424 = CARTESIAN_POINT('',(1.720098262026,-4.391487860075E-17));
#3425 = ( GEOMETRIC_REPRESENTATION_CONTEXT(2) 
PARAMETRIC_REPRESENTATION_CONTEXT() REPRESENTATION_CONTEXT('2D SPACE',''
  ) );
#3426 = ADVANCED_FACE('',(#3427),#1095,.T.);
#3427 = FACE_BOUND('',#3428,.T.);
#3428 = EDGE_LOOP('',(#3429,#3430,#3431,#3450));
#3429 = ORIENTED_EDGE('',*,*,#1080,.T.);
#3430 = ORIENTED_EDGE('',*,*,#2842,.T.);
#3431 = ORIENTED_EDGE('',*,*,#3432,.T.);
#3432 = EDGE_CURVE('',#2843,#1175,#3433,.T.);
#3433 = SURFACE_CURVE('',#3434,(#3438,#3444),.PCURVE_S1.);
#3434 = LINE('',#3435,#3436);
#3435 = CARTESIAN_POINT('',(9.11789538874,5.619486068847,1.5));
#3436 = VECTOR('',#3437,1.);
#3437 = DIRECTION('',(0.737263899513,2.9967207064E-02,-0.674939929902));
#3438 = PCURVE('',#1095,#3439);
#3439 = DEFINITIONAL_REPRESENTATION('',(#3440),#3443);
#3440 = B_SPLINE_CURVE_WITH_KNOTS('',1,(#3441,#3442),.UNSPECIFIED.,.F.,
  .F.,(2,2),(0.,1.475745358826),.PIECEWISE_BEZIER_KNOTS.);
#3441 = CARTESIAN_POINT('',(1.,0.740989609687));
#3442 = CARTESIAN_POINT('',(-1.978539631471E-15,0.740989609687));
#3443 = ( GEOMETRIC_REPRESENTATION_CONTEXT(2) 
PARAMETRIC_REPRESENTATION_CONTEXT() REPRESENTATION_CONTEXT('2D SPACE',''
  ) );
#3444 = PCURVE('',#3240,#3445);
#3445 = DEFINITIONAL_REPRESENTATION('',(#3446),#3449);
#3446 = B_SPLINE_CURVE_WITH_KNOTS('',1,(#3447,#3448),.UNSPECIFIED.,.F.,
  .F.,(2,2),(0.,1.475745358826),.PIECEWISE_BEZIER_KNOTS.);
#3447 = CARTESIAN_POINT('',(1.,0.740989609687));
#3448 = CARTESIAN_POINT('',(-3.04448173104E-15,0.740989609687));
#3449 = ( GEOMETRIC_REPRESENTATION_CONTEXT(2) 
PARAMETRIC_REPRESENTATION_CONTEXT() REPRESENTATION_CONTEXT('2D SPACE',''
  ) );
#3450 = ORIENTED_EDGE('',*,*,#1174,.T.);
#3451 = ADVANCED_FACE('',(#3452),#1237,.T.);
#3452 = FACE_BOUND('',#3453,.T.);
#3453 = EDGE_LOOP('',(#3454,#3484,#3505,#3506,#3531,#3554,#3579,#3607));
#3454 = ORIENTED_EDGE('',*,*,#3455,.T.);
#3455 = EDGE_CURVE('',#3456,#3458,#3460,.T.);
#3456 = VERTEX_POINT('',#3457);
#3457 = CARTESIAN_POINT('',(10.337488663526,-5.447665262901,-1.));
#3458 = VERTEX_POINT('',#3459);
#3459 = CARTESIAN_POINT('',(10.337488663526,5.447665262901,-1.));
#3460 = SURFACE_CURVE('',#3461,(#3465,#3472),.PCURVE_S1.);
#3461 = LINE('',#3462,#3463);
#3462 = CARTESIAN_POINT('',(10.337488663526,3.875,-1.));
#3463 = VECTOR('',#3464,1.);
#3464 = DIRECTION('',(0.,1.,0.));
#3465 = PCURVE('',#1237,#3466);
#3466 = DEFINITIONAL_REPRESENTATION('',(#3467),#3471);
#3467 = LINE('',#3468,#3469);
#3468 = CARTESIAN_POINT('',(-3.875,-1.003819837543));
#3469 = VECTOR('',#3470,1.);
#3470 = DIRECTION('',(1.,0.));
#3471 = ( GEOMETRIC_REPRESENTATION_CONTEXT(2) 
PARAMETRIC_REPRESENTATION_CONTEXT() REPRESENTATION_CONTEXT('2D SPACE',''
  ) );
#3472 = PCURVE('',#3473,#3478);
#3473 = PLANE('',#3474);
#3474 = AXIS2_PLACEMENT_3D('',#3475,#3476,#3477);
#3475 = CARTESIAN_POINT('',(0.,0.,-1.));
#3476 = DIRECTION('',(0.,0.,-1.));
#3477 = DIRECTION('',(1.,0.,0.));
#3478 = DEFINITIONAL_REPRESENTATION('',(#3479),#3483);
#3479 = LINE('',#3480,#3481);
#3480 = CARTESIAN_POINT('',(10.337488663526,-3.875));
#3481 = VECTOR('',#3482,1.);
#3482 = DIRECTION('',(0.,-1.));
#3483 = ( GEOMETRIC_REPRESENTATION_CONTEXT(2) 
PARAMETRIC_REPRESENTATION_CONTEXT() REPRESENTATION_CONTEXT('2D SPACE',''
  ) );
#3484 = ORIENTED_EDGE('',*,*,#3485,.F.);
#3485 = EDGE_CURVE('',#1222,#3458,#3486,.T.);
#3486 = SURFACE_CURVE('',#3487,(#3491,#3498),.PCURVE_S1.);
#3487 = LINE('',#3488,#3489);
#3488 = CARTESIAN_POINT('',(10.287334316125,4.586789212277,
    -0.426733185996));
#3489 = VECTOR('',#3490,1.);
#3490 = DIRECTION('',(-4.843496184375E-02,-0.831363597074,0.553614147156
    ));
#3491 = PCURVE('',#1237,#3492);
#3492 = DEFINITIONAL_REPRESENTATION('',(#3493),#3497);
#3493 = LINE('',#3494,#3495);
#3494 = CARTESIAN_POINT('',(-3.163210787723,-0.428363237441));
#3495 = VECTOR('',#3496,1.);
#3496 = DIRECTION('',(-0.831363597074,0.55572886326));
#3497 = ( GEOMETRIC_REPRESENTATION_CONTEXT(2) 
PARAMETRIC_REPRESENTATION_CONTEXT() REPRESENTATION_CONTEXT('2D SPACE',''
  ) );
#3498 = PCURVE('',#1265,#3499);
#3499 = DEFINITIONAL_REPRESENTATION('',(#3500),#3504);
#3500 = LINE('',#3501,#3502);
#3501 = CARTESIAN_POINT('',(-4.016223466701,3.663214079654));
#3502 = VECTOR('',#3503,1.);
#3503 = DIRECTION('',(-0.280082296145,-0.95997599313));
#3504 = ( GEOMETRIC_REPRESENTATION_CONTEXT(2) 
PARAMETRIC_REPRESENTATION_CONTEXT() REPRESENTATION_CONTEXT('2D SPACE',''
  ) );
#3505 = ORIENTED_EDGE('',*,*,#1221,.F.);
#3506 = ORIENTED_EDGE('',*,*,#3507,.F.);
#3507 = EDGE_CURVE('',#3508,#1175,#3510,.T.);
#3508 = VERTEX_POINT('',#3509);
#3509 = CARTESIAN_POINT('',(10.205922747459,5.576567873623,
    0.503805301908));
#3510 = SURFACE_CURVE('',#3511,(#3516,#3524),.PCURVE_S1.);
#3511 = B_SPLINE_CURVE_WITH_KNOTS('',3,(#3512,#3513,#3514,#3515),
  .UNSPECIFIED.,.F.,.F.,(4,4),(-0.781600065124,-0.740989609687),
  .PIECEWISE_BEZIER_KNOTS.);
#3512 = CARTESIAN_POINT('',(10.205922747459,5.576567873623,
    0.503805301908));
#3513 = CARTESIAN_POINT('',(10.205922747459,5.605603395645,
    0.503805301908));
#3514 = CARTESIAN_POINT('',(10.20591831721,5.634634960023,0.503855939884
    ));
#3515 = CARTESIAN_POINT('',(10.205909166676,5.663710035588,
    0.503960530961));
#3516 = PCURVE('',#1237,#3517);
#3517 = DEFINITIONAL_REPRESENTATION('',(#3518),#3523);
#3518 = B_SPLINE_CURVE_WITH_KNOTS('',3,(#3519,#3520,#3521,#3522),
  .UNSPECIFIED.,.F.,.F.,(4,4),(-0.781600065124,-0.740989609687),
  .PIECEWISE_BEZIER_KNOTS.);
#3519 = CARTESIAN_POINT('',(-2.173432126377,0.505729756315));
#3520 = CARTESIAN_POINT('',(-2.144396604355,0.505729756315));
#3521 = CARTESIAN_POINT('',(-2.115365039977,0.505780587719));
#3522 = CARTESIAN_POINT('',(-2.086289964412,0.505885578318));
#3523 = ( GEOMETRIC_REPRESENTATION_CONTEXT(2) 
PARAMETRIC_REPRESENTATION_CONTEXT() REPRESENTATION_CONTEXT('2D SPACE',''
  ) );
#3524 = PCURVE('',#3240,#3525);
#3525 = DEFINITIONAL_REPRESENTATION('',(#3526),#3530);
#3526 = LINE('',#3527,#3528);
#3527 = CARTESIAN_POINT('',(2.043222776473E-14,2.22044604925E-16));
#3528 = VECTOR('',#3529,1.);
#3529 = DIRECTION('',(2.996392459496E-14,-1.));
#3530 = ( GEOMETRIC_REPRESENTATION_CONTEXT(2) 
PARAMETRIC_REPRESENTATION_CONTEXT() REPRESENTATION_CONTEXT('2D SPACE',''
  ) );
#3531 = ORIENTED_EDGE('',*,*,#3532,.F.);
#3532 = EDGE_CURVE('',#3533,#3508,#3535,.T.);
#3533 = VERTEX_POINT('',#3534);
#3534 = CARTESIAN_POINT('',(10.205922747459,-5.576567873623,
    0.503805301908));
#3535 = SURFACE_CURVE('',#3536,(#3540,#3547),.PCURVE_S1.);
#3536 = LINE('',#3537,#3538);
#3537 = CARTESIAN_POINT('',(10.205922747459,3.875,0.503805301908));
#3538 = VECTOR('',#3539,1.);
#3539 = DIRECTION('',(0.,1.,0.));
#3540 = PCURVE('',#1237,#3541);
#3541 = DEFINITIONAL_REPRESENTATION('',(#3542),#3546);
#3542 = LINE('',#3543,#3544);
#3543 = CARTESIAN_POINT('',(-3.875,0.505729756315));
#3544 = VECTOR('',#3545,1.);
#3545 = DIRECTION('',(1.,0.));
#3546 = ( GEOMETRIC_REPRESENTATION_CONTEXT(2) 
PARAMETRIC_REPRESENTATION_CONTEXT() REPRESENTATION_CONTEXT('2D SPACE',''
  ) );
#3547 = PCURVE('',#3212,#3548);
#3548 = DEFINITIONAL_REPRESENTATION('',(#3549),#3553);
#3549 = LINE('',#3550,#3551);
#3550 = CARTESIAN_POINT('',(0.73727733681,0.));
#3551 = VECTOR('',#3552,1.);
#3552 = DIRECTION('',(0.,1.));
#3553 = ( GEOMETRIC_REPRESENTATION_CONTEXT(2) 
PARAMETRIC_REPRESENTATION_CONTEXT() REPRESENTATION_CONTEXT('2D SPACE',''
  ) );
#3554 = ORIENTED_EDGE('',*,*,#3555,.F.);
#3555 = EDGE_CURVE('',#3556,#3533,#3558,.T.);
#3556 = VERTEX_POINT('',#3557);
#3557 = CARTESIAN_POINT('',(10.205909166676,-5.663710035588,
    0.503960530961));
#3558 = SURFACE_CURVE('',#3559,(#3564,#3572),.PCURVE_S1.);
#3559 = B_SPLINE_CURVE_WITH_KNOTS('',3,(#3560,#3561,#3562,#3563),
  .UNSPECIFIED.,.F.,.F.,(4,4),(0.740989609687,0.781600065124),
  .PIECEWISE_BEZIER_KNOTS.);
#3560 = CARTESIAN_POINT('',(10.205909166676,-5.663710035588,
    0.503960530961));
#3561 = CARTESIAN_POINT('',(10.20591831721,-5.634634960023,
    0.503855939884));
#3562 = CARTESIAN_POINT('',(10.205922747459,-5.605603395645,
    0.503805301908));
#3563 = CARTESIAN_POINT('',(10.205922747459,-5.576567873623,
    0.503805301908));
#3564 = PCURVE('',#1237,#3565);
#3565 = DEFINITIONAL_REPRESENTATION('',(#3566),#3571);
#3566 = B_SPLINE_CURVE_WITH_KNOTS('',3,(#3567,#3568,#3569,#3570),
  .UNSPECIFIED.,.F.,.F.,(4,4),(0.740989609687,0.781600065124),
  .PIECEWISE_BEZIER_KNOTS.);
#3567 = CARTESIAN_POINT('',(-13.41371003558,0.505885578318));
#3568 = CARTESIAN_POINT('',(-13.38463496002,0.505780587719));
#3569 = CARTESIAN_POINT('',(-13.35560339564,0.505729756315));
#3570 = CARTESIAN_POINT('',(-13.32656787362,0.505729756315));
#3571 = ( GEOMETRIC_REPRESENTATION_CONTEXT(2) 
PARAMETRIC_REPRESENTATION_CONTEXT() REPRESENTATION_CONTEXT('2D SPACE',''
  ) );
#3572 = PCURVE('',#3172,#3573);
#3573 = DEFINITIONAL_REPRESENTATION('',(#3574),#3578);
#3574 = LINE('',#3575,#3576);
#3575 = CARTESIAN_POINT('',(1.624350570407E-14,1.33226762955E-15));
#3576 = VECTOR('',#3577,1.);
#3577 = DIRECTION('',(-2.20855437894E-14,-1.));
#3578 = ( GEOMETRIC_REPRESENTATION_CONTEXT(2) 
PARAMETRIC_REPRESENTATION_CONTEXT() REPRESENTATION_CONTEXT('2D SPACE',''
  ) );
#3579 = ORIENTED_EDGE('',*,*,#3580,.F.);
#3580 = EDGE_CURVE('',#3581,#3556,#3583,.T.);
#3581 = VERTEX_POINT('',#3582);
#3582 = CARTESIAN_POINT('',(10.358994031287,-5.816794900199,
    -1.245807478295));
#3583 = SURFACE_CURVE('',#3584,(#3588,#3595),.PCURVE_S1.);
#3584 = LINE('',#3585,#3586);
#3585 = CARTESIAN_POINT('',(10.20696970317,-5.664770572082,
    0.491838543372));
#3586 = VECTOR('',#3587,1.);
#3587 = DIRECTION('',(-8.682659386425E-02,8.682659386425E-02,
    0.992432509139));
#3588 = PCURVE('',#1237,#3589);
#3589 = DEFINITIONAL_REPRESENTATION('',(#3590),#3594);
#3590 = LINE('',#3591,#3592);
#3591 = CARTESIAN_POINT('',(-13.41477057208,0.493717286705));
#3592 = VECTOR('',#3593,1.);
#3593 = DIRECTION('',(8.682659386425E-02,0.996223440097));
#3594 = ( GEOMETRIC_REPRESENTATION_CONTEXT(2) 
PARAMETRIC_REPRESENTATION_CONTEXT() REPRESENTATION_CONTEXT('2D SPACE',''
  ) );
#3595 = PCURVE('',#3596,#3601);
#3596 = CYLINDRICAL_SURFACE('',#3597,2.05);
#3597 = AXIS2_PLACEMENT_3D('',#3598,#3599,#3600);
#3598 = CARTESIAN_POINT('',(8.164770572082,-5.664770572082,
    0.313169270739));
#3599 = DIRECTION('',(-8.682659386425E-02,8.682659386425E-02,
    0.992432509139));
#3600 = DIRECTION('',(0.701755757082,-0.701755757082,0.122791346617));
#3601 = DEFINITIONAL_REPRESENTATION('',(#3602),#3606);
#3602 = LINE('',#3603,#3604);
#3603 = CARTESIAN_POINT('',(0.781600065124,-1.998401444325E-15));
#3604 = VECTOR('',#3605,1.);
#3605 = DIRECTION('',(-1.007513147987E-15,1.));
#3606 = ( GEOMETRIC_REPRESENTATION_CONTEXT(2) 
PARAMETRIC_REPRESENTATION_CONTEXT() REPRESENTATION_CONTEXT('2D SPACE',''
  ) );
#3607 = ORIENTED_EDGE('',*,*,#3608,.F.);
#3608 = EDGE_CURVE('',#3456,#3581,#3609,.T.);
#3609 = SURFACE_CURVE('',#3610,(#3614,#3621),.PCURVE_S1.);
#3610 = LINE('',#3611,#3612);
#3611 = CARTESIAN_POINT('',(9.988253517627,0.546793616937,2.991775983583
    ));
#3612 = VECTOR('',#3613,1.);
#3613 = DIRECTION('',(4.843496184375E-02,-0.831363597074,-0.553614147156
    ));
#3614 = PCURVE('',#1237,#3615);
#3615 = DEFINITIONAL_REPRESENTATION('',(#3616),#3620);
#3616 = LINE('',#3617,#3618);
#3617 = CARTESIAN_POINT('',(-7.203206383063,3.003204081807));
#3618 = VECTOR('',#3619,1.);
#3619 = DIRECTION('',(-0.831363597074,-0.55572886326));
#3620 = ( GEOMETRIC_REPRESENTATION_CONTEXT(2) 
PARAMETRIC_REPRESENTATION_CONTEXT() REPRESENTATION_CONTEXT('2D SPACE',''
  ) );
#3621 = PCURVE('',#3622,#3627);
#3622 = PLANE('',#3623);
#3623 = AXIS2_PLACEMENT_3D('',#3624,#3625,#3626);
#3624 = CARTESIAN_POINT('',(6.560246375837,-2.023976365805,-1.25));
#3625 = DIRECTION('',(0.5,0.5,-0.707106781187));
#3626 = DIRECTION('',(-0.816496580928,-1.110223024625E-16,-0.57735026919
    ));
#3627 = DEFINITIONAL_REPRESENTATION('',(#3628),#3632);
#3628 = LINE('',#3629,#3630);
#3629 = CARTESIAN_POINT('',(-5.247946616631,2.968469483121));
#3630 = VECTOR('',#3631,1.);
#3631 = DIRECTION('',(0.280082296145,-0.95997599313));
#3632 = ( GEOMETRIC_REPRESENTATION_CONTEXT(2) 
PARAMETRIC_REPRESENTATION_CONTEXT() REPRESENTATION_CONTEXT('2D SPACE',''
  ) );
#3633 = ADVANCED_FACE('',(#3634),#1265,.T.);
#3634 = FACE_BOUND('',#3635,.T.);
#3635 = EDGE_LOOP('',(#3636,#3637,#3660,#3699,#3725));
#3636 = ORIENTED_EDGE('',*,*,#3485,.T.);
#3637 = ORIENTED_EDGE('',*,*,#3638,.T.);
#3638 = EDGE_CURVE('',#3458,#3639,#3641,.T.);
#3639 = VERTEX_POINT('',#3640);
#3640 = CARTESIAN_POINT('',(10.24513768493,5.355314284304,-1.));
#3641 = SURFACE_CURVE('',#3642,(#3646,#3653),.PCURVE_S1.);
#3642 = LINE('',#3643,#3644);
#3643 = CARTESIAN_POINT('',(6.127399465125,1.2375760645,-1.));
#3644 = VECTOR('',#3645,1.);
#3645 = DIRECTION('',(-0.707106781187,-0.707106781187,0.));
#3646 = PCURVE('',#1265,#3647);
#3647 = DEFINITIONAL_REPRESENTATION('',(#3648),#3652);
#3648 = LINE('',#3649,#3650);
#3649 = CARTESIAN_POINT('',(-0.288675134595,-0.204124145232));
#3650 = VECTOR('',#3651,1.);
#3651 = DIRECTION('',(0.57735026919,-0.816496580928));
#3652 = ( GEOMETRIC_REPRESENTATION_CONTEXT(2) 
PARAMETRIC_REPRESENTATION_CONTEXT() REPRESENTATION_CONTEXT('2D SPACE',''
  ) );
#3653 = PCURVE('',#3473,#3654);
#3654 = DEFINITIONAL_REPRESENTATION('',(#3655),#3659);
#3655 = LINE('',#3656,#3657);
#3656 = CARTESIAN_POINT('',(6.127399465125,-1.2375760645));
#3657 = VECTOR('',#3658,1.);
#3658 = DIRECTION('',(-0.707106781187,0.707106781187));
#3659 = ( GEOMETRIC_REPRESENTATION_CONTEXT(2) 
PARAMETRIC_REPRESENTATION_CONTEXT() REPRESENTATION_CONTEXT('2D SPACE',''
  ) );
#3660 = ORIENTED_EDGE('',*,*,#3661,.T.);
#3661 = EDGE_CURVE('',#3639,#3662,#3664,.T.);
#3662 = VERTEX_POINT('',#3663);
#3663 = CARTESIAN_POINT('',(9.891584294336,5.708867674898,
    -1.499999999767));
#3664 = SURFACE_CURVE('',#3665,(#3669,#3676),.PCURVE_S1.);
#3665 = LINE('',#3666,#3667);
#3666 = CARTESIAN_POINT('',(10.24513768493,5.355314284304,-1.));
#3667 = VECTOR('',#3668,1.);
#3668 = DIRECTION('',(-0.500000000117,0.500000000117,-0.707106781022));
#3669 = PCURVE('',#1265,#3670);
#3670 = DEFINITIONAL_REPRESENTATION('',(#3671),#3675);
#3671 = LINE('',#3672,#3673);
#3672 = CARTESIAN_POINT('',(-3.650794312221,4.550630394081));
#3673 = VECTOR('',#3674,1.);
#3674 = DIRECTION('',(0.816496580928,0.57735026919));
#3675 = ( GEOMETRIC_REPRESENTATION_CONTEXT(2) 
PARAMETRIC_REPRESENTATION_CONTEXT() REPRESENTATION_CONTEXT('2D SPACE',''
  ) );
#3676 = PCURVE('',#3677,#3694);
#3677 = B_SPLINE_SURFACE_WITH_KNOTS('',3,3,(
    (#3678,#3679,#3680,#3681)
    ,(#3682,#3683,#3684,#3685)
    ,(#3686,#3687,#3688,#3689)
    ,(#3690,#3691,#3692,#3693
    )),.UNSPECIFIED.,.F.,.F.,.F.,(4,4),(4,4),(0.,1.),(-0.582336123675,
    -0.577940565554),.PIECEWISE_BEZIER_KNOTS.);
#3678 = CARTESIAN_POINT('',(9.891584294336,5.708867674898,-1.5));
#3679 = CARTESIAN_POINT('',(9.881223864488,5.69850724505,-1.5));
#3680 = CARTESIAN_POINT('',(9.870637588863,5.68837266098,-1.500000307203
    ));
#3681 = CARTESIAN_POINT('',(9.859824823883,5.678464566265,-1.49999908014
    ));
#3682 = CARTESIAN_POINT('',(10.009435424534,5.5910165447,-1.333333333333
    ));
#3683 = CARTESIAN_POINT('',(9.999074994686,5.580656114852,
    -1.333333333333));
#3684 = CARTESIAN_POINT('',(9.988564000986,5.570446248857,
    -1.333333538135));
#3685 = CARTESIAN_POINT('',(9.977902014384,5.560387375764,
    -1.333332720094));
#3686 = CARTESIAN_POINT('',(10.127286554732,5.473165414502,
    -1.166666666667));
#3687 = CARTESIAN_POINT('',(10.116926124884,5.462804984655,
    -1.166666666667));
#3688 = CARTESIAN_POINT('',(10.10649041311,5.452519836733,
    -1.166666769068));
#3689 = CARTESIAN_POINT('',(10.095979204885,5.442310185262,
    -1.166666360047));
#3690 = CARTESIAN_POINT('',(10.24513768493,5.355314284304,-1.));
#3691 = CARTESIAN_POINT('',(10.234777255082,5.344953854457,-1.));
#3692 = CARTESIAN_POINT('',(10.224416825234,5.334593424609,-1.));
#3693 = CARTESIAN_POINT('',(10.214056395386,5.324232994761,-1.));
#3694 = DEFINITIONAL_REPRESENTATION('',(#3695),#3698);
#3695 = B_SPLINE_CURVE_WITH_KNOTS('',1,(#3696,#3697),.UNSPECIFIED.,.F.,
  .F.,(2,2),(0.,0.707106781022),.PIECEWISE_BEZIER_KNOTS.);
#3696 = CARTESIAN_POINT('',(1.,-0.582336123675));
#3697 = CARTESIAN_POINT('',(2.33352660859E-10,-0.582336123675));
#3698 = ( GEOMETRIC_REPRESENTATION_CONTEXT(2) 
PARAMETRIC_REPRESENTATION_CONTEXT() REPRESENTATION_CONTEXT('2D SPACE',''
  ) );
#3699 = ORIENTED_EDGE('',*,*,#3700,.T.);
#3700 = EDGE_CURVE('',#3662,#1250,#3701,.T.);
#3701 = SURFACE_CURVE('',#3702,(#3706,#3713),.PCURVE_S1.);
#3702 = LINE('',#3703,#3704);
#3703 = CARTESIAN_POINT('',(5.773846074531,1.591129455093,-1.5));
#3704 = VECTOR('',#3705,1.);
#3705 = DIRECTION('',(0.707106781187,0.707106781187,0.));
#3706 = PCURVE('',#1265,#3707);
#3707 = DEFINITIONAL_REPRESENTATION('',(#3708),#3712);
#3708 = LINE('',#3709,#3710);
#3709 = CARTESIAN_POINT('',(0.288675134595,0.204124145232));
#3710 = VECTOR('',#3711,1.);
#3711 = DIRECTION('',(-0.57735026919,0.816496580928));
#3712 = ( GEOMETRIC_REPRESENTATION_CONTEXT(2) 
PARAMETRIC_REPRESENTATION_CONTEXT() REPRESENTATION_CONTEXT('2D SPACE',''
  ) );
#3713 = PCURVE('',#3714,#3719);
#3714 = PLANE('',#3715);
#3715 = AXIS2_PLACEMENT_3D('',#3716,#3717,#3718);
#3716 = CARTESIAN_POINT('',(9.456333839344,5.273617219905,-3.));
#3717 = DIRECTION('',(0.707106781187,-0.707106781187,0.));
#3718 = DIRECTION('',(0.707106781187,0.707106781187,0.));
#3719 = DEFINITIONAL_REPRESENTATION('',(#3720),#3724);
#3720 = LINE('',#3721,#3722);
#3721 = CARTESIAN_POINT('',(-5.20782414027,1.5));
#3722 = VECTOR('',#3723,1.);
#3723 = DIRECTION('',(1.,0.));
#3724 = ( GEOMETRIC_REPRESENTATION_CONTEXT(2) 
PARAMETRIC_REPRESENTATION_CONTEXT() REPRESENTATION_CONTEXT('2D SPACE',''
  ) );
#3725 = ORIENTED_EDGE('',*,*,#1249,.T.);
#3726 = ADVANCED_FACE('',(#3727),#1314,.F.);
#3727 = FACE_BOUND('',#3728,.T.);
#3728 = EDGE_LOOP('',(#3729,#3730,#3753,#3782,#3815,#3844));
#3729 = ORIENTED_EDGE('',*,*,#1277,.F.);
#3730 = ORIENTED_EDGE('',*,*,#3731,.T.);
#3731 = EDGE_CURVE('',#1250,#3732,#3734,.T.);
#3732 = VERTEX_POINT('',#3733);
#3733 = CARTESIAN_POINT('',(10.675580665994,6.492864046556,-1.5));
#3734 = SURFACE_CURVE('',#3735,(#3739,#3746),.PCURVE_S1.);
#3735 = LINE('',#3736,#3737);
#3736 = CARTESIAN_POINT('',(10.675580665994,6.492864046555,-1.5));
#3737 = VECTOR('',#3738,1.);
#3738 = DIRECTION('',(0.707106781187,0.707106781187,0.));
#3739 = PCURVE('',#1314,#3740);
#3740 = DEFINITIONAL_REPRESENTATION('',(#3741),#3745);
#3741 = LINE('',#3742,#3743);
#3742 = CARTESIAN_POINT('',(0.867978106224,0.814738513215));
#3743 = VECTOR('',#3744,1.);
#3744 = DIRECTION('',(0.707106781187,-0.707106781187));
#3745 = ( GEOMETRIC_REPRESENTATION_CONTEXT(2) 
PARAMETRIC_REPRESENTATION_CONTEXT() REPRESENTATION_CONTEXT('2D SPACE',''
  ) );
#3746 = PCURVE('',#3714,#3747);
#3747 = DEFINITIONAL_REPRESENTATION('',(#3748),#3752);
#3748 = LINE('',#3749,#3750);
#3749 = CARTESIAN_POINT('',(1.72427539813,1.5));
#3750 = VECTOR('',#3751,1.);
#3751 = DIRECTION('',(1.,0.));
#3752 = ( GEOMETRIC_REPRESENTATION_CONTEXT(2) 
PARAMETRIC_REPRESENTATION_CONTEXT() REPRESENTATION_CONTEXT('2D SPACE',''
  ) );
#3753 = ORIENTED_EDGE('',*,*,#3754,.F.);
#3754 = EDGE_CURVE('',#3755,#3732,#3757,.T.);
#3755 = VERTEX_POINT('',#3756);
#3756 = CARTESIAN_POINT('',(10.779231831168,7.423904215637,-1.5));
#3757 = SURFACE_CURVE('',#3758,(#3763,#3770),.PCURVE_S1.);
#3758 = CIRCLE('',#3759,0.75);
#3759 = AXIS2_PLACEMENT_3D('',#3760,#3761,#3762);
#3760 = CARTESIAN_POINT('',(10.145250965472,7.023194517812,-1.5));
#3761 = DIRECTION('',(0.,0.,-1.));
#3762 = DIRECTION('',(0.915542676557,-0.402220844067,0.));
#3763 = PCURVE('',#1314,#3764);
#3764 = DEFINITIONAL_REPRESENTATION('',(#3765),#3769);
#3765 = CIRCLE('',#3766,0.75);
#3766 = AXIS2_PLACEMENT_2D('',#3767,#3768);
#3767 = CARTESIAN_POINT('',(0.337648405701,0.284408041958));
#3768 = DIRECTION('',(0.915542676557,0.402220844067));
#3769 = ( GEOMETRIC_REPRESENTATION_CONTEXT(2) 
PARAMETRIC_REPRESENTATION_CONTEXT() REPRESENTATION_CONTEXT('2D SPACE',''
  ) );
#3770 = PCURVE('',#3771,#3776);
#3771 = CYLINDRICAL_SURFACE('',#3772,0.75);
#3772 = AXIS2_PLACEMENT_3D('',#3773,#3774,#3775);
#3773 = CARTESIAN_POINT('',(10.145250965472,7.023194517812,-3.));
#3774 = DIRECTION('',(0.,0.,1.));
#3775 = DIRECTION('',(0.915542676557,-0.402220844067,0.));
#3776 = DEFINITIONAL_REPRESENTATION('',(#3777),#3781);
#3777 = LINE('',#3778,#3779);
#3778 = CARTESIAN_POINT('',(6.28318530718,1.5));
#3779 = VECTOR('',#3780,1.);
#3780 = DIRECTION('',(-1.,0.));
#3781 = ( GEOMETRIC_REPRESENTATION_CONTEXT(2) 
PARAMETRIC_REPRESENTATION_CONTEXT() REPRESENTATION_CONTEXT('2D SPACE',''
  ) );
#3782 = ORIENTED_EDGE('',*,*,#3783,.T.);
#3783 = EDGE_CURVE('',#3755,#3784,#3786,.T.);
#3784 = VERTEX_POINT('',#3785);
#3785 = CARTESIAN_POINT('',(9.923904215637,8.279231831168,-1.5));
#3786 = SURFACE_CURVE('',#3787,(#3792,#3803),.PCURVE_S1.);
#3787 = CIRCLE('',#3788,2.75);
#3788 = AXIS2_PLACEMENT_3D('',#3789,#3790,#3791);
#3789 = CARTESIAN_POINT('',(8.454635323614,5.954635323614,-1.5));
#3790 = DIRECTION('',(0.,0.,1.));
#3791 = DIRECTION('',(1.,0.,-0.));
#3792 = PCURVE('',#1314,#3793);
#3793 = DEFINITIONAL_REPRESENTATION('',(#3794),#3802);
#3794 = ( BOUNDED_CURVE() B_SPLINE_CURVE(2,(#3795,#3796,#3797,#3798,
#3799,#3800,#3801),.UNSPECIFIED.,.T.,.F.) B_SPLINE_CURVE_WITH_KNOTS((1,2
    ,2,2,2,1),(-2.094395102393,0.,2.094395102393,4.188790204786,
6.28318530718,8.377580409573),.UNSPECIFIED.) CURVE() 
GEOMETRIC_REPRESENTATION_ITEM() RATIONAL_B_SPLINE_CURVE((1.,0.5,1.,0.5,
1.,0.5,1.)) REPRESENTATION_ITEM('') );
#3795 = CARTESIAN_POINT('',(1.397032763844,1.352967236156));
#3796 = CARTESIAN_POINT('',(1.397032763844,-3.410172484658));
#3797 = CARTESIAN_POINT('',(-2.727967236156,-1.028602624251));
#3798 = CARTESIAN_POINT('',(-6.852967236156,1.352967236156));
#3799 = CARTESIAN_POINT('',(-2.727967236156,3.734537096564));
#3800 = CARTESIAN_POINT('',(1.397032763844,6.116106956971));
#3801 = CARTESIAN_POINT('',(1.397032763844,1.352967236156));
#3802 = ( GEOMETRIC_REPRESENTATION_CONTEXT(2) 
PARAMETRIC_REPRESENTATION_CONTEXT() REPRESENTATION_CONTEXT('2D SPACE',''
  ) );
#3803 = PCURVE('',#3804,#3809);
#3804 = CYLINDRICAL_SURFACE('',#3805,2.75);
#3805 = AXIS2_PLACEMENT_3D('',#3806,#3807,#3808);
#3806 = CARTESIAN_POINT('',(8.454635323614,5.954635323614,-3.));
#3807 = DIRECTION('',(0.,0.,1.));
#3808 = DIRECTION('',(1.,0.,-0.));
#3809 = DEFINITIONAL_REPRESENTATION('',(#3810),#3814);
#3810 = LINE('',#3811,#3812);
#3811 = CARTESIAN_POINT('',(-2.22044604925E-16,1.5));
#3812 = VECTOR('',#3813,1.);
#3813 = DIRECTION('',(1.,0.));
#3814 = ( GEOMETRIC_REPRESENTATION_CONTEXT(2) 
PARAMETRIC_REPRESENTATION_CONTEXT() REPRESENTATION_CONTEXT('2D SPACE',''
  ) );
#3815 = ORIENTED_EDGE('',*,*,#3816,.F.);
#3816 = EDGE_CURVE('',#3817,#3784,#3819,.T.);
#3817 = VERTEX_POINT('',#3818);
#3818 = CARTESIAN_POINT('',(8.992864431923,8.175581051361,-1.5));
#3819 = SURFACE_CURVE('',#3820,(#3825,#3832),.PCURVE_S1.);
#3820 = CIRCLE('',#3821,0.75);
#3821 = AXIS2_PLACEMENT_3D('',#3822,#3823,#3824);
#3822 = CARTESIAN_POINT('',(9.523194517812,7.645250965472,-1.5));
#3823 = DIRECTION('',(0.,0.,-1.));
#3824 = DIRECTION('',(-0.402220844067,0.915542676557,0.));
#3825 = PCURVE('',#1314,#3826);
#3826 = DEFINITIONAL_REPRESENTATION('',(#3827),#3831);
#3827 = CIRCLE('',#3828,0.75);
#3828 = AXIS2_PLACEMENT_2D('',#3829,#3830);
#3829 = CARTESIAN_POINT('',(-0.284408041958,-0.337648405701));
#3830 = DIRECTION('',(-0.402220844067,-0.915542676557));
#3831 = ( GEOMETRIC_REPRESENTATION_CONTEXT(2) 
PARAMETRIC_REPRESENTATION_CONTEXT() REPRESENTATION_CONTEXT('2D SPACE',''
  ) );
#3832 = PCURVE('',#3833,#3838);
#3833 = CYLINDRICAL_SURFACE('',#3834,0.75);
#3834 = AXIS2_PLACEMENT_3D('',#3835,#3836,#3837);
#3835 = CARTESIAN_POINT('',(9.523194517812,7.645250965472,-3.));
#3836 = DIRECTION('',(0.,0.,1.));
#3837 = DIRECTION('',(-0.402220844067,0.915542676557,0.));
#3838 = DEFINITIONAL_REPRESENTATION('',(#3839),#3843);
#3839 = LINE('',#3840,#3841);
#3840 = CARTESIAN_POINT('',(12.566370614359,1.5));
#3841 = VECTOR('',#3842,1.);
#3842 = DIRECTION('',(-1.,0.));
#3843 = ( GEOMETRIC_REPRESENTATION_CONTEXT(2) 
PARAMETRIC_REPRESENTATION_CONTEXT() REPRESENTATION_CONTEXT('2D SPACE',''
  ) );
#3844 = ORIENTED_EDGE('',*,*,#3845,.T.);
#3845 = EDGE_CURVE('',#3817,#1151,#3846,.T.);
#3846 = SURFACE_CURVE('',#3847,(#3851,#3858),.PCURVE_S1.);
#3847 = LINE('',#3848,#3849);
#3848 = CARTESIAN_POINT('',(8.992864431923,8.175581051361,-1.5));
#3849 = VECTOR('',#3850,1.);
#3850 = DIRECTION('',(-0.707106781187,-0.707106781187,0.));
#3851 = PCURVE('',#1314,#3852);
#3852 = DEFINITIONAL_REPRESENTATION('',(#3853),#3857);
#3853 = LINE('',#3854,#3855);
#3854 = CARTESIAN_POINT('',(-0.814738127848,-0.867978491591));
#3855 = VECTOR('',#3856,1.);
#3856 = DIRECTION('',(-0.707106781187,0.707106781187));
#3857 = ( GEOMETRIC_REPRESENTATION_CONTEXT(2) 
PARAMETRIC_REPRESENTATION_CONTEXT() REPRESENTATION_CONTEXT('2D SPACE',''
  ) );
#3858 = PCURVE('',#1350,#3859);
#3859 = DEFINITIONAL_REPRESENTATION('',(#3860),#3864);
#3860 = LINE('',#3861,#3862);
#3861 = CARTESIAN_POINT('',(0.,1.5));
#3862 = VECTOR('',#3863,1.);
#3863 = DIRECTION('',(1.,0.));
#3864 = ( GEOMETRIC_REPRESENTATION_CONTEXT(2) 
PARAMETRIC_REPRESENTATION_CONTEXT() REPRESENTATION_CONTEXT('2D SPACE',''
  ) );
#3865 = ADVANCED_FACE('',(#3866),#1350,.T.);
#3866 = FACE_BOUND('',#3867,.T.);
#3867 = EDGE_LOOP('',(#3868,#3869,#3870,#3893,#3921));
#3868 = ORIENTED_EDGE('',*,*,#1334,.F.);
#3869 = ORIENTED_EDGE('',*,*,#3845,.F.);
#3870 = ORIENTED_EDGE('',*,*,#3871,.F.);
#3871 = EDGE_CURVE('',#3872,#3817,#3874,.T.);
#3872 = VERTEX_POINT('',#3873);
#3873 = CARTESIAN_POINT('',(8.992864431923,8.175581051361,-3.));
#3874 = SURFACE_CURVE('',#3875,(#3879,#3886),.PCURVE_S1.);
#3875 = LINE('',#3876,#3877);
#3876 = CARTESIAN_POINT('',(8.992864431923,8.175581051361,-3.));
#3877 = VECTOR('',#3878,1.);
#3878 = DIRECTION('',(0.,0.,1.));
#3879 = PCURVE('',#1350,#3880);
#3880 = DEFINITIONAL_REPRESENTATION('',(#3881),#3885);
#3881 = LINE('',#3882,#3883);
#3882 = CARTESIAN_POINT('',(2.512147933894E-15,0.));
#3883 = VECTOR('',#3884,1.);
#3884 = DIRECTION('',(0.,1.));
#3885 = ( GEOMETRIC_REPRESENTATION_CONTEXT(2) 
PARAMETRIC_REPRESENTATION_CONTEXT() REPRESENTATION_CONTEXT('2D SPACE',''
  ) );
#3886 = PCURVE('',#3833,#3887);
#3887 = DEFINITIONAL_REPRESENTATION('',(#3888),#3892);
#3888 = LINE('',#3889,#3890);
#3889 = CARTESIAN_POINT('',(6.654642199952,0.));
#3890 = VECTOR('',#3891,1.);
#3891 = DIRECTION('',(0.,1.));
#3892 = ( GEOMETRIC_REPRESENTATION_CONTEXT(2) 
PARAMETRIC_REPRESENTATION_CONTEXT() REPRESENTATION_CONTEXT('2D SPACE',''
  ) );
#3893 = ORIENTED_EDGE('',*,*,#3894,.T.);
#3894 = EDGE_CURVE('',#3872,#3895,#3897,.T.);
#3895 = VERTEX_POINT('',#3896);
#3896 = CARTESIAN_POINT('',(8.302155806015,7.484872425454,
    -2.999999999997));
#3897 = SURFACE_CURVE('',#3898,(#3902,#3909),.PCURVE_S1.);
#3898 = LINE('',#3899,#3900);
#3899 = CARTESIAN_POINT('',(8.992864431923,8.175581051361,-3.));
#3900 = VECTOR('',#3901,1.);
#3901 = DIRECTION('',(-0.707106781187,-0.707106781187,0.));
#3902 = PCURVE('',#1350,#3903);
#3903 = DEFINITIONAL_REPRESENTATION('',(#3904),#3908);
#3904 = LINE('',#3905,#3906);
#3905 = CARTESIAN_POINT('',(0.,0.));
#3906 = VECTOR('',#3907,1.);
#3907 = DIRECTION('',(1.,0.));
#3908 = ( GEOMETRIC_REPRESENTATION_CONTEXT(2) 
PARAMETRIC_REPRESENTATION_CONTEXT() REPRESENTATION_CONTEXT('2D SPACE',''
  ) );
#3909 = PCURVE('',#3910,#3915);
#3910 = PLANE('',#3911);
#3911 = AXIS2_PLACEMENT_3D('',#3912,#3913,#3914);
#3912 = CARTESIAN_POINT('',(9.80760255977,7.30760255977,-3.));
#3913 = DIRECTION('',(0.,0.,-1.));
#3914 = DIRECTION('',(1.,0.,0.));
#3915 = DEFINITIONAL_REPRESENTATION('',(#3916),#3920);
#3916 = LINE('',#3917,#3918);
#3917 = CARTESIAN_POINT('',(-0.814738127848,-0.867978491591));
#3918 = VECTOR('',#3919,1.);
#3919 = DIRECTION('',(-0.707106781187,0.707106781187));
#3920 = ( GEOMETRIC_REPRESENTATION_CONTEXT(2) 
PARAMETRIC_REPRESENTATION_CONTEXT() REPRESENTATION_CONTEXT('2D SPACE',''
  ) );
#3921 = ORIENTED_EDGE('',*,*,#3922,.F.);
#3922 = EDGE_CURVE('',#1335,#3895,#3923,.T.);
#3923 = SURFACE_CURVE('',#3924,(#3929,#3937),.PCURVE_S1.);
#3924 = B_SPLINE_CURVE_WITH_KNOTS('',3,(#3925,#3926,#3927,#3928),
  .UNSPECIFIED.,.F.,.F.,(4,4),(0.250963424828,0.401542485533),
  .PIECEWISE_BEZIER_KNOTS.);
#3925 = CARTESIAN_POINT('',(8.208867548933,7.391584168372,-1.50000001556
    ));
#3926 = CARTESIAN_POINT('',(8.23995234721,7.422668966649,-2.000001414237
    ));
#3927 = CARTESIAN_POINT('',(8.271047694052,7.453764313491,
    -2.500001501235));
#3928 = CARTESIAN_POINT('',(8.302155806015,7.484872425454,-3.));
#3929 = PCURVE('',#1350,#3930);
#3930 = DEFINITIONAL_REPRESENTATION('',(#3931),#3936);
#3931 = B_SPLINE_CURVE_WITH_KNOTS('',3,(#3932,#3933,#3934,#3935),
  .UNSPECIFIED.,.F.,.F.,(4,4),(0.250963424828,0.401542485533),
  .PIECEWISE_BEZIER_KNOTS.);
#3932 = CARTESIAN_POINT('',(1.108739024782,1.49999998444));
#3933 = CARTESIAN_POINT('',(1.064778481475,0.999998585763));
#3934 = CARTESIAN_POINT('',(1.020803020244,0.499998498765));
#3935 = CARTESIAN_POINT('',(0.976809506406,0.));
#3936 = ( GEOMETRIC_REPRESENTATION_CONTEXT(2) 
PARAMETRIC_REPRESENTATION_CONTEXT() REPRESENTATION_CONTEXT('2D SPACE',''
  ) );
#3937 = PCURVE('',#1405,#3938);
#3938 = DEFINITIONAL_REPRESENTATION('',(#3939),#3943);
#3939 = LINE('',#3940,#3941);
#3940 = CARTESIAN_POINT('',(3.982489998467E-14,3.885780586188E-16));
#3941 = VECTOR('',#3942,1.);
#3942 = DIRECTION('',(-1.032355790467E-13,1.));
#3943 = ( GEOMETRIC_REPRESENTATION_CONTEXT(2) 
PARAMETRIC_REPRESENTATION_CONTEXT() REPRESENTATION_CONTEXT('2D SPACE',''
  ) );
#3944 = ADVANCED_FACE('',(#3945),#1405,.F.);
#3945 = FACE_BOUND('',#3946,.F.);
#3946 = EDGE_LOOP('',(#3947,#3948,#4022,#4050,#4211,#4212,#4213,#4214));
#3947 = ORIENTED_EDGE('',*,*,#1701,.T.);
#3948 = ORIENTED_EDGE('',*,*,#3949,.F.);
#3949 = EDGE_CURVE('',#3950,#1543,#3952,.T.);
#3950 = VERTEX_POINT('',#3951);
#3951 = CARTESIAN_POINT('',(8.064508234082,5.964388271125,-0.22868137537
    ));
#3952 = SURFACE_CURVE('',#3953,(#3964,#3993),.PCURVE_S1.);
#3953 = B_SPLINE_CURVE_WITH_KNOTS('',3,(#3954,#3955,#3956,#3957,#3958,
    #3959,#3960,#3961,#3962,#3963),.UNSPECIFIED.,.F.,.F.,(4,2,2,2,4),(
    -0.169519057625,-0.150915622333,-0.120082904489,-9.884200654098E-02,
    -8.776504729969E-02),.UNSPECIFIED.);
#3954 = CARTESIAN_POINT('',(8.064508234632,5.96438827387,-0.228681382003
    ));
#3955 = CARTESIAN_POINT('',(8.03397465573,6.005932678145,-0.262961512707
    ));
#3956 = CARTESIAN_POINT('',(8.009715021086,6.04675132793,-0.302306634764
    ));
#3957 = CARTESIAN_POINT('',(7.958703639896,6.148943260669,
    -0.420797307435));
#3958 = CARTESIAN_POINT('',(7.941730635187,6.203662614171,
    -0.506397413455));
#3959 = CARTESIAN_POINT('',(7.92720320958,6.272918054598,-0.665314060157
    ));
#3960 = CARTESIAN_POINT('',(7.925374207494,6.294342450226,
    -0.733333935483));
#3961 = CARTESIAN_POINT('',(7.926836327934,6.315637006366,
    -0.839297969256));
#3962 = CARTESIAN_POINT('',(7.92811266998,6.320910004047,-0.875996469412
    ));
#3963 = CARTESIAN_POINT('',(7.930087531291,6.324133767759,
    -0.912844257252));
#3964 = PCURVE('',#1405,#3965);
#3965 = DEFINITIONAL_REPRESENTATION('',(#3966),#3992);
#3966 = B_SPLINE_CURVE_WITH_KNOTS('',3,(#3967,#3968,#3969,#3970,#3971,
    #3972,#3973,#3974,#3975,#3976,#3977,#3978,#3979,#3980,#3981,#3982,
    #3983,#3984,#3985,#3986,#3987,#3988,#3989,#3990,#3991),
  .UNSPECIFIED.,.F.,.F.,(4,1,1,1,1,1,1,1,1,1,1,1,1,1,1,1,1,1,1,1,1,1,4),
  (-0.169519057625,-0.165802966247,-0.162086874869,-0.15837078349,
    -0.154654692112,-0.150938600733,-0.147222509355,-0.143506417976,
    -0.139790326598,-0.136074235219,-0.132358143841,-0.128642052463,
    -0.124925961084,-0.121209869706,-0.117493778327,-0.113777686949,
    -0.11006159557,-0.106345504192,-0.102629412813,-9.891332143502E-02,
    -9.519723005657E-02,-9.148113867813E-02,-8.776504729969E-02),
  .QUASI_UNIFORM_KNOTS.);
#3967 = CARTESIAN_POINT('',(1.,0.11459224528));
#3968 = CARTESIAN_POINT('',(0.993099810945,0.115287964064));
#3969 = CARTESIAN_POINT('',(0.979548673223,0.116722416073));
#3970 = CARTESIAN_POINT('',(0.959972787653,0.119003051274));
#3971 = CARTESIAN_POINT('',(0.941147183989,0.121412952577));
#3972 = CARTESIAN_POINT('',(0.923084059468,0.123951046206));
#3973 = CARTESIAN_POINT('',(0.905766441381,0.126621389874));
#3974 = CARTESIAN_POINT('',(0.889300233136,0.129408897922));
#3975 = CARTESIAN_POINT('',(0.873778329688,0.132293735853));
#3976 = CARTESIAN_POINT('',(0.859170947331,0.135276044603));
#3977 = CARTESIAN_POINT('',(0.845484003486,0.138350615618));
#3978 = CARTESIAN_POINT('',(0.832716849066,0.141513665528));
#3979 = CARTESIAN_POINT('',(0.820873478414,0.144761059551));
#3980 = CARTESIAN_POINT('',(0.809960015245,0.148088643174));
#3981 = CARTESIAN_POINT('',(0.799983245435,0.151492691993));
#3982 = CARTESIAN_POINT('',(0.790958361212,0.154967780641));
#3983 = CARTESIAN_POINT('',(0.782930057494,0.158491874984));
#3984 = CARTESIAN_POINT('',(0.775888642503,0.162062869803));
#3985 = CARTESIAN_POINT('',(0.769836762034,0.165674509635));
#3986 = CARTESIAN_POINT('',(0.764774727315,0.169321442487));
#3987 = CARTESIAN_POINT('',(0.760703508495,0.172998852574));
#3988 = CARTESIAN_POINT('',(0.757627169428,0.176698875659));
#3989 = CARTESIAN_POINT('',(0.755546728749,0.180413357288));
#3990 = CARTESIAN_POINT('',(0.754822218463,0.182896276143));
#3991 = CARTESIAN_POINT('',(0.754625359708,0.184138453623));
#3992 = ( GEOMETRIC_REPRESENTATION_CONTEXT(2) 
PARAMETRIC_REPRESENTATION_CONTEXT() REPRESENTATION_CONTEXT('2D SPACE',''
  ) );
#3993 = PCURVE('',#1558,#3994);
#3994 = DEFINITIONAL_REPRESENTATION('',(#3995),#4021);
#3995 = B_SPLINE_CURVE_WITH_KNOTS('',3,(#3996,#3997,#3998,#3999,#4000,
    #4001,#4002,#4003,#4004,#4005,#4006,#4007,#4008,#4009,#4010,#4011,
    #4012,#4013,#4014,#4015,#4016,#4017,#4018,#4019,#4020),
  .UNSPECIFIED.,.F.,.F.,(4,1,1,1,1,1,1,1,1,1,1,1,1,1,1,1,1,1,1,1,1,1,4),
  (-0.169519057625,-0.165802966247,-0.162086874869,-0.15837078349,
    -0.154654692112,-0.150938600733,-0.147222509355,-0.143506417976,
    -0.139790326598,-0.136074235219,-0.132358143841,-0.128642052463,
    -0.124925961084,-0.121209869706,-0.117493778327,-0.113777686949,
    -0.11006159557,-0.106345504192,-0.102629412813,-9.891332143502E-02,
    -9.519723005657E-02,-9.148113867813E-02,-8.776504729969E-02),
  .QUASI_UNIFORM_KNOTS.);
#3996 = CARTESIAN_POINT('',(5.187899930378E-02,13.189508234632));
#3997 = CARTESIAN_POINT('',(4.111968922451E-02,13.183409061682));
#3998 = CARTESIAN_POINT('',(1.938950834775E-02,13.171711355494));
#3999 = CARTESIAN_POINT('',(-1.382400698056E-02,13.155609155539));
#4000 = CARTESIAN_POINT('',(-4.764302343809E-02,13.14089243415));
#4001 = CARTESIAN_POINT('',(-8.204186473969E-02,13.127506933901));
#4002 = CARTESIAN_POINT('',(-0.117066660857,13.115381224981));
#4003 = CARTESIAN_POINT('',(-0.152514866257,13.104507943786));
#4004 = CARTESIAN_POINT('',(-0.1881660356,13.09487184334));
#4005 = CARTESIAN_POINT('',(-0.224064699903,13.08639082539));
#4006 = CARTESIAN_POINT('',(-0.260185558786,13.079000702776));
#4007 = CARTESIAN_POINT('',(-0.296523519417,13.072632485901));
#4008 = CARTESIAN_POINT('',(-0.333070455142,13.067218483835));
#4009 = CARTESIAN_POINT('',(-0.369820252092,13.062690613406));
#4010 = CARTESIAN_POINT('',(-0.406773937074,13.058981061746));
#4011 = CARTESIAN_POINT('',(-0.443916123413,13.056021327017));
#4012 = CARTESIAN_POINT('',(-0.481066061885,13.053787284127));
#4013 = CARTESIAN_POINT('',(-0.518256525339,13.052233679029));
#4014 = CARTESIAN_POINT('',(-0.555475458267,13.051319290581));
#4015 = CARTESIAN_POINT('',(-0.592720877321,13.051002348443));
#4016 = CARTESIAN_POINT('',(-0.62999652381,13.051239246165));
#4017 = CARTESIAN_POINT('',(-0.667276275988,13.051994270936));
#4018 = CARTESIAN_POINT('',(-0.704531237397,13.053257260036));
#4019 = CARTESIAN_POINT('',(-0.729356034353,13.054425005826));
#4020 = CARTESIAN_POINT('',(-0.741764932098,13.055087531291));
#4021 = ( GEOMETRIC_REPRESENTATION_CONTEXT(2) 
PARAMETRIC_REPRESENTATION_CONTEXT() REPRESENTATION_CONTEXT('2D SPACE',''
  ) );
#4022 = ORIENTED_EDGE('',*,*,#4023,.F.);
#4023 = EDGE_CURVE('',#4024,#3950,#4026,.T.);
#4024 = VERTEX_POINT('',#4025);
#4025 = CARTESIAN_POINT('',(8.228813527575,6.146453866323,-2.9999999999)
  );
#4026 = SURFACE_CURVE('',#4027,(#4032,#4039),.PCURVE_S1.);
#4027 = B_SPLINE_CURVE_WITH_KNOTS('',3,(#4028,#4029,#4030,#4031),
  .UNSPECIFIED.,.F.,.F.,(4,4),(-0.39279324103,-0.11459224528),
  .PIECEWISE_BEZIER_KNOTS.);
#4028 = CARTESIAN_POINT('',(8.228813540041,6.146453840247,
    -3.000000000747));
#4029 = CARTESIAN_POINT('',(8.174345520072,6.085264652201,
    -2.076231910651));
#4030 = CARTESIAN_POINT('',(8.119543400573,6.024638556898,
    -1.152458454118));
#4031 = CARTESIAN_POINT('',(8.064508234228,5.964388273427,
    -0.228681375211));
#4032 = PCURVE('',#1405,#4033);
#4033 = DEFINITIONAL_REPRESENTATION('',(#4034),#4038);
#4034 = LINE('',#4035,#4036);
#4035 = CARTESIAN_POINT('',(1.,-6.106226635438E-16));
#4036 = VECTOR('',#4037,1.);
#4037 = DIRECTION('',(-3.751279323557E-14,-1.));
#4038 = ( GEOMETRIC_REPRESENTATION_CONTEXT(2) 
PARAMETRIC_REPRESENTATION_CONTEXT() REPRESENTATION_CONTEXT('2D SPACE',''
  ) );
#4039 = PCURVE('',#4040,#4045);
#4040 = CONICAL_SURFACE('',#4041,2.789718885006,8.726646259972E-02);
#4041 = AXIS2_PLACEMENT_3D('',#4042,#4043,#4044);
#4042 = CARTESIAN_POINT('',(10.399178971877,7.899178971877,-3.));
#4043 = DIRECTION('',(0.,0.,1.));
#4044 = DIRECTION('',(1.,0.,-0.));
#4045 = DEFINITIONAL_REPRESENTATION('',(#4046),#4049);
#4046 = B_SPLINE_CURVE_WITH_KNOTS('',1,(#4047,#4048),.UNSPECIFIED.,.F.,
  .F.,(2,2),(-0.39279324103,-0.11459224528),.PIECEWISE_BEZIER_KNOTS.);
#4047 = CARTESIAN_POINT('',(3.820933304928,-1.596021624231E-10));
#4048 = CARTESIAN_POINT('',(3.833602722815,2.771318624789));
#4049 = ( GEOMETRIC_REPRESENTATION_CONTEXT(2) 
PARAMETRIC_REPRESENTATION_CONTEXT() REPRESENTATION_CONTEXT('2D SPACE',''
  ) );
#4050 = ORIENTED_EDGE('',*,*,#4051,.F.);
#4051 = EDGE_CURVE('',#3895,#4024,#4052,.T.);
#4052 = SURFACE_CURVE('',#4053,(#4094,#4167),.PCURVE_S1.);
#4053 = B_SPLINE_CURVE_WITH_KNOTS('',3,(#4054,#4055,#4056,#4057,#4058,
    #4059,#4060,#4061,#4062,#4063,#4064,#4065,#4066,#4067,#4068,#4069,
    #4070,#4071,#4072,#4073,#4074,#4075,#4076,#4077,#4078,#4079,#4080,
    #4081,#4082,#4083,#4084,#4085,#4086,#4087,#4088,#4089,#4090,#4091,
    #4092,#4093),.UNSPECIFIED.,.F.,.F.,(4,3,3,3,3,3,3,3,3,3,3,3,3,4),(0.
    ,1.314648709062E-02,2.664477515748E-02,3.936255589331E-02,
    5.283946727788E-02,6.613651661643E-02,7.864497642745E-02,
    8.422679510753E-02,9.74619680211E-02,0.110853398724,0.112958301819,
    0.126334444741,0.139562835069,0.147241710802),.UNSPECIFIED.);
#4054 = CARTESIAN_POINT('',(8.302155806015,7.484872425454,-3.));
#4055 = CARTESIAN_POINT('',(8.27116923878,7.453885858219,-3.));
#4056 = CARTESIAN_POINT('',(8.242455760865,7.420894573852,
    -2.999995361993));
#4057 = CARTESIAN_POINT('',(8.216053652047,7.386199844431,
    -2.999989147245));
#4058 = CARTESIAN_POINT('',(8.188945020826,7.350576681461,
    -2.999982766189));
#4059 = CARTESIAN_POINT('',(8.164272567583,7.313156759442,
    -2.999974814746));
#4060 = CARTESIAN_POINT('',(8.142118953982,7.274229357184,
    -2.999968334419));
#4061 = CARTESIAN_POINT('',(8.121246321919,7.237552842052,
    -2.999962228802));
#4062 = CARTESIAN_POINT('',(8.102609713745,7.199537064111,
    -2.999957492611));
#4063 = CARTESIAN_POINT('',(8.086316970463,7.160406919539,-2.99995532314
    ));
#4064 = CARTESIAN_POINT('',(8.069051705243,7.118941077202,
    -2.999953024172));
#4065 = CARTESIAN_POINT('',(8.054528668422,7.076489946267,
    -2.999953865019));
#4066 = CARTESIAN_POINT('',(8.042819790525,7.033344404348,-2.99995761977
    ));
#4067 = CARTESIAN_POINT('',(8.031267178605,6.990774680227,-2.99996132441
    ));
#4068 = CARTESIAN_POINT('',(8.02245384801,6.94752785264,-2.999967950791)
  );
#4069 = CARTESIAN_POINT('',(8.016495673091,6.90386716059,-2.999975376375
    ));
#4070 = CARTESIAN_POINT('',(8.010890851327,6.862795792205,-2.99998236158
    ));
#4071 = CARTESIAN_POINT('',(8.007812694312,6.82135734479,-2.999990099271
    ));
#4072 = CARTESIAN_POINT('',(8.007399722643,6.779770444545,
    -2.999994237136));
#4073 = CARTESIAN_POINT('',(8.007215436727,6.761212561308,
    -2.999996083631));
#4074 = CARTESIAN_POINT('',(8.007562941063,6.742672202777,
    -2.999997207075));
#4075 = CARTESIAN_POINT('',(8.008449199473,6.724168985515,
    -2.999997076483));
#4076 = CARTESIAN_POINT('',(8.010550626263,6.680295600519,
    -2.999996766834));
#4077 = CARTESIAN_POINT('',(8.015677371986,6.636630822417,
    -2.999989648399));
#4078 = CARTESIAN_POINT('',(8.023681677967,6.593447978482,
    -2.999982875416));
#4079 = CARTESIAN_POINT('',(8.031780484804,6.549755307003,
    -2.999976022469));
#4080 = CARTESIAN_POINT('',(8.042825544273,6.506554879772,
    -2.999969572454));
#4081 = CARTESIAN_POINT('',(8.056714773361,6.46414111055,-2.999967061918
    ));
#4082 = CARTESIAN_POINT('',(8.05889792182,6.457474393895,-2.999966667305
    ));
#4083 = CARTESIAN_POINT('',(8.061151434716,6.450827155616,
    -2.999966361437));
#4084 = CARTESIAN_POINT('',(8.063475019751,6.444200593172,
    -2.999966148202));
#4085 = CARTESIAN_POINT('',(8.078240832772,6.40209041406,-2.999964793144
    ));
#4086 = CARTESIAN_POINT('',(8.095746831283,6.361057715641,
    -2.999967636229));
#4087 = CARTESIAN_POINT('',(8.115851044765,6.321383306501,
    -2.999973395496));
#4088 = CARTESIAN_POINT('',(8.135733187524,6.282147140056,
    -2.999979091146));
#4089 = CARTESIAN_POINT('',(8.158156996223,6.244238375687,-2.99998767077
    ));
#4090 = CARTESIAN_POINT('',(8.183030525378,6.20794906573,-2.999993798571
    ));
#4091 = CARTESIAN_POINT('',(8.197469223866,6.186883683269,
    -2.999997355665));
#4092 = CARTESIAN_POINT('',(8.21273418989,6.166364457,-3.000000007847));
#4093 = CARTESIAN_POINT('',(8.228813540011,6.146453840213,
    -3.000000000237));
#4094 = PCURVE('',#1405,#4095);
#4095 = DEFINITIONAL_REPRESENTATION('',(#4096),#4166);
#4096 = B_SPLINE_CURVE_WITH_KNOTS('',3,(#4097,#4098,#4099,#4100,#4101,
    #4102,#4103,#4104,#4105,#4106,#4107,#4108,#4109,#4110,#4111,#4112,
    #4113,#4114,#4115,#4116,#4117,#4118,#4119,#4120,#4121,#4122,#4123,
    #4124,#4125,#4126,#4127,#4128,#4129,#4130,#4131,#4132,#4133,#4134,
    #4135,#4136,#4137,#4138,#4139,#4140,#4141,#4142,#4143,#4144,#4145,
    #4146,#4147,#4148,#4149,#4150,#4151,#4152,#4153,#4154,#4155,#4156,
    #4157,#4158,#4159,#4160,#4161,#4162,#4163,#4164,#4165),
  .UNSPECIFIED.,.F.,.F.,(4,1,1,1,1,1,1,1,1,1,1,1,1,1,1,1,1,1,1,1,1,1,1,1
    ,1,1,1,1,1,1,1,1,1,1,1,1,1,1,1,1,1,1,1,1,1,1,1,1,1,1,1,1,1,1,1,1,1,1
    ,1,1,1,1,1,1,1,1,4),(0.,2.230935012145E-03,4.46187002429E-03,
    6.692805036435E-03,8.92374004858E-03,1.115467506073E-02,
    1.338561007287E-02,1.561654508502E-02,1.784748009716E-02,
    2.007841510931E-02,2.230935012145E-02,2.45402851336E-02,
    2.677122014574E-02,2.900215515789E-02,3.123309017003E-02,
    3.346402518218E-02,3.569496019432E-02,3.792589520647E-02,
    4.015683021861E-02,4.238776523076E-02,4.46187002429E-02,
    4.684963525505E-02,4.908057026719E-02,5.131150527934E-02,
    5.354244029148E-02,5.577337530363E-02,5.800431031577E-02,
    6.023524532792E-02,6.246618034006E-02,6.469711535221E-02,
    6.692805036435E-02,6.91589853765E-02,7.138992038864E-02,
    7.362085540079E-02,7.585179041293E-02,7.808272542508E-02,
    8.031366043722E-02,8.254459544937E-02,8.477553046151E-02,
    8.700646547366E-02,8.92374004858E-02,9.146833549795E-02,
    9.369927051009E-02,9.593020552224E-02,9.816114053438E-02,
    0.100392075547,0.102623010559,0.104853945571,0.107084880583,
    0.109315815595,0.111546750607,0.113777685619,0.116008620632,
    0.118239555644,0.120470490656,0.122701425668,0.12493236068,
    0.127163295692,0.129394230704,0.131625165717,0.133856100729,
    0.136087035741,0.138317970753,0.140548905765,0.142779840777,
    0.145010775789,0.147241710802),.QUASI_UNIFORM_KNOTS.);
#4097 = CARTESIAN_POINT('',(0.,0.401542485533));
#4098 = CARTESIAN_POINT('',(5.057605626139E-03,0.401477306039));
#4099 = CARTESIAN_POINT('',(1.51674319984E-02,0.401347016379));
#4100 = CARTESIAN_POINT('',(3.031790608018E-02,0.40115186052));
#4101 = CARTESIAN_POINT('',(4.545600954358E-02,0.400957053935));
#4102 = CARTESIAN_POINT('',(6.058361731499E-02,0.400762667267));
#4103 = CARTESIAN_POINT('',(7.57025851855E-02,0.400568771159));
#4104 = CARTESIAN_POINT('',(9.081469465667E-02,0.400375436253));
#4105 = CARTESIAN_POINT('',(0.105921806586,0.400182733188));
#4106 = CARTESIAN_POINT('',(0.121025804056,0.39999073261));
#4107 = CARTESIAN_POINT('',(0.136128526881,0.399799505164));
#4108 = CARTESIAN_POINT('',(0.151231839653,0.399609121489));
#4109 = CARTESIAN_POINT('',(0.166337608724,0.399419652236));
#4110 = CARTESIAN_POINT('',(0.181447669626,0.399231168018));
#4111 = CARTESIAN_POINT('',(0.196563928208,0.399043739583));
#4112 = CARTESIAN_POINT('',(0.211688234737,0.398857437175));
#4113 = CARTESIAN_POINT('',(0.226822261531,0.398672332935));
#4114 = CARTESIAN_POINT('',(0.241968332985,0.398488491915));
#4115 = CARTESIAN_POINT('',(0.257126579353,0.398306005623));
#4116 = CARTESIAN_POINT('',(0.272305444298,0.398124866826));
#4117 = CARTESIAN_POINT('',(0.28747020232,0.397945583755));
#4118 = CARTESIAN_POINT('',(0.302621847195,0.397768226975));
#4119 = CARTESIAN_POINT('',(0.317762526327,0.397592854382));
#4120 = CARTESIAN_POINT('',(0.332894049067,0.397419527266));
#4121 = CARTESIAN_POINT('',(0.348018289243,0.397248306008));
#4122 = CARTESIAN_POINT('',(0.363137018609,0.397079251231));
#4123 = CARTESIAN_POINT('',(0.378252164417,0.396912423496));
#4124 = CARTESIAN_POINT('',(0.393365581696,0.396747883378));
#4125 = CARTESIAN_POINT('',(0.40847912758,0.396585691448));
#4126 = CARTESIAN_POINT('',(0.423594674618,0.396425908282));
#4127 = CARTESIAN_POINT('',(0.438714102333,0.396268594447));
#4128 = CARTESIAN_POINT('',(0.453839266358,0.396113810534));
#4129 = CARTESIAN_POINT('',(0.468972111953,0.395961617048));
#4130 = CARTESIAN_POINT('',(0.484114384308,0.395812074819));
#4131 = CARTESIAN_POINT('',(0.499268022001,0.395665243458));
#4132 = CARTESIAN_POINT('',(0.514434527188,0.395521187124));
#4133 = CARTESIAN_POINT('',(0.529617201474,0.395379953007));
#4134 = CARTESIAN_POINT('',(0.544812766099,0.395241651624));
#4135 = CARTESIAN_POINT('',(0.559990834858,0.395106628765));
#4136 = CARTESIAN_POINT('',(0.575160366596,0.394974860725));
#4137 = CARTESIAN_POINT('',(0.590321320859,0.394846408158));
#4138 = CARTESIAN_POINT('',(0.605476095067,0.394721309112));
#4139 = CARTESIAN_POINT('',(0.620626448259,0.394599607694));
#4140 = CARTESIAN_POINT('',(0.635774306509,0.394481346386));
#4141 = CARTESIAN_POINT('',(0.650921544394,0.394366568107));
#4142 = CARTESIAN_POINT('',(0.666069990407,0.394255315661));
#4143 = CARTESIAN_POINT('',(0.681221604206,0.394147631868));
#4144 = CARTESIAN_POINT('',(0.696378199383,0.394043559598));
#4145 = CARTESIAN_POINT('',(0.711541658483,0.393943141514));
#4146 = CARTESIAN_POINT('',(0.726713753957,0.393846421043));
#4147 = CARTESIAN_POINT('',(0.741896803089,0.393753438776));
#4148 = CARTESIAN_POINT('',(0.757091176799,0.393664245873));
#4149 = CARTESIAN_POINT('',(0.772304543315,0.393578854065));
#4150 = CARTESIAN_POINT('',(0.787505159421,0.393497488233));
#4151 = CARTESIAN_POINT('',(0.802694512756,0.393420168866));
#4152 = CARTESIAN_POINT('',(0.817874636031,0.39334691632));
#4153 = CARTESIAN_POINT('',(0.833047389764,0.393277750989));
#4154 = CARTESIAN_POINT('',(0.848214656161,0.393212693259));
#4155 = CARTESIAN_POINT('',(0.863378231473,0.393151763517));
#4156 = CARTESIAN_POINT('',(0.878540073179,0.39309498215));
#4157 = CARTESIAN_POINT('',(0.893702035359,0.393042369542));
#4158 = CARTESIAN_POINT('',(0.908865991517,0.39299394608));
#4159 = CARTESIAN_POINT('',(0.924033832509,0.392949732149));
#4160 = CARTESIAN_POINT('',(0.939207455093,0.392909748136));
#4161 = CARTESIAN_POINT('',(0.954388756272,0.39287401443));
#4162 = CARTESIAN_POINT('',(0.969579619963,0.392842551415));
#4163 = CARTESIAN_POINT('',(0.984781887822,0.392815379477));
#4164 = CARTESIAN_POINT('',(0.994925607122,0.392800139161));
#4165 = CARTESIAN_POINT('',(1.,0.392793240979));
#4166 = ( GEOMETRIC_REPRESENTATION_CONTEXT(2) 
PARAMETRIC_REPRESENTATION_CONTEXT() REPRESENTATION_CONTEXT('2D SPACE',''
  ) );
#4167 = PCURVE('',#3910,#4168);
#4168 = DEFINITIONAL_REPRESENTATION('',(#4169),#4210);
#4169 = B_SPLINE_CURVE_WITH_KNOTS('',3,(#4170,#4171,#4172,#4173,#4174,
    #4175,#4176,#4177,#4178,#4179,#4180,#4181,#4182,#4183,#4184,#4185,
    #4186,#4187,#4188,#4189,#4190,#4191,#4192,#4193,#4194,#4195,#4196,
    #4197,#4198,#4199,#4200,#4201,#4202,#4203,#4204,#4205,#4206,#4207,
    #4208,#4209),.UNSPECIFIED.,.F.,.F.,(4,3,3,3,3,3,3,3,3,3,3,3,3,4),(0.
    ,1.314648709062E-02,2.664477515748E-02,3.936255589331E-02,
    5.283946727788E-02,6.613651661643E-02,7.864497642745E-02,
    8.422679510753E-02,9.74619680211E-02,0.110853398724,0.112958301819,
    0.126334444741,0.139562835069,0.147241710802),.UNSPECIFIED.);
#4170 = CARTESIAN_POINT('',(-1.505446753755,-0.177269865684));
#4171 = CARTESIAN_POINT('',(-1.53643332099,-0.146283298449));
#4172 = CARTESIAN_POINT('',(-1.565146798905,-0.113292014082));
#4173 = CARTESIAN_POINT('',(-1.591548907723,-7.859728466113E-02));
#4174 = CARTESIAN_POINT('',(-1.618657538945,-4.297412169047E-02));
#4175 = CARTESIAN_POINT('',(-1.643329992187,-5.554199672285E-03));
#4176 = CARTESIAN_POINT('',(-1.665483605788,3.337320258627E-02));
#4177 = CARTESIAN_POINT('',(-1.686356237851,7.004971771823E-02));
#4178 = CARTESIAN_POINT('',(-1.704992846025,0.108065495659));
#4179 = CARTESIAN_POINT('',(-1.721285589307,0.147195640231));
#4180 = CARTESIAN_POINT('',(-1.738550854527,0.188661482568));
#4181 = CARTESIAN_POINT('',(-1.753073891348,0.231112613503));
#4182 = CARTESIAN_POINT('',(-1.764782769245,0.274258155422));
#4183 = CARTESIAN_POINT('',(-1.776335381165,0.316827879544));
#4184 = CARTESIAN_POINT('',(-1.78514871176,0.360074707131));
#4185 = CARTESIAN_POINT('',(-1.79110688668,0.40373539918));
#4186 = CARTESIAN_POINT('',(-1.796711708443,0.444806767566));
#4187 = CARTESIAN_POINT('',(-1.799789865459,0.48624521498));
#4188 = CARTESIAN_POINT('',(-1.800202837127,0.527832115226));
#4189 = CARTESIAN_POINT('',(-1.800387123043,0.546389998462));
#4190 = CARTESIAN_POINT('',(-1.800039618707,0.564930356993));
#4191 = CARTESIAN_POINT('',(-1.799153360297,0.583433574256));
#4192 = CARTESIAN_POINT('',(-1.797051933507,0.627306959251));
#4193 = CARTESIAN_POINT('',(-1.791925187784,0.670971737353));
#4194 = CARTESIAN_POINT('',(-1.783920881803,0.714154581288));
#4195 = CARTESIAN_POINT('',(-1.775822074966,0.757847252767));
#4196 = CARTESIAN_POINT('',(-1.764777015497,0.801047679999));
#4197 = CARTESIAN_POINT('',(-1.750887786409,0.84346144922));
#4198 = CARTESIAN_POINT('',(-1.74870463795,0.850128165876));
#4199 = CARTESIAN_POINT('',(-1.746451125054,0.856775404154));
#4200 = CARTESIAN_POINT('',(-1.744127540019,0.863401966599));
#4201 = CARTESIAN_POINT('',(-1.729361726998,0.90551214571));
#4202 = CARTESIAN_POINT('',(-1.711855728487,0.946544844129));
#4203 = CARTESIAN_POINT('',(-1.691751515005,0.98621925327));
#4204 = CARTESIAN_POINT('',(-1.671869372246,1.025455419715));
#4205 = CARTESIAN_POINT('',(-1.649445563548,1.063364184083));
#4206 = CARTESIAN_POINT('',(-1.624572034392,1.09965349404));
#4207 = CARTESIAN_POINT('',(-1.610133335904,1.120718876502));
#4208 = CARTESIAN_POINT('',(-1.594868369881,1.14123810277));
#4209 = CARTESIAN_POINT('',(-1.578789019759,1.161148719557));
#4210 = ( GEOMETRIC_REPRESENTATION_CONTEXT(2) 
PARAMETRIC_REPRESENTATION_CONTEXT() REPRESENTATION_CONTEXT('2D SPACE',''
  ) );
#4211 = ORIENTED_EDGE('',*,*,#3922,.F.);
#4212 = ORIENTED_EDGE('',*,*,#1388,.T.);
#4213 = ORIENTED_EDGE('',*,*,#1516,.T.);
#4214 = ORIENTED_EDGE('',*,*,#1677,.F.);
#4215 = ADVANCED_FACE('',(#4216),#1558,.F.);
#4216 = FACE_BOUND('',#4217,.F.);
#4217 = EDGE_LOOP('',(#4218,#4247,#4292,#4293,#4294,#4295,#4342,#4369,
    #4397,#4478,#4506,#4539,#4572,#4595,#4676));
#4218 = ORIENTED_EDGE('',*,*,#4219,.F.);
#4219 = EDGE_CURVE('',#4220,#4222,#4224,.T.);
#4220 = VERTEX_POINT('',#4221);
#4221 = CARTESIAN_POINT('',(8.246642199344,5.746642204077,
    -9.187683267796E-02));
#4222 = VERTEX_POINT('',#4223);
#4223 = CARTESIAN_POINT('',(7.827939069668,5.327939069668,0.));
#4224 = SURFACE_CURVE('',#4225,(#4230,#4236),.PCURVE_S1.);
#4225 = ELLIPSE('',#4226,1.414213562373,1.);
#4226 = AXIS2_PLACEMENT_3D('',#4227,#4228,#4229);
#4227 = CARTESIAN_POINT('',(7.827939069668,5.327939069668,-1.));
#4228 = DIRECTION('',(0.707106781187,-0.707106781187,0.));
#4229 = DIRECTION('',(0.707106781187,0.707106781187,4.906538933387E-17)
  );
#4230 = PCURVE('',#1558,#4231);
#4231 = DEFINITIONAL_REPRESENTATION('',(#4232),#4235);
#4232 = B_SPLINE_CURVE_WITH_KNOTS('',1,(#4233,#4234),.UNSPECIFIED.,.F.,
  .F.,(2,2),(1.138779552605,1.570796326795),.PIECEWISE_BEZIER_KNOTS.);
#4233 = CARTESIAN_POINT('',(0.309748157908,13.371642201732));
#4234 = CARTESIAN_POINT('',(0.741764932098,12.952939069668));
#4235 = ( GEOMETRIC_REPRESENTATION_CONTEXT(2) 
PARAMETRIC_REPRESENTATION_CONTEXT() REPRESENTATION_CONTEXT('2D SPACE',''
  ) );
#4236 = PCURVE('',#4237,#4242);
#4237 = CYLINDRICAL_SURFACE('',#4238,1.);
#4238 = AXIS2_PLACEMENT_3D('',#4239,#4240,#4241);
#4239 = CARTESIAN_POINT('',(7.827939069668,3.875,-1.));
#4240 = DIRECTION('',(0.,-1.,0.));
#4241 = DIRECTION('',(0.675590207616,0.,0.73727733681));
#4242 = DEFINITIONAL_REPRESENTATION('',(#4243),#4246);
#4243 = B_SPLINE_CURVE_WITH_KNOTS('',1,(#4244,#4245),.UNSPECIFIED.,.F.,
  .F.,(2,2),(1.138779552605,1.570796326795),.PIECEWISE_BEZIER_KNOTS.);
#4244 = CARTESIAN_POINT('',(0.309748157908,-1.871642201732));
#4245 = CARTESIAN_POINT('',(0.741764932098,-1.452939069668));
#4246 = ( GEOMETRIC_REPRESENTATION_CONTEXT(2) 
PARAMETRIC_REPRESENTATION_CONTEXT() REPRESENTATION_CONTEXT('2D SPACE',''
  ) );
#4247 = ORIENTED_EDGE('',*,*,#4248,.T.);
#4248 = EDGE_CURVE('',#4220,#3950,#4249,.T.);
#4249 = SURFACE_CURVE('',#4250,(#4257,#4263),.PCURVE_S1.);
#4250 = B_SPLINE_CURVE_WITH_KNOTS('',3,(#4251,#4252,#4253,#4254,#4255,
    #4256),.UNSPECIFIED.,.F.,.F.,(4,2,4),(0.24083871567,0.251891266581,
    0.271675735457),.UNSPECIFIED.);
#4251 = CARTESIAN_POINT('',(8.24664219889,5.746642204077,
    -9.187683366408E-02));
#4252 = CARTESIAN_POINT('',(8.223138870632,5.771567426588,
    -0.103368962902));
#4253 = CARTESIAN_POINT('',(8.200277819837,5.796841334289,
    -0.116259968149));
#4254 = CARTESIAN_POINT('',(8.13842055095,5.868196928038,-0.156853750751
    ));
#4255 = CARTESIAN_POINT('',(8.099424362167,5.916880914306,
    -0.189480952761));
#4256 = CARTESIAN_POINT('',(8.064508237218,5.964388270352,
    -0.228681379099));
#4257 = PCURVE('',#1558,#4258);
#4258 = DEFINITIONAL_REPRESENTATION('',(#4259),#4262);
#4259 = B_SPLINE_CURVE_WITH_KNOTS('',1,(#4260,#4261),.UNSPECIFIED.,.F.,
  .F.,(2,2),(0.24083871567,0.271675735457),.PIECEWISE_BEZIER_KNOTS.);
#4260 = CARTESIAN_POINT('',(0.309748155326,13.37164219889));
#4261 = CARTESIAN_POINT('',(5.187900386535E-02,13.189508237218));
#4262 = ( GEOMETRIC_REPRESENTATION_CONTEXT(2) 
PARAMETRIC_REPRESENTATION_CONTEXT() REPRESENTATION_CONTEXT('2D SPACE',''
  ) );
#4263 = PCURVE('',#4040,#4264);
#4264 = DEFINITIONAL_REPRESENTATION('',(#4265),#4291);
#4265 = B_SPLINE_CURVE_WITH_KNOTS('',3,(#4266,#4267,#4268,#4269,#4270,
    #4271,#4272,#4273,#4274,#4275,#4276,#4277,#4278,#4279,#4280,#4281,
    #4282,#4283,#4284,#4285,#4286,#4287,#4288,#4289,#4290),
  .UNSPECIFIED.,.F.,.F.,(4,1,1,1,1,1,1,1,1,1,1,1,1,1,1,1,1,1,1,1,1,1,4),
  (0.24083871567,0.242240398388,0.243642081105,0.245043763823,
    0.24644544654,0.247847129258,0.249248811976,0.250650494693,
    0.252052177411,0.253453860128,0.254855542846,0.256257225564,
    0.257658908281,0.259060590999,0.260462273716,0.261863956434,
    0.263265639152,0.264667321869,0.266069004587,0.267470687304,
    0.268872370022,0.270274052739,0.271675735457),
  .QUASI_UNIFORM_KNOTS.);
#4266 = CARTESIAN_POINT('',(3.926990815782,2.908123166336));
#4267 = CARTESIAN_POINT('',(3.925564196444,2.906665736298));
#4268 = CARTESIAN_POINT('',(3.922712792785,2.903705877637));
#4269 = CARTESIAN_POINT('',(3.918441338937,2.899127921838));
#4270 = CARTESIAN_POINT('',(3.914175673689,2.894408610818));
#4271 = CARTESIAN_POINT('',(3.909915967719,2.889544810915));
#4272 = CARTESIAN_POINT('',(3.905662263068,2.884533183917));
#4273 = CARTESIAN_POINT('',(3.901415079055,2.879371151187));
#4274 = CARTESIAN_POINT('',(3.89717315081,2.874053295472));
#4275 = CARTESIAN_POINT('',(3.892941869081,2.868584789585));
#4276 = CARTESIAN_POINT('',(3.888700826151,2.862929763901));
#4277 = CARTESIAN_POINT('',(3.884444042162,2.857073143828));
#4278 = CARTESIAN_POINT('',(3.880177627828,2.851019111496));
#4279 = CARTESIAN_POINT('',(3.875904462231,2.844766668685));
#4280 = CARTESIAN_POINT('',(3.871628297855,2.838316184593));
#4281 = CARTESIAN_POINT('',(3.86735266008,2.831667641295));
#4282 = CARTESIAN_POINT('',(3.863081141472,2.824821103833));
#4283 = CARTESIAN_POINT('',(3.858817322323,2.817776594265));
#4284 = CARTESIAN_POINT('',(3.854564791341,2.810534125483));
#4285 = CARTESIAN_POINT('',(3.850327139506,2.803093692214));
#4286 = CARTESIAN_POINT('',(3.846107961126,2.795455273708));
#4287 = CARTESIAN_POINT('',(3.841910853043,2.787618832727));
#4288 = CARTESIAN_POINT('',(3.837739414147,2.779584317852));
#4289 = CARTESIAN_POINT('',(3.834977968526,2.7740958769));
#4290 = CARTESIAN_POINT('',(3.833602724225,2.771318620901));
#4291 = ( GEOMETRIC_REPRESENTATION_CONTEXT(2) 
PARAMETRIC_REPRESENTATION_CONTEXT() REPRESENTATION_CONTEXT('2D SPACE',''
  ) );
#4292 = ORIENTED_EDGE('',*,*,#3949,.T.);
#4293 = ORIENTED_EDGE('',*,*,#1540,.F.);
#4294 = ORIENTED_EDGE('',*,*,#1945,.T.);
#4295 = ORIENTED_EDGE('',*,*,#4296,.T.);
#4296 = EDGE_CURVE('',#1918,#4297,#4299,.T.);
#4297 = VERTEX_POINT('',#4298);
#4298 = CARTESIAN_POINT('',(-8.246642199344,5.746642204077,
    -9.187683267796E-02));
#4299 = SURFACE_CURVE('',#4300,(#4307,#4313),.PCURVE_S1.);
#4300 = B_SPLINE_CURVE_WITH_KNOTS('',3,(#4301,#4302,#4303,#4304,#4305,
    #4306),.UNSPECIFIED.,.F.,.F.,(4,2,4),(1.114889756458,1.13467422529,
    1.145726776201),.UNSPECIFIED.);
#4301 = CARTESIAN_POINT('',(-8.064508237452,5.964388270034,
    -0.228681378837));
#4302 = CARTESIAN_POINT('',(-8.09942436234,5.916880914089,
    -0.189480952614));
#4303 = CARTESIAN_POINT('',(-8.138420551039,5.868196927936,
    -0.156853750693));
#4304 = CARTESIAN_POINT('',(-8.200277819838,5.796841334289,
    -0.116259968149));
#4305 = CARTESIAN_POINT('',(-8.223138870632,5.771567426588,
    -0.103368962902));
#4306 = CARTESIAN_POINT('',(-8.24664219889,5.746642204077,
    -9.187683366408E-02));
#4307 = PCURVE('',#1558,#4308);
#4308 = DEFINITIONAL_REPRESENTATION('',(#4309),#4312);
#4309 = B_SPLINE_CURVE_WITH_KNOTS('',1,(#4310,#4311),.UNSPECIFIED.,.F.,
  .F.,(2,2),(1.114889756458,1.145726776201),.PIECEWISE_BEZIER_KNOTS.);
#4310 = CARTESIAN_POINT('',(5.187900427763E-02,-2.939508237452));
#4311 = CARTESIAN_POINT('',(0.309748155326,-3.12164219889));
#4312 = ( GEOMETRIC_REPRESENTATION_CONTEXT(2) 
PARAMETRIC_REPRESENTATION_CONTEXT() REPRESENTATION_CONTEXT('2D SPACE',''
  ) );
#4313 = PCURVE('',#1934,#4314);
#4314 = DEFINITIONAL_REPRESENTATION('',(#4315),#4341);
#4315 = B_SPLINE_CURVE_WITH_KNOTS('',3,(#4316,#4317,#4318,#4319,#4320,
    #4321,#4322,#4323,#4324,#4325,#4326,#4327,#4328,#4329,#4330,#4331,
    #4332,#4333,#4334,#4335,#4336,#4337,#4338,#4339,#4340),
  .UNSPECIFIED.,.F.,.F.,(4,1,1,1,1,1,1,1,1,1,1,1,1,1,1,1,1,1,1,1,1,1,4),
  (1.114889756458,1.116291439174,1.117693121889,1.119094804605,
    1.120496487321,1.121898170036,1.123299852752,1.124701535467,
    1.126103218183,1.127504900898,1.128906583614,1.13030826633,
    1.131709949045,1.133111631761,1.134513314476,1.135914997192,
    1.137316679908,1.138718362623,1.140120045339,1.141521728054,
    1.14292341077,1.144325093485,1.145726776201),.QUASI_UNIFORM_KNOTS.);
#4316 = CARTESIAN_POINT('',(5.591175236414,2.771318621163));
#4317 = CARTESIAN_POINT('',(5.589799992115,2.774095877157));
#4318 = CARTESIAN_POINT('',(5.587038546498,2.779584318097));
#4319 = CARTESIAN_POINT('',(5.582867107607,2.787618832954));
#4320 = CARTESIAN_POINT('',(5.578669999529,2.795455273919));
#4321 = CARTESIAN_POINT('',(5.574450821154,2.803093692409));
#4322 = CARTESIAN_POINT('',(5.570213169326,2.810534125662));
#4323 = CARTESIAN_POINT('',(5.565960638349,2.817776594429));
#4324 = CARTESIAN_POINT('',(5.561696819206,2.824821103982));
#4325 = CARTESIAN_POINT('',(5.557425300604,2.831667641431));
#4326 = CARTESIAN_POINT('',(5.553149662835,2.838316184715));
#4327 = CARTESIAN_POINT('',(5.548873498465,2.844766668794));
#4328 = CARTESIAN_POINT('',(5.544600332874,2.851019111593));
#4329 = CARTESIAN_POINT('',(5.540333918546,2.857073143913));
#4330 = CARTESIAN_POINT('',(5.536077134563,2.862929763976));
#4331 = CARTESIAN_POINT('',(5.53183609164,2.868584789649));
#4332 = CARTESIAN_POINT('',(5.527604809917,2.874053295526));
#4333 = CARTESIAN_POINT('',(5.523362881677,2.879371151232));
#4334 = CARTESIAN_POINT('',(5.519115697671,2.884533183953));
#4335 = CARTESIAN_POINT('',(5.514861993026,2.889544810944));
#4336 = CARTESIAN_POINT('',(5.510602287062,2.894408610838));
#4337 = CARTESIAN_POINT('',(5.50633662182,2.899127921851));
#4338 = CARTESIAN_POINT('',(5.502065167978,2.903705877644));
#4339 = CARTESIAN_POINT('',(5.499213764323,2.9066657363));
#4340 = CARTESIAN_POINT('',(5.497787144987,2.908123166336));
#4341 = ( GEOMETRIC_REPRESENTATION_CONTEXT(2) 
PARAMETRIC_REPRESENTATION_CONTEXT() REPRESENTATION_CONTEXT('2D SPACE',''
  ) );
#4342 = ORIENTED_EDGE('',*,*,#4343,.F.);
#4343 = EDGE_CURVE('',#4344,#4297,#4346,.T.);
#4344 = VERTEX_POINT('',#4345);
#4345 = CARTESIAN_POINT('',(-7.827939069668,5.327939069668,0.));
#4346 = SURFACE_CURVE('',#4347,(#4352,#4358),.PCURVE_S1.);
#4347 = ELLIPSE('',#4348,1.414213562373,1.);
#4348 = AXIS2_PLACEMENT_3D('',#4349,#4350,#4351);
#4349 = CARTESIAN_POINT('',(-7.827939069668,5.327939069668,-1.));
#4350 = DIRECTION('',(-0.707106781187,-0.707106781187,0.));
#4351 = DIRECTION('',(-0.707106781187,0.707106781187,-4.906538933387E-17
    ));
#4352 = PCURVE('',#1558,#4353);
#4353 = DEFINITIONAL_REPRESENTATION('',(#4354),#4357);
#4354 = B_SPLINE_CURVE_WITH_KNOTS('',1,(#4355,#4356),.UNSPECIFIED.,.F.,
  .F.,(2,2),(4.712388980385,5.144405754575),.PIECEWISE_BEZIER_KNOTS.);
#4355 = CARTESIAN_POINT('',(0.741764932098,-2.702939069668));
#4356 = CARTESIAN_POINT('',(0.309748157907,-3.121642201732));
#4357 = ( GEOMETRIC_REPRESENTATION_CONTEXT(2) 
PARAMETRIC_REPRESENTATION_CONTEXT() REPRESENTATION_CONTEXT('2D SPACE',''
  ) );
#4358 = PCURVE('',#4359,#4364);
#4359 = CYLINDRICAL_SURFACE('',#4360,1.);
#4360 = AXIS2_PLACEMENT_3D('',#4361,#4362,#4363);
#4361 = CARTESIAN_POINT('',(-7.827939069668,-3.875,-1.));
#4362 = DIRECTION('',(6.043552755016E-17,1.,0.));
#4363 = DIRECTION('',(-0.675590207616,4.082965060497E-17,0.73727733681)
  );
#4364 = DEFINITIONAL_REPRESENTATION('',(#4365),#4368);
#4365 = B_SPLINE_CURVE_WITH_KNOTS('',1,(#4366,#4367),.UNSPECIFIED.,.F.,
  .F.,(2,2),(4.712388980385,5.144405754575),.PIECEWISE_BEZIER_KNOTS.);
#4366 = CARTESIAN_POINT('',(0.741764932098,9.202939069668));
#4367 = CARTESIAN_POINT('',(0.309748157907,9.621642201732));
#4368 = ( GEOMETRIC_REPRESENTATION_CONTEXT(2) 
PARAMETRIC_REPRESENTATION_CONTEXT() REPRESENTATION_CONTEXT('2D SPACE',''
  ) );
#4369 = ORIENTED_EDGE('',*,*,#4370,.F.);
#4370 = EDGE_CURVE('',#4371,#4344,#4373,.T.);
#4371 = VERTEX_POINT('',#4372);
#4372 = CARTESIAN_POINT('',(-5.146235463657,5.327939069668,0.));
#4373 = SURFACE_CURVE('',#4374,(#4378,#4385),.PCURVE_S1.);
#4374 = LINE('',#4375,#4376);
#4375 = CARTESIAN_POINT('',(-5.125,5.327939069668,0.));
#4376 = VECTOR('',#4377,1.);
#4377 = DIRECTION('',(-1.,4.738756812424E-17,0.));
#4378 = PCURVE('',#1558,#4379);
#4379 = DEFINITIONAL_REPRESENTATION('',(#4380),#4384);
#4380 = LINE('',#4381,#4382);
#4381 = CARTESIAN_POINT('',(0.741764932098,0.));
#4382 = VECTOR('',#4383,1.);
#4383 = DIRECTION('',(1.241997462512E-16,-1.));
#4384 = ( GEOMETRIC_REPRESENTATION_CONTEXT(2) 
PARAMETRIC_REPRESENTATION_CONTEXT() REPRESENTATION_CONTEXT('2D SPACE',''
  ) );
#4385 = PCURVE('',#4386,#4391);
#4386 = PLANE('',#4387);
#4387 = AXIS2_PLACEMENT_3D('',#4388,#4389,#4390);
#4388 = CARTESIAN_POINT('',(0.,0.,0.));
#4389 = DIRECTION('',(0.,0.,1.));
#4390 = DIRECTION('',(1.,0.,-0.));
#4391 = DEFINITIONAL_REPRESENTATION('',(#4392),#4396);
#4392 = LINE('',#4393,#4394);
#4393 = CARTESIAN_POINT('',(-5.125,5.327939069668));
#4394 = VECTOR('',#4395,1.);
#4395 = DIRECTION('',(-1.,4.738756812424E-17));
#4396 = ( GEOMETRIC_REPRESENTATION_CONTEXT(2) 
PARAMETRIC_REPRESENTATION_CONTEXT() REPRESENTATION_CONTEXT('2D SPACE',''
  ) );
#4397 = ORIENTED_EDGE('',*,*,#4398,.T.);
#4398 = EDGE_CURVE('',#4371,#4399,#4401,.T.);
#4399 = VERTEX_POINT('',#4400);
#4400 = CARTESIAN_POINT('',(-2.118767004711,5.679344956099,
    -6.377678784301E-02));
#4401 = SURFACE_CURVE('',#4402,(#4415,#4444),.PCURVE_S1.);
#4402 = B_SPLINE_CURVE_WITH_KNOTS('',3,(#4403,#4404,#4405,#4406,#4407,
    #4408,#4409,#4410,#4411,#4412,#4413,#4414),.UNSPECIFIED.,.F.,.F.,(4,
    2,2,2,2,4),(0.325721736693,0.331542862326,0.36743916938,
    0.403335476434,0.475128090541,0.618713318757),.UNSPECIFIED.);
#4403 = CARTESIAN_POINT('',(-5.146235463657,5.327939069668,0.));
#4404 = CARTESIAN_POINT('',(-5.127965616073,5.338320454774,
    -5.762826386594E-18));
#4405 = CARTESIAN_POINT('',(-5.109297989998,5.347554049193,
    -1.598385186754E-04));
#4406 = CARTESIAN_POINT('',(-4.982831156767,5.40535315097,
    -1.760336295598E-03));
#4407 = CARTESIAN_POINT('',(-4.867995017085,5.436261454076,
    -5.491750651719E-03));
#4408 = CARTESIAN_POINT('',(-4.633394780932,5.49157839129,
    -1.308531829316E-02));
#4409 = CARTESIAN_POINT('',(-4.513160602067,5.513932541644,
    -1.724169378693E-02));
#4410 = CARTESIAN_POINT('',(-4.14534105964,5.572517682161,
    -2.955895060172E-02));
#4411 = CARTESIAN_POINT('',(-3.89149934927,5.60015886369,
    -3.750928307075E-02));
#4412 = CARTESIAN_POINT('',(-3.120523617083,5.663764144882,
    -5.703197079302E-02));
#4413 = CARTESIAN_POINT('',(-2.597384432095,5.679344956099,
    -6.3776787843E-02));
#4414 = CARTESIAN_POINT('',(-2.118767004711,5.679344956099,
    -6.3776787843E-02));
#4415 = PCURVE('',#1558,#4416);
#4416 = DEFINITIONAL_REPRESENTATION('',(#4417),#4443);
#4417 = B_SPLINE_CURVE_WITH_KNOTS('',3,(#4418,#4419,#4420,#4421,#4422,
    #4423,#4424,#4425,#4426,#4427,#4428,#4429,#4430,#4431,#4432,#4433,
    #4434,#4435,#4436,#4437,#4438,#4439,#4440,#4441,#4442),
  .UNSPECIFIED.,.F.,.F.,(4,1,1,1,1,1,1,1,1,1,1,1,1,1,1,1,1,1,1,1,1,1,4),
  (0.325721736693,0.339039535877,0.352357335062,0.365675134247,
    0.378992933432,0.392310732616,0.405628531801,0.418946330986,
    0.43226413017,0.445581929355,0.45889972854,0.472217527725,
    0.485535326909,0.498853126094,0.512170925279,0.525488724463,
    0.538806523648,0.552124322833,0.565442122018,0.578759921202,
    0.592077720387,0.605395519572,0.618713318757),
  .QUASI_UNIFORM_KNOTS.);
#4418 = CARTESIAN_POINT('',(0.741764932098,-2.123546365663E-02));
#4419 = CARTESIAN_POINT('',(0.719718431079,1.968290731056E-02));
#4420 = CARTESIAN_POINT('',(0.682738468015,0.101940609947));
#4421 = CARTESIAN_POINT('',(0.642158118141,0.227377734259));
#4422 = CARTESIAN_POINT('',(0.608888239721,0.356683331451));
#4423 = CARTESIAN_POINT('',(0.579303313259,0.488069554092));
#4424 = CARTESIAN_POINT('',(0.553536949039,0.621814354599));
#4425 = CARTESIAN_POINT('',(0.530601680108,0.757669082489));
#4426 = CARTESIAN_POINT('',(0.509924236535,0.895319994242));
#4427 = CARTESIAN_POINT('',(0.49135633335,1.034492778912));
#4428 = CARTESIAN_POINT('',(0.474706695401,1.174995506612));
#4429 = CARTESIAN_POINT('',(0.459799458206,1.31661122212));
#4430 = CARTESIAN_POINT('',(0.446458176545,1.459140690489));
#4431 = CARTESIAN_POINT('',(0.43451420349,1.602338821014));
#4432 = CARTESIAN_POINT('',(0.423955733709,1.745777910304));
#4433 = CARTESIAN_POINT('',(0.414722952151,1.889240020351));
#4434 = CARTESIAN_POINT('',(0.406766733848,2.032457702952));
#4435 = CARTESIAN_POINT('',(0.400035259634,2.175176776124));
#4436 = CARTESIAN_POINT('',(0.394477825379,2.317139503207));
#4437 = CARTESIAN_POINT('',(0.390043924743,2.458089100017));
#4438 = CARTESIAN_POINT('',(0.38668350271,2.597768527154));
#4439 = CARTESIAN_POINT('',(0.384346819009,2.735920813604));
#4440 = CARTESIAN_POINT('',(0.382984364198,2.872288970022));
#4441 = CARTESIAN_POINT('',(0.38269259059,2.96184033134));
#4442 = CARTESIAN_POINT('',(0.382692593535,3.006232995289));
#4443 = ( GEOMETRIC_REPRESENTATION_CONTEXT(2) 
PARAMETRIC_REPRESENTATION_CONTEXT() REPRESENTATION_CONTEXT('2D SPACE',''
  ) );
#4444 = PCURVE('',#4445,#4450);
#4445 = SPHERICAL_SURFACE('',#4446,41.95);
#4446 = AXIS2_PLACEMENT_3D('',#4447,#4448,#4449);
#4447 = CARTESIAN_POINT('',(-2.118767004711,0.,41.5));
#4448 = DIRECTION('',(1.,-4.234462072468E-17,0.));
#4449 = DIRECTION('',(-4.234462072468E-17,-1.,0.));
#4450 = DEFINITIONAL_REPRESENTATION('',(#4451),#4477);
#4451 = B_SPLINE_CURVE_WITH_KNOTS('',3,(#4452,#4453,#4454,#4455,#4456,
    #4457,#4458,#4459,#4460,#4461,#4462,#4463,#4464,#4465,#4466,#4467,
    #4468,#4469,#4470,#4471,#4472,#4473,#4474,#4475,#4476),
  .UNSPECIFIED.,.F.,.F.,(4,1,1,1,1,1,1,1,1,1,1,1,1,1,1,1,1,1,1,1,1,1,4),
  (0.325721736693,0.339039535877,0.352357335062,0.365675134247,
    0.378992933432,0.392310732616,0.405628531801,0.418946330986,
    0.43226413017,0.445581929355,0.45889972854,0.472217527725,
    0.485535326909,0.498853126094,0.512170925279,0.525488724463,
    0.538806523648,0.552124322833,0.565442122018,0.578759921202,
    0.592077720387,0.605395519572,0.618713318757),
  .QUASI_UNIFORM_KNOTS.);
#4452 = CARTESIAN_POINT('',(1.698481933108,-7.223129028287E-02));
#4453 = CARTESIAN_POINT('',(1.699004182012,-7.125333339392E-02));
#4454 = CARTESIAN_POINT('',(1.699876869737,-6.92875601686E-02));
#4455 = CARTESIAN_POINT('',(1.700825448848,-6.629051547633E-02));
#4456 = CARTESIAN_POINT('',(1.701594666472,-6.320167195253E-02));
#4457 = CARTESIAN_POINT('',(1.702274217345,-6.006374174814E-02));
#4458 = CARTESIAN_POINT('',(1.702860475579,-5.687009032686E-02));
#4459 = CARTESIAN_POINT('',(1.70337782976,-5.362665065152E-02));
#4460 = CARTESIAN_POINT('',(1.703840882536,-5.034090857264E-02));
#4461 = CARTESIAN_POINT('',(1.704253474804,-4.701939208252E-02));
#4462 = CARTESIAN_POINT('',(1.704620520663,-4.366665862853E-02));
#4463 = CARTESIAN_POINT('',(1.70494664372,-4.028786180097E-02));
#4464 = CARTESIAN_POINT('',(1.705236527568,-3.68877272153E-02));
#4465 = CARTESIAN_POINT('',(1.705494878993,-3.347208072854E-02));
#4466 = CARTESIAN_POINT('',(1.705722388938,-3.005109506867E-02));
#4467 = CARTESIAN_POINT('',(1.705920480469,-2.662990918532E-02));
#4468 = CARTESIAN_POINT('',(1.706090414293,-2.321485511387E-02));
#4469 = CARTESIAN_POINT('',(1.706233491365,-1.981194936653E-02));
#4470 = CARTESIAN_POINT('',(1.706350998828,-1.642729631403E-02));
#4471 = CARTESIAN_POINT('',(1.706444224722,-1.306697923282E-02));
#4472 = CARTESIAN_POINT('',(1.706514454277,-9.737088650054E-03));
#4473 = CARTESIAN_POINT('',(1.706562971084,-6.443713886019E-03));
#4474 = CARTESIAN_POINT('',(1.70659105716,-3.192944665254E-03));
#4475 = CARTESIAN_POINT('',(1.706597014082,-1.05822789584E-03));
#4476 = CARTESIAN_POINT('',(1.706597014195,0.));
#4477 = ( GEOMETRIC_REPRESENTATION_CONTEXT(2) 
PARAMETRIC_REPRESENTATION_CONTEXT() REPRESENTATION_CONTEXT('2D SPACE',''
  ) );
#4478 = ORIENTED_EDGE('',*,*,#4479,.T.);
#4479 = EDGE_CURVE('',#4399,#4480,#4482,.T.);
#4480 = VERTEX_POINT('',#4481);
#4481 = CARTESIAN_POINT('',(-0.145899791372,5.679344956099,
    -6.377678784301E-02));
#4482 = SURFACE_CURVE('',#4483,(#4487,#4494),.PCURVE_S1.);
#4483 = LINE('',#4484,#4485);
#4484 = CARTESIAN_POINT('',(-5.125,5.679344956099,-6.377678784301E-02));
#4485 = VECTOR('',#4486,1.);
#4486 = DIRECTION('',(1.,-4.738756812424E-17,0.));
#4487 = PCURVE('',#1558,#4488);
#4488 = DEFINITIONAL_REPRESENTATION('',(#4489),#4493);
#4489 = LINE('',#4490,#4491);
#4490 = CARTESIAN_POINT('',(0.382692593535,0.));
#4491 = VECTOR('',#4492,1.);
#4492 = DIRECTION('',(5.2399486218E-17,1.));
#4493 = ( GEOMETRIC_REPRESENTATION_CONTEXT(2) 
PARAMETRIC_REPRESENTATION_CONTEXT() REPRESENTATION_CONTEXT('2D SPACE',''
  ) );
#4494 = PCURVE('',#4495,#4500);
#4495 = CYLINDRICAL_SURFACE('',#4496,41.95);
#4496 = AXIS2_PLACEMENT_3D('',#4497,#4498,#4499);
#4497 = CARTESIAN_POINT('',(-2.118767004711,0.,41.5));
#4498 = DIRECTION('',(1.,0.,0.));
#4499 = DIRECTION('',(-0.,1.,0.));
#4500 = DEFINITIONAL_REPRESENTATION('',(#4501),#4505);
#4501 = LINE('',#4502,#4503);
#4502 = CARTESIAN_POINT('',(4.848189667785,-3.006232995289));
#4503 = VECTOR('',#4504,1.);
#4504 = DIRECTION('',(0.,1.));
#4505 = ( GEOMETRIC_REPRESENTATION_CONTEXT(2) 
PARAMETRIC_REPRESENTATION_CONTEXT() REPRESENTATION_CONTEXT('2D SPACE',''
  ) );
#4506 = ORIENTED_EDGE('',*,*,#4507,.F.);
#4507 = EDGE_CURVE('',#4508,#4480,#4510,.T.);
#4508 = VERTEX_POINT('',#4509);
#4509 = CARTESIAN_POINT('',(0.,5.932050807569,-0.203100377632));
#4510 = SURFACE_CURVE('',#4511,(#4516,#4527),.PCURVE_S1.);
#4511 = ELLIPSE('',#4512,1.154700538379,1.);
#4512 = AXIS2_PLACEMENT_3D('',#4513,#4514,#4515);
#4513 = CARTESIAN_POINT('',(-0.348784074498,5.327939069668,-1.));
#4514 = DIRECTION('',(0.866025403784,-0.5,0.));
#4515 = DIRECTION('',(0.5,0.866025403784,0.));
#4516 = PCURVE('',#1558,#4517);
#4517 = DEFINITIONAL_REPRESENTATION('',(#4518),#4526);
#4518 = B_SPLINE_CURVE_WITH_KNOTS('',6,(#4519,#4520,#4521,#4522,#4523,
    #4524,#4525),.UNSPECIFIED.,.F.,.F.,(7,7),(0.527795623669,
    1.570796326795),.PIECEWISE_BEZIER_KNOTS.);
#4519 = CARTESIAN_POINT('',(-0.301235771028,5.275));
#4520 = CARTESIAN_POINT('',(-0.127402320507,5.224454271989));
#4521 = CARTESIAN_POINT('',(4.643113001353E-02,5.155822537097));
#4522 = CARTESIAN_POINT('',(0.220264580535,5.071848743918));
#4523 = CARTESIAN_POINT('',(0.394098031056,4.976940720005));
#4524 = CARTESIAN_POINT('',(0.567931481577,4.876578714955));
#4525 = CARTESIAN_POINT('',(0.741764932098,4.776215925502));
#4526 = ( GEOMETRIC_REPRESENTATION_CONTEXT(2) 
PARAMETRIC_REPRESENTATION_CONTEXT() REPRESENTATION_CONTEXT('2D SPACE',''
  ) );
#4527 = PCURVE('',#4528,#4533);
#4528 = PLANE('',#4529);
#4529 = AXIS2_PLACEMENT_3D('',#4530,#4531,#4532);
#4530 = CARTESIAN_POINT('',(0.,5.932050807569,-0.517306386134));
#4531 = DIRECTION('',(0.866025403784,-0.5,0.));
#4532 = DIRECTION('',(-0.5,-0.866025403784,0.));
#4533 = DEFINITIONAL_REPRESENTATION('',(#4534),#4538);
#4534 = ELLIPSE('',#4535,1.154700538379,1.);
#4535 = AXIS2_PLACEMENT_2D('',#4536,#4537);
#4536 = CARTESIAN_POINT('',(0.697568148996,0.482693613866));
#4537 = DIRECTION('',(-1.,0.));
#4538 = ( GEOMETRIC_REPRESENTATION_CONTEXT(2) 
PARAMETRIC_REPRESENTATION_CONTEXT() REPRESENTATION_CONTEXT('2D SPACE',''
  ) );
#4539 = ORIENTED_EDGE('',*,*,#4540,.F.);
#4540 = EDGE_CURVE('',#4541,#4508,#4543,.T.);
#4541 = VERTEX_POINT('',#4542);
#4542 = CARTESIAN_POINT('',(0.145899791372,5.679344956099,
    -6.377678784301E-02));
#4543 = SURFACE_CURVE('',#4544,(#4549,#4560),.PCURVE_S1.);
#4544 = ELLIPSE('',#4545,1.154700538379,1.);
#4545 = AXIS2_PLACEMENT_3D('',#4546,#4547,#4548);
#4546 = CARTESIAN_POINT('',(0.348784074498,5.327939069668,-1.));
#4547 = DIRECTION('',(-0.866025403784,-0.5,0.));
#4548 = DIRECTION('',(0.5,-0.866025403784,0.));
#4549 = PCURVE('',#1558,#4550);
#4550 = DEFINITIONAL_REPRESENTATION('',(#4551),#4559);
#4551 = B_SPLINE_CURVE_WITH_KNOTS('',6,(#4552,#4553,#4554,#4555,#4556,
    #4557,#4558),.UNSPECIFIED.,.F.,.F.,(7,7),(1.570796326795,
    2.613797029921),.PIECEWISE_BEZIER_KNOTS.);
#4552 = CARTESIAN_POINT('',(0.741764932098,5.473784074498));
#4553 = CARTESIAN_POINT('',(0.567931481577,5.373421285045));
#4554 = CARTESIAN_POINT('',(0.394098031056,5.273059279995));
#4555 = CARTESIAN_POINT('',(0.220264580535,5.178151256082));
#4556 = CARTESIAN_POINT('',(4.643113001353E-02,5.094177462903));
#4557 = CARTESIAN_POINT('',(-0.127402320507,5.025545728011));
#4558 = CARTESIAN_POINT('',(-0.301235771028,4.975));
#4559 = ( GEOMETRIC_REPRESENTATION_CONTEXT(2) 
PARAMETRIC_REPRESENTATION_CONTEXT() REPRESENTATION_CONTEXT('2D SPACE',''
  ) );
#4560 = PCURVE('',#4561,#4566);
#4561 = PLANE('',#4562);
#4562 = AXIS2_PLACEMENT_3D('',#4563,#4564,#4565);
#4563 = CARTESIAN_POINT('',(1.5,3.333974596216,-0.517306386134));
#4564 = DIRECTION('',(-0.866025403784,-0.5,0.));
#4565 = DIRECTION('',(-0.5,0.866025403784,0.));
#4566 = DEFINITIONAL_REPRESENTATION('',(#4567),#4571);
#4567 = ELLIPSE('',#4568,1.154700538379,1.);
#4568 = AXIS2_PLACEMENT_2D('',#4569,#4570);
#4569 = CARTESIAN_POINT('',(2.302431851004,0.482693613866));
#4570 = DIRECTION('',(-1.,-0.));
#4571 = ( GEOMETRIC_REPRESENTATION_CONTEXT(2) 
PARAMETRIC_REPRESENTATION_CONTEXT() REPRESENTATION_CONTEXT('2D SPACE',''
  ) );
#4572 = ORIENTED_EDGE('',*,*,#4573,.T.);
#4573 = EDGE_CURVE('',#4541,#4574,#4576,.T.);
#4574 = VERTEX_POINT('',#4575);
#4575 = CARTESIAN_POINT('',(2.118767004711,5.679344956099,
    -6.377678784301E-02));
#4576 = SURFACE_CURVE('',#4577,(#4581,#4588),.PCURVE_S1.);
#4577 = LINE('',#4578,#4579);
#4578 = CARTESIAN_POINT('',(-5.125,5.679344956099,-6.377678784301E-02));
#4579 = VECTOR('',#4580,1.);
#4580 = DIRECTION('',(1.,-4.738756812424E-17,0.));
#4581 = PCURVE('',#1558,#4582);
#4582 = DEFINITIONAL_REPRESENTATION('',(#4583),#4587);
#4583 = LINE('',#4584,#4585);
#4584 = CARTESIAN_POINT('',(0.382692593535,0.));
#4585 = VECTOR('',#4586,1.);
#4586 = DIRECTION('',(5.2399486218E-17,1.));
#4587 = ( GEOMETRIC_REPRESENTATION_CONTEXT(2) 
PARAMETRIC_REPRESENTATION_CONTEXT() REPRESENTATION_CONTEXT('2D SPACE',''
  ) );
#4588 = PCURVE('',#4495,#4589);
#4589 = DEFINITIONAL_REPRESENTATION('',(#4590),#4594);
#4590 = LINE('',#4591,#4592);
#4591 = CARTESIAN_POINT('',(4.848189667785,-3.006232995289));
#4592 = VECTOR('',#4593,1.);
#4593 = DIRECTION('',(0.,1.));
#4594 = ( GEOMETRIC_REPRESENTATION_CONTEXT(2) 
PARAMETRIC_REPRESENTATION_CONTEXT() REPRESENTATION_CONTEXT('2D SPACE',''
  ) );
#4595 = ORIENTED_EDGE('',*,*,#4596,.T.);
#4596 = EDGE_CURVE('',#4574,#4597,#4599,.T.);
#4597 = VERTEX_POINT('',#4598);
#4598 = CARTESIAN_POINT('',(5.146235463657,5.327939069668,0.));
#4599 = SURFACE_CURVE('',#4600,(#4613,#4642),.PCURVE_S1.);
#4600 = B_SPLINE_CURVE_WITH_KNOTS('',3,(#4601,#4602,#4603,#4604,#4605,
    #4606,#4607,#4608,#4609,#4610,#4611,#4612),.UNSPECIFIED.,.F.,.F.,(4,
    2,2,2,2,4),(-0.618713318757,-0.475128090541,-0.403335476434,
    -0.36743916938,-0.331542862326,-0.325721736693),.UNSPECIFIED.);
#4601 = CARTESIAN_POINT('',(2.118767004711,5.679344956099,
    -6.377678784301E-02));
#4602 = CARTESIAN_POINT('',(2.597384432095,5.679344956099,
    -6.377678784301E-02));
#4603 = CARTESIAN_POINT('',(3.120523617083,5.663764144882,
    -5.703197079302E-02));
#4604 = CARTESIAN_POINT('',(3.89149934927,5.60015886369,
    -3.750928307075E-02));
#4605 = CARTESIAN_POINT('',(4.14534105964,5.572517682161,
    -2.955895060172E-02));
#4606 = CARTESIAN_POINT('',(4.513160602067,5.513932541644,
    -1.724169378693E-02));
#4607 = CARTESIAN_POINT('',(4.633394780933,5.49157839129,
    -1.308531829316E-02));
#4608 = CARTESIAN_POINT('',(4.867995017085,5.436261454076,
    -5.491750651718E-03));
#4609 = CARTESIAN_POINT('',(4.982831156767,5.40535315097,
    -1.760336295598E-03));
#4610 = CARTESIAN_POINT('',(5.109297989998,5.347554049193,
    -1.598385186754E-04));
#4611 = CARTESIAN_POINT('',(5.127965616073,5.338320454774,
    -9.364592878216E-18));
#4612 = CARTESIAN_POINT('',(5.146235463657,5.327939069668,0.));
#4613 = PCURVE('',#1558,#4614);
#4614 = DEFINITIONAL_REPRESENTATION('',(#4615),#4641);
#4615 = B_SPLINE_CURVE_WITH_KNOTS('',3,(#4616,#4617,#4618,#4619,#4620,
    #4621,#4622,#4623,#4624,#4625,#4626,#4627,#4628,#4629,#4630,#4631,
    #4632,#4633,#4634,#4635,#4636,#4637,#4638,#4639,#4640),
  .UNSPECIFIED.,.F.,.F.,(4,1,1,1,1,1,1,1,1,1,1,1,1,1,1,1,1,1,1,1,1,1,4),
  (-0.618713318757,-0.605395519572,-0.592077720387,-0.578759921202,
    -0.565442122018,-0.552124322833,-0.538806523648,-0.525488724463,
    -0.512170925279,-0.498853126094,-0.485535326909,-0.472217527725,
    -0.45889972854,-0.445581929355,-0.43226413017,-0.418946330986,
    -0.405628531801,-0.392310732616,-0.378992933432,-0.365675134247,
    -0.352357335062,-0.339039535877,-0.325721736693),
  .QUASI_UNIFORM_KNOTS.);
#4616 = CARTESIAN_POINT('',(0.382692593535,7.243767004711));
#4617 = CARTESIAN_POINT('',(0.38269259059,7.28815966866));
#4618 = CARTESIAN_POINT('',(0.382984364198,7.377711029978));
#4619 = CARTESIAN_POINT('',(0.384346819009,7.514079186396));
#4620 = CARTESIAN_POINT('',(0.38668350271,7.652231472846));
#4621 = CARTESIAN_POINT('',(0.390043924743,7.791910899983));
#4622 = CARTESIAN_POINT('',(0.394477825379,7.932860496793));
#4623 = CARTESIAN_POINT('',(0.400035259634,8.074823223876));
#4624 = CARTESIAN_POINT('',(0.406766733848,8.217542297048));
#4625 = CARTESIAN_POINT('',(0.414722952151,8.360759979649));
#4626 = CARTESIAN_POINT('',(0.423955733709,8.504222089696));
#4627 = CARTESIAN_POINT('',(0.43451420349,8.647661178987));
#4628 = CARTESIAN_POINT('',(0.446458176545,8.790859309511));
#4629 = CARTESIAN_POINT('',(0.459799458206,8.933388777881));
#4630 = CARTESIAN_POINT('',(0.474706695401,9.075004493389));
#4631 = CARTESIAN_POINT('',(0.49135633335,9.215507221088));
#4632 = CARTESIAN_POINT('',(0.509924236535,9.354680005758));
#4633 = CARTESIAN_POINT('',(0.530601680108,9.492330917511));
#4634 = CARTESIAN_POINT('',(0.553536949039,9.628185645401));
#4635 = CARTESIAN_POINT('',(0.579303313259,9.761930445908));
#4636 = CARTESIAN_POINT('',(0.608888239721,9.893316668549));
#4637 = CARTESIAN_POINT('',(0.642158118141,10.022622265741));
#4638 = CARTESIAN_POINT('',(0.682738468015,10.148059390053));
#4639 = CARTESIAN_POINT('',(0.719718431079,10.23031709269));
#4640 = CARTESIAN_POINT('',(0.741764932098,10.271235463657));
#4641 = ( GEOMETRIC_REPRESENTATION_CONTEXT(2) 
PARAMETRIC_REPRESENTATION_CONTEXT() REPRESENTATION_CONTEXT('2D SPACE',''
  ) );
#4642 = PCURVE('',#4643,#4648);
#4643 = SPHERICAL_SURFACE('',#4644,41.95);
#4644 = AXIS2_PLACEMENT_3D('',#4645,#4646,#4647);
#4645 = CARTESIAN_POINT('',(2.118767004711,0.,41.5));
#4646 = DIRECTION('',(1.,-4.234462072468E-17,0.));
#4647 = DIRECTION('',(-4.234462072468E-17,-1.,0.));
#4648 = DEFINITIONAL_REPRESENTATION('',(#4649),#4675);
#4649 = B_SPLINE_CURVE_WITH_KNOTS('',3,(#4650,#4651,#4652,#4653,#4654,
    #4655,#4656,#4657,#4658,#4659,#4660,#4661,#4662,#4663,#4664,#4665,
    #4666,#4667,#4668,#4669,#4670,#4671,#4672,#4673,#4674),
  .UNSPECIFIED.,.F.,.F.,(4,1,1,1,1,1,1,1,1,1,1,1,1,1,1,1,1,1,1,1,1,1,4),
  (-0.618713318757,-0.605395519572,-0.592077720387,-0.578759921202,
    -0.565442122018,-0.552124322833,-0.538806523648,-0.525488724463,
    -0.512170925279,-0.498853126094,-0.485535326909,-0.472217527725,
    -0.45889972854,-0.445581929355,-0.43226413017,-0.418946330986,
    -0.405628531801,-0.392310732616,-0.378992933432,-0.365675134247,
    -0.352357335062,-0.339039535877,-0.325721736693),
  .QUASI_UNIFORM_KNOTS.);
#4650 = CARTESIAN_POINT('',(1.706597014195,0.));
#4651 = CARTESIAN_POINT('',(1.706597014082,1.05822789584E-03));
#4652 = CARTESIAN_POINT('',(1.70659105716,3.192944665254E-03));
#4653 = CARTESIAN_POINT('',(1.706562971084,6.443713886019E-03));
#4654 = CARTESIAN_POINT('',(1.706514454277,9.737088650055E-03));
#4655 = CARTESIAN_POINT('',(1.706444224722,1.306697923282E-02));
#4656 = CARTESIAN_POINT('',(1.706350998828,1.642729631403E-02));
#4657 = CARTESIAN_POINT('',(1.706233491365,1.981194936654E-02));
#4658 = CARTESIAN_POINT('',(1.706090414293,2.321485511387E-02));
#4659 = CARTESIAN_POINT('',(1.705920480469,2.662990918532E-02));
#4660 = CARTESIAN_POINT('',(1.705722388938,3.005109506867E-02));
#4661 = CARTESIAN_POINT('',(1.705494878993,3.347208072854E-02));
#4662 = CARTESIAN_POINT('',(1.705236527568,3.68877272153E-02));
#4663 = CARTESIAN_POINT('',(1.70494664372,4.028786180097E-02));
#4664 = CARTESIAN_POINT('',(1.704620520663,4.366665862853E-02));
#4665 = CARTESIAN_POINT('',(1.704253474804,4.701939208252E-02));
#4666 = CARTESIAN_POINT('',(1.703840882536,5.034090857265E-02));
#4667 = CARTESIAN_POINT('',(1.70337782976,5.362665065152E-02));
#4668 = CARTESIAN_POINT('',(1.702860475579,5.687009032686E-02));
#4669 = CARTESIAN_POINT('',(1.702274217345,6.006374174814E-02));
#4670 = CARTESIAN_POINT('',(1.701594666472,6.320167195253E-02));
#4671 = CARTESIAN_POINT('',(1.700825448848,6.629051547633E-02));
#4672 = CARTESIAN_POINT('',(1.699876869737,6.92875601686E-02));
#4673 = CARTESIAN_POINT('',(1.699004182012,7.125333339393E-02));
#4674 = CARTESIAN_POINT('',(1.698481933108,7.223129028288E-02));
#4675 = ( GEOMETRIC_REPRESENTATION_CONTEXT(2) 
PARAMETRIC_REPRESENTATION_CONTEXT() REPRESENTATION_CONTEXT('2D SPACE',''
  ) );
#4676 = ORIENTED_EDGE('',*,*,#4677,.F.);
#4677 = EDGE_CURVE('',#4222,#4597,#4678,.T.);
#4678 = SURFACE_CURVE('',#4679,(#4683,#4690),.PCURVE_S1.);
#4679 = LINE('',#4680,#4681);
#4680 = CARTESIAN_POINT('',(-5.125,5.327939069668,0.));
#4681 = VECTOR('',#4682,1.);
#4682 = DIRECTION('',(-1.,4.738756812424E-17,0.));
#4683 = PCURVE('',#1558,#4684);
#4684 = DEFINITIONAL_REPRESENTATION('',(#4685),#4689);
#4685 = LINE('',#4686,#4687);
#4686 = CARTESIAN_POINT('',(0.741764932098,0.));
#4687 = VECTOR('',#4688,1.);
#4688 = DIRECTION('',(1.241997462512E-16,-1.));
#4689 = ( GEOMETRIC_REPRESENTATION_CONTEXT(2) 
PARAMETRIC_REPRESENTATION_CONTEXT() REPRESENTATION_CONTEXT('2D SPACE',''
  ) );
#4690 = PCURVE('',#4691,#4696);
#4691 = PLANE('',#4692);
#4692 = AXIS2_PLACEMENT_3D('',#4693,#4694,#4695);
#4693 = CARTESIAN_POINT('',(0.,0.,0.));
#4694 = DIRECTION('',(0.,0.,1.));
#4695 = DIRECTION('',(1.,0.,-0.));
#4696 = DEFINITIONAL_REPRESENTATION('',(#4697),#4701);
#4697 = LINE('',#4698,#4699);
#4698 = CARTESIAN_POINT('',(-5.125,5.327939069668));
#4699 = VECTOR('',#4700,1.);
#4700 = DIRECTION('',(-1.,4.738756812424E-17));
#4701 = ( GEOMETRIC_REPRESENTATION_CONTEXT(2) 
PARAMETRIC_REPRESENTATION_CONTEXT() REPRESENTATION_CONTEXT('2D SPACE',''
  ) );
#4702 = ADVANCED_FACE('',(#4703),#1934,.T.);
#4703 = FACE_BOUND('',#4704,.T.);
#4704 = EDGE_LOOP('',(#4705,#4752,#4773,#4774,#4775));
#4705 = ORIENTED_EDGE('',*,*,#4706,.T.);
#4706 = EDGE_CURVE('',#4297,#4707,#4709,.T.);
#4707 = VERTEX_POINT('',#4708);
#4708 = CARTESIAN_POINT('',(-8.464388271698,5.564508234197,
    -0.228681376756));
#4709 = SURFACE_CURVE('',#4710,(#4717,#4746),.PCURVE_S1.);
#4710 = B_SPLINE_CURVE_WITH_KNOTS('',3,(#4711,#4712,#4713,#4714,#4715,
    #4716),.UNSPECIFIED.,.F.,.F.,(4,2,4),(0.240840843889,0.251891266581,
    0.271675735559),.UNSPECIFIED.);
#4711 = CARTESIAN_POINT('',(-8.246642199282,5.746642203411,
    -9.187683145326E-02));
#4712 = CARTESIAN_POINT('',(-8.271570871976,5.723135621667,
    -0.103370551288));
#4713 = CARTESIAN_POINT('',(-8.2968462589,5.700273550754,-0.116262769732
    ));
#4714 = CARTESIAN_POINT('',(-8.368196928274,5.638420550745,
    -0.156853750886));
#4715 = CARTESIAN_POINT('',(-8.416880914808,5.599424361766,
    -0.189480953099));
#4716 = CARTESIAN_POINT('',(-8.464388271087,5.564508236678,
    -0.228681379706));
#4717 = PCURVE('',#1934,#4718);
#4718 = DEFINITIONAL_REPRESENTATION('',(#4719),#4745);
#4719 = B_SPLINE_CURVE_WITH_KNOTS('',3,(#4720,#4721,#4722,#4723,#4724,
    #4725,#4726,#4727,#4728,#4729,#4730,#4731,#4732,#4733,#4734,#4735,
    #4736,#4737,#4738,#4739,#4740,#4741,#4742,#4743,#4744),
  .UNSPECIFIED.,.F.,.F.,(4,1,1,1,1,1,1,1,1,1,1,1,1,1,1,1,1,1,1,1,1,1,4),
  (0.240840843889,0.242242429874,0.243644015859,0.245045601844,
    0.246447187829,0.247848773814,0.249250359799,0.250651945784,
    0.252053531769,0.253455117754,0.254856703739,0.256258289724,
    0.257659875709,0.259061461694,0.260463047679,0.261864633664,
    0.263266219649,0.264667805634,0.266069391619,0.267470977604,
    0.268872563589,0.270274149574,0.271675735559),
  .QUASI_UNIFORM_KNOTS.);
#4720 = CARTESIAN_POINT('',(5.497787144741,2.908123168547));
#4721 = CARTESIAN_POINT('',(5.496360151624,2.906665356667));
#4722 = CARTESIAN_POINT('',(5.493508032157,2.903704735206));
#4723 = CARTESIAN_POINT('',(5.489235621325,2.899125681472));
#4724 = CARTESIAN_POINT('',(5.484969137147,2.894405362281));
#4725 = CARTESIAN_POINT('',(5.480708772135,2.889540687869));
#4726 = CARTESIAN_POINT('',(5.476454588659,2.88452836187));
#4727 = CARTESIAN_POINT('',(5.472207132236,2.879365854726));
#4728 = CARTESIAN_POINT('',(5.467965142575,2.874047770816));
#4729 = CARTESIAN_POINT('',(5.463734095929,2.868579406572));
#4730 = CARTESIAN_POINT('',(5.459493341462,2.862924596197));
#4731 = CARTESIAN_POINT('',(5.455236838272,2.857068206555));
#4732 = CARTESIAN_POINT('',(5.450970712505,2.851014435415));
#4733 = CARTESIAN_POINT('',(5.446697838179,2.844762280326));
#4734 = CARTESIAN_POINT('',(5.442421968203,2.838312111583));
#4735 = CARTESIAN_POINT('',(5.43814662691,2.831663910936));
#4736 = CARTESIAN_POINT('',(5.43387540621,2.824817743489));
#4737 = CARTESIAN_POINT('',(5.429611885636,2.817773631265));
#4738 = CARTESIAN_POINT('',(5.425359653157,2.810531587151));
#4739 = CARTESIAN_POINT('',(5.421122299012,2.803091605868));
#4740 = CARTESIAN_POINT('',(5.416903416764,2.795453666665));
#4741 = CARTESIAN_POINT('',(5.412706602513,2.787617732309));
#4742 = CARTESIAN_POINT('',(5.408535454403,2.779583751389));
#4743 = CARTESIAN_POINT('',(5.405774200112,2.774095684635));
#4744 = CARTESIAN_POINT('',(5.40439905072,2.771318620294));
#4745 = ( GEOMETRIC_REPRESENTATION_CONTEXT(2) 
PARAMETRIC_REPRESENTATION_CONTEXT() REPRESENTATION_CONTEXT('2D SPACE',''
  ) );
#4746 = PCURVE('',#4359,#4747);
#4747 = DEFINITIONAL_REPRESENTATION('',(#4748),#4751);
#4748 = B_SPLINE_CURVE_WITH_KNOTS('',1,(#4749,#4750),.UNSPECIFIED.,.F.,
  .F.,(2,2),(0.240840843889,0.271675735559),.PIECEWISE_BEZIER_KNOTS.);
#4749 = CARTESIAN_POINT('',(0.309748160606,9.621642203411));
#4750 = CARTESIAN_POINT('',(5.187900291228E-02,9.439508236678));
#4751 = ( GEOMETRIC_REPRESENTATION_CONTEXT(2) 
PARAMETRIC_REPRESENTATION_CONTEXT() REPRESENTATION_CONTEXT('2D SPACE',''
  ) );
#4752 = ORIENTED_EDGE('',*,*,#4753,.F.);
#4753 = EDGE_CURVE('',#2026,#4707,#4754,.T.);
#4754 = SURFACE_CURVE('',#4755,(#4760,#4766),.PCURVE_S1.);
#4755 = B_SPLINE_CURVE_WITH_KNOTS('',3,(#4756,#4757,#4758,#4759),
  .UNSPECIFIED.,.F.,.F.,(4,4),(-0.39279324103,-0.114592245423),
  .PIECEWISE_BEZIER_KNOTS.);
#4756 = CARTESIAN_POINT('',(-8.646453840247,5.728813540041,
    -3.000000000747));
#4757 = CARTESIAN_POINT('',(-8.585264652233,5.6743455201,-2.076231911124
    ));
#4758 = CARTESIAN_POINT('',(-8.524638556961,5.61954340063,
    -1.152458455063));
#4759 = CARTESIAN_POINT('',(-8.46438827352,5.564508234312,-0.22868137663
    ));
#4760 = PCURVE('',#1934,#4761);
#4761 = DEFINITIONAL_REPRESENTATION('',(#4762),#4765);
#4762 = B_SPLINE_CURVE_WITH_KNOTS('',1,(#4763,#4764),.UNSPECIFIED.,.F.,
  .F.,(2,2),(-0.39279324103,-0.114592245423),.PIECEWISE_BEZIER_KNOTS.);
#4763 = CARTESIAN_POINT('',(5.391729631723,-1.595986922354E-10));
#4764 = CARTESIAN_POINT('',(5.404399049604,2.77131862337));
#4765 = ( GEOMETRIC_REPRESENTATION_CONTEXT(2) 
PARAMETRIC_REPRESENTATION_CONTEXT() REPRESENTATION_CONTEXT('2D SPACE',''
  ) );
#4766 = PCURVE('',#2139,#4767);
#4767 = DEFINITIONAL_REPRESENTATION('',(#4768),#4772);
#4768 = LINE('',#4769,#4770);
#4769 = CARTESIAN_POINT('',(1.,-7.771561172376E-16));
#4770 = VECTOR('',#4771,1.);
#4771 = DIRECTION('',(-1.077495125403E-14,-1.));
#4772 = ( GEOMETRIC_REPRESENTATION_CONTEXT(2) 
PARAMETRIC_REPRESENTATION_CONTEXT() REPRESENTATION_CONTEXT('2D SPACE',''
  ) );
#4773 = ORIENTED_EDGE('',*,*,#2025,.F.);
#4774 = ORIENTED_EDGE('',*,*,#1917,.F.);
#4775 = ORIENTED_EDGE('',*,*,#4296,.T.);
#4776 = ADVANCED_FACE('',(#4777),#2139,.F.);
#4777 = FACE_BOUND('',#4778,.F.);
#4778 = EDGE_LOOP('',(#4779,#4810,#4882,#4883,#4884,#4907,#4930,#4970));
#4779 = ORIENTED_EDGE('',*,*,#4780,.T.);
#4780 = EDGE_CURVE('',#4781,#4783,#4785,.T.);
#4781 = VERTEX_POINT('',#4782);
#4782 = CARTESIAN_POINT('',(-8.831758907211,5.434761653269,
    -1.000000000001));
#4783 = VERTEX_POINT('',#4784);
#4784 = CARTESIAN_POINT('',(-8.824133767759,5.430087531291,
    -0.912844257252));
#4785 = SURFACE_CURVE('',#4786,(#4791,#4797),.PCURVE_S1.);
#4786 = B_SPLINE_CURVE_WITH_KNOTS('',3,(#4787,#4788,#4789,#4790),
  .UNSPECIFIED.,.F.,.F.,(4,4),(0.426860595134,0.435611170105),
  .PIECEWISE_BEZIER_KNOTS.);
#4787 = CARTESIAN_POINT('',(-8.832203689188,5.434767230782,
    -0.999971988713));
#4788 = CARTESIAN_POINT('',(-8.829662046669,5.433209310243,
    -0.970920450062));
#4789 = CARTESIAN_POINT('',(-8.827120295566,5.431652381337,
    -0.941868463242));
#4790 = CARTESIAN_POINT('',(-8.824578516188,5.430096420279,
    -0.912816046541));
#4791 = PCURVE('',#2139,#4792);
#4792 = DEFINITIONAL_REPRESENTATION('',(#4793),#4796);
#4793 = B_SPLINE_CURVE_WITH_KNOTS('',1,(#4794,#4795),.UNSPECIFIED.,.F.,
  .F.,(2,2),(0.42686170799,0.435611170105),.PIECEWISE_BEZIER_KNOTS.);
#4794 = CARTESIAN_POINT('',(0.752971803767,0.192895304801));
#4795 = CARTESIAN_POINT('',(0.754359555152,0.184138452056));
#4796 = ( GEOMETRIC_REPRESENTATION_CONTEXT(2) 
PARAMETRIC_REPRESENTATION_CONTEXT() REPRESENTATION_CONTEXT('2D SPACE',''
  ) );
#4797 = PCURVE('',#4798,#4803);
#4798 = PLANE('',#4799);
#4799 = AXIS2_PLACEMENT_3D('',#4800,#4801,#4802);
#4800 = CARTESIAN_POINT('',(-8.755707952862,-7.75,-0.130733614121));
#4801 = DIRECTION('',(-0.996194698092,6.020555212185E-17,
    8.715574274766E-02));
#4802 = DIRECTION('',(-6.043552755016E-17,-1.,-4.622231866529E-33));
#4803 = DEFINITIONAL_REPRESENTATION('',(#4804),#4809);
#4804 = B_SPLINE_CURVE_WITH_KNOTS('',3,(#4805,#4806,#4807,#4808),
  .UNSPECIFIED.,.F.,.F.,(4,4),(0.426860595134,0.435611170105),
  .PIECEWISE_BEZIER_KNOTS.);
#4805 = CARTESIAN_POINT('',(-13.18476723078,-0.872597702863));
#4806 = CARTESIAN_POINT('',(-13.18320931024,-0.843435195345));
#4807 = CARTESIAN_POINT('',(-13.18165238133,-0.814272231901));
#4808 = CARTESIAN_POINT('',(-13.18009642027,-0.785108837747));
#4809 = ( GEOMETRIC_REPRESENTATION_CONTEXT(2) 
PARAMETRIC_REPRESENTATION_CONTEXT() REPRESENTATION_CONTEXT('2D SPACE',''
  ) );
#4810 = ORIENTED_EDGE('',*,*,#4811,.F.);
#4811 = EDGE_CURVE('',#4707,#4783,#4812,.T.);
#4812 = SURFACE_CURVE('',#4813,(#4824,#4853),.PCURVE_S1.);
#4813 = B_SPLINE_CURVE_WITH_KNOTS('',3,(#4814,#4815,#4816,#4817,#4818,
    #4819,#4820,#4821,#4822,#4823),.UNSPECIFIED.,.F.,.F.,(4,2,2,2,4),(
    -0.169519057625,-0.150915622333,-0.120082904489,-9.884200654097E-02,
    -8.776504729968E-02),.UNSPECIFIED.);
#4814 = CARTESIAN_POINT('',(-8.46438827387,5.564508234632,
    -0.228681382003));
#4815 = CARTESIAN_POINT('',(-8.505932678145,5.53397465573,
    -0.262961512707));
#4816 = CARTESIAN_POINT('',(-8.54675132793,5.509715021086,
    -0.302306634764));
#4817 = CARTESIAN_POINT('',(-8.648943260669,5.458703639896,
    -0.420797307435));
#4818 = CARTESIAN_POINT('',(-8.703662614171,5.441730635187,
    -0.506397413455));
#4819 = CARTESIAN_POINT('',(-8.772918054598,5.42720320958,
    -0.665314060157));
#4820 = CARTESIAN_POINT('',(-8.794342450226,5.425374207494,
    -0.733333935483));
#4821 = CARTESIAN_POINT('',(-8.815637006366,5.426836327934,
    -0.839297969256));
#4822 = CARTESIAN_POINT('',(-8.820910004047,5.42811266998,
    -0.875996469412));
#4823 = CARTESIAN_POINT('',(-8.824133767759,5.430087531291,
    -0.912844257252));
#4824 = PCURVE('',#2139,#4825);
#4825 = DEFINITIONAL_REPRESENTATION('',(#4826),#4852);
#4826 = B_SPLINE_CURVE_WITH_KNOTS('',3,(#4827,#4828,#4829,#4830,#4831,
    #4832,#4833,#4834,#4835,#4836,#4837,#4838,#4839,#4840,#4841,#4842,
    #4843,#4844,#4845,#4846,#4847,#4848,#4849,#4850,#4851),
  .UNSPECIFIED.,.F.,.F.,(4,1,1,1,1,1,1,1,1,1,1,1,1,1,1,1,1,1,1,1,1,1,4),
  (-0.169519057625,-0.165802966247,-0.162086874869,-0.15837078349,
    -0.154654692112,-0.150938600733,-0.147222509355,-0.143506417976,
    -0.139790326598,-0.136074235219,-0.132358143841,-0.128642052463,
    -0.124925961084,-0.121209869706,-0.117493778327,-0.113777686949,
    -0.11006159557,-0.106345504192,-0.102629412813,-9.891332143501E-02,
    -9.519723005657E-02,-9.148113867812E-02,-8.776504729968E-02),
  .QUASI_UNIFORM_KNOTS.);
#4827 = CARTESIAN_POINT('',(1.,0.114592245423));
#4828 = CARTESIAN_POINT('',(0.993099814738,0.115287964119));
#4829 = CARTESIAN_POINT('',(0.979548947324,0.116722416047));
#4830 = CARTESIAN_POINT('',(0.959974059681,0.119003051279));
#4831 = CARTESIAN_POINT('',(0.941149834772,0.121412952569));
#4832 = CARTESIAN_POINT('',(0.92308831397,0.123951046194));
#4833 = CARTESIAN_POINT('',(0.90577240219,0.126621389855));
#4834 = CARTESIAN_POINT('',(0.889307894811,0.129408897896));
#4835 = CARTESIAN_POINT('',(0.873787606828,0.132293735818));
#4836 = CARTESIAN_POINT('',(0.859181714518,0.135276044562));
#4837 = CARTESIAN_POINT('',(0.845496108783,0.138350615574));
#4838 = CARTESIAN_POINT('',(0.832730128392,0.141513665485));
#4839 = CARTESIAN_POINT('',(0.820887764785,0.144761059513));
#4840 = CARTESIAN_POINT('',(0.809975145349,0.148088643144));
#4841 = CARTESIAN_POINT('',(0.799999064279,0.151492691973));
#4842 = CARTESIAN_POINT('',(0.790974723103,0.154967780627));
#4843 = CARTESIAN_POINT('',(0.782946836803,0.158491874976));
#4844 = CARTESIAN_POINT('',(0.775905736204,0.162062869801));
#4845 = CARTESIAN_POINT('',(0.76985408668,0.16567450964));
#4846 = CARTESIAN_POINT('',(0.76479221638,0.1693214425));
#4847 = CARTESIAN_POINT('',(0.760721108071,0.172998852593));
#4848 = CARTESIAN_POINT('',(0.757644836211,0.17669887568));
#4849 = CARTESIAN_POINT('',(0.755564433529,0.18041335731));
#4850 = CARTESIAN_POINT('',(0.754839932391,0.182896276165));
#4851 = CARTESIAN_POINT('',(0.754643075423,0.184138453645));
#4852 = ( GEOMETRIC_REPRESENTATION_CONTEXT(2) 
PARAMETRIC_REPRESENTATION_CONTEXT() REPRESENTATION_CONTEXT('2D SPACE',''
  ) );
#4853 = PCURVE('',#4359,#4854);
#4854 = DEFINITIONAL_REPRESENTATION('',(#4855),#4881);
#4855 = B_SPLINE_CURVE_WITH_KNOTS('',3,(#4856,#4857,#4858,#4859,#4860,
    #4861,#4862,#4863,#4864,#4865,#4866,#4867,#4868,#4869,#4870,#4871,
    #4872,#4873,#4874,#4875,#4876,#4877,#4878,#4879,#4880),
  .UNSPECIFIED.,.F.,.F.,(4,1,1,1,1,1,1,1,1,1,1,1,1,1,1,1,1,1,1,1,1,1,4),
  (-0.169519057625,-0.165802966247,-0.162086874869,-0.15837078349,
    -0.154654692112,-0.150938600733,-0.147222509355,-0.143506417976,
    -0.139790326598,-0.136074235219,-0.132358143841,-0.128642052463,
    -0.124925961084,-0.121209869706,-0.117493778327,-0.113777686949,
    -0.11006159557,-0.106345504192,-0.102629412813,-9.891332143501E-02,
    -9.519723005657E-02,-9.148113867812E-02,-8.776504729968E-02),
  .QUASI_UNIFORM_KNOTS.);
#4856 = CARTESIAN_POINT('',(5.187899930377E-02,9.439508234632));
#4857 = CARTESIAN_POINT('',(4.111968922449E-02,9.433409061682));
#4858 = CARTESIAN_POINT('',(1.938950834774E-02,9.421711355494));
#4859 = CARTESIAN_POINT('',(-1.382400698056E-02,9.405609155539));
#4860 = CARTESIAN_POINT('',(-4.764302343809E-02,9.39089243415));
#4861 = CARTESIAN_POINT('',(-8.204186473969E-02,9.377506933901));
#4862 = CARTESIAN_POINT('',(-0.117066660857,9.365381224981));
#4863 = CARTESIAN_POINT('',(-0.152514866257,9.354507943786));
#4864 = CARTESIAN_POINT('',(-0.1881660356,9.34487184334));
#4865 = CARTESIAN_POINT('',(-0.224064699903,9.33639082539));
#4866 = CARTESIAN_POINT('',(-0.260185558786,9.329000702776));
#4867 = CARTESIAN_POINT('',(-0.296523519417,9.322632485901));
#4868 = CARTESIAN_POINT('',(-0.333070455142,9.317218483835));
#4869 = CARTESIAN_POINT('',(-0.369820252092,9.312690613406));
#4870 = CARTESIAN_POINT('',(-0.406773937074,9.308981061746));
#4871 = CARTESIAN_POINT('',(-0.443916123413,9.306021327017));
#4872 = CARTESIAN_POINT('',(-0.481066061885,9.303787284127));
#4873 = CARTESIAN_POINT('',(-0.518256525339,9.302233679029));
#4874 = CARTESIAN_POINT('',(-0.555475458267,9.301319290581));
#4875 = CARTESIAN_POINT('',(-0.592720877321,9.301002348443));
#4876 = CARTESIAN_POINT('',(-0.62999652381,9.301239246165));
#4877 = CARTESIAN_POINT('',(-0.667276275988,9.301994270936));
#4878 = CARTESIAN_POINT('',(-0.704531237397,9.303257260036));
#4879 = CARTESIAN_POINT('',(-0.729356034353,9.304425005826));
#4880 = CARTESIAN_POINT('',(-0.741764932098,9.305087531291));
#4881 = ( GEOMETRIC_REPRESENTATION_CONTEXT(2) 
PARAMETRIC_REPRESENTATION_CONTEXT() REPRESENTATION_CONTEXT('2D SPACE',''
  ) );
#4882 = ORIENTED_EDGE('',*,*,#4753,.F.);
#4883 = ORIENTED_EDGE('',*,*,#2049,.F.);
#4884 = ORIENTED_EDGE('',*,*,#4885,.F.);
#4885 = EDGE_CURVE('',#2484,#2050,#4886,.T.);
#4886 = SURFACE_CURVE('',#4887,(#4892,#4899),.PCURVE_S1.);
#4887 = B_SPLINE_CURVE_WITH_KNOTS('',3,(#4888,#4889,#4890,#4891),
  .UNSPECIFIED.,.F.,.F.,(4,4),(0.250963424828,0.401542485533),
  .PIECEWISE_BEZIER_KNOTS.);
#4888 = CARTESIAN_POINT('',(-9.891584168372,5.708867548933,
    -1.50000001556));
#4889 = CARTESIAN_POINT('',(-9.922668966649,5.73995234721,
    -2.000001414237));
#4890 = CARTESIAN_POINT('',(-9.953764313491,5.771047694052,
    -2.500001501235));
#4891 = CARTESIAN_POINT('',(-9.984872425454,5.802155806015,-3.));
#4892 = PCURVE('',#2139,#4893);
#4893 = DEFINITIONAL_REPRESENTATION('',(#4894),#4898);
#4894 = LINE('',#4895,#4896);
#4895 = CARTESIAN_POINT('',(-3.971640584869E-15,6.661338147751E-16));
#4896 = VECTOR('',#4897,1.);
#4897 = DIRECTION('',(1.009071159619E-14,1.));
#4898 = ( GEOMETRIC_REPRESENTATION_CONTEXT(2) 
PARAMETRIC_REPRESENTATION_CONTEXT() REPRESENTATION_CONTEXT('2D SPACE',''
  ) );
#4899 = PCURVE('',#2249,#4900);
#4900 = DEFINITIONAL_REPRESENTATION('',(#4901),#4906);
#4901 = B_SPLINE_CURVE_WITH_KNOTS('',3,(#4902,#4903,#4904,#4905),
  .UNSPECIFIED.,.F.,.F.,(4,4),(0.250963424828,0.401542485533),
  .PIECEWISE_BEZIER_KNOTS.);
#4902 = CARTESIAN_POINT('',(1.108739024782,1.49999998444));
#4903 = CARTESIAN_POINT('',(1.064778481475,0.999998585763));
#4904 = CARTESIAN_POINT('',(1.020803020244,0.499998498765));
#4905 = CARTESIAN_POINT('',(0.976809506406,0.));
#4906 = ( GEOMETRIC_REPRESENTATION_CONTEXT(2) 
PARAMETRIC_REPRESENTATION_CONTEXT() REPRESENTATION_CONTEXT('2D SPACE',''
  ) );
#4907 = ORIENTED_EDGE('',*,*,#4908,.T.);
#4908 = EDGE_CURVE('',#2484,#4909,#4911,.T.);
#4909 = VERTEX_POINT('',#4910);
#4910 = CARTESIAN_POINT('',(-9.859824823883,5.678464566265,
    -1.49999908014));
#4911 = SURFACE_CURVE('',#4912,(#4917,#4923),.PCURVE_S1.);
#4912 = B_SPLINE_CURVE_WITH_KNOTS('',3,(#4913,#4914,#4915,#4916),
  .UNSPECIFIED.,.F.,.F.,(4,4),(-0.496122326519,-0.491726768398),
  .PIECEWISE_BEZIER_KNOTS.);
#4913 = CARTESIAN_POINT('',(-9.891584294339,5.7088676749,-1.5));
#4914 = CARTESIAN_POINT('',(-9.88122386449,5.698507245052,-1.5));
#4915 = CARTESIAN_POINT('',(-9.870637588863,5.688372660981,
    -1.500000307203));
#4916 = CARTESIAN_POINT('',(-9.859824823883,5.678464566265,
    -1.49999908014));
#4917 = PCURVE('',#2139,#4918);
#4918 = DEFINITIONAL_REPRESENTATION('',(#4919),#4922);
#4919 = B_SPLINE_CURVE_WITH_KNOTS('',1,(#4920,#4921),.UNSPECIFIED.,.F.,
  .F.,(2,2),(-0.496122326519,-0.491726768398),.PIECEWISE_BEZIER_KNOTS.);
#4920 = CARTESIAN_POINT('',(-1.214835582859E-07,0.250963424838));
#4921 = CARTESIAN_POINT('',(2.976493801359E-02,0.250578357852));
#4922 = ( GEOMETRIC_REPRESENTATION_CONTEXT(2) 
PARAMETRIC_REPRESENTATION_CONTEXT() REPRESENTATION_CONTEXT('2D SPACE',''
  ) );
#4923 = PCURVE('',#2522,#4924);
#4924 = DEFINITIONAL_REPRESENTATION('',(#4925),#4929);
#4925 = LINE('',#4926,#4927);
#4926 = CARTESIAN_POINT('',(2.921418778645E-14,5.551115123126E-17));
#4927 = VECTOR('',#4928,1.);
#4928 = DIRECTION('',(6.019914721103E-14,-1.));
#4929 = ( GEOMETRIC_REPRESENTATION_CONTEXT(2) 
PARAMETRIC_REPRESENTATION_CONTEXT() REPRESENTATION_CONTEXT('2D SPACE',''
  ) );
#4930 = ORIENTED_EDGE('',*,*,#4931,.T.);
#4931 = EDGE_CURVE('',#4909,#4932,#4934,.T.);
#4932 = VERTEX_POINT('',#4933);
#4933 = CARTESIAN_POINT('',(-8.875371646214,5.461610554791,
    -1.498495886797));
#4934 = SURFACE_CURVE('',#4935,(#4940,#4946),.PCURVE_S1.);
#4935 = B_SPLINE_CURVE_WITH_KNOTS('',3,(#4936,#4937,#4938,#4939),
  .UNSPECIFIED.,.F.,.F.,(4,4),(0.,0.108235122917),
  .PIECEWISE_BEZIER_KNOTS.);
#4936 = CARTESIAN_POINT('',(-9.859824823883,5.678464566265,
    -1.49999908014));
#4937 = CARTESIAN_POINT('',(-9.593827406803,5.434722322028,
    -1.499968894018));
#4938 = CARTESIAN_POINT('',(-9.205028428446,5.356044282902,
    -1.499054703709));
#4939 = CARTESIAN_POINT('',(-8.87537164612,5.461610554822,
    -1.498495886797));
#4940 = PCURVE('',#2139,#4941);
#4941 = DEFINITIONAL_REPRESENTATION('',(#4942),#4945);
#4942 = B_SPLINE_CURVE_WITH_KNOTS('',1,(#4943,#4944),.UNSPECIFIED.,.F.,
  .F.,(2,2),(0.,0.108235122917),.PIECEWISE_BEZIER_KNOTS.);
#4943 = CARTESIAN_POINT('',(2.97649380136E-02,0.250578357852));
#4944 = CARTESIAN_POINT('',(0.745364634335,0.242989135209));
#4945 = ( GEOMETRIC_REPRESENTATION_CONTEXT(2) 
PARAMETRIC_REPRESENTATION_CONTEXT() REPRESENTATION_CONTEXT('2D SPACE',''
  ) );
#4946 = PCURVE('',#4947,#4964);
#4947 = B_SPLINE_SURFACE_WITH_KNOTS('',3,3,(
    (#4948,#4949,#4950,#4951)
    ,(#4952,#4953,#4954,#4955)
    ,(#4956,#4957,#4958,#4959)
    ,(#4960,#4961,#4962,#4963
    )),.UNSPECIFIED.,.F.,.F.,.F.,(4,4),(4,4),(0.,1.),(-0.108235122917,0.
    ),.PIECEWISE_BEZIER_KNOTS.);
#4948 = CARTESIAN_POINT('',(-8.87537164612,5.461610554822,
    -1.498495886797));
#4949 = CARTESIAN_POINT('',(-9.205028428446,5.356044282902,
    -1.499054703709));
#4950 = CARTESIAN_POINT('',(-9.593827406803,5.434722322028,
    -1.499968894018));
#4951 = CARTESIAN_POINT('',(-9.859824823883,5.678464566265,
    -1.49999908014));
#4952 = CARTESIAN_POINT('',(-8.824166250574,5.289480875519,
    -1.332330591198));
#4953 = CARTESIAN_POINT('',(-9.216557096634,5.167752205808,
    -1.332703135806));
#4954 = CARTESIAN_POINT('',(-9.673340098324,5.270662241599,
    -1.333312596012));
#4955 = CARTESIAN_POINT('',(-9.977902014384,5.560387375764,
    -1.333332720094));
#4956 = CARTESIAN_POINT('',(-8.772960855028,5.117351196216,
    -1.166165295599));
#4957 = CARTESIAN_POINT('',(-9.228085764821,4.979460128713,
    -1.166351567903));
#4958 = CARTESIAN_POINT('',(-9.752852789846,5.106602161171,
    -1.166656298006));
#4959 = CARTESIAN_POINT('',(-10.09597920488,5.442310185262,
    -1.166666360047));
#4960 = CARTESIAN_POINT('',(-8.721755459482,4.945221516913,-1.));
#4961 = CARTESIAN_POINT('',(-9.239614433009,4.791168051619,-1.));
#4962 = CARTESIAN_POINT('',(-9.832365481367,4.942542080742,-1.));
#4963 = CARTESIAN_POINT('',(-10.21405639538,5.324232994761,-1.));
#4964 = DEFINITIONAL_REPRESENTATION('',(#4965),#4969);
#4965 = LINE('',#4966,#4967);
#4966 = CARTESIAN_POINT('',(-1.779243633877E-16,-7.741644860919E-18));
#4967 = VECTOR('',#4968,1.);
#4968 = DIRECTION('',(2.857527902935E-15,-1.));
#4969 = ( GEOMETRIC_REPRESENTATION_CONTEXT(2) 
PARAMETRIC_REPRESENTATION_CONTEXT() REPRESENTATION_CONTEXT('2D SPACE',''
  ) );
#4970 = ORIENTED_EDGE('',*,*,#4971,.F.);
#4971 = EDGE_CURVE('',#4781,#4932,#4972,.T.);
#4972 = SURFACE_CURVE('',#4973,(#4978,#4984),.PCURVE_S1.);
#4973 = B_SPLINE_CURVE_WITH_KNOTS('',3,(#4974,#4975,#4976,#4977),
  .UNSPECIFIED.,.F.,.F.,(4,4),(-0.208687657763,-0.158584354992),
  .PIECEWISE_BEZIER_KNOTS.);
#4974 = CARTESIAN_POINT('',(-8.832203689188,5.434767230782,
    -0.999971988713));
#4975 = CARTESIAN_POINT('',(-8.846742842396,5.443678966807,
    -1.166155854272));
#4976 = CARTESIAN_POINT('',(-8.861280550344,5.452622719254,
    -1.33232837017));
#4977 = CARTESIAN_POINT('',(-8.87581530508,5.461596965943,
    -1.498469116626));
#4978 = PCURVE('',#2139,#4979);
#4979 = DEFINITIONAL_REPRESENTATION('',(#4980),#4983);
#4980 = B_SPLINE_CURVE_WITH_KNOTS('',1,(#4981,#4982),.UNSPECIFIED.,.F.,
  .F.,(2,2),(-0.208687657763,-0.158585479936),.PIECEWISE_BEZIER_KNOTS.);
#4981 = CARTESIAN_POINT('',(0.752971627406,0.192896418582));
#4982 = CARTESIAN_POINT('',(0.745075205125,0.242988007338));
#4983 = ( GEOMETRIC_REPRESENTATION_CONTEXT(2) 
PARAMETRIC_REPRESENTATION_CONTEXT() REPRESENTATION_CONTEXT('2D SPACE',''
  ) );
#4984 = PCURVE('',#4798,#4985);
#4985 = DEFINITIONAL_REPRESENTATION('',(#4986),#4991);
#4986 = B_SPLINE_CURVE_WITH_KNOTS('',3,(#4987,#4988,#4989,#4990),
  .UNSPECIFIED.,.F.,.F.,(4,4),(-0.208687657763,-0.158584354992),
  .PIECEWISE_BEZIER_KNOTS.);
#4987 = CARTESIAN_POINT('',(-13.18476723078,-0.872597702863));
#4988 = CARTESIAN_POINT('',(-13.1936789668,-1.039416359338));
#4989 = CARTESIAN_POINT('',(-13.20262271925,-1.206223583377));
#4990 = CARTESIAN_POINT('',(-13.21159696594,-1.372998901479));
#4991 = ( GEOMETRIC_REPRESENTATION_CONTEXT(2) 
PARAMETRIC_REPRESENTATION_CONTEXT() REPRESENTATION_CONTEXT('2D SPACE',''
  ) );
#4992 = ADVANCED_FACE('',(#4993),#2249,.T.);
#4993 = FACE_BOUND('',#4994,.T.);
#4994 = EDGE_LOOP('',(#4995,#4996,#4997,#5018,#5019));
#4995 = ORIENTED_EDGE('',*,*,#2483,.F.);
#4996 = ORIENTED_EDGE('',*,*,#2456,.F.);
#4997 = ORIENTED_EDGE('',*,*,#4998,.F.);
#4998 = EDGE_CURVE('',#2234,#2433,#4999,.T.);
#4999 = SURFACE_CURVE('',#5000,(#5004,#5011),.PCURVE_S1.);
#5000 = LINE('',#5001,#5002);
#5001 = CARTESIAN_POINT('',(-10.67558105136,6.492864431923,-3.));
#5002 = VECTOR('',#5003,1.);
#5003 = DIRECTION('',(0.,0.,1.));
#5004 = PCURVE('',#2249,#5005);
#5005 = DEFINITIONAL_REPRESENTATION('',(#5006),#5010);
#5006 = LINE('',#5007,#5008);
#5007 = CARTESIAN_POINT('',(1.884110950421E-15,0.));
#5008 = VECTOR('',#5009,1.);
#5009 = DIRECTION('',(0.,1.));
#5010 = ( GEOMETRIC_REPRESENTATION_CONTEXT(2) 
PARAMETRIC_REPRESENTATION_CONTEXT() REPRESENTATION_CONTEXT('2D SPACE',''
  ) );
#5011 = PCURVE('',#2282,#5012);
#5012 = DEFINITIONAL_REPRESENTATION('',(#5013),#5017);
#5013 = LINE('',#5014,#5015);
#5014 = CARTESIAN_POINT('',(6.654642199952,0.));
#5015 = VECTOR('',#5016,1.);
#5016 = DIRECTION('',(0.,1.));
#5017 = ( GEOMETRIC_REPRESENTATION_CONTEXT(2) 
PARAMETRIC_REPRESENTATION_CONTEXT() REPRESENTATION_CONTEXT('2D SPACE',''
  ) );
#5018 = ORIENTED_EDGE('',*,*,#2233,.T.);
#5019 = ORIENTED_EDGE('',*,*,#4885,.F.);
#5020 = ADVANCED_FACE('',(#5021),#2282,.T.);
#5021 = FACE_BOUND('',#5022,.T.);
#5022 = EDGE_LOOP('',(#5023,#5024,#5025,#5046));
#5023 = ORIENTED_EDGE('',*,*,#4998,.T.);
#5024 = ORIENTED_EDGE('',*,*,#2432,.T.);
#5025 = ORIENTED_EDGE('',*,*,#5026,.T.);
#5026 = EDGE_CURVE('',#2405,#2262,#5027,.T.);
#5027 = SURFACE_CURVE('',#5028,(#5032,#5039),.PCURVE_S1.);
#5028 = LINE('',#5029,#5030);
#5029 = CARTESIAN_POINT('',(-10.77923183116,7.423904215637,-3.));
#5030 = VECTOR('',#5031,1.);
#5031 = DIRECTION('',(0.,0.,-1.));
#5032 = PCURVE('',#2282,#5033);
#5033 = DEFINITIONAL_REPRESENTATION('',(#5034),#5038);
#5034 = LINE('',#5035,#5036);
#5035 = CARTESIAN_POINT('',(5.305588756534,0.));
#5036 = VECTOR('',#5037,1.);
#5037 = DIRECTION('',(0.,-1.));
#5038 = ( GEOMETRIC_REPRESENTATION_CONTEXT(2) 
PARAMETRIC_REPRESENTATION_CONTEXT() REPRESENTATION_CONTEXT('2D SPACE',''
  ) );
#5039 = PCURVE('',#2311,#5040);
#5040 = DEFINITIONAL_REPRESENTATION('',(#5041),#5045);
#5041 = LINE('',#5042,#5043);
#5042 = CARTESIAN_POINT('',(2.577937373569,0.));
#5043 = VECTOR('',#5044,1.);
#5044 = DIRECTION('',(0.,-1.));
#5045 = ( GEOMETRIC_REPRESENTATION_CONTEXT(2) 
PARAMETRIC_REPRESENTATION_CONTEXT() REPRESENTATION_CONTEXT('2D SPACE',''
  ) );
#5046 = ORIENTED_EDGE('',*,*,#2261,.T.);
#5047 = ADVANCED_FACE('',(#5048),#2311,.T.);
#5048 = FACE_BOUND('',#5049,.T.);
#5049 = EDGE_LOOP('',(#5050,#5051,#5052,#5053));
#5050 = ORIENTED_EDGE('',*,*,#2355,.F.);
#5051 = ORIENTED_EDGE('',*,*,#2294,.F.);
#5052 = ORIENTED_EDGE('',*,*,#5026,.F.);
#5053 = ORIENTED_EDGE('',*,*,#2404,.F.);
#5054 = ADVANCED_FACE('',(#5055),#2522,.T.);
#5055 = FACE_BOUND('',#5056,.T.);
#5056 = EDGE_LOOP('',(#5057,#5058,#5059,#5080));
#5057 = ORIENTED_EDGE('',*,*,#2506,.F.);
#5058 = ORIENTED_EDGE('',*,*,#4908,.T.);
#5059 = ORIENTED_EDGE('',*,*,#5060,.F.);
#5060 = EDGE_CURVE('',#5061,#4909,#5063,.T.);
#5061 = VERTEX_POINT('',#5062);
#5062 = CARTESIAN_POINT('',(-10.21405639538,5.324232994761,-1.));
#5063 = SURFACE_CURVE('',#5064,(#5068,#5074),.PCURVE_S1.);
#5064 = LINE('',#5065,#5066);
#5065 = CARTESIAN_POINT('',(-10.21405639538,5.324232994761,-1.));
#5066 = VECTOR('',#5067,1.);
#5067 = DIRECTION('',(0.500479316576,0.500479316576,-0.706428274745));
#5068 = PCURVE('',#2522,#5069);
#5069 = DEFINITIONAL_REPRESENTATION('',(#5070),#5073);
#5070 = B_SPLINE_CURVE_WITH_KNOTS('',1,(#5071,#5072),.UNSPECIFIED.,.F.,
  .F.,(2,2),(0.,0.707784637189),.PIECEWISE_BEZIER_KNOTS.);
#5071 = CARTESIAN_POINT('',(1.,0.491726768398));
#5072 = CARTESIAN_POINT('',(-8.827820193571E-17,0.491726768398));
#5073 = ( GEOMETRIC_REPRESENTATION_CONTEXT(2) 
PARAMETRIC_REPRESENTATION_CONTEXT() REPRESENTATION_CONTEXT('2D SPACE',''
  ) );
#5074 = PCURVE('',#4947,#5075);
#5075 = DEFINITIONAL_REPRESENTATION('',(#5076),#5079);
#5076 = B_SPLINE_CURVE_WITH_KNOTS('',1,(#5077,#5078),.UNSPECIFIED.,.F.,
  .F.,(2,2),(0.,0.707784637189),.PIECEWISE_BEZIER_KNOTS.);
#5077 = CARTESIAN_POINT('',(1.,3.268195541848E-18));
#5078 = CARTESIAN_POINT('',(-3.139252277895E-16,-4.166502536763E-16));
#5079 = ( GEOMETRIC_REPRESENTATION_CONTEXT(2) 
PARAMETRIC_REPRESENTATION_CONTEXT() REPRESENTATION_CONTEXT('2D SPACE',''
  ) );
#5080 = ORIENTED_EDGE('',*,*,#5081,.T.);
#5081 = EDGE_CURVE('',#5061,#2507,#5082,.T.);
#5082 = SURFACE_CURVE('',#5083,(#5088,#5095),.PCURVE_S1.);
#5083 = B_SPLINE_CURVE_WITH_KNOTS('',3,(#5084,#5085,#5086,#5087),
  .UNSPECIFIED.,.F.,.F.,(4,4),(0.491726768398,0.496122326519),
  .PIECEWISE_BEZIER_KNOTS.);
#5084 = CARTESIAN_POINT('',(-10.21405639538,5.324232994761,-1.));
#5085 = CARTESIAN_POINT('',(-10.22441682523,5.33459342461,-1.));
#5086 = CARTESIAN_POINT('',(-10.23477725508,5.344953854458,-1.));
#5087 = CARTESIAN_POINT('',(-10.24513768493,5.355314284307,-1.));
#5088 = PCURVE('',#2522,#5089);
#5089 = DEFINITIONAL_REPRESENTATION('',(#5090),#5094);
#5090 = LINE('',#5091,#5092);
#5091 = CARTESIAN_POINT('',(1.,0.));
#5092 = VECTOR('',#5093,1.);
#5093 = DIRECTION('',(1.010313588432E-13,1.));
#5094 = ( GEOMETRIC_REPRESENTATION_CONTEXT(2) 
PARAMETRIC_REPRESENTATION_CONTEXT() REPRESENTATION_CONTEXT('2D SPACE',''
  ) );
#5095 = PCURVE('',#2561,#5096);
#5096 = DEFINITIONAL_REPRESENTATION('',(#5097),#5102);
#5097 = B_SPLINE_CURVE_WITH_KNOTS('',3,(#5098,#5099,#5100,#5101),
  .UNSPECIFIED.,.F.,.F.,(4,4),(0.491726768398,0.496122326519),
  .PIECEWISE_BEZIER_KNOTS.);
#5098 = CARTESIAN_POINT('',(-10.21405639538,-5.324232994761));
#5099 = CARTESIAN_POINT('',(-10.22441682523,-5.33459342461));
#5100 = CARTESIAN_POINT('',(-10.23477725508,-5.344953854458));
#5101 = CARTESIAN_POINT('',(-10.24513768493,-5.355314284307));
#5102 = ( GEOMETRIC_REPRESENTATION_CONTEXT(2) 
PARAMETRIC_REPRESENTATION_CONTEXT() REPRESENTATION_CONTEXT('2D SPACE',''
  ) );
#5103 = ADVANCED_FACE('',(#5104),#2561,.T.);
#5104 = FACE_BOUND('',#5105,.T.);
#5105 = EDGE_LOOP('',(#5106,#5129,#5130,#5131,#5132,#5157,#5180,#5222));
#5106 = ORIENTED_EDGE('',*,*,#5107,.F.);
#5107 = EDGE_CURVE('',#2598,#5108,#5110,.T.);
#5108 = VERTEX_POINT('',#5109);
#5109 = CARTESIAN_POINT('',(-10.24513763549,-5.355314328005,-1.));
#5110 = SURFACE_CURVE('',#5111,(#5115,#5122),.PCURVE_S1.);
#5111 = LINE('',#5112,#5113);
#5112 = CARTESIAN_POINT('',(-6.127399411768,-1.237576104276,-1.));
#5113 = VECTOR('',#5114,1.);
#5114 = DIRECTION('',(0.707106781187,0.707106781187,0.));
#5115 = PCURVE('',#2561,#5116);
#5116 = DEFINITIONAL_REPRESENTATION('',(#5117),#5121);
#5117 = LINE('',#5118,#5119);
#5118 = CARTESIAN_POINT('',(-6.127399411768,1.237576104276));
#5119 = VECTOR('',#5120,1.);
#5120 = DIRECTION('',(0.707106781187,-0.707106781187));
#5121 = ( GEOMETRIC_REPRESENTATION_CONTEXT(2) 
PARAMETRIC_REPRESENTATION_CONTEXT() REPRESENTATION_CONTEXT('2D SPACE',''
  ) );
#5122 = PCURVE('',#2636,#5123);
#5123 = DEFINITIONAL_REPRESENTATION('',(#5124),#5128);
#5124 = LINE('',#5125,#5126);
#5125 = CARTESIAN_POINT('',(0.288675134595,0.204124145232));
#5126 = VECTOR('',#5127,1.);
#5127 = DIRECTION('',(-0.57735026919,0.816496580928));
#5128 = ( GEOMETRIC_REPRESENTATION_CONTEXT(2) 
PARAMETRIC_REPRESENTATION_CONTEXT() REPRESENTATION_CONTEXT('2D SPACE',''
  ) );
#5129 = ORIENTED_EDGE('',*,*,#2597,.F.);
#5130 = ORIENTED_EDGE('',*,*,#2545,.F.);
#5131 = ORIENTED_EDGE('',*,*,#5081,.F.);
#5132 = ORIENTED_EDGE('',*,*,#5133,.F.);
#5133 = EDGE_CURVE('',#5134,#5061,#5136,.T.);
#5134 = VERTEX_POINT('',#5135);
#5135 = CARTESIAN_POINT('',(-8.831758907237,4.916986021972,-1.));
#5136 = SURFACE_CURVE('',#5137,(#5142,#5150),.PCURVE_S1.);
#5137 = B_SPLINE_CURVE_WITH_KNOTS('',3,(#5138,#5139,#5140,#5141),
  .UNSPECIFIED.,.F.,.F.,(4,4),(-0.100637436113,0.),
  .PIECEWISE_BEZIER_KNOTS.);
#5138 = CARTESIAN_POINT('',(-8.831818730621,4.917268644327,-1.));
#5139 = CARTESIAN_POINT('',(-9.321792094681,4.813554679496,-1.));
#5140 = CARTESIAN_POINT('',(-9.859158706547,4.969335305922,-1.));
#5141 = CARTESIAN_POINT('',(-10.21405639538,5.324232994761,-1.));
#5142 = PCURVE('',#2561,#5143);
#5143 = DEFINITIONAL_REPRESENTATION('',(#5144),#5149);
#5144 = B_SPLINE_CURVE_WITH_KNOTS('',3,(#5145,#5146,#5147,#5148),
  .UNSPECIFIED.,.F.,.F.,(4,4),(-0.100637436113,0.),
  .PIECEWISE_BEZIER_KNOTS.);
#5145 = CARTESIAN_POINT('',(-8.831818730621,-4.917268644327));
#5146 = CARTESIAN_POINT('',(-9.321792094681,-4.813554679496));
#5147 = CARTESIAN_POINT('',(-9.859158706547,-4.969335305922));
#5148 = CARTESIAN_POINT('',(-10.21405639538,-5.324232994761));
#5149 = ( GEOMETRIC_REPRESENTATION_CONTEXT(2) 
PARAMETRIC_REPRESENTATION_CONTEXT() REPRESENTATION_CONTEXT('2D SPACE',''
  ) );
#5150 = PCURVE('',#4947,#5151);
#5151 = DEFINITIONAL_REPRESENTATION('',(#5152),#5156);
#5152 = LINE('',#5153,#5154);
#5153 = CARTESIAN_POINT('',(1.,-6.106226635438E-16));
#5154 = VECTOR('',#5155,1.);
#5155 = DIRECTION('',(-2.978615396366E-14,1.));
#5156 = ( GEOMETRIC_REPRESENTATION_CONTEXT(2) 
PARAMETRIC_REPRESENTATION_CONTEXT() REPRESENTATION_CONTEXT('2D SPACE',''
  ) );
#5157 = ORIENTED_EDGE('',*,*,#5158,.T.);
#5158 = EDGE_CURVE('',#5134,#5159,#5161,.T.);
#5159 = VERTEX_POINT('',#5160);
#5160 = CARTESIAN_POINT('',(-8.831758907247,-4.916986055047,-1.));
#5161 = SURFACE_CURVE('',#5162,(#5166,#5173),.PCURVE_S1.);
#5162 = LINE('',#5163,#5164);
#5163 = CARTESIAN_POINT('',(-8.831758907211,-3.875,-1.));
#5164 = VECTOR('',#5165,1.);
#5165 = DIRECTION('',(-6.043552755016E-17,-1.,0.));
#5166 = PCURVE('',#2561,#5167);
#5167 = DEFINITIONAL_REPRESENTATION('',(#5168),#5172);
#5168 = LINE('',#5169,#5170);
#5169 = CARTESIAN_POINT('',(-8.831758907211,3.875));
#5170 = VECTOR('',#5171,1.);
#5171 = DIRECTION('',(-6.043552755016E-17,1.));
#5172 = ( GEOMETRIC_REPRESENTATION_CONTEXT(2) 
PARAMETRIC_REPRESENTATION_CONTEXT() REPRESENTATION_CONTEXT('2D SPACE',''
  ) );
#5173 = PCURVE('',#4798,#5174);
#5174 = DEFINITIONAL_REPRESENTATION('',(#5175),#5179);
#5175 = LINE('',#5176,#5177);
#5176 = CARTESIAN_POINT('',(-3.875,-0.872586842254));
#5177 = VECTOR('',#5178,1.);
#5178 = DIRECTION('',(1.,1.411663305022E-33));
#5179 = ( GEOMETRIC_REPRESENTATION_CONTEXT(2) 
PARAMETRIC_REPRESENTATION_CONTEXT() REPRESENTATION_CONTEXT('2D SPACE',''
  ) );
#5180 = ORIENTED_EDGE('',*,*,#5181,.F.);
#5181 = EDGE_CURVE('',#5182,#5159,#5184,.T.);
#5182 = VERTEX_POINT('',#5183);
#5183 = CARTESIAN_POINT('',(-10.21405634601,-5.324233038526,-1.));
#5184 = SURFACE_CURVE('',#5185,(#5190,#5198),.PCURVE_S1.);
#5185 = B_SPLINE_CURVE_WITH_KNOTS('',3,(#5186,#5187,#5188,#5189),
  .UNSPECIFIED.,.F.,.F.,(4,4),(-0.148168926604,-4.756699048972E-02),
  .PIECEWISE_BEZIER_KNOTS.);
#5186 = CARTESIAN_POINT('',(-10.21405634601,-5.324233038526,-1.));
#5187 = CARTESIAN_POINT('',(-9.859232039523,-4.96940873203,-1.));
#5188 = CARTESIAN_POINT('',(-9.322242644594,-4.813390855771,-1.));
#5189 = CARTESIAN_POINT('',(-8.831817232085,-4.917261436038,-1.));
#5190 = PCURVE('',#2561,#5191);
#5191 = DEFINITIONAL_REPRESENTATION('',(#5192),#5197);
#5192 = B_SPLINE_CURVE_WITH_KNOTS('',3,(#5193,#5194,#5195,#5196),
  .UNSPECIFIED.,.F.,.F.,(4,4),(-0.148168926604,-4.756699048972E-02),
  .PIECEWISE_BEZIER_KNOTS.);
#5193 = CARTESIAN_POINT('',(-10.21405634601,5.324233038526));
#5194 = CARTESIAN_POINT('',(-9.859232039523,4.96940873203));
#5195 = CARTESIAN_POINT('',(-9.322242644594,4.813390855771));
#5196 = CARTESIAN_POINT('',(-8.831817232085,4.917261436038));
#5197 = ( GEOMETRIC_REPRESENTATION_CONTEXT(2) 
PARAMETRIC_REPRESENTATION_CONTEXT() REPRESENTATION_CONTEXT('2D SPACE',''
  ) );
#5198 = PCURVE('',#5199,#5216);
#5199 = B_SPLINE_SURFACE_WITH_KNOTS('',3,3,(
    (#5200,#5201,#5202,#5203)
    ,(#5204,#5205,#5206,#5207)
    ,(#5208,#5209,#5210,#5211)
    ,(#5212,#5213,#5214,#5215
    )),.UNSPECIFIED.,.F.,.F.,.F.,(4,4),(4,4),(0.,1.),(-0.148168926604,
    -3.998023182607E-02),.PIECEWISE_BEZIER_KNOTS.);
#5200 = CARTESIAN_POINT('',(-9.859824774518,-5.678464610027,
    -1.49999908014));
#5201 = CARTESIAN_POINT('',(-9.593902631123,-5.434791341518,
    -1.499968902561));
#5202 = CARTESIAN_POINT('',(-9.205410066825,-5.355922117315,
    -1.499055350761));
#5203 = CARTESIAN_POINT('',(-8.875371646128,-5.461610582704,
    -1.498495886887));
#5204 = CARTESIAN_POINT('',(-9.977901965018,-5.560387419526,
    -1.333332720094));
#5205 = CARTESIAN_POINT('',(-9.673426235866,-5.270744273631,
    -1.333312601707));
#5206 = CARTESIAN_POINT('',(-9.217011370288,-5.167611330835,
    -1.332703567174));
#5207 = CARTESIAN_POINT('',(-8.824166259987,-5.289480901005,
    -1.332330591258));
#5208 = CARTESIAN_POINT('',(-10.09597915551,-5.442310229026,
    -1.166666360047));
#5209 = CARTESIAN_POINT('',(-9.752949840608,-5.106697205745,
    -1.166656300854));
#5210 = CARTESIAN_POINT('',(-9.228612673751,-4.979300544355,
    -1.166351783587));
#5211 = CARTESIAN_POINT('',(-8.772960873846,-5.117351219307,
    -1.166165295629));
#5212 = CARTESIAN_POINT('',(-10.21405634601,-5.324233038526,-1.));
#5213 = CARTESIAN_POINT('',(-9.832473445351,-4.942650137858,-1.));
#5214 = CARTESIAN_POINT('',(-9.240213977215,-4.790989757875,-1.));
#5215 = CARTESIAN_POINT('',(-8.721755487705,-4.945221537609,-1.));
#5216 = DEFINITIONAL_REPRESENTATION('',(#5217),#5221);
#5217 = LINE('',#5218,#5219);
#5218 = CARTESIAN_POINT('',(1.,2.775557561563E-17));
#5219 = VECTOR('',#5220,1.);
#5220 = DIRECTION('',(3.531456566363E-13,1.));
#5221 = ( GEOMETRIC_REPRESENTATION_CONTEXT(2) 
PARAMETRIC_REPRESENTATION_CONTEXT() REPRESENTATION_CONTEXT('2D SPACE',''
  ) );
#5222 = ORIENTED_EDGE('',*,*,#5223,.F.);
#5223 = EDGE_CURVE('',#5108,#5182,#5224,.T.);
#5224 = SURFACE_CURVE('',#5225,(#5230,#5238),.PCURVE_S1.);
#5225 = B_SPLINE_CURVE_WITH_KNOTS('',3,(#5226,#5227,#5228,#5229),
  .UNSPECIFIED.,.F.,.F.,(4,4),(-0.58233612423,-0.577940566118),
  .PIECEWISE_BEZIER_KNOTS.);
#5226 = CARTESIAN_POINT('',(-10.24513763549,-5.355314328005,-1.));
#5227 = CARTESIAN_POINT('',(-10.23477720567,-5.344953898179,-1.));
#5228 = CARTESIAN_POINT('',(-10.22441677584,-5.334593468352,-1.));
#5229 = CARTESIAN_POINT('',(-10.21405634601,-5.324233038526,-1.));
#5230 = PCURVE('',#2561,#5231);
#5231 = DEFINITIONAL_REPRESENTATION('',(#5232),#5237);
#5232 = B_SPLINE_CURVE_WITH_KNOTS('',3,(#5233,#5234,#5235,#5236),
  .UNSPECIFIED.,.F.,.F.,(4,4),(-0.58233612423,-0.577940566118),
  .PIECEWISE_BEZIER_KNOTS.);
#5233 = CARTESIAN_POINT('',(-10.24513763549,5.355314328005));
#5234 = CARTESIAN_POINT('',(-10.23477720567,5.344953898179));
#5235 = CARTESIAN_POINT('',(-10.22441677584,5.334593468352));
#5236 = CARTESIAN_POINT('',(-10.21405634601,5.324233038526));
#5237 = ( GEOMETRIC_REPRESENTATION_CONTEXT(2) 
PARAMETRIC_REPRESENTATION_CONTEXT() REPRESENTATION_CONTEXT('2D SPACE',''
  ) );
#5238 = PCURVE('',#5239,#5256);
#5239 = B_SPLINE_SURFACE_WITH_KNOTS('',3,3,(
    (#5240,#5241,#5242,#5243)
    ,(#5244,#5245,#5246,#5247)
    ,(#5248,#5249,#5250,#5251)
    ,(#5252,#5253,#5254,#5255
    )),.UNSPECIFIED.,.F.,.F.,.F.,(4,4),(4,4),(0.,1.),(-0.58233612423,
    -0.577940566118),.PIECEWISE_BEZIER_KNOTS.);
#5240 = CARTESIAN_POINT('',(-9.891584244905,-5.708867718598,-1.5));
#5241 = CARTESIAN_POINT('',(-9.881223815078,-5.698507288772,-1.5));
#5242 = CARTESIAN_POINT('',(-9.870637539474,-5.688372704723,
    -1.500000307203));
#5243 = CARTESIAN_POINT('',(-9.859824774518,-5.678464610027,
    -1.49999908014));
#5244 = CARTESIAN_POINT('',(-10.0094353751,-5.591016588401,
    -1.333333333333));
#5245 = CARTESIAN_POINT('',(-9.999074945276,-5.580656158575,
    -1.333333333333));
#5246 = CARTESIAN_POINT('',(-9.988563951598,-5.570446292599,
    -1.333333538135));
#5247 = CARTESIAN_POINT('',(-9.977901965018,-5.560387419526,
    -1.333332720094));
#5248 = CARTESIAN_POINT('',(-10.1272865053,-5.473165458203,
    -1.166666666667));
#5249 = CARTESIAN_POINT('',(-10.11692607547,-5.462805028377,
    -1.166666666667));
#5250 = CARTESIAN_POINT('',(-10.10649036372,-5.452519880476,
    -1.166666769068));
#5251 = CARTESIAN_POINT('',(-10.09597915551,-5.442310229026,
    -1.166666360047));
#5252 = CARTESIAN_POINT('',(-10.24513763549,-5.355314328005,-1.));
#5253 = CARTESIAN_POINT('',(-10.23477720567,-5.344953898179,-1.));
#5254 = CARTESIAN_POINT('',(-10.22441677584,-5.334593468352,-1.));
#5255 = CARTESIAN_POINT('',(-10.21405634601,-5.324233038526,-1.));
#5256 = DEFINITIONAL_REPRESENTATION('',(#5257),#5261);
#5257 = LINE('',#5258,#5259);
#5258 = CARTESIAN_POINT('',(1.,-1.110223024625E-16));
#5259 = VECTOR('',#5260,1.);
#5260 = DIRECTION('',(1.010313590583E-13,1.));
#5261 = ( GEOMETRIC_REPRESENTATION_CONTEXT(2) 
PARAMETRIC_REPRESENTATION_CONTEXT() REPRESENTATION_CONTEXT('2D SPACE',''
  ) );
#5262 = ADVANCED_FACE('',(#5263),#2636,.T.);
#5263 = FACE_BOUND('',#5264,.T.);
#5264 = EDGE_LOOP('',(#5265,#5266,#5267,#5289,#5317));
#5265 = ORIENTED_EDGE('',*,*,#2620,.T.);
#5266 = ORIENTED_EDGE('',*,*,#5107,.T.);
#5267 = ORIENTED_EDGE('',*,*,#5268,.T.);
#5268 = EDGE_CURVE('',#5108,#5269,#5271,.T.);
#5269 = VERTEX_POINT('',#5270);
#5270 = CARTESIAN_POINT('',(-9.891584244905,-5.708867718598,
    -1.499999999771));
#5271 = SURFACE_CURVE('',#5272,(#5276,#5283),.PCURVE_S1.);
#5272 = LINE('',#5273,#5274);
#5273 = CARTESIAN_POINT('',(-10.24513763549,-5.355314328005,-1.));
#5274 = VECTOR('',#5275,1.);
#5275 = DIRECTION('',(0.500000000114,-0.500000000114,-0.707106781025));
#5276 = PCURVE('',#2636,#5277);
#5277 = DEFINITIONAL_REPRESENTATION('',(#5278),#5282);
#5278 = LINE('',#5279,#5280);
#5279 = CARTESIAN_POINT('',(3.650794315425,-4.550630398613));
#5280 = VECTOR('',#5281,1.);
#5281 = DIRECTION('',(-0.816496580928,-0.57735026919));
#5282 = ( GEOMETRIC_REPRESENTATION_CONTEXT(2) 
PARAMETRIC_REPRESENTATION_CONTEXT() REPRESENTATION_CONTEXT('2D SPACE',''
  ) );
#5283 = PCURVE('',#5239,#5284);
#5284 = DEFINITIONAL_REPRESENTATION('',(#5285),#5288);
#5285 = B_SPLINE_CURVE_WITH_KNOTS('',1,(#5286,#5287),.UNSPECIFIED.,.F.,
  .F.,(2,2),(0.,0.707106781025),.PIECEWISE_BEZIER_KNOTS.);
#5286 = CARTESIAN_POINT('',(1.,-0.58233612423));
#5287 = CARTESIAN_POINT('',(2.28636451957E-10,-0.58233612423));
#5288 = ( GEOMETRIC_REPRESENTATION_CONTEXT(2) 
PARAMETRIC_REPRESENTATION_CONTEXT() REPRESENTATION_CONTEXT('2D SPACE',''
  ) );
#5289 = ORIENTED_EDGE('',*,*,#5290,.T.);
#5290 = EDGE_CURVE('',#5269,#5291,#5293,.T.);
#5291 = VERTEX_POINT('',#5292);
#5292 = CARTESIAN_POINT('',(-10.35417080914,-6.171454282837,-1.5));
#5293 = SURFACE_CURVE('',#5294,(#5298,#5305),.PCURVE_S1.);
#5294 = LINE('',#5295,#5296);
#5295 = CARTESIAN_POINT('',(-5.773846021175,-1.591129494869,-1.5));
#5296 = VECTOR('',#5297,1.);
#5297 = DIRECTION('',(-0.707106781187,-0.707106781187,0.));
#5298 = PCURVE('',#2636,#5299);
#5299 = DEFINITIONAL_REPRESENTATION('',(#5300),#5304);
#5300 = LINE('',#5301,#5302);
#5301 = CARTESIAN_POINT('',(-0.288675134595,-0.204124145232));
#5302 = VECTOR('',#5303,1.);
#5303 = DIRECTION('',(0.57735026919,-0.816496580928));
#5304 = ( GEOMETRIC_REPRESENTATION_CONTEXT(2) 
PARAMETRIC_REPRESENTATION_CONTEXT() REPRESENTATION_CONTEXT('2D SPACE',''
  ) );
#5305 = PCURVE('',#5306,#5311);
#5306 = PLANE('',#5307);
#5307 = AXIS2_PLACEMENT_3D('',#5308,#5309,#5310);
#5308 = CARTESIAN_POINT('',(-9.456333779197,-5.273617252891,-3.));
#5309 = DIRECTION('',(-0.707106781187,0.707106781187,0.));
#5310 = DIRECTION('',(-0.707106781187,-0.707106781187,0.));
#5311 = DEFINITIONAL_REPRESENTATION('',(#5312),#5316);
#5312 = LINE('',#5313,#5314);
#5313 = CARTESIAN_POINT('',(-5.207824130668,1.5));
#5314 = VECTOR('',#5315,1.);
#5315 = DIRECTION('',(1.,0.));
#5316 = ( GEOMETRIC_REPRESENTATION_CONTEXT(2) 
PARAMETRIC_REPRESENTATION_CONTEXT() REPRESENTATION_CONTEXT('2D SPACE',''
  ) );
#5317 = ORIENTED_EDGE('',*,*,#5318,.T.);
#5318 = EDGE_CURVE('',#5291,#2621,#5319,.T.);
#5319 = SURFACE_CURVE('',#5320,(#5325,#5332),.PCURVE_S1.);
#5320 = ELLIPSE('',#5321,2.92124429235,2.05);
#5321 = AXIS2_PLACEMENT_3D('',#5322,#5323,#5324);
#5322 = CARTESIAN_POINT('',(-8.427501612829,-5.92750161283,
    -2.689860266566));
#5323 = DIRECTION('',(-0.5,0.5,-0.707106781187));
#5324 = DIRECTION('',(0.370641151082,-0.614393108083,-0.696524404357));
#5325 = PCURVE('',#2636,#5326);
#5326 = DEFINITIONAL_REPRESENTATION('',(#5327),#5331);
#5327 = ELLIPSE('',#5328,2.92124429235,2.05);
#5328 = AXIS2_PLACEMENT_2D('',#5329,#5330);
#5329 = CARTESIAN_POINT('',(1.191059437751,-5.211335364454));
#5330 = DIRECTION('',(-0.704765784962,-0.70944005268));
#5331 = ( GEOMETRIC_REPRESENTATION_CONTEXT(2) 
PARAMETRIC_REPRESENTATION_CONTEXT() REPRESENTATION_CONTEXT('2D SPACE',''
  ) );
#5332 = PCURVE('',#2664,#5333);
#5333 = DEFINITIONAL_REPRESENTATION('',(#5334),#5337);
#5334 = B_SPLINE_CURVE_WITH_KNOTS('',1,(#5335,#5336),.UNSPECIFIED.,.F.,
  .F.,(2,2),(2.067860520284,2.230216659353),.PIECEWISE_BEZIER_KNOTS.);
#5335 = CARTESIAN_POINT('',(-0.619243926056,-2.250606399475));
#5336 = CARTESIAN_POINT('',(-0.781600065124,-1.967962328771));
#5337 = ( GEOMETRIC_REPRESENTATION_CONTEXT(2) 
PARAMETRIC_REPRESENTATION_CONTEXT() REPRESENTATION_CONTEXT('2D SPACE',''
  ) );
#5338 = ADVANCED_FACE('',(#5339),#2664,.T.);
#5339 = FACE_BOUND('',#5340,.T.);
#5340 = EDGE_LOOP('',(#5341,#5371,#5416,#5417,#5418,#5473));
#5341 = ORIENTED_EDGE('',*,*,#5342,.T.);
#5342 = EDGE_CURVE('',#5343,#5345,#5347,.T.);
#5343 = VERTEX_POINT('',#5344);
#5344 = CARTESIAN_POINT('',(-8.31679490596,-7.858994037048,
    -1.245807544152));
#5345 = VERTEX_POINT('',#5346);
#5346 = CARTESIAN_POINT('',(-8.163710035588,-7.705909166676,
    0.503960530961));
#5347 = SURFACE_CURVE('',#5348,(#5352,#5359),.PCURVE_S1.);
#5348 = LINE('',#5349,#5350);
#5349 = CARTESIAN_POINT('',(-8.145923428577,-7.688122559665,
    0.707262379393));
#5350 = VECTOR('',#5351,1.);
#5351 = DIRECTION('',(8.682659386425E-02,8.682659386425E-02,
    0.992432509139));
#5352 = PCURVE('',#2664,#5353);
#5353 = DEFINITIONAL_REPRESENTATION('',(#5354),#5358);
#5354 = LINE('',#5355,#5356);
#5355 = CARTESIAN_POINT('',(0.781600065124,-1.998401444325E-15));
#5356 = VECTOR('',#5357,1.);
#5357 = DIRECTION('',(0.,1.));
#5358 = ( GEOMETRIC_REPRESENTATION_CONTEXT(2) 
PARAMETRIC_REPRESENTATION_CONTEXT() REPRESENTATION_CONTEXT('2D SPACE',''
  ) );
#5359 = PCURVE('',#5360,#5365);
#5360 = PLANE('',#5361);
#5361 = AXIS2_PLACEMENT_3D('',#5362,#5363,#5364);
#5362 = CARTESIAN_POINT('',(10.25,-7.75,0.));
#5363 = DIRECTION('',(0.,-0.996194698092,8.715574274766E-02));
#5364 = DIRECTION('',(1.,0.,0.));
#5365 = DEFINITIONAL_REPRESENTATION('',(#5366),#5370);
#5366 = LINE('',#5367,#5368);
#5367 = CARTESIAN_POINT('',(-18.39592342857,0.709964006783));
#5368 = VECTOR('',#5369,1.);
#5369 = DIRECTION('',(8.682659386425E-02,0.996223440097));
#5370 = ( GEOMETRIC_REPRESENTATION_CONTEXT(2) 
PARAMETRIC_REPRESENTATION_CONTEXT() REPRESENTATION_CONTEXT('2D SPACE',''
  ) );
#5371 = ORIENTED_EDGE('',*,*,#5372,.F.);
#5372 = EDGE_CURVE('',#2649,#5345,#5373,.T.);
#5373 = SURFACE_CURVE('',#5374,(#5380,#5409),.PCURVE_S1.);
#5374 = B_SPLINE_CURVE_WITH_KNOTS('',3,(#5375,#5376,#5377,#5378,#5379),
  .UNSPECIFIED.,.F.,.F.,(4,1,4),(-0.740989609687,0.105855658527,
    0.740989609687),.UNSPECIFIED.);
#5375 = CARTESIAN_POINT('',(-10.20590916667,-5.663710035588,
    0.503960530961));
#5376 = CARTESIAN_POINT('',(-10.20571835162,-6.270009322322,
    0.506141556957));
#5377 = CARTESIAN_POINT('',(-9.696360185297,-7.337519437175,
    0.50927002956));
#5378 = CARTESIAN_POINT('',(-8.618434500639,-7.705766055389,
    0.505596300458));
#5379 = CARTESIAN_POINT('',(-8.163710035588,-7.705909166676,
    0.503960530961));
#5380 = PCURVE('',#2664,#5381);
#5381 = DEFINITIONAL_REPRESENTATION('',(#5382),#5408);
#5382 = B_SPLINE_CURVE_WITH_KNOTS('',3,(#5383,#5384,#5385,#5386,#5387,
    #5388,#5389,#5390,#5391,#5392,#5393,#5394,#5395,#5396,#5397,#5398,
    #5399,#5400,#5401,#5402,#5403,#5404,#5405,#5406,#5407),
  .UNSPECIFIED.,.F.,.F.,(4,1,1,1,1,1,1,1,1,1,1,1,1,1,1,1,1,1,1,1,1,1,4),
  (-0.740989609687,-0.673626917897,-0.606264226108,-0.538901534318,
    -0.471538842528,-0.404176150738,-0.336813458949,-0.269450767159,
    -0.202088075369,-0.134725383579,-6.736269178973E-02,
    -8.881784197001E-16,6.736269178973E-02,0.134725383579,0.202088075369
    ,0.269450767159,0.336813458949,0.404176150738,0.471538842528,
    0.538901534318,0.606264226108,0.673626917897,0.740989609687),
  .UNSPECIFIED.);
#5383 = CARTESIAN_POINT('',(-0.781600065124,-0.204852064559));
#5384 = CARTESIAN_POINT('',(-0.758158795559,-0.208866072411));
#5385 = CARTESIAN_POINT('',(-0.71122745242,-0.216583495382));
#5386 = CARTESIAN_POINT('',(-0.640655267404,-0.227200075863));
#5387 = CARTESIAN_POINT('',(-0.569865140031,-0.236829326582));
#5388 = CARTESIAN_POINT('',(-0.498863346449,-0.24544347181));
#5389 = CARTESIAN_POINT('',(-0.427679510686,-0.253014735602));
#5390 = CARTESIAN_POINT('',(-0.356363696708,-0.259515342817));
#5391 = CARTESIAN_POINT('',(-0.284976543191,-0.26491751532));
#5392 = CARTESIAN_POINT('',(-0.213580705378,-0.26919348614));
#5393 = CARTESIAN_POINT('',(-0.142231720701,-0.272315446649));
#5394 = CARTESIAN_POINT('',(-7.096937684065E-02,-0.274255743683));
#5395 = CARTESIAN_POINT('',(1.909450607641E-04,-0.274986143878));
#5396 = CARTESIAN_POINT('',(7.126422864589E-02,-0.274480579208));
#5397 = CARTESIAN_POINT('',(0.142308225639,-0.272704900492));
#5398 = CARTESIAN_POINT('',(0.213404397573,-0.269660672987));
#5399 = CARTESIAN_POINT('',(0.284577624393,-0.265398211213));
#5400 = CARTESIAN_POINT('',(0.355818067212,-0.259958295661));
#5401 = CARTESIAN_POINT('',(0.427086522994,-0.253384261456));
#5402 = CARTESIAN_POINT('',(0.498324274767,-0.245718759211));
#5403 = CARTESIAN_POINT('',(0.569462274626,-0.237004622954));
#5404 = CARTESIAN_POINT('',(0.640432032246,-0.227284637566));
#5405 = CARTESIAN_POINT('',(0.711172187799,-0.216601601101));
#5406 = CARTESIAN_POINT('',(0.758157711547,-0.208866072411));
#5407 = CARTESIAN_POINT('',(0.781600065124,-0.204852064559));
#5408 = ( GEOMETRIC_REPRESENTATION_CONTEXT(2) 
PARAMETRIC_REPRESENTATION_CONTEXT() REPRESENTATION_CONTEXT('2D SPACE',''
  ) );
#5409 = PCURVE('',#2966,#5410);
#5410 = DEFINITIONAL_REPRESENTATION('',(#5411),#5415);
#5411 = LINE('',#5412,#5413);
#5412 = CARTESIAN_POINT('',(-8.04978236874E-16,5.551115123126E-16));
#5413 = VECTOR('',#5414,1.);
#5414 = DIRECTION('',(-1.037307271837E-15,-1.));
#5415 = ( GEOMETRIC_REPRESENTATION_CONTEXT(2) 
PARAMETRIC_REPRESENTATION_CONTEXT() REPRESENTATION_CONTEXT('2D SPACE',''
  ) );
#5416 = ORIENTED_EDGE('',*,*,#2648,.T.);
#5417 = ORIENTED_EDGE('',*,*,#5318,.F.);
#5418 = ORIENTED_EDGE('',*,*,#5419,.T.);
#5419 = EDGE_CURVE('',#5291,#5420,#5422,.T.);
#5420 = VERTEX_POINT('',#5421);
#5421 = CARTESIAN_POINT('',(-8.671454122814,-7.854170835388,-1.5));
#5422 = SURFACE_CURVE('',#5423,(#5428,#5457),.PCURVE_S1.);
#5423 = ELLIPSE('',#5424,2.065631648623,2.05);
#5424 = AXIS2_PLACEMENT_3D('',#5425,#5426,#5427);
#5425 = CARTESIAN_POINT('',(-8.323402328325,-5.823402328325,-1.5));
#5426 = DIRECTION('',(0.,0.,1.));
#5427 = DIRECTION('',(-0.707106781187,-0.707106781187,0.));
#5428 = PCURVE('',#2664,#5429);
#5429 = DEFINITIONAL_REPRESENTATION('',(#5430),#5456);
#5430 = B_SPLINE_CURVE_WITH_KNOTS('',3,(#5431,#5432,#5433,#5434,#5435,
    #5436,#5437,#5438,#5439,#5440,#5441,#5442,#5443,#5444,#5445,#5446,
    #5447,#5448,#5449,#5450,#5451,#5452,#5453,#5454,#5455),
  .UNSPECIFIED.,.F.,.F.,(4,1,1,1,1,1,1,1,1,1,1,1,1,1,1,1,1,1,1,1,1,1,4),
  (5.663941381124,5.720236287079,5.776531193034,5.832826098989,
    5.889121004944,5.945415910899,6.001710816854,6.058005722809,
    6.114300628764,6.17059553472,6.226890440675,6.28318534663,
    6.339480252585,6.39577515854,6.452070064495,6.50836497045,
    6.564659876405,6.62095478236,6.677249688315,6.73354459427,
    6.789839500225,6.84613440618,6.902429312135),.QUASI_UNIFORM_KNOTS.);
#5431 = CARTESIAN_POINT('',(-0.619243926056,-2.250606399475));
#5432 = CARTESIAN_POINT('',(-0.600478957404,-2.253369132988));
#5433 = CARTESIAN_POINT('',(-0.5629490201,-2.258675727551));
#5434 = CARTESIAN_POINT('',(-0.506654114145,-2.265956165005));
#5435 = CARTESIAN_POINT('',(-0.45035920819,-2.272533443309));
#5436 = CARTESIAN_POINT('',(-0.394064302235,-2.278386894838));
#5437 = CARTESIAN_POINT('',(-0.33776939628,-2.283497928394));
#5438 = CARTESIAN_POINT('',(-0.281474490325,-2.287850363071));
#5439 = CARTESIAN_POINT('',(-0.22517958437,-2.29143040585));
#5440 = CARTESIAN_POINT('',(-0.168884678415,-2.294226715037));
#5441 = CARTESIAN_POINT('',(-0.11258977246,-2.296230430906));
#5442 = CARTESIAN_POINT('',(-5.629486650503E-02,-2.297435205188));
#5443 = CARTESIAN_POINT('',(3.945002009048E-08,-2.297837220803));
#5444 = CARTESIAN_POINT('',(5.629494540507E-02,-2.297435204061));
#5445 = CARTESIAN_POINT('',(0.11258985136,-2.296230428656));
#5446 = CARTESIAN_POINT('',(0.168884757315,-2.294226711672));
#5447 = CARTESIAN_POINT('',(0.22517966327,-2.29143040138));
#5448 = CARTESIAN_POINT('',(0.281474569225,-2.287850357509));
#5449 = CARTESIAN_POINT('',(0.33776947518,-2.283497921758));
#5450 = CARTESIAN_POINT('',(0.394064381135,-2.278386887151));
#5451 = CARTESIAN_POINT('',(0.45035928709,-2.272533434594));
#5452 = CARTESIAN_POINT('',(0.506654193045,-2.265956155289));
#5453 = CARTESIAN_POINT('',(0.562949099001,-2.258675716865));
#5454 = CARTESIAN_POINT('',(0.600479036304,-2.253369121678));
#5455 = CARTESIAN_POINT('',(0.619244004956,-2.250606387859));
#5456 = ( GEOMETRIC_REPRESENTATION_CONTEXT(2) 
PARAMETRIC_REPRESENTATION_CONTEXT() REPRESENTATION_CONTEXT('2D SPACE',''
  ) );
#5457 = PCURVE('',#5458,#5463);
#5458 = PLANE('',#5459);
#5459 = AXIS2_PLACEMENT_3D('',#5460,#5461,#5462);
#5460 = CARTESIAN_POINT('',(-9.807602568045,-7.307602551495,-1.5));
#5461 = DIRECTION('',(0.,0.,-1.));
#5462 = DIRECTION('',(1.,0.,0.));
#5463 = DEFINITIONAL_REPRESENTATION('',(#5464),#5472);
#5464 = ( BOUNDED_CURVE() B_SPLINE_CURVE(2,(#5465,#5466,#5467,#5468,
#5469,#5470,#5471),.UNSPECIFIED.,.T.,.F.) B_SPLINE_CURVE_WITH_KNOTS((1,2
    ,2,2,2,1),(-2.094395102393,0.,2.094395102393,4.188790204786,
6.28318530718,8.377580409573),.UNSPECIFIED.) CURVE() 
GEOMETRIC_REPRESENTATION_ITEM() RATIONAL_B_SPLINE_CURVE((1.,0.5,1.,0.5,
1.,0.5,1.)) REPRESENTATION_ITEM('') );
#5465 = CARTESIAN_POINT('',(2.357809354533E-02,-2.357807699497E-02));
#5466 = CARTESIAN_POINT('',(2.534305079898,2.487148909358));
#5467 = CARTESIAN_POINT('',(3.469874805984,-0.959147803081));
#5468 = CARTESIAN_POINT('',(4.40544453207,-4.40544451552));
#5469 = CARTESIAN_POINT('',(0.959147819631,-3.469874789434));
#5470 = CARTESIAN_POINT('',(-2.487148892807,-2.534305063348));
#5471 = CARTESIAN_POINT('',(2.357809354533E-02,-2.357807699497E-02));
#5472 = ( GEOMETRIC_REPRESENTATION_CONTEXT(2) 
PARAMETRIC_REPRESENTATION_CONTEXT() REPRESENTATION_CONTEXT('2D SPACE',''
  ) );
#5473 = ORIENTED_EDGE('',*,*,#5474,.F.);
#5474 = EDGE_CURVE('',#5343,#5420,#5475,.T.);
#5475 = SURFACE_CURVE('',#5476,(#5481,#5487),.PCURVE_S1.);
#5476 = ELLIPSE('',#5477,2.92124429235,2.05);
#5477 = AXIS2_PLACEMENT_3D('',#5478,#5479,#5480);
#5478 = CARTESIAN_POINT('',(-8.427501624353,-5.927501624353,
    -2.689860398278));
#5479 = DIRECTION('',(0.5,-0.5,-0.707106781187));
#5480 = DIRECTION('',(-0.614393108083,0.370641151082,-0.696524404357));
#5481 = PCURVE('',#2664,#5482);
#5482 = DEFINITIONAL_REPRESENTATION('',(#5483),#5486);
#5483 = B_SPLINE_CURVE_WITH_KNOTS('',1,(#5484,#5485),.UNSPECIFIED.,.F.,
  .F.,(2,2),(4.052968647827,4.215324707995),.PIECEWISE_BEZIER_KNOTS.);
#5484 = CARTESIAN_POINT('',(0.781600065124,-1.967962461487));
#5485 = CARTESIAN_POINT('',(0.619244004956,-2.250606387859));
#5486 = ( GEOMETRIC_REPRESENTATION_CONTEXT(2) 
PARAMETRIC_REPRESENTATION_CONTEXT() REPRESENTATION_CONTEXT('2D SPACE',''
  ) );
#5487 = PCURVE('',#5488,#5493);
#5488 = PLANE('',#5489);
#5489 = AXIS2_PLACEMENT_3D('',#5490,#5491,#5492);
#5490 = CARTESIAN_POINT('',(-4.523976313988,-4.060246417156,-1.25));
#5491 = DIRECTION('',(0.5,-0.5,-0.707106781187));
#5492 = DIRECTION('',(-0.816496580928,8.326672684689E-17,-0.57735026919)
  );
#5493 = DEFINITIONAL_REPRESENTATION('',(#5494),#5498);
#5494 = ELLIPSE('',#5495,2.92124429235,2.05);
#5495 = AXIS2_PLACEMENT_2D('',#5496,#5497);
#5496 = CARTESIAN_POINT('',(4.018518858019,-2.156120593042));
#5497 = DIRECTION('',(0.903788424448,0.4279795367));
#5498 = ( GEOMETRIC_REPRESENTATION_CONTEXT(2) 
PARAMETRIC_REPRESENTATION_CONTEXT() REPRESENTATION_CONTEXT('2D SPACE',''
  ) );
#5499 = ADVANCED_FACE('',(#5500),#2694,.T.);
#5500 = FACE_BOUND('',#5501,.T.);
#5501 = EDGE_LOOP('',(#5502,#5522,#5523,#5542));
#5502 = ORIENTED_EDGE('',*,*,#5503,.F.);
#5503 = EDGE_CURVE('',#2677,#2899,#5504,.T.);
#5504 = SURFACE_CURVE('',#5505,(#5509,#5515),.PCURVE_S1.);
#5505 = LINE('',#5506,#5507);
#5506 = CARTESIAN_POINT('',(-10.20592274745,-5.576567873623,
    0.503805301908));
#5507 = VECTOR('',#5508,1.);
#5508 = DIRECTION('',(0.73727733681,0.,0.675590207616));
#5509 = PCURVE('',#2694,#5510);
#5510 = DEFINITIONAL_REPRESENTATION('',(#5511),#5514);
#5511 = B_SPLINE_CURVE_WITH_KNOTS('',1,(#5512,#5513),.UNSPECIFIED.,.F.,
  .F.,(2,2),(0.,1.47455467362),.PIECEWISE_BEZIER_KNOTS.);
#5512 = CARTESIAN_POINT('',(1.051827724483E-16,0.781600065124));
#5513 = CARTESIAN_POINT('',(1.,0.781600065124));
#5514 = ( GEOMETRIC_REPRESENTATION_CONTEXT(2) 
PARAMETRIC_REPRESENTATION_CONTEXT() REPRESENTATION_CONTEXT('2D SPACE',''
  ) );
#5515 = PCURVE('',#2734,#5516);
#5516 = DEFINITIONAL_REPRESENTATION('',(#5517),#5521);
#5517 = LINE('',#5518,#5519);
#5518 = CARTESIAN_POINT('',(-0.73727733681,-1.701567873623));
#5519 = VECTOR('',#5520,1.);
#5520 = DIRECTION('',(1.,9.244463733059E-33));
#5521 = ( GEOMETRIC_REPRESENTATION_CONTEXT(2) 
PARAMETRIC_REPRESENTATION_CONTEXT() REPRESENTATION_CONTEXT('2D SPACE',''
  ) );
#5522 = ORIENTED_EDGE('',*,*,#2676,.T.);
#5523 = ORIENTED_EDGE('',*,*,#5524,.F.);
#5524 = EDGE_CURVE('',#2922,#2649,#5525,.T.);
#5525 = SURFACE_CURVE('',#5526,(#5530,#5536),.PCURVE_S1.);
#5526 = LINE('',#5527,#5528);
#5527 = CARTESIAN_POINT('',(-9.11789538874,-5.619486068847,1.5));
#5528 = VECTOR('',#5529,1.);
#5529 = DIRECTION('',(-0.737263899513,-2.9967207064E-02,-0.674939929902)
  );
#5530 = PCURVE('',#2694,#5531);
#5531 = DEFINITIONAL_REPRESENTATION('',(#5532),#5535);
#5532 = B_SPLINE_CURVE_WITH_KNOTS('',1,(#5533,#5534),.UNSPECIFIED.,.F.,
  .F.,(2,2),(-0.,1.475745358826),.PIECEWISE_BEZIER_KNOTS.);
#5533 = CARTESIAN_POINT('',(1.,0.740989609687));
#5534 = CARTESIAN_POINT('',(-1.022424706688E-15,0.740989609687));
#5535 = ( GEOMETRIC_REPRESENTATION_CONTEXT(2) 
PARAMETRIC_REPRESENTATION_CONTEXT() REPRESENTATION_CONTEXT('2D SPACE',''
  ) );
#5536 = PCURVE('',#2966,#5537);
#5537 = DEFINITIONAL_REPRESENTATION('',(#5538),#5541);
#5538 = B_SPLINE_CURVE_WITH_KNOTS('',1,(#5539,#5540),.UNSPECIFIED.,.F.,
  .F.,(2,2),(-0.,1.475745358826),.PIECEWISE_BEZIER_KNOTS.);
#5539 = CARTESIAN_POINT('',(1.,0.740989609687));
#5540 = CARTESIAN_POINT('',(-5.327398749117E-16,0.740989609687));
#5541 = ( GEOMETRIC_REPRESENTATION_CONTEXT(2) 
PARAMETRIC_REPRESENTATION_CONTEXT() REPRESENTATION_CONTEXT('2D SPACE',''
  ) );
#5542 = ORIENTED_EDGE('',*,*,#2921,.T.);
#5543 = ADVANCED_FACE('',(#5544),#2734,.T.);
#5544 = FACE_BOUND('',#5545,.T.);
#5545 = EDGE_LOOP('',(#5546,#5566,#5567,#5568));
#5546 = ORIENTED_EDGE('',*,*,#5547,.T.);
#5547 = EDGE_CURVE('',#2874,#2719,#5548,.T.);
#5548 = SURFACE_CURVE('',#5549,(#5553,#5560),.PCURVE_S1.);
#5549 = LINE('',#5550,#5551);
#5550 = CARTESIAN_POINT('',(-9.118767004711,5.576567873623,1.5));
#5551 = VECTOR('',#5552,1.);
#5552 = DIRECTION('',(-0.73727733681,0.,-0.675590207616));
#5553 = PCURVE('',#2734,#5554);
#5554 = DEFINITIONAL_REPRESENTATION('',(#5555),#5559);
#5555 = LINE('',#5556,#5557);
#5556 = CARTESIAN_POINT('',(0.73727733681,9.451567873623));
#5557 = VECTOR('',#5558,1.);
#5558 = DIRECTION('',(-1.,-9.244463733059E-33));
#5559 = ( GEOMETRIC_REPRESENTATION_CONTEXT(2) 
PARAMETRIC_REPRESENTATION_CONTEXT() REPRESENTATION_CONTEXT('2D SPACE',''
  ) );
#5560 = PCURVE('',#2762,#5561);
#5561 = DEFINITIONAL_REPRESENTATION('',(#5562),#5565);
#5562 = B_SPLINE_CURVE_WITH_KNOTS('',1,(#5563,#5564),.UNSPECIFIED.,.F.,
  .F.,(2,2),(0.,1.47455467362),.PIECEWISE_BEZIER_KNOTS.);
#5563 = CARTESIAN_POINT('',(1.,-0.781600065124));
#5564 = CARTESIAN_POINT('',(1.696826819494E-16,-0.781600065124));
#5565 = ( GEOMETRIC_REPRESENTATION_CONTEXT(2) 
PARAMETRIC_REPRESENTATION_CONTEXT() REPRESENTATION_CONTEXT('2D SPACE',''
  ) );
#5566 = ORIENTED_EDGE('',*,*,#2718,.T.);
#5567 = ORIENTED_EDGE('',*,*,#5503,.T.);
#5568 = ORIENTED_EDGE('',*,*,#2898,.T.);
#5569 = ADVANCED_FACE('',(#5570),#2762,.T.);
#5570 = FACE_BOUND('',#5571,.T.);
#5571 = EDGE_LOOP('',(#5572,#5573,#5574,#5575));
#5572 = ORIENTED_EDGE('',*,*,#2791,.F.);
#5573 = ORIENTED_EDGE('',*,*,#2746,.T.);
#5574 = ORIENTED_EDGE('',*,*,#5547,.F.);
#5575 = ORIENTED_EDGE('',*,*,#2873,.T.);
#5576 = ADVANCED_FACE('',(#5577),#2966,.T.);
#5577 = FACE_BOUND('',#5578,.T.);
#5578 = EDGE_LOOP('',(#5579,#5598,#5599,#5600));
#5579 = ORIENTED_EDGE('',*,*,#5580,.T.);
#5580 = EDGE_CURVE('',#5345,#2947,#5581,.T.);
#5581 = SURFACE_CURVE('',#5582,(#5586,#5592),.PCURVE_S1.);
#5582 = LINE('',#5583,#5584);
#5583 = CARTESIAN_POINT('',(-8.163710035588,-7.705909166676,
    0.503960530961));
#5584 = VECTOR('',#5585,1.);
#5585 = DIRECTION('',(2.9967207064E-02,0.737263899513,0.674939929902));
#5586 = PCURVE('',#2966,#5587);
#5587 = DEFINITIONAL_REPRESENTATION('',(#5588),#5591);
#5588 = B_SPLINE_CURVE_WITH_KNOTS('',1,(#5589,#5590),.UNSPECIFIED.,.F.,
  .F.,(2,2),(0.,1.475745358826),.PIECEWISE_BEZIER_KNOTS.);
#5589 = CARTESIAN_POINT('',(-1.573612147358E-15,-0.740989609687));
#5590 = CARTESIAN_POINT('',(1.,-0.740989609687));
#5591 = ( GEOMETRIC_REPRESENTATION_CONTEXT(2) 
PARAMETRIC_REPRESENTATION_CONTEXT() REPRESENTATION_CONTEXT('2D SPACE',''
  ) );
#5592 = PCURVE('',#3012,#5593);
#5593 = DEFINITIONAL_REPRESENTATION('',(#5594),#5597);
#5594 = B_SPLINE_CURVE_WITH_KNOTS('',1,(#5595,#5596),.UNSPECIFIED.,.F.,
  .F.,(2,2),(0.,1.475745358826),.PIECEWISE_BEZIER_KNOTS.);
#5595 = CARTESIAN_POINT('',(-3.456916463329E-16,-0.740989609687));
#5596 = CARTESIAN_POINT('',(1.,-0.740989609687));
#5597 = ( GEOMETRIC_REPRESENTATION_CONTEXT(2) 
PARAMETRIC_REPRESENTATION_CONTEXT() REPRESENTATION_CONTEXT('2D SPACE',''
  ) );
#5598 = ORIENTED_EDGE('',*,*,#2946,.T.);
#5599 = ORIENTED_EDGE('',*,*,#5524,.T.);
#5600 = ORIENTED_EDGE('',*,*,#5372,.T.);
#5601 = ADVANCED_FACE('',(#5602),#3012,.T.);
#5602 = FACE_BOUND('',#5603,.T.);
#5603 = EDGE_LOOP('',(#5604,#5605,#5630,#5650));
#5604 = ORIENTED_EDGE('',*,*,#5580,.F.);
#5605 = ORIENTED_EDGE('',*,*,#5606,.T.);
#5606 = EDGE_CURVE('',#5345,#5607,#5609,.T.);
#5607 = VERTEX_POINT('',#5608);
#5608 = CARTESIAN_POINT('',(-8.076567873623,-7.705922747459,
    0.503805301908));
#5609 = SURFACE_CURVE('',#5610,(#5615,#5622),.PCURVE_S1.);
#5610 = B_SPLINE_CURVE_WITH_KNOTS('',3,(#5611,#5612,#5613,#5614),
  .UNSPECIFIED.,.F.,.F.,(4,4),(0.740989609687,0.781600065124),
  .PIECEWISE_BEZIER_KNOTS.);
#5611 = CARTESIAN_POINT('',(-8.163710035588,-7.705909166676,
    0.503960530961));
#5612 = CARTESIAN_POINT('',(-8.134634960023,-7.70591831721,
    0.503855939884));
#5613 = CARTESIAN_POINT('',(-8.105603395645,-7.705922747459,
    0.503805301908));
#5614 = CARTESIAN_POINT('',(-8.076567873623,-7.705922747459,
    0.503805301908));
#5615 = PCURVE('',#3012,#5616);
#5616 = DEFINITIONAL_REPRESENTATION('',(#5617),#5621);
#5617 = LINE('',#5618,#5619);
#5618 = CARTESIAN_POINT('',(2.299818472585E-14,1.110223024625E-16));
#5619 = VECTOR('',#5620,1.);
#5620 = DIRECTION('',(-3.132383791088E-14,-1.));
#5621 = ( GEOMETRIC_REPRESENTATION_CONTEXT(2) 
PARAMETRIC_REPRESENTATION_CONTEXT() REPRESENTATION_CONTEXT('2D SPACE',''
  ) );
#5622 = PCURVE('',#5360,#5623);
#5623 = DEFINITIONAL_REPRESENTATION('',(#5624),#5629);
#5624 = B_SPLINE_CURVE_WITH_KNOTS('',3,(#5625,#5626,#5627,#5628),
  .UNSPECIFIED.,.F.,.F.,(4,4),(0.740989609687,0.781600065124),
  .PIECEWISE_BEZIER_KNOTS.);
#5625 = CARTESIAN_POINT('',(-18.41371003558,0.505885578318));
#5626 = CARTESIAN_POINT('',(-18.38463496002,0.505780587719));
#5627 = CARTESIAN_POINT('',(-18.35560339564,0.505729756315));
#5628 = CARTESIAN_POINT('',(-18.32656787362,0.505729756315));
#5629 = ( GEOMETRIC_REPRESENTATION_CONTEXT(2) 
PARAMETRIC_REPRESENTATION_CONTEXT() REPRESENTATION_CONTEXT('2D SPACE',''
  ) );
#5630 = ORIENTED_EDGE('',*,*,#5631,.F.);
#5631 = EDGE_CURVE('',#2995,#5607,#5632,.T.);
#5632 = SURFACE_CURVE('',#5633,(#5637,#5643),.PCURVE_S1.);
#5633 = LINE('',#5634,#5635);
#5634 = CARTESIAN_POINT('',(-8.076567873623,-6.618767004711,1.5));
#5635 = VECTOR('',#5636,1.);
#5636 = DIRECTION('',(0.,-0.73727733681,-0.675590207616));
#5637 = PCURVE('',#3012,#5638);
#5638 = DEFINITIONAL_REPRESENTATION('',(#5639),#5642);
#5639 = B_SPLINE_CURVE_WITH_KNOTS('',1,(#5640,#5641),.UNSPECIFIED.,.F.,
  .F.,(2,2),(0.,1.47455467362),.PIECEWISE_BEZIER_KNOTS.);
#5640 = CARTESIAN_POINT('',(1.,-0.781600065124));
#5641 = CARTESIAN_POINT('',(-3.110215345466E-16,-0.781600065124));
#5642 = ( GEOMETRIC_REPRESENTATION_CONTEXT(2) 
PARAMETRIC_REPRESENTATION_CONTEXT() REPRESENTATION_CONTEXT('2D SPACE',''
  ) );
#5643 = PCURVE('',#3052,#5644);
#5644 = DEFINITIONAL_REPRESENTATION('',(#5645),#5649);
#5645 = LINE('',#5646,#5647);
#5646 = CARTESIAN_POINT('',(-13.20156787362,0.73727733681));
#5647 = VECTOR('',#5648,1.);
#5648 = DIRECTION('',(0.,-1.));
#5649 = ( GEOMETRIC_REPRESENTATION_CONTEXT(2) 
PARAMETRIC_REPRESENTATION_CONTEXT() REPRESENTATION_CONTEXT('2D SPACE',''
  ) );
#5650 = ORIENTED_EDGE('',*,*,#2994,.T.);
#5651 = ADVANCED_FACE('',(#5652),#3052,.T.);
#5652 = FACE_BOUND('',#5653,.T.);
#5653 = EDGE_LOOP('',(#5654,#5655,#5678,#5698));
#5654 = ORIENTED_EDGE('',*,*,#5631,.T.);
#5655 = ORIENTED_EDGE('',*,*,#5656,.T.);
#5656 = EDGE_CURVE('',#5607,#5657,#5659,.T.);
#5657 = VERTEX_POINT('',#5658);
#5658 = CARTESIAN_POINT('',(8.076567873623,-7.705922747459,
    0.503805301908));
#5659 = SURFACE_CURVE('',#5660,(#5664,#5671),.PCURVE_S1.);
#5660 = LINE('',#5661,#5662);
#5661 = CARTESIAN_POINT('',(5.125,-7.705922747459,0.503805301908));
#5662 = VECTOR('',#5663,1.);
#5663 = DIRECTION('',(1.,0.,0.));
#5664 = PCURVE('',#3052,#5665);
#5665 = DEFINITIONAL_REPRESENTATION('',(#5666),#5670);
#5666 = LINE('',#5667,#5668);
#5667 = CARTESIAN_POINT('',(0.,-0.73727733681));
#5668 = VECTOR('',#5669,1.);
#5669 = DIRECTION('',(1.,0.));
#5670 = ( GEOMETRIC_REPRESENTATION_CONTEXT(2) 
PARAMETRIC_REPRESENTATION_CONTEXT() REPRESENTATION_CONTEXT('2D SPACE',''
  ) );
#5671 = PCURVE('',#5360,#5672);
#5672 = DEFINITIONAL_REPRESENTATION('',(#5673),#5677);
#5673 = LINE('',#5674,#5675);
#5674 = CARTESIAN_POINT('',(-5.125,0.505729756315));
#5675 = VECTOR('',#5676,1.);
#5676 = DIRECTION('',(1.,0.));
#5677 = ( GEOMETRIC_REPRESENTATION_CONTEXT(2) 
PARAMETRIC_REPRESENTATION_CONTEXT() REPRESENTATION_CONTEXT('2D SPACE',''
  ) );
#5678 = ORIENTED_EDGE('',*,*,#5679,.T.);
#5679 = EDGE_CURVE('',#5657,#3037,#5680,.T.);
#5680 = SURFACE_CURVE('',#5681,(#5685,#5692),.PCURVE_S1.);
#5681 = LINE('',#5682,#5683);
#5682 = CARTESIAN_POINT('',(8.076567873623,-7.705922747459,
    0.503805301908));
#5683 = VECTOR('',#5684,1.);
#5684 = DIRECTION('',(0.,0.73727733681,0.675590207616));
#5685 = PCURVE('',#3052,#5686);
#5686 = DEFINITIONAL_REPRESENTATION('',(#5687),#5691);
#5687 = LINE('',#5688,#5689);
#5688 = CARTESIAN_POINT('',(2.951567873623,-0.73727733681));
#5689 = VECTOR('',#5690,1.);
#5690 = DIRECTION('',(0.,1.));
#5691 = ( GEOMETRIC_REPRESENTATION_CONTEXT(2) 
PARAMETRIC_REPRESENTATION_CONTEXT() REPRESENTATION_CONTEXT('2D SPACE',''
  ) );
#5692 = PCURVE('',#3082,#5693);
#5693 = DEFINITIONAL_REPRESENTATION('',(#5694),#5697);
#5694 = B_SPLINE_CURVE_WITH_KNOTS('',1,(#5695,#5696),.UNSPECIFIED.,.F.,
  .F.,(2,2),(0.,1.47455467362),.PIECEWISE_BEZIER_KNOTS.);
#5695 = CARTESIAN_POINT('',(-5.270716284622E-16,0.781600065124));
#5696 = CARTESIAN_POINT('',(1.,0.781600065124));
#5697 = ( GEOMETRIC_REPRESENTATION_CONTEXT(2) 
PARAMETRIC_REPRESENTATION_CONTEXT() REPRESENTATION_CONTEXT('2D SPACE',''
  ) );
#5698 = ORIENTED_EDGE('',*,*,#3036,.T.);
#5699 = ADVANCED_FACE('',(#5700),#3082,.T.);
#5700 = FACE_BOUND('',#5701,.T.);
#5701 = EDGE_LOOP('',(#5702,#5703,#5728,#5747));
#5702 = ORIENTED_EDGE('',*,*,#5679,.F.);
#5703 = ORIENTED_EDGE('',*,*,#5704,.T.);
#5704 = EDGE_CURVE('',#5657,#5705,#5707,.T.);
#5705 = VERTEX_POINT('',#5706);
#5706 = CARTESIAN_POINT('',(8.163710035588,-7.705909166676,
    0.503960530961));
#5707 = SURFACE_CURVE('',#5708,(#5713,#5720),.PCURVE_S1.);
#5708 = B_SPLINE_CURVE_WITH_KNOTS('',3,(#5709,#5710,#5711,#5712),
  .UNSPECIFIED.,.F.,.F.,(4,4),(-0.781600065124,-0.740989609687),
  .PIECEWISE_BEZIER_KNOTS.);
#5709 = CARTESIAN_POINT('',(8.076567873623,-7.705922747459,
    0.503805301908));
#5710 = CARTESIAN_POINT('',(8.105603395645,-7.705922747459,
    0.503805301908));
#5711 = CARTESIAN_POINT('',(8.134634960023,-7.70591831721,0.503855939884
    ));
#5712 = CARTESIAN_POINT('',(8.163710035588,-7.705909166676,
    0.503960530961));
#5713 = PCURVE('',#3082,#5714);
#5714 = DEFINITIONAL_REPRESENTATION('',(#5715),#5719);
#5715 = LINE('',#5716,#5717);
#5716 = CARTESIAN_POINT('',(1.45242250872E-14,6.661338147751E-16));
#5717 = VECTOR('',#5718,1.);
#5718 = DIRECTION('',(1.993782964211E-14,-1.));
#5719 = ( GEOMETRIC_REPRESENTATION_CONTEXT(2) 
PARAMETRIC_REPRESENTATION_CONTEXT() REPRESENTATION_CONTEXT('2D SPACE',''
  ) );
#5720 = PCURVE('',#5360,#5721);
#5721 = DEFINITIONAL_REPRESENTATION('',(#5722),#5727);
#5722 = B_SPLINE_CURVE_WITH_KNOTS('',3,(#5723,#5724,#5725,#5726),
  .UNSPECIFIED.,.F.,.F.,(4,4),(-0.781600065124,-0.740989609687),
  .PIECEWISE_BEZIER_KNOTS.);
#5723 = CARTESIAN_POINT('',(-2.173432126377,0.505729756315));
#5724 = CARTESIAN_POINT('',(-2.144396604355,0.505729756315));
#5725 = CARTESIAN_POINT('',(-2.115365039977,0.505780587719));
#5726 = CARTESIAN_POINT('',(-2.086289964412,0.505885578318));
#5727 = ( GEOMETRIC_REPRESENTATION_CONTEXT(2) 
PARAMETRIC_REPRESENTATION_CONTEXT() REPRESENTATION_CONTEXT('2D SPACE',''
  ) );
#5728 = ORIENTED_EDGE('',*,*,#5729,.F.);
#5729 = EDGE_CURVE('',#3065,#5705,#5730,.T.);
#5730 = SURFACE_CURVE('',#5731,(#5735,#5741),.PCURVE_S1.);
#5731 = LINE('',#5732,#5733);
#5732 = CARTESIAN_POINT('',(8.119486068847,-6.61789538874,1.5));
#5733 = VECTOR('',#5734,1.);
#5734 = DIRECTION('',(2.9967207064E-02,-0.737263899513,-0.674939929902)
  );
#5735 = PCURVE('',#3082,#5736);
#5736 = DEFINITIONAL_REPRESENTATION('',(#5737),#5740);
#5737 = B_SPLINE_CURVE_WITH_KNOTS('',1,(#5738,#5739),.UNSPECIFIED.,.F.,
  .F.,(2,2),(0.,1.475745358826),.PIECEWISE_BEZIER_KNOTS.);
#5738 = CARTESIAN_POINT('',(1.,0.740989609687));
#5739 = CARTESIAN_POINT('',(-1.514258103586E-16,0.740989609687));
#5740 = ( GEOMETRIC_REPRESENTATION_CONTEXT(2) 
PARAMETRIC_REPRESENTATION_CONTEXT() REPRESENTATION_CONTEXT('2D SPACE',''
  ) );
#5741 = PCURVE('',#3126,#5742);
#5742 = DEFINITIONAL_REPRESENTATION('',(#5743),#5746);
#5743 = B_SPLINE_CURVE_WITH_KNOTS('',1,(#5744,#5745),.UNSPECIFIED.,.F.,
  .F.,(2,2),(0.,1.475745358826),.PIECEWISE_BEZIER_KNOTS.);
#5744 = CARTESIAN_POINT('',(1.,0.740989609687));
#5745 = CARTESIAN_POINT('',(-2.869411943573E-16,0.740989609687));
#5746 = ( GEOMETRIC_REPRESENTATION_CONTEXT(2) 
PARAMETRIC_REPRESENTATION_CONTEXT() REPRESENTATION_CONTEXT('2D SPACE',''
  ) );
#5747 = ORIENTED_EDGE('',*,*,#3064,.T.);
#5748 = ADVANCED_FACE('',(#5749),#3126,.T.);
#5749 = FACE_BOUND('',#5750,.T.);
#5750 = EDGE_LOOP('',(#5751,#5770,#5771,#5772));
#5751 = ORIENTED_EDGE('',*,*,#5752,.T.);
#5752 = EDGE_CURVE('',#3556,#3107,#5753,.T.);
#5753 = SURFACE_CURVE('',#5754,(#5758,#5764),.PCURVE_S1.);
#5754 = LINE('',#5755,#5756);
#5755 = CARTESIAN_POINT('',(10.205909166676,-5.663710035588,
    0.503960530961));
#5756 = VECTOR('',#5757,1.);
#5757 = DIRECTION('',(-0.737263899513,2.9967207064E-02,0.674939929902));
#5758 = PCURVE('',#3126,#5759);
#5759 = DEFINITIONAL_REPRESENTATION('',(#5760),#5763);
#5760 = B_SPLINE_CURVE_WITH_KNOTS('',1,(#5761,#5762),.UNSPECIFIED.,.F.,
  .F.,(2,2),(0.,1.475745358826),.PIECEWISE_BEZIER_KNOTS.);
#5761 = CARTESIAN_POINT('',(-9.120536638091E-16,-0.740989609687));
#5762 = CARTESIAN_POINT('',(1.,-0.740989609687));
#5763 = ( GEOMETRIC_REPRESENTATION_CONTEXT(2) 
PARAMETRIC_REPRESENTATION_CONTEXT() REPRESENTATION_CONTEXT('2D SPACE',''
  ) );
#5764 = PCURVE('',#3172,#5765);
#5765 = DEFINITIONAL_REPRESENTATION('',(#5766),#5769);
#5766 = B_SPLINE_CURVE_WITH_KNOTS('',1,(#5767,#5768),.UNSPECIFIED.,.F.,
  .F.,(2,2),(0.,1.475745358826),.PIECEWISE_BEZIER_KNOTS.);
#5767 = CARTESIAN_POINT('',(-1.724746908847E-16,-0.740989609687));
#5768 = CARTESIAN_POINT('',(1.,-0.740989609687));
#5769 = ( GEOMETRIC_REPRESENTATION_CONTEXT(2) 
PARAMETRIC_REPRESENTATION_CONTEXT() REPRESENTATION_CONTEXT('2D SPACE',''
  ) );
#5770 = ORIENTED_EDGE('',*,*,#3106,.T.);
#5771 = ORIENTED_EDGE('',*,*,#5729,.T.);
#5772 = ORIENTED_EDGE('',*,*,#5773,.T.);
#5773 = EDGE_CURVE('',#5705,#3556,#5774,.T.);
#5774 = SURFACE_CURVE('',#5775,(#5781,#5788),.PCURVE_S1.);
#5775 = B_SPLINE_CURVE_WITH_KNOTS('',3,(#5776,#5777,#5778,#5779,#5780),
  .UNSPECIFIED.,.F.,.F.,(4,1,4),(-0.740989609687,0.105855658527,
    0.740989609687),.QUASI_UNIFORM_KNOTS.);
#5776 = CARTESIAN_POINT('',(8.163710035588,-7.705909166676,
    0.503960530961));
#5777 = CARTESIAN_POINT('',(8.770009322322,-7.705718351627,
    0.506141556957));
#5778 = CARTESIAN_POINT('',(9.837092101992,-7.196025910689,
    0.509260943173));
#5779 = CARTESIAN_POINT('',(10.205766055389,-6.118434500639,
    0.505596300458));
#5780 = CARTESIAN_POINT('',(10.205909166676,-5.663710035588,
    0.503960530961));
#5781 = PCURVE('',#3126,#5782);
#5782 = DEFINITIONAL_REPRESENTATION('',(#5783),#5787);
#5783 = LINE('',#5784,#5785);
#5784 = CARTESIAN_POINT('',(-5.360830939788E-16,-1.110223024625E-16));
#5785 = VECTOR('',#5786,1.);
#5786 = DIRECTION('',(-5.073897999582E-16,-1.));
#5787 = ( GEOMETRIC_REPRESENTATION_CONTEXT(2) 
PARAMETRIC_REPRESENTATION_CONTEXT() REPRESENTATION_CONTEXT('2D SPACE',''
  ) );
#5788 = PCURVE('',#3596,#5789);
#5789 = DEFINITIONAL_REPRESENTATION('',(#5790),#5816);
#5790 = B_SPLINE_CURVE_WITH_KNOTS('',3,(#5791,#5792,#5793,#5794,#5795,
    #5796,#5797,#5798,#5799,#5800,#5801,#5802,#5803,#5804,#5805,#5806,
    #5807,#5808,#5809,#5810,#5811,#5812,#5813,#5814,#5815),
  .UNSPECIFIED.,.F.,.F.,(4,1,1,1,1,1,1,1,1,1,1,1,1,1,1,1,1,1,1,1,1,1,4),
  (-0.740989609687,-0.673626917897,-0.606264226108,-0.538901534318,
    -0.471538842528,-0.404176150738,-0.336813458949,-0.269450767159,
    -0.202088075369,-0.134725383579,-6.736269178973E-02,0.,
    6.736269178973E-02,0.134725383579,0.202088075369,0.269450767159,
    0.336813458949,0.404176150738,0.471538842528,0.538901534318,
    0.606264226108,0.673626917897,0.740989609687),.UNSPECIFIED.);
#5791 = CARTESIAN_POINT('',(-0.781600065124,1.221442010194E-02));
#5792 = CARTESIAN_POINT('',(-0.758158802957,8.200412249154E-03));
#5793 = CARTESIAN_POINT('',(-0.711228943115,4.834022665456E-04));
#5794 = CARTESIAN_POINT('',(-0.640662002021,-1.013153095503E-02));
#5795 = CARTESIAN_POINT('',(-0.569878706886,-1.975831782443E-02));
#5796 = CARTESIAN_POINT('',(-0.498884057661,-2.836939379922E-02));
#5797 = CARTESIAN_POINT('',(-0.427706558191,-3.593719412379E-02));
#5798 = CARTESIAN_POINT('',(-0.356395363293,-4.243415483784E-02));
#5799 = CARTESIAN_POINT('',(-0.285010449939,-4.783270901299E-02));
#5800 = CARTESIAN_POINT('',(-0.213614091422,-5.210530079784E-02));
#5801 = CARTESIAN_POINT('',(-0.142261743604,-5.522433300118E-02));
#5802 = CARTESIAN_POINT('',(-7.099342217398E-02,-5.716236271408E-02));
#5803 = CARTESIAN_POINT('',(1.749557609623E-04,-5.789137123823E-02));
#5804 = CARTESIAN_POINT('',(7.125754023557E-02,-5.738548875067E-02));
#5805 = CARTESIAN_POINT('',(0.142310964806,-5.561082571634E-02));
#5806 = CARTESIAN_POINT('',(0.213415310882,-5.256893549068E-02));
#5807 = CARTESIAN_POINT('',(0.284594401455,-4.830975003925E-02));
#5808 = CARTESIAN_POINT('',(0.355837804546,-4.287373978607E-02));
#5809 = CARTESIAN_POINT('',(0.42710617385,-3.63039103676E-02));
#5810 = CARTESIAN_POINT('',(0.498341107434,-2.864258811207E-02));
#5811 = CARTESIAN_POINT('',(0.5694743117,-1.993228136814E-02));
#5812 = CARTESIAN_POINT('',(0.640438468082,-1.021544971103E-02));
#5813 = CARTESIAN_POINT('',(0.711173726805,4.654342107296E-04));
#5814 = CARTESIAN_POINT('',(0.758157733291,8.200412249154E-03));
#5815 = CARTESIAN_POINT('',(0.781600065124,1.221442010194E-02));
#5816 = ( GEOMETRIC_REPRESENTATION_CONTEXT(2) 
PARAMETRIC_REPRESENTATION_CONTEXT() REPRESENTATION_CONTEXT('2D SPACE',''
  ) );
#5817 = ADVANCED_FACE('',(#5818),#3172,.T.);
#5818 = FACE_BOUND('',#5819,.T.);
#5819 = EDGE_LOOP('',(#5820,#5821,#5822,#5842));
#5820 = ORIENTED_EDGE('',*,*,#5752,.F.);
#5821 = ORIENTED_EDGE('',*,*,#3555,.T.);
#5822 = ORIENTED_EDGE('',*,*,#5823,.F.);
#5823 = EDGE_CURVE('',#3155,#3533,#5824,.T.);
#5824 = SURFACE_CURVE('',#5825,(#5829,#5835),.PCURVE_S1.);
#5825 = LINE('',#5826,#5827);
#5826 = CARTESIAN_POINT('',(9.118767004711,-5.576567873623,1.5));
#5827 = VECTOR('',#5828,1.);
#5828 = DIRECTION('',(0.73727733681,0.,-0.675590207616));
#5829 = PCURVE('',#3172,#5830);
#5830 = DEFINITIONAL_REPRESENTATION('',(#5831),#5834);
#5831 = B_SPLINE_CURVE_WITH_KNOTS('',1,(#5832,#5833),.UNSPECIFIED.,.F.,
  .F.,(2,2),(0.,1.47455467362),.PIECEWISE_BEZIER_KNOTS.);
#5832 = CARTESIAN_POINT('',(1.,-0.781600065124));
#5833 = CARTESIAN_POINT('',(-7.332276890345E-16,-0.781600065124));
#5834 = ( GEOMETRIC_REPRESENTATION_CONTEXT(2) 
PARAMETRIC_REPRESENTATION_CONTEXT() REPRESENTATION_CONTEXT('2D SPACE',''
  ) );
#5835 = PCURVE('',#3212,#5836);
#5836 = DEFINITIONAL_REPRESENTATION('',(#5837),#5841);
#5837 = LINE('',#5838,#5839);
#5838 = CARTESIAN_POINT('',(-0.73727733681,-9.451567873623));
#5839 = VECTOR('',#5840,1.);
#5840 = DIRECTION('',(1.,0.));
#5841 = ( GEOMETRIC_REPRESENTATION_CONTEXT(2) 
PARAMETRIC_REPRESENTATION_CONTEXT() REPRESENTATION_CONTEXT('2D SPACE',''
  ) );
#5842 = ORIENTED_EDGE('',*,*,#3154,.T.);
#5843 = ADVANCED_FACE('',(#5844),#3212,.T.);
#5844 = FACE_BOUND('',#5845,.T.);
#5845 = EDGE_LOOP('',(#5846,#5847,#5848,#5868));
#5846 = ORIENTED_EDGE('',*,*,#5823,.T.);
#5847 = ORIENTED_EDGE('',*,*,#3532,.T.);
#5848 = ORIENTED_EDGE('',*,*,#5849,.T.);
#5849 = EDGE_CURVE('',#3508,#3197,#5850,.T.);
#5850 = SURFACE_CURVE('',#5851,(#5855,#5862),.PCURVE_S1.);
#5851 = LINE('',#5852,#5853);
#5852 = CARTESIAN_POINT('',(10.205922747459,5.576567873623,
    0.503805301908));
#5853 = VECTOR('',#5854,1.);
#5854 = DIRECTION('',(-0.73727733681,0.,0.675590207616));
#5855 = PCURVE('',#3212,#5856);
#5856 = DEFINITIONAL_REPRESENTATION('',(#5857),#5861);
#5857 = LINE('',#5858,#5859);
#5858 = CARTESIAN_POINT('',(0.73727733681,1.701567873623));
#5859 = VECTOR('',#5860,1.);
#5860 = DIRECTION('',(-1.,0.));
#5861 = ( GEOMETRIC_REPRESENTATION_CONTEXT(2) 
PARAMETRIC_REPRESENTATION_CONTEXT() REPRESENTATION_CONTEXT('2D SPACE',''
  ) );
#5862 = PCURVE('',#3240,#5863);
#5863 = DEFINITIONAL_REPRESENTATION('',(#5864),#5867);
#5864 = B_SPLINE_CURVE_WITH_KNOTS('',1,(#5865,#5866),.UNSPECIFIED.,.F.,
  .F.,(2,2),(0.,1.47455467362),.PIECEWISE_BEZIER_KNOTS.);
#5865 = CARTESIAN_POINT('',(-2.381152573374E-15,0.781600065124));
#5866 = CARTESIAN_POINT('',(1.,0.781600065124));
#5867 = ( GEOMETRIC_REPRESENTATION_CONTEXT(2) 
PARAMETRIC_REPRESENTATION_CONTEXT() REPRESENTATION_CONTEXT('2D SPACE',''
  ) );
#5868 = ORIENTED_EDGE('',*,*,#3196,.T.);
#5869 = ADVANCED_FACE('',(#5870),#3240,.T.);
#5870 = FACE_BOUND('',#5871,.T.);
#5871 = EDGE_LOOP('',(#5872,#5873,#5874,#5875));
#5872 = ORIENTED_EDGE('',*,*,#5849,.F.);
#5873 = ORIENTED_EDGE('',*,*,#3507,.T.);
#5874 = ORIENTED_EDGE('',*,*,#3432,.F.);
#5875 = ORIENTED_EDGE('',*,*,#3224,.T.);
#5876 = ADVANCED_FACE('',(#5877),#3284,.F.);
#5877 = FACE_BOUND('',#5878,.F.);
#5878 = EDGE_LOOP('',(#5879,#5880,#5902,#5903));
#5879 = ORIENTED_EDGE('',*,*,#3266,.T.);
#5880 = ORIENTED_EDGE('',*,*,#5881,.F.);
#5881 = EDGE_CURVE('',#3297,#3269,#5882,.T.);
#5882 = SURFACE_CURVE('',#5883,(#5888,#5895),.PCURVE_S1.);
#5883 = CIRCLE('',#5884,40.45);
#5884 = AXIS2_PLACEMENT_3D('',#5885,#5886,#5887);
#5885 = CARTESIAN_POINT('',(2.119232995289,0.,41.5));
#5886 = DIRECTION('',(1.,-7.286106951024E-17,0.));
#5887 = DIRECTION('',(7.286106951024E-17,1.,0.));
#5888 = PCURVE('',#3284,#5889);
#5889 = DEFINITIONAL_REPRESENTATION('',(#5890),#5894);
#5890 = LINE('',#5891,#5892);
#5891 = CARTESIAN_POINT('',(0.,4.238));
#5892 = VECTOR('',#5893,1.);
#5893 = DIRECTION('',(1.,0.));
#5894 = ( GEOMETRIC_REPRESENTATION_CONTEXT(2) 
PARAMETRIC_REPRESENTATION_CONTEXT() REPRESENTATION_CONTEXT('2D SPACE',''
  ) );
#5895 = PCURVE('',#3317,#5896);
#5896 = DEFINITIONAL_REPRESENTATION('',(#5897),#5901);
#5897 = LINE('',#5898,#5899);
#5898 = CARTESIAN_POINT('',(-3.14159265359,1.15201626151E-05));
#5899 = VECTOR('',#5900,1.);
#5900 = DIRECTION('',(1.,0.));
#5901 = ( GEOMETRIC_REPRESENTATION_CONTEXT(2) 
PARAMETRIC_REPRESENTATION_CONTEXT() REPRESENTATION_CONTEXT('2D SPACE',''
  ) );
#5902 = ORIENTED_EDGE('',*,*,#3351,.T.);
#5903 = ORIENTED_EDGE('',*,*,#5904,.T.);
#5904 = EDGE_CURVE('',#3352,#3267,#5905,.T.);
#5905 = SURFACE_CURVE('',#5906,(#5911,#5918),.PCURVE_S1.);
#5906 = CIRCLE('',#5907,40.45);
#5907 = AXIS2_PLACEMENT_3D('',#5908,#5909,#5910);
#5908 = CARTESIAN_POINT('',(-2.118767004711,0.,41.5));
#5909 = DIRECTION('',(1.,-7.286106951024E-17,0.));
#5910 = DIRECTION('',(7.286106951024E-17,1.,0.));
#5911 = PCURVE('',#3284,#5912);
#5912 = DEFINITIONAL_REPRESENTATION('',(#5913),#5917);
#5913 = LINE('',#5914,#5915);
#5914 = CARTESIAN_POINT('',(0.,0.));
#5915 = VECTOR('',#5916,1.);
#5916 = DIRECTION('',(1.,0.));
#5917 = ( GEOMETRIC_REPRESENTATION_CONTEXT(2) 
PARAMETRIC_REPRESENTATION_CONTEXT() REPRESENTATION_CONTEXT('2D SPACE',''
  ) );
#5918 = PCURVE('',#3393,#5919);
#5919 = DEFINITIONAL_REPRESENTATION('',(#5920),#5924);
#5920 = LINE('',#5921,#5922);
#5921 = CARTESIAN_POINT('',(-3.14159265359,0.));
#5922 = VECTOR('',#5923,1.);
#5923 = DIRECTION('',(1.,0.));
#5924 = ( GEOMETRIC_REPRESENTATION_CONTEXT(2) 
PARAMETRIC_REPRESENTATION_CONTEXT() REPRESENTATION_CONTEXT('2D SPACE',''
  ) );
#5925 = ADVANCED_FACE('',(#5926),#3317,.F.);
#5926 = FACE_BOUND('',#5927,.F.);
#5927 = EDGE_LOOP('',(#5928,#5929));
#5928 = ORIENTED_EDGE('',*,*,#3296,.T.);
#5929 = ORIENTED_EDGE('',*,*,#5881,.T.);
#5930 = ADVANCED_FACE('',(#5931),#3393,.F.);
#5931 = FACE_BOUND('',#5932,.F.);
#5932 = EDGE_LOOP('',(#5933,#5934));
#5933 = ORIENTED_EDGE('',*,*,#3374,.T.);
#5934 = ORIENTED_EDGE('',*,*,#5904,.F.);
#5935 = ADVANCED_FACE('',(#5936),#3473,.T.);
#5936 = FACE_BOUND('',#5937,.T.);
#5937 = EDGE_LOOP('',(#5938,#5939,#5940,#5963,#6005,#6047,#6075,#6129));
#5938 = ORIENTED_EDGE('',*,*,#3638,.F.);
#5939 = ORIENTED_EDGE('',*,*,#3455,.F.);
#5940 = ORIENTED_EDGE('',*,*,#5941,.F.);
#5941 = EDGE_CURVE('',#5942,#3456,#5944,.T.);
#5942 = VERTEX_POINT('',#5943);
#5943 = CARTESIAN_POINT('',(10.245137684929,-5.355314284303,-1.));
#5944 = SURFACE_CURVE('',#5945,(#5949,#5956),.PCURVE_S1.);
#5945 = LINE('',#5946,#5947);
#5946 = CARTESIAN_POINT('',(6.737023071134,-1.847199670508,-1.));
#5947 = VECTOR('',#5948,1.);
#5948 = DIRECTION('',(0.707106781187,-0.707106781187,0.));
#5949 = PCURVE('',#3473,#5950);
#5950 = DEFINITIONAL_REPRESENTATION('',(#5951),#5955);
#5951 = LINE('',#5952,#5953);
#5952 = CARTESIAN_POINT('',(6.737023071134,1.847199670508));
#5953 = VECTOR('',#5954,1.);
#5954 = DIRECTION('',(0.707106781187,0.707106781187));
#5955 = ( GEOMETRIC_REPRESENTATION_CONTEXT(2) 
PARAMETRIC_REPRESENTATION_CONTEXT() REPRESENTATION_CONTEXT('2D SPACE',''
  ) );
#5956 = PCURVE('',#3622,#5957);
#5957 = DEFINITIONAL_REPRESENTATION('',(#5958),#5962);
#5958 = LINE('',#5959,#5960);
#5959 = CARTESIAN_POINT('',(-0.288675134595,0.204124145232));
#5960 = VECTOR('',#5961,1.);
#5961 = DIRECTION('',(-0.57735026919,-0.816496580928));
#5962 = ( GEOMETRIC_REPRESENTATION_CONTEXT(2) 
PARAMETRIC_REPRESENTATION_CONTEXT() REPRESENTATION_CONTEXT('2D SPACE',''
  ) );
#5963 = ORIENTED_EDGE('',*,*,#5964,.F.);
#5964 = EDGE_CURVE('',#5965,#5942,#5967,.T.);
#5965 = VERTEX_POINT('',#5966);
#5966 = CARTESIAN_POINT('',(10.214056395387,-5.324232994761,-1.));
#5967 = SURFACE_CURVE('',#5968,(#5973,#5981),.PCURVE_S1.);
#5968 = B_SPLINE_CURVE_WITH_KNOTS('',3,(#5969,#5970,#5971,#5972),
  .UNSPECIFIED.,.F.,.F.,(4,4),(0.491726768398,0.496122326519),
  .PIECEWISE_BEZIER_KNOTS.);
#5969 = CARTESIAN_POINT('',(10.214056395387,-5.324232994761,-1.));
#5970 = CARTESIAN_POINT('',(10.224416825234,-5.334593424609,-1.));
#5971 = CARTESIAN_POINT('',(10.234777255081,-5.344953854456,-1.));
#5972 = CARTESIAN_POINT('',(10.245137684929,-5.355314284303,-1.));
#5973 = PCURVE('',#3473,#5974);
#5974 = DEFINITIONAL_REPRESENTATION('',(#5975),#5980);
#5975 = B_SPLINE_CURVE_WITH_KNOTS('',3,(#5976,#5977,#5978,#5979),
  .UNSPECIFIED.,.F.,.F.,(4,4),(0.491726768398,0.496122326519),
  .PIECEWISE_BEZIER_KNOTS.);
#5976 = CARTESIAN_POINT('',(10.214056395387,5.324232994761));
#5977 = CARTESIAN_POINT('',(10.224416825234,5.334593424609));
#5978 = CARTESIAN_POINT('',(10.234777255081,5.344953854456));
#5979 = CARTESIAN_POINT('',(10.245137684929,5.355314284303));
#5980 = ( GEOMETRIC_REPRESENTATION_CONTEXT(2) 
PARAMETRIC_REPRESENTATION_CONTEXT() REPRESENTATION_CONTEXT('2D SPACE',''
  ) );
#5981 = PCURVE('',#5982,#5999);
#5982 = B_SPLINE_SURFACE_WITH_KNOTS('',3,3,(
    (#5983,#5984,#5985,#5986)
    ,(#5987,#5988,#5989,#5990)
    ,(#5991,#5992,#5993,#5994)
    ,(#5995,#5996,#5997,#5998
    )),.UNSPECIFIED.,.F.,.F.,.F.,(4,4),(4,4),(0.,1.),(0.491726768398,
    0.496122326519),.PIECEWISE_BEZIER_KNOTS.);
#5983 = CARTESIAN_POINT('',(9.859824823883,-5.678464566265,
    -1.49999908014));
#5984 = CARTESIAN_POINT('',(9.870637588862,-5.68837266098,
    -1.500000307203));
#5985 = CARTESIAN_POINT('',(9.881223864488,-5.69850724505,-1.5));
#5986 = CARTESIAN_POINT('',(9.891584294336,-5.708867674897,-1.5));
#5987 = CARTESIAN_POINT('',(9.977902014384,-5.560387375764,
    -1.333332720094));
#5988 = CARTESIAN_POINT('',(9.988564000986,-5.570446248856,
    -1.333333538135));
#5989 = CARTESIAN_POINT('',(9.999074994686,-5.580656114852,
    -1.333333333333));
#5990 = CARTESIAN_POINT('',(10.009435424533,-5.591016544699,
    -1.333333333333));
#5991 = CARTESIAN_POINT('',(10.095979204885,-5.442310185262,
    -1.166666360047));
#5992 = CARTESIAN_POINT('',(10.10649041311,-5.452519836732,
    -1.166666769068));
#5993 = CARTESIAN_POINT('',(10.116926124883,-5.462804984654,
    -1.166666666667));
#5994 = CARTESIAN_POINT('',(10.127286554731,-5.473165414501,
    -1.166666666667));
#5995 = CARTESIAN_POINT('',(10.214056395387,-5.324232994761,-1.));
#5996 = CARTESIAN_POINT('',(10.224416825234,-5.334593424609,-1.));
#5997 = CARTESIAN_POINT('',(10.234777255081,-5.344953854456,-1.));
#5998 = CARTESIAN_POINT('',(10.245137684929,-5.355314284303,-1.));
#5999 = DEFINITIONAL_REPRESENTATION('',(#6000),#6004);
#6000 = LINE('',#6001,#6002);
#6001 = CARTESIAN_POINT('',(1.,-2.775557561563E-16));
#6002 = VECTOR('',#6003,1.);
#6003 = DIRECTION('',(7.577351913992E-13,1.));
#6004 = ( GEOMETRIC_REPRESENTATION_CONTEXT(2) 
PARAMETRIC_REPRESENTATION_CONTEXT() REPRESENTATION_CONTEXT('2D SPACE',''
  ) );
#6005 = ORIENTED_EDGE('',*,*,#6006,.F.);
#6006 = EDGE_CURVE('',#6007,#5965,#6009,.T.);
#6007 = VERTEX_POINT('',#6008);
#6008 = CARTESIAN_POINT('',(8.831758907237,-4.916986021972,-1.));
#6009 = SURFACE_CURVE('',#6010,(#6015,#6023),.PCURVE_S1.);
#6010 = B_SPLINE_CURVE_WITH_KNOTS('',3,(#6011,#6012,#6013,#6014),
  .UNSPECIFIED.,.F.,.F.,(4,4),(-0.100637436113,0.),
  .PIECEWISE_BEZIER_KNOTS.);
#6011 = CARTESIAN_POINT('',(8.831818730621,-4.917268644327,-1.));
#6012 = CARTESIAN_POINT('',(9.321792094681,-4.813554679496,-1.));
#6013 = CARTESIAN_POINT('',(9.859158706547,-4.969335305922,-1.));
#6014 = CARTESIAN_POINT('',(10.214056395387,-5.324232994761,-1.));
#6015 = PCURVE('',#3473,#6016);
#6016 = DEFINITIONAL_REPRESENTATION('',(#6017),#6022);
#6017 = B_SPLINE_CURVE_WITH_KNOTS('',3,(#6018,#6019,#6020,#6021),
  .UNSPECIFIED.,.F.,.F.,(4,4),(-0.100637436113,0.),
  .PIECEWISE_BEZIER_KNOTS.);
#6018 = CARTESIAN_POINT('',(8.831818730621,4.917268644327));
#6019 = CARTESIAN_POINT('',(9.321792094681,4.813554679496));
#6020 = CARTESIAN_POINT('',(9.859158706547,4.969335305922));
#6021 = CARTESIAN_POINT('',(10.214056395387,5.324232994761));
#6022 = ( GEOMETRIC_REPRESENTATION_CONTEXT(2) 
PARAMETRIC_REPRESENTATION_CONTEXT() REPRESENTATION_CONTEXT('2D SPACE',''
  ) );
#6023 = PCURVE('',#6024,#6041);
#6024 = B_SPLINE_SURFACE_WITH_KNOTS('',3,3,(
    (#6025,#6026,#6027,#6028)
    ,(#6029,#6030,#6031,#6032)
    ,(#6033,#6034,#6035,#6036)
    ,(#6037,#6038,#6039,#6040
    )),.UNSPECIFIED.,.F.,.F.,.F.,(4,4),(4,4),(0.,1.),(-0.108235122917,0.
    ),.PIECEWISE_BEZIER_KNOTS.);
#6025 = CARTESIAN_POINT('',(8.87537164612,-5.461610554822,
    -1.498495886797));
#6026 = CARTESIAN_POINT('',(9.205028428446,-5.356044282902,
    -1.499054703709));
#6027 = CARTESIAN_POINT('',(9.593827406803,-5.434722322028,
    -1.499968894018));
#6028 = CARTESIAN_POINT('',(9.859824823883,-5.678464566265,
    -1.49999908014));
#6029 = CARTESIAN_POINT('',(8.824166250574,-5.289480875519,
    -1.332330591198));
#6030 = CARTESIAN_POINT('',(9.216557096634,-5.167752205808,
    -1.332703135806));
#6031 = CARTESIAN_POINT('',(9.673340098324,-5.270662241599,
    -1.333312596012));
#6032 = CARTESIAN_POINT('',(9.977902014384,-5.560387375764,
    -1.333332720094));
#6033 = CARTESIAN_POINT('',(8.772960855028,-5.117351196216,
    -1.166165295599));
#6034 = CARTESIAN_POINT('',(9.228085764821,-4.979460128713,
    -1.166351567903));
#6035 = CARTESIAN_POINT('',(9.752852789846,-5.106602161171,
    -1.166656298006));
#6036 = CARTESIAN_POINT('',(10.095979204885,-5.442310185262,
    -1.166666360047));
#6037 = CARTESIAN_POINT('',(8.721755459482,-4.945221516913,-1.));
#6038 = CARTESIAN_POINT('',(9.239614433009,-4.791168051619,-1.));
#6039 = CARTESIAN_POINT('',(9.832365481367,-4.942542080742,-1.));
#6040 = CARTESIAN_POINT('',(10.214056395387,-5.324232994761,-1.));
#6041 = DEFINITIONAL_REPRESENTATION('',(#6042),#6046);
#6042 = LINE('',#6043,#6044);
#6043 = CARTESIAN_POINT('',(1.,3.830269434957E-15));
#6044 = VECTOR('',#6045,1.);
#6045 = DIRECTION('',(8.053293479064E-14,1.));
#6046 = ( GEOMETRIC_REPRESENTATION_CONTEXT(2) 
PARAMETRIC_REPRESENTATION_CONTEXT() REPRESENTATION_CONTEXT('2D SPACE',''
  ) );
#6047 = ORIENTED_EDGE('',*,*,#6048,.T.);
#6048 = EDGE_CURVE('',#6007,#6049,#6051,.T.);
#6049 = VERTEX_POINT('',#6050);
#6050 = CARTESIAN_POINT('',(8.831758907247,4.916986021967,-1.));
#6051 = SURFACE_CURVE('',#6052,(#6056,#6063),.PCURVE_S1.);
#6052 = LINE('',#6053,#6054);
#6053 = CARTESIAN_POINT('',(8.831758907211,3.875,-1.));
#6054 = VECTOR('',#6055,1.);
#6055 = DIRECTION('',(0.,1.,0.));
#6056 = PCURVE('',#3473,#6057);
#6057 = DEFINITIONAL_REPRESENTATION('',(#6058),#6062);
#6058 = LINE('',#6059,#6060);
#6059 = CARTESIAN_POINT('',(8.831758907211,-3.875));
#6060 = VECTOR('',#6061,1.);
#6061 = DIRECTION('',(0.,-1.));
#6062 = ( GEOMETRIC_REPRESENTATION_CONTEXT(2) 
PARAMETRIC_REPRESENTATION_CONTEXT() REPRESENTATION_CONTEXT('2D SPACE',''
  ) );
#6063 = PCURVE('',#6064,#6069);
#6064 = PLANE('',#6065);
#6065 = AXIS2_PLACEMENT_3D('',#6066,#6067,#6068);
#6066 = CARTESIAN_POINT('',(8.755707952862,7.75,-0.130733614121));
#6067 = DIRECTION('',(0.996194698092,0.,8.715574274766E-02));
#6068 = DIRECTION('',(-0.,1.,0.));
#6069 = DEFINITIONAL_REPRESENTATION('',(#6070),#6074);
#6070 = LINE('',#6071,#6072);
#6071 = CARTESIAN_POINT('',(-3.875,-0.872586842254));
#6072 = VECTOR('',#6073,1.);
#6073 = DIRECTION('',(1.,0.));
#6074 = ( GEOMETRIC_REPRESENTATION_CONTEXT(2) 
PARAMETRIC_REPRESENTATION_CONTEXT() REPRESENTATION_CONTEXT('2D SPACE',''
  ) );
#6075 = ORIENTED_EDGE('',*,*,#6076,.F.);
#6076 = EDGE_CURVE('',#6077,#6049,#6079,.T.);
#6077 = VERTEX_POINT('',#6078);
#6078 = CARTESIAN_POINT('',(10.214056395386,5.324232994761,-1.));
#6079 = SURFACE_CURVE('',#6080,(#6087,#6097),.PCURVE_S1.);
#6080 = B_SPLINE_CURVE_WITH_KNOTS('',3,(#6081,#6082,#6083,#6084,#6085,
    #6086),.UNSPECIFIED.,.F.,.F.,(4,2,4),(-0.148168924519,
    -7.796500804038E-02,-4.756670483748E-02),.UNSPECIFIED.);
#6081 = CARTESIAN_POINT('',(10.214056395386,5.324232994761,-1.));
#6082 = CARTESIAN_POINT('',(9.966446290257,5.076622889631,-1.));
#6083 = CARTESIAN_POINT('',(9.632665353254,4.919820826276,-1.));
#6084 = CARTESIAN_POINT('',(9.132077636412,4.875508753767,-1.));
#6085 = CARTESIAN_POINT('',(8.979835865376,4.884941426912,-1.));
#6086 = CARTESIAN_POINT('',(8.831761303166,4.916997089428,-1.));
#6087 = PCURVE('',#3473,#6088);
#6088 = DEFINITIONAL_REPRESENTATION('',(#6089),#6096);
#6089 = B_SPLINE_CURVE_WITH_KNOTS('',3,(#6090,#6091,#6092,#6093,#6094,
    #6095),.UNSPECIFIED.,.F.,.F.,(4,2,4),(-0.148168924519,
    -7.796500804038E-02,-4.756670483748E-02),.UNSPECIFIED.);
#6090 = CARTESIAN_POINT('',(10.214056395386,-5.324232994761));
#6091 = CARTESIAN_POINT('',(9.966446290257,-5.076622889631));
#6092 = CARTESIAN_POINT('',(9.632665353254,-4.919820826276));
#6093 = CARTESIAN_POINT('',(9.132077636412,-4.875508753767));
#6094 = CARTESIAN_POINT('',(8.979835865376,-4.884941426912));
#6095 = CARTESIAN_POINT('',(8.831761303166,-4.916997089428));
#6096 = ( GEOMETRIC_REPRESENTATION_CONTEXT(2) 
PARAMETRIC_REPRESENTATION_CONTEXT() REPRESENTATION_CONTEXT('2D SPACE',''
  ) );
#6097 = PCURVE('',#6098,#6123);
#6098 = B_SPLINE_SURFACE_WITH_KNOTS('',3,3,(
    (#6099,#6100,#6101,#6102,#6103,#6104)
    ,(#6105,#6106,#6107,#6108,#6109,#6110)
    ,(#6111,#6112,#6113,#6114,#6115,#6116)
    ,(#6117,#6118,#6119,#6120,#6121,#6122
    )),.UNSPECIFIED.,.F.,.F.,.F.,(4,4),(4,2,4),(0.,1.),(-0.148168924519,
    -7.796500804038E-02,-3.998022435772E-02),.UNSPECIFIED.);
#6099 = CARTESIAN_POINT('',(9.859824823883,5.678464566265,-1.49999908014
    ));
#6100 = CARTESIAN_POINT('',(9.687267275384,5.520344368735,
    -1.499979497833));
#6101 = CARTESIAN_POINT('',(9.463284669298,5.427963318005,
    -1.499615544864));
#6102 = CARTESIAN_POINT('',(9.11340558787,5.408785715836,-1.498937060668
    ));
#6103 = CARTESIAN_POINT('',(8.991247319285,5.424503589402,
    -1.498692313169));
#6104 = CARTESIAN_POINT('',(8.87537164612,5.461610554822,-1.498495886797
    ));
#6105 = CARTESIAN_POINT('',(9.977902014384,5.560387375764,
    -1.333332720094));
#6106 = CARTESIAN_POINT('',(9.780527334778,5.372415293709,
    -1.333316782855));
#6107 = CARTESIAN_POINT('',(9.519736173889,5.258525874221,
    -1.333076504171));
#6108 = CARTESIAN_POINT('',(9.1070571614,5.229935090285,-1.332624832613)
  );
#6109 = CARTESIAN_POINT('',(8.96210420336,5.246662576795,-1.332461261894
    ));
#6110 = CARTESIAN_POINT('',(8.824166250574,5.289480875519,
    -1.332330591198));
#6111 = CARTESIAN_POINT('',(10.095979204885,5.442310185262,
    -1.166666360047));
#6112 = CARTESIAN_POINT('',(9.873186230863,5.224551964657,
    -1.166662714978));
#6113 = CARTESIAN_POINT('',(9.576213848663,5.08925827006,-1.166539040694
    ));
#6114 = CARTESIAN_POINT('',(9.100676409302,5.051017776377,
    -1.166312228055));
#6115 = CARTESIAN_POINT('',(8.932928069048,5.068912122334,
    -1.166231051275));
#6116 = CARTESIAN_POINT('',(8.772960855028,5.117351196216,
    -1.166165295599));
#6117 = CARTESIAN_POINT('',(10.214056395386,5.324232994761,-1.));
#6118 = CARTESIAN_POINT('',(9.966446290257,5.076622889631,-1.));
#6119 = CARTESIAN_POINT('',(9.632665353254,4.919820826276,-1.));
#6120 = CARTESIAN_POINT('',(9.094327982833,4.872167150826,-1.));
#6121 = CARTESIAN_POINT('',(8.903784953123,4.891071109728,-1.));
#6122 = CARTESIAN_POINT('',(8.721755459482,4.945221516913,-1.));
#6123 = DEFINITIONAL_REPRESENTATION('',(#6124),#6128);
#6124 = LINE('',#6125,#6126);
#6125 = CARTESIAN_POINT('',(1.,-2.498001805407E-16));
#6126 = VECTOR('',#6127,1.);
#6127 = DIRECTION('',(-2.427869545925E-14,1.));
#6128 = ( GEOMETRIC_REPRESENTATION_CONTEXT(2) 
PARAMETRIC_REPRESENTATION_CONTEXT() REPRESENTATION_CONTEXT('2D SPACE',''
  ) );
#6129 = ORIENTED_EDGE('',*,*,#6130,.F.);
#6130 = EDGE_CURVE('',#3639,#6077,#6131,.T.);
#6131 = SURFACE_CURVE('',#6132,(#6137,#6145),.PCURVE_S1.);
#6132 = B_SPLINE_CURVE_WITH_KNOTS('',3,(#6133,#6134,#6135,#6136),
  .UNSPECIFIED.,.F.,.F.,(4,4),(-0.582336123675,-0.577940565554),
  .PIECEWISE_BEZIER_KNOTS.);
#6133 = CARTESIAN_POINT('',(10.24513768493,5.355314284304,-1.));
#6134 = CARTESIAN_POINT('',(10.234777255082,5.344953854457,-1.));
#6135 = CARTESIAN_POINT('',(10.224416825234,5.334593424609,-1.));
#6136 = CARTESIAN_POINT('',(10.214056395386,5.324232994761,-1.));
#6137 = PCURVE('',#3473,#6138);
#6138 = DEFINITIONAL_REPRESENTATION('',(#6139),#6144);
#6139 = B_SPLINE_CURVE_WITH_KNOTS('',3,(#6140,#6141,#6142,#6143),
  .UNSPECIFIED.,.F.,.F.,(4,4),(-0.582336123675,-0.577940565554),
  .PIECEWISE_BEZIER_KNOTS.);
#6140 = CARTESIAN_POINT('',(10.24513768493,-5.355314284304));
#6141 = CARTESIAN_POINT('',(10.234777255082,-5.344953854457));
#6142 = CARTESIAN_POINT('',(10.224416825234,-5.334593424609));
#6143 = CARTESIAN_POINT('',(10.214056395386,-5.324232994761));
#6144 = ( GEOMETRIC_REPRESENTATION_CONTEXT(2) 
PARAMETRIC_REPRESENTATION_CONTEXT() REPRESENTATION_CONTEXT('2D SPACE',''
  ) );
#6145 = PCURVE('',#3677,#6146);
#6146 = DEFINITIONAL_REPRESENTATION('',(#6147),#6151);
#6147 = LINE('',#6148,#6149);
#6148 = CARTESIAN_POINT('',(1.,-2.22044604925E-16));
#6149 = VECTOR('',#6150,1.);
#6150 = DIRECTION('',(1.010313588504E-13,1.));
#6151 = ( GEOMETRIC_REPRESENTATION_CONTEXT(2) 
PARAMETRIC_REPRESENTATION_CONTEXT() REPRESENTATION_CONTEXT('2D SPACE',''
  ) );
#6152 = ADVANCED_FACE('',(#6153),#3596,.T.);
#6153 = FACE_BOUND('',#6154,.T.);
#6154 = EDGE_LOOP('',(#6155,#6178,#6206,#6261,#6282,#6283));
#6155 = ORIENTED_EDGE('',*,*,#6156,.F.);
#6156 = EDGE_CURVE('',#6157,#5705,#6159,.T.);
#6157 = VERTEX_POINT('',#6158);
#6158 = CARTESIAN_POINT('',(8.316794900199,-7.858994031287,
    -1.245807478296));
#6159 = SURFACE_CURVE('',#6160,(#6164,#6171),.PCURVE_S1.);
#6160 = LINE('',#6161,#6162);
#6161 = CARTESIAN_POINT('',(8.164770572082,-7.70696970317,0.491838543372
    ));
#6162 = VECTOR('',#6163,1.);
#6163 = DIRECTION('',(-8.682659386425E-02,8.682659386425E-02,
    0.992432509139));
#6164 = PCURVE('',#3596,#6165);
#6165 = DEFINITIONAL_REPRESENTATION('',(#6166),#6170);
#6166 = LINE('',#6167,#6168);
#6167 = CARTESIAN_POINT('',(-0.781600065124,-1.998401444325E-15));
#6168 = VECTOR('',#6169,1.);
#6169 = DIRECTION('',(-1.007513147986E-15,1.));
#6170 = ( GEOMETRIC_REPRESENTATION_CONTEXT(2) 
PARAMETRIC_REPRESENTATION_CONTEXT() REPRESENTATION_CONTEXT('2D SPACE',''
  ) );
#6171 = PCURVE('',#5360,#6172);
#6172 = DEFINITIONAL_REPRESENTATION('',(#6173),#6177);
#6173 = LINE('',#6174,#6175);
#6174 = CARTESIAN_POINT('',(-2.085229427918,0.493717286705));
#6175 = VECTOR('',#6176,1.);
#6176 = DIRECTION('',(-8.682659386425E-02,0.996223440097));
#6177 = ( GEOMETRIC_REPRESENTATION_CONTEXT(2) 
PARAMETRIC_REPRESENTATION_CONTEXT() REPRESENTATION_CONTEXT('2D SPACE',''
  ) );
#6178 = ORIENTED_EDGE('',*,*,#6179,.F.);
#6179 = EDGE_CURVE('',#6180,#6157,#6182,.T.);
#6180 = VERTEX_POINT('',#6181);
#6181 = CARTESIAN_POINT('',(8.671454202826,-7.854170822266,-1.5));
#6182 = SURFACE_CURVE('',#6183,(#6188,#6194),.PCURVE_S1.);
#6183 = ELLIPSE('',#6184,2.92124429235,2.05);
#6184 = AXIS2_PLACEMENT_3D('',#6185,#6186,#6187);
#6185 = CARTESIAN_POINT('',(8.427501618591,-5.927501618591,
    -2.689860332421));
#6186 = DIRECTION('',(-0.5,-0.5,-0.707106781187));
#6187 = DIRECTION('',(0.614393108083,0.370641151082,-0.696524404357));
#6188 = PCURVE('',#3596,#6189);
#6189 = DEFINITIONAL_REPRESENTATION('',(#6190),#6193);
#6190 = B_SPLINE_CURVE_WITH_KNOTS('',1,(#6191,#6192),.UNSPECIFIED.,.F.,
  .F.,(2,2),(2.067860559734,2.230216659353),.PIECEWISE_BEZIER_KNOTS.);
#6191 = CARTESIAN_POINT('',(-0.619243965505,-2.033539909006));
#6192 = CARTESIAN_POINT('',(-0.781600065124,-1.750895910468));
#6193 = ( GEOMETRIC_REPRESENTATION_CONTEXT(2) 
PARAMETRIC_REPRESENTATION_CONTEXT() REPRESENTATION_CONTEXT('2D SPACE',''
  ) );
#6194 = PCURVE('',#6195,#6200);
#6195 = PLANE('',#6196);
#6196 = AXIS2_PLACEMENT_3D('',#6197,#6198,#6199);
#6197 = CARTESIAN_POINT('',(3.914352759796,-3.450622769829,-1.25));
#6198 = DIRECTION('',(-0.5,-0.5,-0.707106781187));
#6199 = DIRECTION('',(-0.816496580928,8.326672684689E-17,0.57735026919)
  );
#6200 = DEFINITIONAL_REPRESENTATION('',(#6201),#6205);
#6201 = ELLIPSE('',#6202,2.92124429235,2.05);
#6202 = AXIS2_PLACEMENT_2D('',#6203,#6204);
#6203 = CARTESIAN_POINT('',(-4.516274362943,-2.860053340166));
#6204 = DIRECTION('',(-0.903788424448,0.4279795367));
#6205 = ( GEOMETRIC_REPRESENTATION_CONTEXT(2) 
PARAMETRIC_REPRESENTATION_CONTEXT() REPRESENTATION_CONTEXT('2D SPACE',''
  ) );
#6206 = ORIENTED_EDGE('',*,*,#6207,.T.);
#6207 = EDGE_CURVE('',#6180,#6208,#6210,.T.);
#6208 = VERTEX_POINT('',#6209);
#6209 = CARTESIAN_POINT('',(10.354170822266,-6.171454202827,-1.5));
#6210 = SURFACE_CURVE('',#6211,(#6216,#6245),.PCURVE_S1.);
#6211 = ELLIPSE('',#6212,2.065631648623,2.05);
#6212 = AXIS2_PLACEMENT_3D('',#6213,#6214,#6215);
#6213 = CARTESIAN_POINT('',(8.323402328325,-5.823402328325,-1.5));
#6214 = DIRECTION('',(0.,0.,1.));
#6215 = DIRECTION('',(0.707106781187,-0.707106781187,0.));
#6216 = PCURVE('',#3596,#6217);
#6217 = DEFINITIONAL_REPRESENTATION('',(#6218),#6244);
#6218 = B_SPLINE_CURVE_WITH_KNOTS('',3,(#6219,#6220,#6221,#6222,#6223,
    #6224,#6225,#6226,#6227,#6228,#6229,#6230,#6231,#6232,#6233,#6234,
    #6235,#6236,#6237,#6238,#6239,#6240,#6241,#6242,#6243),
  .UNSPECIFIED.,.F.,.F.,(4,1,1,1,1,1,1,1,1,1,1,1,1,1,1,1,1,1,1,1,1,1,4),
  (5.663941341674,5.720236247629,5.776531153584,5.832826059539,
    5.889120965494,5.945415871449,6.001710777404,6.058005683359,
    6.114300589314,6.170595495269,6.226890401224,6.283185307179,
    6.339480213134,6.395775119089,6.452070025044,6.508364930999,
    6.564659836954,6.620954742909,6.677249648864,6.733544554819,
    6.789839460774,6.846134366729,6.902429272684),
  .QUASI_UNIFORM_KNOTS.);
#6219 = CARTESIAN_POINT('',(-0.619243965505,-2.033539909006));
#6220 = CARTESIAN_POINT('',(-0.600478996854,-2.036302642672));
#6221 = CARTESIAN_POINT('',(-0.56294905955,-2.041609237548));
#6222 = CARTESIAN_POINT('',(-0.506654153595,-2.048889675487));
#6223 = CARTESIAN_POINT('',(-0.45035924764,-2.055466954291));
#6224 = CARTESIAN_POINT('',(-0.394064341685,-2.061320406334));
#6225 = CARTESIAN_POINT('',(-0.33776943573,-2.066431440415));
#6226 = CARTESIAN_POINT('',(-0.281474529775,-2.070783875629));
#6227 = CARTESIAN_POINT('',(-0.22517962382,-2.074363918954));
#6228 = CARTESIAN_POINT('',(-0.168884717865,-2.077160228694));
#6229 = CARTESIAN_POINT('',(-0.11258981191,-2.079163945121));
#6230 = CARTESIAN_POINT('',(-5.629490595529E-02,-2.080368719964));
#6231 = CARTESIAN_POINT('',(-2.682298827494E-13,-2.080770736143));
#6232 = CARTESIAN_POINT('',(5.629490595475E-02,-2.080368719964));
#6233 = CARTESIAN_POINT('',(0.11258981191,-2.079163945121));
#6234 = CARTESIAN_POINT('',(0.168884717865,-2.077160228694));
#6235 = CARTESIAN_POINT('',(0.22517962382,-2.074363918955));
#6236 = CARTESIAN_POINT('',(0.281474529775,-2.070783875629));
#6237 = CARTESIAN_POINT('',(0.33776943573,-2.066431440415));
#6238 = CARTESIAN_POINT('',(0.394064341685,-2.061320406334));
#6239 = CARTESIAN_POINT('',(0.45035924764,-2.055466954291));
#6240 = CARTESIAN_POINT('',(0.506654153595,-2.048889675487));
#6241 = CARTESIAN_POINT('',(0.56294905955,-2.041609237548));
#6242 = CARTESIAN_POINT('',(0.600478996853,-2.036302642672));
#6243 = CARTESIAN_POINT('',(0.619243965505,-2.033539909006));
#6244 = ( GEOMETRIC_REPRESENTATION_CONTEXT(2) 
PARAMETRIC_REPRESENTATION_CONTEXT() REPRESENTATION_CONTEXT('2D SPACE',''
  ) );
#6245 = PCURVE('',#6246,#6251);
#6246 = PLANE('',#6247);
#6247 = AXIS2_PLACEMENT_3D('',#6248,#6249,#6250);
#6248 = CARTESIAN_POINT('',(9.80760255977,-7.30760255977,-1.5));
#6249 = DIRECTION('',(0.,0.,-1.));
#6250 = DIRECTION('',(1.,0.,0.));
#6251 = DEFINITIONAL_REPRESENTATION('',(#6252),#6260);
#6252 = ( BOUNDED_CURVE() B_SPLINE_CURVE(2,(#6253,#6254,#6255,#6256,
#6257,#6258,#6259),.UNSPECIFIED.,.T.,.F.) B_SPLINE_CURVE_WITH_KNOTS((1,2
    ,2,2,2,1),(-2.094395102393,0.,2.094395102393,4.188790204786,
6.28318530718,8.377580409573),.UNSPECIFIED.) CURVE() 
GEOMETRIC_REPRESENTATION_ITEM() RATIONAL_B_SPLINE_CURVE((1.,0.5,1.,0.5,
1.,0.5,1.)) REPRESENTATION_ITEM('') );
#6253 = CARTESIAN_POINT('',(-2.357808527017E-02,-2.357808527027E-02));
#6254 = CARTESIAN_POINT('',(2.487148901083,-2.534305071623));
#6255 = CARTESIAN_POINT('',(-0.959147811356,-3.469874797709));
#6256 = CARTESIAN_POINT('',(-4.405444523795,-4.405444523795));
#6257 = CARTESIAN_POINT('',(-3.469874797709,-0.959147811356));
#6258 = CARTESIAN_POINT('',(-2.534305071623,2.487148901082));
#6259 = CARTESIAN_POINT('',(-2.357808527017E-02,-2.357808527027E-02));
#6260 = ( GEOMETRIC_REPRESENTATION_CONTEXT(2) 
PARAMETRIC_REPRESENTATION_CONTEXT() REPRESENTATION_CONTEXT('2D SPACE',''
  ) );
#6261 = ORIENTED_EDGE('',*,*,#6262,.F.);
#6262 = EDGE_CURVE('',#3581,#6208,#6263,.T.);
#6263 = SURFACE_CURVE('',#6264,(#6269,#6275),.PCURVE_S1.);
#6264 = ELLIPSE('',#6265,2.92124429235,2.05);
#6265 = AXIS2_PLACEMENT_3D('',#6266,#6267,#6268);
#6266 = CARTESIAN_POINT('',(8.427501618591,-5.927501618591,
    -2.689860332421));
#6267 = DIRECTION('',(0.5,0.5,-0.707106781187));
#6268 = DIRECTION('',(-0.370641151082,-0.614393108083,-0.696524404357));
#6269 = PCURVE('',#3596,#6270);
#6270 = DEFINITIONAL_REPRESENTATION('',(#6271),#6274);
#6271 = B_SPLINE_CURVE_WITH_KNOTS('',1,(#6272,#6273),.UNSPECIFIED.,.F.,
  .F.,(2,2),(4.052968647827,4.215324747446),.PIECEWISE_BEZIER_KNOTS.);
#6272 = CARTESIAN_POINT('',(0.781600065124,-1.750895910468));
#6273 = CARTESIAN_POINT('',(0.619243965505,-2.033539909006));
#6274 = ( GEOMETRIC_REPRESENTATION_CONTEXT(2) 
PARAMETRIC_REPRESENTATION_CONTEXT() REPRESENTATION_CONTEXT('2D SPACE',''
  ) );
#6275 = PCURVE('',#3622,#6276);
#6276 = DEFINITIONAL_REPRESENTATION('',(#6277),#6281);
#6277 = ELLIPSE('',#6278,2.92124429235,2.05);
#6278 = AXIS2_PLACEMENT_2D('',#6279,#6280);
#6279 = CARTESIAN_POINT('',(-0.693303770909,-4.507402710969));
#6280 = DIRECTION('',(0.704765784962,-0.70944005268));
#6281 = ( GEOMETRIC_REPRESENTATION_CONTEXT(2) 
PARAMETRIC_REPRESENTATION_CONTEXT() REPRESENTATION_CONTEXT('2D SPACE',''
  ) );
#6282 = ORIENTED_EDGE('',*,*,#3580,.T.);
#6283 = ORIENTED_EDGE('',*,*,#5773,.F.);
#6284 = ADVANCED_FACE('',(#6285),#3622,.T.);
#6285 = FACE_BOUND('',#6286,.T.);
#6286 = EDGE_LOOP('',(#6287,#6288,#6316,#6336,#6337));
#6287 = ORIENTED_EDGE('',*,*,#6262,.T.);
#6288 = ORIENTED_EDGE('',*,*,#6289,.T.);
#6289 = EDGE_CURVE('',#6208,#6290,#6292,.T.);
#6290 = VERTEX_POINT('',#6291);
#6291 = CARTESIAN_POINT('',(9.891584294336,-5.708867674897,
    -1.49999999976));
#6292 = SURFACE_CURVE('',#6293,(#6297,#6304),.PCURVE_S1.);
#6293 = LINE('',#6294,#6295);
#6294 = CARTESIAN_POINT('',(6.38346968054,-2.200753061102,-1.5));
#6295 = VECTOR('',#6296,1.);
#6296 = DIRECTION('',(-0.707106781187,0.707106781187,0.));
#6297 = PCURVE('',#3622,#6298);
#6298 = DEFINITIONAL_REPRESENTATION('',(#6299),#6303);
#6299 = LINE('',#6300,#6301);
#6300 = CARTESIAN_POINT('',(0.288675134595,-0.204124145232));
#6301 = VECTOR('',#6302,1.);
#6302 = DIRECTION('',(0.57735026919,0.816496580928));
#6303 = ( GEOMETRIC_REPRESENTATION_CONTEXT(2) 
PARAMETRIC_REPRESENTATION_CONTEXT() REPRESENTATION_CONTEXT('2D SPACE',''
  ) );
#6304 = PCURVE('',#6305,#6310);
#6305 = PLANE('',#6306);
#6306 = AXIS2_PLACEMENT_3D('',#6307,#6308,#6309);
#6307 = CARTESIAN_POINT('',(10.675581051362,-6.492864431923,-3.));
#6308 = DIRECTION('',(0.707106781187,0.707106781187,0.));
#6309 = DIRECTION('',(-0.707106781187,0.707106781187,0.));
#6310 = DEFINITIONAL_REPRESENTATION('',(#6311),#6315);
#6311 = LINE('',#6312,#6313);
#6312 = CARTESIAN_POINT('',(6.069962111831,1.5));
#6313 = VECTOR('',#6314,1.);
#6314 = DIRECTION('',(1.,0.));
#6315 = ( GEOMETRIC_REPRESENTATION_CONTEXT(2) 
PARAMETRIC_REPRESENTATION_CONTEXT() REPRESENTATION_CONTEXT('2D SPACE',''
  ) );
#6316 = ORIENTED_EDGE('',*,*,#6317,.T.);
#6317 = EDGE_CURVE('',#6290,#5942,#6318,.T.);
#6318 = SURFACE_CURVE('',#6319,(#6323,#6330),.PCURVE_S1.);
#6319 = LINE('',#6320,#6321);
#6320 = CARTESIAN_POINT('',(9.891584294336,-5.708867674897,
    -1.49999999976));
#6321 = VECTOR('',#6322,1.);
#6322 = DIRECTION('',(0.50000000012,0.50000000012,0.707106781017));
#6323 = PCURVE('',#3622,#6324);
#6324 = DEFINITIONAL_REPRESENTATION('',(#6325),#6329);
#6325 = LINE('',#6326,#6327);
#6326 = CARTESIAN_POINT('',(-2.57568845321,-4.254945978379));
#6327 = VECTOR('',#6328,1.);
#6328 = DIRECTION('',(-0.816496580928,0.57735026919));
#6329 = ( GEOMETRIC_REPRESENTATION_CONTEXT(2) 
PARAMETRIC_REPRESENTATION_CONTEXT() REPRESENTATION_CONTEXT('2D SPACE',''
  ) );
#6330 = PCURVE('',#5982,#6331);
#6331 = DEFINITIONAL_REPRESENTATION('',(#6332),#6335);
#6332 = B_SPLINE_CURVE_WITH_KNOTS('',1,(#6333,#6334),.UNSPECIFIED.,.F.,
  .F.,(2,2),(0.,0.707106781017),.PIECEWISE_BEZIER_KNOTS.);
#6333 = CARTESIAN_POINT('',(2.404421100284E-10,0.496122326519));
#6334 = CARTESIAN_POINT('',(1.,0.496122326519));
#6335 = ( GEOMETRIC_REPRESENTATION_CONTEXT(2) 
PARAMETRIC_REPRESENTATION_CONTEXT() REPRESENTATION_CONTEXT('2D SPACE',''
  ) );
#6336 = ORIENTED_EDGE('',*,*,#5941,.T.);
#6337 = ORIENTED_EDGE('',*,*,#3608,.T.);
#6338 = ADVANCED_FACE('',(#6339),#3677,.T.);
#6339 = FACE_BOUND('',#6340,.T.);
#6340 = EDGE_LOOP('',(#6341,#6362,#6404,#6405));
#6341 = ORIENTED_EDGE('',*,*,#6342,.F.);
#6342 = EDGE_CURVE('',#6343,#6077,#6345,.T.);
#6343 = VERTEX_POINT('',#6344);
#6344 = CARTESIAN_POINT('',(9.859824823883,5.678464566265,-1.49999908014
    ));
#6345 = SURFACE_CURVE('',#6346,(#6350,#6356),.PCURVE_S1.);
#6346 = LINE('',#6347,#6348);
#6347 = CARTESIAN_POINT('',(9.859824823883,5.678464566265,-1.49999908014
    ));
#6348 = VECTOR('',#6349,1.);
#6349 = DIRECTION('',(0.500479316576,-0.500479316576,0.706428274745));
#6350 = PCURVE('',#3677,#6351);
#6351 = DEFINITIONAL_REPRESENTATION('',(#6352),#6355);
#6352 = B_SPLINE_CURVE_WITH_KNOTS('',1,(#6353,#6354),.UNSPECIFIED.,.F.,
  .F.,(2,2),(0.,0.707784637189),.PIECEWISE_BEZIER_KNOTS.);
#6353 = CARTESIAN_POINT('',(2.106449689018E-15,-0.577940565554));
#6354 = CARTESIAN_POINT('',(1.,-0.577940565554));
#6355 = ( GEOMETRIC_REPRESENTATION_CONTEXT(2) 
PARAMETRIC_REPRESENTATION_CONTEXT() REPRESENTATION_CONTEXT('2D SPACE',''
  ) );
#6356 = PCURVE('',#6098,#6357);
#6357 = DEFINITIONAL_REPRESENTATION('',(#6358),#6361);
#6358 = B_SPLINE_CURVE_WITH_KNOTS('',1,(#6359,#6360),.UNSPECIFIED.,.F.,
  .F.,(2,2),(0.,0.707784637189),.PIECEWISE_BEZIER_KNOTS.);
#6359 = CARTESIAN_POINT('',(5.78273406723E-16,-0.148168924519));
#6360 = CARTESIAN_POINT('',(1.,-0.148168924519));
#6361 = ( GEOMETRIC_REPRESENTATION_CONTEXT(2) 
PARAMETRIC_REPRESENTATION_CONTEXT() REPRESENTATION_CONTEXT('2D SPACE',''
  ) );
#6362 = ORIENTED_EDGE('',*,*,#6363,.T.);
#6363 = EDGE_CURVE('',#6343,#3662,#6364,.T.);
#6364 = SURFACE_CURVE('',#6365,(#6370,#6377),.PCURVE_S1.);
#6365 = B_SPLINE_CURVE_WITH_KNOTS('',3,(#6366,#6367,#6368,#6369),
  .UNSPECIFIED.,.F.,.F.,(4,4),(0.577940565554,0.582336123675),
  .PIECEWISE_BEZIER_KNOTS.);
#6366 = CARTESIAN_POINT('',(9.859824823883,5.678464566265,-1.49999908014
    ));
#6367 = CARTESIAN_POINT('',(9.870637588863,5.68837266098,-1.500000307203
    ));
#6368 = CARTESIAN_POINT('',(9.881223864488,5.69850724505,-1.5));
#6369 = CARTESIAN_POINT('',(9.891584294336,5.708867674898,-1.5));
#6370 = PCURVE('',#3677,#6371);
#6371 = DEFINITIONAL_REPRESENTATION('',(#6372),#6376);
#6372 = LINE('',#6373,#6374);
#6373 = CARTESIAN_POINT('',(-3.873753160911E-13,-2.22044604925E-16));
#6374 = VECTOR('',#6375,1.);
#6375 = DIRECTION('',(6.725605142256E-13,-1.));
#6376 = ( GEOMETRIC_REPRESENTATION_CONTEXT(2) 
PARAMETRIC_REPRESENTATION_CONTEXT() REPRESENTATION_CONTEXT('2D SPACE',''
  ) );
#6377 = PCURVE('',#6378,#6399);
#6378 = B_SPLINE_SURFACE_WITH_KNOTS('',3,3,(
    (#6379,#6380,#6381,#6382)
    ,(#6383,#6384,#6385,#6386)
    ,(#6387,#6388,#6389,#6390)
    ,(#6391,#6392,#6393,#6394)
    ,(#6395,#6396,#6397,#6398
  )),.UNSPECIFIED.,.F.,.F.,.F.,(4,1,4),(4,4),(0.,0.571428571429,1.),(
    0.114662354519,0.401612594679),.UNSPECIFIED.);
#6379 = CARTESIAN_POINT('',(8.464388273488,5.564508234283,
    -0.228681376144));
#6380 = CARTESIAN_POINT('',(8.526533390062,5.621274221614,
    -1.181510656759));
#6381 = CARTESIAN_POINT('',(8.589078328255,5.677792273249,
    -2.134336083574));
#6382 = CARTESIAN_POINT('',(8.652228600099,5.733951499393,
    -3.087155742748));
#6383 = CARTESIAN_POINT('',(8.68098222774,5.384752191805,-0.226392468017
    ));
#6384 = CARTESIAN_POINT('',(8.743267210236,5.442831532282,
    -1.179130707572));
#6385 = CARTESIAN_POINT('',(8.805904625666,5.500738132127,
    -2.131862875717));
#6386 = CARTESIAN_POINT('',(8.869206241774,5.558598322904,
    -3.084566017925));
#6387 = CARTESIAN_POINT('',(9.197149960887,5.24203031087,-0.203188567335
    ));
#6388 = CARTESIAN_POINT('',(9.258247831038,5.301903027981,
    -1.155880702867));
#6389 = CARTESIAN_POINT('',(9.31961595712,5.361919708539,-2.108550996971
    ));
#6390 = CARTESIAN_POINT('',(9.381354242118,5.422079931303,
    -3.061195691906));
#6391 = CARTESIAN_POINT('',(9.65844932446,5.475732705021,-0.160004925946
    ));
#6392 = CARTESIAN_POINT('',(9.718029566726,5.535323807287,
    -1.112793358657));
#6393 = CARTESIAN_POINT('',(9.777714178534,5.594983928002,
    -2.065572199809));
#6394 = CARTESIAN_POINT('',(9.837485697683,5.654769078244,
    -3.018339746382));
#6395 = CARTESIAN_POINT('',(9.807153097349,5.62443647791,-0.141525633397
    ));
#6396 = CARTESIAN_POINT('',(9.866356743242,5.683640123803,
    -1.094354914012));
#6397 = CARTESIAN_POINT('',(9.925591406188,5.74287478675,-2.047180340826
    ));
#6398 = CARTESIAN_POINT('',(9.984872425454,5.802155806015,-3.));
#6399 = DEFINITIONAL_REPRESENTATION('',(#6400),#6403);
#6400 = B_SPLINE_CURVE_WITH_KNOTS('',1,(#6401,#6402),.UNSPECIFIED.,.F.,
  .F.,(2,2),(0.577940565554,0.582336123675),.PIECEWISE_BEZIER_KNOTS.);
#6401 = CARTESIAN_POINT('',(0.97024811669,0.250648466927));
#6402 = CARTESIAN_POINT('',(1.000000121482,0.251033533984));
#6403 = ( GEOMETRIC_REPRESENTATION_CONTEXT(2) 
PARAMETRIC_REPRESENTATION_CONTEXT() REPRESENTATION_CONTEXT('2D SPACE',''
  ) );
#6404 = ORIENTED_EDGE('',*,*,#3661,.F.);
#6405 = ORIENTED_EDGE('',*,*,#6130,.T.);
#6406 = ADVANCED_FACE('',(#6407),#3714,.T.);
#6407 = FACE_BOUND('',#6408,.T.);
#6408 = EDGE_LOOP('',(#6409,#6410,#6435,#6458,#6479));
#6409 = ORIENTED_EDGE('',*,*,#3700,.F.);
#6410 = ORIENTED_EDGE('',*,*,#6411,.F.);
#6411 = EDGE_CURVE('',#6412,#3662,#6414,.T.);
#6412 = VERTEX_POINT('',#6413);
#6413 = CARTESIAN_POINT('',(9.984872425453,5.802155806015,
    -2.999999999995));
#6414 = SURFACE_CURVE('',#6415,(#6420,#6428),.PCURVE_S1.);
#6415 = B_SPLINE_CURVE_WITH_KNOTS('',3,(#6416,#6417,#6418,#6419),
  .UNSPECIFIED.,.F.,.F.,(4,4),(-0.401612594679,-0.251033533972),
  .PIECEWISE_BEZIER_KNOTS.);
#6416 = CARTESIAN_POINT('',(9.984872425454,5.802155806015,-3.));
#6417 = CARTESIAN_POINT('',(9.953764313491,5.771047694052,-2.50000150123
    ));
#6418 = CARTESIAN_POINT('',(9.922668966648,5.739952347209,
    -2.000001414226));
#6419 = CARTESIAN_POINT('',(9.891584168371,5.708867548932,
    -1.500000015544));
#6420 = PCURVE('',#3714,#6421);
#6421 = DEFINITIONAL_REPRESENTATION('',(#6422),#6427);
#6422 = B_SPLINE_CURVE_WITH_KNOTS('',3,(#6423,#6424,#6425,#6426),
  .UNSPECIFIED.,.F.,.F.,(4,4),(-0.401612594679,-0.251033533972),
  .PIECEWISE_BEZIER_KNOTS.);
#6423 = CARTESIAN_POINT('',(0.747466436715,0.));
#6424 = CARTESIAN_POINT('',(0.703472922876,0.49999849877));
#6425 = CARTESIAN_POINT('',(0.659497461645,0.999998585774));
#6426 = CARTESIAN_POINT('',(0.615536918338,1.499999984456));
#6427 = ( GEOMETRIC_REPRESENTATION_CONTEXT(2) 
PARAMETRIC_REPRESENTATION_CONTEXT() REPRESENTATION_CONTEXT('2D SPACE',''
  ) );
#6428 = PCURVE('',#6378,#6429);
#6429 = DEFINITIONAL_REPRESENTATION('',(#6430),#6434);
#6430 = LINE('',#6431,#6432);
#6431 = CARTESIAN_POINT('',(1.,0.));
#6432 = VECTOR('',#6433,1.);
#6433 = DIRECTION('',(1.54833503461E-13,-1.));
#6434 = ( GEOMETRIC_REPRESENTATION_CONTEXT(2) 
PARAMETRIC_REPRESENTATION_CONTEXT() REPRESENTATION_CONTEXT('2D SPACE',''
  ) );
#6435 = ORIENTED_EDGE('',*,*,#6436,.F.);
#6436 = EDGE_CURVE('',#6437,#6412,#6439,.T.);
#6437 = VERTEX_POINT('',#6438);
#6438 = CARTESIAN_POINT('',(10.675580665994,6.492864046556,-3.));
#6439 = SURFACE_CURVE('',#6440,(#6444,#6451),.PCURVE_S1.);
#6440 = LINE('',#6441,#6442);
#6441 = CARTESIAN_POINT('',(10.675580665994,6.492864046555,-3.));
#6442 = VECTOR('',#6443,1.);
#6443 = DIRECTION('',(-0.707106781187,-0.707106781187,0.));
#6444 = PCURVE('',#3714,#6445);
#6445 = DEFINITIONAL_REPRESENTATION('',(#6446),#6450);
#6446 = LINE('',#6447,#6448);
#6447 = CARTESIAN_POINT('',(1.72427539813,0.));
#6448 = VECTOR('',#6449,1.);
#6449 = DIRECTION('',(-1.,0.));
#6450 = ( GEOMETRIC_REPRESENTATION_CONTEXT(2) 
PARAMETRIC_REPRESENTATION_CONTEXT() REPRESENTATION_CONTEXT('2D SPACE',''
  ) );
#6451 = PCURVE('',#3910,#6452);
#6452 = DEFINITIONAL_REPRESENTATION('',(#6453),#6457);
#6453 = LINE('',#6454,#6455);
#6454 = CARTESIAN_POINT('',(0.867978106224,0.814738513215));
#6455 = VECTOR('',#6456,1.);
#6456 = DIRECTION('',(-0.707106781187,0.707106781187));
#6457 = ( GEOMETRIC_REPRESENTATION_CONTEXT(2) 
PARAMETRIC_REPRESENTATION_CONTEXT() REPRESENTATION_CONTEXT('2D SPACE',''
  ) );
#6458 = ORIENTED_EDGE('',*,*,#6459,.T.);
#6459 = EDGE_CURVE('',#6437,#3732,#6460,.T.);
#6460 = SURFACE_CURVE('',#6461,(#6465,#6472),.PCURVE_S1.);
#6461 = LINE('',#6462,#6463);
#6462 = CARTESIAN_POINT('',(10.675581051361,6.492864431923,-3.));
#6463 = VECTOR('',#6464,1.);
#6464 = DIRECTION('',(0.,0.,1.));
#6465 = PCURVE('',#3714,#6466);
#6466 = DEFINITIONAL_REPRESENTATION('',(#6467),#6471);
#6467 = LINE('',#6468,#6469);
#6468 = CARTESIAN_POINT('',(1.724275943121,0.));
#6469 = VECTOR('',#6470,1.);
#6470 = DIRECTION('',(0.,1.));
#6471 = ( GEOMETRIC_REPRESENTATION_CONTEXT(2) 
PARAMETRIC_REPRESENTATION_CONTEXT() REPRESENTATION_CONTEXT('2D SPACE',''
  ) );
#6472 = PCURVE('',#3771,#6473);
#6473 = DEFINITIONAL_REPRESENTATION('',(#6474),#6478);
#6474 = LINE('',#6475,#6476);
#6475 = CARTESIAN_POINT('',(-0.371456892773,0.));
#6476 = VECTOR('',#6477,1.);
#6477 = DIRECTION('',(0.,1.));
#6478 = ( GEOMETRIC_REPRESENTATION_CONTEXT(2) 
PARAMETRIC_REPRESENTATION_CONTEXT() REPRESENTATION_CONTEXT('2D SPACE',''
  ) );
#6479 = ORIENTED_EDGE('',*,*,#3731,.F.);
#6480 = ADVANCED_FACE('',(#6481),#3771,.T.);
#6481 = FACE_BOUND('',#6482,.T.);
#6482 = EDGE_LOOP('',(#6483,#6484,#6512,#6533));
#6483 = ORIENTED_EDGE('',*,*,#6459,.F.);
#6484 = ORIENTED_EDGE('',*,*,#6485,.T.);
#6485 = EDGE_CURVE('',#6437,#6486,#6488,.T.);
#6486 = VERTEX_POINT('',#6487);
#6487 = CARTESIAN_POINT('',(10.779231831168,7.423904215637,-3.));
#6488 = SURFACE_CURVE('',#6489,(#6494,#6501),.PCURVE_S1.);
#6489 = CIRCLE('',#6490,0.75);
#6490 = AXIS2_PLACEMENT_3D('',#6491,#6492,#6493);
#6491 = CARTESIAN_POINT('',(10.145250965472,7.023194517812,-3.));
#6492 = DIRECTION('',(0.,0.,1.));
#6493 = DIRECTION('',(0.915542676557,-0.402220844067,0.));
#6494 = PCURVE('',#3771,#6495);
#6495 = DEFINITIONAL_REPRESENTATION('',(#6496),#6500);
#6496 = LINE('',#6497,#6498);
#6497 = CARTESIAN_POINT('',(-6.28318530718,0.));
#6498 = VECTOR('',#6499,1.);
#6499 = DIRECTION('',(1.,0.));
#6500 = ( GEOMETRIC_REPRESENTATION_CONTEXT(2) 
PARAMETRIC_REPRESENTATION_CONTEXT() REPRESENTATION_CONTEXT('2D SPACE',''
  ) );
#6501 = PCURVE('',#3910,#6502);
#6502 = DEFINITIONAL_REPRESENTATION('',(#6503),#6511);
#6503 = ( BOUNDED_CURVE() B_SPLINE_CURVE(2,(#6504,#6505,#6506,#6507,
#6508,#6509,#6510),.UNSPECIFIED.,.T.,.F.) B_SPLINE_CURVE_WITH_KNOTS((1,2
    ,2,2,2,1),(-2.094395102393,0.,2.094395102393,4.188790204786,
6.28318530718,8.377580409573),.UNSPECIFIED.) CURVE() 
GEOMETRIC_REPRESENTATION_ITEM() RATIONAL_B_SPLINE_CURVE((1.,0.5,1.,0.5,
1.,0.5,1.)) REPRESENTATION_ITEM('') );
#6504 = CARTESIAN_POINT('',(1.024305413119,0.586073675008));
#6505 = CARTESIAN_POINT('',(1.54680561646,-0.603251149213));
#6506 = CARTESIAN_POINT('',(0.255570003663,-0.461087186678));
#6507 = CARTESIAN_POINT('',(-1.035665609135,-0.318923224143));
#6508 = CARTESIAN_POINT('',(-0.266930199678,0.728237637543));
#6509 = CARTESIAN_POINT('',(0.501805209779,1.775398499229));
#6510 = CARTESIAN_POINT('',(1.024305413119,0.586073675008));
#6511 = ( GEOMETRIC_REPRESENTATION_CONTEXT(2) 
PARAMETRIC_REPRESENTATION_CONTEXT() REPRESENTATION_CONTEXT('2D SPACE',''
  ) );
#6512 = ORIENTED_EDGE('',*,*,#6513,.T.);
#6513 = EDGE_CURVE('',#6486,#3755,#6514,.T.);
#6514 = SURFACE_CURVE('',#6515,(#6519,#6526),.PCURVE_S1.);
#6515 = LINE('',#6516,#6517);
#6516 = CARTESIAN_POINT('',(10.779231831168,7.423904215637,-3.));
#6517 = VECTOR('',#6518,1.);
#6518 = DIRECTION('',(0.,0.,1.));
#6519 = PCURVE('',#3771,#6520);
#6520 = DEFINITIONAL_REPRESENTATION('',(#6521),#6525);
#6521 = LINE('',#6522,#6523);
#6522 = CARTESIAN_POINT('',(0.977596550645,0.));
#6523 = VECTOR('',#6524,1.);
#6524 = DIRECTION('',(0.,1.));
#6525 = ( GEOMETRIC_REPRESENTATION_CONTEXT(2) 
PARAMETRIC_REPRESENTATION_CONTEXT() REPRESENTATION_CONTEXT('2D SPACE',''
  ) );
#6526 = PCURVE('',#3804,#6527);
#6527 = DEFINITIONAL_REPRESENTATION('',(#6528),#6532);
#6528 = LINE('',#6529,#6530);
#6529 = CARTESIAN_POINT('',(0.56365528002,0.));
#6530 = VECTOR('',#6531,1.);
#6531 = DIRECTION('',(0.,1.));
#6532 = ( GEOMETRIC_REPRESENTATION_CONTEXT(2) 
PARAMETRIC_REPRESENTATION_CONTEXT() REPRESENTATION_CONTEXT('2D SPACE',''
  ) );
#6533 = ORIENTED_EDGE('',*,*,#3754,.T.);
#6534 = ADVANCED_FACE('',(#6535),#3804,.T.);
#6535 = FACE_BOUND('',#6536,.T.);
#6536 = EDGE_LOOP('',(#6537,#6560,#6561,#6562));
#6537 = ORIENTED_EDGE('',*,*,#6538,.F.);
#6538 = EDGE_CURVE('',#3784,#6539,#6541,.T.);
#6539 = VERTEX_POINT('',#6540);
#6540 = CARTESIAN_POINT('',(9.923904215637,8.279231831168,-3.));
#6541 = SURFACE_CURVE('',#6542,(#6546,#6553),.PCURVE_S1.);
#6542 = LINE('',#6543,#6544);
#6543 = CARTESIAN_POINT('',(9.923904215637,8.279231831168,-3.));
#6544 = VECTOR('',#6545,1.);
#6545 = DIRECTION('',(0.,0.,-1.));
#6546 = PCURVE('',#3804,#6547);
#6547 = DEFINITIONAL_REPRESENTATION('',(#6548),#6552);
#6548 = LINE('',#6549,#6550);
#6549 = CARTESIAN_POINT('',(1.007141046775,0.));
#6550 = VECTOR('',#6551,1.);
#6551 = DIRECTION('',(0.,-1.));
#6552 = ( GEOMETRIC_REPRESENTATION_CONTEXT(2) 
PARAMETRIC_REPRESENTATION_CONTEXT() REPRESENTATION_CONTEXT('2D SPACE',''
  ) );
#6553 = PCURVE('',#3833,#6554);
#6554 = DEFINITIONAL_REPRESENTATION('',(#6555),#6559);
#6555 = LINE('',#6556,#6557);
#6556 = CARTESIAN_POINT('',(5.305588756534,0.));
#6557 = VECTOR('',#6558,1.);
#6558 = DIRECTION('',(0.,-1.));
#6559 = ( GEOMETRIC_REPRESENTATION_CONTEXT(2) 
PARAMETRIC_REPRESENTATION_CONTEXT() REPRESENTATION_CONTEXT('2D SPACE',''
  ) );
#6560 = ORIENTED_EDGE('',*,*,#3783,.F.);
#6561 = ORIENTED_EDGE('',*,*,#6513,.F.);
#6562 = ORIENTED_EDGE('',*,*,#6563,.F.);
#6563 = EDGE_CURVE('',#6539,#6486,#6564,.T.);
#6564 = SURFACE_CURVE('',#6565,(#6570,#6577),.PCURVE_S1.);
#6565 = CIRCLE('',#6566,2.75);
#6566 = AXIS2_PLACEMENT_3D('',#6567,#6568,#6569);
#6567 = CARTESIAN_POINT('',(8.454635323614,5.954635323614,-3.));
#6568 = DIRECTION('',(0.,0.,-1.));
#6569 = DIRECTION('',(1.,0.,0.));
#6570 = PCURVE('',#3804,#6571);
#6571 = DEFINITIONAL_REPRESENTATION('',(#6572),#6576);
#6572 = LINE('',#6573,#6574);
#6573 = CARTESIAN_POINT('',(6.28318530718,0.));
#6574 = VECTOR('',#6575,1.);
#6575 = DIRECTION('',(-1.,0.));
#6576 = ( GEOMETRIC_REPRESENTATION_CONTEXT(2) 
PARAMETRIC_REPRESENTATION_CONTEXT() REPRESENTATION_CONTEXT('2D SPACE',''
  ) );
#6577 = PCURVE('',#3910,#6578);
#6578 = DEFINITIONAL_REPRESENTATION('',(#6579),#6583);
#6579 = CIRCLE('',#6580,2.75);
#6580 = AXIS2_PLACEMENT_2D('',#6581,#6582);
#6581 = CARTESIAN_POINT('',(-1.352967236156,1.352967236156));
#6582 = DIRECTION('',(1.,0.));
#6583 = ( GEOMETRIC_REPRESENTATION_CONTEXT(2) 
PARAMETRIC_REPRESENTATION_CONTEXT() REPRESENTATION_CONTEXT('2D SPACE',''
  ) );
#6584 = ADVANCED_FACE('',(#6585),#3833,.T.);
#6585 = FACE_BOUND('',#6586,.T.);
#6586 = EDGE_LOOP('',(#6587,#6588,#6589,#6590));
#6587 = ORIENTED_EDGE('',*,*,#3871,.T.);
#6588 = ORIENTED_EDGE('',*,*,#3816,.T.);
#6589 = ORIENTED_EDGE('',*,*,#6538,.T.);
#6590 = ORIENTED_EDGE('',*,*,#6591,.T.);
#6591 = EDGE_CURVE('',#6539,#3872,#6592,.T.);
#6592 = SURFACE_CURVE('',#6593,(#6598,#6605),.PCURVE_S1.);
#6593 = CIRCLE('',#6594,0.75);
#6594 = AXIS2_PLACEMENT_3D('',#6595,#6596,#6597);
#6595 = CARTESIAN_POINT('',(9.523194517812,7.645250965472,-3.));
#6596 = DIRECTION('',(0.,0.,1.));
#6597 = DIRECTION('',(-0.402220844067,0.915542676557,0.));
#6598 = PCURVE('',#3833,#6599);
#6599 = DEFINITIONAL_REPRESENTATION('',(#6600),#6604);
#6600 = LINE('',#6601,#6602);
#6601 = CARTESIAN_POINT('',(-8.881784197001E-16,0.));
#6602 = VECTOR('',#6603,1.);
#6603 = DIRECTION('',(1.,0.));
#6604 = ( GEOMETRIC_REPRESENTATION_CONTEXT(2) 
PARAMETRIC_REPRESENTATION_CONTEXT() REPRESENTATION_CONTEXT('2D SPACE',''
  ) );
#6605 = PCURVE('',#3910,#6606);
#6606 = DEFINITIONAL_REPRESENTATION('',(#6607),#6615);
#6607 = ( BOUNDED_CURVE() B_SPLINE_CURVE(2,(#6608,#6609,#6610,#6611,
#6612,#6613,#6614),.UNSPECIFIED.,.T.,.F.) B_SPLINE_CURVE_WITH_KNOTS((1,2
    ,2,2,2,1),(-2.094395102393,0.,2.094395102393,4.188790204786,
6.28318530718,8.377580409573),.UNSPECIFIED.) CURVE() 
GEOMETRIC_REPRESENTATION_ITEM() RATIONAL_B_SPLINE_CURVE((1.,0.5,1.,0.5,
1.,0.5,1.)) REPRESENTATION_ITEM('') );
#6608 = CARTESIAN_POINT('',(-0.586073675008,-1.024305413119));
#6609 = CARTESIAN_POINT('',(-1.775398499229,-0.501805209779));
#6610 = CARTESIAN_POINT('',(-0.728237637543,0.266930199678));
#6611 = CARTESIAN_POINT('',(0.318923224143,1.035665609135));
#6612 = CARTESIAN_POINT('',(0.461087186678,-0.255570003663));
#6613 = CARTESIAN_POINT('',(0.603251149213,-1.54680561646));
#6614 = CARTESIAN_POINT('',(-0.586073675008,-1.024305413119));
#6615 = ( GEOMETRIC_REPRESENTATION_CONTEXT(2) 
PARAMETRIC_REPRESENTATION_CONTEXT() REPRESENTATION_CONTEXT('2D SPACE',''
  ) );
#6616 = ADVANCED_FACE('',(#6617),#3910,.T.);
#6617 = FACE_BOUND('',#6618,.T.);
#6618 = EDGE_LOOP('',(#6619,#6782,#6804,#6805,#6806,#6807,#6808,#6809));
#6619 = ORIENTED_EDGE('',*,*,#6620,.F.);
#6620 = EDGE_CURVE('',#6621,#6412,#6623,.T.);
#6621 = VERTEX_POINT('',#6622);
#6622 = CARTESIAN_POINT('',(8.646453866322,5.728813527574,
    -2.999999999887));
#6623 = SURFACE_CURVE('',#6624,(#6665,#6709),.PCURVE_S1.);
#6624 = B_SPLINE_CURVE_WITH_KNOTS('',3,(#6625,#6626,#6627,#6628,#6629,
    #6630,#6631,#6632,#6633,#6634,#6635,#6636,#6637,#6638,#6639,#6640,
    #6641,#6642,#6643,#6644,#6645,#6646,#6647,#6648,#6649,#6650,#6651,
    #6652,#6653,#6654,#6655,#6656,#6657,#6658,#6659,#6660,#6661,#6662,
    #6663,#6664),.UNSPECIFIED.,.F.,.F.,(4,3,3,3,3,3,3,3,3,3,3,3,3,4),(0.
    ,1.306965053047E-02,2.651486897005E-02,3.89351778871E-02,
    5.237531713567E-02,6.570623662358E-02,7.797375646877E-02,
    8.407150180577E-02,9.728285416835E-02,0.110698311324,0.112588097052,
    0.125998083502,0.139292014985,0.147220308474),.UNSPECIFIED.);
#6625 = CARTESIAN_POINT('',(8.646453840213,5.728813540011,
    -3.000000000237));
#6626 = CARTESIAN_POINT('',(8.680346975752,5.701441796954,
    -3.000000040285));
#6627 = CARTESIAN_POINT('',(8.715987683056,5.676544738363,
    -2.999986061674));
#6628 = CARTESIAN_POINT('',(8.753073287537,5.654124901963,
    -2.999969337899));
#6629 = CARTESIAN_POINT('',(8.791224579497,5.631060811836,
    -2.999952133551));
#6630 = CARTESIAN_POINT('',(8.830905964583,5.610617897723,-2.99993199289
    ));
#6631 = CARTESIAN_POINT('',(8.871820959908,5.592843336902,
    -2.999916369528));
#6632 = CARTESIAN_POINT('',(8.909617064417,5.5764237051,-2.999901937112)
  );
#6633 = CARTESIAN_POINT('',(8.948466919187,5.562281407282,
    -2.999891276834));
#6634 = CARTESIAN_POINT('',(8.98814951694,5.550490900066,-2.99988715435)
  );
#6635 = CARTESIAN_POINT('',(9.031090448853,5.537732275474,
    -2.999882693368));
#6636 = CARTESIAN_POINT('',(9.074722903064,5.527811033638,
    -2.999885814323));
#6637 = CARTESIAN_POINT('',(9.118748716483,5.52075899183,-2.999895995395
    ));
#6638 = CARTESIAN_POINT('',(9.162416759145,5.513764257636,
    -2.999906093731));
#6639 = CARTESIAN_POINT('',(9.206472929274,5.509592091602,
    -2.999923079004));
#6640 = CARTESIAN_POINT('',(9.250639543425,5.50832181533,-2.999942612813
    ));
#6641 = CARTESIAN_POINT('',(9.291283012623,5.507152868252,
    -2.999960588421));
#6642 = CARTESIAN_POINT('',(9.332020800316,5.508441659263,
    -2.999980651319));
#6643 = CARTESIAN_POINT('',(9.372634332696,5.512288922726,
    -2.999997134874));
#6644 = CARTESIAN_POINT('',(9.392821866999,5.514201259787,-3.00000532826
    ));
#6645 = CARTESIAN_POINT('',(9.412922799984,5.516741070057,
    -3.000012538653));
#6646 = CARTESIAN_POINT('',(9.432910760719,5.519913805421,
    -3.000017907002));
#6647 = CARTESIAN_POINT('',(9.47621660209,5.52678784206,-3.000029538049)
  );
#6648 = CARTESIAN_POINT('',(9.518992645507,5.536629390885,
    -3.000032709934));
#6649 = CARTESIAN_POINT('',(9.560986400636,5.54925664073,-3.000032469846
    ));
#6650 = CARTESIAN_POINT('',(9.603628925585,5.562078971454,
    -3.000032226047));
#6651 = CARTESIAN_POINT('',(9.645465896172,5.577774171908,
    -3.000028369319));
#6652 = CARTESIAN_POINT('',(9.68621785189,5.596202320534,-3.000023985217
    ));
#6653 = CARTESIAN_POINT('',(9.691958428855,5.598798225532,
    -3.000023367645));
#6654 = CARTESIAN_POINT('',(9.697677435472,5.601448435632,
    -3.000022737476));
#6655 = CARTESIAN_POINT('',(9.703374047203,5.60415263088,-3.000022101607
    ));
#6656 = CARTESIAN_POINT('',(9.743797405773,5.623341696123,
    -3.000017589457));
#6657 = CARTESIAN_POINT('',(9.782868222681,5.645137627744,
    -3.000012771555));
#6658 = CARTESIAN_POINT('',(9.820323641346,5.669365055201,
    -3.000009083851));
#6659 = CARTESIAN_POINT('',(9.857454907011,5.693382809569,
    -3.000005428061));
#6660 = CARTESIAN_POINT('',(9.892999611239,5.719790782499,-3.00000278195
    ));
#6661 = CARTESIAN_POINT('',(9.926677353552,5.748462009857,
    -3.000001327353));
#6662 = CARTESIAN_POINT('',(9.946762234042,5.765561082877,
    -3.000000459854));
#6663 = CARTESIAN_POINT('',(9.966182550425,5.783465930986,-3.));
#6664 = CARTESIAN_POINT('',(9.984872425454,5.802155806015,-3.));
#6665 = PCURVE('',#3910,#6666);
#6666 = DEFINITIONAL_REPRESENTATION('',(#6667),#6708);
#6667 = B_SPLINE_CURVE_WITH_KNOTS('',3,(#6668,#6669,#6670,#6671,#6672,
    #6673,#6674,#6675,#6676,#6677,#6678,#6679,#6680,#6681,#6682,#6683,
    #6684,#6685,#6686,#6687,#6688,#6689,#6690,#6691,#6692,#6693,#6694,
    #6695,#6696,#6697,#6698,#6699,#6700,#6701,#6702,#6703,#6704,#6705,
    #6706,#6707),.UNSPECIFIED.,.F.,.F.,(4,3,3,3,3,3,3,3,3,3,3,3,3,4),(0.
    ,1.306965053047E-02,2.651486897005E-02,3.89351778871E-02,
    5.237531713567E-02,6.570623662358E-02,7.797375646877E-02,
    8.407150180577E-02,9.728285416835E-02,0.110698311324,0.112588097052,
    0.125998083502,0.139292014985,0.147220308474),.UNSPECIFIED.);
#6668 = CARTESIAN_POINT('',(-1.161148719557,1.578789019759));
#6669 = CARTESIAN_POINT('',(-1.127255584018,1.606160762816));
#6670 = CARTESIAN_POINT('',(-1.091614876714,1.631057821407));
#6671 = CARTESIAN_POINT('',(-1.054529272233,1.653477657807));
#6672 = CARTESIAN_POINT('',(-1.016377980273,1.676541747934));
#6673 = CARTESIAN_POINT('',(-0.976696595187,1.696984662047));
#6674 = CARTESIAN_POINT('',(-0.935781599862,1.714759222869));
#6675 = CARTESIAN_POINT('',(-0.897985495353,1.73117885467));
#6676 = CARTESIAN_POINT('',(-0.859135640583,1.745321152488));
#6677 = CARTESIAN_POINT('',(-0.81945304283,1.757111659704));
#6678 = CARTESIAN_POINT('',(-0.776512110917,1.769870284296));
#6679 = CARTESIAN_POINT('',(-0.732879656707,1.779791526132));
#6680 = CARTESIAN_POINT('',(-0.688853843287,1.78684356794));
#6681 = CARTESIAN_POINT('',(-0.645185800625,1.793838302134));
#6682 = CARTESIAN_POINT('',(-0.601129630496,1.798010468168));
#6683 = CARTESIAN_POINT('',(-0.556963016345,1.79928074444));
#6684 = CARTESIAN_POINT('',(-0.516319547147,1.800449691518));
#6685 = CARTESIAN_POINT('',(-0.475581759454,1.799160900507));
#6686 = CARTESIAN_POINT('',(-0.434968227074,1.795313637044));
#6687 = CARTESIAN_POINT('',(-0.414780692771,1.793401299983));
#6688 = CARTESIAN_POINT('',(-0.394679759786,1.790861489714));
#6689 = CARTESIAN_POINT('',(-0.374691799051,1.787688754349));
#6690 = CARTESIAN_POINT('',(-0.33138595768,1.78081471771));
#6691 = CARTESIAN_POINT('',(-0.288609914263,1.770973168885));
#6692 = CARTESIAN_POINT('',(-0.246616159134,1.75834591904));
#6693 = CARTESIAN_POINT('',(-0.203973634185,1.745523588317));
#6694 = CARTESIAN_POINT('',(-0.162136663598,1.729828387862));
#6695 = CARTESIAN_POINT('',(-0.12138470788,1.711400239236));
#6696 = CARTESIAN_POINT('',(-0.115644130915,1.708804334239));
#6697 = CARTESIAN_POINT('',(-0.109925124298,1.706154124138));
#6698 = CARTESIAN_POINT('',(-0.104228512567,1.70344992889));
#6699 = CARTESIAN_POINT('',(-6.38051539968E-02,1.684260863647));
#6700 = CARTESIAN_POINT('',(-2.47343370895E-02,1.662464932026));
#6701 = CARTESIAN_POINT('',(1.27210815757E-02,1.63823750457));
#6702 = CARTESIAN_POINT('',(4.98523472405E-02,1.614219750201));
#6703 = CARTESIAN_POINT('',(8.5397051469E-02,1.587811777272));
#6704 = CARTESIAN_POINT('',(0.119074793782,1.559140549914));
#6705 = CARTESIAN_POINT('',(0.139159674272,1.542041476893));
#6706 = CARTESIAN_POINT('',(0.158579990655,1.524136628784));
#6707 = CARTESIAN_POINT('',(0.177269865684,1.505446753755));
#6708 = ( GEOMETRIC_REPRESENTATION_CONTEXT(2) 
PARAMETRIC_REPRESENTATION_CONTEXT() REPRESENTATION_CONTEXT('2D SPACE',''
  ) );
#6709 = PCURVE('',#6378,#6710);
#6710 = DEFINITIONAL_REPRESENTATION('',(#6711),#6781);
#6711 = B_SPLINE_CURVE_WITH_KNOTS('',3,(#6712,#6713,#6714,#6715,#6716,
    #6717,#6718,#6719,#6720,#6721,#6722,#6723,#6724,#6725,#6726,#6727,
    #6728,#6729,#6730,#6731,#6732,#6733,#6734,#6735,#6736,#6737,#6738,
    #6739,#6740,#6741,#6742,#6743,#6744,#6745,#6746,#6747,#6748,#6749,
    #6750,#6751,#6752,#6753,#6754,#6755,#6756,#6757,#6758,#6759,#6760,
    #6761,#6762,#6763,#6764,#6765,#6766,#6767,#6768,#6769,#6770,#6771,
    #6772,#6773,#6774,#6775,#6776,#6777,#6778,#6779,#6780),
  .UNSPECIFIED.,.F.,.F.,(4,1,1,1,1,1,1,1,1,1,1,1,1,1,1,1,1,1,1,1,1,1,1,1
    ,1,1,1,1,1,1,1,1,1,1,1,1,1,1,1,1,1,1,1,1,1,1,1,1,1,1,1,1,1,1,1,1,1,1
    ,1,1,1,1,1,1,1,1,4),(0.,2.230610734449E-03,4.461221468897E-03,
    6.691832203346E-03,8.922442937795E-03,1.115305367224E-02,
    1.338366440669E-02,1.561427514114E-02,1.784488587559E-02,
    2.007549661004E-02,2.230610734449E-02,2.453671807894E-02,
    2.676732881338E-02,2.899793954783E-02,3.122855028228E-02,
    3.345916101673E-02,3.568977175118E-02,3.792038248563E-02,
    4.015099322008E-02,4.238160395453E-02,4.461221468897E-02,
    4.684282542342E-02,4.907343615787E-02,5.130404689232E-02,
    5.353465762677E-02,5.576526836122E-02,5.799587909567E-02,
    6.022648983012E-02,6.245710056456E-02,6.468771129901E-02,
    6.691832203346E-02,6.914893276791E-02,7.137954350236E-02,
    7.361015423681E-02,7.584076497126E-02,7.80713757057E-02,
    8.030198644015E-02,8.25325971746E-02,8.476320790905E-02,
    8.69938186435E-02,8.922442937795E-02,9.14550401124E-02,
    9.368565084685E-02,9.591626158129E-02,9.814687231574E-02,
    0.10037748305,0.102608093785,0.104838704519,0.107069315254,
    0.109299925988,0.111530536722,0.113761147457,0.115991758191,
    0.118222368926,0.12045297966,0.122683590395,0.124914201129,
    0.127144811864,0.129375422598,0.131606033332,0.133836644067,
    0.136067254801,0.138297865536,0.14052847627,0.142759087005,
    0.144989697739,0.147220308474),.QUASI_UNIFORM_KNOTS.);
#6712 = CARTESIAN_POINT('',(0.,0.392863350124));
#6713 = CARTESIAN_POINT('',(5.07437717631E-03,0.392870248283));
#6714 = CARTESIAN_POINT('',(1.52173967047E-02,0.392885487593));
#6715 = CARTESIAN_POINT('',(3.041663799214E-02,0.392912653553));
#6716 = CARTESIAN_POINT('',(4.560251468741E-02,0.39294410453));
#6717 = CARTESIAN_POINT('',(6.077692589448E-02,0.392979818541));
#6718 = CARTESIAN_POINT('',(7.594174904665E-02,0.39301977361));
#6719 = CARTESIAN_POINT('',(9.109878074861E-02,0.393063947757));
#6720 = CARTESIAN_POINT('',(0.106249905846,0.393112319005));
#6721 = CARTESIAN_POINT('',(0.121397033423,0.393164865374));
#6722 = CARTESIAN_POINT('',(0.136542032919,0.393221564882));
#6723 = CARTESIAN_POINT('',(0.15168679323,0.39328239555));
#6724 = CARTESIAN_POINT('',(0.166833202778,0.393347335398));
#6725 = CARTESIAN_POINT('',(0.181983112082,0.393416362455));
#6726 = CARTESIAN_POINT('',(0.197138453098,0.393489454717));
#6727 = CARTESIAN_POINT('',(0.212301076532,0.393566590299));
#6728 = CARTESIAN_POINT('',(0.227472767179,0.393647746864));
#6729 = CARTESIAN_POINT('',(0.242655591117,0.393732903759));
#6730 = CARTESIAN_POINT('',(0.257850767298,0.39382203406));
#6731 = CARTESIAN_POINT('',(0.273062785614,0.393915134246));
#6732 = CARTESIAN_POINT('',(0.288254320952,0.39401192575));
#6733 = CARTESIAN_POINT('',(0.303432286188,0.394112390347));
#6734 = CARTESIAN_POINT('',(0.318597258385,0.394216473721));
#6735 = CARTESIAN_POINT('',(0.333751473177,0.39432413123));
#6736 = CARTESIAN_POINT('',(0.348896682478,0.394435315639));
#6737 = CARTESIAN_POINT('',(0.364034681002,0.394549980405));
#6738 = CARTESIAN_POINT('',(0.379167418584,0.394668078803));
#6739 = CARTESIAN_POINT('',(0.394296755192,0.394789564154));
#6740 = CARTESIAN_POINT('',(0.409424570473,0.39491438977));
#6741 = CARTESIAN_POINT('',(0.424552744671,0.395042508957));
#6742 = CARTESIAN_POINT('',(0.43968315689,0.395173875051));
#6743 = CARTESIAN_POINT('',(0.454817659795,0.395308441279));
#6744 = CARTESIAN_POINT('',(0.469958212043,0.395446161263));
#6745 = CARTESIAN_POINT('',(0.485106491577,0.395586987165));
#6746 = CARTESIAN_POINT('',(0.500264788751,0.39573087659));
#6747 = CARTESIAN_POINT('',(0.515433402886,0.395877766829));
#6748 = CARTESIAN_POINT('',(0.53062017728,0.39602767099));
#6749 = CARTESIAN_POINT('',(0.545804719843,0.396180317443));
#6750 = CARTESIAN_POINT('',(0.560972313853,0.396335475433));
#6751 = CARTESIAN_POINT('',(0.576129272382,0.39649312666));
#6752 = CARTESIAN_POINT('',(0.591276235554,0.396653195896));
#6753 = CARTESIAN_POINT('',(0.606415416826,0.39681562317));
#6754 = CARTESIAN_POINT('',(0.621548620784,0.396980344421));
#6755 = CARTESIAN_POINT('',(0.636677749462,0.397147296683));
#6756 = CARTESIAN_POINT('',(0.651804663258,0.397316416698));
#6757 = CARTESIAN_POINT('',(0.666931167266,0.397487641283));
#6758 = CARTESIAN_POINT('',(0.682059206976,0.397660907248));
#6759 = CARTESIAN_POINT('',(0.697190597599,0.397836151353));
#6760 = CARTESIAN_POINT('',(0.712327205826,0.398013310573));
#6761 = CARTESIAN_POINT('',(0.727470855221,0.398192321067));
#6762 = CARTESIAN_POINT('',(0.742623622718,0.398373122042));
#6763 = CARTESIAN_POINT('',(0.757786696616,0.398555641333));
#6764 = CARTESIAN_POINT('',(0.772964582931,0.39873984921));
#6765 = CARTESIAN_POINT('',(0.788125721358,0.398925269051));
#6766 = CARTESIAN_POINT('',(0.803275872903,0.399111876126));
#6767 = CARTESIAN_POINT('',(0.818415896938,0.399299586984));
#6768 = CARTESIAN_POINT('',(0.833547934671,0.399488333908));
#6769 = CARTESIAN_POINT('',(0.84867375086,0.399678044964));
#6770 = CARTESIAN_POINT('',(0.863795135031,0.399868649347));
#6771 = CARTESIAN_POINT('',(0.878914025604,0.40006007595));
#6772 = CARTESIAN_POINT('',(0.894032249896,0.400252253751));
#6773 = CARTESIAN_POINT('',(0.909151667267,0.400445111702));
#6774 = CARTESIAN_POINT('',(0.924274144618,0.400638578762));
#6775 = CARTESIAN_POINT('',(0.939401551051,0.400832583889));
#6776 = CARTESIAN_POINT('',(0.954535751201,0.401027056038));
#6777 = CARTESIAN_POINT('',(0.969678605804,0.401221924168));
#6778 = CARTESIAN_POINT('',(0.984831937514,0.401417117237));
#6779 = CARTESIAN_POINT('',(0.994942398566,0.401547415214));
#6780 = CARTESIAN_POINT('',(1.,0.401612594679));
#6781 = ( GEOMETRIC_REPRESENTATION_CONTEXT(2) 
PARAMETRIC_REPRESENTATION_CONTEXT() REPRESENTATION_CONTEXT('2D SPACE',''
  ) );
#6782 = ORIENTED_EDGE('',*,*,#6783,.T.);
#6783 = EDGE_CURVE('',#6621,#4024,#6784,.T.);
#6784 = SURFACE_CURVE('',#6785,(#6790,#6797),.PCURVE_S1.);
#6785 = CIRCLE('',#6786,2.789718885006);
#6786 = AXIS2_PLACEMENT_3D('',#6787,#6788,#6789);
#6787 = CARTESIAN_POINT('',(10.399178971877,7.899178971877,-3.));
#6788 = DIRECTION('',(0.,0.,-1.));
#6789 = DIRECTION('',(1.,0.,0.));
#6790 = PCURVE('',#3910,#6791);
#6791 = DEFINITIONAL_REPRESENTATION('',(#6792),#6796);
#6792 = CIRCLE('',#6793,2.789718885006);
#6793 = AXIS2_PLACEMENT_2D('',#6794,#6795);
#6794 = CARTESIAN_POINT('',(0.591576412107,-0.591576412107));
#6795 = DIRECTION('',(1.,0.));
#6796 = ( GEOMETRIC_REPRESENTATION_CONTEXT(2) 
PARAMETRIC_REPRESENTATION_CONTEXT() REPRESENTATION_CONTEXT('2D SPACE',''
  ) );
#6797 = PCURVE('',#4040,#6798);
#6798 = DEFINITIONAL_REPRESENTATION('',(#6799),#6803);
#6799 = LINE('',#6800,#6801);
#6800 = CARTESIAN_POINT('',(6.28318530718,-5.246961194827E-16));
#6801 = VECTOR('',#6802,1.);
#6802 = DIRECTION('',(-1.,1.817770216977E-16));
#6803 = ( GEOMETRIC_REPRESENTATION_CONTEXT(2) 
PARAMETRIC_REPRESENTATION_CONTEXT() REPRESENTATION_CONTEXT('2D SPACE',''
  ) );
#6804 = ORIENTED_EDGE('',*,*,#4051,.F.);
#6805 = ORIENTED_EDGE('',*,*,#3894,.F.);
#6806 = ORIENTED_EDGE('',*,*,#6591,.F.);
#6807 = ORIENTED_EDGE('',*,*,#6563,.T.);
#6808 = ORIENTED_EDGE('',*,*,#6485,.F.);
#6809 = ORIENTED_EDGE('',*,*,#6436,.T.);
#6810 = ADVANCED_FACE('',(#6811),#4040,.T.);
#6811 = FACE_BOUND('',#6812,.T.);
#6812 = EDGE_LOOP('',(#6813,#6860,#6861,#6862,#6863));
#6813 = ORIENTED_EDGE('',*,*,#6814,.T.);
#6814 = EDGE_CURVE('',#6815,#4220,#6817,.T.);
#6815 = VERTEX_POINT('',#6816);
#6816 = CARTESIAN_POINT('',(8.464388271502,5.564508234158,
    -0.228681376281));
#6817 = SURFACE_CURVE('',#6818,(#6825,#6854),.PCURVE_S1.);
#6818 = B_SPLINE_CURVE_WITH_KNOTS('',3,(#6819,#6820,#6821,#6822,#6823,
    #6824),.UNSPECIFIED.,.F.,.F.,(4,2,4),(1.114889756347,1.13467422529,
    1.145724647982),.UNSPECIFIED.);
#6819 = CARTESIAN_POINT('',(8.464388270835,5.564508236863,
    -0.228681379498));
#6820 = CARTESIAN_POINT('',(8.416880914636,5.599424361903,
    -0.189480952983));
#6821 = CARTESIAN_POINT('',(8.368196928193,5.638420550816,-0.15685375084
    ));
#6822 = CARTESIAN_POINT('',(8.2968462589,5.700273550754,-0.116262769732)
  );
#6823 = CARTESIAN_POINT('',(8.271570871976,5.723135621667,
    -0.103370551288));
#6824 = CARTESIAN_POINT('',(8.246642199282,5.746642203411,
    -9.187683145325E-02));
#6825 = PCURVE('',#4040,#6826);
#6826 = DEFINITIONAL_REPRESENTATION('',(#6827),#6853);
#6827 = B_SPLINE_CURVE_WITH_KNOTS('',3,(#6828,#6829,#6830,#6831,#6832,
    #6833,#6834,#6835,#6836,#6837,#6838,#6839,#6840,#6841,#6842,#6843,
    #6844,#6845,#6846,#6847,#6848,#6849,#6850,#6851,#6852),
  .UNSPECIFIED.,.F.,.F.,(4,1,1,1,1,1,1,1,1,1,1,1,1,1,1,1,1,1,1,1,1,1,4),
  (1.114889756347,1.11629134233,1.117692928314,1.119094514297,
    1.120496100281,1.121897686264,1.123299272247,1.124700858231,
    1.126102444214,1.127504030198,1.128905616181,1.130307202164,
    1.131708788148,1.133110374131,1.134511960115,1.135913546098,
    1.137315132081,1.138716718065,1.140118304048,1.141519890032,
    1.142921476015,1.144323061998,1.145724647982),
  .QUASI_UNIFORM_KNOTS.);
#6828 = CARTESIAN_POINT('',(4.020378909947,2.771318620502));
#6829 = CARTESIAN_POINT('',(4.019003760556,2.774095684838));
#6830 = CARTESIAN_POINT('',(4.016242506268,2.779583751582));
#6831 = CARTESIAN_POINT('',(4.012071358162,2.787617732489));
#6832 = CARTESIAN_POINT('',(4.007874543915,2.795453666832));
#6833 = CARTESIAN_POINT('',(4.003655661671,2.803091606022));
#6834 = CARTESIAN_POINT('',(3.999418307531,2.810531587292));
#6835 = CARTESIAN_POINT('',(3.995166075057,2.817773631395));
#6836 = CARTESIAN_POINT('',(3.990902554486,2.824817743607));
#6837 = CARTESIAN_POINT('',(3.986631333792,2.831663911043));
#6838 = CARTESIAN_POINT('',(3.982355992504,2.83831211168));
#6839 = CARTESIAN_POINT('',(3.978080122533,2.844762280412));
#6840 = CARTESIAN_POINT('',(3.973807248211,2.851014435492));
#6841 = CARTESIAN_POINT('',(3.969541122449,2.857068206622));
#6842 = CARTESIAN_POINT('',(3.965284619264,2.862924596256));
#6843 = CARTESIAN_POINT('',(3.961043864802,2.868579406622));
#6844 = CARTESIAN_POINT('',(3.956812818161,2.874047770859));
#6845 = CARTESIAN_POINT('',(3.952570828504,2.879365854762));
#6846 = CARTESIAN_POINT('',(3.948323372086,2.884528361898));
#6847 = CARTESIAN_POINT('',(3.944069188615,2.889540687891));
#6848 = CARTESIAN_POINT('',(3.939808823608,2.894405362297));
#6849 = CARTESIAN_POINT('',(3.935542339434,2.899125681483));
#6850 = CARTESIAN_POINT('',(3.931269928607,2.903704735212));
#6851 = CARTESIAN_POINT('',(3.928417809144,2.906665356668));
#6852 = CARTESIAN_POINT('',(3.926990816028,2.908123168547));
#6853 = ( GEOMETRIC_REPRESENTATION_CONTEXT(2) 
PARAMETRIC_REPRESENTATION_CONTEXT() REPRESENTATION_CONTEXT('2D SPACE',''
  ) );
#6854 = PCURVE('',#4237,#6855);
#6855 = DEFINITIONAL_REPRESENTATION('',(#6856),#6859);
#6856 = B_SPLINE_CURVE_WITH_KNOTS('',1,(#6857,#6858),.UNSPECIFIED.,.F.,
  .F.,(2,2),(1.114889756347,1.145724647982),.PIECEWISE_BEZIER_KNOTS.);
#6857 = CARTESIAN_POINT('',(5.187900323849E-02,-1.689508236863));
#6858 = CARTESIAN_POINT('',(0.309748160606,-1.871642203411));
#6859 = ( GEOMETRIC_REPRESENTATION_CONTEXT(2) 
PARAMETRIC_REPRESENTATION_CONTEXT() REPRESENTATION_CONTEXT('2D SPACE',''
  ) );
#6860 = ORIENTED_EDGE('',*,*,#4248,.T.);
#6861 = ORIENTED_EDGE('',*,*,#4023,.F.);
#6862 = ORIENTED_EDGE('',*,*,#6783,.F.);
#6863 = ORIENTED_EDGE('',*,*,#6864,.F.);
#6864 = EDGE_CURVE('',#6815,#6621,#6865,.T.);
#6865 = SURFACE_CURVE('',#6866,(#6871,#6877),.PCURVE_S1.);
#6866 = B_SPLINE_CURVE_WITH_KNOTS('',3,(#6867,#6868,#6869,#6870),
  .UNSPECIFIED.,.F.,.F.,(4,4),(0.114662354519,0.392863350174),
  .PIECEWISE_BEZIER_KNOTS.);
#6867 = CARTESIAN_POINT('',(8.464388273488,5.564508234283,
    -0.228681376144));
#6868 = CARTESIAN_POINT('',(8.524638556939,5.61954340061,-1.152458454736
    ));
#6869 = CARTESIAN_POINT('',(8.585264652222,5.67434552009,-2.076231910954
    ));
#6870 = CARTESIAN_POINT('',(8.646453840246,5.72881354004,-3.000000000734
    ));
#6871 = PCURVE('',#4040,#6872);
#6872 = DEFINITIONAL_REPRESENTATION('',(#6873),#6876);
#6873 = B_SPLINE_CURVE_WITH_KNOTS('',1,(#6874,#6875),.UNSPECIFIED.,.F.,
  .F.,(2,2),(0.114662354519,0.392863350174),.PIECEWISE_BEZIER_KNOTS.);
#6874 = CARTESIAN_POINT('',(4.020378911163,2.771318623856));
#6875 = CARTESIAN_POINT('',(4.033048329046,-1.46210611462E-10));
#6876 = ( GEOMETRIC_REPRESENTATION_CONTEXT(2) 
PARAMETRIC_REPRESENTATION_CONTEXT() REPRESENTATION_CONTEXT('2D SPACE',''
  ) );
#6877 = PCURVE('',#6378,#6878);
#6878 = DEFINITIONAL_REPRESENTATION('',(#6879),#6883);
#6879 = LINE('',#6880,#6881);
#6880 = CARTESIAN_POINT('',(-8.4958861055E-15,-2.775557561563E-17));
#6881 = VECTOR('',#6882,1.);
#6882 = DIRECTION('',(6.237648292969E-14,1.));
#6883 = ( GEOMETRIC_REPRESENTATION_CONTEXT(2) 
PARAMETRIC_REPRESENTATION_CONTEXT() REPRESENTATION_CONTEXT('2D SPACE',''
  ) );
#6884 = ADVANCED_FACE('',(#6885),#4237,.F.);
#6885 = FACE_BOUND('',#6886,.F.);
#6886 = EDGE_LOOP('',(#6887,#6917,#6944,#6996,#7091,#7114,#7186,#7187,
    #7188,#7211));
#6887 = ORIENTED_EDGE('',*,*,#6888,.F.);
#6888 = EDGE_CURVE('',#6889,#6891,#6893,.T.);
#6889 = VERTEX_POINT('',#6890);
#6890 = CARTESIAN_POINT('',(7.827939069668,-5.327939069668,0.));
#6891 = VERTEX_POINT('',#6892);
#6892 = CARTESIAN_POINT('',(7.827939069668,-2.226623976499,0.));
#6893 = SURFACE_CURVE('',#6894,(#6898,#6905),.PCURVE_S1.);
#6894 = LINE('',#6895,#6896);
#6895 = CARTESIAN_POINT('',(7.827939069668,3.875,0.));
#6896 = VECTOR('',#6897,1.);
#6897 = DIRECTION('',(0.,1.,0.));
#6898 = PCURVE('',#4237,#6899);
#6899 = DEFINITIONAL_REPRESENTATION('',(#6900),#6904);
#6900 = LINE('',#6901,#6902);
#6901 = CARTESIAN_POINT('',(0.741764932098,0.));
#6902 = VECTOR('',#6903,1.);
#6903 = DIRECTION('',(0.,-1.));
#6904 = ( GEOMETRIC_REPRESENTATION_CONTEXT(2) 
PARAMETRIC_REPRESENTATION_CONTEXT() REPRESENTATION_CONTEXT('2D SPACE',''
  ) );
#6905 = PCURVE('',#6906,#6911);
#6906 = PLANE('',#6907);
#6907 = AXIS2_PLACEMENT_3D('',#6908,#6909,#6910);
#6908 = CARTESIAN_POINT('',(0.,0.,0.));
#6909 = DIRECTION('',(0.,0.,1.));
#6910 = DIRECTION('',(1.,0.,-0.));
#6911 = DEFINITIONAL_REPRESENTATION('',(#6912),#6916);
#6912 = LINE('',#6913,#6914);
#6913 = CARTESIAN_POINT('',(7.827939069668,3.875));
#6914 = VECTOR('',#6915,1.);
#6915 = DIRECTION('',(0.,1.));
#6916 = ( GEOMETRIC_REPRESENTATION_CONTEXT(2) 
PARAMETRIC_REPRESENTATION_CONTEXT() REPRESENTATION_CONTEXT('2D SPACE',''
  ) );
#6917 = ORIENTED_EDGE('',*,*,#6918,.T.);
#6918 = EDGE_CURVE('',#6889,#6919,#6921,.T.);
#6919 = VERTEX_POINT('',#6920);
#6920 = CARTESIAN_POINT('',(8.246642199344,-5.746642204077,
    -9.187683267793E-02));
#6921 = SURFACE_CURVE('',#6922,(#6927,#6933),.PCURVE_S1.);
#6922 = ELLIPSE('',#6923,1.414213562373,1.);
#6923 = AXIS2_PLACEMENT_3D('',#6924,#6925,#6926);
#6924 = CARTESIAN_POINT('',(7.827939069668,-5.327939069668,-1.));
#6925 = DIRECTION('',(0.707106781187,0.707106781187,0.));
#6926 = DIRECTION('',(0.707106781187,-0.707106781187,4.906538933387E-17)
  );
#6927 = PCURVE('',#4237,#6928);
#6928 = DEFINITIONAL_REPRESENTATION('',(#6929),#6932);
#6929 = B_SPLINE_CURVE_WITH_KNOTS('',1,(#6930,#6931),.UNSPECIFIED.,.F.,
  .F.,(2,2),(4.712388980385,5.144405754575),.PIECEWISE_BEZIER_KNOTS.);
#6930 = CARTESIAN_POINT('',(0.741764932098,9.202939069668));
#6931 = CARTESIAN_POINT('',(0.309748157908,9.621642201732));
#6932 = ( GEOMETRIC_REPRESENTATION_CONTEXT(2) 
PARAMETRIC_REPRESENTATION_CONTEXT() REPRESENTATION_CONTEXT('2D SPACE',''
  ) );
#6933 = PCURVE('',#6934,#6939);
#6934 = CYLINDRICAL_SURFACE('',#6935,1.);
#6935 = AXIS2_PLACEMENT_3D('',#6936,#6937,#6938);
#6936 = CARTESIAN_POINT('',(5.125,-5.327939069668,-1.));
#6937 = DIRECTION('',(-1.,0.,0.));
#6938 = DIRECTION('',(0.,-0.675590207616,0.73727733681));
#6939 = DEFINITIONAL_REPRESENTATION('',(#6940),#6943);
#6940 = B_SPLINE_CURVE_WITH_KNOTS('',1,(#6941,#6942),.UNSPECIFIED.,.F.,
  .F.,(2,2),(4.712388980385,5.144405754575),.PIECEWISE_BEZIER_KNOTS.);
#6941 = CARTESIAN_POINT('',(0.741764932098,-2.702939069668));
#6942 = CARTESIAN_POINT('',(0.309748157908,-3.121642201732));
#6943 = ( GEOMETRIC_REPRESENTATION_CONTEXT(2) 
PARAMETRIC_REPRESENTATION_CONTEXT() REPRESENTATION_CONTEXT('2D SPACE',''
  ) );
#6944 = ORIENTED_EDGE('',*,*,#6945,.T.);
#6945 = EDGE_CURVE('',#6919,#6946,#6948,.T.);
#6946 = VERTEX_POINT('',#6947);
#6947 = CARTESIAN_POINT('',(8.464388271446,-5.564508234147,
    -0.228681376147));
#6948 = SURFACE_CURVE('',#6949,(#6956,#6962),.PCURVE_S1.);
#6949 = B_SPLINE_CURVE_WITH_KNOTS('',3,(#6950,#6951,#6952,#6953,#6954,
    #6955),.UNSPECIFIED.,.F.,.F.,(4,2,4),(0.240840843889,0.251891266581,
    0.271675735514),.UNSPECIFIED.);
#6950 = CARTESIAN_POINT('',(8.246642199282,-5.746642203411,
    -9.187683145323E-02));
#6951 = CARTESIAN_POINT('',(8.271570871976,-5.723135621667,
    -0.103370551288));
#6952 = CARTESIAN_POINT('',(8.2968462589,-5.700273550754,-0.116262769732
    ));
#6953 = CARTESIAN_POINT('',(8.36819692817,-5.638420550835,
    -0.156853750826));
#6954 = CARTESIAN_POINT('',(8.416880914587,-5.599424361942,
    -0.18948095295));
#6955 = CARTESIAN_POINT('',(8.464388270764,-5.564508236915,
    -0.22868137944));
#6956 = PCURVE('',#4237,#6957);
#6957 = DEFINITIONAL_REPRESENTATION('',(#6958),#6961);
#6958 = B_SPLINE_CURVE_WITH_KNOTS('',1,(#6959,#6960),.UNSPECIFIED.,.F.,
  .F.,(2,2),(0.240840843889,0.271675735514),.PIECEWISE_BEZIER_KNOTS.);
#6959 = CARTESIAN_POINT('',(0.309748160606,9.621642203411));
#6960 = CARTESIAN_POINT('',(5.187900333082E-02,9.439508236915));
#6961 = ( GEOMETRIC_REPRESENTATION_CONTEXT(2) 
PARAMETRIC_REPRESENTATION_CONTEXT() REPRESENTATION_CONTEXT('2D SPACE',''
  ) );
#6962 = PCURVE('',#6963,#6968);
#6963 = CONICAL_SURFACE('',#6964,2.789718885006,8.726646259972E-02);
#6964 = AXIS2_PLACEMENT_3D('',#6965,#6966,#6967);
#6965 = CARTESIAN_POINT('',(10.399178971877,-7.899178971877,-3.));
#6966 = DIRECTION('',(0.,0.,1.));
#6967 = DIRECTION('',(1.,0.,-0.));
#6968 = DEFINITIONAL_REPRESENTATION('',(#6969),#6995);
#6969 = B_SPLINE_CURVE_WITH_KNOTS('',3,(#6970,#6971,#6972,#6973,#6974,
    #6975,#6976,#6977,#6978,#6979,#6980,#6981,#6982,#6983,#6984,#6985,
    #6986,#6987,#6988,#6989,#6990,#6991,#6992,#6993,#6994),
  .UNSPECIFIED.,.F.,.F.,(4,1,1,1,1,1,1,1,1,1,1,1,1,1,1,1,1,1,1,1,1,1,4),
  (0.240840843889,0.242242429872,0.243644015855,0.245045601838,
    0.246447187821,0.247848773804,0.249250359787,0.25065194577,
    0.252053531753,0.253455117736,0.254856703719,0.256258289702,
    0.257659875685,0.259061461668,0.260463047651,0.261864633634,
    0.263266219617,0.2646678056,0.266069391582,0.267470977565,
    0.268872563548,0.270274149531,0.271675735514),
  .QUASI_UNIFORM_KNOTS.);
#6970 = CARTESIAN_POINT('',(2.356194491152,2.908123168547));
#6971 = CARTESIAN_POINT('',(2.354767498036,2.906665356669));
#6972 = CARTESIAN_POINT('',(2.351915378573,2.903704735213));
#6973 = CARTESIAN_POINT('',(2.347642967748,2.899125681486));
#6974 = CARTESIAN_POINT('',(2.343376483576,2.894405362302));
#6975 = CARTESIAN_POINT('',(2.33911611857,2.889540687898));
#6976 = CARTESIAN_POINT('',(2.3348619351,2.884528361906));
#6977 = CARTESIAN_POINT('',(2.330614478683,2.879365854772));
#6978 = CARTESIAN_POINT('',(2.326372489028,2.874047770871));
#6979 = CARTESIAN_POINT('',(2.322141442388,2.868579406637));
#6980 = CARTESIAN_POINT('',(2.317900687928,2.862924596272));
#6981 = CARTESIAN_POINT('',(2.313644184744,2.857068206641));
#6982 = CARTESIAN_POINT('',(2.309378058983,2.851014435514));
#6983 = CARTESIAN_POINT('',(2.305105184663,2.844762280437));
#6984 = CARTESIAN_POINT('',(2.300829314694,2.838312111707));
#6985 = CARTESIAN_POINT('',(2.296553973407,2.831663911074));
#6986 = CARTESIAN_POINT('',(2.292282752714,2.824817743641));
#6987 = CARTESIAN_POINT('',(2.288019232145,2.817773631431));
#6988 = CARTESIAN_POINT('',(2.283766999672,2.810531587332));
#6989 = CARTESIAN_POINT('',(2.279529645533,2.803091606065));
#6990 = CARTESIAN_POINT('',(2.27531076329,2.795453666879));
#6991 = CARTESIAN_POINT('',(2.271113949045,2.78761773254));
#6992 = CARTESIAN_POINT('',(2.26694280094,2.779583751637));
#6993 = CARTESIAN_POINT('',(2.264181546652,2.774095684896));
#6994 = CARTESIAN_POINT('',(2.262806397262,2.77131862056));
#6995 = ( GEOMETRIC_REPRESENTATION_CONTEXT(2) 
PARAMETRIC_REPRESENTATION_CONTEXT() REPRESENTATION_CONTEXT('2D SPACE',''
  ) );
#6996 = ORIENTED_EDGE('',*,*,#6997,.T.);
#6997 = EDGE_CURVE('',#6946,#6998,#7000,.T.);
#6998 = VERTEX_POINT('',#6999);
#6999 = CARTESIAN_POINT('',(8.824133767759,-5.430087531291,
    -0.912844257252));
#7000 = SURFACE_CURVE('',#7001,(#7012,#7041),.PCURVE_S1.);
#7001 = B_SPLINE_CURVE_WITH_KNOTS('',3,(#7002,#7003,#7004,#7005,#7006,
    #7007,#7008,#7009,#7010,#7011),.UNSPECIFIED.,.F.,.F.,(4,2,2,2,4),(
    -0.169519057625,-0.150915622321,-0.120082904482,-9.884200653637E-02,
    -8.776504729968E-02),.UNSPECIFIED.);
#7002 = CARTESIAN_POINT('',(8.46438827387,-5.564508234632,
    -0.228681382003));
#7003 = CARTESIAN_POINT('',(8.50593267817,-5.533974655711,
    -0.262961512728));
#7004 = CARTESIAN_POINT('',(8.546751327979,-5.509715021057,
    -0.302306634812));
#7005 = CARTESIAN_POINT('',(8.648943260725,-5.458703639876,
    -0.420797307517));
#7006 = CARTESIAN_POINT('',(8.703662614214,-5.441730635175,
    -0.506397413533));
#7007 = CARTESIAN_POINT('',(8.772918054619,-5.427203209578,
    -0.66531406022));
#7008 = CARTESIAN_POINT('',(8.794342450241,-5.425374207493,
    -0.733333935537));
#7009 = CARTESIAN_POINT('',(8.81563700637,-5.426836327935,
    -0.839297969286));
#7010 = CARTESIAN_POINT('',(8.820910004049,-5.428112669981,
    -0.875996469427));
#7011 = CARTESIAN_POINT('',(8.824133767759,-5.430087531291,
    -0.912844257252));
#7012 = PCURVE('',#4237,#7013);
#7013 = DEFINITIONAL_REPRESENTATION('',(#7014),#7040);
#7014 = B_SPLINE_CURVE_WITH_KNOTS('',3,(#7015,#7016,#7017,#7018,#7019,
    #7020,#7021,#7022,#7023,#7024,#7025,#7026,#7027,#7028,#7029,#7030,
    #7031,#7032,#7033,#7034,#7035,#7036,#7037,#7038,#7039),
  .UNSPECIFIED.,.F.,.F.,(4,1,1,1,1,1,1,1,1,1,1,1,1,1,1,1,1,1,1,1,1,1,4),
  (-0.169519057625,-0.165802966247,-0.162086874869,-0.15837078349,
    -0.154654692112,-0.150938600733,-0.147222509355,-0.143506417976,
    -0.139790326598,-0.136074235219,-0.132358143841,-0.128642052463,
    -0.124925961084,-0.121209869706,-0.117493778327,-0.113777686949,
    -0.11006159557,-0.106345504192,-0.102629412813,-9.8913321435E-02,
    -9.519723005656E-02,-9.148113867812E-02,-8.776504729968E-02),
  .QUASI_UNIFORM_KNOTS.);
#7015 = CARTESIAN_POINT('',(5.18789993038E-02,9.439508234632));
#7016 = CARTESIAN_POINT('',(4.111968922452E-02,9.433409061682));
#7017 = CARTESIAN_POINT('',(1.938950834779E-02,9.421711355494));
#7018 = CARTESIAN_POINT('',(-1.382400698038E-02,9.405609155539));
#7019 = CARTESIAN_POINT('',(-4.764302343766E-02,9.39089243415));
#7020 = CARTESIAN_POINT('',(-8.204186473903E-02,9.377506933901));
#7021 = CARTESIAN_POINT('',(-0.117066660856,9.365381224981));
#7022 = CARTESIAN_POINT('',(-0.152514866256,9.354507943786));
#7023 = CARTESIAN_POINT('',(-0.188166035599,9.34487184334));
#7024 = CARTESIAN_POINT('',(-0.224064699903,9.33639082539));
#7025 = CARTESIAN_POINT('',(-0.260185558786,9.329000702776));
#7026 = CARTESIAN_POINT('',(-0.296523519417,9.322632485901));
#7027 = CARTESIAN_POINT('',(-0.333070455142,9.317218483835));
#7028 = CARTESIAN_POINT('',(-0.369820252092,9.312690613406));
#7029 = CARTESIAN_POINT('',(-0.406773937074,9.308981061746));
#7030 = CARTESIAN_POINT('',(-0.443916123413,9.306021327017));
#7031 = CARTESIAN_POINT('',(-0.481066061885,9.303787284127));
#7032 = CARTESIAN_POINT('',(-0.518256525339,9.302233679029));
#7033 = CARTESIAN_POINT('',(-0.555475458267,9.301319290581));
#7034 = CARTESIAN_POINT('',(-0.592720877321,9.301002348443));
#7035 = CARTESIAN_POINT('',(-0.62999652381,9.301239246165));
#7036 = CARTESIAN_POINT('',(-0.667276275988,9.301994270936));
#7037 = CARTESIAN_POINT('',(-0.704531237397,9.303257260036));
#7038 = CARTESIAN_POINT('',(-0.729356034353,9.304425005826));
#7039 = CARTESIAN_POINT('',(-0.741764932098,9.305087531291));
#7040 = ( GEOMETRIC_REPRESENTATION_CONTEXT(2) 
PARAMETRIC_REPRESENTATION_CONTEXT() REPRESENTATION_CONTEXT('2D SPACE',''
  ) );
#7041 = PCURVE('',#7042,#7063);
#7042 = B_SPLINE_SURFACE_WITH_KNOTS('',3,3,(
    (#7043,#7044,#7045,#7046)
    ,(#7047,#7048,#7049,#7050)
    ,(#7051,#7052,#7053,#7054)
    ,(#7055,#7056,#7057,#7058)
    ,(#7059,#7060,#7061,#7062
  )),.UNSPECIFIED.,.F.,.F.,.F.,(4,1,4),(4,4),(0.,0.571428571429,1.),(
    9.163728418111E-02,0.378587524354),.UNSPECIFIED.);
#7043 = CARTESIAN_POINT('',(8.652228600099,-5.733951499393,
    -3.087155742748));
#7044 = CARTESIAN_POINT('',(8.589078328252,-5.677792273246,
    -2.134336083528));
#7045 = CARTESIAN_POINT('',(8.526533390056,-5.621274221608,
    -1.181510656668));
#7046 = CARTESIAN_POINT('',(8.464388273479,-5.564508234275,
    -0.228681376007));
#7047 = CARTESIAN_POINT('',(8.869206241774,-5.558598322904,
    -3.084566017925));
#7048 = CARTESIAN_POINT('',(8.805904625663,-5.500738132124,
    -2.131862875671));
#7049 = CARTESIAN_POINT('',(8.74326721023,-5.442831532277,-1.17913070748
    ));
#7050 = CARTESIAN_POINT('',(8.680982227731,-5.384752191797,
    -0.22639246788));
#7051 = CARTESIAN_POINT('',(9.381342924293,-5.422160993229,
    -3.061191352678));
#7052 = CARTESIAN_POINT('',(9.319604639291,-5.362000770462,
    -2.108546657697));
#7053 = CARTESIAN_POINT('',(9.258236601292,-5.301986954215,
    -1.155876185809));
#7054 = CARTESIAN_POINT('',(9.197138731138,-5.242114237101,
    -0.203184050231));
#7055 = CARTESIAN_POINT('',(9.837485697683,-5.654769078244,
    -3.018339746382));
#7056 = CARTESIAN_POINT('',(9.777714178531,-5.594983927999,
    -2.065572199763));
#7057 = CARTESIAN_POINT('',(9.71802956672,-5.535323807281,
    -1.112793358566));
#7058 = CARTESIAN_POINT('',(9.658449324451,-5.475732705012,
    -0.160004925809));
#7059 = CARTESIAN_POINT('',(9.984872425454,-5.802155806015,-3.));
#7060 = CARTESIAN_POINT('',(9.925591406186,-5.742874786747,
    -2.04718034078));
#7061 = CARTESIAN_POINT('',(9.866356743236,-5.683640123797,
    -1.09435491392));
#7062 = CARTESIAN_POINT('',(9.80715309734,-5.624436477901,
    -0.141525633259));
#7063 = DEFINITIONAL_REPRESENTATION('',(#7064),#7090);
#7064 = B_SPLINE_CURVE_WITH_KNOTS('',3,(#7065,#7066,#7067,#7068,#7069,
    #7070,#7071,#7072,#7073,#7074,#7075,#7076,#7077,#7078,#7079,#7080,
    #7081,#7082,#7083,#7084,#7085,#7086,#7087,#7088,#7089),
  .UNSPECIFIED.,.F.,.F.,(4,1,1,1,1,1,1,1,1,1,1,1,1,1,1,1,1,1,1,1,1,1,4),
  (-0.169519057625,-0.165802966247,-0.162086874869,-0.15837078349,
    -0.154654692112,-0.150938600733,-0.147222509355,-0.143506417976,
    -0.139790326598,-0.136074235219,-0.132358143841,-0.128642052463,
    -0.124925961084,-0.121209869706,-0.117493778327,-0.113777686949,
    -0.11006159557,-0.106345504192,-0.102629412813,-9.8913321435E-02,
    -9.519723005656E-02,-9.148113867812E-02,-8.776504729968E-02),
  .QUASI_UNIFORM_KNOTS.);
#7065 = CARTESIAN_POINT('',(0.,0.378587524354));
#7066 = CARTESIAN_POINT('',(6.900271111057E-03,0.377891805621));
#7067 = CARTESIAN_POINT('',(2.045649173314E-02,0.376457353662));
#7068 = CARTESIAN_POINT('',(4.00508216895E-02,0.374176718433));
#7069 = CARTESIAN_POINT('',(5.890140606955E-02,0.371766817079));
#7070 = CARTESIAN_POINT('',(7.699297975385E-02,0.369228723336));
#7071 = CARTESIAN_POINT('',(9.434015489713E-02,0.366558379505));
#7072 = CARTESIAN_POINT('',(0.110835051096,0.363770871232));
#7073 = CARTESIAN_POINT('',(0.126383398339,0.360886033026));
#7074 = CARTESIAN_POINT('',(0.141014354437,0.357903723981));
#7075 = CARTESIAN_POINT('',(0.154721652071,0.354829152682));
#7076 = CARTESIAN_POINT('',(0.167505862193,0.351666102522));
#7077 = CARTESIAN_POINT('',(0.179363083654,0.348418708294));
#7078 = CARTESIAN_POINT('',(0.190287404225,0.345091124505));
#7079 = CARTESIAN_POINT('',(0.200272327397,0.34168707554));
#7080 = CARTESIAN_POINT('',(0.209302972864,0.338211986718));
#7081 = CARTESIAN_POINT('',(0.217335095247,0.334687892206));
#7082 = CARTESIAN_POINT('',(0.224378839659,0.331116897244));
#7083 = CARTESIAN_POINT('',(0.230431953371,0.327505257303));
#7084 = CARTESIAN_POINT('',(0.235494462862,0.323858324367));
#7085 = CARTESIAN_POINT('',(0.239565663957,0.320180914194));
#7086 = CARTESIAN_POINT('',(0.242641713327,0.316480890993));
#7087 = CARTESIAN_POINT('',(0.244721822736,0.312766409256));
#7088 = CARTESIAN_POINT('',(0.245446148501,0.310283490326));
#7089 = CARTESIAN_POINT('',(0.245642946483,0.309041312808));
#7090 = ( GEOMETRIC_REPRESENTATION_CONTEXT(2) 
PARAMETRIC_REPRESENTATION_CONTEXT() REPRESENTATION_CONTEXT('2D SPACE',''
  ) );
#7091 = ORIENTED_EDGE('',*,*,#7092,.F.);
#7092 = EDGE_CURVE('',#7093,#6998,#7095,.T.);
#7093 = VERTEX_POINT('',#7094);
#7094 = CARTESIAN_POINT('',(8.824133767759,5.430087531291,
    -0.912844257252));
#7095 = SURFACE_CURVE('',#7096,(#7100,#7107),.PCURVE_S1.);
#7096 = LINE('',#7097,#7098);
#7097 = CARTESIAN_POINT('',(8.824133767759,3.875,-0.912844257252));
#7098 = VECTOR('',#7099,1.);
#7099 = DIRECTION('',(0.,-1.,0.));
#7100 = PCURVE('',#4237,#7101);
#7101 = DEFINITIONAL_REPRESENTATION('',(#7102),#7106);
#7102 = LINE('',#7103,#7104);
#7103 = CARTESIAN_POINT('',(-0.741764932098,0.));
#7104 = VECTOR('',#7105,1.);
#7105 = DIRECTION('',(0.,1.));
#7106 = ( GEOMETRIC_REPRESENTATION_CONTEXT(2) 
PARAMETRIC_REPRESENTATION_CONTEXT() REPRESENTATION_CONTEXT('2D SPACE',''
  ) );
#7107 = PCURVE('',#6064,#7108);
#7108 = DEFINITIONAL_REPRESENTATION('',(#7109),#7113);
#7109 = LINE('',#7110,#7111);
#7110 = CARTESIAN_POINT('',(-3.875,-0.785098178729));
#7111 = VECTOR('',#7112,1.);
#7112 = DIRECTION('',(-1.,0.));
#7113 = ( GEOMETRIC_REPRESENTATION_CONTEXT(2) 
PARAMETRIC_REPRESENTATION_CONTEXT() REPRESENTATION_CONTEXT('2D SPACE',''
  ) );
#7114 = ORIENTED_EDGE('',*,*,#7115,.T.);
#7115 = EDGE_CURVE('',#7093,#6815,#7116,.T.);
#7116 = SURFACE_CURVE('',#7117,(#7128,#7157),.PCURVE_S1.);
#7117 = B_SPLINE_CURVE_WITH_KNOTS('',3,(#7118,#7119,#7120,#7121,#7122,
    #7123,#7124,#7125,#7126,#7127),.UNSPECIFIED.,.F.,.F.,(4,2,2,2,4),(
    -8.171948628608E-02,-7.58945816794E-02,-5.602779244584E-02,
    -2.996071420852E-02,0.),.UNSPECIFIED.);
#7118 = CARTESIAN_POINT('',(8.824133767759,5.430087531291,
    -0.912844257252));
#7119 = CARTESIAN_POINT('',(8.822436125128,5.429047564019,
    -0.893440113187));
#7120 = CARTESIAN_POINT('',(8.820170362404,5.428202480115,
    -0.874073967355));
#7121 = CARTESIAN_POINT('',(8.807679344006,5.425372563036,
    -0.788971735264));
#7122 = CARTESIAN_POINT('',(8.791434540846,5.425493203465,
    -0.724161222536));
#7123 = CARTESIAN_POINT('',(8.739483074849,5.433072974241,
    -0.579665983172));
#7124 = CARTESIAN_POINT('',(8.69951902966,5.442714896605,-0.502429272227
    ));
#7125 = CARTESIAN_POINT('',(8.595802801017,5.482698389982,
    -0.351976709322));
#7126 = CARTESIAN_POINT('',(8.531400399564,5.515256835725,
    -0.283976059292));
#7127 = CARTESIAN_POINT('',(8.46438827387,5.564508234632,-0.228681382002
    ));
#7128 = PCURVE('',#4237,#7129);
#7129 = DEFINITIONAL_REPRESENTATION('',(#7130),#7156);
#7130 = B_SPLINE_CURVE_WITH_KNOTS('',3,(#7131,#7132,#7133,#7134,#7135,
    #7136,#7137,#7138,#7139,#7140,#7141,#7142,#7143,#7144,#7145,#7146,
    #7147,#7148,#7149,#7150,#7151,#7152,#7153,#7154,#7155),
  .UNSPECIFIED.,.F.,.F.,(4,1,1,1,1,1,1,1,1,1,1,1,1,1,1,1,1,1,1,1,1,1,4),
  (-8.171948628608E-02,-7.800496418216E-02,-7.429044207825E-02,
    -7.057591997434E-02,-6.686139787043E-02,-6.314687576651E-02,
    -5.94323536626E-02,-5.571783155869E-02,-5.200330945478E-02,
    -4.828878735086E-02,-4.457426524695E-02,-4.085974314304E-02,
    -3.714522103913E-02,-3.343069893521E-02,-2.97161768313E-02,
    -2.600165472739E-02,-2.228713262348E-02,-1.857261051956E-02,
    -1.485808841565E-02,-1.114356631174E-02,-7.429044207825E-03,
    -3.714522103913E-03,0.),.UNSPECIFIED.);
#7131 = CARTESIAN_POINT('',(-0.741764932098,-1.555087531291));
#7132 = CARTESIAN_POINT('',(-0.72934604848,-1.554424478071));
#7133 = CARTESIAN_POINT('',(-0.704491493072,-1.553256394822));
#7134 = CARTESIAN_POINT('',(-0.667183266496,-1.551993665124));
#7135 = CARTESIAN_POINT('',(-0.629881371707,-1.551227322925));
#7136 = CARTESIAN_POINT('',(-0.592587894268,-1.550993527047));
#7137 = CARTESIAN_POINT('',(-0.555303181378,-1.551324923228));
#7138 = CARTESIAN_POINT('',(-0.518034839982,-1.552254477749));
#7139 = CARTESIAN_POINT('',(-0.480764160604,-1.553817387795));
#7140 = CARTESIAN_POINT('',(-0.443571606109,-1.556039379886));
#7141 = CARTESIAN_POINT('',(-0.406504281599,-1.558979256555));
#7142 = CARTESIAN_POINT('',(-0.369553302052,-1.562701009584));
#7143 = CARTESIAN_POINT('',(-0.332728317671,-1.567266961214));
#7144 = CARTESIAN_POINT('',(-0.296030085588,-1.572740922597));
#7145 = CARTESIAN_POINT('',(-0.259483594466,-1.579182418789));
#7146 = CARTESIAN_POINT('',(-0.223030889545,-1.586666630317));
#7147 = CARTESIAN_POINT('',(-0.18692873988,-1.59520961068));
#7148 = CARTESIAN_POINT('',(-0.151334328004,-1.604844282201));
#7149 = CARTESIAN_POINT('',(-0.11620615077,-1.615641787691));
#7150 = CARTESIAN_POINT('',(-8.156127729196E-02,-1.627663028811));
#7151 = CARTESIAN_POINT('',(-4.740602701626E-02,-1.640971651336));
#7152 = CARTESIAN_POINT('',(-1.375423183385E-02,-1.655630565737));
#7153 = CARTESIAN_POINT('',(1.937837853726E-02,-1.67170287958));
#7154 = CARTESIAN_POINT('',(4.110742708082E-02,-1.683402058103));
#7155 = CARTESIAN_POINT('',(5.187899930382E-02,-1.689508234632));
#7156 = ( GEOMETRIC_REPRESENTATION_CONTEXT(2) 
PARAMETRIC_REPRESENTATION_CONTEXT() REPRESENTATION_CONTEXT('2D SPACE',''
  ) );
#7157 = PCURVE('',#6378,#7158);
#7158 = DEFINITIONAL_REPRESENTATION('',(#7159),#7185);
#7159 = B_SPLINE_CURVE_WITH_KNOTS('',3,(#7160,#7161,#7162,#7163,#7164,
    #7165,#7166,#7167,#7168,#7169,#7170,#7171,#7172,#7173,#7174,#7175,
    #7176,#7177,#7178,#7179,#7180,#7181,#7182,#7183,#7184),
  .UNSPECIFIED.,.F.,.F.,(4,1,1,1,1,1,1,1,1,1,1,1,1,1,1,1,1,1,1,1,1,1,4),
  (-8.171948628608E-02,-7.800496418216E-02,-7.429044207825E-02,
    -7.057591997434E-02,-6.686139787043E-02,-6.314687576651E-02,
    -5.94323536626E-02,-5.571783155869E-02,-5.200330945478E-02,
    -4.828878735086E-02,-4.457426524695E-02,-4.085974314304E-02,
    -3.714522103913E-02,-3.343069893521E-02,-2.97161768313E-02,
    -2.600165472739E-02,-2.228713262348E-02,-1.857261051956E-02,
    -1.485808841565E-02,-1.114356631174E-02,-7.429044207825E-03,
    -3.714522103913E-03,0.),.UNSPECIFIED.);
#7160 = CARTESIAN_POINT('',(0.24563748292,0.184208565949));
#7161 = CARTESIAN_POINT('',(0.245440755488,0.182965388682));
#7162 = CARTESIAN_POINT('',(0.244715063635,0.180479499711));
#7163 = CARTESIAN_POINT('',(0.242630230562,0.176759729823));
#7164 = CARTESIAN_POINT('',(0.239549307137,0.173057547917));
#7165 = CARTESIAN_POINT('',(0.23547323584,0.169378477025));
#7166 = CARTESIAN_POINT('',(0.230401677176,0.165727806102));
#7167 = CARTESIAN_POINT('',(0.224335382055,0.162111513574));
#7168 = CARTESIAN_POINT('',(0.217269590034,0.158533054035));
#7169 = CARTESIAN_POINT('',(0.209218453384,0.155005486876));
#7170 = CARTESIAN_POINT('',(0.200197185977,0.151538092833));
#7171 = CARTESIAN_POINT('',(0.190208089968,0.148134578509));
#7172 = CARTESIAN_POINT('',(0.1792554962,0.144800268382));
#7173 = CARTESIAN_POINT('',(0.167338921362,0.141539589435));
#7174 = CARTESIAN_POINT('',(0.154465124146,0.13835894062));
#7175 = CARTESIAN_POINT('',(0.140606752633,0.13525773039));
#7176 = CARTESIAN_POINT('',(0.125857815064,0.132261711417));
#7177 = CARTESIAN_POINT('',(0.110296896412,0.129385411069));
#7178 = CARTESIAN_POINT('',(9.392026588705E-02,0.126626364387));
#7179 = CARTESIAN_POINT('',(7.674278060183E-02,0.123986659458));
#7180 = CARTESIAN_POINT('',(5.877091589463E-02,0.121467164376));
#7181 = CARTESIAN_POINT('',(4.001009988523E-02,0.119069074039));
#7182 = CARTESIAN_POINT('',(2.046320716941E-02,0.11679349597));
#7183 = CARTESIAN_POINT('',(6.908225114736E-03,0.115358872125));
#7184 = CARTESIAN_POINT('',(0.,0.114662354519));
#7185 = ( GEOMETRIC_REPRESENTATION_CONTEXT(2) 
PARAMETRIC_REPRESENTATION_CONTEXT() REPRESENTATION_CONTEXT('2D SPACE',''
  ) );
#7186 = ORIENTED_EDGE('',*,*,#6814,.T.);
#7187 = ORIENTED_EDGE('',*,*,#4219,.T.);
#7188 = ORIENTED_EDGE('',*,*,#7189,.F.);
#7189 = EDGE_CURVE('',#7190,#4222,#7192,.T.);
#7190 = VERTEX_POINT('',#7191);
#7191 = CARTESIAN_POINT('',(7.827939069668,2.226623976499,0.));
#7192 = SURFACE_CURVE('',#7193,(#7197,#7204),.PCURVE_S1.);
#7193 = LINE('',#7194,#7195);
#7194 = CARTESIAN_POINT('',(7.827939069668,3.875,0.));
#7195 = VECTOR('',#7196,1.);
#7196 = DIRECTION('',(0.,1.,0.));
#7197 = PCURVE('',#4237,#7198);
#7198 = DEFINITIONAL_REPRESENTATION('',(#7199),#7203);
#7199 = LINE('',#7200,#7201);
#7200 = CARTESIAN_POINT('',(0.741764932098,0.));
#7201 = VECTOR('',#7202,1.);
#7202 = DIRECTION('',(0.,-1.));
#7203 = ( GEOMETRIC_REPRESENTATION_CONTEXT(2) 
PARAMETRIC_REPRESENTATION_CONTEXT() REPRESENTATION_CONTEXT('2D SPACE',''
  ) );
#7204 = PCURVE('',#4691,#7205);
#7205 = DEFINITIONAL_REPRESENTATION('',(#7206),#7210);
#7206 = LINE('',#7207,#7208);
#7207 = CARTESIAN_POINT('',(7.827939069668,3.875));
#7208 = VECTOR('',#7209,1.);
#7209 = DIRECTION('',(0.,1.));
#7210 = ( GEOMETRIC_REPRESENTATION_CONTEXT(2) 
PARAMETRIC_REPRESENTATION_CONTEXT() REPRESENTATION_CONTEXT('2D SPACE',''
  ) );
#7211 = ORIENTED_EDGE('',*,*,#7212,.T.);
#7212 = EDGE_CURVE('',#7190,#6891,#7213,.T.);
#7213 = SURFACE_CURVE('',#7214,(#7233,#7284),.PCURVE_S1.);
#7214 = B_SPLINE_CURVE_WITH_KNOTS('',3,(#7215,#7216,#7217,#7218,#7219,
    #7220,#7221,#7222,#7223,#7224,#7225,#7226,#7227,#7228,#7229,#7230,
    #7231,#7232),.UNSPECIFIED.,.F.,.F.,(4,2,2,2,2,2,2,2,4),(0.2573668024
    ,0.280198412177,0.307584801272,0.362357579461,0.471903135841,
    0.58144869222,0.63622147041,0.663607859505,0.686439469282),
  .UNSPECIFIED.);
#7215 = CARTESIAN_POINT('',(7.827939069668,2.226623976499,0.));
#7216 = CARTESIAN_POINT('',(7.85547085115,2.156031151038,
    -1.910401106949E-18));
#7217 = CARTESIAN_POINT('',(7.87542729555,2.082940844212,
    -9.711027226104E-04));
#7218 = CARTESIAN_POINT('',(7.91428017358,1.918796513711,
    -3.50841854873E-03));
#7219 = CARTESIAN_POINT('',(7.931452410823,1.827040006781,
    -5.253846739524E-03));
#7220 = CARTESIAN_POINT('',(7.976543568317,1.546343281117,
    -1.064575341947E-02));
#7221 = CARTESIAN_POINT('',(7.997955601079,1.352635262603,
    -1.441626896364E-02));
#7222 = CARTESIAN_POINT('',(8.04734587697,0.76431355236,
    -2.379116580571E-02));
#7223 = CARTESIAN_POINT('',(8.059612021246,0.365151854598,
    -2.720626877661E-02));
#7224 = CARTESIAN_POINT('',(8.059612021246,-0.365151854598,
    -2.720626877661E-02));
#7225 = CARTESIAN_POINT('',(8.04734587697,-0.76431355236,
    -2.379116580571E-02));
#7226 = CARTESIAN_POINT('',(7.997955601079,-1.352635262603,
    -1.441626896364E-02));
#7227 = CARTESIAN_POINT('',(7.976543568317,-1.546343281117,
    -1.064575341947E-02));
#7228 = CARTESIAN_POINT('',(7.931452410823,-1.827040006781,
    -5.253846739524E-03));
#7229 = CARTESIAN_POINT('',(7.91428017358,-1.918796513711,
    -3.50841854873E-03));
#7230 = CARTESIAN_POINT('',(7.87542729555,-2.082940844212,
    -9.711027226106E-04));
#7231 = CARTESIAN_POINT('',(7.85547085115,-2.156031151038,
    -1.910401106949E-18));
#7232 = CARTESIAN_POINT('',(7.827939069668,-2.226623976499,0.));
#7233 = PCURVE('',#4237,#7234);
#7234 = DEFINITIONAL_REPRESENTATION('',(#7235),#7283);
#7235 = B_SPLINE_CURVE_WITH_KNOTS('',3,(#7236,#7237,#7238,#7239,#7240,
    #7241,#7242,#7243,#7244,#7245,#7246,#7247,#7248,#7249,#7250,#7251,
    #7252,#7253,#7254,#7255,#7256,#7257,#7258,#7259,#7260,#7261,#7262,
    #7263,#7264,#7265,#7266,#7267,#7268,#7269,#7270,#7271,#7272,#7273,
    #7274,#7275,#7276,#7277,#7278,#7279,#7280,#7281,#7282),
  .UNSPECIFIED.,.F.,.F.,(4,1,1,1,1,1,1,1,1,1,1,1,1,1,1,1,1,1,1,1,1,1,1,1
    ,1,1,1,1,1,1,1,1,1,1,1,1,1,1,1,1,1,1,1,1,4),(0.2573668024,
    0.26711845392,0.27687010544,0.28662175696,0.29637340848,0.30612506,
    0.315876711521,0.325628363041,0.335380014561,0.345131666081,
    0.354883317601,0.364634969121,0.374386620641,0.384138272161,
    0.393889923681,0.403641575201,0.413393226721,0.423144878241,
    0.432896529761,0.442648181281,0.452399832801,0.462151484321,
    0.471903135841,0.481654787361,0.491406438881,0.501158090401,
    0.510909741921,0.520661393441,0.530413044961,0.540164696481,
    0.549916348001,0.559667999521,0.569419651041,0.579171302561,
    0.588922954081,0.598674605601,0.608426257121,0.618177908641,
    0.627929560161,0.637681211681,0.647432863201,0.657184514721,
    0.666936166242,0.676687817762,0.686439469282),
  .QUASI_UNIFORM_KNOTS.);
#7236 = CARTESIAN_POINT('',(0.741764932098,1.648376023501));
#7237 = CARTESIAN_POINT('',(0.730031198514,1.678529320361));
#7238 = CARTESIAN_POINT('',(0.709232741774,1.73973800518));
#7239 = CARTESIAN_POINT('',(0.683942070011,1.833849983896));
#7240 = CARTESIAN_POINT('',(0.661812680357,1.929769965455));
#7241 = CARTESIAN_POINT('',(0.642358838134,2.027299695122));
#7242 = CARTESIAN_POINT('',(0.625102516236,2.126352653439));
#7243 = CARTESIAN_POINT('',(0.60951532164,2.226766321366));
#7244 = CARTESIAN_POINT('',(0.595446399968,2.328289117884));
#7245 = CARTESIAN_POINT('',(0.582780030309,2.430806308391));
#7246 = CARTESIAN_POINT('',(0.5713911087,2.534171324373));
#7247 = CARTESIAN_POINT('',(0.561163021828,2.638236434339));
#7248 = CARTESIAN_POINT('',(0.551962017805,2.742890392619));
#7249 = CARTESIAN_POINT('',(0.543730368663,2.847856153742));
#7250 = CARTESIAN_POINT('',(0.536449830235,2.952932509136));
#7251 = CARTESIAN_POINT('',(0.530081347403,3.057953556652));
#7252 = CARTESIAN_POINT('',(0.524591424779,3.162743997933));
#7253 = CARTESIAN_POINT('',(0.519945171874,3.267130813034));
#7254 = CARTESIAN_POINT('',(0.51610823137,3.370941264576));
#7255 = CARTESIAN_POINT('',(0.513046288969,3.473999206495));
#7256 = CARTESIAN_POINT('',(0.510725200465,3.576141844906));
#7257 = CARTESIAN_POINT('',(0.509110929416,3.677156385897));
#7258 = CARTESIAN_POINT('',(0.50816951732,3.777016683477));
#7259 = CARTESIAN_POINT('',(0.507867033058,3.875));
#7260 = CARTESIAN_POINT('',(0.50816951732,3.972983316523));
#7261 = CARTESIAN_POINT('',(0.509110929416,4.072843614103));
#7262 = CARTESIAN_POINT('',(0.510725200465,4.173858155094));
#7263 = CARTESIAN_POINT('',(0.513046288969,4.276000793505));
#7264 = CARTESIAN_POINT('',(0.51610823137,4.379058735424));
#7265 = CARTESIAN_POINT('',(0.519945171874,4.482869186966));
#7266 = CARTESIAN_POINT('',(0.524591424779,4.587256002067));
#7267 = CARTESIAN_POINT('',(0.530081347403,4.692046443348));
#7268 = CARTESIAN_POINT('',(0.536449830235,4.797067490864));
#7269 = CARTESIAN_POINT('',(0.543730368663,4.902143846258));
#7270 = CARTESIAN_POINT('',(0.551962017805,5.007109607381));
#7271 = CARTESIAN_POINT('',(0.561163021828,5.111763565661));
#7272 = CARTESIAN_POINT('',(0.5713911087,5.215828675627));
#7273 = CARTESIAN_POINT('',(0.582780030309,5.319193691609));
#7274 = CARTESIAN_POINT('',(0.595446399968,5.421710882116));
#7275 = CARTESIAN_POINT('',(0.60951532164,5.523233678634));
#7276 = CARTESIAN_POINT('',(0.625102516236,5.623647346561));
#7277 = CARTESIAN_POINT('',(0.642358838134,5.722700304878));
#7278 = CARTESIAN_POINT('',(0.661812680357,5.820230034545));
#7279 = CARTESIAN_POINT('',(0.683942070011,5.916150016104));
#7280 = CARTESIAN_POINT('',(0.709232741774,6.01026199482));
#7281 = CARTESIAN_POINT('',(0.730031198514,6.071470679639));
#7282 = CARTESIAN_POINT('',(0.741764932098,6.101623976499));
#7283 = ( GEOMETRIC_REPRESENTATION_CONTEXT(2) 
PARAMETRIC_REPRESENTATION_CONTEXT() REPRESENTATION_CONTEXT('2D SPACE',''
  ) );
#7284 = PCURVE('',#4643,#7285);
#7285 = DEFINITIONAL_REPRESENTATION('',(#7286),#7334);
#7286 = B_SPLINE_CURVE_WITH_KNOTS('',3,(#7287,#7288,#7289,#7290,#7291,
    #7292,#7293,#7294,#7295,#7296,#7297,#7298,#7299,#7300,#7301,#7302,
    #7303,#7304,#7305,#7306,#7307,#7308,#7309,#7310,#7311,#7312,#7313,
    #7314,#7315,#7316,#7317,#7318,#7319,#7320,#7321,#7322,#7323,#7324,
    #7325,#7326,#7327,#7328,#7329,#7330,#7331,#7332,#7333),
  .UNSPECIFIED.,.F.,.F.,(4,1,1,1,1,1,1,1,1,1,1,1,1,1,1,1,1,1,1,1,1,1,1,1
    ,1,1,1,1,1,1,1,1,1,1,1,1,1,1,1,1,1,1,1,1,4),(0.2573668024,
    0.26711845392,0.27687010544,0.28662175696,0.29637340848,0.30612506,
    0.315876711521,0.325628363041,0.335380014561,0.345131666081,
    0.354883317601,0.364634969121,0.374386620641,0.384138272161,
    0.393889923681,0.403641575201,0.413393226721,0.423144878241,
    0.432896529761,0.442648181281,0.452399832801,0.462151484321,
    0.471903135841,0.481654787361,0.491406438881,0.501158090401,
    0.510909741921,0.520661393441,0.530413044961,0.540164696481,
    0.549916348001,0.559667999521,0.569419651041,0.579171302561,
    0.588922954081,0.598674605601,0.608426257121,0.618177908641,
    0.627929560161,0.637681211681,0.647432863201,0.657184514721,
    0.666936166242,0.676687817762,0.686439469282),
  .QUASI_UNIFORM_KNOTS.);
#7287 = CARTESIAN_POINT('',(1.624398520999,0.136518345329));
#7288 = CARTESIAN_POINT('',(1.623674012112,0.136800725576));
#7289 = CARTESIAN_POINT('',(1.622202727861,0.137301139623));
#7290 = CARTESIAN_POINT('',(1.619939247751,0.13790915601));
#7291 = CARTESIAN_POINT('',(1.617631597258,0.138440480949));
#7292 = CARTESIAN_POINT('',(1.615284677942,0.138906852676));
#7293 = CARTESIAN_POINT('',(1.612900694384,0.139319742929));
#7294 = CARTESIAN_POINT('',(1.610483674824,0.139692062225));
#7295 = CARTESIAN_POINT('',(1.608039727936,0.14002751857));
#7296 = CARTESIAN_POINT('',(1.605571654349,0.140328924414));
#7297 = CARTESIAN_POINT('',(1.603083020652,0.140599363642));
#7298 = CARTESIAN_POINT('',(1.600577417293,0.140841749654));
#7299 = CARTESIAN_POINT('',(1.598057551625,0.141059433479));
#7300 = CARTESIAN_POINT('',(1.595530122216,0.141254031529));
#7301 = CARTESIAN_POINT('',(1.592999979094,0.141425977525));
#7302 = CARTESIAN_POINT('',(1.59047112408,0.141576209139));
#7303 = CARTESIAN_POINT('',(1.587947785657,0.141705536348));
#7304 = CARTESIAN_POINT('',(1.585434137771,0.141814810737));
#7305 = CARTESIAN_POINT('',(1.582934347413,0.141904880143));
#7306 = CARTESIAN_POINT('',(1.580452663151,0.14197660076));
#7307 = CARTESIAN_POINT('',(1.577993011153,0.142030833808));
#7308 = CARTESIAN_POINT('',(1.575560520414,0.142068446293));
#7309 = CARTESIAN_POINT('',(1.573155823797,0.142090310619));
#7310 = CARTESIAN_POINT('',(1.570796326795,0.14209730448));
#7311 = CARTESIAN_POINT('',(1.568436829793,0.142090310619));
#7312 = CARTESIAN_POINT('',(1.566032133175,0.142068446293));
#7313 = CARTESIAN_POINT('',(1.563599642437,0.142030833808));
#7314 = CARTESIAN_POINT('',(1.561139990439,0.14197660076));
#7315 = CARTESIAN_POINT('',(1.558658306177,0.141904880143));
#7316 = CARTESIAN_POINT('',(1.556158515818,0.141814810737));
#7317 = CARTESIAN_POINT('',(1.553644867933,0.141705536348));
#7318 = CARTESIAN_POINT('',(1.55112152951,0.141576209139));
#7319 = CARTESIAN_POINT('',(1.548592674496,0.141425977525));
#7320 = CARTESIAN_POINT('',(1.546062531374,0.141254031529));
#7321 = CARTESIAN_POINT('',(1.543535101964,0.141059433479));
#7322 = CARTESIAN_POINT('',(1.541015236297,0.140841749654));
#7323 = CARTESIAN_POINT('',(1.538509632937,0.140599363642));
#7324 = CARTESIAN_POINT('',(1.53602099924,0.140328924414));
#7325 = CARTESIAN_POINT('',(1.533552925654,0.14002751857));
#7326 = CARTESIAN_POINT('',(1.531108978766,0.139692062225));
#7327 = CARTESIAN_POINT('',(1.528691959206,0.139319742929));
#7328 = CARTESIAN_POINT('',(1.526307975648,0.138906852676));
#7329 = CARTESIAN_POINT('',(1.523961056331,0.138440480949));
#7330 = CARTESIAN_POINT('',(1.521653405839,0.13790915601));
#7331 = CARTESIAN_POINT('',(1.519389925729,0.137301139623));
#7332 = CARTESIAN_POINT('',(1.517918641478,0.136800725576));
#7333 = CARTESIAN_POINT('',(1.517194132591,0.136518345329));
#7334 = ( GEOMETRIC_REPRESENTATION_CONTEXT(2) 
PARAMETRIC_REPRESENTATION_CONTEXT() REPRESENTATION_CONTEXT('2D SPACE',''
  ) );
#7335 = ADVANCED_FACE('',(#7336),#4691,.F.);
#7336 = FACE_BOUND('',#7337,.T.);
#7337 = EDGE_LOOP('',(#7338,#7339,#7383));
#7338 = ORIENTED_EDGE('',*,*,#7189,.F.);
#7339 = ORIENTED_EDGE('',*,*,#7340,.T.);
#7340 = EDGE_CURVE('',#7190,#4597,#7341,.T.);
#7341 = SURFACE_CURVE('',#7342,(#7347,#7354),.PCURVE_S1.);
#7342 = CIRCLE('',#7343,6.128009464745);
#7343 = AXIS2_PLACEMENT_3D('',#7344,#7345,#7346);
#7344 = CARTESIAN_POINT('',(2.118767004711,0.,0.));
#7345 = DIRECTION('',(0.,-0.,1.));
#7346 = DIRECTION('',(0.,1.,0.));
#7347 = PCURVE('',#4691,#7348);
#7348 = DEFINITIONAL_REPRESENTATION('',(#7349),#7353);
#7349 = CIRCLE('',#7350,6.128009464745);
#7350 = AXIS2_PLACEMENT_2D('',#7351,#7352);
#7351 = CARTESIAN_POINT('',(2.118767004711,0.));
#7352 = DIRECTION('',(0.,1.));
#7353 = ( GEOMETRIC_REPRESENTATION_CONTEXT(2) 
PARAMETRIC_REPRESENTATION_CONTEXT() REPRESENTATION_CONTEXT('2D SPACE',''
  ) );
#7354 = PCURVE('',#4643,#7355);
#7355 = DEFINITIONAL_REPRESENTATION('',(#7356),#7382);
#7356 = B_SPLINE_CURVE_WITH_KNOTS('',3,(#7357,#7358,#7359,#7360,#7361,
    #7362,#7363,#7364,#7365,#7366,#7367,#7368,#7369,#7370,#7371,#7372,
    #7373,#7374,#7375,#7376,#7377,#7378,#7379,#7380,#7381),
  .UNSPECIFIED.,.F.,.F.,(4,1,1,1,1,1,1,1,1,1,1,1,1,1,1,1,1,1,1,1,1,1,4),
  (5.084252180158,5.115261512226,5.146270844293,5.177280176361,
    5.208289508428,5.239298840496,5.270308172563,5.301317504631,
    5.332326836699,5.363336168766,5.394345500834,5.425354832901,
    5.456364164969,5.487373497036,5.518382829104,5.549392161171,
    5.580401493239,5.611410825306,5.642420157374,5.673429489441,
    5.704438821509,5.735448153576,5.766457485644),
  .QUASI_UNIFORM_KNOTS.);
#7357 = CARTESIAN_POINT('',(1.624398520999,0.136518345329));
#7358 = CARTESIAN_POINT('',(1.6258164342,0.135964565152));
#7359 = CARTESIAN_POINT('',(1.62863444238,0.134813059189));
#7360 = CARTESIAN_POINT('',(1.63280394204,0.132955851498));
#7361 = CARTESIAN_POINT('',(1.636911841477,0.130970533731));
#7362 = CARTESIAN_POINT('',(1.640954156929,0.128859117492));
#7363 = CARTESIAN_POINT('',(1.644926978025,0.126623724304));
#7364 = CARTESIAN_POINT('',(1.648826480975,0.124266598888));
#7365 = CARTESIAN_POINT('',(1.65264892976,0.121790101857));
#7366 = CARTESIAN_POINT('',(1.656390680224,0.119196707775));
#7367 = CARTESIAN_POINT('',(1.660048183092,0.11648900166));
#7368 = CARTESIAN_POINT('',(1.663617986959,0.113669675785));
#7369 = CARTESIAN_POINT('',(1.667096740988,0.110741526305));
#7370 = CARTESIAN_POINT('',(1.670481197378,0.107707449834));
#7371 = CARTESIAN_POINT('',(1.673768213612,0.104570439968));
#7372 = CARTESIAN_POINT('',(1.676954754463,0.101333583752));
#7373 = CARTESIAN_POINT('',(1.680037893796,9.800005811051E-02));
#7374 = CARTESIAN_POINT('',(1.683014816175,9.457312625643E-02));
#7375 = CARTESIAN_POINT('',(1.685882818181,9.105613402523E-02));
#7376 = CARTESIAN_POINT('',(1.688639309903,8.745250638507E-02));
#7377 = CARTESIAN_POINT('',(1.691281814903,8.376574322562E-02));
#7378 = CARTESIAN_POINT('',(1.693807975048,7.999941779582E-02));
#7379 = CARTESIAN_POINT('',(1.696215536422,7.615716524615E-02));
#7380 = CARTESIAN_POINT('',(1.697740115573,7.35475271603E-02));
#7381 = CARTESIAN_POINT('',(1.698481933108,7.223129028288E-02));
#7382 = ( GEOMETRIC_REPRESENTATION_CONTEXT(2) 
PARAMETRIC_REPRESENTATION_CONTEXT() REPRESENTATION_CONTEXT('2D SPACE',''
  ) );
#7383 = ORIENTED_EDGE('',*,*,#4677,.F.);
#7384 = ADVANCED_FACE('',(#7385),#4643,.T.);
#7385 = FACE_BOUND('',#7386,.T.);
#7386 = EDGE_LOOP('',(#7387,#7388,#7434,#7510,#7532,#7533));
#7387 = ORIENTED_EDGE('',*,*,#7212,.T.);
#7388 = ORIENTED_EDGE('',*,*,#7389,.F.);
#7389 = EDGE_CURVE('',#7390,#6891,#7392,.T.);
#7390 = VERTEX_POINT('',#7391);
#7391 = CARTESIAN_POINT('',(5.146235463657,-5.327939069668,0.));
#7392 = SURFACE_CURVE('',#7393,(#7398,#7427),.PCURVE_S1.);
#7393 = CIRCLE('',#7394,6.128009464745);
#7394 = AXIS2_PLACEMENT_3D('',#7395,#7396,#7397);
#7395 = CARTESIAN_POINT('',(2.118767004711,0.,0.));
#7396 = DIRECTION('',(0.,-0.,1.));
#7397 = DIRECTION('',(0.,1.,0.));
#7398 = PCURVE('',#4643,#7399);
#7399 = DEFINITIONAL_REPRESENTATION('',(#7400),#7426);
#7400 = B_SPLINE_CURVE_WITH_KNOTS('',3,(#7401,#7402,#7403,#7404,#7405,
    #7406,#7407,#7408,#7409,#7410,#7411,#7412,#7413,#7414,#7415,#7416,
    #7417,#7418,#7419,#7420,#7421,#7422,#7423,#7424,#7425),
  .UNSPECIFIED.,.F.,.F.,(4,1,1,1,1,1,1,1,1,1,1,1,1,1,1,1,1,1,1,1,1,1,4),
  (3.658320475125,3.689329807193,3.72033913926,3.751348471328,
    3.782357803395,3.813367135463,3.844376467531,3.875385799598,
    3.906395131666,3.937404463733,3.968413795801,3.999423127868,
    4.030432459936,4.061441792003,4.092451124071,4.123460456138,
    4.154469788206,4.185479120273,4.216488452341,4.247497784409,
    4.278507116476,4.309516448544,4.340525780611),
  .QUASI_UNIFORM_KNOTS.);
#7401 = CARTESIAN_POINT('',(1.443110720482,7.223129028288E-02));
#7402 = CARTESIAN_POINT('',(1.443852538017,7.35475271603E-02));
#7403 = CARTESIAN_POINT('',(1.445377117168,7.615716524614E-02));
#7404 = CARTESIAN_POINT('',(1.447784678541,7.999941779582E-02));
#7405 = CARTESIAN_POINT('',(1.450310838687,8.376574322562E-02));
#7406 = CARTESIAN_POINT('',(1.452953343687,8.745250638507E-02));
#7407 = CARTESIAN_POINT('',(1.455709835409,9.105613402522E-02));
#7408 = CARTESIAN_POINT('',(1.458577837415,9.457312625643E-02));
#7409 = CARTESIAN_POINT('',(1.461554759794,9.800005811051E-02));
#7410 = CARTESIAN_POINT('',(1.464637899127,0.101333583752));
#7411 = CARTESIAN_POINT('',(1.467824439978,0.104570439968));
#7412 = CARTESIAN_POINT('',(1.471111456211,0.107707449834));
#7413 = CARTESIAN_POINT('',(1.474495912602,0.110741526305));
#7414 = CARTESIAN_POINT('',(1.477974666631,0.113669675785));
#7415 = CARTESIAN_POINT('',(1.481544470498,0.11648900166));
#7416 = CARTESIAN_POINT('',(1.485201973366,0.119196707775));
#7417 = CARTESIAN_POINT('',(1.48894372383,0.121790101857));
#7418 = CARTESIAN_POINT('',(1.492766172614,0.124266598888));
#7419 = CARTESIAN_POINT('',(1.496665675565,0.126623724304));
#7420 = CARTESIAN_POINT('',(1.500638496661,0.128859117492));
#7421 = CARTESIAN_POINT('',(1.504680812113,0.130970533731));
#7422 = CARTESIAN_POINT('',(1.50878871155,0.132955851498));
#7423 = CARTESIAN_POINT('',(1.51295821121,0.134813059189));
#7424 = CARTESIAN_POINT('',(1.515776219389,0.135964565152));
#7425 = CARTESIAN_POINT('',(1.517194132591,0.136518345329));
#7426 = ( GEOMETRIC_REPRESENTATION_CONTEXT(2) 
PARAMETRIC_REPRESENTATION_CONTEXT() REPRESENTATION_CONTEXT('2D SPACE',''
  ) );
#7427 = PCURVE('',#6906,#7428);
#7428 = DEFINITIONAL_REPRESENTATION('',(#7429),#7433);
#7429 = CIRCLE('',#7430,6.128009464745);
#7430 = AXIS2_PLACEMENT_2D('',#7431,#7432);
#7431 = CARTESIAN_POINT('',(2.118767004711,0.));
#7432 = DIRECTION('',(0.,1.));
#7433 = ( GEOMETRIC_REPRESENTATION_CONTEXT(2) 
PARAMETRIC_REPRESENTATION_CONTEXT() REPRESENTATION_CONTEXT('2D SPACE',''
  ) );
#7434 = ORIENTED_EDGE('',*,*,#7435,.T.);
#7435 = EDGE_CURVE('',#7390,#7436,#7438,.T.);
#7436 = VERTEX_POINT('',#7437);
#7437 = CARTESIAN_POINT('',(2.118767004711,-5.679344956099,
    -6.377678784301E-02));
#7438 = SURFACE_CURVE('',#7439,(#7452,#7481),.PCURVE_S1.);
#7439 = B_SPLINE_CURVE_WITH_KNOTS('',3,(#7440,#7441,#7442,#7443,#7444,
    #7445,#7446,#7447,#7448,#7449,#7450,#7451),.UNSPECIFIED.,.F.,.F.,(4,
    2,2,2,2,4),(0.325721736693,0.331542862326,0.36743916938,
    0.403335476434,0.475128090541,0.618713318757),.UNSPECIFIED.);
#7440 = CARTESIAN_POINT('',(5.146235463657,-5.327939069668,0.));
#7441 = CARTESIAN_POINT('',(5.127965616073,-5.338320454775,
    -7.203532983243E-19));
#7442 = CARTESIAN_POINT('',(5.109297989998,-5.347554049193,
    -1.598385186753E-04));
#7443 = CARTESIAN_POINT('',(4.982831156767,-5.40535315097,
    -1.760336295598E-03));
#7444 = CARTESIAN_POINT('',(4.867995017085,-5.436261454076,
    -5.491750651718E-03));
#7445 = CARTESIAN_POINT('',(4.633394780933,-5.49157839129,
    -1.308531829316E-02));
#7446 = CARTESIAN_POINT('',(4.513160602067,-5.513932541644,
    -1.724169378693E-02));
#7447 = CARTESIAN_POINT('',(4.14534105964,-5.572517682161,
    -2.955895060172E-02));
#7448 = CARTESIAN_POINT('',(3.89149934927,-5.600158863691,
    -3.750928307075E-02));
#7449 = CARTESIAN_POINT('',(3.120523617083,-5.663764144881,
    -5.703197079302E-02));
#7450 = CARTESIAN_POINT('',(2.597384432095,-5.679344956099,
    -6.377678784301E-02));
#7451 = CARTESIAN_POINT('',(2.118767004711,-5.679344956099,
    -6.377678784301E-02));
#7452 = PCURVE('',#4643,#7453);
#7453 = DEFINITIONAL_REPRESENTATION('',(#7454),#7480);
#7454 = B_SPLINE_CURVE_WITH_KNOTS('',3,(#7455,#7456,#7457,#7458,#7459,
    #7460,#7461,#7462,#7463,#7464,#7465,#7466,#7467,#7468,#7469,#7470,
    #7471,#7472,#7473,#7474,#7475,#7476,#7477,#7478,#7479),
  .UNSPECIFIED.,.F.,.F.,(4,1,1,1,1,1,1,1,1,1,1,1,1,1,1,1,1,1,1,1,1,1,4),
  (0.325721736693,0.339039535877,0.352357335062,0.365675134247,
    0.378992933432,0.392310732616,0.405628531801,0.418946330986,
    0.43226413017,0.445581929355,0.45889972854,0.472217527725,
    0.485535326909,0.498853126094,0.512170925279,0.525488724463,
    0.538806523648,0.552124322833,0.565442122018,0.578759921202,
    0.592077720387,0.605395519572,0.618713318757),
  .QUASI_UNIFORM_KNOTS.);
#7455 = CARTESIAN_POINT('',(1.443110720482,7.223129028288E-02));
#7456 = CARTESIAN_POINT('',(1.442588471578,7.125333339393E-02));
#7457 = CARTESIAN_POINT('',(1.441715783853,6.92875601686E-02));
#7458 = CARTESIAN_POINT('',(1.440767204742,6.629051547633E-02));
#7459 = CARTESIAN_POINT('',(1.439997987117,6.320167195253E-02));
#7460 = CARTESIAN_POINT('',(1.439318436245,6.006374174814E-02));
#7461 = CARTESIAN_POINT('',(1.438732178011,5.687009032686E-02));
#7462 = CARTESIAN_POINT('',(1.43821482383,5.362665065153E-02));
#7463 = CARTESIAN_POINT('',(1.437751771054,5.034090857265E-02));
#7464 = CARTESIAN_POINT('',(1.437339178786,4.701939208252E-02));
#7465 = CARTESIAN_POINT('',(1.436972132927,4.366665862853E-02));
#7466 = CARTESIAN_POINT('',(1.43664600987,4.028786180097E-02));
#7467 = CARTESIAN_POINT('',(1.436356126022,3.68877272153E-02));
#7468 = CARTESIAN_POINT('',(1.436097774597,3.347208072854E-02));
#7469 = CARTESIAN_POINT('',(1.435870264652,3.005109506867E-02));
#7470 = CARTESIAN_POINT('',(1.435672173121,2.662990918532E-02));
#7471 = CARTESIAN_POINT('',(1.435502239296,2.321485511387E-02));
#7472 = CARTESIAN_POINT('',(1.435359162224,1.981194936654E-02));
#7473 = CARTESIAN_POINT('',(1.435241654762,1.642729631403E-02));
#7474 = CARTESIAN_POINT('',(1.435148428868,1.306697923282E-02));
#7475 = CARTESIAN_POINT('',(1.435078199313,9.737088650055E-03));
#7476 = CARTESIAN_POINT('',(1.435029682506,6.443713886019E-03));
#7477 = CARTESIAN_POINT('',(1.43500159643,3.192944665254E-03));
#7478 = CARTESIAN_POINT('',(1.434995639507,1.05822789584E-03));
#7479 = CARTESIAN_POINT('',(1.434995639395,0.));
#7480 = ( GEOMETRIC_REPRESENTATION_CONTEXT(2) 
PARAMETRIC_REPRESENTATION_CONTEXT() REPRESENTATION_CONTEXT('2D SPACE',''
  ) );
#7481 = PCURVE('',#6934,#7482);
#7482 = DEFINITIONAL_REPRESENTATION('',(#7483),#7509);
#7483 = B_SPLINE_CURVE_WITH_KNOTS('',3,(#7484,#7485,#7486,#7487,#7488,
    #7489,#7490,#7491,#7492,#7493,#7494,#7495,#7496,#7497,#7498,#7499,
    #7500,#7501,#7502,#7503,#7504,#7505,#7506,#7507,#7508),
  .UNSPECIFIED.,.F.,.F.,(4,1,1,1,1,1,1,1,1,1,1,1,1,1,1,1,1,1,1,1,1,1,4),
  (0.325721736693,0.339039535877,0.352357335062,0.365675134247,
    0.378992933432,0.392310732616,0.405628531801,0.418946330986,
    0.43226413017,0.445581929355,0.45889972854,0.472217527725,
    0.485535326909,0.498853126094,0.512170925279,0.525488724463,
    0.538806523648,0.552124322833,0.565442122018,0.578759921202,
    0.592077720387,0.605395519572,0.618713318757),
  .QUASI_UNIFORM_KNOTS.);
#7484 = CARTESIAN_POINT('',(0.741764932098,-2.12354636568E-02));
#7485 = CARTESIAN_POINT('',(0.71971843108,1.968290731043E-02));
#7486 = CARTESIAN_POINT('',(0.682738468015,0.101940609947));
#7487 = CARTESIAN_POINT('',(0.642158118141,0.227377734259));
#7488 = CARTESIAN_POINT('',(0.608888239721,0.356683331451));
#7489 = CARTESIAN_POINT('',(0.579303313259,0.488069554092));
#7490 = CARTESIAN_POINT('',(0.553536949039,0.621814354599));
#7491 = CARTESIAN_POINT('',(0.530601680108,0.757669082488));
#7492 = CARTESIAN_POINT('',(0.509924236535,0.895319994242));
#7493 = CARTESIAN_POINT('',(0.49135633335,1.034492778912));
#7494 = CARTESIAN_POINT('',(0.474706695401,1.174995506611));
#7495 = CARTESIAN_POINT('',(0.459799458206,1.316611222119));
#7496 = CARTESIAN_POINT('',(0.446458176545,1.459140690489));
#7497 = CARTESIAN_POINT('',(0.43451420349,1.602338821013));
#7498 = CARTESIAN_POINT('',(0.423955733709,1.745777910304));
#7499 = CARTESIAN_POINT('',(0.414722952151,1.889240020351));
#7500 = CARTESIAN_POINT('',(0.406766733848,2.032457702952));
#7501 = CARTESIAN_POINT('',(0.400035259634,2.175176776124));
#7502 = CARTESIAN_POINT('',(0.394477825379,2.317139503207));
#7503 = CARTESIAN_POINT('',(0.390043924743,2.458089100017));
#7504 = CARTESIAN_POINT('',(0.38668350271,2.597768527154));
#7505 = CARTESIAN_POINT('',(0.384346819009,2.735920813604));
#7506 = CARTESIAN_POINT('',(0.382984364198,2.872288970022));
#7507 = CARTESIAN_POINT('',(0.38269259059,2.96184033134));
#7508 = CARTESIAN_POINT('',(0.382692593535,3.006232995289));
#7509 = ( GEOMETRIC_REPRESENTATION_CONTEXT(2) 
PARAMETRIC_REPRESENTATION_CONTEXT() REPRESENTATION_CONTEXT('2D SPACE',''
  ) );
#7510 = ORIENTED_EDGE('',*,*,#7511,.T.);
#7511 = EDGE_CURVE('',#7436,#4574,#7512,.T.);
#7512 = SURFACE_CURVE('',#7513,(#7518,#7525),.PCURVE_S1.);
#7513 = CIRCLE('',#7514,41.95);
#7514 = AXIS2_PLACEMENT_3D('',#7515,#7516,#7517);
#7515 = CARTESIAN_POINT('',(2.118767004711,0.,41.5));
#7516 = DIRECTION('',(1.,0.,0.));
#7517 = DIRECTION('',(-0.,1.,0.));
#7518 = PCURVE('',#4643,#7519);
#7519 = DEFINITIONAL_REPRESENTATION('',(#7520),#7524);
#7520 = LINE('',#7521,#7522);
#7521 = CARTESIAN_POINT('',(-3.14159265359,0.));
#7522 = VECTOR('',#7523,1.);
#7523 = DIRECTION('',(1.,0.));
#7524 = ( GEOMETRIC_REPRESENTATION_CONTEXT(2) 
PARAMETRIC_REPRESENTATION_CONTEXT() REPRESENTATION_CONTEXT('2D SPACE',''
  ) );
#7525 = PCURVE('',#4495,#7526);
#7526 = DEFINITIONAL_REPRESENTATION('',(#7527),#7531);
#7527 = LINE('',#7528,#7529);
#7528 = CARTESIAN_POINT('',(0.,4.237534009422));
#7529 = VECTOR('',#7530,1.);
#7530 = DIRECTION('',(1.,0.));
#7531 = ( GEOMETRIC_REPRESENTATION_CONTEXT(2) 
PARAMETRIC_REPRESENTATION_CONTEXT() REPRESENTATION_CONTEXT('2D SPACE',''
  ) );
#7532 = ORIENTED_EDGE('',*,*,#4596,.T.);
#7533 = ORIENTED_EDGE('',*,*,#7340,.F.);
#7534 = ADVANCED_FACE('',(#7535,#7663),#4495,.T.);
#7535 = FACE_BOUND('',#7536,.T.);
#7536 = EDGE_LOOP('',(#7537,#7538,#7561,#7583,#7584,#7611,#7637,#7662));
#7537 = ORIENTED_EDGE('',*,*,#7511,.F.);
#7538 = ORIENTED_EDGE('',*,*,#7539,.T.);
#7539 = EDGE_CURVE('',#7436,#7540,#7542,.T.);
#7540 = VERTEX_POINT('',#7541);
#7541 = CARTESIAN_POINT('',(-2.118767004711,-5.679344956099,
    -6.377678784301E-02));
#7542 = SURFACE_CURVE('',#7543,(#7547,#7554),.PCURVE_S1.);
#7543 = LINE('',#7544,#7545);
#7544 = CARTESIAN_POINT('',(5.125,-5.679344956099,-6.377678784301E-02));
#7545 = VECTOR('',#7546,1.);
#7546 = DIRECTION('',(-1.,0.,0.));
#7547 = PCURVE('',#4495,#7548);
#7548 = DEFINITIONAL_REPRESENTATION('',(#7549),#7553);
#7549 = LINE('',#7550,#7551);
#7550 = CARTESIAN_POINT('',(4.576588292984,7.243767004711));
#7551 = VECTOR('',#7552,1.);
#7552 = DIRECTION('',(0.,-1.));
#7553 = ( GEOMETRIC_REPRESENTATION_CONTEXT(2) 
PARAMETRIC_REPRESENTATION_CONTEXT() REPRESENTATION_CONTEXT('2D SPACE',''
  ) );
#7554 = PCURVE('',#6934,#7555);
#7555 = DEFINITIONAL_REPRESENTATION('',(#7556),#7560);
#7556 = LINE('',#7557,#7558);
#7557 = CARTESIAN_POINT('',(0.382692593535,0.));
#7558 = VECTOR('',#7559,1.);
#7559 = DIRECTION('',(0.,1.));
#7560 = ( GEOMETRIC_REPRESENTATION_CONTEXT(2) 
PARAMETRIC_REPRESENTATION_CONTEXT() REPRESENTATION_CONTEXT('2D SPACE',''
  ) );
#7561 = ORIENTED_EDGE('',*,*,#7562,.T.);
#7562 = EDGE_CURVE('',#7540,#4399,#7563,.T.);
#7563 = SURFACE_CURVE('',#7564,(#7569,#7576),.PCURVE_S1.);
#7564 = CIRCLE('',#7565,41.95);
#7565 = AXIS2_PLACEMENT_3D('',#7566,#7567,#7568);
#7566 = CARTESIAN_POINT('',(-2.118767004711,0.,41.5));
#7567 = DIRECTION('',(1.,-7.286106951024E-17,0.));
#7568 = DIRECTION('',(7.286106951024E-17,1.,0.));
#7569 = PCURVE('',#4495,#7570);
#7570 = DEFINITIONAL_REPRESENTATION('',(#7571),#7575);
#7571 = LINE('',#7572,#7573);
#7572 = CARTESIAN_POINT('',(0.,0.));
#7573 = VECTOR('',#7574,1.);
#7574 = DIRECTION('',(1.,0.));
#7575 = ( GEOMETRIC_REPRESENTATION_CONTEXT(2) 
PARAMETRIC_REPRESENTATION_CONTEXT() REPRESENTATION_CONTEXT('2D SPACE',''
  ) );
#7576 = PCURVE('',#4445,#7577);
#7577 = DEFINITIONAL_REPRESENTATION('',(#7578),#7582);
#7578 = LINE('',#7579,#7580);
#7579 = CARTESIAN_POINT('',(-3.14159265359,0.));
#7580 = VECTOR('',#7581,1.);
#7581 = DIRECTION('',(1.,0.));
#7582 = ( GEOMETRIC_REPRESENTATION_CONTEXT(2) 
PARAMETRIC_REPRESENTATION_CONTEXT() REPRESENTATION_CONTEXT('2D SPACE',''
  ) );
#7583 = ORIENTED_EDGE('',*,*,#4479,.T.);
#7584 = ORIENTED_EDGE('',*,*,#7585,.F.);
#7585 = EDGE_CURVE('',#7586,#4480,#7588,.T.);
#7586 = VERTEX_POINT('',#7587);
#7587 = CARTESIAN_POINT('',(-1.5,3.333974596216,-0.317306386134));
#7588 = SURFACE_CURVE('',#7589,(#7594,#7604),.PCURVE_S1.);
#7589 = ELLIPSE('',#7590,48.43968758501,41.95);
#7590 = AXIS2_PLACEMENT_3D('',#7591,#7592,#7593);
#7591 = CARTESIAN_POINT('',(-3.424871130596,0.,41.5));
#7592 = DIRECTION('',(0.866025403784,-0.5,0.));
#7593 = DIRECTION('',(0.5,0.866025403784,0.));
#7594 = PCURVE('',#4495,#7595);
#7595 = DEFINITIONAL_REPRESENTATION('',(#7596),#7603);
#7596 = B_SPLINE_CURVE_WITH_KNOTS('',5,(#7597,#7598,#7599,#7600,#7601,
    #7602),.UNSPECIFIED.,.F.,.F.,(6,6),(4.785736420928,4.848189667785),
  .PIECEWISE_BEZIER_KNOTS.);
#7597 = CARTESIAN_POINT('',(4.785736420928,0.468767004711));
#7598 = CARTESIAN_POINT('',(4.7982270703,0.770475186208));
#7599 = CARTESIAN_POINT('',(4.810717719671,1.071837231627));
#7600 = CARTESIAN_POINT('',(4.823208369042,1.372755075522));
#7601 = CARTESIAN_POINT('',(4.835699018414,1.673130877583));
#7602 = CARTESIAN_POINT('',(4.848189667785,1.972867213339));
#7603 = ( GEOMETRIC_REPRESENTATION_CONTEXT(2) 
PARAMETRIC_REPRESENTATION_CONTEXT() REPRESENTATION_CONTEXT('2D SPACE',''
  ) );
#7604 = PCURVE('',#4528,#7605);
#7605 = DEFINITIONAL_REPRESENTATION('',(#7606),#7610);
#7606 = ELLIPSE('',#7607,48.43968758501,41.95);
#7607 = AXIS2_PLACEMENT_2D('',#7608,#7609);
#7608 = CARTESIAN_POINT('',(6.849742261193,-42.01730638613));
#7609 = DIRECTION('',(-1.,0.));
#7610 = ( GEOMETRIC_REPRESENTATION_CONTEXT(2) 
PARAMETRIC_REPRESENTATION_CONTEXT() REPRESENTATION_CONTEXT('2D SPACE',''
  ) );
#7611 = ORIENTED_EDGE('',*,*,#7612,.T.);
#7612 = EDGE_CURVE('',#7586,#7613,#7615,.T.);
#7613 = VERTEX_POINT('',#7614);
#7614 = CARTESIAN_POINT('',(1.5,3.333974596216,-0.317306386134));
#7615 = SURFACE_CURVE('',#7616,(#7620,#7626),.PCURVE_S1.);
#7616 = LINE('',#7617,#7618);
#7617 = CARTESIAN_POINT('',(-2.118767004711,3.333974596216,
    -0.317306386134));
#7618 = VECTOR('',#7619,1.);
#7619 = DIRECTION('',(1.,0.,0.));
#7620 = PCURVE('',#4495,#7621);
#7621 = DEFINITIONAL_REPRESENTATION('',(#7622),#7625);
#7622 = B_SPLINE_CURVE_WITH_KNOTS('',1,(#7623,#7624),.UNSPECIFIED.,.F.,
  .F.,(2,2),(0.318767004711,3.918767004711),.PIECEWISE_BEZIER_KNOTS.);
#7623 = CARTESIAN_POINT('',(4.79194784387,0.318767004711));
#7624 = CARTESIAN_POINT('',(4.79194784387,3.918767004711));
#7625 = ( GEOMETRIC_REPRESENTATION_CONTEXT(2) 
PARAMETRIC_REPRESENTATION_CONTEXT() REPRESENTATION_CONTEXT('2D SPACE',''
  ) );
#7626 = PCURVE('',#7627,#7632);
#7627 = PLANE('',#7628);
#7628 = AXIS2_PLACEMENT_3D('',#7629,#7630,#7631);
#7629 = CARTESIAN_POINT('',(-1.5,3.333974596216,-0.517306386134));
#7630 = DIRECTION('',(0.,1.,0.));
#7631 = DIRECTION('',(1.,0.,0.));
#7632 = DEFINITIONAL_REPRESENTATION('',(#7633),#7636);
#7633 = B_SPLINE_CURVE_WITH_KNOTS('',1,(#7634,#7635),.UNSPECIFIED.,.F.,
  .F.,(2,2),(0.318767004711,3.918767004711),.PIECEWISE_BEZIER_KNOTS.);
#7634 = CARTESIAN_POINT('',(-0.3,-0.2));
#7635 = CARTESIAN_POINT('',(3.3,-0.2));
#7636 = ( GEOMETRIC_REPRESENTATION_CONTEXT(2) 
PARAMETRIC_REPRESENTATION_CONTEXT() REPRESENTATION_CONTEXT('2D SPACE',''
  ) );
#7637 = ORIENTED_EDGE('',*,*,#7638,.F.);
#7638 = EDGE_CURVE('',#4541,#7613,#7639,.T.);
#7639 = SURFACE_CURVE('',#7640,(#7645,#7655),.PCURVE_S1.);
#7640 = ELLIPSE('',#7641,48.43968758501,41.95);
#7641 = AXIS2_PLACEMENT_3D('',#7642,#7643,#7644);
#7642 = CARTESIAN_POINT('',(3.424871130596,0.,41.5));
#7643 = DIRECTION('',(-0.866025403784,-0.5,0.));
#7644 = DIRECTION('',(0.5,-0.866025403784,0.));
#7645 = PCURVE('',#4495,#7646);
#7646 = DEFINITIONAL_REPRESENTATION('',(#7647),#7654);
#7647 = B_SPLINE_CURVE_WITH_KNOTS('',5,(#7648,#7649,#7650,#7651,#7652,
    #7653),.UNSPECIFIED.,.F.,.F.,(6,6),(4.576588292984,4.639041539841),
  .PIECEWISE_BEZIER_KNOTS.);
#7648 = CARTESIAN_POINT('',(4.848189667785,2.264666796083));
#7649 = CARTESIAN_POINT('',(4.835699018414,2.564403131839));
#7650 = CARTESIAN_POINT('',(4.823208369042,2.8647789339));
#7651 = CARTESIAN_POINT('',(4.810717719671,3.165696777795));
#7652 = CARTESIAN_POINT('',(4.7982270703,3.467058823215));
#7653 = CARTESIAN_POINT('',(4.785736420928,3.768767004711));
#7654 = ( GEOMETRIC_REPRESENTATION_CONTEXT(2) 
PARAMETRIC_REPRESENTATION_CONTEXT() REPRESENTATION_CONTEXT('2D SPACE',''
  ) );
#7655 = PCURVE('',#4561,#7656);
#7656 = DEFINITIONAL_REPRESENTATION('',(#7657),#7661);
#7657 = ELLIPSE('',#7658,48.43968758501,41.95);
#7658 = AXIS2_PLACEMENT_2D('',#7659,#7660);
#7659 = CARTESIAN_POINT('',(-3.849742261193,-42.01730638613));
#7660 = DIRECTION('',(-1.,-0.));
#7661 = ( GEOMETRIC_REPRESENTATION_CONTEXT(2) 
PARAMETRIC_REPRESENTATION_CONTEXT() REPRESENTATION_CONTEXT('2D SPACE',''
  ) );
#7662 = ORIENTED_EDGE('',*,*,#4573,.T.);
#7663 = FACE_BOUND('',#7664,.T.);
#7664 = EDGE_LOOP('',(#7665));
#7665 = ORIENTED_EDGE('',*,*,#7666,.F.);
#7666 = EDGE_CURVE('',#7667,#7667,#7669,.T.);
#7667 = VERTEX_POINT('',#7668);
#7668 = CARTESIAN_POINT('',(-6.476399860844E-09,2.023996987598,
    -0.40114480768));
#7669 = SURFACE_CURVE('',#7670,(#7687,#7760),.PCURVE_S1.);
#7670 = B_SPLINE_CURVE_WITH_KNOTS('',3,(#7671,#7672,#7673,#7674,#7675,
    #7676,#7677,#7678,#7679,#7680,#7681,#7682,#7683,#7684,#7685,#7686),
  .UNSPECIFIED.,.T.,.F.,(1,3,1,1,1,1,1,1,1,1,1,1,1,1,3,1),(
    -1.024873313655,-0.956548426078,-0.888223538501,-0.819898650924,
    -0.751573763347,-0.68324887577,-0.614923988193,-0.546599100616,
    -0.478274213039,-0.409949325462,-0.273299550308,-0.204974662731,
    -0.136649775154,-6.832488757698E-02,0.,6.832488757698E-02),
  .UNSPECIFIED.);
#7671 = CARTESIAN_POINT('',(-6.476399860844E-09,2.023996987598,
    -0.40114480768));
#7672 = CARTESIAN_POINT('',(0.306105598616,2.023996987598,-0.40114480768
    ));
#7673 = CARTESIAN_POINT('',(0.917899952987,1.885146455278,
    -0.408218324283));
#7674 = CARTESIAN_POINT('',(1.653344381755,1.304077561819,
    -0.431869434666));
#7675 = CARTESIAN_POINT('',(2.06030359297,0.465175677681,-0.450738538243
    ));
#7676 = CARTESIAN_POINT('',(2.060542247591,-0.465720994877,
    -0.450824460857));
#7677 = CARTESIAN_POINT('',(1.653067618561,-1.30395088239,
    -0.431828841378));
#7678 = CARTESIAN_POINT('',(0.917129631862,-1.886740460052,
    -0.408204367117));
#7679 = CARTESIAN_POINT('',(1.3716990543E-03,-2.092077288718,
    -0.397578314229));
#7680 = CARTESIAN_POINT('',(-1.229966668667,-1.820835876311,
    -0.411997471809));
#7681 = CARTESIAN_POINT('',(-2.065613050214,-0.779080672769,
    -0.451088661532));
#7682 = CARTESIAN_POINT('',(-2.058107580731,0.466902069591,
    -0.450594860826));
#7683 = CARTESIAN_POINT('',(-1.654077448369,1.303690926979,
    -0.431897528862));
#7684 = CARTESIAN_POINT('',(-0.917508280211,1.885474564593,
    -0.408190990695));
#7685 = CARTESIAN_POINT('',(-0.306105611569,2.023996987598,
    -0.40114480768));
#7686 = CARTESIAN_POINT('',(-6.476399860844E-09,2.023996987598,
    -0.40114480768));
#7687 = PCURVE('',#4495,#7688);
#7688 = DEFINITIONAL_REPRESENTATION('',(#7689),#7759);
#7689 = B_SPLINE_CURVE_WITH_KNOTS('',3,(#7690,#7691,#7692,#7693,#7694,
    #7695,#7696,#7697,#7698,#7699,#7700,#7701,#7702,#7703,#7704,#7705,
    #7706,#7707,#7708,#7709,#7710,#7711,#7712,#7713,#7714,#7715,#7716,
    #7717,#7718,#7719,#7720,#7721,#7722,#7723,#7724,#7725,#7726,#7727,
    #7728,#7729,#7730,#7731,#7732,#7733,#7734,#7735,#7736,#7737,#7738,
    #7739,#7740,#7741,#7742,#7743,#7744,#7745,#7746,#7747,#7748,#7749,
    #7750,#7751,#7752,#7753,#7754,#7755,#7756,#7757,#7758),
  .UNSPECIFIED.,.T.,.F.,(4,1,1,1,1,1,1,1,1,1,1,1,1,1,1,1,1,1,1,1,1,1,1,1
    ,1,1,1,1,1,1,1,1,1,1,1,1,1,1,1,1,1,1,1,1,1,1,1,1,1,1,1,1,1,1,1,1,1,1
    ,1,1,1,1,1,1,1,1,4),(-0.956548426078,-0.942055268107,-0.927562110136
    ,-0.913068952165,-0.898575794194,-0.884082636223,-0.869589478252,
    -0.855096320282,-0.840603162311,-0.82611000434,-0.811616846369,
    -0.797123688398,-0.782630530427,-0.768137372456,-0.753644214485,
    -0.739151056515,-0.724657898544,-0.710164740573,-0.695671582602,
    -0.681178424631,-0.66668526666,-0.652192108689,-0.637698950718,
    -0.623205792748,-0.608712634777,-0.594219476806,-0.579726318835,
    -0.565233160864,-0.550740002893,-0.536246844922,-0.521753686951,
    -0.507260528981,-0.49276737101,-0.478274213039,-0.463781055068,
    -0.449287897097,-0.434794739126,-0.420301581155,-0.405808423184,
    -0.391315265214,-0.376822107243,-0.362328949272,-0.347835791301,
    -0.33334263333,-0.318849475359,-0.304356317388,-0.289863159417,
    -0.275370001447,-0.260876843476,-0.246383685505,-0.231890527534,
    -0.217397369563,-0.202904211592,-0.188411053621,-0.17391789565,
    -0.15942473768,-0.144931579709,-0.130438421738,-0.115945263767,
    -0.101452105796,-8.695894782524E-02,-7.246578985437E-02,
    -5.797263188349E-02,-4.347947391262E-02,-2.898631594175E-02,
    -1.449315797087E-02,0.),.UNSPECIFIED.);
#7690 = CARTESIAN_POINT('',(4.760655561386,2.118766998235));
#7691 = CARTESIAN_POINT('',(4.760655561212,2.183698490224));
#7692 = CARTESIAN_POINT('',(4.760506435543,2.31354266236));
#7693 = CARTESIAN_POINT('',(4.759845428313,2.506525464317));
#7694 = CARTESIAN_POINT('',(4.758757063084,2.695995800491));
#7695 = CARTESIAN_POINT('',(4.757251638365,2.8802316222));
#7696 = CARTESIAN_POINT('',(4.755338176039,3.057485026166));
#7697 = CARTESIAN_POINT('',(4.753030823158,3.226112304274));
#7698 = CARTESIAN_POINT('',(4.750357561691,3.384752963751));
#7699 = CARTESIAN_POINT('',(4.747344133053,3.531997182148));
#7700 = CARTESIAN_POINT('',(4.744017244088,3.666470140926));
#7701 = CARTESIAN_POINT('',(4.740401869068,3.786706335575));
#7702 = CARTESIAN_POINT('',(4.73653097298,3.891689107318));
#7703 = CARTESIAN_POINT('',(4.73244334843,3.980731298711));
#7704 = CARTESIAN_POINT('',(4.728176427109,4.053066812752));
#7705 = CARTESIAN_POINT('',(4.723768073855,4.107966900831));
#7706 = CARTESIAN_POINT('',(4.71925565284,4.144632360322));
#7707 = CARTESIAN_POINT('',(4.714680606594,4.162972724423));
#7708 = CARTESIAN_POINT('',(4.710084992719,4.1629981733));
#7709 = CARTESIAN_POINT('',(4.705510668766,4.144699453319));
#7710 = CARTESIAN_POINT('',(4.700999708625,4.108046548466));
#7711 = CARTESIAN_POINT('',(4.69659347174,4.053114158918));
#7712 = CARTESIAN_POINT('',(4.692328578344,3.980713180476));
#7713 = CARTESIAN_POINT('',(4.688242194198,3.891581426112));
#7714 = CARTESIAN_POINT('',(4.684371108262,3.786495144434));
#7715 = CARTESIAN_POINT('',(4.680753213157,3.666149924337));
#7716 = CARTESIAN_POINT('',(4.677421739471,3.531577694277));
#7717 = CARTESIAN_POINT('',(4.67440350142,3.384268114801));
#7718 = CARTESIAN_POINT('',(4.671726775094,3.225619377763));
#7719 = CARTESIAN_POINT('',(4.669418799121,3.05706140017));
#7720 = CARTESIAN_POINT('',(4.667509603636,2.879988667103));
#7721 = CARTESIAN_POINT('',(4.666011633075,2.695987165384));
#7722 = CARTESIAN_POINT('',(4.664930810307,2.506712954859));
#7723 = CARTESIAN_POINT('',(4.664274683174,2.313804741026));
#7724 = CARTESIAN_POINT('',(4.664050366945,2.118905789701));
#7725 = CARTESIAN_POINT('',(4.664265104665,1.923658479779));
#7726 = CARTESIAN_POINT('',(4.66491341241,1.730024086867));
#7727 = CARTESIAN_POINT('',(4.665989967499,1.539968824059));
#7728 = CARTESIAN_POINT('',(4.667488886981,1.355440167142));
#7729 = CARTESIAN_POINT('',(4.669406402419,1.178455603643));
#7730 = CARTESIAN_POINT('',(4.671730266428,1.010750446726));
#7731 = CARTESIAN_POINT('',(4.674425408985,0.853300857715));
#7732 = CARTESIAN_POINT('',(4.677460260447,0.707199047199));
#7733 = CARTESIAN_POINT('',(4.680802326735,0.573506169511));
#7734 = CARTESIAN_POINT('',(4.68441937486,0.453291554745));
#7735 = CARTESIAN_POINT('',(4.688279125689,0.347622886202));
#7736 = CARTESIAN_POINT('',(4.692349314904,0.257566258595));
#7737 = CARTESIAN_POINT('',(4.696597781966,0.184195767782));
#7738 = CARTESIAN_POINT('',(4.700992086494,0.128555093631));
#7739 = CARTESIAN_POINT('',(4.705500993318,9.180157881968E-02));
#7740 = CARTESIAN_POINT('',(4.710080632709,7.385667121442E-02));
#7741 = CARTESIAN_POINT('',(4.714685239158,7.446274338979E-02));
#7742 = CARTESIAN_POINT('',(4.719269615623,9.340546083212E-02));
#7743 = CARTESIAN_POINT('',(4.723788080422,0.13047263499));
#7744 = CARTESIAN_POINT('',(4.728196339872,0.185399012719));
#7745 = CARTESIAN_POINT('',(4.732459336729,0.257526034901));
#7746 = CARTESIAN_POINT('',(4.736541066238,0.346238051575));
#7747 = CARTESIAN_POINT('',(4.74040599794,0.45088451052));
#7748 = CARTESIAN_POINT('',(4.744017536499,0.570911559409));
#7749 = CARTESIAN_POINT('',(4.74734347372,0.705348728676));
#7750 = CARTESIAN_POINT('',(4.750357613623,0.8526571636));
#7751 = CARTESIAN_POINT('',(4.753032401253,1.011411355894));
#7752 = CARTESIAN_POINT('',(4.75534119206,1.180147386528));
#7753 = CARTESIAN_POINT('',(4.757254944161,1.357441633007));
#7754 = CARTESIAN_POINT('',(4.758759648232,1.541656896141));
#7755 = CARTESIAN_POINT('',(4.759846870324,1.731077955066));
#7756 = CARTESIAN_POINT('',(4.760506788241,1.924008944281));
#7757 = CARTESIAN_POINT('',(4.760655561211,2.053835506245));
#7758 = CARTESIAN_POINT('',(4.760655561386,2.118766998235));
#7759 = ( GEOMETRIC_REPRESENTATION_CONTEXT(2) 
PARAMETRIC_REPRESENTATION_CONTEXT() REPRESENTATION_CONTEXT('2D SPACE',''
  ) );
#7760 = PCURVE('',#7761,#7842);
#7761 = B_SPLINE_SURFACE_WITH_KNOTS('',3,3,(
    (#7762,#7763,#7764,#7765,#7766,#7767,#7768,#7769,#7770,#7771,#7772
      ,#7773,#7774,#7775,#7776,#7777)
    ,(#7778,#7779,#7780,#7781,#7782,#7783,#7784,#7785,#7786,#7787,#7788
      ,#7789,#7790,#7791,#7792,#7793)
    ,(#7794,#7795,#7796,#7797,#7798,#7799,#7800,#7801,#7802,#7803,#7804
      ,#7805,#7806,#7807,#7808,#7809)
    ,(#7810,#7811,#7812,#7813,#7814,#7815,#7816,#7817,#7818,#7819,#7820
      ,#7821,#7822,#7823,#7824,#7825)
    ,(#7826,#7827,#7828,#7829,#7830,#7831,#7832,#7833,#7834,#7835,#7836
      ,#7837,#7838,#7839,#7840,#7841
  )),.UNSPECIFIED.,.F.,.T.,.F.,(4,1,4),(1,3,1,1,1,1,1,1,1,1,1,1,1,1,3,1)
  ,(0.,0.5,1.),(-6.832488757698E-02,0.,6.832488757698E-02,0.136649775154
    ,0.204974662731,0.273299550308,0.409949325462,0.478274213039,
    0.546599100616,0.614923988193,0.68324887577,0.751573763347,
    0.819898650924,0.888223538501,0.956548426078,1.024873313655),
  .UNSPECIFIED.);
#7762 = CARTESIAN_POINT('',(-6.476399860844E-09,2.023996987598,
    -0.40114480768));
#7763 = CARTESIAN_POINT('',(-0.306105611569,2.023996987598,
    -0.40114480768));
#7764 = CARTESIAN_POINT('',(-0.917508280211,1.885474564593,
    -0.408190990695));
#7765 = CARTESIAN_POINT('',(-1.654077448369,1.303690926979,
    -0.431897528862));
#7766 = CARTESIAN_POINT('',(-2.058107580731,0.466902069591,
    -0.450594860826));
#7767 = CARTESIAN_POINT('',(-2.065613050214,-0.779080672769,
    -0.451088661532));
#7768 = CARTESIAN_POINT('',(-1.229966668667,-1.820835876311,
    -0.411997471809));
#7769 = CARTESIAN_POINT('',(1.3716990543E-03,-2.092077288718,
    -0.397578314229));
#7770 = CARTESIAN_POINT('',(0.917129631862,-1.886740460052,
    -0.408204367117));
#7771 = CARTESIAN_POINT('',(1.653067618561,-1.30395088239,
    -0.431828841378));
#7772 = CARTESIAN_POINT('',(2.060542247591,-0.465720994877,
    -0.450824460857));
#7773 = CARTESIAN_POINT('',(2.06030359297,0.465175677681,-0.450738538243
    ));
#7774 = CARTESIAN_POINT('',(1.653344381755,1.304077561819,
    -0.431869434666));
#7775 = CARTESIAN_POINT('',(0.917899952987,1.885146455278,
    -0.408218324283));
#7776 = CARTESIAN_POINT('',(0.306105598616,2.023996987598,-0.40114480768
    ));
#7777 = CARTESIAN_POINT('',(-6.476399860844E-09,2.023996987598,
    -0.40114480768));
#7778 = CARTESIAN_POINT('',(-6.476399860844E-09,1.904531006934,
    -0.406915504068));
#7779 = CARTESIAN_POINT('',(-0.288110524634,1.904531006934,
    -0.406915504068));
#7780 = CARTESIAN_POINT('',(-0.863562657167,1.773545192284,
    -0.413159725499));
#7781 = CARTESIAN_POINT('',(-1.555272315112,1.224933810818,
    -0.43406350544));
#7782 = CARTESIAN_POINT('',(-1.933424002304,0.438185976712,
    -0.450457100504));
#7783 = CARTESIAN_POINT('',(-1.94062483285,-0.731040310548,
    -0.45091598897));
#7784 = CARTESIAN_POINT('',(-1.157796684665,-1.712109502314,
    -0.416573155045));
#7785 = CARTESIAN_POINT('',(1.3304247748E-03,-1.968856377098,
    -0.403790130902));
#7786 = CARTESIAN_POINT('',(0.863209512919,-1.774629849244,
    -0.413201564839));
#7787 = CARTESIAN_POINT('',(1.554312350939,-1.225119010078,
    -0.434015061269));
#7788 = CARTESIAN_POINT('',(1.93573206752,-0.437102969653,
    -0.450663125818));
#7789 = CARTESIAN_POINT('',(1.935540568743,0.436668596751,
    -0.450591318153));
#7790 = CARTESIAN_POINT('',(1.55456231566,1.22527208246,-0.434035364926)
  );
#7791 = CARTESIAN_POINT('',(0.8639412086,1.773257620015,-0.41318532988)
  );
#7792 = CARTESIAN_POINT('',(0.288110511681,1.904531006934,
    -0.406915504068));
#7793 = CARTESIAN_POINT('',(-6.476399860844E-09,1.904531006934,
    -0.406915504068));
#7794 = CARTESIAN_POINT('',(-6.476399860844E-09,1.670547298419,
    -0.50796877325));
#7795 = CARTESIAN_POINT('',(-0.252337300062,1.670547298419,
    -0.50796877325));
#7796 = CARTESIAN_POINT('',(-0.756158415697,1.554469707664,
    -0.51352986013));
#7797 = CARTESIAN_POINT('',(-1.358642677182,1.070935513308,
    -0.532107548528));
#7798 = CARTESIAN_POINT('',(-1.685340854947,0.382028417776,
    -0.546544501376));
#7799 = CARTESIAN_POINT('',(-1.691918882329,-0.637534267811,
    -0.546978723566));
#7800 = CARTESIAN_POINT('',(-1.014142448533,-1.499802152978,
    -0.516565915253));
#7801 = CARTESIAN_POINT('',(1.1990007048E-03,-1.727966275153,
    -0.505119421599));
#7802 = CARTESIAN_POINT('',(0.755861095945,-1.555641243845,
    -0.513536344207));
#7803 = CARTESIAN_POINT('',(1.357702273556,-1.071247517453,
    -0.53203523093));
#7804 = CARTESIAN_POINT('',(1.687453166499,-0.381396468337,
    -0.546743184022));
#7805 = CARTESIAN_POINT('',(1.687270743746,0.380911030593,
    -0.546673847067));
#7806 = CARTESIAN_POINT('',(1.357995878547,1.071200969322,
    -0.532082365609));
#7807 = CARTESIAN_POINT('',(0.756505069498,1.554259327251,
    -0.513554555255));
#7808 = CARTESIAN_POINT('',(0.25233728711,1.670547298419,-0.50796877325)
  );
#7809 = CARTESIAN_POINT('',(-6.476399860844E-09,1.670547298419,
    -0.50796877325));
#7810 = CARTESIAN_POINT('',(-6.476399860844E-09,1.560447846196,
    -0.737834494233));
#7811 = CARTESIAN_POINT('',(-0.233984457471,1.560447846196,
    -0.737834494233));
#7812 = CARTESIAN_POINT('',(-0.701405518662,1.452503829846,
    -0.74441036375));
#7813 = CARTESIAN_POINT('',(-1.26167405088,1.001961482094,
    -0.766468823694));
#7814 = CARTESIAN_POINT('',(-1.566764333904,0.35799364307,
    -0.783791849561));
#7815 = CARTESIAN_POINT('',(-1.572742671474,-0.596955002574,
    -0.784268954849));
#7816 = CARTESIAN_POINT('',(-0.940503413491,-1.40142149703,
    -0.747985065496));
#7817 = CARTESIAN_POINT('',(1.141975642E-03,-1.61318938477,
    -0.734515484951));
#7818 = CARTESIAN_POINT('',(0.701121503469,-1.453110053956,
    -0.744434983152));
#7819 = CARTESIAN_POINT('',(1.260928766599,-1.001943720405,
    -0.766407089519));
#7820 = CARTESIAN_POINT('',(1.568623564731,-0.357020468548,
    -0.784010028589));
#7821 = CARTESIAN_POINT('',(1.568542637417,0.356847047166,
    -0.783931453046));
#7822 = CARTESIAN_POINT('',(1.261070426193,1.002206909538,
    -0.766440732892));
#7823 = CARTESIAN_POINT('',(0.701724838028,1.452287467853,
    -0.744436966602));
#7824 = CARTESIAN_POINT('',(0.233984444518,1.560447846196,
    -0.737834494233));
#7825 = CARTESIAN_POINT('',(-6.476399860844E-09,1.560447846196,
    -0.737834494233));
#7826 = CARTESIAN_POINT('',(-6.476399860844E-09,1.550023559739,
    -0.856984633657));
#7827 = CARTESIAN_POINT('',(-0.231661573734,1.550023559739,
    -0.856984633657));
#7828 = CARTESIAN_POINT('',(-0.694360891457,1.443765881864,
    -0.864114799783));
#7829 = CARTESIAN_POINT('',(-1.251332732992,0.997908680004,
    -0.888103895019));
#7830 = CARTESIAN_POINT('',(-1.556497513842,0.357253005091,
    -0.907024079569));
#7831 = CARTESIAN_POINT('',(-1.562210678487,-0.596108310527,
    -0.907523765862));
#7832 = CARTESIAN_POINT('',(-0.930865934894,-1.394118467874,
    -0.867966650159));
#7833 = CARTESIAN_POINT('',(1.045600939101E-03,-1.602261030636,
    -0.853375631344));
#7834 = CARTESIAN_POINT('',(0.694077004105,-1.444729930896,
    -0.864128335637));
#7835 = CARTESIAN_POINT('',(1.250562380798,-0.998106391584,
    -0.888034388853));
#7836 = CARTESIAN_POINT('',(1.55834651826,-0.356371358845,
    -0.907256416192));
#7837 = CARTESIAN_POINT('',(1.558170354706,0.355960227499,
    -0.907169469471));
#7838 = CARTESIAN_POINT('',(1.250773723004,0.998198699301,-0.88807546597
    ));
#7839 = CARTESIAN_POINT('',(0.694659479772,1.443520389088,
    -0.864142459158));
#7840 = CARTESIAN_POINT('',(0.231661560781,1.550023559739,
    -0.856984633657));
#7841 = CARTESIAN_POINT('',(-6.476399860844E-09,1.550023559739,
    -0.856984633657));
#7842 = DEFINITIONAL_REPRESENTATION('',(#7843),#7847);
#7843 = LINE('',#7844,#7845);
#7844 = CARTESIAN_POINT('',(-8.291982031108E-16,0.));
#7845 = VECTOR('',#7846,1.);
#7846 = DIRECTION('',(0.,-1.));
#7847 = ( GEOMETRIC_REPRESENTATION_CONTEXT(2) 
PARAMETRIC_REPRESENTATION_CONTEXT() REPRESENTATION_CONTEXT('2D SPACE',''
  ) );
#7848 = ADVANCED_FACE('',(#7849),#4561,.T.);
#7849 = FACE_BOUND('',#7850,.T.);
#7850 = EDGE_LOOP('',(#7851,#7852,#7875,#7903,#7924));
#7851 = ORIENTED_EDGE('',*,*,#7638,.T.);
#7852 = ORIENTED_EDGE('',*,*,#7853,.T.);
#7853 = EDGE_CURVE('',#7613,#7854,#7856,.T.);
#7854 = VERTEX_POINT('',#7855);
#7855 = CARTESIAN_POINT('',(1.5,3.333974596216,0.182693613866));
#7856 = SURFACE_CURVE('',#7857,(#7861,#7868),.PCURVE_S1.);
#7857 = LINE('',#7858,#7859);
#7858 = CARTESIAN_POINT('',(1.5,3.333974596216,-0.517306386134));
#7859 = VECTOR('',#7860,1.);
#7860 = DIRECTION('',(0.,0.,1.));
#7861 = PCURVE('',#4561,#7862);
#7862 = DEFINITIONAL_REPRESENTATION('',(#7863),#7867);
#7863 = LINE('',#7864,#7865);
#7864 = CARTESIAN_POINT('',(0.,0.));
#7865 = VECTOR('',#7866,1.);
#7866 = DIRECTION('',(0.,-1.));
#7867 = ( GEOMETRIC_REPRESENTATION_CONTEXT(2) 
PARAMETRIC_REPRESENTATION_CONTEXT() REPRESENTATION_CONTEXT('2D SPACE',''
  ) );
#7868 = PCURVE('',#7627,#7869);
#7869 = DEFINITIONAL_REPRESENTATION('',(#7870),#7874);
#7870 = LINE('',#7871,#7872);
#7871 = CARTESIAN_POINT('',(3.,0.));
#7872 = VECTOR('',#7873,1.);
#7873 = DIRECTION('',(0.,-1.));
#7874 = ( GEOMETRIC_REPRESENTATION_CONTEXT(2) 
PARAMETRIC_REPRESENTATION_CONTEXT() REPRESENTATION_CONTEXT('2D SPACE',''
  ) );
#7875 = ORIENTED_EDGE('',*,*,#7876,.T.);
#7876 = EDGE_CURVE('',#7854,#7877,#7879,.T.);
#7877 = VERTEX_POINT('',#7878);
#7878 = CARTESIAN_POINT('',(0.,5.932050807569,0.182693613866));
#7879 = SURFACE_CURVE('',#7880,(#7884,#7891),.PCURVE_S1.);
#7880 = LINE('',#7881,#7882);
#7881 = CARTESIAN_POINT('',(1.5,3.333974596216,0.182693613866));
#7882 = VECTOR('',#7883,1.);
#7883 = DIRECTION('',(-0.5,0.866025403784,0.));
#7884 = PCURVE('',#4561,#7885);
#7885 = DEFINITIONAL_REPRESENTATION('',(#7886),#7890);
#7886 = LINE('',#7887,#7888);
#7887 = CARTESIAN_POINT('',(0.,-0.7));
#7888 = VECTOR('',#7889,1.);
#7889 = DIRECTION('',(1.,0.));
#7890 = ( GEOMETRIC_REPRESENTATION_CONTEXT(2) 
PARAMETRIC_REPRESENTATION_CONTEXT() REPRESENTATION_CONTEXT('2D SPACE',''
  ) );
#7891 = PCURVE('',#7892,#7897);
#7892 = PLANE('',#7893);
#7893 = AXIS2_PLACEMENT_3D('',#7894,#7895,#7896);
#7894 = CARTESIAN_POINT('',(0.,4.2,0.182693613866));
#7895 = DIRECTION('',(0.,0.,1.));
#7896 = DIRECTION('',(1.,0.,-0.));
#7897 = DEFINITIONAL_REPRESENTATION('',(#7898),#7902);
#7898 = LINE('',#7899,#7900);
#7899 = CARTESIAN_POINT('',(1.5,-0.866025403784));
#7900 = VECTOR('',#7901,1.);
#7901 = DIRECTION('',(-0.5,0.866025403784));
#7902 = ( GEOMETRIC_REPRESENTATION_CONTEXT(2) 
PARAMETRIC_REPRESENTATION_CONTEXT() REPRESENTATION_CONTEXT('2D SPACE',''
  ) );
#7903 = ORIENTED_EDGE('',*,*,#7904,.F.);
#7904 = EDGE_CURVE('',#4508,#7877,#7905,.T.);
#7905 = SURFACE_CURVE('',#7906,(#7910,#7917),.PCURVE_S1.);
#7906 = LINE('',#7907,#7908);
#7907 = CARTESIAN_POINT('',(0.,5.932050807569,-0.517306386134));
#7908 = VECTOR('',#7909,1.);
#7909 = DIRECTION('',(0.,0.,1.));
#7910 = PCURVE('',#4561,#7911);
#7911 = DEFINITIONAL_REPRESENTATION('',(#7912),#7916);
#7912 = LINE('',#7913,#7914);
#7913 = CARTESIAN_POINT('',(3.,0.));
#7914 = VECTOR('',#7915,1.);
#7915 = DIRECTION('',(0.,-1.));
#7916 = ( GEOMETRIC_REPRESENTATION_CONTEXT(2) 
PARAMETRIC_REPRESENTATION_CONTEXT() REPRESENTATION_CONTEXT('2D SPACE',''
  ) );
#7917 = PCURVE('',#4528,#7918);
#7918 = DEFINITIONAL_REPRESENTATION('',(#7919),#7923);
#7919 = LINE('',#7920,#7921);
#7920 = CARTESIAN_POINT('',(0.,0.));
#7921 = VECTOR('',#7922,1.);
#7922 = DIRECTION('',(0.,-1.));
#7923 = ( GEOMETRIC_REPRESENTATION_CONTEXT(2) 
PARAMETRIC_REPRESENTATION_CONTEXT() REPRESENTATION_CONTEXT('2D SPACE',''
  ) );
#7924 = ORIENTED_EDGE('',*,*,#4540,.F.);
#7925 = ADVANCED_FACE('',(#7926),#4528,.T.);
#7926 = FACE_BOUND('',#7927,.T.);
#7927 = EDGE_LOOP('',(#7928,#7929,#7930,#7953,#7974));
#7928 = ORIENTED_EDGE('',*,*,#4507,.F.);
#7929 = ORIENTED_EDGE('',*,*,#7904,.T.);
#7930 = ORIENTED_EDGE('',*,*,#7931,.T.);
#7931 = EDGE_CURVE('',#7877,#7932,#7934,.T.);
#7932 = VERTEX_POINT('',#7933);
#7933 = CARTESIAN_POINT('',(-1.5,3.333974596216,0.182693613866));
#7934 = SURFACE_CURVE('',#7935,(#7939,#7946),.PCURVE_S1.);
#7935 = LINE('',#7936,#7937);
#7936 = CARTESIAN_POINT('',(0.,5.932050807569,0.182693613866));
#7937 = VECTOR('',#7938,1.);
#7938 = DIRECTION('',(-0.5,-0.866025403784,0.));
#7939 = PCURVE('',#4528,#7940);
#7940 = DEFINITIONAL_REPRESENTATION('',(#7941),#7945);
#7941 = LINE('',#7942,#7943);
#7942 = CARTESIAN_POINT('',(0.,-0.7));
#7943 = VECTOR('',#7944,1.);
#7944 = DIRECTION('',(1.,0.));
#7945 = ( GEOMETRIC_REPRESENTATION_CONTEXT(2) 
PARAMETRIC_REPRESENTATION_CONTEXT() REPRESENTATION_CONTEXT('2D SPACE',''
  ) );
#7946 = PCURVE('',#7892,#7947);
#7947 = DEFINITIONAL_REPRESENTATION('',(#7948),#7952);
#7948 = LINE('',#7949,#7950);
#7949 = CARTESIAN_POINT('',(0.,1.732050807569));
#7950 = VECTOR('',#7951,1.);
#7951 = DIRECTION('',(-0.5,-0.866025403784));
#7952 = ( GEOMETRIC_REPRESENTATION_CONTEXT(2) 
PARAMETRIC_REPRESENTATION_CONTEXT() REPRESENTATION_CONTEXT('2D SPACE',''
  ) );
#7953 = ORIENTED_EDGE('',*,*,#7954,.F.);
#7954 = EDGE_CURVE('',#7586,#7932,#7955,.T.);
#7955 = SURFACE_CURVE('',#7956,(#7960,#7967),.PCURVE_S1.);
#7956 = LINE('',#7957,#7958);
#7957 = CARTESIAN_POINT('',(-1.5,3.333974596216,-0.517306386134));
#7958 = VECTOR('',#7959,1.);
#7959 = DIRECTION('',(0.,0.,1.));
#7960 = PCURVE('',#4528,#7961);
#7961 = DEFINITIONAL_REPRESENTATION('',(#7962),#7966);
#7962 = LINE('',#7963,#7964);
#7963 = CARTESIAN_POINT('',(3.,0.));
#7964 = VECTOR('',#7965,1.);
#7965 = DIRECTION('',(0.,-1.));
#7966 = ( GEOMETRIC_REPRESENTATION_CONTEXT(2) 
PARAMETRIC_REPRESENTATION_CONTEXT() REPRESENTATION_CONTEXT('2D SPACE',''
  ) );
#7967 = PCURVE('',#7627,#7968);
#7968 = DEFINITIONAL_REPRESENTATION('',(#7969),#7973);
#7969 = LINE('',#7970,#7971);
#7970 = CARTESIAN_POINT('',(0.,0.));
#7971 = VECTOR('',#7972,1.);
#7972 = DIRECTION('',(0.,-1.));
#7973 = ( GEOMETRIC_REPRESENTATION_CONTEXT(2) 
PARAMETRIC_REPRESENTATION_CONTEXT() REPRESENTATION_CONTEXT('2D SPACE',''
  ) );
#7974 = ORIENTED_EDGE('',*,*,#7585,.T.);
#7975 = ADVANCED_FACE('',(#7976),#4445,.T.);
#7976 = FACE_BOUND('',#7977,.T.);
#7977 = EDGE_LOOP('',(#7978,#8054,#8105,#8231,#8275,#8276));
#7978 = ORIENTED_EDGE('',*,*,#7979,.T.);
#7979 = EDGE_CURVE('',#7540,#7980,#7982,.T.);
#7980 = VERTEX_POINT('',#7981);
#7981 = CARTESIAN_POINT('',(-5.146235463657,-5.327939069668,0.));
#7982 = SURFACE_CURVE('',#7983,(#7996,#8025),.PCURVE_S1.);
#7983 = B_SPLINE_CURVE_WITH_KNOTS('',3,(#7984,#7985,#7986,#7987,#7988,
    #7989,#7990,#7991,#7992,#7993,#7994,#7995),.UNSPECIFIED.,.F.,.F.,(4,
    2,2,2,2,4),(-0.618713318757,-0.475128090541,-0.403335476434,
    -0.36743916938,-0.331542862326,-0.325721736693),.UNSPECIFIED.);
#7984 = CARTESIAN_POINT('',(-2.118767004711,-5.679344956099,
    -6.3776787843E-02));
#7985 = CARTESIAN_POINT('',(-2.597384432095,-5.679344956099,
    -6.3776787843E-02));
#7986 = CARTESIAN_POINT('',(-3.120523617083,-5.663764144881,
    -5.703197079302E-02));
#7987 = CARTESIAN_POINT('',(-3.89149934927,-5.60015886369,
    -3.750928307075E-02));
#7988 = CARTESIAN_POINT('',(-4.14534105964,-5.572517682161,
    -2.955895060171E-02));
#7989 = CARTESIAN_POINT('',(-4.513160602067,-5.513932541644,
    -1.724169378693E-02));
#7990 = CARTESIAN_POINT('',(-4.633394780932,-5.49157839129,
    -1.308531829316E-02));
#7991 = CARTESIAN_POINT('',(-4.867995017085,-5.436261454076,
    -5.491750651719E-03));
#7992 = CARTESIAN_POINT('',(-4.982831156767,-5.40535315097,
    -1.760336295598E-03));
#7993 = CARTESIAN_POINT('',(-5.109297989998,-5.347554049193,
    -1.598385186754E-04));
#7994 = CARTESIAN_POINT('',(-5.127965616073,-5.338320454775,
    -7.203532983243E-19));
#7995 = CARTESIAN_POINT('',(-5.146235463657,-5.327939069668,0.));
#7996 = PCURVE('',#4445,#7997);
#7997 = DEFINITIONAL_REPRESENTATION('',(#7998),#8024);
#7998 = B_SPLINE_CURVE_WITH_KNOTS('',3,(#7999,#8000,#8001,#8002,#8003,
    #8004,#8005,#8006,#8007,#8008,#8009,#8010,#8011,#8012,#8013,#8014,
    #8015,#8016,#8017,#8018,#8019,#8020,#8021,#8022,#8023),
  .UNSPECIFIED.,.F.,.F.,(4,1,1,1,1,1,1,1,1,1,1,1,1,1,1,1,1,1,1,1,1,1,4),
  (-0.618713318757,-0.605395519572,-0.592077720387,-0.578759921202,
    -0.565442122018,-0.552124322833,-0.538806523648,-0.525488724463,
    -0.512170925279,-0.498853126094,-0.485535326909,-0.472217527725,
    -0.45889972854,-0.445581929355,-0.43226413017,-0.418946330986,
    -0.405628531801,-0.392310732616,-0.378992933432,-0.365675134247,
    -0.352357335062,-0.339039535877,-0.325721736693),
  .QUASI_UNIFORM_KNOTS.);
#7999 = CARTESIAN_POINT('',(1.434995639395,0.));
#8000 = CARTESIAN_POINT('',(1.434995639507,-1.058227895839E-03));
#8001 = CARTESIAN_POINT('',(1.43500159643,-3.192944665254E-03));
#8002 = CARTESIAN_POINT('',(1.435029682506,-6.443713886019E-03));
#8003 = CARTESIAN_POINT('',(1.435078199313,-9.737088650054E-03));
#8004 = CARTESIAN_POINT('',(1.435148428868,-1.306697923282E-02));
#8005 = CARTESIAN_POINT('',(1.435241654762,-1.642729631403E-02));
#8006 = CARTESIAN_POINT('',(1.435359162224,-1.981194936653E-02));
#8007 = CARTESIAN_POINT('',(1.435502239296,-2.321485511387E-02));
#8008 = CARTESIAN_POINT('',(1.435672173121,-2.662990918532E-02));
#8009 = CARTESIAN_POINT('',(1.435870264652,-3.005109506867E-02));
#8010 = CARTESIAN_POINT('',(1.436097774597,-3.347208072854E-02));
#8011 = CARTESIAN_POINT('',(1.436356126022,-3.68877272153E-02));
#8012 = CARTESIAN_POINT('',(1.43664600987,-4.028786180097E-02));
#8013 = CARTESIAN_POINT('',(1.436972132927,-4.366665862853E-02));
#8014 = CARTESIAN_POINT('',(1.437339178786,-4.701939208252E-02));
#8015 = CARTESIAN_POINT('',(1.437751771054,-5.034090857264E-02));
#8016 = CARTESIAN_POINT('',(1.43821482383,-5.362665065152E-02));
#8017 = CARTESIAN_POINT('',(1.438732178011,-5.687009032686E-02));
#8018 = CARTESIAN_POINT('',(1.439318436245,-6.006374174814E-02));
#8019 = CARTESIAN_POINT('',(1.439997987117,-6.320167195253E-02));
#8020 = CARTESIAN_POINT('',(1.440767204742,-6.629051547633E-02));
#8021 = CARTESIAN_POINT('',(1.441715783853,-6.92875601686E-02));
#8022 = CARTESIAN_POINT('',(1.442588471578,-7.125333339392E-02));
#8023 = CARTESIAN_POINT('',(1.443110720482,-7.223129028287E-02));
#8024 = ( GEOMETRIC_REPRESENTATION_CONTEXT(2) 
PARAMETRIC_REPRESENTATION_CONTEXT() REPRESENTATION_CONTEXT('2D SPACE',''
  ) );
#8025 = PCURVE('',#6934,#8026);
#8026 = DEFINITIONAL_REPRESENTATION('',(#8027),#8053);
#8027 = B_SPLINE_CURVE_WITH_KNOTS('',3,(#8028,#8029,#8030,#8031,#8032,
    #8033,#8034,#8035,#8036,#8037,#8038,#8039,#8040,#8041,#8042,#8043,
    #8044,#8045,#8046,#8047,#8048,#8049,#8050,#8051,#8052),
  .UNSPECIFIED.,.F.,.F.,(4,1,1,1,1,1,1,1,1,1,1,1,1,1,1,1,1,1,1,1,1,1,4),
  (-0.618713318757,-0.605395519572,-0.592077720387,-0.578759921202,
    -0.565442122018,-0.552124322833,-0.538806523648,-0.525488724463,
    -0.512170925279,-0.498853126094,-0.485535326909,-0.472217527725,
    -0.45889972854,-0.445581929355,-0.43226413017,-0.418946330986,
    -0.405628531801,-0.392310732616,-0.378992933432,-0.365675134247,
    -0.352357335062,-0.339039535877,-0.325721736693),
  .QUASI_UNIFORM_KNOTS.);
#8028 = CARTESIAN_POINT('',(0.382692593535,7.243767004711));
#8029 = CARTESIAN_POINT('',(0.38269259059,7.28815966866));
#8030 = CARTESIAN_POINT('',(0.382984364198,7.377711029978));
#8031 = CARTESIAN_POINT('',(0.384346819009,7.514079186396));
#8032 = CARTESIAN_POINT('',(0.38668350271,7.652231472846));
#8033 = CARTESIAN_POINT('',(0.390043924743,7.791910899983));
#8034 = CARTESIAN_POINT('',(0.394477825379,7.932860496793));
#8035 = CARTESIAN_POINT('',(0.400035259634,8.074823223876));
#8036 = CARTESIAN_POINT('',(0.406766733848,8.217542297048));
#8037 = CARTESIAN_POINT('',(0.414722952152,8.360759979649));
#8038 = CARTESIAN_POINT('',(0.423955733709,8.504222089696));
#8039 = CARTESIAN_POINT('',(0.43451420349,8.647661178986));
#8040 = CARTESIAN_POINT('',(0.446458176545,8.790859309511));
#8041 = CARTESIAN_POINT('',(0.459799458206,8.93338877788));
#8042 = CARTESIAN_POINT('',(0.474706695401,9.075004493388));
#8043 = CARTESIAN_POINT('',(0.49135633335,9.215507221088));
#8044 = CARTESIAN_POINT('',(0.509924236535,9.354680005758));
#8045 = CARTESIAN_POINT('',(0.530601680108,9.492330917511));
#8046 = CARTESIAN_POINT('',(0.553536949039,9.628185645401));
#8047 = CARTESIAN_POINT('',(0.579303313259,9.761930445908));
#8048 = CARTESIAN_POINT('',(0.608888239721,9.893316668549));
#8049 = CARTESIAN_POINT('',(0.642158118141,10.022622265741));
#8050 = CARTESIAN_POINT('',(0.682738468015,10.148059390053));
#8051 = CARTESIAN_POINT('',(0.719718431079,10.230317092689));
#8052 = CARTESIAN_POINT('',(0.741764932098,10.271235463657));
#8053 = ( GEOMETRIC_REPRESENTATION_CONTEXT(2) 
PARAMETRIC_REPRESENTATION_CONTEXT() REPRESENTATION_CONTEXT('2D SPACE',''
  ) );
#8054 = ORIENTED_EDGE('',*,*,#8055,.F.);
#8055 = EDGE_CURVE('',#8056,#7980,#8058,.T.);
#8056 = VERTEX_POINT('',#8057);
#8057 = CARTESIAN_POINT('',(-7.827939069668,-2.226623976499,0.));
#8058 = SURFACE_CURVE('',#8059,(#8064,#8093),.PCURVE_S1.);
#8059 = CIRCLE('',#8060,6.128009464745);
#8060 = AXIS2_PLACEMENT_3D('',#8061,#8062,#8063);
#8061 = CARTESIAN_POINT('',(-2.118767004711,0.,0.));
#8062 = DIRECTION('',(0.,-0.,1.));
#8063 = DIRECTION('',(0.,1.,0.));
#8064 = PCURVE('',#4445,#8065);
#8065 = DEFINITIONAL_REPRESENTATION('',(#8066),#8092);
#8066 = B_SPLINE_CURVE_WITH_KNOTS('',3,(#8067,#8068,#8069,#8070,#8071,
    #8072,#8073,#8074,#8075,#8076,#8077,#8078,#8079,#8080,#8081,#8082,
    #8083,#8084,#8085,#8086,#8087,#8088,#8089,#8090,#8091),
  .UNSPECIFIED.,.F.,.F.,(4,1,1,1,1,1,1,1,1,1,1,1,1,1,1,1,1,1,1,1,1,1,4),
  (1.942659526568,1.973668858636,2.004678190703,2.035687522771,
    2.066696854839,2.097706186906,2.128715518974,2.159724851041,
    2.190734183109,2.221743515176,2.252752847244,2.283762179311,
    2.314771511379,2.345780843446,2.376790175514,2.407799507581,
    2.438808839649,2.469818171717,2.500827503784,2.531836835852,
    2.562846167919,2.593855499987,2.624864832054),
  .QUASI_UNIFORM_KNOTS.);
#8067 = CARTESIAN_POINT('',(1.517194132591,-0.136518345329));
#8068 = CARTESIAN_POINT('',(1.515776219389,-0.135964565152));
#8069 = CARTESIAN_POINT('',(1.51295821121,-0.134813059189));
#8070 = CARTESIAN_POINT('',(1.50878871155,-0.132955851498));
#8071 = CARTESIAN_POINT('',(1.504680812113,-0.130970533731));
#8072 = CARTESIAN_POINT('',(1.500638496661,-0.128859117492));
#8073 = CARTESIAN_POINT('',(1.496665675565,-0.126623724304));
#8074 = CARTESIAN_POINT('',(1.492766172614,-0.124266598888));
#8075 = CARTESIAN_POINT('',(1.48894372383,-0.121790101857));
#8076 = CARTESIAN_POINT('',(1.485201973366,-0.119196707775));
#8077 = CARTESIAN_POINT('',(1.481544470498,-0.11648900166));
#8078 = CARTESIAN_POINT('',(1.477974666631,-0.113669675785));
#8079 = CARTESIAN_POINT('',(1.474495912602,-0.110741526305));
#8080 = CARTESIAN_POINT('',(1.471111456211,-0.107707449834));
#8081 = CARTESIAN_POINT('',(1.467824439978,-0.104570439968));
#8082 = CARTESIAN_POINT('',(1.464637899127,-0.101333583752));
#8083 = CARTESIAN_POINT('',(1.461554759794,-9.800005811051E-02));
#8084 = CARTESIAN_POINT('',(1.458577837415,-9.457312625643E-02));
#8085 = CARTESIAN_POINT('',(1.455709835409,-9.105613402522E-02));
#8086 = CARTESIAN_POINT('',(1.452953343687,-8.745250638507E-02));
#8087 = CARTESIAN_POINT('',(1.450310838687,-8.376574322561E-02));
#8088 = CARTESIAN_POINT('',(1.447784678541,-7.999941779581E-02));
#8089 = CARTESIAN_POINT('',(1.445377117168,-7.615716524614E-02));
#8090 = CARTESIAN_POINT('',(1.443852538017,-7.354752716029E-02));
#8091 = CARTESIAN_POINT('',(1.443110720482,-7.223129028287E-02));
#8092 = ( GEOMETRIC_REPRESENTATION_CONTEXT(2) 
PARAMETRIC_REPRESENTATION_CONTEXT() REPRESENTATION_CONTEXT('2D SPACE',''
  ) );
#8093 = PCURVE('',#8094,#8099);
#8094 = PLANE('',#8095);
#8095 = AXIS2_PLACEMENT_3D('',#8096,#8097,#8098);
#8096 = CARTESIAN_POINT('',(0.,0.,0.));
#8097 = DIRECTION('',(0.,0.,1.));
#8098 = DIRECTION('',(1.,0.,-0.));
#8099 = DEFINITIONAL_REPRESENTATION('',(#8100),#8104);
#8100 = CIRCLE('',#8101,6.128009464745);
#8101 = AXIS2_PLACEMENT_2D('',#8102,#8103);
#8102 = CARTESIAN_POINT('',(-2.118767004711,0.));
#8103 = DIRECTION('',(0.,1.));
#8104 = ( GEOMETRIC_REPRESENTATION_CONTEXT(2) 
PARAMETRIC_REPRESENTATION_CONTEXT() REPRESENTATION_CONTEXT('2D SPACE',''
  ) );
#8105 = ORIENTED_EDGE('',*,*,#8106,.T.);
#8106 = EDGE_CURVE('',#8056,#8107,#8109,.T.);
#8107 = VERTEX_POINT('',#8108);
#8108 = CARTESIAN_POINT('',(-7.827939069668,2.226623976499,0.));
#8109 = SURFACE_CURVE('',#8110,(#8129,#8180),.PCURVE_S1.);
#8110 = B_SPLINE_CURVE_WITH_KNOTS('',3,(#8111,#8112,#8113,#8114,#8115,
    #8116,#8117,#8118,#8119,#8120,#8121,#8122,#8123,#8124,#8125,#8126,
    #8127,#8128),.UNSPECIFIED.,.F.,.F.,(4,2,2,2,2,2,2,2,4),(0.2573668024
    ,0.280198412177,0.307584801272,0.362357579461,0.471903135841,
    0.58144869222,0.63622147041,0.663607859505,0.686439469282),
  .UNSPECIFIED.);
#8111 = CARTESIAN_POINT('',(-7.827939069668,-2.226623976499,0.));
#8112 = CARTESIAN_POINT('',(-7.85547085115,-2.156031151038,
    -3.820802213898E-18));
#8113 = CARTESIAN_POINT('',(-7.87542729555,-2.082940844212,
    -9.711027226104E-04));
#8114 = CARTESIAN_POINT('',(-7.91428017358,-1.91879651371,
    -3.508418548729E-03));
#8115 = CARTESIAN_POINT('',(-7.931452410823,-1.82704000678,
    -5.253846739522E-03));
#8116 = CARTESIAN_POINT('',(-7.976543568317,-1.546343281116,
    -1.064575341947E-02));
#8117 = CARTESIAN_POINT('',(-7.997955601079,-1.352635262603,
    -1.441626896364E-02));
#8118 = CARTESIAN_POINT('',(-8.04734587697,-0.76431355236,
    -2.37911658057E-02));
#8119 = CARTESIAN_POINT('',(-8.059612021246,-0.365151854598,
    -2.72062687766E-02));
#8120 = CARTESIAN_POINT('',(-8.059612021246,0.365151854598,
    -2.72062687766E-02));
#8121 = CARTESIAN_POINT('',(-8.04734587697,0.76431355236,
    -2.37911658057E-02));
#8122 = CARTESIAN_POINT('',(-7.997955601079,1.352635262603,
    -1.441626896364E-02));
#8123 = CARTESIAN_POINT('',(-7.976543568317,1.546343281116,
    -1.064575341947E-02));
#8124 = CARTESIAN_POINT('',(-7.931452410823,1.82704000678,
    -5.253846739522E-03));
#8125 = CARTESIAN_POINT('',(-7.91428017358,1.91879651371,
    -3.508418548729E-03));
#8126 = CARTESIAN_POINT('',(-7.87542729555,2.082940844212,
    -9.711027226103E-04));
#8127 = CARTESIAN_POINT('',(-7.85547085115,2.156031151038,
    -5.731203320847E-18));
#8128 = CARTESIAN_POINT('',(-7.827939069668,2.226623976499,0.));
#8129 = PCURVE('',#4445,#8130);
#8130 = DEFINITIONAL_REPRESENTATION('',(#8131),#8179);
#8131 = B_SPLINE_CURVE_WITH_KNOTS('',3,(#8132,#8133,#8134,#8135,#8136,
    #8137,#8138,#8139,#8140,#8141,#8142,#8143,#8144,#8145,#8146,#8147,
    #8148,#8149,#8150,#8151,#8152,#8153,#8154,#8155,#8156,#8157,#8158,
    #8159,#8160,#8161,#8162,#8163,#8164,#8165,#8166,#8167,#8168,#8169,
    #8170,#8171,#8172,#8173,#8174,#8175,#8176,#8177,#8178),
  .UNSPECIFIED.,.F.,.F.,(4,1,1,1,1,1,1,1,1,1,1,1,1,1,1,1,1,1,1,1,1,1,1,1
    ,1,1,1,1,1,1,1,1,1,1,1,1,1,1,1,1,1,1,1,1,4),(0.2573668024,
    0.26711845392,0.27687010544,0.28662175696,0.29637340848,0.30612506,
    0.31587671152,0.325628363041,0.335380014561,0.345131666081,
    0.354883317601,0.364634969121,0.374386620641,0.384138272161,
    0.393889923681,0.403641575201,0.413393226721,0.423144878241,
    0.432896529761,0.442648181281,0.452399832801,0.462151484321,
    0.471903135841,0.481654787361,0.491406438881,0.501158090401,
    0.510909741921,0.520661393441,0.530413044961,0.540164696481,
    0.549916348001,0.559667999521,0.569419651041,0.579171302561,
    0.588922954081,0.598674605601,0.608426257121,0.618177908641,
    0.627929560161,0.637681211681,0.647432863201,0.657184514721,
    0.666936166241,0.676687817761,0.686439469282),
  .QUASI_UNIFORM_KNOTS.);
#8132 = CARTESIAN_POINT('',(1.517194132591,-0.136518345329));
#8133 = CARTESIAN_POINT('',(1.517918641478,-0.136800725576));
#8134 = CARTESIAN_POINT('',(1.519389925729,-0.137301139623));
#8135 = CARTESIAN_POINT('',(1.521653405839,-0.13790915601));
#8136 = CARTESIAN_POINT('',(1.523961056331,-0.138440480949));
#8137 = CARTESIAN_POINT('',(1.526307975648,-0.138906852676));
#8138 = CARTESIAN_POINT('',(1.528691959206,-0.139319742929));
#8139 = CARTESIAN_POINT('',(1.531108978766,-0.139692062225));
#8140 = CARTESIAN_POINT('',(1.533552925654,-0.14002751857));
#8141 = CARTESIAN_POINT('',(1.53602099924,-0.140328924414));
#8142 = CARTESIAN_POINT('',(1.538509632937,-0.140599363642));
#8143 = CARTESIAN_POINT('',(1.541015236297,-0.140841749654));
#8144 = CARTESIAN_POINT('',(1.543535101964,-0.141059433479));
#8145 = CARTESIAN_POINT('',(1.546062531374,-0.141254031529));
#8146 = CARTESIAN_POINT('',(1.548592674496,-0.141425977525));
#8147 = CARTESIAN_POINT('',(1.55112152951,-0.141576209139));
#8148 = CARTESIAN_POINT('',(1.553644867933,-0.141705536348));
#8149 = CARTESIAN_POINT('',(1.556158515818,-0.141814810737));
#8150 = CARTESIAN_POINT('',(1.558658306177,-0.141904880143));
#8151 = CARTESIAN_POINT('',(1.561139990439,-0.14197660076));
#8152 = CARTESIAN_POINT('',(1.563599642437,-0.142030833808));
#8153 = CARTESIAN_POINT('',(1.566032133175,-0.142068446293));
#8154 = CARTESIAN_POINT('',(1.568436829793,-0.142090310619));
#8155 = CARTESIAN_POINT('',(1.570796326795,-0.14209730448));
#8156 = CARTESIAN_POINT('',(1.573155823797,-0.142090310619));
#8157 = CARTESIAN_POINT('',(1.575560520414,-0.142068446293));
#8158 = CARTESIAN_POINT('',(1.577993011153,-0.142030833808));
#8159 = CARTESIAN_POINT('',(1.580452663151,-0.14197660076));
#8160 = CARTESIAN_POINT('',(1.582934347413,-0.141904880143));
#8161 = CARTESIAN_POINT('',(1.585434137771,-0.141814810737));
#8162 = CARTESIAN_POINT('',(1.587947785657,-0.141705536348));
#8163 = CARTESIAN_POINT('',(1.59047112408,-0.141576209139));
#8164 = CARTESIAN_POINT('',(1.592999979094,-0.141425977525));
#8165 = CARTESIAN_POINT('',(1.595530122216,-0.141254031529));
#8166 = CARTESIAN_POINT('',(1.598057551625,-0.141059433479));
#8167 = CARTESIAN_POINT('',(1.600577417293,-0.140841749654));
#8168 = CARTESIAN_POINT('',(1.603083020652,-0.140599363642));
#8169 = CARTESIAN_POINT('',(1.605571654349,-0.140328924414));
#8170 = CARTESIAN_POINT('',(1.608039727936,-0.14002751857));
#8171 = CARTESIAN_POINT('',(1.610483674824,-0.139692062225));
#8172 = CARTESIAN_POINT('',(1.612900694384,-0.139319742929));
#8173 = CARTESIAN_POINT('',(1.615284677942,-0.138906852676));
#8174 = CARTESIAN_POINT('',(1.617631597258,-0.138440480949));
#8175 = CARTESIAN_POINT('',(1.619939247751,-0.13790915601));
#8176 = CARTESIAN_POINT('',(1.622202727861,-0.137301139623));
#8177 = CARTESIAN_POINT('',(1.623674012112,-0.136800725576));
#8178 = CARTESIAN_POINT('',(1.624398520999,-0.136518345329));
#8179 = ( GEOMETRIC_REPRESENTATION_CONTEXT(2) 
PARAMETRIC_REPRESENTATION_CONTEXT() REPRESENTATION_CONTEXT('2D SPACE',''
  ) );
#8180 = PCURVE('',#4359,#8181);
#8181 = DEFINITIONAL_REPRESENTATION('',(#8182),#8230);
#8182 = B_SPLINE_CURVE_WITH_KNOTS('',3,(#8183,#8184,#8185,#8186,#8187,
    #8188,#8189,#8190,#8191,#8192,#8193,#8194,#8195,#8196,#8197,#8198,
    #8199,#8200,#8201,#8202,#8203,#8204,#8205,#8206,#8207,#8208,#8209,
    #8210,#8211,#8212,#8213,#8214,#8215,#8216,#8217,#8218,#8219,#8220,
    #8221,#8222,#8223,#8224,#8225,#8226,#8227,#8228,#8229),
  .UNSPECIFIED.,.F.,.F.,(4,1,1,1,1,1,1,1,1,1,1,1,1,1,1,1,1,1,1,1,1,1,1,1
    ,1,1,1,1,1,1,1,1,1,1,1,1,1,1,1,1,1,1,1,1,4),(0.2573668024,
    0.26711845392,0.27687010544,0.28662175696,0.29637340848,0.30612506,
    0.31587671152,0.325628363041,0.335380014561,0.345131666081,
    0.354883317601,0.364634969121,0.374386620641,0.384138272161,
    0.393889923681,0.403641575201,0.413393226721,0.423144878241,
    0.432896529761,0.442648181281,0.452399832801,0.462151484321,
    0.471903135841,0.481654787361,0.491406438881,0.501158090401,
    0.510909741921,0.520661393441,0.530413044961,0.540164696481,
    0.549916348001,0.559667999521,0.569419651041,0.579171302561,
    0.588922954081,0.598674605601,0.608426257121,0.618177908641,
    0.627929560161,0.637681211681,0.647432863201,0.657184514721,
    0.666936166241,0.676687817761,0.686439469282),
  .QUASI_UNIFORM_KNOTS.);
#8183 = CARTESIAN_POINT('',(0.741764932098,1.648376023501));
#8184 = CARTESIAN_POINT('',(0.730031198514,1.678529320361));
#8185 = CARTESIAN_POINT('',(0.709232741774,1.73973800518));
#8186 = CARTESIAN_POINT('',(0.683942070011,1.833849983896));
#8187 = CARTESIAN_POINT('',(0.661812680357,1.929769965455));
#8188 = CARTESIAN_POINT('',(0.642358838133,2.027299695123));
#8189 = CARTESIAN_POINT('',(0.625102516236,2.126352653439));
#8190 = CARTESIAN_POINT('',(0.60951532164,2.226766321366));
#8191 = CARTESIAN_POINT('',(0.595446399968,2.328289117884));
#8192 = CARTESIAN_POINT('',(0.582780030309,2.430806308391));
#8193 = CARTESIAN_POINT('',(0.5713911087,2.534171324373));
#8194 = CARTESIAN_POINT('',(0.561163021828,2.638236434339));
#8195 = CARTESIAN_POINT('',(0.551962017805,2.742890392619));
#8196 = CARTESIAN_POINT('',(0.543730368663,2.847856153742));
#8197 = CARTESIAN_POINT('',(0.536449830234,2.952932509136));
#8198 = CARTESIAN_POINT('',(0.530081347403,3.057953556652));
#8199 = CARTESIAN_POINT('',(0.524591424779,3.162743997933));
#8200 = CARTESIAN_POINT('',(0.519945171873,3.267130813034));
#8201 = CARTESIAN_POINT('',(0.51610823137,3.370941264576));
#8202 = CARTESIAN_POINT('',(0.513046288969,3.473999206495));
#8203 = CARTESIAN_POINT('',(0.510725200465,3.576141844906));
#8204 = CARTESIAN_POINT('',(0.509110929416,3.677156385897));
#8205 = CARTESIAN_POINT('',(0.50816951732,3.777016683477));
#8206 = CARTESIAN_POINT('',(0.507867033058,3.875));
#8207 = CARTESIAN_POINT('',(0.50816951732,3.972983316523));
#8208 = CARTESIAN_POINT('',(0.509110929416,4.072843614103));
#8209 = CARTESIAN_POINT('',(0.510725200465,4.173858155094));
#8210 = CARTESIAN_POINT('',(0.513046288969,4.276000793505));
#8211 = CARTESIAN_POINT('',(0.51610823137,4.379058735424));
#8212 = CARTESIAN_POINT('',(0.519945171873,4.482869186966));
#8213 = CARTESIAN_POINT('',(0.524591424779,4.587256002067));
#8214 = CARTESIAN_POINT('',(0.530081347403,4.692046443348));
#8215 = CARTESIAN_POINT('',(0.536449830234,4.797067490864));
#8216 = CARTESIAN_POINT('',(0.543730368663,4.902143846258));
#8217 = CARTESIAN_POINT('',(0.551962017805,5.007109607381));
#8218 = CARTESIAN_POINT('',(0.561163021828,5.111763565661));
#8219 = CARTESIAN_POINT('',(0.5713911087,5.215828675627));
#8220 = CARTESIAN_POINT('',(0.582780030309,5.319193691609));
#8221 = CARTESIAN_POINT('',(0.595446399968,5.421710882116));
#8222 = CARTESIAN_POINT('',(0.60951532164,5.523233678634));
#8223 = CARTESIAN_POINT('',(0.625102516236,5.623647346561));
#8224 = CARTESIAN_POINT('',(0.642358838133,5.722700304877));
#8225 = CARTESIAN_POINT('',(0.661812680357,5.820230034545));
#8226 = CARTESIAN_POINT('',(0.683942070011,5.916150016104));
#8227 = CARTESIAN_POINT('',(0.709232741774,6.01026199482));
#8228 = CARTESIAN_POINT('',(0.730031198514,6.071470679639));
#8229 = CARTESIAN_POINT('',(0.741764932098,6.101623976499));
#8230 = ( GEOMETRIC_REPRESENTATION_CONTEXT(2) 
PARAMETRIC_REPRESENTATION_CONTEXT() REPRESENTATION_CONTEXT('2D SPACE',''
  ) );
#8231 = ORIENTED_EDGE('',*,*,#8232,.F.);
#8232 = EDGE_CURVE('',#4371,#8107,#8233,.T.);
#8233 = SURFACE_CURVE('',#8234,(#8239,#8268),.PCURVE_S1.);
#8234 = CIRCLE('',#8235,6.128009464745);
#8235 = AXIS2_PLACEMENT_3D('',#8236,#8237,#8238);
#8236 = CARTESIAN_POINT('',(-2.118767004711,0.,0.));
#8237 = DIRECTION('',(0.,-0.,1.));
#8238 = DIRECTION('',(0.,1.,0.));
#8239 = PCURVE('',#4445,#8240);
#8240 = DEFINITIONAL_REPRESENTATION('',(#8241),#8267);
#8241 = B_SPLINE_CURVE_WITH_KNOTS('',3,(#8242,#8243,#8244,#8245,#8246,
    #8247,#8248,#8249,#8250,#8251,#8252,#8253,#8254,#8255,#8256,#8257,
    #8258,#8259,#8260,#8261,#8262,#8263,#8264,#8265,#8266),
  .UNSPECIFIED.,.F.,.F.,(4,1,1,1,1,1,1,1,1,1,1,1,1,1,1,1,1,1,1,1,1,1,4),
  (0.516727821536,0.547737153603,0.578746485671,0.609755817738,
    0.640765149806,0.671774481873,0.702783813941,0.733793146008,
    0.764802478076,0.795811810143,0.826821142211,0.857830474278,
    0.888839806346,0.919849138414,0.950858470481,0.981867802549,
    1.012877134616,1.043886466684,1.074895798751,1.105905130819,
    1.136914462886,1.167923794954,1.198933127021),
  .QUASI_UNIFORM_KNOTS.);
#8242 = CARTESIAN_POINT('',(1.698481933108,-7.223129028287E-02));
#8243 = CARTESIAN_POINT('',(1.697740115573,-7.354752716029E-02));
#8244 = CARTESIAN_POINT('',(1.696215536422,-7.615716524614E-02));
#8245 = CARTESIAN_POINT('',(1.693807975048,-7.999941779581E-02));
#8246 = CARTESIAN_POINT('',(1.691281814903,-8.376574322561E-02));
#8247 = CARTESIAN_POINT('',(1.688639309903,-8.745250638507E-02));
#8248 = CARTESIAN_POINT('',(1.685882818181,-9.105613402522E-02));
#8249 = CARTESIAN_POINT('',(1.683014816175,-9.457312625643E-02));
#8250 = CARTESIAN_POINT('',(1.680037893796,-9.800005811051E-02));
#8251 = CARTESIAN_POINT('',(1.676954754463,-0.101333583752));
#8252 = CARTESIAN_POINT('',(1.673768213612,-0.104570439968));
#8253 = CARTESIAN_POINT('',(1.670481197378,-0.107707449834));
#8254 = CARTESIAN_POINT('',(1.667096740988,-0.110741526305));
#8255 = CARTESIAN_POINT('',(1.663617986959,-0.113669675785));
#8256 = CARTESIAN_POINT('',(1.660048183092,-0.11648900166));
#8257 = CARTESIAN_POINT('',(1.656390680224,-0.119196707775));
#8258 = CARTESIAN_POINT('',(1.65264892976,-0.121790101857));
#8259 = CARTESIAN_POINT('',(1.648826480975,-0.124266598888));
#8260 = CARTESIAN_POINT('',(1.644926978025,-0.126623724304));
#8261 = CARTESIAN_POINT('',(1.640954156929,-0.128859117492));
#8262 = CARTESIAN_POINT('',(1.636911841477,-0.130970533731));
#8263 = CARTESIAN_POINT('',(1.63280394204,-0.132955851498));
#8264 = CARTESIAN_POINT('',(1.62863444238,-0.134813059189));
#8265 = CARTESIAN_POINT('',(1.6258164342,-0.135964565152));
#8266 = CARTESIAN_POINT('',(1.624398520999,-0.136518345329));
#8267 = ( GEOMETRIC_REPRESENTATION_CONTEXT(2) 
PARAMETRIC_REPRESENTATION_CONTEXT() REPRESENTATION_CONTEXT('2D SPACE',''
  ) );
#8268 = PCURVE('',#4386,#8269);
#8269 = DEFINITIONAL_REPRESENTATION('',(#8270),#8274);
#8270 = CIRCLE('',#8271,6.128009464745);
#8271 = AXIS2_PLACEMENT_2D('',#8272,#8273);
#8272 = CARTESIAN_POINT('',(-2.118767004711,0.));
#8273 = DIRECTION('',(0.,1.));
#8274 = ( GEOMETRIC_REPRESENTATION_CONTEXT(2) 
PARAMETRIC_REPRESENTATION_CONTEXT() REPRESENTATION_CONTEXT('2D SPACE',''
  ) );
#8275 = ORIENTED_EDGE('',*,*,#4398,.T.);
#8276 = ORIENTED_EDGE('',*,*,#7562,.F.);
#8277 = ADVANCED_FACE('',(#8278),#4386,.F.);
#8278 = FACE_BOUND('',#8279,.T.);
#8279 = EDGE_LOOP('',(#8280,#8301,#8302));
#8280 = ORIENTED_EDGE('',*,*,#8281,.F.);
#8281 = EDGE_CURVE('',#4344,#8107,#8282,.T.);
#8282 = SURFACE_CURVE('',#8283,(#8287,#8294),.PCURVE_S1.);
#8283 = LINE('',#8284,#8285);
#8284 = CARTESIAN_POINT('',(-7.827939069668,-3.875,0.));
#8285 = VECTOR('',#8286,1.);
#8286 = DIRECTION('',(-6.043552755016E-17,-1.,0.));
#8287 = PCURVE('',#4386,#8288);
#8288 = DEFINITIONAL_REPRESENTATION('',(#8289),#8293);
#8289 = LINE('',#8290,#8291);
#8290 = CARTESIAN_POINT('',(-7.827939069668,-3.875));
#8291 = VECTOR('',#8292,1.);
#8292 = DIRECTION('',(-6.043552755016E-17,-1.));
#8293 = ( GEOMETRIC_REPRESENTATION_CONTEXT(2) 
PARAMETRIC_REPRESENTATION_CONTEXT() REPRESENTATION_CONTEXT('2D SPACE',''
  ) );
#8294 = PCURVE('',#4359,#8295);
#8295 = DEFINITIONAL_REPRESENTATION('',(#8296),#8300);
#8296 = LINE('',#8297,#8298);
#8297 = CARTESIAN_POINT('',(0.741764932098,0.));
#8298 = VECTOR('',#8299,1.);
#8299 = DIRECTION('',(3.579845940423E-17,-1.));
#8300 = ( GEOMETRIC_REPRESENTATION_CONTEXT(2) 
PARAMETRIC_REPRESENTATION_CONTEXT() REPRESENTATION_CONTEXT('2D SPACE',''
  ) );
#8301 = ORIENTED_EDGE('',*,*,#4370,.F.);
#8302 = ORIENTED_EDGE('',*,*,#8232,.T.);
#8303 = ADVANCED_FACE('',(#8304),#4359,.F.);
#8304 = FACE_BOUND('',#8305,.F.);
#8305 = EDGE_LOOP('',(#8306,#8329,#8330,#8331,#8332,#8333,#8334,#8357,
    #8452,#8504));
#8306 = ORIENTED_EDGE('',*,*,#8307,.F.);
#8307 = EDGE_CURVE('',#8056,#8308,#8310,.T.);
#8308 = VERTEX_POINT('',#8309);
#8309 = CARTESIAN_POINT('',(-7.827939069668,-5.327939069668,0.));
#8310 = SURFACE_CURVE('',#8311,(#8315,#8322),.PCURVE_S1.);
#8311 = LINE('',#8312,#8313);
#8312 = CARTESIAN_POINT('',(-7.827939069668,-3.875,0.));
#8313 = VECTOR('',#8314,1.);
#8314 = DIRECTION('',(-6.043552755016E-17,-1.,0.));
#8315 = PCURVE('',#4359,#8316);
#8316 = DEFINITIONAL_REPRESENTATION('',(#8317),#8321);
#8317 = LINE('',#8318,#8319);
#8318 = CARTESIAN_POINT('',(0.741764932098,0.));
#8319 = VECTOR('',#8320,1.);
#8320 = DIRECTION('',(7.159691880846E-17,-1.));
#8321 = ( GEOMETRIC_REPRESENTATION_CONTEXT(2) 
PARAMETRIC_REPRESENTATION_CONTEXT() REPRESENTATION_CONTEXT('2D SPACE',''
  ) );
#8322 = PCURVE('',#8094,#8323);
#8323 = DEFINITIONAL_REPRESENTATION('',(#8324),#8328);
#8324 = LINE('',#8325,#8326);
#8325 = CARTESIAN_POINT('',(-7.827939069668,-3.875));
#8326 = VECTOR('',#8327,1.);
#8327 = DIRECTION('',(-6.043552755016E-17,-1.));
#8328 = ( GEOMETRIC_REPRESENTATION_CONTEXT(2) 
PARAMETRIC_REPRESENTATION_CONTEXT() REPRESENTATION_CONTEXT('2D SPACE',''
  ) );
#8329 = ORIENTED_EDGE('',*,*,#8106,.T.);
#8330 = ORIENTED_EDGE('',*,*,#8281,.F.);
#8331 = ORIENTED_EDGE('',*,*,#4343,.T.);
#8332 = ORIENTED_EDGE('',*,*,#4706,.T.);
#8333 = ORIENTED_EDGE('',*,*,#4811,.T.);
#8334 = ORIENTED_EDGE('',*,*,#8335,.F.);
#8335 = EDGE_CURVE('',#8336,#4783,#8338,.T.);
#8336 = VERTEX_POINT('',#8337);
#8337 = CARTESIAN_POINT('',(-8.824133767759,-5.430087558411,
    -0.912844257252));
#8338 = SURFACE_CURVE('',#8339,(#8343,#8350),.PCURVE_S1.);
#8339 = LINE('',#8340,#8341);
#8340 = CARTESIAN_POINT('',(-8.824133767759,-3.875,-0.912844257252));
#8341 = VECTOR('',#8342,1.);
#8342 = DIRECTION('',(6.043552755016E-17,1.,0.));
#8343 = PCURVE('',#4359,#8344);
#8344 = DEFINITIONAL_REPRESENTATION('',(#8345),#8349);
#8345 = LINE('',#8346,#8347);
#8346 = CARTESIAN_POINT('',(-0.741764932098,0.));
#8347 = VECTOR('',#8348,1.);
#8348 = DIRECTION('',(8.178306632849E-17,1.));
#8349 = ( GEOMETRIC_REPRESENTATION_CONTEXT(2) 
PARAMETRIC_REPRESENTATION_CONTEXT() REPRESENTATION_CONTEXT('2D SPACE',''
  ) );
#8350 = PCURVE('',#4798,#8351);
#8351 = DEFINITIONAL_REPRESENTATION('',(#8352),#8356);
#8352 = LINE('',#8353,#8354);
#8353 = CARTESIAN_POINT('',(-3.875,-0.785098178729));
#8354 = VECTOR('',#8355,1.);
#8355 = DIRECTION('',(-1.,-1.411663305022E-33));
#8356 = ( GEOMETRIC_REPRESENTATION_CONTEXT(2) 
PARAMETRIC_REPRESENTATION_CONTEXT() REPRESENTATION_CONTEXT('2D SPACE',''
  ) );
#8357 = ORIENTED_EDGE('',*,*,#8358,.T.);
#8358 = EDGE_CURVE('',#8336,#8359,#8361,.T.);
#8359 = VERTEX_POINT('',#8360);
#8360 = CARTESIAN_POINT('',(-8.464388202632,-5.564508287334,
    -0.228681318632));
#8361 = SURFACE_CURVE('',#8362,(#8373,#8402),.PCURVE_S1.);
#8362 = B_SPLINE_CURVE_WITH_KNOTS('',3,(#8363,#8364,#8365,#8366,#8367,
    #8368,#8369,#8370,#8371,#8372),.UNSPECIFIED.,.F.,.F.,(4,2,2,2,4),(
    -8.171949588607E-02,-7.589458642313E-02,-5.602779551855E-02,
    -2.996071375354E-02,0.),.UNSPECIFIED.);
#8363 = CARTESIAN_POINT('',(-8.824133767759,-5.430087558412,
    -0.912844257252));
#8364 = CARTESIAN_POINT('',(-8.822436123712,-5.429047590247,
    -0.893440097005));
#8365 = CARTESIAN_POINT('',(-8.820170358625,-5.428202505742,
    -0.874073935059));
#8366 = CARTESIAN_POINT('',(-8.807679332892,-5.425372589039,
    -0.788971681883));
#8367 = CARTESIAN_POINT('',(-8.791434524641,-5.425493230233,
    -0.724161164599));
#8368 = CARTESIAN_POINT('',(-8.739483043328,-5.433073004188,
    -0.579665912385));
#8369 = CARTESIAN_POINT('',(-8.699518986389,-5.442714929831,
    -0.502429194626));
#8370 = CARTESIAN_POINT('',(-8.595802738313,-5.482698433996,
    -0.351976635409));
#8371 = CARTESIAN_POINT('',(-8.531400332802,-5.515256884511,
    -0.283975994222));
#8372 = CARTESIAN_POINT('',(-8.464388205518,-5.564508287912,
    -0.228681325602));
#8373 = PCURVE('',#4359,#8374);
#8374 = DEFINITIONAL_REPRESENTATION('',(#8375),#8401);
#8375 = B_SPLINE_CURVE_WITH_KNOTS('',3,(#8376,#8377,#8378,#8379,#8380,
    #8381,#8382,#8383,#8384,#8385,#8386,#8387,#8388,#8389,#8390,#8391,
    #8392,#8393,#8394,#8395,#8396,#8397,#8398,#8399,#8400),
  .UNSPECIFIED.,.F.,.F.,(4,1,1,1,1,1,1,1,1,1,1,1,1,1,1,1,1,1,1,1,1,1,4),
  (-8.171949588607E-02,-7.800497334579E-02,-7.429045080552E-02,
    -7.057592826524E-02,-6.686140572496E-02,-6.314688318469E-02,
    -5.943236064441E-02,-5.571783810414E-02,-5.200331556386E-02,
    -4.828879302359E-02,-4.457427048331E-02,-4.085974794303E-02,
    -3.714522540276E-02,-3.343070286248E-02,-2.971618032221E-02,
    -2.600165778193E-02,-2.228713524165E-02,-1.857261270138E-02,
    -1.48580901611E-02,-1.114356762083E-02,-7.429045080552E-03,
    -3.714522540276E-03,0.),.UNSPECIFIED.);
#8376 = CARTESIAN_POINT('',(-0.741764932098,-1.555087558412));
#8377 = CARTESIAN_POINT('',(-0.729346047021,-1.554424505096));
#8378 = CARTESIAN_POINT('',(-0.704491488689,-1.553256421669));
#8379 = CARTESIAN_POINT('',(-0.667183257715,-1.551993691747));
#8380 = CARTESIAN_POINT('',(-0.629881358513,-1.551227349358));
#8381 = CARTESIAN_POINT('',(-0.59258787668,-1.550993553332));
#8382 = CARTESIAN_POINT('',(-0.555303159405,-1.551324949429));
#8383 = CARTESIAN_POINT('',(-0.51803481363,-1.55225450395));
#8384 = CARTESIAN_POINT('',(-0.480764129897,-1.5538174141));
#8385 = CARTESIAN_POINT('',(-0.443571570947,-1.556039406413));
#8386 = CARTESIAN_POINT('',(-0.40650424209,-1.558979283413));
#8387 = CARTESIAN_POINT('',(-0.369553258245,-1.56270103692));
#8388 = CARTESIAN_POINT('',(-0.332728269627,-1.567266989203));
#8389 = CARTESIAN_POINT('',(-0.29603003337,-1.572740951441));
#8390 = CARTESIAN_POINT('',(-0.259483538111,-1.579182448724));
#8391 = CARTESIAN_POINT('',(-0.223030829201,-1.58666666159));
#8392 = CARTESIAN_POINT('',(-0.186928675154,-1.595209643662));
#8393 = CARTESIAN_POINT('',(-0.151334259275,-1.60484431713));
#8394 = CARTESIAN_POINT('',(-0.116206078201,-1.61564182486));
#8395 = CARTESIAN_POINT('',(-8.156120109802E-02,-1.627663068521));
#8396 = CARTESIAN_POINT('',(-4.740594739693E-02,-1.640971693905));
#8397 = CARTESIAN_POINT('',(-1.375414899381E-02,-1.6556306115));
#8398 = CARTESIAN_POINT('',(1.937846439113E-02,-1.671702928886));
#8399 = CARTESIAN_POINT('',(4.110751480173E-02,-1.683402110016));
#8400 = CARTESIAN_POINT('',(5.187908792184E-02,-1.689508287912));
#8401 = ( GEOMETRIC_REPRESENTATION_CONTEXT(2) 
PARAMETRIC_REPRESENTATION_CONTEXT() REPRESENTATION_CONTEXT('2D SPACE',''
  ) );
#8402 = PCURVE('',#8403,#8424);
#8403 = B_SPLINE_SURFACE_WITH_KNOTS('',3,3,(
    (#8404,#8405,#8406,#8407)
    ,(#8408,#8409,#8410,#8411)
    ,(#8412,#8413,#8414,#8415)
    ,(#8416,#8417,#8418,#8419)
    ,(#8420,#8421,#8422,#8423
  )),.UNSPECIFIED.,.F.,.F.,.F.,(4,1,4),(4,4),(0.,0.571428571429,1.),(
    9.170740706394E-02,0.378657653009),.UNSPECIFIED.);
#8404 = CARTESIAN_POINT('',(-9.984872375809,-5.802155849502,-3.));
#8405 = CARTESIAN_POINT('',(-9.925591355492,-5.742874829186,
    -2.047180321598));
#8406 = CARTESIAN_POINT('',(-9.866356691476,-5.683640165169,
    -1.094354875556));
#8407 = CARTESIAN_POINT('',(-9.807153044501,-5.624436518195,
    -0.141525575717));
#8408 = CARTESIAN_POINT('',(-9.788356735711,-5.605640209405,
    -3.024452995498));
#8409 = CARTESIAN_POINT('',(-9.728419676303,-5.545657748513,
    -2.071704684345));
#8410 = CARTESIAN_POINT('',(-9.668588905118,-5.485908147153,
    -1.118937968974));
#8411 = CARTESIAN_POINT('',(-9.608881344597,-5.426164818291,
    -0.16616463274));
#8412 = CARTESIAN_POINT('',(-9.294064482788,-5.417532292568,
    -3.066909484637));
#8413 = CARTESIAN_POINT('',(-9.231896506457,-5.357568456074,
    -2.114276226699));
#8414 = CARTESIAN_POINT('',(-9.170173448383,-5.297719432042,
    -1.161615144333));
#8415 = CARTESIAN_POINT('',(-9.10874390246,-5.238001789544,
    -0.208931892414));
#8416 = CARTESIAN_POINT('',(-8.814961763476,-5.602436669103,
    -3.085213449522));
#8417 = CARTESIAN_POINT('',(-8.751702097487,-5.545023420566,
    -2.13247960586));
#8418 = CARTESIAN_POINT('',(-8.689080292017,-5.487425161765,
    -1.179726892384));
#8419 = CARTESIAN_POINT('',(-8.62683367025,-5.429691250504,
    -0.226964637722));
#8420 = CARTESIAN_POINT('',(-8.652228532672,-5.733951557227,
    -3.087155742748));
#8421 = CARTESIAN_POINT('',(-8.58907826061,-5.677792329506,
    -2.134336064345));
#8422 = CARTESIAN_POINT('',(-8.526533322066,-5.62127427633,
    -1.181510618303));
#8423 = CARTESIAN_POINT('',(-8.464388205052,-5.564508287487,
    -0.228681318465));
#8424 = DEFINITIONAL_REPRESENTATION('',(#8425),#8451);
#8425 = B_SPLINE_CURVE_WITH_KNOTS('',3,(#8426,#8427,#8428,#8429,#8430,
    #8431,#8432,#8433,#8434,#8435,#8436,#8437,#8438,#8439,#8440,#8441,
    #8442,#8443,#8444,#8445,#8446,#8447,#8448,#8449,#8450),
  .UNSPECIFIED.,.F.,.F.,(4,1,1,1,1,1,1,1,1,1,1,1,1,1,1,1,1,1,1,1,1,1,4),
  (-8.171949588607E-02,-7.800497334579E-02,-7.429045080552E-02,
    -7.057592826524E-02,-6.686140572496E-02,-6.314688318469E-02,
    -5.943236064441E-02,-5.571783810414E-02,-5.200331556386E-02,
    -4.828879302359E-02,-4.457427048331E-02,-4.085974794303E-02,
    -3.714522540276E-02,-3.343070286248E-02,-2.971618032221E-02,
    -2.600165778193E-02,-2.228713524165E-02,-1.857261270138E-02,
    -1.48580901611E-02,-1.114356762083E-02,-7.429045080552E-03,
    -3.714522540276E-03,0.),.UNSPECIFIED.);
#8426 = CARTESIAN_POINT('',(0.754628616804,0.309111438752));
#8427 = CARTESIAN_POINT('',(0.754825407893,0.310354616128));
#8428 = CARTESIAN_POINT('',(0.755551297202,0.312840505316));
#8429 = CARTESIAN_POINT('',(0.757636496171,0.316560275534));
#8430 = CARTESIAN_POINT('',(0.760717719519,0.320262457797));
#8431 = CARTESIAN_POINT('',(0.764793871433,0.323941529027));
#8432 = CARTESIAN_POINT('',(0.769865062351,0.327592200256));
#8433 = CARTESIAN_POINT('',(0.775930240513,0.331208493059));
#8434 = CARTESIAN_POINT('',(0.782993798134,0.33478695285));
#8435 = CARTESIAN_POINT('',(0.791041141106,0.338314520287));
#8436 = CARTESIAN_POINT('',(0.800056695732,0.341781914571));
#8437 = CARTESIAN_POINT('',(0.810037784608,0.345185429072));
#8438 = CARTESIAN_POINT('',(0.820979702222,0.348519739304));
#8439 = CARTESIAN_POINT('',(0.832882581532,0.351780418288));
#8440 = CARTESIAN_POINT('',(0.845739396292,0.354961067092));
#8441 = CARTESIAN_POINT('',(0.859577290637,0.358062277284));
#8442 = CARTESIAN_POINT('',(0.874302466616,0.361058296255));
#8443 = CARTESIAN_POINT('',(0.889836924128,0.363934596562));
#8444 = CARTESIAN_POINT('',(0.906185161369,0.366693643192));
#8445 = CARTESIAN_POINT('',(0.92333354242,0.369333348064));
#8446 = CARTESIAN_POINT('',(0.941277305008,0.371852843097));
#8447 = CARTESIAN_POINT('',(0.9600133906,0.374250933414));
#8448 = CARTESIAN_POINT('',(0.979541949264,0.37652651144));
#8449 = CARTESIAN_POINT('',(0.993091861611,0.37796113534));
#8450 = CARTESIAN_POINT('',(1.,0.378657653009));
#8451 = ( GEOMETRIC_REPRESENTATION_CONTEXT(2) 
PARAMETRIC_REPRESENTATION_CONTEXT() REPRESENTATION_CONTEXT('2D SPACE',''
  ) );
#8452 = ORIENTED_EDGE('',*,*,#8453,.T.);
#8453 = EDGE_CURVE('',#8359,#8454,#8456,.T.);
#8454 = VERTEX_POINT('',#8455);
#8455 = CARTESIAN_POINT('',(-8.246642204077,-5.746642199344,
    -9.18768326779E-02));
#8456 = SURFACE_CURVE('',#8457,(#8464,#8470),.PCURVE_S1.);
#8457 = B_SPLINE_CURVE_WITH_KNOTS('',3,(#8458,#8459,#8460,#8461,#8462,
    #8463),.UNSPECIFIED.,.F.,.F.,(4,2,4),(1.114889772947,1.134674233312,
    1.145726782956),.UNSPECIFIED.);
#8458 = CARTESIAN_POINT('',(-8.46438820182,-5.56450829063,
    -0.228681322551));
#8459 = CARTESIAN_POINT('',(-8.416880864855,-5.599424403919,
    -0.189480919052));
#8460 = CARTESIAN_POINT('',(-8.368196900491,-5.638420576286,
    -0.156853734513));
#8461 = CARTESIAN_POINT('',(-8.296841328931,-5.700277825468,
    -0.116259965418));
#8462 = CARTESIAN_POINT('',(-8.271567423947,-5.723138873522,
    -0.103368961684));
#8463 = CARTESIAN_POINT('',(-8.246642204077,-5.74664219889,
    -9.187683366402E-02));
#8464 = PCURVE('',#4359,#8465);
#8465 = DEFINITIONAL_REPRESENTATION('',(#8466),#8469);
#8466 = B_SPLINE_CURVE_WITH_KNOTS('',1,(#8467,#8468),.UNSPECIFIED.,.F.,
  .F.,(2,2),(1.114889772947,1.145726782956),.PIECEWISE_BEZIER_KNOTS.);
#8467 = CARTESIAN_POINT('',(5.187909271548E-02,-1.68950829063));
#8468 = CARTESIAN_POINT('',(0.309748155326,-1.87164219889));
#8469 = ( GEOMETRIC_REPRESENTATION_CONTEXT(2) 
PARAMETRIC_REPRESENTATION_CONTEXT() REPRESENTATION_CONTEXT('2D SPACE',''
  ) );
#8470 = PCURVE('',#8471,#8476);
#8471 = CONICAL_SURFACE('',#8472,2.789718885006,8.726646259972E-02);
#8472 = AXIS2_PLACEMENT_3D('',#8473,#8474,#8475);
#8473 = CARTESIAN_POINT('',(-10.3991789541,-7.899178989645,-3.));
#8474 = DIRECTION('',(0.,0.,1.));
#8475 = DIRECTION('',(1.,0.,-0.));
#8476 = DEFINITIONAL_REPRESENTATION('',(#8477),#8503);
#8477 = B_SPLINE_CURVE_WITH_KNOTS('',3,(#8478,#8479,#8480,#8481,#8482,
    #8483,#8484,#8485,#8486,#8487,#8488,#8489,#8490,#8491,#8492,#8493,
    #8494,#8495,#8496,#8497,#8498,#8499,#8500,#8501,#8502),
  .UNSPECIFIED.,.F.,.F.,(4,1,1,1,1,1,1,1,1,1,1,1,1,1,1,1,1,1,1,1,1,1,4),
  (1.114889772947,1.116291455221,1.117693137494,1.119094819767,
    1.12049650204,1.121898184313,1.123299866586,1.124701548859,
    1.126103231132,1.127504913405,1.128906595678,1.130308277952,
    1.131709960225,1.133111642498,1.134513324771,1.135915007044,
    1.137316689317,1.13871837159,1.140120053863,1.141521736136,
    1.142923418409,1.144325100683,1.145726782956),
  .QUASI_UNIFORM_KNOTS.);
#8478 = CARTESIAN_POINT('',(0.878786235768,2.771318677449));
#8479 = CARTESIAN_POINT('',(0.877410991833,2.774095932145));
#8480 = CARTESIAN_POINT('',(0.874649546957,2.779584370528));
#8481 = CARTESIAN_POINT('',(0.870478109217,2.787618881667));
#8482 = CARTESIAN_POINT('',(0.866281002326,2.795455319032));
#8483 = CARTESIAN_POINT('',(0.862061825169,2.803093734041));
#8484 = CARTESIAN_POINT('',(0.857824174586,2.810534163935));
#8485 = CARTESIAN_POINT('',(0.853571644881,2.817776629464));
#8486 = CARTESIAN_POINT('',(0.849307827032,2.824821135902));
#8487 = CARTESIAN_POINT('',(0.845036309741,2.831667670358));
#8488 = CARTESIAN_POINT('',(0.840760673299,2.838316210775));
#8489 = CARTESIAN_POINT('',(0.836484510269,2.844766692111));
#8490 = CARTESIAN_POINT('',(0.832211346026,2.851019132295));
#8491 = CARTESIAN_POINT('',(0.827944933053,2.857073162126));
#8492 = CARTESIAN_POINT('',(0.823688150422,2.862929779834));
#8493 = CARTESIAN_POINT('',(0.819447108865,2.868584803261));
#8494 = CARTESIAN_POINT('',(0.815215828451,2.874053307105));
#8495 = CARTESIAN_POINT('',(0.810973901533,2.879371160865));
#8496 = CARTESIAN_POINT('',(0.806726718851,2.884533191744));
#8497 = CARTESIAN_POINT('',(0.802473015535,2.88954481699));
#8498 = CARTESIAN_POINT('',(0.798213310905,2.894408615235));
#8499 = CARTESIAN_POINT('',(0.793947647001,2.89912792469));
#8500 = CARTESIAN_POINT('',(0.789676194502,2.903705879013));
#8501 = CARTESIAN_POINT('',(0.786824791744,2.906665736747));
#8502 = CARTESIAN_POINT('',(0.785398172857,2.908123166336));
#8503 = ( GEOMETRIC_REPRESENTATION_CONTEXT(2) 
PARAMETRIC_REPRESENTATION_CONTEXT() REPRESENTATION_CONTEXT('2D SPACE',''
  ) );
#8504 = ORIENTED_EDGE('',*,*,#8505,.F.);
#8505 = EDGE_CURVE('',#8308,#8454,#8506,.T.);
#8506 = SURFACE_CURVE('',#8507,(#8512,#8518),.PCURVE_S1.);
#8507 = ELLIPSE('',#8508,1.414213562373,1.);
#8508 = AXIS2_PLACEMENT_3D('',#8509,#8510,#8511);
#8509 = CARTESIAN_POINT('',(-7.827939069668,-5.327939069668,-1.));
#8510 = DIRECTION('',(0.707106781187,-0.707106781187,0.));
#8511 = DIRECTION('',(-0.707106781187,-0.707106781187,
    -4.906538933387E-17));
#8512 = PCURVE('',#4359,#8513);
#8513 = DEFINITIONAL_REPRESENTATION('',(#8514),#8517);
#8514 = B_SPLINE_CURVE_WITH_KNOTS('',1,(#8515,#8516),.UNSPECIFIED.,.F.,
  .F.,(2,2),(4.712388980385,5.144405754575),.PIECEWISE_BEZIER_KNOTS.);
#8515 = CARTESIAN_POINT('',(0.741764932098,-1.452939069668));
#8516 = CARTESIAN_POINT('',(0.309748157908,-1.871642201732));
#8517 = ( GEOMETRIC_REPRESENTATION_CONTEXT(2) 
PARAMETRIC_REPRESENTATION_CONTEXT() REPRESENTATION_CONTEXT('2D SPACE',''
  ) );
#8518 = PCURVE('',#6934,#8519);
#8519 = DEFINITIONAL_REPRESENTATION('',(#8520),#8523);
#8520 = B_SPLINE_CURVE_WITH_KNOTS('',1,(#8521,#8522),.UNSPECIFIED.,.F.,
  .F.,(2,2),(4.712388980385,5.144405754575),.PIECEWISE_BEZIER_KNOTS.);
#8521 = CARTESIAN_POINT('',(0.741764932098,12.952939069668));
#8522 = CARTESIAN_POINT('',(0.309748157908,13.371642201732));
#8523 = ( GEOMETRIC_REPRESENTATION_CONTEXT(2) 
PARAMETRIC_REPRESENTATION_CONTEXT() REPRESENTATION_CONTEXT('2D SPACE',''
  ) );
#8524 = ADVANCED_FACE('',(#8525),#4798,.F.);
#8525 = FACE_BOUND('',#8526,.T.);
#8526 = EDGE_LOOP('',(#8527,#8528,#8552,#8576,#8633,#8634,#8691,#8692));
#8527 = ORIENTED_EDGE('',*,*,#8335,.F.);
#8528 = ORIENTED_EDGE('',*,*,#8529,.T.);
#8529 = EDGE_CURVE('',#8336,#8530,#8532,.T.);
#8530 = VERTEX_POINT('',#8531);
#8531 = CARTESIAN_POINT('',(-8.831758907211,-5.434761680503,
    -1.000000000001));
#8532 = SURFACE_CURVE('',#8533,(#8538,#8546),.PCURVE_S1.);
#8533 = B_SPLINE_CURVE_WITH_KNOTS('',3,(#8534,#8535,#8536,#8537),
  .UNSPECIFIED.,.F.,.F.,(4,4),(0.184125362576,0.192877000848),
  .PIECEWISE_BEZIER_KNOTS.);
#8534 = CARTESIAN_POINT('',(-8.824581120958,-5.430170516796,
    -0.912811281529));
#8535 = CARTESIAN_POINT('',(-8.827122903331,-5.431726654802,
    -0.941863724151));
#8536 = CARTESIAN_POINT('',(-8.829664653516,-5.433283757228,
    -0.970915701097));
#8537 = CARTESIAN_POINT('',(-8.832206293391,-5.434841846973,
    -0.999967191233));
#8538 = PCURVE('',#4798,#8539);
#8539 = DEFINITIONAL_REPRESENTATION('',(#8540),#8545);
#8540 = B_SPLINE_CURVE_WITH_KNOTS('',3,(#8541,#8542,#8543,#8544),
  .UNSPECIFIED.,.F.,.F.,(4,4),(0.184125362576,0.192877000848),
  .PIECEWISE_BEZIER_KNOTS.);
#8541 = CARTESIAN_POINT('',(-2.319829483204,-0.785104317888));
#8542 = CARTESIAN_POINT('',(-2.318273345198,-0.814267738126));
#8543 = CARTESIAN_POINT('',(-2.316716242772,-0.843430691653));
#8544 = CARTESIAN_POINT('',(-2.315158153027,-0.87259315061));
#8545 = ( GEOMETRIC_REPRESENTATION_CONTEXT(2) 
PARAMETRIC_REPRESENTATION_CONTEXT() REPRESENTATION_CONTEXT('2D SPACE',''
  ) );
#8546 = PCURVE('',#8403,#8547);
#8547 = DEFINITIONAL_REPRESENTATION('',(#8548),#8551);
#8548 = B_SPLINE_CURVE_WITH_KNOTS('',1,(#8549,#8550),.UNSPECIFIED.,.F.,
  .F.,(2,2),(0.184125362576,0.19287594442),.PIECEWISE_BEZIER_KNOTS.);
#8549 = CARTESIAN_POINT('',(0.754359509316,0.30911144032));
#8550 = CARTESIAN_POINT('',(0.752971748955,0.300354530969));
#8551 = ( GEOMETRIC_REPRESENTATION_CONTEXT(2) 
PARAMETRIC_REPRESENTATION_CONTEXT() REPRESENTATION_CONTEXT('2D SPACE',''
  ) );
#8552 = ORIENTED_EDGE('',*,*,#8553,.F.);
#8553 = EDGE_CURVE('',#8554,#8530,#8556,.T.);
#8554 = VERTEX_POINT('',#8555);
#8555 = CARTESIAN_POINT('',(-8.875371646285,-5.461610582654,
    -1.498495886887));
#8556 = SURFACE_CURVE('',#8557,(#8562,#8570),.PCURVE_S1.);
#8557 = B_SPLINE_CURVE_WITH_KNOTS('',3,(#8558,#8559,#8560,#8561),
  .UNSPECIFIED.,.F.,.F.,(4,4),(-0.151381382012,-0.101277693996),
  .PIECEWISE_BEZIER_KNOTS.);
#8558 = CARTESIAN_POINT('',(-8.875817873118,-5.461674397993,
    -1.498464144988));
#8559 = CARTESIAN_POINT('',(-8.86128315434,-5.45269925491,
    -1.332323601105));
#8560 = CARTESIAN_POINT('',(-8.846745457435,-5.443754572654,
    -1.166151145598));
#8561 = CARTESIAN_POINT('',(-8.832206293391,-5.434841846973,
    -0.999967191233));
#8562 = PCURVE('',#4798,#8563);
#8563 = DEFINITIONAL_REPRESENTATION('',(#8564),#8569);
#8564 = B_SPLINE_CURVE_WITH_KNOTS('',3,(#8565,#8566,#8567,#8568),
  .UNSPECIFIED.,.F.,.F.,(4,4),(-0.151381382012,-0.101277693996),
  .PIECEWISE_BEZIER_KNOTS.);
#8565 = CARTESIAN_POINT('',(-2.288325602007,-1.372994172578));
#8566 = CARTESIAN_POINT('',(-2.29730074509,-1.206219059414));
#8567 = CARTESIAN_POINT('',(-2.306245427346,-1.039411896497));
#8568 = CARTESIAN_POINT('',(-2.315158153027,-0.87259315061));
#8569 = ( GEOMETRIC_REPRESENTATION_CONTEXT(2) 
PARAMETRIC_REPRESENTATION_CONTEXT() REPRESENTATION_CONTEXT('2D SPACE',''
  ) );
#8570 = PCURVE('',#8403,#8571);
#8571 = DEFINITIONAL_REPRESENTATION('',(#8572),#8575);
#8572 = B_SPLINE_CURVE_WITH_KNOTS('',1,(#8573,#8574),.UNSPECIFIED.,.F.,
  .F.,(2,2),(-0.151380313331,-0.101277693996),.PIECEWISE_BEZIER_KNOTS.);
#8573 = CARTESIAN_POINT('',(0.745075150315,0.250261828769));
#8574 = CARTESIAN_POINT('',(0.752971581556,0.300353473793));
#8575 = ( GEOMETRIC_REPRESENTATION_CONTEXT(2) 
PARAMETRIC_REPRESENTATION_CONTEXT() REPRESENTATION_CONTEXT('2D SPACE',''
  ) );
#8576 = ORIENTED_EDGE('',*,*,#8577,.F.);
#8577 = EDGE_CURVE('',#5159,#8554,#8578,.T.);
#8578 = SURFACE_CURVE('',#8579,(#8590,#8604),.PCURVE_S1.);
#8579 = B_SPLINE_CURVE_WITH_KNOTS('',3,(#8580,#8581,#8582,#8583,#8584,
    #8585,#8586,#8587,#8588,#8589),.UNSPECIFIED.,.F.,.F.,(4,3,3,4),(0.,
    3.642173197615E-02,5.672220784211E-02,7.277805951919E-02),
  .UNSPECIFIED.);
#8580 = CARTESIAN_POINT('',(-8.831805208653,-4.917263982617,-1.));
#8581 = CARTESIAN_POINT('',(-8.838997431204,-5.006239725963,
    -1.082204256078));
#8582 = CARTESIAN_POINT('',(-8.84639779793,-5.098123932812,
    -1.166864455617));
#8583 = CARTESIAN_POINT('',(-8.853569091029,-5.18765913395,
    -1.248955600526));
#8584 = CARTESIAN_POINT('',(-8.857566173391,-5.237563602827,
    -1.294710956343));
#8585 = CARTESIAN_POINT('',(-8.861671473328,-5.288942808066,
    -1.341690848444));
#8586 = CARTESIAN_POINT('',(-8.865758053756,-5.340341677799,
    -1.388489730098));
#8587 = CARTESIAN_POINT('',(-8.868990171547,-5.380993563708,
    -1.425503438911));
#8588 = CARTESIAN_POINT('',(-8.872214007202,-5.421657323505,
    -1.462403908808));
#8589 = CARTESIAN_POINT('',(-8.875371646128,-5.461610582704,
    -1.498495886887));
#8590 = PCURVE('',#4798,#8591);
#8591 = DEFINITIONAL_REPRESENTATION('',(#8592),#8603);
#8592 = B_SPLINE_CURVE_WITH_KNOTS('',3,(#8593,#8594,#8595,#8596,#8597,
    #8598,#8599,#8600,#8601,#8602),.UNSPECIFIED.,.F.,.F.,(4,3,3,4),(0.,
    3.642173197615E-02,5.672220784211E-02,7.277805951919E-02),
  .UNSPECIFIED.);
#8593 = CARTESIAN_POINT('',(-2.832736017383,-0.872590877691));
#8594 = CARTESIAN_POINT('',(-2.743760274037,-0.955109165255));
#8595 = CARTESIAN_POINT('',(-2.651876067188,-1.040092191633));
#8596 = CARTESIAN_POINT('',(-2.56234086605,-1.122495974329));
#8597 = CARTESIAN_POINT('',(-2.512436397173,-1.168425585886));
#8598 = CARTESIAN_POINT('',(-2.461057191934,-1.215584505779));
#8599 = CARTESIAN_POINT('',(-2.409658322201,-1.262561472511));
#8600 = CARTESIAN_POINT('',(-2.369006436292,-1.299716030614));
#8601 = CARTESIAN_POINT('',(-2.328342676495,-1.336757058873));
#8602 = CARTESIAN_POINT('',(-2.288389417296,-1.372986902445));
#8603 = ( GEOMETRIC_REPRESENTATION_CONTEXT(2) 
PARAMETRIC_REPRESENTATION_CONTEXT() REPRESENTATION_CONTEXT('2D SPACE',''
  ) );
#8604 = PCURVE('',#5199,#8605);
#8605 = DEFINITIONAL_REPRESENTATION('',(#8606),#8632);
#8606 = B_SPLINE_CURVE_WITH_KNOTS('',3,(#8607,#8608,#8609,#8610,#8611,
    #8612,#8613,#8614,#8615,#8616,#8617,#8618,#8619,#8620,#8621,#8622,
    #8623,#8624,#8625,#8626,#8627,#8628,#8629,#8630,#8631),
  .UNSPECIFIED.,.F.,.F.,(4,1,1,1,1,1,1,1,1,1,1,1,1,1,1,1,1,1,1,1,1,1,4),
  (0.,3.308093614509E-03,6.616187229017E-03,9.924280843526E-03,
    1.323237445803E-02,1.654046807254E-02,1.984856168705E-02,
    2.315665530156E-02,2.646474891607E-02,2.977284253058E-02,
    3.308093614509E-02,3.638902975959E-02,3.96971233741E-02,
    4.300521698861E-02,4.631331060312E-02,4.962140421763E-02,
    5.292949783214E-02,5.623759144665E-02,5.954568506115E-02,
    6.285377867566E-02,6.616187229017E-02,6.946996590468E-02,
    7.277805951919E-02),.QUASI_UNIFORM_KNOTS.);
#8607 = CARTESIAN_POINT('',(1.,-4.756616835898E-02));
#8608 = CARTESIAN_POINT('',(0.985025814494,-4.749432554335E-02));
#8609 = CARTESIAN_POINT('',(0.954995960553,-4.734788747689E-02));
#8610 = CARTESIAN_POINT('',(0.909751990925,-4.711971270895E-02));
#8611 = CARTESIAN_POINT('',(0.864354093787,-4.688276225048E-02));
#8612 = CARTESIAN_POINT('',(0.818847526391,-4.66367698878E-02));
#8613 = CARTESIAN_POINT('',(0.773277599961,-4.638146550894E-02));
#8614 = CARTESIAN_POINT('',(0.727689443067,-4.611657367398E-02));
#8615 = CARTESIAN_POINT('',(0.682128878362,-4.584182134272E-02));
#8616 = CARTESIAN_POINT('',(0.636639138321,-4.555691594589E-02));
#8617 = CARTESIAN_POINT('',(0.591273109223,-4.526163435095E-02));
#8618 = CARTESIAN_POINT('',(0.546047620518,-4.495549952733E-02));
#8619 = CARTESIAN_POINT('',(0.501114021405,-4.463899735391E-02));
#8620 = CARTESIAN_POINT('',(0.456121559857,-4.430904722688E-02));
#8621 = CARTESIAN_POINT('',(0.41071945281,-4.396199136664E-02));
#8622 = CARTESIAN_POINT('',(0.365094284769,-4.359797240665E-02));
#8623 = CARTESIAN_POINT('',(0.31928874207,-4.32160838765E-02));
#8624 = CARTESIAN_POINT('',(0.273384095482,-4.281567496049E-02));
#8625 = CARTESIAN_POINT('',(0.227451315393,-4.23959947361E-02));
#8626 = CARTESIAN_POINT('',(0.181564089884,-4.195633028077E-02));
#8627 = CARTESIAN_POINT('',(0.135795319378,-4.14960315807E-02));
#8628 = CARTESIAN_POINT('',(9.021823545832E-02,-4.101436548995E-02));
#8629 = CARTESIAN_POINT('',(4.490594830041E-02,-4.051062733391E-02));
#8630 = CARTESIAN_POINT('',(1.49229913738E-02,-4.015963449219E-02));
#8631 = CARTESIAN_POINT('',(0.,-3.998023182607E-02));
#8632 = ( GEOMETRIC_REPRESENTATION_CONTEXT(2) 
PARAMETRIC_REPRESENTATION_CONTEXT() REPRESENTATION_CONTEXT('2D SPACE',''
  ) );
#8633 = ORIENTED_EDGE('',*,*,#5158,.F.);
#8634 = ORIENTED_EDGE('',*,*,#8635,.F.);
#8635 = EDGE_CURVE('',#4932,#5134,#8636,.T.);
#8636 = SURFACE_CURVE('',#8637,(#8648,#8662),.PCURVE_S1.);
#8637 = B_SPLINE_CURVE_WITH_KNOTS('',3,(#8638,#8639,#8640,#8641,#8642,
    #8643,#8644,#8645,#8646,#8647),.UNSPECIFIED.,.F.,.F.,(4,3,3,4),(0.,
    2.726973235868E-02,3.640545727983E-02,7.334147297553E-02),
  .UNSPECIFIED.);
#8638 = CARTESIAN_POINT('',(-8.87537164612,5.461610554822,
    -1.498495886797));
#8639 = CARTESIAN_POINT('',(-8.870049824178,5.394274124148,
    -1.437667183658));
#8640 = CARTESIAN_POINT('',(-8.864539523895,5.324934455286,
    -1.374553415708));
#8641 = CARTESIAN_POINT('',(-8.859111305548,5.257047962321,
    -1.312484777687));
#8642 = CARTESIAN_POINT('',(-8.85729277983,5.234305079574,
    -1.291690954128));
#8643 = CARTESIAN_POINT('',(-8.855483444483,5.211725167856,
    -1.271014439291));
#8644 = CARTESIAN_POINT('',(-8.853696211803,5.189437577634,
    -1.250580463377));
#8645 = CARTESIAN_POINT('',(-8.84647037533,5.099328167667,
    -1.167965272835));
#8646 = CARTESIAN_POINT('',(-8.83900741146,5.006819479219,
    -1.082727192408));
#8647 = CARTESIAN_POINT('',(-8.831756036158,4.917281916501,-1.));
#8648 = PCURVE('',#4798,#8649);
#8649 = DEFINITIONAL_REPRESENTATION('',(#8650),#8661);
#8650 = B_SPLINE_CURVE_WITH_KNOTS('',3,(#8651,#8652,#8653,#8654,#8655,
    #8656,#8657,#8658,#8659,#8660),.UNSPECIFIED.,.F.,.F.,(4,3,3,4),(0.,
    2.726973235868E-02,3.640545727983E-02,7.334147297553E-02),
  .UNSPECIFIED.);
#8651 = CARTESIAN_POINT('',(-13.21161055482,-1.372986902355));
#8652 = CARTESIAN_POINT('',(-13.14427412414,-1.311925843452));
#8653 = CARTESIAN_POINT('',(-13.07493445528,-1.248571988129));
#8654 = CARTESIAN_POINT('',(-13.00704796232,-1.186266439614));
#8655 = CARTESIAN_POINT('',(-12.98430507957,-1.165393247871));
#8656 = CARTESIAN_POINT('',(-12.96172516785,-1.14463771945));
#8657 = CARTESIAN_POINT('',(-12.93943757763,-1.124125733391));
#8658 = CARTESIAN_POINT('',(-12.84932816766,-1.041195145447));
#8659 = CARTESIAN_POINT('',(-12.75681947921,-0.955630981491));
#8660 = CARTESIAN_POINT('',(-12.6672819165,-0.872586592026));
#8661 = ( GEOMETRIC_REPRESENTATION_CONTEXT(2) 
PARAMETRIC_REPRESENTATION_CONTEXT() REPRESENTATION_CONTEXT('2D SPACE',''
  ) );
#8662 = PCURVE('',#4947,#8663);
#8663 = DEFINITIONAL_REPRESENTATION('',(#8664),#8690);
#8664 = B_SPLINE_CURVE_WITH_KNOTS('',3,(#8665,#8666,#8667,#8668,#8669,
    #8670,#8671,#8672,#8673,#8674,#8675,#8676,#8677,#8678,#8679,#8680,
    #8681,#8682,#8683,#8684,#8685,#8686,#8687,#8688,#8689),
  .UNSPECIFIED.,.F.,.F.,(4,1,1,1,1,1,1,1,1,1,1,1,1,1,1,1,1,1,1,1,1,1,4),
  (0.,3.33370331707E-03,6.667406634139E-03,1.000110995121E-02,
    1.333481326828E-02,1.666851658535E-02,2.000221990242E-02,
    2.333592321949E-02,2.666962653656E-02,3.000332985363E-02,
    3.33370331707E-02,3.667073648777E-02,4.000443980484E-02,
    4.33381431219E-02,4.667184643897E-02,5.000554975604E-02,
    5.333925307311E-02,5.667295639018E-02,6.000665970725E-02,
    6.334036302432E-02,6.667406634139E-02,7.000776965846E-02,
    7.334147297553E-02),.QUASI_UNIFORM_KNOTS.);
#8665 = CARTESIAN_POINT('',(0.,-0.108235122917));
#8666 = CARTESIAN_POINT('',(1.492297418415E-02,-0.108055435662));
#8667 = CARTESIAN_POINT('',(4.490517589946E-02,-0.107703904555));
#8668 = CARTESIAN_POINT('',(9.021417600835E-02,-0.107199450177));
#8669 = CARTESIAN_POINT('',(0.135785829334,-0.106717159091));
#8670 = CARTESIAN_POINT('',(0.181547027906,-0.106256321018));
#8671 = CARTESIAN_POINT('',(0.227424571579,-0.105816219369));
#8672 = CARTESIAN_POINT('',(0.273345472416,-0.105396133725));
#8673 = CARTESIAN_POINT('',(0.319235857071,-0.104995356218));
#8674 = CARTESIAN_POINT('',(0.365025129389,-0.104613165439));
#8675 = CARTESIAN_POINT('',(0.410630481169,-0.104248948313));
#8676 = CARTESIAN_POINT('',(0.456014908623,-0.103901726193));
#8677 = CARTESIAN_POINT('',(0.500970573824,-0.103571732011));
#8678 = CARTESIAN_POINT('',(0.545939256634,-0.103254680938));
#8679 = CARTESIAN_POINT('',(0.591179080066,-0.10294818955));
#8680 = CARTESIAN_POINT('',(0.636563369965,-0.102652553167));
#8681 = CARTESIAN_POINT('',(0.682068540833,-0.10236734228));
#8682 = CARTESIAN_POINT('',(0.727643372707,-0.10209231769));
#8683 = CARTESIAN_POINT('',(0.773244043064,-0.101827187999));
#8684 = CARTESIAN_POINT('',(0.818824744188,-0.101571676918));
#8685 = CARTESIAN_POINT('',(0.864340200709,-0.101325507131));
#8686 = CARTESIAN_POINT('',(0.909744998298,-0.101088406467));
#8687 = CARTESIAN_POINT('',(0.9549937652,-0.100860106865));
#8688 = CARTESIAN_POINT('',(0.985025341181,-0.100713601359));
#8689 = CARTESIAN_POINT('',(1.,-0.10064172848));
#8690 = ( GEOMETRIC_REPRESENTATION_CONTEXT(2) 
PARAMETRIC_REPRESENTATION_CONTEXT() REPRESENTATION_CONTEXT('2D SPACE',''
  ) );
#8691 = ORIENTED_EDGE('',*,*,#4971,.F.);
#8692 = ORIENTED_EDGE('',*,*,#4780,.T.);
#8693 = ADVANCED_FACE('',(#8694),#4947,.T.);
#8694 = FACE_BOUND('',#8695,.T.);
#8695 = EDGE_LOOP('',(#8696,#8697,#8698,#8699));
#8696 = ORIENTED_EDGE('',*,*,#8635,.T.);
#8697 = ORIENTED_EDGE('',*,*,#5133,.T.);
#8698 = ORIENTED_EDGE('',*,*,#5060,.T.);
#8699 = ORIENTED_EDGE('',*,*,#4931,.T.);
#8700 = ADVANCED_FACE('',(#8701),#5199,.T.);
#8701 = FACE_BOUND('',#8702,.T.);
#8702 = EDGE_LOOP('',(#8703,#8704,#8727,#8746));
#8703 = ORIENTED_EDGE('',*,*,#8577,.T.);
#8704 = ORIENTED_EDGE('',*,*,#8705,.T.);
#8705 = EDGE_CURVE('',#8554,#8706,#8708,.T.);
#8706 = VERTEX_POINT('',#8707);
#8707 = CARTESIAN_POINT('',(-9.859824774518,-5.678464610027,
    -1.49999908014));
#8708 = SURFACE_CURVE('',#8709,(#8714,#8721),.PCURVE_S1.);
#8709 = B_SPLINE_CURVE_WITH_KNOTS('',3,(#8710,#8711,#8712,#8713),
  .UNSPECIFIED.,.F.,.F.,(4,4),(3.998023182607E-02,0.148168926604),
  .PIECEWISE_BEZIER_KNOTS.);
#8710 = CARTESIAN_POINT('',(-8.875371646128,-5.461610582704,
    -1.498495886887));
#8711 = CARTESIAN_POINT('',(-9.205410066825,-5.355922117315,
    -1.499055350761));
#8712 = CARTESIAN_POINT('',(-9.593902631123,-5.434791341518,
    -1.499968902561));
#8713 = CARTESIAN_POINT('',(-9.859824774518,-5.678464610027,
    -1.49999908014));
#8714 = PCURVE('',#5199,#8715);
#8715 = DEFINITIONAL_REPRESENTATION('',(#8716),#8720);
#8716 = LINE('',#8717,#8718);
#8717 = CARTESIAN_POINT('',(-4.528910515093E-15,1.318389841742E-16));
#8718 = VECTOR('',#8719,1.);
#8719 = DIRECTION('',(3.029701677451E-14,-1.));
#8720 = ( GEOMETRIC_REPRESENTATION_CONTEXT(2) 
PARAMETRIC_REPRESENTATION_CONTEXT() REPRESENTATION_CONTEXT('2D SPACE',''
  ) );
#8721 = PCURVE('',#8403,#8722);
#8722 = DEFINITIONAL_REPRESENTATION('',(#8723),#8726);
#8723 = B_SPLINE_CURVE_WITH_KNOTS('',1,(#8724,#8725),.UNSPECIFIED.,.F.,
  .F.,(2,2),(3.998023182607E-02,0.148168926604),
  .PIECEWISE_BEZIER_KNOTS.);
#8724 = CARTESIAN_POINT('',(0.745350169707,0.250260757132));
#8725 = CARTESIAN_POINT('',(2.976551002025E-02,0.242671534741));
#8726 = ( GEOMETRIC_REPRESENTATION_CONTEXT(2) 
PARAMETRIC_REPRESENTATION_CONTEXT() REPRESENTATION_CONTEXT('2D SPACE',''
  ) );
#8727 = ORIENTED_EDGE('',*,*,#8728,.T.);
#8728 = EDGE_CURVE('',#8706,#5182,#8729,.T.);
#8729 = SURFACE_CURVE('',#8730,(#8734,#8740),.PCURVE_S1.);
#8730 = LINE('',#8731,#8732);
#8731 = CARTESIAN_POINT('',(-9.859824774518,-5.678464610027,
    -1.49999908014));
#8732 = VECTOR('',#8733,1.);
#8733 = DIRECTION('',(-0.500479316574,0.500479316574,0.706428274748));
#8734 = PCURVE('',#5199,#8735);
#8735 = DEFINITIONAL_REPRESENTATION('',(#8736),#8739);
#8736 = B_SPLINE_CURVE_WITH_KNOTS('',1,(#8737,#8738),.UNSPECIFIED.,.F.,
  .F.,(2,2),(0.,0.707784637186),.PIECEWISE_BEZIER_KNOTS.);
#8737 = CARTESIAN_POINT('',(1.341534854057E-15,-0.148168926604));
#8738 = CARTESIAN_POINT('',(1.,-0.148168926604));
#8739 = ( GEOMETRIC_REPRESENTATION_CONTEXT(2) 
PARAMETRIC_REPRESENTATION_CONTEXT() REPRESENTATION_CONTEXT('2D SPACE',''
  ) );
#8740 = PCURVE('',#5239,#8741);
#8741 = DEFINITIONAL_REPRESENTATION('',(#8742),#8745);
#8742 = B_SPLINE_CURVE_WITH_KNOTS('',1,(#8743,#8744),.UNSPECIFIED.,.F.,
  .F.,(2,2),(0.,0.707784637186),.PIECEWISE_BEZIER_KNOTS.);
#8743 = CARTESIAN_POINT('',(-4.540038000706E-17,-0.577940566118));
#8744 = CARTESIAN_POINT('',(1.,-0.577940566118));
#8745 = ( GEOMETRIC_REPRESENTATION_CONTEXT(2) 
PARAMETRIC_REPRESENTATION_CONTEXT() REPRESENTATION_CONTEXT('2D SPACE',''
  ) );
#8746 = ORIENTED_EDGE('',*,*,#5181,.T.);
#8747 = ADVANCED_FACE('',(#8748),#5239,.T.);
#8748 = FACE_BOUND('',#8749,.T.);
#8749 = EDGE_LOOP('',(#8750,#8751,#8772,#8773));
#8750 = ORIENTED_EDGE('',*,*,#8728,.F.);
#8751 = ORIENTED_EDGE('',*,*,#8752,.T.);
#8752 = EDGE_CURVE('',#8706,#5269,#8753,.T.);
#8753 = SURFACE_CURVE('',#8754,(#8759,#8766),.PCURVE_S1.);
#8754 = B_SPLINE_CURVE_WITH_KNOTS('',3,(#8755,#8756,#8757,#8758),
  .UNSPECIFIED.,.F.,.F.,(4,4),(0.577940566118,0.58233612423),
  .PIECEWISE_BEZIER_KNOTS.);
#8755 = CARTESIAN_POINT('',(-9.859824774518,-5.678464610027,
    -1.49999908014));
#8756 = CARTESIAN_POINT('',(-9.870637539474,-5.688372704723,
    -1.500000307203));
#8757 = CARTESIAN_POINT('',(-9.881223815078,-5.698507288772,-1.5));
#8758 = CARTESIAN_POINT('',(-9.891584244905,-5.708867718598,-1.5));
#8759 = PCURVE('',#5239,#8760);
#8760 = DEFINITIONAL_REPRESENTATION('',(#8761),#8765);
#8761 = LINE('',#8762,#8763);
#8762 = CARTESIAN_POINT('',(2.295431789195E-13,1.110223024625E-16));
#8763 = VECTOR('',#8764,1.);
#8764 = DIRECTION('',(-3.942193515175E-13,-1.));
#8765 = ( GEOMETRIC_REPRESENTATION_CONTEXT(2) 
PARAMETRIC_REPRESENTATION_CONTEXT() REPRESENTATION_CONTEXT('2D SPACE',''
  ) );
#8766 = PCURVE('',#8403,#8767);
#8767 = DEFINITIONAL_REPRESENTATION('',(#8768),#8771);
#8768 = B_SPLINE_CURVE_WITH_KNOTS('',1,(#8769,#8770),.UNSPECIFIED.,.F.,
  .F.,(2,2),(0.577940566118,0.58233612423),.PIECEWISE_BEZIER_KNOTS.);
#8769 = CARTESIAN_POINT('',(2.976551002025E-02,0.242671534741));
#8770 = CARTESIAN_POINT('',(-1.214819783399E-07,0.242286467756));
#8771 = ( GEOMETRIC_REPRESENTATION_CONTEXT(2) 
PARAMETRIC_REPRESENTATION_CONTEXT() REPRESENTATION_CONTEXT('2D SPACE',''
  ) );
#8772 = ORIENTED_EDGE('',*,*,#5268,.F.);
#8773 = ORIENTED_EDGE('',*,*,#5223,.T.);
#8774 = ADVANCED_FACE('',(#8775),#5306,.T.);
#8775 = FACE_BOUND('',#8776,.T.);
#8776 = EDGE_LOOP('',(#8777,#8778,#8803,#8831,#8859));
#8777 = ORIENTED_EDGE('',*,*,#5290,.F.);
#8778 = ORIENTED_EDGE('',*,*,#8779,.F.);
#8779 = EDGE_CURVE('',#8780,#5269,#8782,.T.);
#8780 = VERTEX_POINT('',#8781);
#8781 = CARTESIAN_POINT('',(-9.984872375808,-5.802155849502,
    -2.999999999995));
#8782 = SURFACE_CURVE('',#8783,(#8788,#8796),.PCURVE_S1.);
#8783 = B_SPLINE_CURVE_WITH_KNOTS('',3,(#8784,#8785,#8786,#8787),
  .UNSPECIFIED.,.F.,.F.,(4,4),(9.170740706394E-02,0.242286467768),
  .PIECEWISE_BEZIER_KNOTS.);
#8784 = CARTESIAN_POINT('',(-9.984872375809,-5.802155849502,-3.));
#8785 = CARTESIAN_POINT('',(-9.953764263922,-5.771047737616,
    -2.50000150123));
#8786 = CARTESIAN_POINT('',(-9.92266891715,-5.739952390844,
    -2.000001414228));
#8787 = CARTESIAN_POINT('',(-9.891584118939,-5.708867592633,
    -1.500000015548));
#8788 = PCURVE('',#5306,#8789);
#8789 = DEFINITIONAL_REPRESENTATION('',(#8790),#8795);
#8790 = B_SPLINE_CURVE_WITH_KNOTS('',3,(#8791,#8792,#8793,#8794),
  .UNSPECIFIED.,.F.,.F.,(4,4),(9.170740706394E-02,0.242286467768),
  .PIECEWISE_BEZIER_KNOTS.);
#8791 = CARTESIAN_POINT('',(0.747466451565,0.));
#8792 = CARTESIAN_POINT('',(0.703472937835,0.49999849877));
#8793 = CARTESIAN_POINT('',(0.659497476703,0.999998585772));
#8794 = CARTESIAN_POINT('',(0.61553693349,1.499999984452));
#8795 = ( GEOMETRIC_REPRESENTATION_CONTEXT(2) 
PARAMETRIC_REPRESENTATION_CONTEXT() REPRESENTATION_CONTEXT('2D SPACE',''
  ) );
#8796 = PCURVE('',#8403,#8797);
#8797 = DEFINITIONAL_REPRESENTATION('',(#8798),#8802);
#8798 = LINE('',#8799,#8800);
#8799 = CARTESIAN_POINT('',(-5.40491623074E-15,-5.551115123126E-17));
#8800 = VECTOR('',#8801,1.);
#8801 = DIRECTION('',(5.575391115618E-14,1.));
#8802 = ( GEOMETRIC_REPRESENTATION_CONTEXT(2) 
PARAMETRIC_REPRESENTATION_CONTEXT() REPRESENTATION_CONTEXT('2D SPACE',''
  ) );
#8803 = ORIENTED_EDGE('',*,*,#8804,.F.);
#8804 = EDGE_CURVE('',#8805,#8780,#8807,.T.);
#8805 = VERTEX_POINT('',#8806);
#8806 = CARTESIAN_POINT('',(-10.67558101529,-6.492864488987,-3.));
#8807 = SURFACE_CURVE('',#8808,(#8812,#8819),.PCURVE_S1.);
#8808 = LINE('',#8809,#8810);
#8809 = CARTESIAN_POINT('',(-10.67558101529,-6.492864488987,-3.));
#8810 = VECTOR('',#8811,1.);
#8811 = DIRECTION('',(0.707106781187,0.707106781187,0.));
#8812 = PCURVE('',#5306,#8813);
#8813 = DEFINITIONAL_REPRESENTATION('',(#8814),#8818);
#8814 = LINE('',#8815,#8816);
#8815 = CARTESIAN_POINT('',(1.724275977173,0.));
#8816 = VECTOR('',#8817,1.);
#8817 = DIRECTION('',(-1.,0.));
#8818 = ( GEOMETRIC_REPRESENTATION_CONTEXT(2) 
PARAMETRIC_REPRESENTATION_CONTEXT() REPRESENTATION_CONTEXT('2D SPACE',''
  ) );
#8819 = PCURVE('',#8820,#8825);
#8820 = PLANE('',#8821);
#8821 = AXIS2_PLACEMENT_3D('',#8822,#8823,#8824);
#8822 = CARTESIAN_POINT('',(-9.807602568045,-7.307602551495,-3.));
#8823 = DIRECTION('',(0.,0.,-1.));
#8824 = DIRECTION('',(1.,0.,0.));
#8825 = DEFINITIONAL_REPRESENTATION('',(#8826),#8830);
#8826 = LINE('',#8827,#8828);
#8827 = CARTESIAN_POINT('',(-0.867978447248,-0.814738062508));
#8828 = VECTOR('',#8829,1.);
#8829 = DIRECTION('',(0.707106781187,-0.707106781187));
#8830 = ( GEOMETRIC_REPRESENTATION_CONTEXT(2) 
PARAMETRIC_REPRESENTATION_CONTEXT() REPRESENTATION_CONTEXT('2D SPACE',''
  ) );
#8831 = ORIENTED_EDGE('',*,*,#8832,.T.);
#8832 = EDGE_CURVE('',#8805,#8833,#8835,.T.);
#8833 = VERTEX_POINT('',#8834);
#8834 = CARTESIAN_POINT('',(-10.67558101529,-6.492864488987,-1.5));
#8835 = SURFACE_CURVE('',#8836,(#8840,#8847),.PCURVE_S1.);
#8836 = LINE('',#8837,#8838);
#8837 = CARTESIAN_POINT('',(-10.67558099429,-6.492864467991,-3.));
#8838 = VECTOR('',#8839,1.);
#8839 = DIRECTION('',(0.,0.,1.));
#8840 = PCURVE('',#5306,#8841);
#8841 = DEFINITIONAL_REPRESENTATION('',(#8842),#8846);
#8842 = LINE('',#8843,#8844);
#8843 = CARTESIAN_POINT('',(1.724275947479,0.));
#8844 = VECTOR('',#8845,1.);
#8845 = DIRECTION('',(0.,1.));
#8846 = ( GEOMETRIC_REPRESENTATION_CONTEXT(2) 
PARAMETRIC_REPRESENTATION_CONTEXT() REPRESENTATION_CONTEXT('2D SPACE',''
  ) );
#8847 = PCURVE('',#8848,#8853);
#8848 = CYLINDRICAL_SURFACE('',#8849,0.75);
#8849 = AXIS2_PLACEMENT_3D('',#8850,#8851,#8852);
#8850 = CARTESIAN_POINT('',(-10.14525100154,-7.023194460748,-3.));
#8851 = DIRECTION('',(0.,0.,1.));
#8852 = DIRECTION('',(-0.915542662981,0.40222087497,0.));
#8853 = DEFINITIONAL_REPRESENTATION('',(#8854),#8858);
#8854 = LINE('',#8855,#8856);
#8855 = CARTESIAN_POINT('',(-0.371456859019,0.));
#8856 = VECTOR('',#8857,1.);
#8857 = DIRECTION('',(0.,1.));
#8858 = ( GEOMETRIC_REPRESENTATION_CONTEXT(2) 
PARAMETRIC_REPRESENTATION_CONTEXT() REPRESENTATION_CONTEXT('2D SPACE',''
  ) );
#8859 = ORIENTED_EDGE('',*,*,#8860,.F.);
#8860 = EDGE_CURVE('',#5291,#8833,#8861,.T.);
#8861 = SURFACE_CURVE('',#8862,(#8866,#8873),.PCURVE_S1.);
#8862 = LINE('',#8863,#8864);
#8863 = CARTESIAN_POINT('',(-10.67558101529,-6.492864488987,-1.5));
#8864 = VECTOR('',#8865,1.);
#8865 = DIRECTION('',(-0.707106781187,-0.707106781187,0.));
#8866 = PCURVE('',#5306,#8867);
#8867 = DEFINITIONAL_REPRESENTATION('',(#8868),#8872);
#8868 = LINE('',#8869,#8870);
#8869 = CARTESIAN_POINT('',(1.724275977173,1.5));
#8870 = VECTOR('',#8871,1.);
#8871 = DIRECTION('',(1.,0.));
#8872 = ( GEOMETRIC_REPRESENTATION_CONTEXT(2) 
PARAMETRIC_REPRESENTATION_CONTEXT() REPRESENTATION_CONTEXT('2D SPACE',''
  ) );
#8873 = PCURVE('',#5458,#8874);
#8874 = DEFINITIONAL_REPRESENTATION('',(#8875),#8879);
#8875 = LINE('',#8876,#8877);
#8876 = CARTESIAN_POINT('',(-0.867978447248,-0.814738062508));
#8877 = VECTOR('',#8878,1.);
#8878 = DIRECTION('',(-0.707106781187,0.707106781187));
#8879 = ( GEOMETRIC_REPRESENTATION_CONTEXT(2) 
PARAMETRIC_REPRESENTATION_CONTEXT() REPRESENTATION_CONTEXT('2D SPACE',''
  ) );
#8880 = ADVANCED_FACE('',(#8881),#5360,.T.);
#8881 = FACE_BOUND('',#8882,.T.);
#8882 = EDGE_LOOP('',(#8883,#8913,#8934,#8935,#8936,#8937,#8938,#8939));
#8883 = ORIENTED_EDGE('',*,*,#8884,.T.);
#8884 = EDGE_CURVE('',#8885,#8887,#8889,.T.);
#8885 = VERTEX_POINT('',#8886);
#8886 = CARTESIAN_POINT('',(-7.947665169765,-7.837488663526,-1.));
#8887 = VERTEX_POINT('',#8888);
#8888 = CARTESIAN_POINT('',(7.947665262899,-7.837488663526,-1.));
#8889 = SURFACE_CURVE('',#8890,(#8894,#8901),.PCURVE_S1.);
#8890 = LINE('',#8891,#8892);
#8891 = CARTESIAN_POINT('',(5.125,-7.837488663526,-1.));
#8892 = VECTOR('',#8893,1.);
#8893 = DIRECTION('',(1.,0.,0.));
#8894 = PCURVE('',#5360,#8895);
#8895 = DEFINITIONAL_REPRESENTATION('',(#8896),#8900);
#8896 = LINE('',#8897,#8898);
#8897 = CARTESIAN_POINT('',(-5.125,-1.003819837543));
#8898 = VECTOR('',#8899,1.);
#8899 = DIRECTION('',(1.,0.));
#8900 = ( GEOMETRIC_REPRESENTATION_CONTEXT(2) 
PARAMETRIC_REPRESENTATION_CONTEXT() REPRESENTATION_CONTEXT('2D SPACE',''
  ) );
#8901 = PCURVE('',#8902,#8907);
#8902 = PLANE('',#8903);
#8903 = AXIS2_PLACEMENT_3D('',#8904,#8905,#8906);
#8904 = CARTESIAN_POINT('',(0.,0.,-1.));
#8905 = DIRECTION('',(0.,0.,-1.));
#8906 = DIRECTION('',(1.,0.,0.));
#8907 = DEFINITIONAL_REPRESENTATION('',(#8908),#8912);
#8908 = LINE('',#8909,#8910);
#8909 = CARTESIAN_POINT('',(5.125,7.837488663526));
#8910 = VECTOR('',#8911,1.);
#8911 = DIRECTION('',(1.,0.));
#8912 = ( GEOMETRIC_REPRESENTATION_CONTEXT(2) 
PARAMETRIC_REPRESENTATION_CONTEXT() REPRESENTATION_CONTEXT('2D SPACE',''
  ) );
#8913 = ORIENTED_EDGE('',*,*,#8914,.F.);
#8914 = EDGE_CURVE('',#6157,#8887,#8915,.T.);
#8915 = SURFACE_CURVE('',#8916,(#8920,#8927),.PCURVE_S1.);
#8916 = LINE('',#8917,#8918);
#8917 = CARTESIAN_POINT('',(7.086789212277,-7.787334316125,
    -0.426733185997));
#8918 = VECTOR('',#8919,1.);
#8919 = DIRECTION('',(-0.831363597074,4.843496184375E-02,0.553614147156)
  );
#8920 = PCURVE('',#5360,#8921);
#8921 = DEFINITIONAL_REPRESENTATION('',(#8922),#8926);
#8922 = LINE('',#8923,#8924);
#8923 = CARTESIAN_POINT('',(-3.163210787723,-0.428363237442));
#8924 = VECTOR('',#8925,1.);
#8925 = DIRECTION('',(-0.831363597074,0.55572886326));
#8926 = ( GEOMETRIC_REPRESENTATION_CONTEXT(2) 
PARAMETRIC_REPRESENTATION_CONTEXT() REPRESENTATION_CONTEXT('2D SPACE',''
  ) );
#8927 = PCURVE('',#6195,#8928);
#8928 = DEFINITIONAL_REPRESENTATION('',(#8929),#8933);
#8929 = LINE('',#8930,#8931);
#8930 = CARTESIAN_POINT('',(-2.114970199982,-5.007603157303));
#8931 = VECTOR('',#8932,1.);
#8932 = DIRECTION('',(0.998434811406,5.592787651736E-02));
#8933 = ( GEOMETRIC_REPRESENTATION_CONTEXT(2) 
PARAMETRIC_REPRESENTATION_CONTEXT() REPRESENTATION_CONTEXT('2D SPACE',''
  ) );
#8934 = ORIENTED_EDGE('',*,*,#6156,.T.);
#8935 = ORIENTED_EDGE('',*,*,#5704,.F.);
#8936 = ORIENTED_EDGE('',*,*,#5656,.F.);
#8937 = ORIENTED_EDGE('',*,*,#5606,.F.);
#8938 = ORIENTED_EDGE('',*,*,#5342,.F.);
#8939 = ORIENTED_EDGE('',*,*,#8940,.F.);
#8940 = EDGE_CURVE('',#8885,#5343,#8941,.T.);
#8941 = SURFACE_CURVE('',#8942,(#8946,#8953),.PCURVE_S1.);
#8942 = LINE('',#8943,#8944);
#8943 = CARTESIAN_POINT('',(-0.225292760876,-7.387585860126,
    4.142412574015));
#8944 = VECTOR('',#8945,1.);
#8945 = DIRECTION('',(-0.831363597074,-4.843496184375E-02,
    -0.553614147156));
#8946 = PCURVE('',#5360,#8947);
#8947 = DEFINITIONAL_REPRESENTATION('',(#8948),#8952);
#8948 = LINE('',#8949,#8950);
#8949 = CARTESIAN_POINT('',(-10.47529276087,4.158235917085));
#8950 = VECTOR('',#8951,1.);
#8951 = DIRECTION('',(-0.831363597074,-0.55572886326));
#8952 = ( GEOMETRIC_REPRESENTATION_CONTEXT(2) 
PARAMETRIC_REPRESENTATION_CONTEXT() REPRESENTATION_CONTEXT('2D SPACE',''
  ) );
#8953 = PCURVE('',#5488,#8954);
#8954 = DEFINITIONAL_REPRESENTATION('',(#8955),#8959);
#8955 = LINE('',#8956,#8957);
#8956 = CARTESIAN_POINT('',(-6.623171274795,-3.842080646169));
#8957 = VECTOR('',#8958,1.);
#8958 = DIRECTION('',(0.998434811406,-5.592787651736E-02));
#8959 = ( GEOMETRIC_REPRESENTATION_CONTEXT(2) 
PARAMETRIC_REPRESENTATION_CONTEXT() REPRESENTATION_CONTEXT('2D SPACE',''
  ) );
#8960 = ADVANCED_FACE('',(#8961),#5458,.F.);
#8961 = FACE_BOUND('',#8962,.T.);
#8962 = EDGE_LOOP('',(#8963,#8987,#9020,#9049,#9075,#9076));
#8963 = ORIENTED_EDGE('',*,*,#8964,.F.);
#8964 = EDGE_CURVE('',#8965,#8833,#8967,.T.);
#8965 = VERTEX_POINT('',#8966);
#8966 = CARTESIAN_POINT('',(-10.77923188076,-7.423904137173,-1.5));
#8967 = SURFACE_CURVE('',#8968,(#8973,#8980),.PCURVE_S1.);
#8968 = CIRCLE('',#8969,0.75);
#8969 = AXIS2_PLACEMENT_3D('',#8970,#8971,#8972);
#8970 = CARTESIAN_POINT('',(-10.14525100154,-7.023194460748,-1.5));
#8971 = DIRECTION('',(0.,0.,-1.));
#8972 = DIRECTION('',(-0.915542662981,0.40222087497,0.));
#8973 = PCURVE('',#5458,#8974);
#8974 = DEFINITIONAL_REPRESENTATION('',(#8975),#8979);
#8975 = CIRCLE('',#8976,0.75);
#8976 = AXIS2_PLACEMENT_2D('',#8977,#8978);
#8977 = CARTESIAN_POINT('',(-0.337648433494,-0.284408090747));
#8978 = DIRECTION('',(-0.915542662981,-0.40222087497));
#8979 = ( GEOMETRIC_REPRESENTATION_CONTEXT(2) 
PARAMETRIC_REPRESENTATION_CONTEXT() REPRESENTATION_CONTEXT('2D SPACE',''
  ) );
#8980 = PCURVE('',#8848,#8981);
#8981 = DEFINITIONAL_REPRESENTATION('',(#8982),#8986);
#8982 = LINE('',#8983,#8984);
#8983 = CARTESIAN_POINT('',(6.28318530718,1.5));
#8984 = VECTOR('',#8985,1.);
#8985 = DIRECTION('',(-1.,0.));
#8986 = ( GEOMETRIC_REPRESENTATION_CONTEXT(2) 
PARAMETRIC_REPRESENTATION_CONTEXT() REPRESENTATION_CONTEXT('2D SPACE',''
  ) );
#8987 = ORIENTED_EDGE('',*,*,#8988,.T.);
#8988 = EDGE_CURVE('',#8965,#8989,#8991,.T.);
#8989 = VERTEX_POINT('',#8990);
#8990 = CARTESIAN_POINT('',(-9.923904294101,-8.279231781575,-1.5));
#8991 = SURFACE_CURVE('',#8992,(#8997,#9008),.PCURVE_S1.);
#8992 = CIRCLE('',#8993,2.75);
#8993 = AXIS2_PLACEMENT_3D('',#8994,#8995,#8996);
#8994 = CARTESIAN_POINT('',(-8.454635323614,-5.954635323614,-1.5));
#8995 = DIRECTION('',(0.,0.,1.));
#8996 = DIRECTION('',(1.,0.,-0.));
#8997 = PCURVE('',#5458,#8998);
#8998 = DEFINITIONAL_REPRESENTATION('',(#8999),#9007);
#8999 = ( BOUNDED_CURVE() B_SPLINE_CURVE(2,(#9000,#9001,#9002,#9003,
#9004,#9005,#9006),.UNSPECIFIED.,.T.,.F.) B_SPLINE_CURVE_WITH_KNOTS((1,2
    ,2,2,2,1),(-2.094395102393,0.,2.094395102393,4.188790204786,
6.28318530718,8.377580409573),.UNSPECIFIED.) CURVE() 
GEOMETRIC_REPRESENTATION_ITEM() RATIONAL_B_SPLINE_CURVE((1.,0.5,1.,0.5,
1.,0.5,1.)) REPRESENTATION_ITEM('') );
#9000 = CARTESIAN_POINT('',(4.102967244431,-1.352967227881));
#9001 = CARTESIAN_POINT('',(4.102967244431,-6.116106948696));
#9002 = CARTESIAN_POINT('',(-2.203275556853E-02,-3.734537088288));
#9003 = CARTESIAN_POINT('',(-4.147032755569,-1.352967227881));
#9004 = CARTESIAN_POINT('',(-2.203275556853E-02,1.028602632526));
#9005 = CARTESIAN_POINT('',(4.102967244431,3.410172492933));
#9006 = CARTESIAN_POINT('',(4.102967244431,-1.352967227881));
#9007 = ( GEOMETRIC_REPRESENTATION_CONTEXT(2) 
PARAMETRIC_REPRESENTATION_CONTEXT() REPRESENTATION_CONTEXT('2D SPACE',''
  ) );
#9008 = PCURVE('',#9009,#9014);
#9009 = CYLINDRICAL_SURFACE('',#9010,2.75);
#9010 = AXIS2_PLACEMENT_3D('',#9011,#9012,#9013);
#9011 = CARTESIAN_POINT('',(-8.454635323614,-5.954635323614,-3.));
#9012 = DIRECTION('',(0.,0.,1.));
#9013 = DIRECTION('',(1.,0.,-0.));
#9014 = DEFINITIONAL_REPRESENTATION('',(#9015),#9019);
#9015 = LINE('',#9016,#9017);
#9016 = CARTESIAN_POINT('',(0.,1.5));
#9017 = VECTOR('',#9018,1.);
#9018 = DIRECTION('',(1.,0.));
#9019 = ( GEOMETRIC_REPRESENTATION_CONTEXT(2) 
PARAMETRIC_REPRESENTATION_CONTEXT() REPRESENTATION_CONTEXT('2D SPACE',''
  ) );
#9020 = ORIENTED_EDGE('',*,*,#9021,.F.);
#9021 = EDGE_CURVE('',#9022,#8989,#9024,.T.);
#9022 = VERTEX_POINT('',#9023);
#9023 = CARTESIAN_POINT('',(-8.992864374856,-8.175581087431,-1.5));
#9024 = SURFACE_CURVE('',#9025,(#9030,#9037),.PCURVE_S1.);
#9025 = CIRCLE('',#9026,0.75);
#9026 = AXIS2_PLACEMENT_3D('',#9027,#9028,#9029);
#9027 = CARTESIAN_POINT('',(-9.523194574877,-7.645250929404,-1.5));
#9028 = DIRECTION('',(0.,0.,-1.));
#9029 = DIRECTION('',(0.402220813164,-0.915542690134,0.));
#9030 = PCURVE('',#5458,#9031);
#9031 = DEFINITIONAL_REPRESENTATION('',(#9032),#9036);
#9032 = CIRCLE('',#9033,0.75);
#9033 = AXIS2_PLACEMENT_2D('',#9034,#9035);
#9034 = CARTESIAN_POINT('',(0.284407993168,0.337648377909));
#9035 = DIRECTION('',(0.402220813164,0.915542690134));
#9036 = ( GEOMETRIC_REPRESENTATION_CONTEXT(2) 
PARAMETRIC_REPRESENTATION_CONTEXT() REPRESENTATION_CONTEXT('2D SPACE',''
  ) );
#9037 = PCURVE('',#9038,#9043);
#9038 = CYLINDRICAL_SURFACE('',#9039,0.75);
#9039 = AXIS2_PLACEMENT_3D('',#9040,#9041,#9042);
#9040 = CARTESIAN_POINT('',(-9.523194574877,-7.645250929404,-3.));
#9041 = DIRECTION('',(0.,0.,1.));
#9042 = DIRECTION('',(0.402220813164,-0.915542690134,0.));
#9043 = DEFINITIONAL_REPRESENTATION('',(#9044),#9048);
#9044 = LINE('',#9045,#9046);
#9045 = CARTESIAN_POINT('',(12.566370614359,1.5));
#9046 = VECTOR('',#9047,1.);
#9047 = DIRECTION('',(-1.,0.));
#9048 = ( GEOMETRIC_REPRESENTATION_CONTEXT(2) 
PARAMETRIC_REPRESENTATION_CONTEXT() REPRESENTATION_CONTEXT('2D SPACE',''
  ) );
#9049 = ORIENTED_EDGE('',*,*,#9050,.T.);
#9050 = EDGE_CURVE('',#9022,#5420,#9051,.T.);
#9051 = SURFACE_CURVE('',#9052,(#9056,#9063),.PCURVE_S1.);
#9052 = LINE('',#9053,#9054);
#9053 = CARTESIAN_POINT('',(-8.992864374856,-8.175581087431,-1.5));
#9054 = VECTOR('',#9055,1.);
#9055 = DIRECTION('',(0.707106781187,0.707106781187,0.));
#9056 = PCURVE('',#5458,#9057);
#9057 = DEFINITIONAL_REPRESENTATION('',(#9058),#9062);
#9058 = LINE('',#9059,#9060);
#9059 = CARTESIAN_POINT('',(0.814738193189,0.867978535936));
#9060 = VECTOR('',#9061,1.);
#9061 = DIRECTION('',(0.707106781187,-0.707106781187));
#9062 = ( GEOMETRIC_REPRESENTATION_CONTEXT(2) 
PARAMETRIC_REPRESENTATION_CONTEXT() REPRESENTATION_CONTEXT('2D SPACE',''
  ) );
#9063 = PCURVE('',#9064,#9069);
#9064 = PLANE('',#9065);
#9065 = AXIS2_PLACEMENT_3D('',#9066,#9067,#9068);
#9066 = CARTESIAN_POINT('',(-8.992864374856,-8.175581087431,-3.));
#9067 = DIRECTION('',(0.707106781187,-0.707106781187,0.));
#9068 = DIRECTION('',(0.707106781187,0.707106781187,0.));
#9069 = DEFINITIONAL_REPRESENTATION('',(#9070),#9074);
#9070 = LINE('',#9071,#9072);
#9071 = CARTESIAN_POINT('',(0.,1.5));
#9072 = VECTOR('',#9073,1.);
#9073 = DIRECTION('',(1.,0.));
#9074 = ( GEOMETRIC_REPRESENTATION_CONTEXT(2) 
PARAMETRIC_REPRESENTATION_CONTEXT() REPRESENTATION_CONTEXT('2D SPACE',''
  ) );
#9075 = ORIENTED_EDGE('',*,*,#5419,.F.);
#9076 = ORIENTED_EDGE('',*,*,#8860,.T.);
#9077 = ADVANCED_FACE('',(#9078),#5488,.T.);
#9078 = FACE_BOUND('',#9079,.T.);
#9079 = EDGE_LOOP('',(#9080,#9081,#9104,#9143,#9164));
#9080 = ORIENTED_EDGE('',*,*,#5474,.T.);
#9081 = ORIENTED_EDGE('',*,*,#9082,.T.);
#9082 = EDGE_CURVE('',#5420,#9083,#9085,.T.);
#9083 = VERTEX_POINT('',#9084);
#9084 = CARTESIAN_POINT('',(-8.208867631195,-7.39158434377,
    -1.49999999976));
#9085 = SURFACE_CURVE('',#9086,(#9090,#9097),.PCURVE_S1.);
#9086 = LINE('',#9087,#9088);
#9087 = CARTESIAN_POINT('',(-4.700753009284,-3.883469721859,-1.5));
#9088 = VECTOR('',#9089,1.);
#9089 = DIRECTION('',(0.707106781187,0.707106781187,0.));
#9090 = PCURVE('',#5488,#9091);
#9091 = DEFINITIONAL_REPRESENTATION('',(#9092),#9096);
#9092 = LINE('',#9093,#9094);
#9093 = CARTESIAN_POINT('',(0.288675134595,0.204124145232));
#9094 = VECTOR('',#9095,1.);
#9095 = DIRECTION('',(-0.57735026919,0.816496580928));
#9096 = ( GEOMETRIC_REPRESENTATION_CONTEXT(2) 
PARAMETRIC_REPRESENTATION_CONTEXT() REPRESENTATION_CONTEXT('2D SPACE',''
  ) );
#9097 = PCURVE('',#9064,#9098);
#9098 = DEFINITIONAL_REPRESENTATION('',(#9099),#9103);
#9099 = LINE('',#9100,#9101);
#9100 = CARTESIAN_POINT('',(6.069962104407,1.5));
#9101 = VECTOR('',#9102,1.);
#9102 = DIRECTION('',(1.,0.));
#9103 = ( GEOMETRIC_REPRESENTATION_CONTEXT(2) 
PARAMETRIC_REPRESENTATION_CONTEXT() REPRESENTATION_CONTEXT('2D SPACE',''
  ) );
#9104 = ORIENTED_EDGE('',*,*,#9105,.T.);
#9105 = EDGE_CURVE('',#9083,#9106,#9108,.T.);
#9106 = VERTEX_POINT('',#9107);
#9107 = CARTESIAN_POINT('',(-7.855314240602,-7.745137734363,-1.));
#9108 = SURFACE_CURVE('',#9109,(#9113,#9120),.PCURVE_S1.);
#9109 = LINE('',#9110,#9111);
#9110 = CARTESIAN_POINT('',(-8.208867631195,-7.39158434377,
    -1.49999999976));
#9111 = VECTOR('',#9112,1.);
#9112 = DIRECTION('',(0.50000000012,-0.50000000012,0.707106781017));
#9113 = PCURVE('',#5488,#9114);
#9114 = DEFINITIONAL_REPRESENTATION('',(#9115),#9119);
#9115 = LINE('',#9116,#9117);
#9116 = CARTESIAN_POINT('',(3.153038728749,-3.846697697483));
#9117 = VECTOR('',#9118,1.);
#9118 = DIRECTION('',(-0.816496580928,-0.57735026919));
#9119 = ( GEOMETRIC_REPRESENTATION_CONTEXT(2) 
PARAMETRIC_REPRESENTATION_CONTEXT() REPRESENTATION_CONTEXT('2D SPACE',''
  ) );
#9120 = PCURVE('',#9121,#9138);
#9121 = B_SPLINE_SURFACE_WITH_KNOTS('',3,3,(
    (#9122,#9123,#9124,#9125)
    ,(#9126,#9127,#9128,#9129)
    ,(#9130,#9131,#9132,#9133)
    ,(#9134,#9135,#9136,#9137
    )),.UNSPECIFIED.,.F.,.F.,.F.,(4,4),(4,4),(0.,1.),(0.491726769537,
    0.496122327667),.PIECEWISE_BEZIER_KNOTS.);
#9122 = CARTESIAN_POINT('',(-8.178464522501,-7.35982487325,
    -1.49999908014));
#9123 = CARTESIAN_POINT('',(-8.188372617236,-7.370637638253,
    -1.500000307203));
#9124 = CARTESIAN_POINT('',(-8.198507201326,-7.3812239139,-1.5));
#9125 = CARTESIAN_POINT('',(-8.208867631195,-7.39158434377,-1.5));
#9126 = CARTESIAN_POINT('',(-8.060387331999,-7.477902063752,
    -1.333332720094));
#9127 = CARTESIAN_POINT('',(-8.070446205112,-7.488564050377,
    -1.333333538135));
#9128 = CARTESIAN_POINT('',(-8.080656071128,-7.499075044098,
    -1.333333333333));
#9129 = CARTESIAN_POINT('',(-8.091016500997,-7.509435473967,
    -1.333333333333));
#9130 = CARTESIAN_POINT('',(-7.942310141497,-7.595979254254,
    -1.166666360047));
#9131 = CARTESIAN_POINT('',(-7.952519792988,-7.606490462501,
    -1.166666769068));
#9132 = CARTESIAN_POINT('',(-7.962804940931,-7.616926174296,
    -1.166666666667));
#9133 = CARTESIAN_POINT('',(-7.973165370799,-7.627286604165,
    -1.166666666667));
#9134 = CARTESIAN_POINT('',(-7.824232950995,-7.714056444756,-1.));
#9135 = CARTESIAN_POINT('',(-7.834593380864,-7.724416874625,-1.));
#9136 = CARTESIAN_POINT('',(-7.844953810733,-7.734777304494,-1.));
#9137 = CARTESIAN_POINT('',(-7.855314240602,-7.745137734363,-1.));
#9138 = DEFINITIONAL_REPRESENTATION('',(#9139),#9142);
#9139 = B_SPLINE_CURVE_WITH_KNOTS('',1,(#9140,#9141),.UNSPECIFIED.,.F.,
  .F.,(2,2),(0.,0.707106781017),.PIECEWISE_BEZIER_KNOTS.);
#9140 = CARTESIAN_POINT('',(2.404505743662E-10,0.496122327667));
#9141 = CARTESIAN_POINT('',(1.,0.496122327667));
#9142 = ( GEOMETRIC_REPRESENTATION_CONTEXT(2) 
PARAMETRIC_REPRESENTATION_CONTEXT() REPRESENTATION_CONTEXT('2D SPACE',''
  ) );
#9143 = ORIENTED_EDGE('',*,*,#9144,.T.);
#9144 = EDGE_CURVE('',#9106,#8885,#9145,.T.);
#9145 = SURFACE_CURVE('',#9146,(#9150,#9157),.PCURVE_S1.);
#9146 = LINE('',#9147,#9148);
#9147 = CARTESIAN_POINT('',(-4.347199618691,-4.237023112452,-1.));
#9148 = VECTOR('',#9149,1.);
#9149 = DIRECTION('',(-0.707106781187,-0.707106781187,0.));
#9150 = PCURVE('',#5488,#9151);
#9151 = DEFINITIONAL_REPRESENTATION('',(#9152),#9156);
#9152 = LINE('',#9153,#9154);
#9153 = CARTESIAN_POINT('',(-0.288675134595,-0.204124145232));
#9154 = VECTOR('',#9155,1.);
#9155 = DIRECTION('',(0.57735026919,-0.816496580928));
#9156 = ( GEOMETRIC_REPRESENTATION_CONTEXT(2) 
PARAMETRIC_REPRESENTATION_CONTEXT() REPRESENTATION_CONTEXT('2D SPACE',''
  ) );
#9157 = PCURVE('',#8902,#9158);
#9158 = DEFINITIONAL_REPRESENTATION('',(#9159),#9163);
#9159 = LINE('',#9160,#9161);
#9160 = CARTESIAN_POINT('',(-4.347199618691,4.237023112452));
#9161 = VECTOR('',#9162,1.);
#9162 = DIRECTION('',(-0.707106781187,0.707106781187));
#9163 = ( GEOMETRIC_REPRESENTATION_CONTEXT(2) 
PARAMETRIC_REPRESENTATION_CONTEXT() REPRESENTATION_CONTEXT('2D SPACE',''
  ) );
#9164 = ORIENTED_EDGE('',*,*,#8940,.T.);
#9165 = ADVANCED_FACE('',(#9166),#5982,.T.);
#9166 = FACE_BOUND('',#9167,.T.);
#9167 = EDGE_LOOP('',(#9168,#9169,#9192,#9211));
#9168 = ORIENTED_EDGE('',*,*,#6317,.F.);
#9169 = ORIENTED_EDGE('',*,*,#9170,.T.);
#9170 = EDGE_CURVE('',#6290,#9171,#9173,.T.);
#9171 = VERTEX_POINT('',#9172);
#9172 = CARTESIAN_POINT('',(9.859824823883,-5.678464566265,
    -1.49999908014));
#9173 = SURFACE_CURVE('',#9174,(#9179,#9186),.PCURVE_S1.);
#9174 = B_SPLINE_CURVE_WITH_KNOTS('',3,(#9175,#9176,#9177,#9178),
  .UNSPECIFIED.,.F.,.F.,(4,4),(-0.496122326519,-0.491726768398),
  .PIECEWISE_BEZIER_KNOTS.);
#9175 = CARTESIAN_POINT('',(9.891584294336,-5.708867674897,-1.5));
#9176 = CARTESIAN_POINT('',(9.881223864488,-5.69850724505,-1.5));
#9177 = CARTESIAN_POINT('',(9.870637588862,-5.68837266098,
    -1.500000307203));
#9178 = CARTESIAN_POINT('',(9.859824823883,-5.678464566265,
    -1.49999908014));
#9179 = PCURVE('',#5982,#9180);
#9180 = DEFINITIONAL_REPRESENTATION('',(#9181),#9185);
#9181 = LINE('',#9182,#9183);
#9182 = CARTESIAN_POINT('',(-3.482703640591E-13,5.551115123126E-17));
#9183 = VECTOR('',#9184,1.);
#9184 = DIRECTION('',(-7.023518882555E-13,-1.));
#9185 = ( GEOMETRIC_REPRESENTATION_CONTEXT(2) 
PARAMETRIC_REPRESENTATION_CONTEXT() REPRESENTATION_CONTEXT('2D SPACE',''
  ) );
#9186 = PCURVE('',#7042,#9187);
#9187 = DEFINITIONAL_REPRESENTATION('',(#9188),#9191);
#9188 = B_SPLINE_CURVE_WITH_KNOTS('',1,(#9189,#9190),.UNSPECIFIED.,.F.,
  .F.,(2,2),(-0.496122326519,-0.491726768398),.PIECEWISE_BEZIER_KNOTS.);
#9189 = CARTESIAN_POINT('',(1.000000121481,0.242216344876));
#9190 = CARTESIAN_POINT('',(0.970247925278,0.242601411933));
#9191 = ( GEOMETRIC_REPRESENTATION_CONTEXT(2) 
PARAMETRIC_REPRESENTATION_CONTEXT() REPRESENTATION_CONTEXT('2D SPACE',''
  ) );
#9192 = ORIENTED_EDGE('',*,*,#9193,.F.);
#9193 = EDGE_CURVE('',#5965,#9171,#9194,.T.);
#9194 = SURFACE_CURVE('',#9195,(#9199,#9205),.PCURVE_S1.);
#9195 = LINE('',#9196,#9197);
#9196 = CARTESIAN_POINT('',(10.214056395387,-5.324232994761,-1.));
#9197 = VECTOR('',#9198,1.);
#9198 = DIRECTION('',(-0.500479316576,-0.500479316576,-0.706428274745));
#9199 = PCURVE('',#5982,#9200);
#9200 = DEFINITIONAL_REPRESENTATION('',(#9201),#9204);
#9201 = B_SPLINE_CURVE_WITH_KNOTS('',1,(#9202,#9203),.UNSPECIFIED.,.F.,
  .F.,(2,2),(-0.,0.707784637189),.PIECEWISE_BEZIER_KNOTS.);
#9202 = CARTESIAN_POINT('',(1.,0.491726768398));
#9203 = CARTESIAN_POINT('',(-5.511281629062E-15,0.491726768398));
#9204 = ( GEOMETRIC_REPRESENTATION_CONTEXT(2) 
PARAMETRIC_REPRESENTATION_CONTEXT() REPRESENTATION_CONTEXT('2D SPACE',''
  ) );
#9205 = PCURVE('',#6024,#9206);
#9206 = DEFINITIONAL_REPRESENTATION('',(#9207),#9210);
#9207 = B_SPLINE_CURVE_WITH_KNOTS('',1,(#9208,#9209),.UNSPECIFIED.,.F.,
  .F.,(2,2),(-0.,0.707784637189),.PIECEWISE_BEZIER_KNOTS.);
#9208 = CARTESIAN_POINT('',(1.,-1.585008659784E-16));
#9209 = CARTESIAN_POINT('',(-6.555915032415E-15,7.385409211447E-15));
#9210 = ( GEOMETRIC_REPRESENTATION_CONTEXT(2) 
PARAMETRIC_REPRESENTATION_CONTEXT() REPRESENTATION_CONTEXT('2D SPACE',''
  ) );
#9211 = ORIENTED_EDGE('',*,*,#5964,.T.);
#9212 = ADVANCED_FACE('',(#9213),#6024,.T.);
#9213 = FACE_BOUND('',#9214,.T.);
#9214 = EDGE_LOOP('',(#9215,#9274,#9275,#9276));
#9215 = ORIENTED_EDGE('',*,*,#9216,.T.);
#9216 = EDGE_CURVE('',#9217,#6007,#9219,.T.);
#9217 = VERTEX_POINT('',#9218);
#9218 = CARTESIAN_POINT('',(8.875371646214,-5.461610554791,
    -1.498495886797));
#9219 = SURFACE_CURVE('',#9220,(#9231,#9260),.PCURVE_S1.);
#9220 = B_SPLINE_CURVE_WITH_KNOTS('',3,(#9221,#9222,#9223,#9224,#9225,
    #9226,#9227,#9228,#9229,#9230),.UNSPECIFIED.,.F.,.F.,(4,3,3,4),(0.,
    2.726973236691E-02,3.640545727987E-02,7.334147297573E-02),
  .UNSPECIFIED.);
#9221 = CARTESIAN_POINT('',(8.87537164612,-5.461610554822,
    -1.498495886797));
#9222 = CARTESIAN_POINT('',(8.870049824177,-5.394274124128,
    -1.43766718364));
#9223 = CARTESIAN_POINT('',(8.864539523892,-5.324934455244,
    -1.374553415669));
#9224 = CARTESIAN_POINT('',(8.859111305544,-5.25704796226,
    -1.312484777631));
#9225 = CARTESIAN_POINT('',(8.857292779827,-5.234305079533,
    -1.291690954091));
#9226 = CARTESIAN_POINT('',(8.855483444482,-5.211725167836,
    -1.271014439273));
#9227 = CARTESIAN_POINT('',(8.853696211803,-5.189437577634,
    -1.250580463377));
#9228 = CARTESIAN_POINT('',(8.846470375331,-5.099328167667,
    -1.167965272835));
#9229 = CARTESIAN_POINT('',(8.83900741146,-5.006819479219,
    -1.082727192409));
#9230 = CARTESIAN_POINT('',(8.831756036158,-4.917281916501,-1.));
#9231 = PCURVE('',#6024,#9232);
#9232 = DEFINITIONAL_REPRESENTATION('',(#9233),#9259);
#9233 = B_SPLINE_CURVE_WITH_KNOTS('',3,(#9234,#9235,#9236,#9237,#9238,
    #9239,#9240,#9241,#9242,#9243,#9244,#9245,#9246,#9247,#9248,#9249,
    #9250,#9251,#9252,#9253,#9254,#9255,#9256,#9257,#9258),
  .UNSPECIFIED.,.F.,.F.,(4,1,1,1,1,1,1,1,1,1,1,1,1,1,1,1,1,1,1,1,1,1,4),
  (0.,3.333703317079E-03,6.667406634157E-03,1.000110995124E-02,
    1.333481326831E-02,1.666851658539E-02,2.000221990247E-02,
    2.333592321955E-02,2.666962653663E-02,3.000332985371E-02,
    3.333703317079E-02,3.667073648787E-02,4.000443980494E-02,
    4.333814312202E-02,4.66718464391E-02,5.000554975618E-02,
    5.333925307326E-02,5.667295639034E-02,6.000665970742E-02,
    6.33403630245E-02,6.667406634157E-02,7.000776965865E-02,
    7.334147297573E-02),.QUASI_UNIFORM_KNOTS.);
#9234 = CARTESIAN_POINT('',(0.,-0.108235122917));
#9235 = CARTESIAN_POINT('',(1.492297418419E-02,-0.108055435662));
#9236 = CARTESIAN_POINT('',(4.49051758996E-02,-0.107703904555));
#9237 = CARTESIAN_POINT('',(9.021417600864E-02,-0.107199450177));
#9238 = CARTESIAN_POINT('',(0.135785829334,-0.106717159091));
#9239 = CARTESIAN_POINT('',(0.181547027907,-0.106256321018));
#9240 = CARTESIAN_POINT('',(0.22742457158,-0.105816219369));
#9241 = CARTESIAN_POINT('',(0.273345472417,-0.105396133725));
#9242 = CARTESIAN_POINT('',(0.319235857072,-0.104995356218));
#9243 = CARTESIAN_POINT('',(0.36502512939,-0.104613165439));
#9244 = CARTESIAN_POINT('',(0.41063048117,-0.104248948313));
#9245 = CARTESIAN_POINT('',(0.456014908624,-0.103901726193));
#9246 = CARTESIAN_POINT('',(0.500970573825,-0.103571732011));
#9247 = CARTESIAN_POINT('',(0.545939256635,-0.103254680937));
#9248 = CARTESIAN_POINT('',(0.591179080066,-0.10294818955));
#9249 = CARTESIAN_POINT('',(0.636563369965,-0.102652553167));
#9250 = CARTESIAN_POINT('',(0.682068540834,-0.10236734228));
#9251 = CARTESIAN_POINT('',(0.727643372707,-0.10209231769));
#9252 = CARTESIAN_POINT('',(0.773244043064,-0.101827187999));
#9253 = CARTESIAN_POINT('',(0.818824744188,-0.101571676918));
#9254 = CARTESIAN_POINT('',(0.864340200709,-0.101325507131));
#9255 = CARTESIAN_POINT('',(0.909744998298,-0.101088406467));
#9256 = CARTESIAN_POINT('',(0.9549937652,-0.100860106865));
#9257 = CARTESIAN_POINT('',(0.985025341181,-0.100713601359));
#9258 = CARTESIAN_POINT('',(1.,-0.10064172848));
#9259 = ( GEOMETRIC_REPRESENTATION_CONTEXT(2) 
PARAMETRIC_REPRESENTATION_CONTEXT() REPRESENTATION_CONTEXT('2D SPACE',''
  ) );
#9260 = PCURVE('',#6064,#9261);
#9261 = DEFINITIONAL_REPRESENTATION('',(#9262),#9273);
#9262 = B_SPLINE_CURVE_WITH_KNOTS('',3,(#9263,#9264,#9265,#9266,#9267,
    #9268,#9269,#9270,#9271,#9272),.UNSPECIFIED.,.F.,.F.,(4,3,3,4),(0.,
    2.726973236691E-02,3.640545727987E-02,7.334147297573E-02),
  .UNSPECIFIED.);
#9263 = CARTESIAN_POINT('',(-13.21161055482,-1.372986902355));
#9264 = CARTESIAN_POINT('',(-13.14427412412,-1.311925843434));
#9265 = CARTESIAN_POINT('',(-13.07493445524,-1.248571988091));
#9266 = CARTESIAN_POINT('',(-13.00704796226,-1.186266439558));
#9267 = CARTESIAN_POINT('',(-12.98430507953,-1.165393247834));
#9268 = CARTESIAN_POINT('',(-12.96172516783,-1.144637719432));
#9269 = CARTESIAN_POINT('',(-12.93943757763,-1.124125733391));
#9270 = CARTESIAN_POINT('',(-12.84932816766,-1.041195145447));
#9271 = CARTESIAN_POINT('',(-12.75681947921,-0.955630981492));
#9272 = CARTESIAN_POINT('',(-12.6672819165,-0.872586592026));
#9273 = ( GEOMETRIC_REPRESENTATION_CONTEXT(2) 
PARAMETRIC_REPRESENTATION_CONTEXT() REPRESENTATION_CONTEXT('2D SPACE',''
  ) );
#9274 = ORIENTED_EDGE('',*,*,#6006,.T.);
#9275 = ORIENTED_EDGE('',*,*,#9193,.T.);
#9276 = ORIENTED_EDGE('',*,*,#9277,.T.);
#9277 = EDGE_CURVE('',#9171,#9217,#9278,.T.);
#9278 = SURFACE_CURVE('',#9279,(#9284,#9291),.PCURVE_S1.);
#9279 = B_SPLINE_CURVE_WITH_KNOTS('',3,(#9280,#9281,#9282,#9283),
  .UNSPECIFIED.,.F.,.F.,(4,4),(0.,0.108235122917),
  .PIECEWISE_BEZIER_KNOTS.);
#9280 = CARTESIAN_POINT('',(9.859824823883,-5.678464566265,
    -1.49999908014));
#9281 = CARTESIAN_POINT('',(9.593827406803,-5.434722322028,
    -1.499968894018));
#9282 = CARTESIAN_POINT('',(9.205028428446,-5.356044282902,
    -1.499054703709));
#9283 = CARTESIAN_POINT('',(8.87537164612,-5.461610554822,
    -1.498495886797));
#9284 = PCURVE('',#6024,#9285);
#9285 = DEFINITIONAL_REPRESENTATION('',(#9286),#9290);
#9286 = LINE('',#9287,#9288);
#9287 = CARTESIAN_POINT('',(-5.188838979907E-15,-1.687845381895E-16));
#9288 = VECTOR('',#9289,1.);
#9289 = DIRECTION('',(4.361999985406E-14,-1.));
#9290 = ( GEOMETRIC_REPRESENTATION_CONTEXT(2) 
PARAMETRIC_REPRESENTATION_CONTEXT() REPRESENTATION_CONTEXT('2D SPACE',''
  ) );
#9291 = PCURVE('',#7042,#9292);
#9292 = DEFINITIONAL_REPRESENTATION('',(#9293),#9296);
#9293 = B_SPLINE_CURVE_WITH_KNOTS('',1,(#9294,#9295),.UNSPECIFIED.,.F.,
  .F.,(2,2),(0.,0.108235122917),.PIECEWISE_BEZIER_KNOTS.);
#9294 = CARTESIAN_POINT('',(0.970247925278,0.242601411933));
#9295 = CARTESIAN_POINT('',(0.254917209321,0.250190629552));
#9296 = ( GEOMETRIC_REPRESENTATION_CONTEXT(2) 
PARAMETRIC_REPRESENTATION_CONTEXT() REPRESENTATION_CONTEXT('2D SPACE',''
  ) );
#9297 = ADVANCED_FACE('',(#9298),#6064,.F.);
#9298 = FACE_BOUND('',#9299,.T.);
#9299 = EDGE_LOOP('',(#9300,#9301,#9325,#9349,#9406,#9407,#9408,#9432));
#9300 = ORIENTED_EDGE('',*,*,#7092,.F.);
#9301 = ORIENTED_EDGE('',*,*,#9302,.T.);
#9302 = EDGE_CURVE('',#7093,#9303,#9305,.T.);
#9303 = VERTEX_POINT('',#9304);
#9304 = CARTESIAN_POINT('',(8.831758907211,5.434761653269,
    -1.000000000001));
#9305 = SURFACE_CURVE('',#9306,(#9311,#9319),.PCURVE_S1.);
#9306 = B_SPLINE_CURVE_WITH_KNOTS('',3,(#9307,#9308,#9309,#9310),
  .UNSPECIFIED.,.F.,.F.,(4,4),(0.184125349341,0.192876987611),
  .PIECEWISE_BEZIER_KNOTS.);
#9307 = CARTESIAN_POINT('',(8.824592660019,5.43144281362,-0.912731494343
    ));
#9308 = CARTESIAN_POINT('',(8.827134427094,5.433000891299,
    -0.941783816201));
#9309 = CARTESIAN_POINT('',(8.829676157436,5.434559894908,
    -0.970835675021));
#9310 = CARTESIAN_POINT('',(8.832217773471,5.436119849463,
    -0.999887049482));
#9311 = PCURVE('',#6064,#9312);
#9312 = DEFINITIONAL_REPRESENTATION('',(#9313),#9318);
#9313 = B_SPLINE_CURVE_WITH_KNOTS('',3,(#9314,#9315,#9316,#9317),
  .UNSPECIFIED.,.F.,.F.,(4,4),(0.184125349341,0.192876987611),
  .PIECEWISE_BEZIER_KNOTS.);
#9314 = CARTESIAN_POINT('',(-2.31855718638,-0.785025840012));
#9315 = CARTESIAN_POINT('',(-2.316999108701,-0.814189138612));
#9316 = CARTESIAN_POINT('',(-2.315440105092,-0.843351972734));
#9317 = CARTESIAN_POINT('',(-2.313880150537,-0.872514314377));
#9318 = ( GEOMETRIC_REPRESENTATION_CONTEXT(2) 
PARAMETRIC_REPRESENTATION_CONTEXT() REPRESENTATION_CONTEXT('2D SPACE',''
  ) );
#9319 = PCURVE('',#6378,#9320);
#9320 = DEFINITIONAL_REPRESENTATION('',(#9321),#9324);
#9321 = B_SPLINE_CURVE_WITH_KNOTS('',1,(#9322,#9323),.UNSPECIFIED.,.F.,
  .F.,(2,2),(0.184125349341,0.192876975234),.PIECEWISE_BEZIER_KNOTS.);
#9322 = CARTESIAN_POINT('',(0.245640444848,0.184208561201));
#9323 = CARTESIAN_POINT('',(0.247028370633,0.192966515343));
#9324 = ( GEOMETRIC_REPRESENTATION_CONTEXT(2) 
PARAMETRIC_REPRESENTATION_CONTEXT() REPRESENTATION_CONTEXT('2D SPACE',''
  ) );
#9325 = ORIENTED_EDGE('',*,*,#9326,.F.);
#9326 = EDGE_CURVE('',#9327,#9303,#9329,.T.);
#9327 = VERTEX_POINT('',#9328);
#9328 = CARTESIAN_POINT('',(8.875371646277,5.461610554771,
    -1.498495886797));
#9329 = SURFACE_CURVE('',#9330,(#9335,#9343),.PCURVE_S1.);
#9330 = B_SPLINE_CURVE_WITH_KNOTS('',3,(#9331,#9332,#9333,#9334),
  .UNSPECIFIED.,.F.,.F.,(4,4),(-0.151381381793,-0.101277693791),
  .PIECEWISE_BEZIER_KNOTS.);
#9331 = CARTESIAN_POINT('',(8.875828652199,5.462981305255,
    -1.498382224969));
#9332 = CARTESIAN_POINT('',(8.861294230747,5.45399740997,-1.332242215893
    ));
#9333 = CARTESIAN_POINT('',(8.84675680116,5.44504324305,-1.166070342083)
  );
#9334 = CARTESIAN_POINT('',(8.832217773471,5.436119849463,
    -0.999887049482));
#9335 = PCURVE('',#6064,#9336);
#9336 = DEFINITIONAL_REPRESENTATION('',(#9337),#9342);
#9337 = B_SPLINE_CURVE_WITH_KNOTS('',3,(#9338,#9339,#9340,#9341),
  .UNSPECIFIED.,.F.,.F.,(4,4),(-0.151381381793,-0.101277693791),
  .PIECEWISE_BEZIER_KNOTS.);
#9338 = CARTESIAN_POINT('',(-2.287018694745,-1.372913503749));
#9339 = CARTESIAN_POINT('',(-2.29600259003,-1.20613894927));
#9340 = CARTESIAN_POINT('',(-2.30495675695,-1.039332389135));
#9341 = CARTESIAN_POINT('',(-2.313880150537,-0.872514314377));
#9342 = ( GEOMETRIC_REPRESENTATION_CONTEXT(2) 
PARAMETRIC_REPRESENTATION_CONTEXT() REPRESENTATION_CONTEXT('2D SPACE',''
  ) );
#9343 = PCURVE('',#6378,#9344);
#9344 = DEFINITIONAL_REPRESENTATION('',(#9345),#9348);
#9345 = B_SPLINE_CURVE_WITH_KNOTS('',1,(#9346,#9347),.UNSPECIFIED.,.F.,
  .F.,(2,2),(-0.151381337955,-0.101277693791),.PIECEWISE_BEZIER_KNOTS.);
#9346 = CARTESIAN_POINT('',(0.254924964514,0.243059197212));
#9347 = CARTESIAN_POINT('',(0.247028372594,0.192966527728));
#9348 = ( GEOMETRIC_REPRESENTATION_CONTEXT(2) 
PARAMETRIC_REPRESENTATION_CONTEXT() REPRESENTATION_CONTEXT('2D SPACE',''
  ) );
#9349 = ORIENTED_EDGE('',*,*,#9350,.F.);
#9350 = EDGE_CURVE('',#6049,#9327,#9351,.T.);
#9351 = SURFACE_CURVE('',#9352,(#9363,#9377),.PCURVE_S1.);
#9352 = B_SPLINE_CURVE_WITH_KNOTS('',3,(#9353,#9354,#9355,#9356,#9357,
    #9358,#9359,#9360,#9361,#9362),.UNSPECIFIED.,.F.,.F.,(4,3,3,4),(0.,
    3.642173209243E-02,5.69396825779E-02,7.277805987893E-02),
  .UNSPECIFIED.);
#9353 = CARTESIAN_POINT('',(8.831753383659,4.916998803891,-1.));
#9354 = CARTESIAN_POINT('',(8.838945190328,5.006050862669,-1.08220439418
    ));
#9355 = CARTESIAN_POINT('',(8.846355562176,5.097997378034,
    -1.166864596215));
#9356 = CARTESIAN_POINT('',(8.853539312106,5.187578184334,
    -1.248955704245));
#9357 = CARTESIAN_POINT('',(8.857586231814,5.238042960239,
    -1.295201206397));
#9358 = CARTESIAN_POINT('',(8.861744694277,5.290010276563,
    -1.342697609554));
#9359 = CARTESIAN_POINT('',(8.865880931787,5.341974786715,-1.38999373205
    ));
#9360 = CARTESIAN_POINT('',(8.869073808695,5.38208763905,-1.426502925964
    ));
#9361 = CARTESIAN_POINT('',(8.872256777018,5.422198456933,
    -1.462892770051));
#9362 = CARTESIAN_POINT('',(8.87537164612,5.461610554822,-1.498495886797
    ));
#9363 = PCURVE('',#6064,#9364);
#9364 = DEFINITIONAL_REPRESENTATION('',(#9365),#9376);
#9365 = B_SPLINE_CURVE_WITH_KNOTS('',3,(#9366,#9367,#9368,#9369,#9370,
    #9371,#9372,#9373,#9374,#9375),.UNSPECIFIED.,.F.,.F.,(4,3,3,4),(0.,
    3.642173209243E-02,5.69396825779E-02,7.277805987893E-02),
  .UNSPECIFIED.);
#9366 = CARTESIAN_POINT('',(-2.833001196109,-0.872586360845));
#9367 = CARTESIAN_POINT('',(-2.743949137331,-0.95510474974));
#9368 = CARTESIAN_POINT('',(-2.652002621966,-1.040088650608));
#9369 = CARTESIAN_POINT('',(-2.562421815666,-1.122493482249));
#9370 = CARTESIAN_POINT('',(-2.511957039761,-1.168915718596));
#9371 = CARTESIAN_POINT('',(-2.459989723437,-1.216593817484));
#9372 = CARTESIAN_POINT('',(-2.408025213285,-1.264070460808));
#9373 = CARTESIAN_POINT('',(-2.36791236095,-1.300719003774));
#9374 = CARTESIAN_POINT('',(-2.327801543067,-1.337247787487));
#9375 = CARTESIAN_POINT('',(-2.288389445178,-1.372986902355));
#9376 = ( GEOMETRIC_REPRESENTATION_CONTEXT(2) 
PARAMETRIC_REPRESENTATION_CONTEXT() REPRESENTATION_CONTEXT('2D SPACE',''
  ) );
#9377 = PCURVE('',#6098,#9378);
#9378 = DEFINITIONAL_REPRESENTATION('',(#9379),#9405);
#9379 = B_SPLINE_CURVE_WITH_KNOTS('',3,(#9380,#9381,#9382,#9383,#9384,
    #9385,#9386,#9387,#9388,#9389,#9390,#9391,#9392,#9393,#9394,#9395,
    #9396,#9397,#9398,#9399,#9400,#9401,#9402,#9403,#9404),
  .UNSPECIFIED.,.F.,.F.,(4,1,1,1,1,1,1,1,1,1,1,1,1,1,1,1,1,1,1,1,1,1,4),
  (0.,3.308093630861E-03,6.616187261721E-03,9.924280892582E-03,
    1.323237452344E-02,1.65404681543E-02,1.984856178516E-02,
    2.315665541602E-02,2.646474904688E-02,2.977284267774E-02,
    3.308093630861E-02,3.638902993947E-02,3.969712357033E-02,
    4.300521720119E-02,4.631331083205E-02,4.962140446291E-02,
    5.292949809377E-02,5.623759172463E-02,5.954568535549E-02,
    6.285377898635E-02,6.616187261721E-02,6.946996624807E-02,
    7.277805987893E-02),.QUASI_UNIFORM_KNOTS.);
#9380 = CARTESIAN_POINT('',(1.,-4.756616290395E-02));
#9381 = CARTESIAN_POINT('',(0.985025814658,-4.749432008555E-02));
#9382 = CARTESIAN_POINT('',(0.954995963218,-4.734788267999E-02));
#9383 = CARTESIAN_POINT('',(0.909752000167,-4.711971006226E-02));
#9384 = CARTESIAN_POINT('',(0.864354107907,-4.688276199538E-02));
#9385 = CARTESIAN_POINT('',(0.818847542025,-4.663677161786E-02));
#9386 = CARTESIAN_POINT('',(0.77327761351,-4.638146835528E-02));
#9387 = CARTESIAN_POINT('',(0.727689451968,-4.611657652192E-02));
#9388 = CARTESIAN_POINT('',(0.682128881823,-4.584182305219E-02));
#9389 = CARTESIAN_POINT('',(0.636639137379,-4.555691557322E-02));
#9390 = CARTESIAN_POINT('',(0.59127310666,-4.526163141225E-02));
#9391 = CARTESIAN_POINT('',(0.546047618153,-4.495549414595E-02));
#9392 = CARTESIAN_POINT('',(0.501114023691,-4.463899088215E-02));
#9393 = CARTESIAN_POINT('',(0.456121550065,-4.430904113545E-02));
#9394 = CARTESIAN_POINT('',(0.410719419776,-4.396198512682E-02));
#9395 = CARTESIAN_POINT('',(0.365094239251,-4.359796540043E-02));
#9396 = CARTESIAN_POINT('',(0.319288702441,-4.321607578283E-02));
#9397 = CARTESIAN_POINT('',(0.273384078222,-4.281566561334E-02));
#9398 = CARTESIAN_POINT('',(0.227451320471,-4.239598787668E-02));
#9399 = CARTESIAN_POINT('',(0.181564082562,-4.19563225026E-02));
#9400 = CARTESIAN_POINT('',(0.135795278202,-4.149602401625E-02));
#9401 = CARTESIAN_POINT('',(9.021818715434E-02,-4.101435822845E-02));
#9402 = CARTESIAN_POINT('',(4.490592832737E-02,-4.051062005787E-02));
#9403 = CARTESIAN_POINT('',(1.492298792754E-02,-4.015962710473E-02));
#9404 = CARTESIAN_POINT('',(0.,-3.998022435772E-02));
#9405 = ( GEOMETRIC_REPRESENTATION_CONTEXT(2) 
PARAMETRIC_REPRESENTATION_CONTEXT() REPRESENTATION_CONTEXT('2D SPACE',''
  ) );
#9406 = ORIENTED_EDGE('',*,*,#6048,.F.);
#9407 = ORIENTED_EDGE('',*,*,#9216,.F.);
#9408 = ORIENTED_EDGE('',*,*,#9409,.F.);
#9409 = EDGE_CURVE('',#9410,#9217,#9412,.T.);
#9410 = VERTEX_POINT('',#9411);
#9411 = CARTESIAN_POINT('',(8.831758907211,-5.434761653269,
    -1.000000000001));
#9412 = SURFACE_CURVE('',#9413,(#9418,#9426),.PCURVE_S1.);
#9413 = B_SPLINE_CURVE_WITH_KNOTS('',3,(#9414,#9415,#9416,#9417),
  .UNSPECIFIED.,.F.,.F.,(4,4),(-0.208687657763,-0.158584354992),
  .PIECEWISE_BEZIER_KNOTS.);
#9414 = CARTESIAN_POINT('',(8.832215283136,-5.436138318587,
    -0.999886056416));
#9415 = CARTESIAN_POINT('',(8.846754254181,-5.445061967516,
    -1.166069185208));
#9416 = CARTESIAN_POINT('',(8.861291637703,-5.454016386922,
    -1.332241048879));
#9417 = CARTESIAN_POINT('',(8.875826033029,-5.463000534231,
    -1.498381192364));
#9418 = PCURVE('',#6064,#9419);
#9419 = DEFINITIONAL_REPRESENTATION('',(#9420),#9425);
#9420 = B_SPLINE_CURVE_WITH_KNOTS('',3,(#9421,#9422,#9423,#9424),
  .UNSPECIFIED.,.F.,.F.,(4,4),(-0.208687657763,-0.158584354992),
  .PIECEWISE_BEZIER_KNOTS.);
#9421 = CARTESIAN_POINT('',(-13.18613831858,-0.872513108043));
#9422 = CARTESIAN_POINT('',(-13.19506196751,-1.039331014678));
#9423 = CARTESIAN_POINT('',(-13.20401638692,-1.206137560697));
#9424 = CARTESIAN_POINT('',(-13.21300053423,-1.372912246798));
#9425 = ( GEOMETRIC_REPRESENTATION_CONTEXT(2) 
PARAMETRIC_REPRESENTATION_CONTEXT() REPRESENTATION_CONTEXT('2D SPACE',''
  ) );
#9426 = PCURVE('',#7042,#9427);
#9427 = DEFINITIONAL_REPRESENTATION('',(#9428),#9431);
#9428 = B_SPLINE_CURVE_WITH_KNOTS('',1,(#9429,#9430),.UNSPECIFIED.,.F.,
  .F.,(2,2),(-0.208687648555,-0.158584376946),.PIECEWISE_BEZIER_KNOTS.);
#9429 = CARTESIAN_POINT('',(0.247028374052,0.300283341925));
#9430 = CARTESIAN_POINT('',(0.254924967903,0.250190659772));
#9431 = ( GEOMETRIC_REPRESENTATION_CONTEXT(2) 
PARAMETRIC_REPRESENTATION_CONTEXT() REPRESENTATION_CONTEXT('2D SPACE',''
  ) );
#9432 = ORIENTED_EDGE('',*,*,#9433,.T.);
#9433 = EDGE_CURVE('',#9410,#6998,#9434,.T.);
#9434 = SURFACE_CURVE('',#9435,(#9440,#9448),.PCURVE_S1.);
#9435 = B_SPLINE_CURVE_WITH_KNOTS('',3,(#9436,#9437,#9438,#9439),
  .UNSPECIFIED.,.F.,.F.,(4,4),(0.426860595138,0.435611170109),
  .PIECEWISE_BEZIER_KNOTS.);
#9436 = CARTESIAN_POINT('',(8.832215283136,-5.436138318587,
    -0.999886056416));
#9437 = CARTESIAN_POINT('',(8.829673672466,-5.434578315604,
    -0.970834646555));
#9438 = CARTESIAN_POINT('',(8.827131948864,-5.433019265956,
    -0.941782791123));
#9439 = CARTESIAN_POINT('',(8.824590192087,-5.43146114364,
    -0.912730508574));
#9440 = PCURVE('',#6064,#9441);
#9441 = DEFINITIONAL_REPRESENTATION('',(#9442),#9447);
#9442 = B_SPLINE_CURVE_WITH_KNOTS('',3,(#9443,#9444,#9445,#9446),
  .UNSPECIFIED.,.F.,.F.,(4,4),(0.426860595138,0.435611170109),
  .PIECEWISE_BEZIER_KNOTS.);
#9443 = CARTESIAN_POINT('',(-13.18613831858,-0.872513108043));
#9444 = CARTESIAN_POINT('',(-13.1845783156,-0.843350731602));
#9445 = CARTESIAN_POINT('',(-13.18301926595,-0.814187901442));
#9446 = CARTESIAN_POINT('',(-13.18146114363,-0.785024642899));
#9447 = ( GEOMETRIC_REPRESENTATION_CONTEXT(2) 
PARAMETRIC_REPRESENTATION_CONTEXT() REPRESENTATION_CONTEXT('2D SPACE',''
  ) );
#9448 = PCURVE('',#7042,#9449);
#9449 = DEFINITIONAL_REPRESENTATION('',(#9450),#9453);
#9450 = B_SPLINE_CURVE_WITH_KNOTS('',1,(#9451,#9452),.UNSPECIFIED.,.F.,
  .F.,(2,2),(0.426860595138,0.435611155462),.PIECEWISE_BEZIER_KNOTS.);
#9451 = CARTESIAN_POINT('',(0.247028372594,0.300283351132));
#9452 = CARTESIAN_POINT('',(0.245640447173,0.309041302999));
#9453 = ( GEOMETRIC_REPRESENTATION_CONTEXT(2) 
PARAMETRIC_REPRESENTATION_CONTEXT() REPRESENTATION_CONTEXT('2D SPACE',''
  ) );
#9454 = ADVANCED_FACE('',(#9455),#6098,.T.);
#9455 = FACE_BOUND('',#9456,.T.);
#9456 = EDGE_LOOP('',(#9457,#9458,#9481,#9482));
#9457 = ORIENTED_EDGE('',*,*,#9350,.T.);
#9458 = ORIENTED_EDGE('',*,*,#9459,.T.);
#9459 = EDGE_CURVE('',#9327,#6343,#9460,.T.);
#9460 = SURFACE_CURVE('',#9461,(#9468,#9475),.PCURVE_S1.);
#9461 = B_SPLINE_CURVE_WITH_KNOTS('',3,(#9462,#9463,#9464,#9465,#9466,
    #9467),.UNSPECIFIED.,.F.,.F.,(4,2,4),(3.998022435772E-02,
    7.796500804038E-02,0.148168924519),.UNSPECIFIED.);
#9462 = CARTESIAN_POINT('',(8.87537164612,5.461610554822,-1.498495886797
    ));
#9463 = CARTESIAN_POINT('',(8.991247319285,5.424503589402,
    -1.498692313169));
#9464 = CARTESIAN_POINT('',(9.11340558787,5.408785715836,-1.498937060668
    ));
#9465 = CARTESIAN_POINT('',(9.463284669298,5.427963318005,
    -1.499615544864));
#9466 = CARTESIAN_POINT('',(9.687267275384,5.520344368735,
    -1.499979497833));
#9467 = CARTESIAN_POINT('',(9.859824823883,5.678464566265,-1.49999908014
    ));
#9468 = PCURVE('',#6098,#9469);
#9469 = DEFINITIONAL_REPRESENTATION('',(#9470),#9474);
#9470 = LINE('',#9471,#9472);
#9471 = CARTESIAN_POINT('',(-1.225631789922E-16,-1.387778780781E-17));
#9472 = VECTOR('',#9473,1.);
#9473 = DIRECTION('',(8.508989934323E-15,-1.));
#9474 = ( GEOMETRIC_REPRESENTATION_CONTEXT(2) 
PARAMETRIC_REPRESENTATION_CONTEXT() REPRESENTATION_CONTEXT('2D SPACE',''
  ) );
#9475 = PCURVE('',#6378,#9476);
#9476 = DEFINITIONAL_REPRESENTATION('',(#9477),#9480);
#9477 = B_SPLINE_CURVE_WITH_KNOTS('',1,(#9478,#9479),.UNSPECIFIED.,.F.,
  .F.,(2,2),(3.998022435772E-02,0.148168924519),
  .PIECEWISE_BEZIER_KNOTS.);
#9478 = CARTESIAN_POINT('',(0.254911626493,0.243059249166));
#9479 = CARTESIAN_POINT('',(0.97024811669,0.250648466927));
#9480 = ( GEOMETRIC_REPRESENTATION_CONTEXT(2) 
PARAMETRIC_REPRESENTATION_CONTEXT() REPRESENTATION_CONTEXT('2D SPACE',''
  ) );
#9481 = ORIENTED_EDGE('',*,*,#6342,.T.);
#9482 = ORIENTED_EDGE('',*,*,#6076,.T.);
#9483 = ADVANCED_FACE('',(#9484),#6195,.T.);
#9484 = FACE_BOUND('',#9485,.T.);
#9485 = EDGE_LOOP('',(#9486,#9487,#9510,#9549,#9575));
#9486 = ORIENTED_EDGE('',*,*,#8914,.T.);
#9487 = ORIENTED_EDGE('',*,*,#9488,.T.);
#9488 = EDGE_CURVE('',#8887,#9489,#9491,.T.);
#9489 = VERTEX_POINT('',#9490);
#9490 = CARTESIAN_POINT('',(7.855314284304,-7.74513768493,-1.));
#9491 = SURFACE_CURVE('',#9492,(#9496,#9503),.PCURVE_S1.);
#9492 = LINE('',#9493,#9494);
#9493 = CARTESIAN_POINT('',(3.737576064499,-3.627399465126,-1.));
#9494 = VECTOR('',#9495,1.);
#9495 = DIRECTION('',(-0.707106781187,0.707106781187,0.));
#9496 = PCURVE('',#6195,#9497);
#9497 = DEFINITIONAL_REPRESENTATION('',(#9498),#9502);
#9498 = LINE('',#9499,#9500);
#9499 = CARTESIAN_POINT('',(0.288675134595,-0.204124145232));
#9500 = VECTOR('',#9501,1.);
#9501 = DIRECTION('',(0.57735026919,0.816496580928));
#9502 = ( GEOMETRIC_REPRESENTATION_CONTEXT(2) 
PARAMETRIC_REPRESENTATION_CONTEXT() REPRESENTATION_CONTEXT('2D SPACE',''
  ) );
#9503 = PCURVE('',#8902,#9504);
#9504 = DEFINITIONAL_REPRESENTATION('',(#9505),#9509);
#9505 = LINE('',#9506,#9507);
#9506 = CARTESIAN_POINT('',(3.737576064499,3.627399465126));
#9507 = VECTOR('',#9508,1.);
#9508 = DIRECTION('',(-0.707106781187,-0.707106781187));
#9509 = ( GEOMETRIC_REPRESENTATION_CONTEXT(2) 
PARAMETRIC_REPRESENTATION_CONTEXT() REPRESENTATION_CONTEXT('2D SPACE',''
  ) );
#9510 = ORIENTED_EDGE('',*,*,#9511,.T.);
#9511 = EDGE_CURVE('',#9489,#9512,#9514,.T.);
#9512 = VERTEX_POINT('',#9513);
#9513 = CARTESIAN_POINT('',(8.208867674897,-7.391584294337,
    -1.499999999767));
#9514 = SURFACE_CURVE('',#9515,(#9519,#9526),.PCURVE_S1.);
#9515 = LINE('',#9516,#9517);
#9516 = CARTESIAN_POINT('',(7.855314284304,-7.74513768493,-1.));
#9517 = VECTOR('',#9518,1.);
#9518 = DIRECTION('',(0.500000000117,0.500000000117,-0.707106781022));
#9519 = PCURVE('',#6195,#9520);
#9520 = DEFINITIONAL_REPRESENTATION('',(#9521),#9525);
#9521 = LINE('',#9522,#9523);
#9522 = CARTESIAN_POINT('',(-3.073444043031,-4.958878684545));
#9523 = VECTOR('',#9524,1.);
#9524 = DIRECTION('',(-0.816496580928,0.57735026919));
#9525 = ( GEOMETRIC_REPRESENTATION_CONTEXT(2) 
PARAMETRIC_REPRESENTATION_CONTEXT() REPRESENTATION_CONTEXT('2D SPACE',''
  ) );
#9526 = PCURVE('',#9527,#9544);
#9527 = B_SPLINE_SURFACE_WITH_KNOTS('',3,3,(
    (#9528,#9529,#9530,#9531)
    ,(#9532,#9533,#9534,#9535)
    ,(#9536,#9537,#9538,#9539)
    ,(#9540,#9541,#9542,#9543
    )),.UNSPECIFIED.,.F.,.F.,.F.,(4,4),(4,4),(0.,1.),(-0.582336123675,
    -0.577940565554),.PIECEWISE_BEZIER_KNOTS.);
#9528 = CARTESIAN_POINT('',(8.208867674897,-7.391584294337,-1.5));
#9529 = CARTESIAN_POINT('',(8.19850724505,-7.381223864489,-1.5));
#9530 = CARTESIAN_POINT('',(8.18837266098,-7.370637588863,
    -1.500000307203));
#9531 = CARTESIAN_POINT('',(8.178464566264,-7.359824823884,
    -1.49999908014));
#9532 = CARTESIAN_POINT('',(8.091016544699,-7.509435424535,
    -1.333333333333));
#9533 = CARTESIAN_POINT('',(8.080656114852,-7.499074994687,
    -1.333333333333));
#9534 = CARTESIAN_POINT('',(8.070446248856,-7.488564000987,
    -1.333333538135));
#9535 = CARTESIAN_POINT('',(8.060387375763,-7.477902014385,
    -1.333332720094));
#9536 = CARTESIAN_POINT('',(7.973165414502,-7.627286554733,
    -1.166666666667));
#9537 = CARTESIAN_POINT('',(7.962804984654,-7.616926124885,
    -1.166666666667));
#9538 = CARTESIAN_POINT('',(7.952519836732,-7.606490413111,
    -1.166666769068));
#9539 = CARTESIAN_POINT('',(7.942310185262,-7.595979204886,
    -1.166666360047));
#9540 = CARTESIAN_POINT('',(7.855314284304,-7.74513768493,-1.));
#9541 = CARTESIAN_POINT('',(7.844953854456,-7.734777255083,-1.));
#9542 = CARTESIAN_POINT('',(7.834593424608,-7.724416825235,-1.));
#9543 = CARTESIAN_POINT('',(7.824232994761,-7.714056395387,-1.));
#9544 = DEFINITIONAL_REPRESENTATION('',(#9545),#9548);
#9545 = B_SPLINE_CURVE_WITH_KNOTS('',1,(#9546,#9547),.UNSPECIFIED.,.F.,
  .F.,(2,2),(0.,0.707106781022),.PIECEWISE_BEZIER_KNOTS.);
#9546 = CARTESIAN_POINT('',(1.,-0.582336123675));
#9547 = CARTESIAN_POINT('',(2.333497192735E-10,-0.582336123675));
#9548 = ( GEOMETRIC_REPRESENTATION_CONTEXT(2) 
PARAMETRIC_REPRESENTATION_CONTEXT() REPRESENTATION_CONTEXT('2D SPACE',''
  ) );
#9549 = ORIENTED_EDGE('',*,*,#9550,.T.);
#9550 = EDGE_CURVE('',#9512,#6180,#9551,.T.);
#9551 = SURFACE_CURVE('',#9552,(#9556,#9563),.PCURVE_S1.);
#9552 = LINE('',#9553,#9554);
#9553 = CARTESIAN_POINT('',(4.091129455092,-3.273846074532,-1.5));
#9554 = VECTOR('',#9555,1.);
#9555 = DIRECTION('',(0.707106781187,-0.707106781187,0.));
#9556 = PCURVE('',#6195,#9557);
#9557 = DEFINITIONAL_REPRESENTATION('',(#9558),#9562);
#9558 = LINE('',#9559,#9560);
#9559 = CARTESIAN_POINT('',(-0.288675134595,0.204124145232));
#9560 = VECTOR('',#9561,1.);
#9561 = DIRECTION('',(-0.57735026919,-0.816496580928));
#9562 = ( GEOMETRIC_REPRESENTATION_CONTEXT(2) 
PARAMETRIC_REPRESENTATION_CONTEXT() REPRESENTATION_CONTEXT('2D SPACE',''
  ) );
#9563 = PCURVE('',#9564,#9569);
#9564 = PLANE('',#9565);
#9565 = AXIS2_PLACEMENT_3D('',#9566,#9567,#9568);
#9566 = CARTESIAN_POINT('',(7.773617219905,-6.956333839345,-3.));
#9567 = DIRECTION('',(-0.707106781187,-0.707106781187,0.));
#9568 = DIRECTION('',(0.707106781187,-0.707106781187,0.));
#9569 = DEFINITIONAL_REPRESENTATION('',(#9570),#9574);
#9570 = LINE('',#9571,#9572);
#9571 = CARTESIAN_POINT('',(-5.207824140271,1.5));
#9572 = VECTOR('',#9573,1.);
#9573 = DIRECTION('',(1.,0.));
#9574 = ( GEOMETRIC_REPRESENTATION_CONTEXT(2) 
PARAMETRIC_REPRESENTATION_CONTEXT() REPRESENTATION_CONTEXT('2D SPACE',''
  ) );
#9575 = ORIENTED_EDGE('',*,*,#6179,.T.);
#9576 = ADVANCED_FACE('',(#9577),#6246,.F.);
#9577 = FACE_BOUND('',#9578,.T.);
#9578 = EDGE_LOOP('',(#9579,#9580,#9603,#9632,#9665,#9694));
#9579 = ORIENTED_EDGE('',*,*,#6207,.F.);
#9580 = ORIENTED_EDGE('',*,*,#9581,.T.);
#9581 = EDGE_CURVE('',#6180,#9582,#9584,.T.);
#9582 = VERTEX_POINT('',#9583);
#9583 = CARTESIAN_POINT('',(8.992864431922,-8.175581051362,-1.5));
#9584 = SURFACE_CURVE('',#9585,(#9589,#9596),.PCURVE_S1.);
#9585 = LINE('',#9586,#9587);
#9586 = CARTESIAN_POINT('',(8.992864431922,-8.175581051362,-1.5));
#9587 = VECTOR('',#9588,1.);
#9588 = DIRECTION('',(0.707106781187,-0.707106781187,0.));
#9589 = PCURVE('',#6246,#9590);
#9590 = DEFINITIONAL_REPRESENTATION('',(#9591),#9595);
#9591 = LINE('',#9592,#9593);
#9592 = CARTESIAN_POINT('',(-0.814738127848,0.867978491592));
#9593 = VECTOR('',#9594,1.);
#9594 = DIRECTION('',(0.707106781187,0.707106781187));
#9595 = ( GEOMETRIC_REPRESENTATION_CONTEXT(2) 
PARAMETRIC_REPRESENTATION_CONTEXT() REPRESENTATION_CONTEXT('2D SPACE',''
  ) );
#9596 = PCURVE('',#9564,#9597);
#9597 = DEFINITIONAL_REPRESENTATION('',(#9598),#9602);
#9598 = LINE('',#9599,#9600);
#9599 = CARTESIAN_POINT('',(1.72427594312,1.5));
#9600 = VECTOR('',#9601,1.);
#9601 = DIRECTION('',(1.,0.));
#9602 = ( GEOMETRIC_REPRESENTATION_CONTEXT(2) 
PARAMETRIC_REPRESENTATION_CONTEXT() REPRESENTATION_CONTEXT('2D SPACE',''
  ) );
#9603 = ORIENTED_EDGE('',*,*,#9604,.F.);
#9604 = EDGE_CURVE('',#9605,#9582,#9607,.T.);
#9605 = VERTEX_POINT('',#9606);
#9606 = CARTESIAN_POINT('',(9.923904215636,-8.279231831169,-1.5));
#9607 = SURFACE_CURVE('',#9608,(#9613,#9620),.PCURVE_S1.);
#9608 = CIRCLE('',#9609,0.75);
#9609 = AXIS2_PLACEMENT_3D('',#9610,#9611,#9612);
#9610 = CARTESIAN_POINT('',(9.523194517812,-7.645250965472,-1.5));
#9611 = DIRECTION('',(0.,0.,-1.));
#9612 = DIRECTION('',(-0.402220844068,-0.915542676557,-0.));
#9613 = PCURVE('',#6246,#9614);
#9614 = DEFINITIONAL_REPRESENTATION('',(#9615),#9619);
#9615 = CIRCLE('',#9616,0.75);
#9616 = AXIS2_PLACEMENT_2D('',#9617,#9618);
#9617 = CARTESIAN_POINT('',(-0.284408041958,0.337648405702));
#9618 = DIRECTION('',(-0.402220844068,0.915542676557));
#9619 = ( GEOMETRIC_REPRESENTATION_CONTEXT(2) 
PARAMETRIC_REPRESENTATION_CONTEXT() REPRESENTATION_CONTEXT('2D SPACE',''
  ) );
#9620 = PCURVE('',#9621,#9626);
#9621 = CYLINDRICAL_SURFACE('',#9622,0.75);
#9622 = AXIS2_PLACEMENT_3D('',#9623,#9624,#9625);
#9623 = CARTESIAN_POINT('',(9.523194517812,-7.645250965472,-3.));
#9624 = DIRECTION('',(0.,0.,1.));
#9625 = DIRECTION('',(-0.402220844068,-0.915542676557,0.));
#9626 = DEFINITIONAL_REPRESENTATION('',(#9627),#9631);
#9627 = LINE('',#9628,#9629);
#9628 = CARTESIAN_POINT('',(6.28318530718,1.5));
#9629 = VECTOR('',#9630,1.);
#9630 = DIRECTION('',(-1.,0.));
#9631 = ( GEOMETRIC_REPRESENTATION_CONTEXT(2) 
PARAMETRIC_REPRESENTATION_CONTEXT() REPRESENTATION_CONTEXT('2D SPACE',''
  ) );
#9632 = ORIENTED_EDGE('',*,*,#9633,.T.);
#9633 = EDGE_CURVE('',#9605,#9634,#9636,.T.);
#9634 = VERTEX_POINT('',#9635);
#9635 = CARTESIAN_POINT('',(10.779231831168,-7.423904215637,-1.5));
#9636 = SURFACE_CURVE('',#9637,(#9642,#9653),.PCURVE_S1.);
#9637 = CIRCLE('',#9638,2.75);
#9638 = AXIS2_PLACEMENT_3D('',#9639,#9640,#9641);
#9639 = CARTESIAN_POINT('',(8.454635323614,-5.954635323614,-1.5));
#9640 = DIRECTION('',(0.,0.,1.));
#9641 = DIRECTION('',(1.,0.,-0.));
#9642 = PCURVE('',#6246,#9643);
#9643 = DEFINITIONAL_REPRESENTATION('',(#9644),#9652);
#9644 = ( BOUNDED_CURVE() B_SPLINE_CURVE(2,(#9645,#9646,#9647,#9648,
#9649,#9650,#9651),.UNSPECIFIED.,.T.,.F.) B_SPLINE_CURVE_WITH_KNOTS((1,2
    ,2,2,2,1),(-2.094395102393,0.,2.094395102393,4.188790204786,
6.28318530718,8.377580409573),.UNSPECIFIED.) CURVE() 
GEOMETRIC_REPRESENTATION_ITEM() RATIONAL_B_SPLINE_CURVE((1.,0.5,1.,0.5,
1.,0.5,1.)) REPRESENTATION_ITEM('') );
#9645 = CARTESIAN_POINT('',(1.397032763844,-1.352967236156));
#9646 = CARTESIAN_POINT('',(1.397032763844,-6.116106956971));
#9647 = CARTESIAN_POINT('',(-2.727967236156,-3.734537096564));
#9648 = CARTESIAN_POINT('',(-6.852967236156,-1.352967236156));
#9649 = CARTESIAN_POINT('',(-2.727967236156,1.028602624251));
#9650 = CARTESIAN_POINT('',(1.397032763844,3.410172484658));
#9651 = CARTESIAN_POINT('',(1.397032763844,-1.352967236156));
#9652 = ( GEOMETRIC_REPRESENTATION_CONTEXT(2) 
PARAMETRIC_REPRESENTATION_CONTEXT() REPRESENTATION_CONTEXT('2D SPACE',''
  ) );
#9653 = PCURVE('',#9654,#9659);
#9654 = CYLINDRICAL_SURFACE('',#9655,2.75);
#9655 = AXIS2_PLACEMENT_3D('',#9656,#9657,#9658);
#9656 = CARTESIAN_POINT('',(8.454635323614,-5.954635323614,-3.));
#9657 = DIRECTION('',(0.,0.,1.));
#9658 = DIRECTION('',(1.,0.,-0.));
#9659 = DEFINITIONAL_REPRESENTATION('',(#9660),#9664);
#9660 = LINE('',#9661,#9662);
#9661 = CARTESIAN_POINT('',(0.,1.5));
#9662 = VECTOR('',#9663,1.);
#9663 = DIRECTION('',(1.,0.));
#9664 = ( GEOMETRIC_REPRESENTATION_CONTEXT(2) 
PARAMETRIC_REPRESENTATION_CONTEXT() REPRESENTATION_CONTEXT('2D SPACE',''
  ) );
#9665 = ORIENTED_EDGE('',*,*,#9666,.F.);
#9666 = EDGE_CURVE('',#9667,#9634,#9669,.T.);
#9667 = VERTEX_POINT('',#9668);
#9668 = CARTESIAN_POINT('',(10.675581051362,-6.492864431923,-1.5));
#9669 = SURFACE_CURVE('',#9670,(#9675,#9682),.PCURVE_S1.);
#9670 = CIRCLE('',#9671,0.75);
#9671 = AXIS2_PLACEMENT_3D('',#9672,#9673,#9674);
#9672 = CARTESIAN_POINT('',(10.145250965472,-7.023194517813,-1.5));
#9673 = DIRECTION('',(0.,0.,-1.));
#9674 = DIRECTION('',(0.915542676557,0.402220844067,0.));
#9675 = PCURVE('',#6246,#9676);
#9676 = DEFINITIONAL_REPRESENTATION('',(#9677),#9681);
#9677 = CIRCLE('',#9678,0.75);
#9678 = AXIS2_PLACEMENT_2D('',#9679,#9680);
#9679 = CARTESIAN_POINT('',(0.337648405701,-0.284408041958));
#9680 = DIRECTION('',(0.915542676557,-0.402220844067));
#9681 = ( GEOMETRIC_REPRESENTATION_CONTEXT(2) 
PARAMETRIC_REPRESENTATION_CONTEXT() REPRESENTATION_CONTEXT('2D SPACE',''
  ) );
#9682 = PCURVE('',#9683,#9688);
#9683 = CYLINDRICAL_SURFACE('',#9684,0.75);
#9684 = AXIS2_PLACEMENT_3D('',#9685,#9686,#9687);
#9685 = CARTESIAN_POINT('',(10.145250965472,-7.023194517813,-3.));
#9686 = DIRECTION('',(0.,0.,1.));
#9687 = DIRECTION('',(0.915542676557,0.402220844067,-0.));
#9688 = DEFINITIONAL_REPRESENTATION('',(#9689),#9693);
#9689 = LINE('',#9690,#9691);
#9690 = CARTESIAN_POINT('',(12.566370614359,1.5));
#9691 = VECTOR('',#9692,1.);
#9692 = DIRECTION('',(-1.,0.));
#9693 = ( GEOMETRIC_REPRESENTATION_CONTEXT(2) 
PARAMETRIC_REPRESENTATION_CONTEXT() REPRESENTATION_CONTEXT('2D SPACE',''
  ) );
#9694 = ORIENTED_EDGE('',*,*,#9695,.T.);
#9695 = EDGE_CURVE('',#9667,#6208,#9696,.T.);
#9696 = SURFACE_CURVE('',#9697,(#9701,#9708),.PCURVE_S1.);
#9697 = LINE('',#9698,#9699);
#9698 = CARTESIAN_POINT('',(10.675581051362,-6.492864431923,-1.5));
#9699 = VECTOR('',#9700,1.);
#9700 = DIRECTION('',(-0.707106781187,0.707106781187,0.));
#9701 = PCURVE('',#6246,#9702);
#9702 = DEFINITIONAL_REPRESENTATION('',(#9703),#9707);
#9703 = LINE('',#9704,#9705);
#9704 = CARTESIAN_POINT('',(0.867978491591,-0.814738127848));
#9705 = VECTOR('',#9706,1.);
#9706 = DIRECTION('',(-0.707106781187,-0.707106781187));
#9707 = ( GEOMETRIC_REPRESENTATION_CONTEXT(2) 
PARAMETRIC_REPRESENTATION_CONTEXT() REPRESENTATION_CONTEXT('2D SPACE',''
  ) );
#9708 = PCURVE('',#6305,#9709);
#9709 = DEFINITIONAL_REPRESENTATION('',(#9710),#9714);
#9710 = LINE('',#9711,#9712);
#9711 = CARTESIAN_POINT('',(0.,1.5));
#9712 = VECTOR('',#9713,1.);
#9713 = DIRECTION('',(1.,0.));
#9714 = ( GEOMETRIC_REPRESENTATION_CONTEXT(2) 
PARAMETRIC_REPRESENTATION_CONTEXT() REPRESENTATION_CONTEXT('2D SPACE',''
  ) );
#9715 = ADVANCED_FACE('',(#9716),#6305,.T.);
#9716 = FACE_BOUND('',#9717,.T.);
#9717 = EDGE_LOOP('',(#9718,#9719,#9720,#9743,#9771));
#9718 = ORIENTED_EDGE('',*,*,#6289,.F.);
#9719 = ORIENTED_EDGE('',*,*,#9695,.F.);
#9720 = ORIENTED_EDGE('',*,*,#9721,.F.);
#9721 = EDGE_CURVE('',#9722,#9667,#9724,.T.);
#9722 = VERTEX_POINT('',#9723);
#9723 = CARTESIAN_POINT('',(10.675581051362,-6.492864431923,-3.));
#9724 = SURFACE_CURVE('',#9725,(#9729,#9736),.PCURVE_S1.);
#9725 = LINE('',#9726,#9727);
#9726 = CARTESIAN_POINT('',(10.675581051362,-6.492864431923,-3.));
#9727 = VECTOR('',#9728,1.);
#9728 = DIRECTION('',(0.,0.,1.));
#9729 = PCURVE('',#6305,#9730);
#9730 = DEFINITIONAL_REPRESENTATION('',(#9731),#9735);
#9731 = LINE('',#9732,#9733);
#9732 = CARTESIAN_POINT('',(0.,0.));
#9733 = VECTOR('',#9734,1.);
#9734 = DIRECTION('',(0.,1.));
#9735 = ( GEOMETRIC_REPRESENTATION_CONTEXT(2) 
PARAMETRIC_REPRESENTATION_CONTEXT() REPRESENTATION_CONTEXT('2D SPACE',''
  ) );
#9736 = PCURVE('',#9683,#9737);
#9737 = DEFINITIONAL_REPRESENTATION('',(#9738),#9742);
#9738 = LINE('',#9739,#9740);
#9739 = CARTESIAN_POINT('',(6.654642199952,0.));
#9740 = VECTOR('',#9741,1.);
#9741 = DIRECTION('',(0.,1.));
#9742 = ( GEOMETRIC_REPRESENTATION_CONTEXT(2) 
PARAMETRIC_REPRESENTATION_CONTEXT() REPRESENTATION_CONTEXT('2D SPACE',''
  ) );
#9743 = ORIENTED_EDGE('',*,*,#9744,.T.);
#9744 = EDGE_CURVE('',#9722,#9745,#9747,.T.);
#9745 = VERTEX_POINT('',#9746);
#9746 = CARTESIAN_POINT('',(9.984872425453,-5.802155806014,
    -2.999999999994));
#9747 = SURFACE_CURVE('',#9748,(#9752,#9759),.PCURVE_S1.);
#9748 = LINE('',#9749,#9750);
#9749 = CARTESIAN_POINT('',(10.675581051362,-6.492864431923,-3.));
#9750 = VECTOR('',#9751,1.);
#9751 = DIRECTION('',(-0.707106781187,0.707106781187,0.));
#9752 = PCURVE('',#6305,#9753);
#9753 = DEFINITIONAL_REPRESENTATION('',(#9754),#9758);
#9754 = LINE('',#9755,#9756);
#9755 = CARTESIAN_POINT('',(0.,0.));
#9756 = VECTOR('',#9757,1.);
#9757 = DIRECTION('',(1.,0.));
#9758 = ( GEOMETRIC_REPRESENTATION_CONTEXT(2) 
PARAMETRIC_REPRESENTATION_CONTEXT() REPRESENTATION_CONTEXT('2D SPACE',''
  ) );
#9759 = PCURVE('',#9760,#9765);
#9760 = PLANE('',#9761);
#9761 = AXIS2_PLACEMENT_3D('',#9762,#9763,#9764);
#9762 = CARTESIAN_POINT('',(9.80760255977,-7.30760255977,-3.));
#9763 = DIRECTION('',(0.,0.,-1.));
#9764 = DIRECTION('',(1.,0.,0.));
#9765 = DEFINITIONAL_REPRESENTATION('',(#9766),#9770);
#9766 = LINE('',#9767,#9768);
#9767 = CARTESIAN_POINT('',(0.867978491591,-0.814738127848));
#9768 = VECTOR('',#9769,1.);
#9769 = DIRECTION('',(-0.707106781187,-0.707106781187));
#9770 = ( GEOMETRIC_REPRESENTATION_CONTEXT(2) 
PARAMETRIC_REPRESENTATION_CONTEXT() REPRESENTATION_CONTEXT('2D SPACE',''
  ) );
#9771 = ORIENTED_EDGE('',*,*,#9772,.F.);
#9772 = EDGE_CURVE('',#6290,#9745,#9773,.T.);
#9773 = SURFACE_CURVE('',#9774,(#9779,#9787),.PCURVE_S1.);
#9774 = B_SPLINE_CURVE_WITH_KNOTS('',3,(#9775,#9776,#9777,#9778),
  .UNSPECIFIED.,.F.,.F.,(4,4),(-0.242216344889,-9.163728418111E-02),
  .PIECEWISE_BEZIER_KNOTS.);
#9775 = CARTESIAN_POINT('',(9.891584168371,-5.708867548932,
    -1.500000015537));
#9776 = CARTESIAN_POINT('',(9.922668966648,-5.739952347209,
    -2.000001414222));
#9777 = CARTESIAN_POINT('',(9.953764313491,-5.771047694052,
    -2.500001501227));
#9778 = CARTESIAN_POINT('',(9.984872425454,-5.802155806015,-3.));
#9779 = PCURVE('',#6305,#9780);
#9780 = DEFINITIONAL_REPRESENTATION('',(#9781),#9786);
#9781 = B_SPLINE_CURVE_WITH_KNOTS('',3,(#9782,#9783,#9784,#9785),
  .UNSPECIFIED.,.F.,.F.,(4,4),(-0.242216344889,-9.163728418111E-02),
  .PIECEWISE_BEZIER_KNOTS.);
#9782 = CARTESIAN_POINT('',(1.108739024784,1.499999984463));
#9783 = CARTESIAN_POINT('',(1.064778481477,0.999998585778));
#9784 = CARTESIAN_POINT('',(1.020803020245,0.499998498773));
#9785 = CARTESIAN_POINT('',(0.976809506406,0.));
#9786 = ( GEOMETRIC_REPRESENTATION_CONTEXT(2) 
PARAMETRIC_REPRESENTATION_CONTEXT() REPRESENTATION_CONTEXT('2D SPACE',''
  ) );
#9787 = PCURVE('',#7042,#9788);
#9788 = DEFINITIONAL_REPRESENTATION('',(#9789),#9793);
#9789 = LINE('',#9790,#9791);
#9790 = CARTESIAN_POINT('',(1.,3.053113317719E-16));
#9791 = VECTOR('',#9792,1.);
#9792 = DIRECTION('',(1.172310811914E-13,-1.));
#9793 = ( GEOMETRIC_REPRESENTATION_CONTEXT(2) 
PARAMETRIC_REPRESENTATION_CONTEXT() REPRESENTATION_CONTEXT('2D SPACE',''
  ) );
#9794 = ADVANCED_FACE('',(#9795),#6378,.F.);
#9795 = FACE_BOUND('',#9796,.F.);
#9796 = EDGE_LOOP('',(#9797,#9798,#9799,#9800,#9801,#9802,#9803,#9804));
#9797 = ORIENTED_EDGE('',*,*,#6411,.F.);
#9798 = ORIENTED_EDGE('',*,*,#6620,.F.);
#9799 = ORIENTED_EDGE('',*,*,#6864,.F.);
#9800 = ORIENTED_EDGE('',*,*,#7115,.F.);
#9801 = ORIENTED_EDGE('',*,*,#9302,.T.);
#9802 = ORIENTED_EDGE('',*,*,#9326,.F.);
#9803 = ORIENTED_EDGE('',*,*,#9459,.T.);
#9804 = ORIENTED_EDGE('',*,*,#6363,.T.);
#9805 = ADVANCED_FACE('',(#9806),#6906,.F.);
#9806 = FACE_BOUND('',#9807,.T.);
#9807 = EDGE_LOOP('',(#9808,#9809,#9830));
#9808 = ORIENTED_EDGE('',*,*,#6888,.F.);
#9809 = ORIENTED_EDGE('',*,*,#9810,.F.);
#9810 = EDGE_CURVE('',#7390,#6889,#9811,.T.);
#9811 = SURFACE_CURVE('',#9812,(#9816,#9823),.PCURVE_S1.);
#9812 = LINE('',#9813,#9814);
#9813 = CARTESIAN_POINT('',(5.125,-5.327939069668,0.));
#9814 = VECTOR('',#9815,1.);
#9815 = DIRECTION('',(1.,0.,0.));
#9816 = PCURVE('',#6906,#9817);
#9817 = DEFINITIONAL_REPRESENTATION('',(#9818),#9822);
#9818 = LINE('',#9819,#9820);
#9819 = CARTESIAN_POINT('',(5.125,-5.327939069668));
#9820 = VECTOR('',#9821,1.);
#9821 = DIRECTION('',(1.,0.));
#9822 = ( GEOMETRIC_REPRESENTATION_CONTEXT(2) 
PARAMETRIC_REPRESENTATION_CONTEXT() REPRESENTATION_CONTEXT('2D SPACE',''
  ) );
#9823 = PCURVE('',#6934,#9824);
#9824 = DEFINITIONAL_REPRESENTATION('',(#9825),#9829);
#9825 = LINE('',#9826,#9827);
#9826 = CARTESIAN_POINT('',(0.741764932098,0.));
#9827 = VECTOR('',#9828,1.);
#9828 = DIRECTION('',(0.,-1.));
#9829 = ( GEOMETRIC_REPRESENTATION_CONTEXT(2) 
PARAMETRIC_REPRESENTATION_CONTEXT() REPRESENTATION_CONTEXT('2D SPACE',''
  ) );
#9830 = ORIENTED_EDGE('',*,*,#7389,.T.);
#9831 = ADVANCED_FACE('',(#9832),#6934,.F.);
#9832 = FACE_BOUND('',#9833,.F.);
#9833 = EDGE_LOOP('',(#9834,#9835,#9836,#9837,#9838,#9859,#9860,#9907,
    #10002,#10030,#10125,#10170));
#9834 = ORIENTED_EDGE('',*,*,#9810,.F.);
#9835 = ORIENTED_EDGE('',*,*,#7435,.T.);
#9836 = ORIENTED_EDGE('',*,*,#7539,.T.);
#9837 = ORIENTED_EDGE('',*,*,#7979,.T.);
#9838 = ORIENTED_EDGE('',*,*,#9839,.F.);
#9839 = EDGE_CURVE('',#8308,#7980,#9840,.T.);
#9840 = SURFACE_CURVE('',#9841,(#9845,#9852),.PCURVE_S1.);
#9841 = LINE('',#9842,#9843);
#9842 = CARTESIAN_POINT('',(5.125,-5.327939069668,0.));
#9843 = VECTOR('',#9844,1.);
#9844 = DIRECTION('',(1.,0.,0.));
#9845 = PCURVE('',#6934,#9846);
#9846 = DEFINITIONAL_REPRESENTATION('',(#9847),#9851);
#9847 = LINE('',#9848,#9849);
#9848 = CARTESIAN_POINT('',(0.741764932098,0.));
#9849 = VECTOR('',#9850,1.);
#9850 = DIRECTION('',(0.,-1.));
#9851 = ( GEOMETRIC_REPRESENTATION_CONTEXT(2) 
PARAMETRIC_REPRESENTATION_CONTEXT() REPRESENTATION_CONTEXT('2D SPACE',''
  ) );
#9852 = PCURVE('',#8094,#9853);
#9853 = DEFINITIONAL_REPRESENTATION('',(#9854),#9858);
#9854 = LINE('',#9855,#9856);
#9855 = CARTESIAN_POINT('',(5.125,-5.327939069668));
#9856 = VECTOR('',#9857,1.);
#9857 = DIRECTION('',(1.,0.));
#9858 = ( GEOMETRIC_REPRESENTATION_CONTEXT(2) 
PARAMETRIC_REPRESENTATION_CONTEXT() REPRESENTATION_CONTEXT('2D SPACE',''
  ) );
#9859 = ORIENTED_EDGE('',*,*,#8505,.T.);
#9860 = ORIENTED_EDGE('',*,*,#9861,.T.);
#9861 = EDGE_CURVE('',#8454,#9862,#9864,.T.);
#9862 = VERTEX_POINT('',#9863);
#9863 = CARTESIAN_POINT('',(-8.064508180865,-5.964388339801,
    -0.22868143255));
#9864 = SURFACE_CURVE('',#9865,(#9872,#9878),.PCURVE_S1.);
#9865 = B_SPLINE_CURVE_WITH_KNOTS('',3,(#9866,#9867,#9868,#9869,#9870,
    #9871),.UNSPECIFIED.,.F.,.F.,(4,2,4),(0.240840841124,0.251891265084,
    0.271675742503),.UNSPECIFIED.);
#9866 = CARTESIAN_POINT('',(-8.246642203411,-5.746642199281,
    -9.187683145319E-02));
#9867 = CARTESIAN_POINT('',(-8.223135618776,-5.771570874618,
    -0.103370552506));
#9868 = CARTESIAN_POINT('',(-8.200273545122,-5.79684626426,
    -0.116262772464));
#9869 = CARTESIAN_POINT('',(-8.138420525548,-5.86819695566,
    -0.156853767033));
#9870 = CARTESIAN_POINT('',(-8.099424320286,-5.916880963917,
    -0.189480986578));
#9871 = CARTESIAN_POINT('',(-8.064508183633,-5.964388339119,
    -0.228681435842));
#9872 = PCURVE('',#6934,#9873);
#9873 = DEFINITIONAL_REPRESENTATION('',(#9874),#9877);
#9874 = B_SPLINE_CURVE_WITH_KNOTS('',1,(#9875,#9876),.UNSPECIFIED.,.F.,
  .F.,(2,2),(0.240840841124,0.271675742503),.PIECEWISE_BEZIER_KNOTS.);
#9875 = CARTESIAN_POINT('',(0.309748160606,13.371642203411));
#9876 = CARTESIAN_POINT('',(5.187891470987E-02,13.189508183633));
#9877 = ( GEOMETRIC_REPRESENTATION_CONTEXT(2) 
PARAMETRIC_REPRESENTATION_CONTEXT() REPRESENTATION_CONTEXT('2D SPACE',''
  ) );
#9878 = PCURVE('',#8471,#9879);
#9879 = DEFINITIONAL_REPRESENTATION('',(#9880),#9906);
#9880 = B_SPLINE_CURVE_WITH_KNOTS('',3,(#9881,#9882,#9883,#9884,#9885,
    #9886,#9887,#9888,#9889,#9890,#9891,#9892,#9893,#9894,#9895,#9896,
    #9897,#9898,#9899,#9900,#9901,#9902,#9903,#9904,#9905),
  .UNSPECIFIED.,.F.,.F.,(4,1,1,1,1,1,1,1,1,1,1,1,1,1,1,1,1,1,1,1,1,1,4),
  (0.240840841124,0.242242427551,0.243644013977,0.245045600403,
    0.246447186829,0.247848773256,0.249250359682,0.250651946108,
    0.252053532535,0.253455118961,0.254856705387,0.256258291814,
    0.25765987824,0.259061464666,0.260463051093,0.261864637519,
    0.263266223945,0.264667810371,0.266069396798,0.267470983224,
    0.26887256965,0.270274156077,0.271675742503),.QUASI_UNIFORM_KNOTS.);
#9881 = CARTESIAN_POINT('',(0.785398172611,2.908123168547));
#9882 = CARTESIAN_POINT('',(0.783971179046,2.906665356221));
#9883 = CARTESIAN_POINT('',(0.781119058683,2.90370473384));
#9884 = CARTESIAN_POINT('',(0.776846646513,2.89912567864));
#9885 = CARTESIAN_POINT('',(0.772580161,2.894405357895));
#9886 = CARTESIAN_POINT('',(0.768319794657,2.889540681837));
#9887 = CARTESIAN_POINT('',(0.764065609855,2.884528354097));
#9888 = CARTESIAN_POINT('',(0.759818152111,2.879365845117));
#9889 = CARTESIAN_POINT('',(0.755576161131,2.874047759266));
#9890 = CARTESIAN_POINT('',(0.751345113181,2.868579392995));
#9891 = CARTESIAN_POINT('',(0.747104357351,2.862924580379));
#9892 = CARTESIAN_POINT('',(0.742847852812,2.857068188389));
#9893 = CARTESIAN_POINT('',(0.738581725695,2.851014414767));
#9894 = CARTESIAN_POINT('',(0.734308850024,2.844762257069));
#9895 = CARTESIAN_POINT('',(0.730032978712,2.838312085592));
#9896 = CARTESIAN_POINT('',(0.725757636096,2.831663882085));
#9897 = CARTESIAN_POINT('',(0.721486414088,2.824817711654));
#9898 = CARTESIAN_POINT('',(0.717222892223,2.817773596322));
#9899 = CARTESIAN_POINT('',(0.712970658476,2.810531548979));
#9900 = CARTESIAN_POINT('',(0.708733303088,2.803091564345));
#9901 = CARTESIAN_POINT('',(0.704514419626,2.795453621672));
#9902 = CARTESIAN_POINT('',(0.700317604192,2.787617683726));
#9903 = CARTESIAN_POINT('',(0.696146454933,2.779583699097));
#9904 = CARTESIAN_POINT('',(0.693385199903,2.774095629794));
#9905 = CARTESIAN_POINT('',(0.692010050148,2.771318564158));
#9906 = ( GEOMETRIC_REPRESENTATION_CONTEXT(2) 
PARAMETRIC_REPRESENTATION_CONTEXT() REPRESENTATION_CONTEXT('2D SPACE',''
  ) );
#9907 = ORIENTED_EDGE('',*,*,#9908,.T.);
#9908 = EDGE_CURVE('',#9862,#9909,#9911,.T.);
#9909 = VERTEX_POINT('',#9910);
#9910 = CARTESIAN_POINT('',(-7.930087504169,-6.324133767759,
    -0.912844257252));
#9911 = SURFACE_CURVE('',#9912,(#9923,#9952),.PCURVE_S1.);
#9912 = B_SPLINE_CURVE_WITH_KNOTS('',3,(#9913,#9914,#9915,#9916,#9917,
    #9918,#9919,#9920,#9921,#9922),.UNSPECIFIED.,.F.,.F.,(4,2,2,2,4),(
    -0.16951903803,-0.150915620731,-0.120082899842,-9.884200113699E-02,
    -8.776503732661E-02),.UNSPECIFIED.);
#9913 = CARTESIAN_POINT('',(-8.06450818135,-5.964388342226,
    -0.228681438405));
#9914 = CARTESIAN_POINT('',(-8.03397463524,-6.005932704688,
    -0.262961540797));
#9915 = CARTESIAN_POINT('',(-8.009715020938,-6.046751313583,
    -0.302306624991));
#9916 = CARTESIAN_POINT('',(-7.95870363624,-6.148943220282,
    -0.420797249232));
#9917 = CARTESIAN_POINT('',(-7.941730622084,-6.203662584227,
    -0.506397358329));
#9918 = CARTESIAN_POINT('',(-7.927203186673,-6.272918037765,
    -0.665314012174));
#9919 = CARTESIAN_POINT('',(-7.925374182016,-6.294342437518,
    -0.733333888759));
#9920 = CARTESIAN_POINT('',(-7.92683629997,-6.315637002016,
    -0.839297938998));
#9921 = CARTESIAN_POINT('',(-7.928112642092,-6.320910002718,
    -0.875996454219));
#9922 = CARTESIAN_POINT('',(-7.930087504169,-6.324133767759,
    -0.912844257252));
#9923 = PCURVE('',#6934,#9924);
#9924 = DEFINITIONAL_REPRESENTATION('',(#9925),#9951);
#9925 = B_SPLINE_CURVE_WITH_KNOTS('',3,(#9926,#9927,#9928,#9929,#9930,
    #9931,#9932,#9933,#9934,#9935,#9936,#9937,#9938,#9939,#9940,#9941,
    #9942,#9943,#9944,#9945,#9946,#9947,#9948,#9949,#9950),
  .UNSPECIFIED.,.F.,.F.,(4,1,1,1,1,1,1,1,1,1,1,1,1,1,1,1,1,1,1,1,1,1,4),
  (-0.16951903803,-0.165802947089,-0.162086856148,-0.158370765207,
    -0.154654674266,-0.150938583325,-0.147222492384,-0.143506401443,
    -0.139790310502,-0.136074219561,-0.132358128619,-0.128642037678,
    -0.124925946737,-0.121209855796,-0.117493764855,-0.113777673914,
    -0.110061582973,-0.106345492032,-0.102629401091,-9.891331014982E-02,
    -9.519721920875E-02,-9.148112826768E-02,-8.776503732661E-02),
  .QUASI_UNIFORM_KNOTS.);
#9926 = CARTESIAN_POINT('',(5.18789106826E-02,13.18950818135));
#9927 = CARTESIAN_POINT('',(4.111960150492E-02,13.183409009769));
#9928 = CARTESIAN_POINT('',(1.938942246513E-02,13.171711306175));
#9929 = CARTESIAN_POINT('',(-1.382408999774E-02,13.155609109708));
#9930 = CARTESIAN_POINT('',(-4.764310354793E-02,13.140892391412));
#9931 = CARTESIAN_POINT('',(-8.20419416999E-02,13.127506893935));
#9932 = CARTESIAN_POINT('',(-0.117066735218,13.115381187296));
#9933 = CARTESIAN_POINT('',(-0.152514935653,13.104507908633));
#9934 = CARTESIAN_POINT('',(-0.188166100704,13.094871810209));
#9935 = CARTESIAN_POINT('',(-0.224064760589,13.086390793999));
#9936 = CARTESIAN_POINT('',(-0.260185615142,13.079000672812));
#9937 = CARTESIAN_POINT('',(-0.296523571477,13.072632457085));
#9938 = CARTESIAN_POINT('',(-0.333070502969,13.067218455908));
#9939 = CARTESIAN_POINT('',(-0.369820295712,13.062690586136));
#9940 = CARTESIAN_POINT('',(-0.406773976667,13.058981034901));
#9941 = CARTESIAN_POINT('',(-0.443916158619,13.056021300472));
#9942 = CARTESIAN_POINT('',(-0.48106609264,13.0537872578));
#9943 = CARTESIAN_POINT('',(-0.518256551686,13.052233652811));
#9944 = CARTESIAN_POINT('',(-0.55547548022,13.05131926438));
#9945 = CARTESIAN_POINT('',(-0.592720894889,13.051002322174));
#9946 = CARTESIAN_POINT('',(-0.629996537037,13.051239219735));
#9947 = CARTESIAN_POINT('',(-0.667276284776,13.051994244315));
#9948 = CARTESIAN_POINT('',(-0.704531241789,13.053257233185));
#9949 = CARTESIAN_POINT('',(-0.729356035815,13.054424978798));
#9950 = CARTESIAN_POINT('',(-0.741764932098,13.055087504169));
#9951 = ( GEOMETRIC_REPRESENTATION_CONTEXT(2) 
PARAMETRIC_REPRESENTATION_CONTEXT() REPRESENTATION_CONTEXT('2D SPACE',''
  ) );
#9952 = PCURVE('',#9953,#9974);
#9953 = B_SPLINE_SURFACE_WITH_KNOTS('',3,3,(
    (#9954,#9955,#9956,#9957)
    ,(#9958,#9959,#9960,#9961)
    ,(#9962,#9963,#9964,#9965)
    ,(#9966,#9967,#9968,#9969)
    ,(#9970,#9971,#9972,#9973
  )),.UNSPECIFIED.,.F.,.F.,.F.,(4,1,4),(4,4),(0.,0.571428571429,1.),(
    9.163728418288E-02,0.378587518699),.UNSPECIFIED.);
#9954 = CARTESIAN_POINT('',(-8.233951441557,-6.152228667528,
    -3.087155742748));
#9955 = CARTESIAN_POINT('',(-8.177792216962,-6.089078395871,
    -2.134336102331));
#9956 = CARTESIAN_POINT('',(-8.12127416684,-6.026533457998,
    -1.181510694271));
#9957 = CARTESIAN_POINT('',(-8.064508180993,-5.964388341834,
    -0.228681432409));
#9958 = CARTESIAN_POINT('',(-8.058598272745,-6.369206309805,
    -3.084566017404));
#9959 = CARTESIAN_POINT('',(-8.000738083196,-6.305904693908,
    -2.131862893972));
#9960 = CARTESIAN_POINT('',(-7.942831484595,-6.243267278818,
    -1.179130744598));
#9961 = CARTESIAN_POINT('',(-7.884752145347,-6.180982296741,
    -0.226392523813));
#9962 = CARTESIAN_POINT('',(-7.922026710571,-6.881361728232,
    -3.061198537883));
#9963 = CARTESIAN_POINT('',(-7.86186648864,-6.819623443784,
    -2.108553861733));
#9964 = CARTESIAN_POINT('',(-7.801847929799,-6.758255260538,
    -1.155883703017));
#9965 = CARTESIAN_POINT('',(-7.741975213595,-6.697157391067,
    -0.203191586262));
#9966 = CARTESIAN_POINT('',(-8.154769037057,-7.337485749632,
    -3.018339746141));
#9967 = CARTESIAN_POINT('',(-8.094983887737,-7.277714231407,
    -2.065572218333));
#9968 = CARTESIAN_POINT('',(-8.035323767977,-7.21802962055,
    -1.112793395944));
#9969 = CARTESIAN_POINT('',(-7.975732666685,-7.15844937926,
    -0.160004981993));
#9970 = CARTESIAN_POINT('',(-8.302155762526,-7.484872475101,-3.));
#9971 = CARTESIAN_POINT('',(-8.242874744282,-7.425591456857,
    -2.047180359583));
#9972 = CARTESIAN_POINT('',(-8.183640082375,-7.36635679495,
    -1.094354951523));
#9973 = CARTESIAN_POINT('',(-8.124436437535,-7.30715315011,
    -0.141525689662));
#9974 = DEFINITIONAL_REPRESENTATION('',(#9975),#10001);
#9975 = B_SPLINE_CURVE_WITH_KNOTS('',3,(#9976,#9977,#9978,#9979,#9980,
    #9981,#9982,#9983,#9984,#9985,#9986,#9987,#9988,#9989,#9990,#9991,
    #9992,#9993,#9994,#9995,#9996,#9997,#9998,#9999,#10000),
  .UNSPECIFIED.,.F.,.F.,(4,1,1,1,1,1,1,1,1,1,1,1,1,1,1,1,1,1,1,1,1,1,4),
  (-0.16951903803,-0.165802947089,-0.162086856148,-0.158370765207,
    -0.154654674266,-0.150938583325,-0.147222492384,-0.143506401443,
    -0.139790310502,-0.136074219561,-0.132358128619,-0.128642037678,
    -0.124925946737,-0.121209855796,-0.117493764855,-0.113777673914,
    -0.110061582973,-0.106345492032,-0.102629401091,-9.891331014982E-02,
    -9.519721920875E-02,-9.148112826768E-02,-8.776503732661E-02),
  .QUASI_UNIFORM_KNOTS.);
#9976 = CARTESIAN_POINT('',(0.,0.378587518699));
#9977 = CARTESIAN_POINT('',(6.900268878334E-03,0.377891799949));
#9978 = CARTESIAN_POINT('',(2.045638455704E-02,0.376457347966));
#9979 = CARTESIAN_POINT('',(4.005032221455E-02,0.374176712727));
#9980 = CARTESIAN_POINT('',(5.890035052378E-02,0.371766811387));
#9981 = CARTESIAN_POINT('',(7.699125951073E-02,0.369228717698));
#9982 = CARTESIAN_POINT('',(9.433770627193E-02,0.366558373898));
#9983 = CARTESIAN_POINT('',(0.110831850638,0.363770865863));
#9984 = CARTESIAN_POINT('',(0.126379457299,0.360886027875));
#9985 = CARTESIAN_POINT('',(0.141009702229,0.357903719085));
#9986 = CARTESIAN_POINT('',(0.154716332227,0.354829148059));
#9987 = CARTESIAN_POINT('',(0.167499926953,0.351666098191));
#9988 = CARTESIAN_POINT('',(0.179356590527,0.348418704268));
#9989 = CARTESIAN_POINT('',(0.190280413381,0.345091120802));
#9990 = CARTESIAN_POINT('',(0.200264899761,0.34168707216));
#9991 = CARTESIAN_POINT('',(0.209295169421,0.338211983712));
#9992 = CARTESIAN_POINT('',(0.217326973999,0.334687889597));
#9993 = CARTESIAN_POINT('',(0.224370453064,0.33111689504));
#9994 = CARTESIAN_POINT('',(0.230423349167,0.327505255514));
#9995 = CARTESIAN_POINT('',(0.235485684558,0.323858323002));
#9996 = CARTESIAN_POINT('',(0.239556752001,0.320180913255));
#9997 = CARTESIAN_POINT('',(0.242632705573,0.316480890498));
#9998 = CARTESIAN_POINT('',(0.244712752915,0.312766409204));
#9999 = CARTESIAN_POINT('',(0.24543705886,0.310283490571));
#10000 = CARTESIAN_POINT('',(0.245633851959,0.309041313201));
#10001 = ( GEOMETRIC_REPRESENTATION_CONTEXT(2) 
PARAMETRIC_REPRESENTATION_CONTEXT() REPRESENTATION_CONTEXT('2D SPACE',''
  ) );
#10002 = ORIENTED_EDGE('',*,*,#10003,.F.);
#10003 = EDGE_CURVE('',#10004,#9909,#10006,.T.);
#10004 = VERTEX_POINT('',#10005);
#10005 = CARTESIAN_POINT('',(7.93008753129,-6.324133767759,
    -0.912844257252));
#10006 = SURFACE_CURVE('',#10007,(#10011,#10018),.PCURVE_S1.);
#10007 = LINE('',#10008,#10009);
#10008 = CARTESIAN_POINT('',(5.125,-6.324133767759,-0.912844257252));
#10009 = VECTOR('',#10010,1.);
#10010 = DIRECTION('',(-1.,0.,0.));
#10011 = PCURVE('',#6934,#10012);
#10012 = DEFINITIONAL_REPRESENTATION('',(#10013),#10017);
#10013 = LINE('',#10014,#10015);
#10014 = CARTESIAN_POINT('',(-0.741764932098,0.));
#10015 = VECTOR('',#10016,1.);
#10016 = DIRECTION('',(0.,1.));
#10017 = ( GEOMETRIC_REPRESENTATION_CONTEXT(2) 
PARAMETRIC_REPRESENTATION_CONTEXT() REPRESENTATION_CONTEXT('2D SPACE',''
  ) );
#10018 = PCURVE('',#10019,#10024);
#10019 = PLANE('',#10020);
#10020 = AXIS2_PLACEMENT_3D('',#10021,#10022,#10023);
#10021 = CARTESIAN_POINT('',(10.25,-6.255707952862,-0.130733614121));
#10022 = DIRECTION('',(0.,-0.996194698092,8.715574274766E-02));
#10023 = DIRECTION('',(1.,0.,0.));
#10024 = DEFINITIONAL_REPRESENTATION('',(#10025),#10029);
#10025 = LINE('',#10026,#10027);
#10026 = CARTESIAN_POINT('',(-5.125,-0.785098178729));
#10027 = VECTOR('',#10028,1.);
#10028 = DIRECTION('',(-1.,0.));
#10029 = ( GEOMETRIC_REPRESENTATION_CONTEXT(2) 
PARAMETRIC_REPRESENTATION_CONTEXT() REPRESENTATION_CONTEXT('2D SPACE',''
  ) );
#10030 = ORIENTED_EDGE('',*,*,#10031,.T.);
#10031 = EDGE_CURVE('',#10004,#10032,#10034,.T.);
#10032 = VERTEX_POINT('',#10033);
#10033 = CARTESIAN_POINT('',(8.064508234032,-5.964388270877,
    -0.228681374771));
#10034 = SURFACE_CURVE('',#10035,(#10046,#10075),.PCURVE_S1.);
#10035 = B_SPLINE_CURVE_WITH_KNOTS('',3,(#10036,#10037,#10038,#10039,
    #10040,#10041,#10042,#10043,#10044,#10045),.UNSPECIFIED.,.F.,.F.,(4,
    2,2,2,4),(-8.171948628594E-02,-7.589458167933E-02,
    -5.602779244579E-02,-2.996071420853E-02,0.),.UNSPECIFIED.);
#10036 = CARTESIAN_POINT('',(7.93008753129,-6.324133767759,
    -0.912844257252));
#10037 = CARTESIAN_POINT('',(7.929047564019,-6.322436125128,
    -0.893440113188));
#10038 = CARTESIAN_POINT('',(7.928202480115,-6.320170362404,
    -0.874073967356));
#10039 = CARTESIAN_POINT('',(7.925372563036,-6.307679344006,
    -0.788971735265));
#10040 = CARTESIAN_POINT('',(7.925493203465,-6.291434540846,
    -0.724161222537));
#10041 = CARTESIAN_POINT('',(7.93307297424,-6.239483074849,
    -0.579665983173));
#10042 = CARTESIAN_POINT('',(7.942714896605,-6.199519029661,
    -0.502429272228));
#10043 = CARTESIAN_POINT('',(7.982698389982,-6.095802801018,
    -0.351976709323));
#10044 = CARTESIAN_POINT('',(8.015256835724,-6.031400399565,
    -0.283976059293));
#10045 = CARTESIAN_POINT('',(8.064508234632,-5.964388273871,
    -0.228681382003));
#10046 = PCURVE('',#6934,#10047);
#10047 = DEFINITIONAL_REPRESENTATION('',(#10048),#10074);
#10048 = B_SPLINE_CURVE_WITH_KNOTS('',3,(#10049,#10050,#10051,#10052,
    #10053,#10054,#10055,#10056,#10057,#10058,#10059,#10060,#10061,
    #10062,#10063,#10064,#10065,#10066,#10067,#10068,#10069,#10070,
    #10071,#10072,#10073),.UNSPECIFIED.,.F.,.F.,(4,1,1,1,1,1,1,1,1,1,1,1
    ,1,1,1,1,1,1,1,1,1,1,4),(-8.171948628594E-02,-7.800496418203E-02,
    -7.429044207812E-02,-7.057591997422E-02,-6.686139787031E-02,
    -6.31468757664E-02,-5.94323536625E-02,-5.571783155859E-02,
    -5.200330945469E-02,-4.828878735078E-02,-4.457426524687E-02,
    -4.085974314297E-02,-3.714522103906E-02,-3.343069893516E-02,
    -2.971617683125E-02,-2.600165472734E-02,-2.228713262344E-02,
    -1.857261051953E-02,-1.485808841562E-02,-1.114356631172E-02,
    -7.429044207812E-03,-3.714522103906E-03,0.),.QUASI_UNIFORM_KNOTS.);
#10049 = CARTESIAN_POINT('',(-0.741764932098,-2.80508753129));
#10050 = CARTESIAN_POINT('',(-0.72934604848,-2.804424478071));
#10051 = CARTESIAN_POINT('',(-0.704491493072,-2.803256394821));
#10052 = CARTESIAN_POINT('',(-0.667183266496,-2.801993665124));
#10053 = CARTESIAN_POINT('',(-0.629881371707,-2.801227322924));
#10054 = CARTESIAN_POINT('',(-0.592587894269,-2.800993527047));
#10055 = CARTESIAN_POINT('',(-0.555303181379,-2.801324923227));
#10056 = CARTESIAN_POINT('',(-0.518034839983,-2.802254477749));
#10057 = CARTESIAN_POINT('',(-0.480764160605,-2.803817387794));
#10058 = CARTESIAN_POINT('',(-0.443571606109,-2.806039379886));
#10059 = CARTESIAN_POINT('',(-0.406504281599,-2.808979256555));
#10060 = CARTESIAN_POINT('',(-0.369553302052,-2.812701009583));
#10061 = CARTESIAN_POINT('',(-0.332728317672,-2.817266961213));
#10062 = CARTESIAN_POINT('',(-0.296030085589,-2.822740922596));
#10063 = CARTESIAN_POINT('',(-0.259483594467,-2.829182418788));
#10064 = CARTESIAN_POINT('',(-0.223030889546,-2.836666630317));
#10065 = CARTESIAN_POINT('',(-0.186928739881,-2.84520961068));
#10066 = CARTESIAN_POINT('',(-0.151334328005,-2.854844282201));
#10067 = CARTESIAN_POINT('',(-0.116206150771,-2.865641787691));
#10068 = CARTESIAN_POINT('',(-8.156127729301E-02,-2.877663028811));
#10069 = CARTESIAN_POINT('',(-4.740602701735E-02,-2.890971651335));
#10070 = CARTESIAN_POINT('',(-1.375423183499E-02,-2.905630565737));
#10071 = CARTESIAN_POINT('',(1.93783785361E-02,-2.921702879579));
#10072 = CARTESIAN_POINT('',(4.110742707964E-02,-2.933402058103));
#10073 = CARTESIAN_POINT('',(5.187899930263E-02,-2.939508234632));
#10074 = ( GEOMETRIC_REPRESENTATION_CONTEXT(2) 
PARAMETRIC_REPRESENTATION_CONTEXT() REPRESENTATION_CONTEXT('2D SPACE',''
  ) );
#10075 = PCURVE('',#10076,#10097);
#10076 = B_SPLINE_SURFACE_WITH_KNOTS('',3,3,(
    (#10077,#10078,#10079,#10080)
    ,(#10081,#10082,#10083,#10084)
    ,(#10085,#10086,#10087,#10088)
    ,(#10089,#10090,#10091,#10092)
    ,(#10093,#10094,#10095,#10096
    )),.UNSPECIFIED.,.F.,.F.,.F.,(4,1,4),(4,4),(0.,0.571428571429,1.),(
    0.114662367371,0.401612607686),.UNSPECIFIED.);
#10077 = CARTESIAN_POINT('',(8.06450823419,-5.964388273388,
    -0.228681374598));
#10078 = CARTESIAN_POINT('',(8.121274221552,-6.026533389995,
    -1.181510655728));
#10079 = CARTESIAN_POINT('',(8.177792273218,-6.089078328222,
    -2.134336083058));
#10080 = CARTESIAN_POINT('',(8.233951499393,-6.1522286001,
    -3.087155742748));
#10081 = CARTESIAN_POINT('',(7.884752191711,-6.18098222764,
    -0.226392466471));
#10082 = CARTESIAN_POINT('',(7.942831532219,-6.243267210169,
    -1.179130706541));
#10083 = CARTESIAN_POINT('',(8.000738132095,-6.305904625633,
    -2.131862875201));
#10084 = CARTESIAN_POINT('',(8.058598322903,-6.369206241775,
    -3.084566017925));
#10085 = CARTESIAN_POINT('',(7.742114237012,-6.697138731049,
    -0.203184048823));
#10086 = CARTESIAN_POINT('',(7.801986954155,-6.758236601232,
    -1.15587618487));
#10087 = CARTESIAN_POINT('',(7.862000770432,-6.819604639261,
    -2.108546657228));
#10088 = CARTESIAN_POINT('',(7.922160993229,-6.881342924293,
    -3.061191352678));
#10089 = CARTESIAN_POINT('',(7.975732704924,-7.158449324364,
    -0.1600049244));
#10090 = CARTESIAN_POINT('',(8.035323807222,-7.218029566662,
    -1.112793357626));
#10091 = CARTESIAN_POINT('',(8.094983927969,-7.277714178502,
    -2.065572199293));
#10092 = CARTESIAN_POINT('',(8.154769078244,-7.337485697684,
    -3.018339746382));
#10093 = CARTESIAN_POINT('',(8.124436477813,-7.307153097253,
    -0.14152563185));
#10094 = CARTESIAN_POINT('',(8.183640123738,-7.366356743178,
    -1.094354912981));
#10095 = CARTESIAN_POINT('',(8.242874786717,-7.425591406157,
    -2.047180340311));
#10096 = CARTESIAN_POINT('',(8.302155806015,-7.484872425455,-3.));
#10097 = DEFINITIONAL_REPRESENTATION('',(#10098),#10124);
#10098 = B_SPLINE_CURVE_WITH_KNOTS('',3,(#10099,#10100,#10101,#10102,
    #10103,#10104,#10105,#10106,#10107,#10108,#10109,#10110,#10111,
    #10112,#10113,#10114,#10115,#10116,#10117,#10118,#10119,#10120,
    #10121,#10122,#10123),.UNSPECIFIED.,.F.,.F.,(4,1,1,1,1,1,1,1,1,1,1,1
    ,1,1,1,1,1,1,1,1,1,1,4),(-8.171948628594E-02,-7.800496418203E-02,
    -7.429044207812E-02,-7.057591997422E-02,-6.686139787031E-02,
    -6.31468757664E-02,-5.94323536625E-02,-5.571783155859E-02,
    -5.200330945469E-02,-4.828878735078E-02,-4.457426524687E-02,
    -4.085974314297E-02,-3.714522103906E-02,-3.343069893516E-02,
    -2.971617683125E-02,-2.600165472734E-02,-2.228713262344E-02,
    -1.857261051953E-02,-1.485808841562E-02,-1.114356631172E-02,
    -7.429044207812E-03,-3.714522103906E-03,0.),.QUASI_UNIFORM_KNOTS.);
#10099 = CARTESIAN_POINT('',(0.245642946483,0.184208579059));
#10100 = CARTESIAN_POINT('',(0.245446216126,0.182965401791));
#10101 = CARTESIAN_POINT('',(0.244720512402,0.180479512818));
#10102 = CARTESIAN_POINT('',(0.242635642066,0.176759742925));
#10103 = CARTESIAN_POINT('',(0.239554660357,0.173057561016));
#10104 = CARTESIAN_POINT('',(0.235478508827,0.169378490121));
#10105 = CARTESIAN_POINT('',(0.23040684611,0.165727819193));
#10106 = CARTESIAN_POINT('',(0.224340420602,0.162111526658));
#10107 = CARTESIAN_POINT('',(0.217274468725,0.158533067114));
#10108 = CARTESIAN_POINT('',(0.209223139426,0.155005499949));
#10109 = CARTESIAN_POINT('',(0.200201645249,0.151538105901));
#10110 = CARTESIAN_POINT('',(0.190212286918,0.148134591571));
#10111 = CARTESIAN_POINT('',(0.179259394236,0.144800281437));
#10112 = CARTESIAN_POINT('',(0.167342483463,0.141539602483));
#10113 = CARTESIAN_POINT('',(0.154468314322,0.13835895366));
#10114 = CARTESIAN_POINT('',(0.140609536607,0.135257743423));
#10115 = CARTESIAN_POINT('',(0.125860166836,0.132261724445));
#10116 = CARTESIAN_POINT('',(0.110298801784,0.129385424091));
#10117 = CARTESIAN_POINT('',(9.392172309406E-02,0.126626377404));
#10118 = CARTESIAN_POINT('',(7.674380498272E-02,0.123986672471));
#10119 = CARTESIAN_POINT('',(5.877154435688E-02,0.121467177388));
#10120 = CARTESIAN_POINT('',(4.001039675362E-02,0.119069087039));
#10121 = CARTESIAN_POINT('',(2.046326986879E-02,0.116793509006));
#10122 = CARTESIAN_POINT('',(6.908225808213E-03,0.115358885072));
#10123 = CARTESIAN_POINT('',(0.,0.114662367371));
#10124 = ( GEOMETRIC_REPRESENTATION_CONTEXT(2) 
PARAMETRIC_REPRESENTATION_CONTEXT() REPRESENTATION_CONTEXT('2D SPACE',''
  ) );
#10125 = ORIENTED_EDGE('',*,*,#10126,.T.);
#10126 = EDGE_CURVE('',#10032,#6919,#10127,.T.);
#10127 = SURFACE_CURVE('',#10128,(#10135,#10141),.PCURVE_S1.);
#10128 = B_SPLINE_CURVE_WITH_KNOTS('',3,(#10129,#10130,#10131,#10132,
    #10133,#10134),.UNSPECIFIED.,.F.,.F.,(4,2,4),(1.114889756458,
    1.13467422529,1.145726776201),.UNSPECIFIED.);
#10129 = CARTESIAN_POINT('',(8.064508237451,-5.964388270035,
    -0.228681378838));
#10130 = CARTESIAN_POINT('',(8.099424362339,-5.916880914089,
    -0.189480952615));
#10131 = CARTESIAN_POINT('',(8.138420551038,-5.868196927936,
    -0.156853750693));
#10132 = CARTESIAN_POINT('',(8.200277819837,-5.796841334289,
    -0.116259968149));
#10133 = CARTESIAN_POINT('',(8.223138870632,-5.771567426588,
    -0.103368962902));
#10134 = CARTESIAN_POINT('',(8.24664219889,-5.746642204077,
    -9.187683366405E-02));
#10135 = PCURVE('',#6934,#10136);
#10136 = DEFINITIONAL_REPRESENTATION('',(#10137),#10140);
#10137 = B_SPLINE_CURVE_WITH_KNOTS('',1,(#10138,#10139),.UNSPECIFIED.,
  .F.,.F.,(2,2),(1.114889756458,1.145726776201),
  .PIECEWISE_BEZIER_KNOTS.);
#10138 = CARTESIAN_POINT('',(5.187900427636E-02,-2.939508237451));
#10139 = CARTESIAN_POINT('',(0.309748155326,-3.12164219889));
#10140 = ( GEOMETRIC_REPRESENTATION_CONTEXT(2) 
PARAMETRIC_REPRESENTATION_CONTEXT() REPRESENTATION_CONTEXT('2D SPACE',''
  ) );
#10141 = PCURVE('',#6963,#10142);
#10142 = DEFINITIONAL_REPRESENTATION('',(#10143),#10169);
#10143 = B_SPLINE_CURVE_WITH_KNOTS('',3,(#10144,#10145,#10146,#10147,
    #10148,#10149,#10150,#10151,#10152,#10153,#10154,#10155,#10156,
    #10157,#10158,#10159,#10160,#10161,#10162,#10163,#10164,#10165,
    #10166,#10167,#10168),.UNSPECIFIED.,.F.,.F.,(4,1,1,1,1,1,1,1,1,1,1,1
    ,1,1,1,1,1,1,1,1,1,1,4),(1.114889756458,1.116291439174,
    1.117693121889,1.119094804605,1.12049648732,1.121898170036,
    1.123299852752,1.124701535467,1.126103218183,1.127504900898,
    1.128906583614,1.13030826633,1.131709949045,1.133111631761,
    1.134513314476,1.135914997192,1.137316679907,1.138718362623,
    1.140120045339,1.141521728054,1.14292341077,1.144325093485,
    1.145726776201),.QUASI_UNIFORM_KNOTS.);
#10144 = CARTESIAN_POINT('',(2.449582582825,2.771318621162));
#10145 = CARTESIAN_POINT('',(2.448207338526,2.774095877156));
#10146 = CARTESIAN_POINT('',(2.445445892908,2.779584318096));
#10147 = CARTESIAN_POINT('',(2.441274454017,2.787618832954));
#10148 = CARTESIAN_POINT('',(2.43707734594,2.795455273918));
#10149 = CARTESIAN_POINT('',(2.432858167565,2.803093692408));
#10150 = CARTESIAN_POINT('',(2.428620515736,2.810534125662));
#10151 = CARTESIAN_POINT('',(2.424367984759,2.817776594429));
#10152 = CARTESIAN_POINT('',(2.420104165617,2.824821103982));
#10153 = CARTESIAN_POINT('',(2.415832647014,2.83166764143));
#10154 = CARTESIAN_POINT('',(2.411557009245,2.838316184715));
#10155 = CARTESIAN_POINT('',(2.407280844875,2.844766668794));
#10156 = CARTESIAN_POINT('',(2.403007679284,2.851019111593));
#10157 = CARTESIAN_POINT('',(2.398741264957,2.857073143913));
#10158 = CARTESIAN_POINT('',(2.394484480974,2.862929763975));
#10159 = CARTESIAN_POINT('',(2.39024343805,2.868584789649));
#10160 = CARTESIAN_POINT('',(2.386012156328,2.874053295525));
#10161 = CARTESIAN_POINT('',(2.381770228088,2.879371151232));
#10162 = CARTESIAN_POINT('',(2.377523044081,2.884533183953));
#10163 = CARTESIAN_POINT('',(2.373269339436,2.889544810944));
#10164 = CARTESIAN_POINT('',(2.369009633472,2.894408610838));
#10165 = CARTESIAN_POINT('',(2.36474396823,2.899127921851));
#10166 = CARTESIAN_POINT('',(2.360472514389,2.903705877644));
#10167 = CARTESIAN_POINT('',(2.357621110733,2.9066657363));
#10168 = CARTESIAN_POINT('',(2.356194491397,2.908123166336));
#10169 = ( GEOMETRIC_REPRESENTATION_CONTEXT(2) 
PARAMETRIC_REPRESENTATION_CONTEXT() REPRESENTATION_CONTEXT('2D SPACE',''
  ) );
#10170 = ORIENTED_EDGE('',*,*,#6918,.F.);
#10171 = ADVANCED_FACE('',(#10172),#6963,.T.);
#10172 = FACE_BOUND('',#10173,.T.);
#10173 = EDGE_LOOP('',(#10174,#10175,#10198,#10222,#10243));
#10174 = ORIENTED_EDGE('',*,*,#6945,.T.);
#10175 = ORIENTED_EDGE('',*,*,#10176,.F.);
#10176 = EDGE_CURVE('',#10177,#6946,#10179,.T.);
#10177 = VERTEX_POINT('',#10178);
#10178 = CARTESIAN_POINT('',(8.646453866321,-5.728813527573,
    -2.999999999883));
#10179 = SURFACE_CURVE('',#10180,(#10185,#10191),.PCURVE_S1.);
#10180 = B_SPLINE_CURVE_WITH_KNOTS('',3,(#10181,#10182,#10183,#10184),
  .UNSPECIFIED.,.F.,.F.,(4,4),(0.100386528687,0.378587524354),
  .PIECEWISE_BEZIER_KNOTS.);
#10181 = CARTESIAN_POINT('',(8.646453840246,-5.72881354004,
    -3.00000000073));
#10182 = CARTESIAN_POINT('',(8.585264652218,-5.674345520087,
    -2.076231910905));
#10183 = CARTESIAN_POINT('',(8.524638556933,-5.619543400605,
    -1.152458454643));
#10184 = CARTESIAN_POINT('',(8.464388273479,-5.564508234275,
    -0.228681376007));
#10185 = PCURVE('',#6963,#10186);
#10186 = DEFINITIONAL_REPRESENTATION('',(#10187),#10190);
#10187 = B_SPLINE_CURVE_WITH_KNOTS('',1,(#10188,#10189),.UNSPECIFIED.,
  .F.,.F.,(2,2),(0.100386528687,0.378587524354),
  .PIECEWISE_BEZIER_KNOTS.);
#10188 = CARTESIAN_POINT('',(2.250136978133,-1.419381567515E-10));
#10189 = CARTESIAN_POINT('',(2.262806396017,2.771318623993));
#10190 = ( GEOMETRIC_REPRESENTATION_CONTEXT(2) 
PARAMETRIC_REPRESENTATION_CONTEXT() REPRESENTATION_CONTEXT('2D SPACE',''
  ) );
#10191 = PCURVE('',#7042,#10192);
#10192 = DEFINITIONAL_REPRESENTATION('',(#10193),#10197);
#10193 = LINE('',#10194,#10195);
#10194 = CARTESIAN_POINT('',(-2.417332919419E-14,-1.665334536938E-16));
#10195 = VECTOR('',#10196,1.);
#10196 = DIRECTION('',(6.791246741951E-14,1.));
#10197 = ( GEOMETRIC_REPRESENTATION_CONTEXT(2) 
PARAMETRIC_REPRESENTATION_CONTEXT() REPRESENTATION_CONTEXT('2D SPACE',''
  ) );
#10198 = ORIENTED_EDGE('',*,*,#10199,.F.);
#10199 = EDGE_CURVE('',#10200,#10177,#10202,.T.);
#10200 = VERTEX_POINT('',#10201);
#10201 = CARTESIAN_POINT('',(8.228813527573,-6.146453866322,
    -2.999999999887));
#10202 = SURFACE_CURVE('',#10203,(#10208,#10215),.PCURVE_S1.);
#10203 = CIRCLE('',#10204,2.789718885006);
#10204 = AXIS2_PLACEMENT_3D('',#10205,#10206,#10207);
#10205 = CARTESIAN_POINT('',(10.399178971877,-7.899178971877,-3.));
#10206 = DIRECTION('',(0.,0.,-1.));
#10207 = DIRECTION('',(1.,0.,0.));
#10208 = PCURVE('',#6963,#10209);
#10209 = DEFINITIONAL_REPRESENTATION('',(#10210),#10214);
#10210 = LINE('',#10211,#10212);
#10211 = CARTESIAN_POINT('',(6.28318530718,3.855764100601E-17));
#10212 = VECTOR('',#10213,1.);
#10213 = DIRECTION('',(-1.,0.));
#10214 = ( GEOMETRIC_REPRESENTATION_CONTEXT(2) 
PARAMETRIC_REPRESENTATION_CONTEXT() REPRESENTATION_CONTEXT('2D SPACE',''
  ) );
#10215 = PCURVE('',#9760,#10216);
#10216 = DEFINITIONAL_REPRESENTATION('',(#10217),#10221);
#10217 = CIRCLE('',#10218,2.789718885006);
#10218 = AXIS2_PLACEMENT_2D('',#10219,#10220);
#10219 = CARTESIAN_POINT('',(0.591576412107,0.591576412107));
#10220 = DIRECTION('',(1.,0.));
#10221 = ( GEOMETRIC_REPRESENTATION_CONTEXT(2) 
PARAMETRIC_REPRESENTATION_CONTEXT() REPRESENTATION_CONTEXT('2D SPACE',''
  ) );
#10222 = ORIENTED_EDGE('',*,*,#10223,.F.);
#10223 = EDGE_CURVE('',#10032,#10200,#10224,.T.);
#10224 = SURFACE_CURVE('',#10225,(#10230,#10236),.PCURVE_S1.);
#10225 = B_SPLINE_CURVE_WITH_KNOTS('',3,(#10226,#10227,#10228,#10229),
  .UNSPECIFIED.,.F.,.F.,(4,4),(0.114662367371,0.392863363181),
  .PIECEWISE_BEZIER_KNOTS.);
#10226 = CARTESIAN_POINT('',(8.06450823419,-5.964388273388,
    -0.228681374598));
#10227 = CARTESIAN_POINT('',(8.119543400548,-6.024638556872,
    -1.152458453706));
#10228 = CARTESIAN_POINT('',(8.174345520058,-6.085264652188,
    -2.076231910438));
#10229 = CARTESIAN_POINT('',(8.22881354004,-6.146453840247,
    -3.000000000734));
#10230 = PCURVE('',#6963,#10231);
#10231 = DEFINITIONAL_REPRESENTATION('',(#10232),#10235);
#10232 = B_SPLINE_CURVE_WITH_KNOTS('',1,(#10233,#10234),.UNSPECIFIED.,
  .F.,.F.,(2,2),(0.114662367371,0.392863363181),
  .PIECEWISE_BEZIER_KNOTS.);
#10233 = CARTESIAN_POINT('',(2.449582584362,2.771318625402));
#10234 = CARTESIAN_POINT('',(2.462252002252,-1.462111127114E-10));
#10235 = ( GEOMETRIC_REPRESENTATION_CONTEXT(2) 
PARAMETRIC_REPRESENTATION_CONTEXT() REPRESENTATION_CONTEXT('2D SPACE',''
  ) );
#10236 = PCURVE('',#10076,#10237);
#10237 = DEFINITIONAL_REPRESENTATION('',(#10238),#10242);
#10238 = LINE('',#10239,#10240);
#10239 = CARTESIAN_POINT('',(-9.624147477238E-16,-5.551115123126E-17));
#10240 = VECTOR('',#10241,1.);
#10241 = DIRECTION('',(2.229737584368E-14,1.));
#10242 = ( GEOMETRIC_REPRESENTATION_CONTEXT(2) 
PARAMETRIC_REPRESENTATION_CONTEXT() REPRESENTATION_CONTEXT('2D SPACE',''
  ) );
#10243 = ORIENTED_EDGE('',*,*,#10126,.T.);
#10244 = ADVANCED_FACE('',(#10245),#7042,.F.);
#10245 = FACE_BOUND('',#10246,.F.);
#10246 = EDGE_LOOP('',(#10247,#10248,#10249,#10250,#10411,#10412,#10413,
    #10414));
#10247 = ORIENTED_EDGE('',*,*,#9433,.T.);
#10248 = ORIENTED_EDGE('',*,*,#6997,.F.);
#10249 = ORIENTED_EDGE('',*,*,#10176,.F.);
#10250 = ORIENTED_EDGE('',*,*,#10251,.F.);
#10251 = EDGE_CURVE('',#9745,#10177,#10252,.T.);
#10252 = SURFACE_CURVE('',#10253,(#10294,#10367),.PCURVE_S1.);
#10253 = B_SPLINE_CURVE_WITH_KNOTS('',3,(#10254,#10255,#10256,#10257,
    #10258,#10259,#10260,#10261,#10262,#10263,#10264,#10265,#10266,
    #10267,#10268,#10269,#10270,#10271,#10272,#10273,#10274,#10275,
    #10276,#10277,#10278,#10279,#10280,#10281,#10282,#10283,#10284,
    #10285,#10286,#10287,#10288,#10289,#10290,#10291,#10292,#10293),
  .UNSPECIFIED.,.F.,.F.,(4,3,3,3,3,3,3,3,3,3,3,3,3,4),(0.,
    1.32464580754E-02,2.668040207135E-02,3.936255589331E-02,
    5.276201427963E-02,6.320048818793E-02,7.665188854967E-02,
    7.864497642745E-02,9.198380784269E-02,0.105419297969,0.112958301819,
    0.12639910904,0.139531172458,0.147241710802),.UNSPECIFIED.);
#10254 = CARTESIAN_POINT('',(9.984872425454,-5.802155806015,-3.));
#10255 = CARTESIAN_POINT('',(9.953650224348,-5.770933604909,-3.));
#10256 = CARTESIAN_POINT('',(9.920403161222,-5.741913457562,
    -3.000001219127));
#10257 = CARTESIAN_POINT('',(9.88543432539,-5.715193389884,
    -3.000003444234));
#10258 = CARTESIAN_POINT('',(9.849970552394,-5.688095135338,
    -3.000005700833));
#10259 = CARTESIAN_POINT('',(9.812734942402,-5.663361893595,
    -3.000009092716));
#10260 = CARTESIAN_POINT('',(9.77400750677,-5.641135096795,
    -3.000013208803));
#10261 = CARTESIAN_POINT('',(9.737447335315,-5.620152155666,
    -3.000017094545));
#10262 = CARTESIAN_POINT('',(9.699556597332,-5.601402882335,
    -3.000021696353));
#10263 = CARTESIAN_POINT('',(9.660554034309,-5.585045407702,
    -3.000025282109));
#10264 = CARTESIAN_POINT('',(9.619345480342,-5.567762751796,
    -3.000029070675));
#10265 = CARTESIAN_POINT('',(9.577158654887,-5.55325999394,
    -3.000031929957));
#10266 = CARTESIAN_POINT('',(9.534274583909,-5.541666690316,
    -3.000030278784));
#10267 = CARTESIAN_POINT('',(9.500866945847,-5.532635250843,
    -3.000028992484));
#10268 = CARTESIAN_POINT('',(9.467035355433,-5.525370228054,
    -3.000024973318));
#10269 = CARTESIAN_POINT('',(9.432905212656,-5.519953506025,
    -3.000015708931));
#10270 = CARTESIAN_POINT('',(9.388923858779,-5.512973319333,
    -3.000003770503));
#10271 = CARTESIAN_POINT('',(9.344446036357,-5.509060759517,
    -2.999983266905));
#10272 = CARTESIAN_POINT('',(9.299754965456,-5.508151425798,
    -2.999962804858));
#10273 = CARTESIAN_POINT('',(9.293133109793,-5.508016690234,
    -2.999959773006));
#10274 = CARTESIAN_POINT('',(9.286506583187,-5.507947980509,
    -2.99995673565));
#10275 = CARTESIAN_POINT('',(9.279876323161,-5.507945182495,
    -2.999953713846));
#10276 = CARTESIAN_POINT('',(9.235503005901,-5.50792645666,
    -2.999933490283));
#10277 = CARTESIAN_POINT('',(9.191231243147,-5.510855722072,
    -2.99991457463));
#10278 = CARTESIAN_POINT('',(9.147339374655,-5.516622062868,
    -2.999901871632));
#10279 = CARTESIAN_POINT('',(9.103129447459,-5.522430188963,
    -2.999889076583));
#10280 = CARTESIAN_POINT('',(9.059303801359,-5.531116880475,
    -2.999882641491));
#10281 = CARTESIAN_POINT('',(9.016151402069,-5.542620572135,
    -2.999884074812));
#10282 = CARTESIAN_POINT('',(8.991937465601,-5.549075593491,
    -2.999884879086));
#10283 = CARTESIAN_POINT('',(8.967935686252,-5.556418491354,
    -2.999888093265));
#10284 = CARTESIAN_POINT('',(8.944199804698,-5.564645064143,
    -2.999893401309));
#10285 = CARTESIAN_POINT('',(8.901882621343,-5.579311693999,
    -2.999902864679));
#10286 = CARTESIAN_POINT('',(8.860656141551,-5.596698917778,
    -2.999919265159));
#10287 = CARTESIAN_POINT('',(8.820803639044,-5.616725266429,
    -2.99993751065));
#10288 = CARTESIAN_POINT('',(8.781866573608,-5.636291597244,
    -2.99995533703));
#10289 = CARTESIAN_POINT('',(8.744240107175,-5.658377642659,
    -2.999974958178));
#10290 = CARTESIAN_POINT('',(8.708208465081,-5.682951672478,
    -2.999987624818));
#10291 = CARTESIAN_POINT('',(8.687052356624,-5.697380402613,
    -2.999995062082));
#10292 = CARTESIAN_POINT('',(8.66644651293,-5.712667665871,
    -3.00000002386));
#10293 = CARTESIAN_POINT('',(8.646453840213,-5.728813540011,
    -3.000000000237));
#10294 = PCURVE('',#7042,#10295);
#10295 = DEFINITIONAL_REPRESENTATION('',(#10296),#10366);
#10296 = B_SPLINE_CURVE_WITH_KNOTS('',3,(#10297,#10298,#10299,#10300,
    #10301,#10302,#10303,#10304,#10305,#10306,#10307,#10308,#10309,
    #10310,#10311,#10312,#10313,#10314,#10315,#10316,#10317,#10318,
    #10319,#10320,#10321,#10322,#10323,#10324,#10325,#10326,#10327,
    #10328,#10329,#10330,#10331,#10332,#10333,#10334,#10335,#10336,
    #10337,#10338,#10339,#10340,#10341,#10342,#10343,#10344,#10345,
    #10346,#10347,#10348,#10349,#10350,#10351,#10352,#10353,#10354,
    #10355,#10356,#10357,#10358,#10359,#10360,#10361,#10362,#10363,
    #10364,#10365),.UNSPECIFIED.,.F.,.F.,(4,1,1,1,1,1,1,1,1,1,1,1,1,1,1,
    1,1,1,1,1,1,1,1,1,1,1,1,1,1,1,1,1,1,1,1,1,1,1,1,1,1,1,1,1,1,1,1,1,1,
    1,1,1,1,1,1,1,1,1,1,1,1,1,1,1,1,1,4),(0.,2.230935012145E-03,
    4.46187002429E-03,6.692805036435E-03,8.92374004858E-03,
    1.115467506072E-02,1.338561007287E-02,1.561654508501E-02,
    1.784748009716E-02,2.00784151093E-02,2.230935012145E-02,
    2.454028513359E-02,2.677122014574E-02,2.900215515788E-02,
    3.123309017003E-02,3.346402518217E-02,3.569496019432E-02,
    3.792589520646E-02,4.015683021861E-02,4.238776523075E-02,
    4.46187002429E-02,4.684963525504E-02,4.908057026719E-02,
    5.131150527933E-02,5.354244029148E-02,5.577337530362E-02,
    5.800431031577E-02,6.023524532791E-02,6.246618034006E-02,
    6.46971153522E-02,6.692805036435E-02,6.915898537649E-02,
    7.138992038864E-02,7.362085540078E-02,7.585179041293E-02,
    7.808272542507E-02,8.031366043722E-02,8.254459544936E-02,
    8.477553046151E-02,8.700646547365E-02,8.92374004858E-02,
    9.146833549794E-02,9.369927051009E-02,9.593020552223E-02,
    9.816114053438E-02,0.100392075547,0.102623010559,0.104853945571,
    0.107084880583,0.109315815595,0.111546750607,0.113777685619,
    0.116008620632,0.118239555644,0.120470490656,0.122701425668,
    0.12493236068,0.127163295692,0.129394230704,0.131625165717,
    0.133856100729,0.136087035741,0.138317970753,0.140548905765,
    0.142779840777,0.145010775789,0.147241710802),
  .QUASI_UNIFORM_KNOTS.);
#10297 = CARTESIAN_POINT('',(1.,9.163728418111E-02));
#10298 = CARTESIAN_POINT('',(0.994942395098,9.170246367548E-02));
#10299 = CARTESIAN_POINT('',(0.984832573667,9.183275333526E-02));
#10300 = CARTESIAN_POINT('',(0.969682110042,9.20279091945E-02));
#10301 = CARTESIAN_POINT('',(0.954544009835,9.222271577947E-02));
#10302 = CARTESIAN_POINT('',(0.939416397713,9.241710244716E-02));
#10303 = CARTESIAN_POINT('',(0.924297421014,9.261099855521E-02));
#10304 = CARTESIAN_POINT('',(0.909185303666,9.2804333462E-02));
#10305 = CARTESIAN_POINT('',(0.894078194374,9.299703652626E-02));
#10306 = CARTESIAN_POINT('',(0.878974194915,9.318903710372E-02));
#10307 = CARTESIAN_POINT('',(0.863871470906,9.33802645503E-02));
#10308 = CARTESIAN_POINT('',(0.848768158024,9.357064822515E-02));
#10309 = CARTESIAN_POINT('',(0.833662390352,9.376011747823E-02));
#10310 = CARTESIAN_POINT('',(0.818552331178,9.394860169665E-02));
#10311 = CARTESIAN_POINT('',(0.803436069917,9.41360301312E-02));
#10312 = CARTESIAN_POINT('',(0.788311757775,9.432233253916E-02));
#10313 = CARTESIAN_POINT('',(0.773177729414,9.45074367791E-02));
#10314 = CARTESIAN_POINT('',(0.758031660896,9.469127779952E-02));
#10315 = CARTESIAN_POINT('',(0.742873420109,9.487376409107E-02));
#10316 = CARTESIAN_POINT('',(0.727694555998,9.505490288864E-02));
#10317 = CARTESIAN_POINT('',(0.71252979622,9.523418595983E-02));
#10318 = CARTESIAN_POINT('',(0.697378149725,9.541154273989E-02));
#10319 = CARTESIAN_POINT('',(0.68223746984,9.558691533287E-02));
#10320 = CARTESIAN_POINT('',(0.667105947318,9.576024244854E-02));
#10321 = CARTESIAN_POINT('',(0.651981709183,9.593146370643E-02));
#10322 = CARTESIAN_POINT('',(0.636862980424,9.610051848298E-02));
#10323 = CARTESIAN_POINT('',(0.621747845428,9.626734621914E-02));
#10324 = CARTESIAN_POINT('',(0.606634437809,9.643188633773E-02));
#10325 = CARTESIAN_POINT('',(0.591520890297,9.659407826708E-02));
#10326 = CARTESIAN_POINT('',(0.576405334387,9.675386143279E-02));
#10327 = CARTESIAN_POINT('',(0.561285890257,9.691117526788E-02));
#10328 = CARTESIAN_POINT('',(0.546160654174,9.706595918109E-02));
#10329 = CARTESIAN_POINT('',(0.531027842049,9.721815266784E-02));
#10330 = CARTESIAN_POINT('',(0.515885624929,9.736769489747E-02));
#10331 = CARTESIAN_POINT('',(0.500732025607,9.751452625789E-02));
#10332 = CARTESIAN_POINT('',(0.485565517647,9.765858259106E-02));
#10333 = CARTESIAN_POINT('',(0.470382789174,9.779981670705E-02));
#10334 = CARTESIAN_POINT('',(0.4551872399,9.793811809013E-02));
#10335 = CARTESIAN_POINT('',(0.440009211922,9.807314094955E-02));
#10336 = CARTESIAN_POINT('',(0.424839717768,9.820490898944E-02));
#10337 = CARTESIAN_POINT('',(0.409678749224,9.833336155691E-02));
#10338 = CARTESIAN_POINT('',(0.394523915479,9.84584606027E-02));
#10339 = CARTESIAN_POINT('',(0.379373506769,9.858016202106E-02));
#10340 = CARTESIAN_POINT('',(0.364225656186,9.869842332836E-02));
#10341 = CARTESIAN_POINT('',(0.349078420687,9.881320160711E-02));
#10342 = CARTESIAN_POINT('',(0.333929967901,9.892445405302E-02));
#10343 = CARTESIAN_POINT('',(0.318778411423,9.903213784525E-02));
#10344 = CARTESIAN_POINT('',(0.303621870961,9.913621011668E-02));
#10345 = CARTESIAN_POINT('',(0.288458424949,9.923662820078E-02));
#10346 = CARTESIAN_POINT('',(0.273286288536,9.933334867224E-02));
#10347 = CARTESIAN_POINT('',(0.258103184793,9.942633093833E-02));
#10348 = CARTESIAN_POINT('',(0.242908819385,9.951552384127E-02));
#10349 = CARTESIAN_POINT('',(0.227695458115,9.960091564985E-02));
#10350 = CARTESIAN_POINT('',(0.212494835977,9.968228148042E-02));
#10351 = CARTESIAN_POINT('',(0.197305479326,9.975960084765E-02));
#10352 = CARTESIAN_POINT('',(0.182125356177,9.983285339337E-02));
#10353 = CARTESIAN_POINT('',(0.166952606379,9.990201872426E-02));
#10354 = CARTESIAN_POINT('',(0.15178534479,9.996707645537E-02));
#10355 = CARTESIAN_POINT('',(0.136621768405,0.100028006198));
#10356 = CARTESIAN_POINT('',(0.121459929503,0.100084787564));
#10357 = CARTESIAN_POINT('',(0.106297969624,0.100137400171));
#10358 = CARTESIAN_POINT('',(9.113401450481E-02,0.100185823634));
#10359 = CARTESIAN_POINT('',(7.596617190178E-02,0.100230037565));
#10360 = CARTESIAN_POINT('',(6.079254526205E-02,0.100270021578));
#10361 = CARTESIAN_POINT('',(4.561124338413E-02,0.100305755285));
#10362 = CARTESIAN_POINT('',(3.042038266922E-02,0.100337218299));
#10363 = CARTESIAN_POINT('',(1.521811392487E-02,0.100364390237));
#10364 = CARTESIAN_POINT('',(5.074393535496E-03,0.100379630553));
#10365 = CARTESIAN_POINT('',(0.,0.100386528736));
#10366 = ( GEOMETRIC_REPRESENTATION_CONTEXT(2) 
PARAMETRIC_REPRESENTATION_CONTEXT() REPRESENTATION_CONTEXT('2D SPACE',''
  ) );
#10367 = PCURVE('',#9760,#10368);
#10368 = DEFINITIONAL_REPRESENTATION('',(#10369),#10410);
#10369 = B_SPLINE_CURVE_WITH_KNOTS('',3,(#10370,#10371,#10372,#10373,
    #10374,#10375,#10376,#10377,#10378,#10379,#10380,#10381,#10382,
    #10383,#10384,#10385,#10386,#10387,#10388,#10389,#10390,#10391,
    #10392,#10393,#10394,#10395,#10396,#10397,#10398,#10399,#10400,
    #10401,#10402,#10403,#10404,#10405,#10406,#10407,#10408,#10409),
  .UNSPECIFIED.,.F.,.F.,(4,3,3,3,3,3,3,3,3,3,3,3,3,4),(0.,
    1.32464580754E-02,2.668040207135E-02,3.936255589331E-02,
    5.276201427963E-02,6.320048818793E-02,7.665188854967E-02,
    7.864497642745E-02,9.198380784269E-02,0.105419297969,0.112958301819,
    0.12639910904,0.139531172458,0.147241710802),.UNSPECIFIED.);
#10370 = CARTESIAN_POINT('',(0.177269865684,-1.505446753755));
#10371 = CARTESIAN_POINT('',(0.146047664578,-1.536668954861));
#10372 = CARTESIAN_POINT('',(0.112800601452,-1.565689102208));
#10373 = CARTESIAN_POINT('',(7.78317656194E-02,-1.592409169886));
#10374 = CARTESIAN_POINT('',(4.2367992624E-02,-1.619507424432));
#10375 = CARTESIAN_POINT('',(5.132382631302E-03,-1.644240666175));
#10376 = CARTESIAN_POINT('',(-3.35950530004E-02,-1.666467462976));
#10377 = CARTESIAN_POINT('',(-7.01552244556E-02,-1.687450404104));
#10378 = CARTESIAN_POINT('',(-0.108045962438,-1.706199677436));
#10379 = CARTESIAN_POINT('',(-0.147048525461,-1.722557152069));
#10380 = CARTESIAN_POINT('',(-0.188257079428,-1.739839807975));
#10381 = CARTESIAN_POINT('',(-0.230443904883,-1.754342565831));
#10382 = CARTESIAN_POINT('',(-0.273327975862,-1.765935869454));
#10383 = CARTESIAN_POINT('',(-0.306735613923,-1.774967308927));
#10384 = CARTESIAN_POINT('',(-0.340567204338,-1.782232331716));
#10385 = CARTESIAN_POINT('',(-0.374697347114,-1.787649053745));
#10386 = CARTESIAN_POINT('',(-0.418678700991,-1.794629240438));
#10387 = CARTESIAN_POINT('',(-0.463156523413,-1.798541800253));
#10388 = CARTESIAN_POINT('',(-0.507847594314,-1.799451133973));
#10389 = CARTESIAN_POINT('',(-0.514469449977,-1.799585869537));
#10390 = CARTESIAN_POINT('',(-0.521095976583,-1.799654579261));
#10391 = CARTESIAN_POINT('',(-0.527726236609,-1.799657377275));
#10392 = CARTESIAN_POINT('',(-0.572099553869,-1.79967610311));
#10393 = CARTESIAN_POINT('',(-0.616371316623,-1.796746837698));
#10394 = CARTESIAN_POINT('',(-0.660263185115,-1.790980496903));
#10395 = CARTESIAN_POINT('',(-0.704473112311,-1.785172370808));
#10396 = CARTESIAN_POINT('',(-0.748298758411,-1.776485679295));
#10397 = CARTESIAN_POINT('',(-0.791451157701,-1.764981987635));
#10398 = CARTESIAN_POINT('',(-0.81566509417,-1.758526966279));
#10399 = CARTESIAN_POINT('',(-0.839666873518,-1.751184068416));
#10400 = CARTESIAN_POINT('',(-0.863402755072,-1.742957495628));
#10401 = CARTESIAN_POINT('',(-0.905719938427,-1.728290865772));
#10402 = CARTESIAN_POINT('',(-0.94694641822,-1.710903641992));
#10403 = CARTESIAN_POINT('',(-0.986798920726,-1.690877293341));
#10404 = CARTESIAN_POINT('',(-1.025735986162,-1.671310962526));
#10405 = CARTESIAN_POINT('',(-1.063362452595,-1.649224917112));
#10406 = CARTESIAN_POINT('',(-1.099394094689,-1.624650887292));
#10407 = CARTESIAN_POINT('',(-1.120550203147,-1.610222157157));
#10408 = CARTESIAN_POINT('',(-1.14115604684,-1.594934893899));
#10409 = CARTESIAN_POINT('',(-1.161148719557,-1.578789019759));
#10410 = ( GEOMETRIC_REPRESENTATION_CONTEXT(2) 
PARAMETRIC_REPRESENTATION_CONTEXT() REPRESENTATION_CONTEXT('2D SPACE',''
  ) );
#10411 = ORIENTED_EDGE('',*,*,#9772,.F.);
#10412 = ORIENTED_EDGE('',*,*,#9170,.T.);
#10413 = ORIENTED_EDGE('',*,*,#9277,.T.);
#10414 = ORIENTED_EDGE('',*,*,#9409,.F.);
#10415 = ADVANCED_FACE('',(#10416),#7627,.T.);
#10416 = FACE_BOUND('',#10417,.T.);
#10417 = EDGE_LOOP('',(#10418,#10419,#10420,#10441));
#10418 = ORIENTED_EDGE('',*,*,#7612,.F.);
#10419 = ORIENTED_EDGE('',*,*,#7954,.T.);
#10420 = ORIENTED_EDGE('',*,*,#10421,.T.);
#10421 = EDGE_CURVE('',#7932,#7854,#10422,.T.);
#10422 = SURFACE_CURVE('',#10423,(#10427,#10434),.PCURVE_S1.);
#10423 = LINE('',#10424,#10425);
#10424 = CARTESIAN_POINT('',(-1.5,3.333974596216,0.182693613866));
#10425 = VECTOR('',#10426,1.);
#10426 = DIRECTION('',(1.,0.,0.));
#10427 = PCURVE('',#7627,#10428);
#10428 = DEFINITIONAL_REPRESENTATION('',(#10429),#10433);
#10429 = LINE('',#10430,#10431);
#10430 = CARTESIAN_POINT('',(0.,-0.7));
#10431 = VECTOR('',#10432,1.);
#10432 = DIRECTION('',(1.,0.));
#10433 = ( GEOMETRIC_REPRESENTATION_CONTEXT(2) 
PARAMETRIC_REPRESENTATION_CONTEXT() REPRESENTATION_CONTEXT('2D SPACE',''
  ) );
#10434 = PCURVE('',#7892,#10435);
#10435 = DEFINITIONAL_REPRESENTATION('',(#10436),#10440);
#10436 = LINE('',#10437,#10438);
#10437 = CARTESIAN_POINT('',(-1.5,-0.866025403784));
#10438 = VECTOR('',#10439,1.);
#10439 = DIRECTION('',(1.,0.));
#10440 = ( GEOMETRIC_REPRESENTATION_CONTEXT(2) 
PARAMETRIC_REPRESENTATION_CONTEXT() REPRESENTATION_CONTEXT('2D SPACE',''
  ) );
#10441 = ORIENTED_EDGE('',*,*,#7853,.F.);
#10442 = ADVANCED_FACE('',(#10443),#7761,.T.);
#10443 = FACE_BOUND('',#10444,.T.);
#10444 = EDGE_LOOP('',(#10445,#10467,#10498,#10573,#10574));
#10445 = ORIENTED_EDGE('',*,*,#10446,.T.);
#10446 = EDGE_CURVE('',#7667,#10447,#10449,.T.);
#10447 = VERTEX_POINT('',#10448);
#10448 = CARTESIAN_POINT('',(-6.476399860844E-09,1.550023559739,
    -0.856984633657));
#10449 = SEAM_CURVE('',#10450,(#10455,#10461),.PCURVE_S1.);
#10450 = CIRCLE('',#10451,0.5);
#10451 = AXIS2_PLACEMENT_3D('',#10452,#10453,#10454);
#10452 = CARTESIAN_POINT('',(-6.476399860844E-09,2.048120908785,
    -0.900562505031));
#10453 = DIRECTION('',(1.,4.476774707595E-15,2.162465623294E-16));
#10454 = DIRECTION('',(-4.437342591868E-31,-4.82478423742E-02,
    0.9988353947));
#10455 = PCURVE('',#7761,#10456);
#10456 = DEFINITIONAL_REPRESENTATION('',(#10457),#10460);
#10457 = B_SPLINE_CURVE_WITH_KNOTS('',1,(#10458,#10459),.UNSPECIFIED.,
  .F.,.F.,(2,2),(0.,1.435263283194),.PIECEWISE_BEZIER_KNOTS.);
#10458 = CARTESIAN_POINT('',(1.997939372299E-15,0.));
#10459 = CARTESIAN_POINT('',(1.,0.));
#10460 = ( GEOMETRIC_REPRESENTATION_CONTEXT(2) 
PARAMETRIC_REPRESENTATION_CONTEXT() REPRESENTATION_CONTEXT('2D SPACE',''
  ) );
#10461 = PCURVE('',#7761,#10462);
#10462 = DEFINITIONAL_REPRESENTATION('',(#10463),#10466);
#10463 = B_SPLINE_CURVE_WITH_KNOTS('',1,(#10464,#10465),.UNSPECIFIED.,
  .F.,.F.,(2,2),(0.,1.435263283194),.PIECEWISE_BEZIER_KNOTS.);
#10464 = CARTESIAN_POINT('',(1.997939372299E-15,0.956548426078));
#10465 = CARTESIAN_POINT('',(1.,0.956548426078));
#10466 = ( GEOMETRIC_REPRESENTATION_CONTEXT(2) 
PARAMETRIC_REPRESENTATION_CONTEXT() REPRESENTATION_CONTEXT('2D SPACE',''
  ) );
#10467 = ORIENTED_EDGE('',*,*,#10468,.T.);
#10468 = EDGE_CURVE('',#10447,#10469,#10471,.T.);
#10469 = VERTEX_POINT('',#10470);
#10470 = CARTESIAN_POINT('',(-1.545735581755,-1.8265254662E-04,
    -0.906407839063));
#10471 = SURFACE_CURVE('',#10472,(#10480,#10487),.PCURVE_S1.);
#10472 = B_SPLINE_CURVE_WITH_KNOTS('',3,(#10473,#10474,#10475,#10476,
    #10477,#10478,#10479),.UNSPECIFIED.,.F.,.F.,(4,1,1,1,4),(0.,
    6.832488757698E-02,0.136649775154,0.204974662731,0.239136530108),
  .UNSPECIFIED.);
#10473 = CARTESIAN_POINT('',(-6.476399860844E-09,1.550023559739,
    -0.856984633657));
#10474 = CARTESIAN_POINT('',(-0.231661573734,1.550023559739,
    -0.856984633657));
#10475 = CARTESIAN_POINT('',(-0.694360891457,1.443765881864,
    -0.864114799783));
#10476 = CARTESIAN_POINT('',(-1.251332732992,0.997908680004,
    -0.888103895019));
#10477 = CARTESIAN_POINT('',(-1.505635858877,0.464030752503,
    -0.903870662272));
#10478 = CARTESIAN_POINT('',(-1.54538869504,0.115818038399,
    -0.906376247132));
#10479 = CARTESIAN_POINT('',(-1.545735581755,-1.8265254662E-04,
    -0.906407839063));
#10480 = PCURVE('',#7761,#10481);
#10481 = DEFINITIONAL_REPRESENTATION('',(#10482),#10486);
#10482 = LINE('',#10483,#10484);
#10483 = CARTESIAN_POINT('',(1.,0.));
#10484 = VECTOR('',#10485,1.);
#10485 = DIRECTION('',(0.,1.));
#10486 = ( GEOMETRIC_REPRESENTATION_CONTEXT(2) 
PARAMETRIC_REPRESENTATION_CONTEXT() REPRESENTATION_CONTEXT('2D SPACE',''
  ) );
#10487 = PCURVE('',#10488,#10493);
#10488 = CONICAL_SURFACE('',#10489,1.625,8.726646259972E-02);
#10489 = AXIS2_PLACEMENT_3D('',#10490,#10491,#10492);
#10490 = CARTESIAN_POINT('',(-6.476399860844E-09,-2.007283228522E-13,0.)
  );
#10491 = DIRECTION('',(0.,0.,1.));
#10492 = DIRECTION('',(1.,0.,-0.));
#10493 = DEFINITIONAL_REPRESENTATION('',(#10494),#10497);
#10494 = B_SPLINE_CURVE_WITH_KNOTS('',1,(#10495,#10496),.UNSPECIFIED.,
  .F.,.F.,(2,2),(0.,0.239136530108),.PIECEWISE_BEZIER_KNOTS.);
#10495 = CARTESIAN_POINT('',(1.570796326795,-0.856984633657));
#10496 = CARTESIAN_POINT('',(3.141710819044,-0.906404713698));
#10497 = ( GEOMETRIC_REPRESENTATION_CONTEXT(2) 
PARAMETRIC_REPRESENTATION_CONTEXT() REPRESENTATION_CONTEXT('2D SPACE',''
  ) );
#10498 = ORIENTED_EDGE('',*,*,#10499,.T.);
#10499 = EDGE_CURVE('',#10469,#10447,#10500,.T.);
#10500 = SURFACE_CURVE('',#10501,(#10515,#10522),.PCURVE_S1.);
#10501 = B_SPLINE_CURVE_WITH_KNOTS('',3,(#10502,#10503,#10504,#10505,
    #10506,#10507,#10508,#10509,#10510,#10511,#10512,#10513,#10514),
  .UNSPECIFIED.,.F.,.F.,(4,1,1,1,1,1,1,1,1,1,4),(0.239136530108,
    0.273299550308,0.409949325462,0.478274213039,0.546599100616,
    0.614923988193,0.68324887577,0.751573763347,0.819898650924,
    0.888223538501,0.956548426078),.UNSPECIFIED.);
#10502 = CARTESIAN_POINT('',(-1.545735581755,-1.8265254662E-04,
    -0.906407839063));
#10503 = CARTESIAN_POINT('',(-1.546082480176,-0.116187258036,
    -0.90643943206));
#10504 = CARTESIAN_POINT('',(-1.483293917095,-0.695857897127,
    -0.902579209828));
#10505 = CARTESIAN_POINT('',(-0.930865934894,-1.394118467874,
    -0.867966650159));
#10506 = CARTESIAN_POINT('',(1.045600939101E-03,-1.602261030636,
    -0.853375631344));
#10507 = CARTESIAN_POINT('',(0.694077004105,-1.444729930896,
    -0.864128335637));
#10508 = CARTESIAN_POINT('',(1.250562380798,-0.998106391584,
    -0.888034388853));
#10509 = CARTESIAN_POINT('',(1.55834651826,-0.356371358845,
    -0.907256416192));
#10510 = CARTESIAN_POINT('',(1.558170354706,0.355960227499,
    -0.907169469471));
#10511 = CARTESIAN_POINT('',(1.250773723004,0.998198699301,
    -0.88807546597));
#10512 = CARTESIAN_POINT('',(0.694659479772,1.443520389088,
    -0.864142459158));
#10513 = CARTESIAN_POINT('',(0.231661560781,1.550023559739,
    -0.856984633657));
#10514 = CARTESIAN_POINT('',(-6.476399860844E-09,1.550023559739,
    -0.856984633657));
#10515 = PCURVE('',#7761,#10516);
#10516 = DEFINITIONAL_REPRESENTATION('',(#10517),#10521);
#10517 = LINE('',#10518,#10519);
#10518 = CARTESIAN_POINT('',(1.,2.22044604925E-16));
#10519 = VECTOR('',#10520,1.);
#10520 = DIRECTION('',(-3.714094056805E-15,1.));
#10521 = ( GEOMETRIC_REPRESENTATION_CONTEXT(2) 
PARAMETRIC_REPRESENTATION_CONTEXT() REPRESENTATION_CONTEXT('2D SPACE',''
  ) );
#10522 = PCURVE('',#10488,#10523);
#10523 = DEFINITIONAL_REPRESENTATION('',(#10524),#10572);
#10524 = B_SPLINE_CURVE_WITH_KNOTS('',3,(#10525,#10526,#10527,#10528,
    #10529,#10530,#10531,#10532,#10533,#10534,#10535,#10536,#10537,
    #10538,#10539,#10540,#10541,#10542,#10543,#10544,#10545,#10546,
    #10547,#10548,#10549,#10550,#10551,#10552,#10553,#10554,#10555,
    #10556,#10557,#10558,#10559,#10560,#10561,#10562,#10563,#10564,
    #10565,#10566,#10567,#10568,#10569,#10570,#10571),.UNSPECIFIED.,.F.,
  .F.,(4,1,1,1,1,1,1,1,1,1,1,1,1,1,1,1,1,1,1,1,1,1,1,1,1,1,1,1,1,1,1,1,1
    ,1,1,1,1,1,1,1,1,1,1,1,4),(0.239136530108,0.255441345926,
    0.271746161743,0.288050977561,0.304355793378,0.320660609196,
    0.336965425013,0.353270240831,0.369575056648,0.385879872466,
    0.402184688283,0.418489504101,0.434794319918,0.451099135736,
    0.467403951553,0.483708767371,0.500013583188,0.516318399006,
    0.532623214823,0.548928030641,0.565232846458,0.581537662276,
    0.597842478093,0.614147293911,0.630452109728,0.646756925545,
    0.663061741363,0.67936655718,0.695671372998,0.711976188815,
    0.728281004633,0.74458582045,0.760890636268,0.777195452085,
    0.793500267903,0.80980508372,0.826109899538,0.842414715355,
    0.858719531173,0.87502434699,0.891329162808,0.907633978625,
    0.923938794443,0.94024361026,0.956548426078),.QUASI_UNIFORM_KNOTS.);
#10525 = CARTESIAN_POINT('',(-3.141474488136,-0.906404713698));
#10526 = CARTESIAN_POINT('',(-3.105642969321,-0.906407871348));
#10527 = CARTESIAN_POINT('',(-3.034073099198,-0.906033024159));
#10528 = CARTESIAN_POINT('',(-2.926917567884,-0.90438742213));
#10529 = CARTESIAN_POINT('',(-2.819955831408,-0.901680147306));
#10530 = CARTESIAN_POINT('',(-2.712920787077,-0.898067600337));
#10531 = CARTESIAN_POINT('',(-2.605742278368,-0.893721843471));
#10532 = CARTESIAN_POINT('',(-2.498465915688,-0.888829434611));
#10533 = CARTESIAN_POINT('',(-2.391207317632,-0.883596681623));
#10534 = CARTESIAN_POINT('',(-2.284091360738,-0.878249835411));
#10535 = CARTESIAN_POINT('',(-2.177189713396,-0.873037189944));
#10536 = CARTESIAN_POINT('',(-2.070477472616,-0.868216187397));
#10537 = CARTESIAN_POINT('',(-1.963736678741,-0.864086448365));
#10538 = CARTESIAN_POINT('',(-1.85673320995,-0.860810382209));
#10539 = CARTESIAN_POINT('',(-1.749515160117,-0.858440637993));
#10540 = CARTESIAN_POINT('',(-1.642212400615,-0.857075198403));
#10541 = CARTESIAN_POINT('',(-1.535020800509,-0.856857734524));
#10542 = CARTESIAN_POINT('',(-1.428011785208,-0.85785057969));
#10543 = CARTESIAN_POINT('',(-1.321108940411,-0.859899379767));
#10544 = CARTESIAN_POINT('',(-1.214285215851,-0.862901428026));
#10545 = CARTESIAN_POINT('',(-1.10746646741,-0.866765897899));
#10546 = CARTESIAN_POINT('',(-1.000497507651,-0.871387305467));
#10547 = CARTESIAN_POINT('',(-0.893373678102,-0.876473917814));
#10548 = CARTESIAN_POINT('',(-0.786171053211,-0.881773251238));
#10549 = CARTESIAN_POINT('',(-0.678980442712,-0.887049236627));
#10550 = CARTESIAN_POINT('',(-0.571829772357,-0.892089370899));
#10551 = CARTESIAN_POINT('',(-0.464658983065,-0.896670096734));
#10552 = CARTESIAN_POINT('',(-0.357482214098,-0.900581673197));
#10553 = CARTESIAN_POINT('',(-0.250322983962,-0.903636709089));
#10554 = CARTESIAN_POINT('',(-0.143144318506,-0.905649235668));
#10555 = CARTESIAN_POINT('',(-3.589131846157E-02,-0.906562707315));
#10556 = CARTESIAN_POINT('',(7.13956953875E-02,-0.906369308787));
#10557 = CARTESIAN_POINT('',(0.17865567136,-0.905076610924));
#10558 = CARTESIAN_POINT('',(0.285867236115,-0.902697802634));
#10559 = CARTESIAN_POINT('',(0.393079298021,-0.899342833023));
#10560 = CARTESIAN_POINT('',(0.500273769313,-0.895197744443));
#10561 = CARTESIAN_POINT('',(0.60740858764,-0.890453112353));
#10562 = CARTESIAN_POINT('',(0.714481479087,-0.885324002393));
#10563 = CARTESIAN_POINT('',(0.821569423475,-0.880029583209));
#10564 = CARTESIAN_POINT('',(0.928672129832,-0.874788324985));
#10565 = CARTESIAN_POINT('',(1.035744206208,-0.869838014084));
#10566 = CARTESIAN_POINT('',(1.142756585193,-0.865445193801));
#10567 = CARTESIAN_POINT('',(1.249765071585,-0.861854067726));
#10568 = CARTESIAN_POINT('',(1.356793895876,-0.859136108432));
#10569 = CARTESIAN_POINT('',(1.463805208891,-0.857401127485));
#10570 = CARTESIAN_POINT('',(1.5351354663,-0.856986099787));
#10571 = CARTESIAN_POINT('',(1.570796326795,-0.856984633657));
#10572 = ( GEOMETRIC_REPRESENTATION_CONTEXT(2) 
PARAMETRIC_REPRESENTATION_CONTEXT() REPRESENTATION_CONTEXT('2D SPACE',''
  ) );
#10573 = ORIENTED_EDGE('',*,*,#10446,.F.);
#10574 = ORIENTED_EDGE('',*,*,#7666,.T.);
#10575 = ADVANCED_FACE('',(#10576),#7892,.F.);
#10576 = FACE_BOUND('',#10577,.F.);
#10577 = EDGE_LOOP('',(#10578,#10579,#10580));
#10578 = ORIENTED_EDGE('',*,*,#10421,.T.);
#10579 = ORIENTED_EDGE('',*,*,#7876,.T.);
#10580 = ORIENTED_EDGE('',*,*,#7931,.T.);
#10581 = ADVANCED_FACE('',(#10582),#8094,.F.);
#10582 = FACE_BOUND('',#10583,.T.);
#10583 = EDGE_LOOP('',(#10584,#10585,#10586));
#10584 = ORIENTED_EDGE('',*,*,#9839,.F.);
#10585 = ORIENTED_EDGE('',*,*,#8307,.F.);
#10586 = ORIENTED_EDGE('',*,*,#8055,.T.);
#10587 = ADVANCED_FACE('',(#10588),#8403,.F.);
#10588 = FACE_BOUND('',#10589,.F.);
#10589 = EDGE_LOOP('',(#10590,#10591,#10754,#10775,#10776,#10777,#10778,
    #10779));
#10590 = ORIENTED_EDGE('',*,*,#8779,.F.);
#10591 = ORIENTED_EDGE('',*,*,#10592,.F.);
#10592 = EDGE_CURVE('',#10593,#8780,#10595,.T.);
#10593 = VERTEX_POINT('',#10594);
#10594 = CARTESIAN_POINT('',(-8.646453798991,-5.728813585367,
    -2.99999999989));
#10595 = SURFACE_CURVE('',#10596,(#10637,#10710),.PCURVE_S1.);
#10596 = B_SPLINE_CURVE_WITH_KNOTS('',3,(#10597,#10598,#10599,#10600,
    #10601,#10602,#10603,#10604,#10605,#10606,#10607,#10608,#10609,
    #10610,#10611,#10612,#10613,#10614,#10615,#10616,#10617,#10618,
    #10619,#10620,#10621,#10622,#10623,#10624,#10625,#10626,#10627,
    #10628,#10629,#10630,#10631,#10632,#10633,#10634,#10635,#10636),
  .UNSPECIFIED.,.F.,.F.,(4,3,3,3,3,3,3,3,3,3,3,3,3,4),(0.,
    1.317781076486E-02,2.657282018238E-02,3.893517788432E-02,
    5.233121443479E-02,6.30495342145E-02,7.646499254575E-02,
    7.797375645773E-02,9.128211407744E-02,0.104754718188,0.11258809819,
    0.126076733182,0.139282465203,0.147220310764),.UNSPECIFIED.);
#10597 = CARTESIAN_POINT('',(-8.646453772883,-5.728813597804,
    -3.000000000237));
#10598 = CARTESIAN_POINT('',(-8.680627468811,-5.701215716065,
    -3.000000013299));
#10599 = CARTESIAN_POINT('',(-8.716578891758,-5.676024204456,
    -2.999992514212));
#10600 = CARTESIAN_POINT('',(-8.753996457567,-5.653301945263,
    -2.999985391343));
#10601 = CARTESIAN_POINT('',(-8.792030745306,-5.630205174388,
    -2.999978151075));
#10602 = CARTESIAN_POINT('',(-8.831580935613,-5.60965917481,
    -2.99997126954));
#10603 = CARTESIAN_POINT('',(-8.872352466355,-5.591772242152,
    -2.999968368436));
#10604 = CARTESIAN_POINT('',(-8.909980827142,-5.57526425378,
    -2.999965690986));
#10605 = CARTESIAN_POINT('',(-8.948650502065,-5.561021305736,
    -2.999966330236));
#10606 = CARTESIAN_POINT('',(-8.988142326226,-5.54916580291,
    -2.99997004271));
#10607 = CARTESIAN_POINT('',(-9.030936260253,-5.536319001919,
    -2.999974065602));
#10608 = CARTESIAN_POINT('',(-9.074413889727,-5.526359613222,
    -2.999981556596));
#10609 = CARTESIAN_POINT('',(-9.118278422811,-5.519379587558,
    -2.999988335134));
#10610 = CARTESIAN_POINT('',(-9.153374929961,-5.513794790379,
    -2.999993758719));
#10611 = CARTESIAN_POINT('',(-9.188719932156,-5.510118070759,
    -2.999998628976));
#10612 = CARTESIAN_POINT('',(-9.224168065192,-5.508419564645,
    -2.999998956968));
#10613 = CARTESIAN_POINT('',(-9.268536302138,-5.506293649533,
    -2.999999367495));
#10614 = CARTESIAN_POINT('',(-9.313066937151,-5.507265324727,
    -2.999992702032));
#10615 = CARTESIAN_POINT('',(-9.357487956976,-5.511232145923,
    -2.999985258362));
#10616 = CARTESIAN_POINT('',(-9.362483748398,-5.51167827281,
    -2.999984421213));
#10617 = CARTESIAN_POINT('',(-9.367478143143,-5.512162336254,
    -2.999983571554));
#10618 = CARTESIAN_POINT('',(-9.372470744667,-5.512684230307,
    -2.999982716466));
#10619 = CARTESIAN_POINT('',(-9.416508997446,-5.517287702492,
    -2.99997517399));
#10620 = CARTESIAN_POINT('',(-9.460142366934,-5.524802433842,
    -2.999967302491));
#10621 = CARTESIAN_POINT('',(-9.503109094207,-5.535079594819,
    -2.999962186125));
#10622 = CARTESIAN_POINT('',(-9.546606099848,-5.545483592456,
    -2.999957006616));
#10623 = CARTESIAN_POINT('',(-9.589421017201,-5.558718929705,
    -2.999954562687));
#10624 = CARTESIAN_POINT('',(-9.631274468733,-5.574683285802,
    -2.999955299854));
#10625 = CARTESIAN_POINT('',(-9.655609332846,-5.583965445865,
    -2.999955728466));
#10626 = CARTESIAN_POINT('',(-9.679618931925,-5.594171125175,
    -2.999957188126));
#10627 = CARTESIAN_POINT('',(-9.703244861442,-5.605287542074,
    -2.999959527618));
#10628 = CARTESIAN_POINT('',(-9.743927368799,-5.62442937994,
    -2.99996355609));
#10629 = CARTESIAN_POINT('',(-9.783243817916,-5.646161037409,
    -2.999970094905));
#10630 = CARTESIAN_POINT('',(-9.820921451342,-5.670365669809,
    -2.999977097634));
#10631 = CARTESIAN_POINT('',(-9.85780885548,-5.694062647994,
    -2.999983953492));
#10632 = CARTESIAN_POINT('',(-9.893126413514,-5.720130491412,
    -2.999991161721));
#10633 = CARTESIAN_POINT('',(-9.926594310176,-5.748502242641,
    -2.999995631779));
#10634 = CARTESIAN_POINT('',(-9.946711558846,-5.765556244583,
    -2.99999831869));
#10635 = CARTESIAN_POINT('',(-9.966159983067,-5.78344345676,-3.));
#10636 = CARTESIAN_POINT('',(-9.984872375809,-5.802155849502,-3.));
#10637 = PCURVE('',#8403,#10638);
#10638 = DEFINITIONAL_REPRESENTATION('',(#10639),#10709);
#10639 = B_SPLINE_CURVE_WITH_KNOTS('',3,(#10640,#10641,#10642,#10643,
    #10644,#10645,#10646,#10647,#10648,#10649,#10650,#10651,#10652,
    #10653,#10654,#10655,#10656,#10657,#10658,#10659,#10660,#10661,
    #10662,#10663,#10664,#10665,#10666,#10667,#10668,#10669,#10670,
    #10671,#10672,#10673,#10674,#10675,#10676,#10677,#10678,#10679,
    #10680,#10681,#10682,#10683,#10684,#10685,#10686,#10687,#10688,
    #10689,#10690,#10691,#10692,#10693,#10694,#10695,#10696,#10697,
    #10698,#10699,#10700,#10701,#10702,#10703,#10704,#10705,#10706,
    #10707,#10708),.UNSPECIFIED.,.F.,.F.,(4,1,1,1,1,1,1,1,1,1,1,1,1,1,1,
    1,1,1,1,1,1,1,1,1,1,1,1,1,1,1,1,1,1,1,1,1,1,1,1,1,1,1,1,1,1,1,1,1,1,
    1,1,1,1,1,1,1,1,1,1,1,1,1,1,1,1,1,4),(0.,2.230610769147E-03,
    4.461221538293E-03,6.69183230744E-03,8.922443076587E-03,
    1.115305384573E-02,1.338366461488E-02,1.561427538403E-02,
    1.784488615317E-02,2.007549692232E-02,2.230610769147E-02,
    2.453671846061E-02,2.676732922976E-02,2.899793999891E-02,
    3.122855076805E-02,3.34591615372E-02,3.568977230635E-02,
    3.792038307549E-02,4.015099384464E-02,4.238160461379E-02,
    4.461221538293E-02,4.684282615208E-02,4.907343692123E-02,
    5.130404769037E-02,5.353465845952E-02,5.576526922867E-02,
    5.799587999781E-02,6.022649076696E-02,6.245710153611E-02,
    6.468771230526E-02,6.69183230744E-02,6.914893384355E-02,
    7.13795446127E-02,7.361015538184E-02,7.584076615099E-02,
    7.807137692014E-02,8.030198768928E-02,8.253259845843E-02,
    8.476320922758E-02,8.699381999672E-02,8.922443076587E-02,
    9.145504153502E-02,9.368565230416E-02,9.591626307331E-02,
    9.814687384246E-02,0.100377484612,0.102608095381,0.10483870615,
    0.107069316919,0.109299927688,0.111530538457,0.113761149226,
    0.115991759996,0.118222370765,0.120452981534,0.122683592303,
    0.124914203072,0.127144813841,0.129375424611,0.13160603538,
    0.133836646149,0.136067256918,0.138297867687,0.140528478456,
    0.142759089225,0.144989699995,0.147220310764),
  .QUASI_UNIFORM_KNOTS.);
#10640 = CARTESIAN_POINT('',(1.,0.100456651619));
#10641 = CARTESIAN_POINT('',(0.994925623613,0.100449753461));
#10642 = CARTESIAN_POINT('',(0.984782609545,0.100434514154));
#10643 = CARTESIAN_POINT('',(0.969583379848,0.100407348197));
#10644 = CARTESIAN_POINT('',(0.954397506807,0.100375897225));
#10645 = CARTESIAN_POINT('',(0.93922309081,0.100340183217));
#10646 = CARTESIAN_POINT('',(0.924058257709,0.100300228152));
#10647 = CARTESIAN_POINT('',(0.908901217408,0.100256054008));
#10648 = CARTESIAN_POINT('',(0.893750095125,0.100207682763));
#10649 = CARTESIAN_POINT('',(0.878602965997,0.100155136398));
#10650 = CARTESIAN_POINT('',(0.863457965604,0.100098436893));
#10651 = CARTESIAN_POINT('',(0.848313205178,0.100037606228));
#10652 = CARTESIAN_POINT('',(0.833166796758,9.997266638187E-02));
#10653 = CARTESIAN_POINT('',(0.818016888622,9.990363932727E-02));
#10654 = CARTESIAN_POINT('',(0.802861545595,9.983054706779E-02));
#10655 = CARTESIAN_POINT('',(0.78769891719,9.97534114891E-02));
#10656 = CARTESIAN_POINT('',(0.772527225381,9.967225492593E-02));
#10657 = CARTESIAN_POINT('',(0.757344404297,9.958709803233E-02));
#10658 = CARTESIAN_POINT('',(0.742149232859,9.94979677327E-02));
#10659 = CARTESIAN_POINT('',(0.726937214303,9.940486754866E-02));
#10660 = CARTESIAN_POINT('',(0.711745677979,9.930807604662E-02));
#10661 = CARTESIAN_POINT('',(0.696567711737,9.920761145151E-02));
#10662 = CARTESIAN_POINT('',(0.68140273915,9.910352807772E-02));
#10663 = CARTESIAN_POINT('',(0.666248524616,9.89958705694E-02));
#10664 = CARTESIAN_POINT('',(0.651103316567,9.888468616183E-02));
#10665 = CARTESIAN_POINT('',(0.635965319354,9.877002139593E-02));
#10666 = CARTESIAN_POINT('',(0.620832587676,9.865192299871E-02));
#10667 = CARTESIAN_POINT('',(0.605703251951,9.853043764785E-02));
#10668 = CARTESIAN_POINT('',(0.590575429159,9.840561203247E-02));
#10669 = CARTESIAN_POINT('',(0.57544724992,9.827749284559E-02));
#10670 = CARTESIAN_POINT('',(0.560316832204,9.814612675263E-02));
#10671 = CARTESIAN_POINT('',(0.54518227907,9.801156052373E-02));
#10672 = CARTESIAN_POINT('',(0.530041759488,9.787384053877E-02));
#10673 = CARTESIAN_POINT('',(0.514893517694,9.773301463625E-02));
#10674 = CARTESIAN_POINT('',(0.499735242667,9.758912521086E-02));
#10675 = CARTESIAN_POINT('',(0.484566619175,9.744223497237E-02));
#10676 = CARTESIAN_POINT('',(0.469379812054,9.729233081157E-02));
#10677 = CARTESIAN_POINT('',(0.454195300584,9.713968435726E-02));
#10678 = CARTESIAN_POINT('',(0.439027763406,9.698452636645E-02));
#10679 = CARTESIAN_POINT('',(0.423870839974,9.682687513856E-02));
#10680 = CARTESIAN_POINT('',(0.408723834222,9.666680590057E-02));
#10681 = CARTESIAN_POINT('',(0.393584561094,9.650437862558E-02));
#10682 = CARTESIAN_POINT('',(0.37845131513,9.633965737373E-02));
#10683 = CARTESIAN_POINT('',(0.363322201307,9.617270511067E-02));
#10684 = CARTESIAN_POINT('',(0.348195319811,9.600358509448E-02));
#10685 = CARTESIAN_POINT('',(0.333068821343,9.583236050844E-02));
#10686 = CARTESIAN_POINT('',(0.317940827211,9.565909454112E-02));
#10687 = CARTESIAN_POINT('',(0.302809464024,9.548385043417E-02));
#10688 = CARTESIAN_POINT('',(0.287672853662,9.530669121239E-02));
#10689 = CARTESIAN_POINT('',(0.272529166747,9.51276807167E-02));
#10690 = CARTESIAN_POINT('',(0.257376364532,9.494687974046E-02));
#10691 = CARTESIAN_POINT('',(0.242213302996,9.47643604478E-02));
#10692 = CARTESIAN_POINT('',(0.227035417095,9.458015256852E-02));
#10693 = CARTESIAN_POINT('',(0.211874273163,9.43947327255E-02));
#10694 = CARTESIAN_POINT('',(0.196724118403,9.420812564852E-02));
#10695 = CARTESIAN_POINT('',(0.181584095354,9.402041478829E-02));
#10696 = CARTESIAN_POINT('',(0.166452062432,9.383166786201E-02));
#10697 = CARTESIAN_POINT('',(0.151326250577,9.364195680348E-02));
#10698 = CARTESIAN_POINT('',(0.136204864948,9.345135241816E-02));
#10699 = CARTESIAN_POINT('',(0.121085976307,9.325992581257E-02));
#10700 = CARTESIAN_POINT('',(0.105967753339,9.306774800993E-02));
#10701 = CARTESIAN_POINT('',(9.084833665967E-02,9.287489005651E-02));
#10702 = CARTESIAN_POINT('',(7.572585818175E-02,9.268142299343E-02));
#10703 = CARTESIAN_POINT('',(6.059844884233E-02,9.248741786411E-02));
#10704 = CARTESIAN_POINT('',(4.546424892609E-02,9.229294571272E-02));
#10705 = CARTESIAN_POINT('',(3.0321397073E-02,9.209807758019E-02));
#10706 = CARTESIAN_POINT('',(1.51680642451E-02,9.190288450822E-02));
#10707 = CARTESIAN_POINT('',(5.057602034892E-03,9.177258652916E-02));
#10708 = CARTESIAN_POINT('',(0.,9.170740706394E-02));
#10709 = ( GEOMETRIC_REPRESENTATION_CONTEXT(2) 
PARAMETRIC_REPRESENTATION_CONTEXT() REPRESENTATION_CONTEXT('2D SPACE',''
  ) );
#10710 = PCURVE('',#8820,#10711);
#10711 = DEFINITIONAL_REPRESENTATION('',(#10712),#10753);
#10712 = B_SPLINE_CURVE_WITH_KNOTS('',3,(#10713,#10714,#10715,#10716,
    #10717,#10718,#10719,#10720,#10721,#10722,#10723,#10724,#10725,
    #10726,#10727,#10728,#10729,#10730,#10731,#10732,#10733,#10734,
    #10735,#10736,#10737,#10738,#10739,#10740,#10741,#10742,#10743,
    #10744,#10745,#10746,#10747,#10748,#10749,#10750,#10751,#10752),
  .UNSPECIFIED.,.F.,.F.,(4,3,3,3,3,3,3,3,3,3,3,3,3,4),(0.,
    1.317781076486E-02,2.657282018238E-02,3.893517788432E-02,
    5.233121443479E-02,6.30495342145E-02,7.646499254575E-02,
    7.797375645773E-02,9.128211407744E-02,0.104754718188,0.11258809819,
    0.126076733182,0.139282465203,0.147220310764),.UNSPECIFIED.);
#10713 = CARTESIAN_POINT('',(1.161148795163,-1.578788953691));
#10714 = CARTESIAN_POINT('',(1.126975099234,-1.60638683543));
#10715 = CARTESIAN_POINT('',(1.091023676287,-1.631578347039));
#10716 = CARTESIAN_POINT('',(1.053606110478,-1.654300606232));
#10717 = CARTESIAN_POINT('',(1.01557182274,-1.677397377107));
#10718 = CARTESIAN_POINT('',(0.976021632433,-1.697943376685));
#10719 = CARTESIAN_POINT('',(0.93525010169,-1.715830309343));
#10720 = CARTESIAN_POINT('',(0.897621740904,-1.732338297715));
#10721 = CARTESIAN_POINT('',(0.858952065981,-1.746581245759));
#10722 = CARTESIAN_POINT('',(0.819460241819,-1.758436748585));
#10723 = CARTESIAN_POINT('',(0.776666307793,-1.771283549576));
#10724 = CARTESIAN_POINT('',(0.733188678318,-1.781242938273));
#10725 = CARTESIAN_POINT('',(0.689324145234,-1.788222963937));
#10726 = CARTESIAN_POINT('',(0.654227638084,-1.793807761116));
#10727 = CARTESIAN_POINT('',(0.618882635889,-1.797484480736));
#10728 = CARTESIAN_POINT('',(0.583434502854,-1.79918298685));
#10729 = CARTESIAN_POINT('',(0.539066265907,-1.801308901962));
#10730 = CARTESIAN_POINT('',(0.494535630894,-1.800337226768));
#10731 = CARTESIAN_POINT('',(0.450114611069,-1.796370405572));
#10732 = CARTESIAN_POINT('',(0.445118819648,-1.795924278685));
#10733 = CARTESIAN_POINT('',(0.440124424902,-1.795440215241));
#10734 = CARTESIAN_POINT('',(0.435131823378,-1.794918321188));
#10735 = CARTESIAN_POINT('',(0.391093570599,-1.790314849003));
#10736 = CARTESIAN_POINT('',(0.347460201112,-1.782800117653));
#10737 = CARTESIAN_POINT('',(0.304493473839,-1.772522956676));
#10738 = CARTESIAN_POINT('',(0.260996468198,-1.762118959039));
#10739 = CARTESIAN_POINT('',(0.218181550844,-1.74888362179));
#10740 = CARTESIAN_POINT('',(0.176328099313,-1.732919265693));
#10741 = CARTESIAN_POINT('',(0.151993235199,-1.72363710563));
#10742 = CARTESIAN_POINT('',(0.12798363612,-1.71343142632));
#10743 = CARTESIAN_POINT('',(0.104357706603,-1.702315009421));
#10744 = CARTESIAN_POINT('',(6.367519924636E-02,-1.683173171555));
#10745 = CARTESIAN_POINT('',(2.435875012941E-02,-1.661441514086));
#10746 = CARTESIAN_POINT('',(-1.331888329621E-02,-1.637236881686));
#10747 = CARTESIAN_POINT('',(-5.020628743459E-02,-1.613539903501));
#10748 = CARTESIAN_POINT('',(-8.552384546883E-02,-1.587472060083));
#10749 = CARTESIAN_POINT('',(-0.11899174213,-1.559100308854));
#10750 = CARTESIAN_POINT('',(-0.1391089908,-1.542046306912));
#10751 = CARTESIAN_POINT('',(-0.158557415021,-1.524159094735));
#10752 = CARTESIAN_POINT('',(-0.177269807763,-1.505446701993));
#10753 = ( GEOMETRIC_REPRESENTATION_CONTEXT(2) 
PARAMETRIC_REPRESENTATION_CONTEXT() REPRESENTATION_CONTEXT('2D SPACE',''
  ) );
#10754 = ORIENTED_EDGE('',*,*,#10755,.F.);
#10755 = EDGE_CURVE('',#8359,#10593,#10756,.T.);
#10756 = SURFACE_CURVE('',#10757,(#10762,#10769),.PCURVE_S1.);
#10757 = B_SPLINE_CURVE_WITH_KNOTS('',3,(#10758,#10759,#10760,#10761),
  .UNSPECIFIED.,.F.,.F.,(4,4),(-0.378657653009,-0.100456651568),
  .PIECEWISE_BEZIER_KNOTS.);
#10758 = CARTESIAN_POINT('',(-8.464388205052,-5.564508287487,
    -0.228681318465));
#10759 = CARTESIAN_POINT('',(-8.524638488968,-5.619543455315,
    -1.152458416282));
#10760 = CARTESIAN_POINT('',(-8.585264584632,-5.674345576323,
    -2.076231891727));
#10761 = CARTESIAN_POINT('',(-8.646453772916,-5.728813597834,
    -3.000000000737));
#10762 = PCURVE('',#8403,#10763);
#10763 = DEFINITIONAL_REPRESENTATION('',(#10764),#10768);
#10764 = LINE('',#10765,#10766);
#10765 = CARTESIAN_POINT('',(1.,5.551115123126E-17));
#10766 = VECTOR('',#10767,1.);
#10767 = DIRECTION('',(1.1972167809E-14,-1.));
#10768 = ( GEOMETRIC_REPRESENTATION_CONTEXT(2) 
PARAMETRIC_REPRESENTATION_CONTEXT() REPRESENTATION_CONTEXT('2D SPACE',''
  ) );
#10769 = PCURVE('',#8471,#10770);
#10770 = DEFINITIONAL_REPRESENTATION('',(#10771),#10774);
#10771 = B_SPLINE_CURVE_WITH_KNOTS('',1,(#10772,#10773),.UNSPECIFIED.,
  .F.,.F.,(2,2),(-0.378657653009,-0.100456651568),
  .PIECEWISE_BEZIER_KNOTS.);
#10772 = CARTESIAN_POINT('',(0.87878623725,2.771318681535));
#10773 = CARTESIAN_POINT('',(0.891455652621,-1.495363441908E-10));
#10774 = ( GEOMETRIC_REPRESENTATION_CONTEXT(2) 
PARAMETRIC_REPRESENTATION_CONTEXT() REPRESENTATION_CONTEXT('2D SPACE',''
  ) );
#10775 = ORIENTED_EDGE('',*,*,#8358,.F.);
#10776 = ORIENTED_EDGE('',*,*,#8529,.T.);
#10777 = ORIENTED_EDGE('',*,*,#8553,.F.);
#10778 = ORIENTED_EDGE('',*,*,#8705,.T.);
#10779 = ORIENTED_EDGE('',*,*,#8752,.T.);
#10780 = ADVANCED_FACE('',(#10781),#8471,.T.);
#10781 = FACE_BOUND('',#10782,.T.);
#10782 = EDGE_LOOP('',(#10783,#10784,#10807,#10829,#10830));
#10783 = ORIENTED_EDGE('',*,*,#9861,.T.);
#10784 = ORIENTED_EDGE('',*,*,#10785,.F.);
#10785 = EDGE_CURVE('',#10786,#9862,#10788,.T.);
#10786 = VERTEX_POINT('',#10787);
#10787 = CARTESIAN_POINT('',(-8.228813469778,-6.146453933654,
    -2.999999999883));
#10788 = SURFACE_CURVE('',#10789,(#10794,#10800),.PCURVE_S1.);
#10789 = B_SPLINE_CURVE_WITH_KNOTS('',3,(#10790,#10791,#10792,#10793),
  .UNSPECIFIED.,.F.,.F.,(4,4),(0.100386528688,0.378587518699),
  .PIECEWISE_BEZIER_KNOTS.);
#10790 = CARTESIAN_POINT('',(-8.228813482245,-6.146453907579,
    -3.00000000073));
#10791 = CARTESIAN_POINT('',(-8.174345463827,-6.085264719782,
    -2.076231929708));
#10792 = CARTESIAN_POINT('',(-8.119543345847,-6.02463862485,
    -1.152458492247));
#10793 = CARTESIAN_POINT('',(-8.064508180993,-5.964388341834,
    -0.228681432409));
#10794 = PCURVE('',#8471,#10795);
#10795 = DEFINITIONAL_REPRESENTATION('',(#10796),#10799);
#10796 = B_SPLINE_CURVE_WITH_KNOTS('',1,(#10797,#10798),.UNSPECIFIED.,
  .F.,.F.,(2,2),(0.100386528688,0.378587518699),
  .PIECEWISE_BEZIER_KNOTS.);
#10797 = CARTESIAN_POINT('',(0.679340628501,-1.419173440153E-10));
#10798 = CARTESIAN_POINT('',(0.692010048903,2.771318567591));
#10799 = ( GEOMETRIC_REPRESENTATION_CONTEXT(2) 
PARAMETRIC_REPRESENTATION_CONTEXT() REPRESENTATION_CONTEXT('2D SPACE',''
  ) );
#10800 = PCURVE('',#9953,#10801);
#10801 = DEFINITIONAL_REPRESENTATION('',(#10802),#10806);
#10802 = LINE('',#10803,#10804);
#10803 = CARTESIAN_POINT('',(4.43329266036E-15,3.74700270811E-16));
#10804 = VECTOR('',#10805,1.);
#10805 = DIRECTION('',(-1.120297424065E-14,1.));
#10806 = ( GEOMETRIC_REPRESENTATION_CONTEXT(2) 
PARAMETRIC_REPRESENTATION_CONTEXT() REPRESENTATION_CONTEXT('2D SPACE',''
  ) );
#10807 = ORIENTED_EDGE('',*,*,#10808,.F.);
#10808 = EDGE_CURVE('',#10593,#10786,#10809,.T.);
#10809 = SURFACE_CURVE('',#10810,(#10815,#10822),.PCURVE_S1.);
#10810 = CIRCLE('',#10811,2.789718885006);
#10811 = AXIS2_PLACEMENT_3D('',#10812,#10813,#10814);
#10812 = CARTESIAN_POINT('',(-10.3991789541,-7.899178989645,-3.));
#10813 = DIRECTION('',(0.,0.,-1.));
#10814 = DIRECTION('',(1.,0.,0.));
#10815 = PCURVE('',#8471,#10816);
#10816 = DEFINITIONAL_REPRESENTATION('',(#10817),#10821);
#10817 = LINE('',#10818,#10819);
#10818 = CARTESIAN_POINT('',(6.28318530718,-1.05720783858E-15));
#10819 = VECTOR('',#10820,1.);
#10820 = DIRECTION('',(-1.,1.817770216968E-16));
#10821 = ( GEOMETRIC_REPRESENTATION_CONTEXT(2) 
PARAMETRIC_REPRESENTATION_CONTEXT() REPRESENTATION_CONTEXT('2D SPACE',''
  ) );
#10822 = PCURVE('',#8820,#10823);
#10823 = DEFINITIONAL_REPRESENTATION('',(#10824),#10828);
#10824 = CIRCLE('',#10825,2.789718885006);
#10825 = AXIS2_PLACEMENT_2D('',#10826,#10827);
#10826 = CARTESIAN_POINT('',(-0.591576386063,0.59157643815));
#10827 = DIRECTION('',(1.,0.));
#10828 = ( GEOMETRIC_REPRESENTATION_CONTEXT(2) 
PARAMETRIC_REPRESENTATION_CONTEXT() REPRESENTATION_CONTEXT('2D SPACE',''
  ) );
#10829 = ORIENTED_EDGE('',*,*,#10755,.F.);
#10830 = ORIENTED_EDGE('',*,*,#8453,.T.);
#10831 = ADVANCED_FACE('',(#10832),#8820,.T.);
#10832 = FACE_BOUND('',#10833,.T.);
#10833 = EDGE_LOOP('',(#10834,#10835,#10836,#10999,#11022,#11050,#11074,
    #11100));
#10834 = ORIENTED_EDGE('',*,*,#10592,.F.);
#10835 = ORIENTED_EDGE('',*,*,#10808,.T.);
#10836 = ORIENTED_EDGE('',*,*,#10837,.F.);
#10837 = EDGE_CURVE('',#10838,#10786,#10840,.T.);
#10838 = VERTEX_POINT('',#10839);
#10839 = CARTESIAN_POINT('',(-8.302155762526,-7.4848724751,
    -2.999999999994));
#10840 = SURFACE_CURVE('',#10841,(#10882,#10926),.PCURVE_S1.);
#10841 = B_SPLINE_CURVE_WITH_KNOTS('',3,(#10842,#10843,#10844,#10845,
    #10846,#10847,#10848,#10849,#10850,#10851,#10852,#10853,#10854,
    #10855,#10856,#10857,#10858,#10859,#10860,#10861,#10862,#10863,
    #10864,#10865,#10866,#10867,#10868,#10869,#10870,#10871,#10872,
    #10873,#10874,#10875,#10876,#10877,#10878,#10879,#10880,#10881),
  .UNSPECIFIED.,.F.,.F.,(4,3,3,3,3,3,3,3,3,3,3,3,3,4),(0.,
    1.324890871179E-02,2.66826130295E-02,3.936255589585E-02,
    5.276137414225E-02,6.320048720524E-02,7.665089290629E-02,
    7.864497643181E-02,9.198203236272E-02,0.10541786716,0.112958300675,
    0.126399211113,0.139532731581,0.147241708511),.UNSPECIFIED.);
#10842 = CARTESIAN_POINT('',(-8.302155762526,-7.484872475101,-3.));
#10843 = CARTESIAN_POINT('',(-8.270927785215,-7.45364449779,-3.));
#10844 = CARTESIAN_POINT('',(-8.241900137568,-7.42039126477,
    -3.000001355419));
#10845 = CARTESIAN_POINT('',(-8.215171909882,-7.385415889276,
    -3.000003799132));
#10846 = CARTESIAN_POINT('',(-8.188070877224,-7.349952677701,
    -3.000006276931));
#10847 = CARTESIAN_POINT('',(-8.163333217969,-7.31271796616,
    -3.000009974391));
#10848 = CARTESIAN_POINT('',(-8.141101373537,-7.273991605169,
    -3.000014426267));
#10849 = CARTESIAN_POINT('',(-8.120116951775,-7.237438169633,
    -3.00001862835));
#10850 = CARTESIAN_POINT('',(-8.101364936012,-7.199554741192,
    -3.000023573259));
#10851 = CARTESIAN_POINT('',(-8.085004230165,-7.16055982698,
    -3.000027484008));
#10852 = CARTESIAN_POINT('',(-8.067715972138,-7.119354139102,
    -3.000031616472));
#10853 = CARTESIAN_POINT('',(-8.053207775012,-7.077170213237,
    -3.000034796814));
#10854 = CARTESIAN_POINT('',(-8.041610173331,-7.034288896288,
    -3.000033390988));
#10855 = CARTESIAN_POINT('',(-8.0325744007,-7.000879762162,
    -3.000032295699));
#10856 = CARTESIAN_POINT('',(-8.025306121068,-6.967046495262,
    -3.000028421061));
#10857 = CARTESIAN_POINT('',(-8.019887710054,-6.932914452143,
    -3.000019228748));
#10858 = CARTESIAN_POINT('',(-8.012906290661,-6.888936594581,
    -3.000007384799));
#10859 = CARTESIAN_POINT('',(-8.008994272639,-6.844462030948,
    -2.999986857663));
#10860 = CARTESIAN_POINT('',(-8.008086620458,-6.799774008622,
    -2.999966286926));
#10861 = CARTESIAN_POINT('',(-8.007952056914,-6.793148807041,
    -2.999963237221));
#10862 = CARTESIAN_POINT('',(-8.007883620017,-6.786518924529,
    -2.999960180135));
#10863 = CARTESIAN_POINT('',(-8.007881193371,-6.779885300303,
    -2.999957136867));
#10864 = CARTESIAN_POINT('',(-8.007864963206,-6.735517541283,
    -2.999936782539));
#10865 = CARTESIAN_POINT('',(-8.010797384384,-6.691251108132,
    -2.999917658423));
#10866 = CARTESIAN_POINT('',(-8.016566923072,-6.647364321609,
    -2.999904702777));
#10867 = CARTESIAN_POINT('',(-8.022379192966,-6.603152494311,
    -2.999891651177));
#10868 = CARTESIAN_POINT('',(-8.031070985735,-6.559324818928,
    -2.999884916675));
#10869 = CARTESIAN_POINT('',(-8.042580069484,-6.51617037345,
    -2.999886043421));
#10870 = CARTESIAN_POINT('',(-8.04903917546,-6.491951318071,
    -2.999886675771));
#10871 = CARTESIAN_POINT('',(-8.056386540878,-6.467944483956,
    -2.99988971656));
#10872 = CARTESIAN_POINT('',(-8.064617844209,-6.444203658465,
    -2.999894855879));
#10873 = CARTESIAN_POINT('',(-8.079290238129,-6.401885360917,
    -2.999904016773));
#10874 = CARTESIAN_POINT('',(-8.096683004895,-6.360657820333,
    -2.999920128956));
#10875 = CARTESIAN_POINT('',(-8.116714016495,-6.320804408776,
    -2.999938135382));
#10876 = CARTESIAN_POINT('',(-8.136286924302,-6.281862433914,
    -2.999955730005));
#10877 = CARTESIAN_POINT('',(-8.158379228047,-6.244231472855,
    -2.999975166751));
#10878 = CARTESIAN_POINT('',(-8.182958564854,-6.208195934603,
    -2.999987726599));
#10879 = CARTESIAN_POINT('',(-8.197385887738,-6.187044170025,
    -2.999995098848));
#10880 = CARTESIAN_POINT('',(-8.212670878134,-6.166442532038,
    -3.000000023856));
#10881 = CARTESIAN_POINT('',(-8.228813482216,-6.146453907546,
    -3.000000000237));
#10882 = PCURVE('',#8820,#10883);
#10883 = DEFINITIONAL_REPRESENTATION('',(#10884),#10925);
#10884 = B_SPLINE_CURVE_WITH_KNOTS('',3,(#10885,#10886,#10887,#10888,
    #10889,#10890,#10891,#10892,#10893,#10894,#10895,#10896,#10897,
    #10898,#10899,#10900,#10901,#10902,#10903,#10904,#10905,#10906,
    #10907,#10908,#10909,#10910,#10911,#10912,#10913,#10914,#10915,
    #10916,#10917,#10918,#10919,#10920,#10921,#10922,#10923,#10924),
  .UNSPECIFIED.,.F.,.F.,(4,3,3,3,3,3,3,3,3,3,3,3,3,4),(0.,
    1.324890871179E-02,2.66826130295E-02,3.936255589585E-02,
    5.276137414225E-02,6.320048720524E-02,7.665089290629E-02,
    7.864497643181E-02,9.198203236272E-02,0.10541786716,0.112958300675,
    0.126399211113,0.139532731581,0.147241708511),.UNSPECIFIED.);
#10885 = CARTESIAN_POINT('',(1.505446805519,0.177269923606));
#10886 = CARTESIAN_POINT('',(1.53667478283,0.146041946295));
#10887 = CARTESIAN_POINT('',(1.565702430477,0.112788713275));
#10888 = CARTESIAN_POINT('',(1.592430658163,7.78133377815E-02));
#10889 = CARTESIAN_POINT('',(1.619531690821,4.23501262063E-02));
#10890 = CARTESIAN_POINT('',(1.644269350076,5.1154146648E-03));
#10891 = CARTESIAN_POINT('',(1.666501194509,-3.3610946326E-02));
#10892 = CARTESIAN_POINT('',(1.68748561627,-7.01643818618E-02));
#10893 = CARTESIAN_POINT('',(1.706237632033,-0.108047810303));
#10894 = CARTESIAN_POINT('',(1.722598337881,-0.147042724515));
#10895 = CARTESIAN_POINT('',(1.739886595907,-0.188248412393));
#10896 = CARTESIAN_POINT('',(1.754394793034,-0.230432338258));
#10897 = CARTESIAN_POINT('',(1.765992394714,-0.273313655207));
#10898 = CARTESIAN_POINT('',(1.775028167345,-0.306722789333));
#10899 = CARTESIAN_POINT('',(1.782296446978,-0.340556056233));
#10900 = CARTESIAN_POINT('',(1.787714857991,-0.374688099352));
#10901 = CARTESIAN_POINT('',(1.794696277385,-0.418665956914));
#10902 = CARTESIAN_POINT('',(1.798608295407,-0.463140520547));
#10903 = CARTESIAN_POINT('',(1.799515947587,-0.507828542873));
#10904 = CARTESIAN_POINT('',(1.799650511132,-0.514453744454));
#10905 = CARTESIAN_POINT('',(1.799718948029,-0.521083626966));
#10906 = CARTESIAN_POINT('',(1.799721374674,-0.527717251192));
#10907 = CARTESIAN_POINT('',(1.799737604839,-0.572085010212));
#10908 = CARTESIAN_POINT('',(1.796805183661,-0.616351443363));
#10909 = CARTESIAN_POINT('',(1.791035644974,-0.660238229886));
#10910 = CARTESIAN_POINT('',(1.78522337508,-0.704450057184));
#10911 = CARTESIAN_POINT('',(1.77653158231,-0.748277732567));
#10912 = CARTESIAN_POINT('',(1.765022498562,-0.791432178045));
#10913 = CARTESIAN_POINT('',(1.758563392586,-0.815651233424));
#10914 = CARTESIAN_POINT('',(1.751216027167,-0.839658067539));
#10915 = CARTESIAN_POINT('',(1.742984723836,-0.86339889303));
#10916 = CARTESIAN_POINT('',(1.728312329917,-0.905717190578));
#10917 = CARTESIAN_POINT('',(1.710919563151,-0.946944731162));
#10918 = CARTESIAN_POINT('',(1.69088855155,-0.986798142719));
#10919 = CARTESIAN_POINT('',(1.671315643743,-1.025740117581));
#10920 = CARTESIAN_POINT('',(1.649223339999,-1.06337107864));
#10921 = CARTESIAN_POINT('',(1.624644003191,-1.099406616892));
#10922 = CARTESIAN_POINT('',(1.610216680307,-1.12055838147));
#10923 = CARTESIAN_POINT('',(1.594931689912,-1.141160019457));
#10924 = CARTESIAN_POINT('',(1.57878908583,-1.161148643949));
#10925 = ( GEOMETRIC_REPRESENTATION_CONTEXT(2) 
PARAMETRIC_REPRESENTATION_CONTEXT() REPRESENTATION_CONTEXT('2D SPACE',''
  ) );
#10926 = PCURVE('',#9953,#10927);
#10927 = DEFINITIONAL_REPRESENTATION('',(#10928),#10998);
#10928 = B_SPLINE_CURVE_WITH_KNOTS('',3,(#10929,#10930,#10931,#10932,
    #10933,#10934,#10935,#10936,#10937,#10938,#10939,#10940,#10941,
    #10942,#10943,#10944,#10945,#10946,#10947,#10948,#10949,#10950,
    #10951,#10952,#10953,#10954,#10955,#10956,#10957,#10958,#10959,
    #10960,#10961,#10962,#10963,#10964,#10965,#10966,#10967,#10968,
    #10969,#10970,#10971,#10972,#10973,#10974,#10975,#10976,#10977,
    #10978,#10979,#10980,#10981,#10982,#10983,#10984,#10985,#10986,
    #10987,#10988,#10989,#10990,#10991,#10992,#10993,#10994,#10995,
    #10996,#10997),.UNSPECIFIED.,.F.,.F.,(4,1,1,1,1,1,1,1,1,1,1,1,1,1,1,
    1,1,1,1,1,1,1,1,1,1,1,1,1,1,1,1,1,1,1,1,1,1,1,1,1,1,1,1,1,1,1,1,1,1,
    1,1,1,1,1,1,1,1,1,1,1,1,1,1,1,1,1,4),(0.,2.230934977435E-03,
    4.461869954869E-03,6.692804932304E-03,8.923739909738E-03,
    1.115467488717E-02,1.338560986461E-02,1.561654484204E-02,
    1.784747981948E-02,2.007841479691E-02,2.230934977435E-02,
    2.454028475178E-02,2.677121972922E-02,2.900215470665E-02,
    3.123308968408E-02,3.346402466152E-02,3.569495963895E-02,
    3.792589461639E-02,4.015682959382E-02,4.238776457126E-02,
    4.461869954869E-02,4.684963452613E-02,4.908056950356E-02,
    5.1311504481E-02,5.354243945843E-02,5.577337443586E-02,
    5.80043094133E-02,6.023524439073E-02,6.246617936817E-02,
    6.46971143456E-02,6.692804932304E-02,6.915898430047E-02,
    7.138991927791E-02,7.362085425534E-02,7.585178923278E-02,
    7.808272421021E-02,8.031365918765E-02,8.254459416508E-02,
    8.477552914251E-02,8.700646411995E-02,8.923739909738E-02,
    9.146833407482E-02,9.369926905225E-02,9.593020402969E-02,
    9.816113900712E-02,0.100392073985,0.102623008962,0.104853943939,
    0.107084878917,0.109315813894,0.111546748872,0.113777683849,
    0.116008618827,0.118239553804,0.120470488781,0.122701423759,
    0.124932358736,0.127163293714,0.129394228691,0.131625163669,
    0.133856098646,0.136087033624,0.138317968601,0.140548903578,
    0.142779838556,0.145010773533,0.147241708511),
  .QUASI_UNIFORM_KNOTS.);
#10929 = CARTESIAN_POINT('',(1.,9.163728418288E-02));
#10930 = CARTESIAN_POINT('',(0.994942395113,9.17024636764E-02));
#10931 = CARTESIAN_POINT('',(0.984832573786,9.183275333447E-02));
#10932 = CARTESIAN_POINT('',(0.969682110383,9.202790919116E-02));
#10933 = CARTESIAN_POINT('',(0.954544010251,9.222271577358E-02));
#10934 = CARTESIAN_POINT('',(0.939416398044,9.241710243875E-02));
#10935 = CARTESIAN_POINT('',(0.924297421164,9.261099854428E-02));
#10936 = CARTESIAN_POINT('',(0.909185303617,9.280433344859E-02));
#10937 = CARTESIAN_POINT('',(0.894078194406,9.299703651038E-02));
#10938 = CARTESIAN_POINT('',(0.878974194924,9.318903708541E-02));
#10939 = CARTESIAN_POINT('',(0.863871470896,9.338026452958E-02));
#10940 = CARTESIAN_POINT('',(0.848768157999,9.357064820206E-02));
#10941 = CARTESIAN_POINT('',(0.833662390345,9.376011745281E-02));
#10942 = CARTESIAN_POINT('',(0.818552331172,9.394860166894E-02));
#10943 = CARTESIAN_POINT('',(0.803436069965,9.413603010123E-02));
#10944 = CARTESIAN_POINT('',(0.788311757737,9.432233250699E-02));
#10945 = CARTESIAN_POINT('',(0.773177729333,9.450743674476E-02));
#10946 = CARTESIAN_POINT('',(0.758031660831,9.469127776309E-02));
#10947 = CARTESIAN_POINT('',(0.742873420113,9.48737640526E-02));
#10948 = CARTESIAN_POINT('',(0.727694556019,9.505490284821E-02));
#10949 = CARTESIAN_POINT('',(0.712529796201,9.523418591761E-02));
#10950 = CARTESIAN_POINT('',(0.697378149669,9.541154269592E-02));
#10951 = CARTESIAN_POINT('',(0.682237469767,9.558691528723E-02));
#10952 = CARTESIAN_POINT('',(0.66710594726,9.576024240133E-02));
#10953 = CARTESIAN_POINT('',(0.651981709165,9.593146365773E-02));
#10954 = CARTESIAN_POINT('',(0.63686298043,9.610051843285E-02));
#10955 = CARTESIAN_POINT('',(0.621747845401,9.626734616768E-02));
#10956 = CARTESIAN_POINT('',(0.606634437781,9.643188628503E-02));
#10957 = CARTESIAN_POINT('',(0.591520890286,9.659407821323E-02));
#10958 = CARTESIAN_POINT('',(0.576405334393,9.675386137788E-02));
#10959 = CARTESIAN_POINT('',(0.561285890261,9.691117521201E-02));
#10960 = CARTESIAN_POINT('',(0.546160654197,9.706595912437E-02));
#10961 = CARTESIAN_POINT('',(0.531027842106,9.721815261037E-02));
#10962 = CARTESIAN_POINT('',(0.515885625011,9.736769483935E-02));
#10963 = CARTESIAN_POINT('',(0.500732025688,9.751452619923E-02));
#10964 = CARTESIAN_POINT('',(0.485565517689,9.765858253197E-02));
#10965 = CARTESIAN_POINT('',(0.470382789219,9.779981664759E-02));
#10966 = CARTESIAN_POINT('',(0.455187239953,9.793811803062E-02));
#10967 = CARTESIAN_POINT('',(0.440009212023,9.807314089014E-02));
#10968 = CARTESIAN_POINT('',(0.424839717892,9.820490893024E-02));
#10969 = CARTESIAN_POINT('',(0.409678749323,9.833336149803E-02));
#10970 = CARTESIAN_POINT('',(0.394523915504,9.845846054426E-02));
#10971 = CARTESIAN_POINT('',(0.379373506773,9.858016196317E-02));
#10972 = CARTESIAN_POINT('',(0.364225656196,9.869842327119E-02));
#10973 = CARTESIAN_POINT('',(0.349078420751,9.881320155079E-02));
#10974 = CARTESIAN_POINT('',(0.333929968006,9.892445399768E-02));
#10975 = CARTESIAN_POINT('',(0.318778411526,9.903213779101E-02));
#10976 = CARTESIAN_POINT('',(0.303621871019,9.913621006365E-02));
#10977 = CARTESIAN_POINT('',(0.288458424961,9.92366281491E-02));
#10978 = CARTESIAN_POINT('',(0.273286288539,9.933334862207E-02));
#10979 = CARTESIAN_POINT('',(0.258103184799,9.942633088981E-02));
#10980 = CARTESIAN_POINT('',(0.242908819409,9.951552379454E-02));
#10981 = CARTESIAN_POINT('',(0.227695458139,9.960091560505E-02));
#10982 = CARTESIAN_POINT('',(0.212494836041,9.968228143777E-02));
#10983 = CARTESIAN_POINT('',(0.197305479418,9.975960080728E-02));
#10984 = CARTESIAN_POINT('',(0.182125356262,9.983285335541E-02));
#10985 = CARTESIAN_POINT('',(0.166952606432,9.990201868884E-02));
#10986 = CARTESIAN_POINT('',(0.151785344804,9.996707642261E-02));
#10987 = CARTESIAN_POINT('',(0.136621768423,0.100028006168));
#10988 = CARTESIAN_POINT('',(0.12145992945,0.100084787537));
#10989 = CARTESIAN_POINT('',(0.106297969488,0.100137400148));
#10990 = CARTESIAN_POINT('',(9.113401433922E-02,0.100185823613));
#10991 = CARTESIAN_POINT('',(7.596617178516E-02,0.100230037548));
#10992 = CARTESIAN_POINT('',(6.079254525334E-02,0.100270021565));
#10993 = CARTESIAN_POINT('',(4.561124339554E-02,0.100305755275));
#10994 = CARTESIAN_POINT('',(3.042038262992E-02,0.100337218293));
#10995 = CARTESIAN_POINT('',(1.521811389649E-02,0.100364390235));
#10996 = CARTESIAN_POINT('',(5.074393523986E-03,0.100379630554));
#10997 = CARTESIAN_POINT('',(0.,0.100386528738));
#10998 = ( GEOMETRIC_REPRESENTATION_CONTEXT(2) 
PARAMETRIC_REPRESENTATION_CONTEXT() REPRESENTATION_CONTEXT('2D SPACE',''
  ) );
#10999 = ORIENTED_EDGE('',*,*,#11000,.F.);
#11000 = EDGE_CURVE('',#11001,#10838,#11003,.T.);
#11001 = VERTEX_POINT('',#11002);
#11002 = CARTESIAN_POINT('',(-8.992864374856,-8.175581087431,-3.));
#11003 = SURFACE_CURVE('',#11004,(#11008,#11015),.PCURVE_S1.);
#11004 = LINE('',#11005,#11006);
#11005 = CARTESIAN_POINT('',(-8.992864374856,-8.175581087431,-3.));
#11006 = VECTOR('',#11007,1.);
#11007 = DIRECTION('',(0.707106781187,0.707106781187,0.));
#11008 = PCURVE('',#8820,#11009);
#11009 = DEFINITIONAL_REPRESENTATION('',(#11010),#11014);
#11010 = LINE('',#11011,#11012);
#11011 = CARTESIAN_POINT('',(0.814738193189,0.867978535936));
#11012 = VECTOR('',#11013,1.);
#11013 = DIRECTION('',(0.707106781187,-0.707106781187));
#11014 = ( GEOMETRIC_REPRESENTATION_CONTEXT(2) 
PARAMETRIC_REPRESENTATION_CONTEXT() REPRESENTATION_CONTEXT('2D SPACE',''
  ) );
#11015 = PCURVE('',#9064,#11016);
#11016 = DEFINITIONAL_REPRESENTATION('',(#11017),#11021);
#11017 = LINE('',#11018,#11019);
#11018 = CARTESIAN_POINT('',(0.,0.));
#11019 = VECTOR('',#11020,1.);
#11020 = DIRECTION('',(1.,0.));
#11021 = ( GEOMETRIC_REPRESENTATION_CONTEXT(2) 
PARAMETRIC_REPRESENTATION_CONTEXT() REPRESENTATION_CONTEXT('2D SPACE',''
  ) );
#11022 = ORIENTED_EDGE('',*,*,#11023,.F.);
#11023 = EDGE_CURVE('',#11024,#11001,#11026,.T.);
#11024 = VERTEX_POINT('',#11025);
#11025 = CARTESIAN_POINT('',(-9.923904294101,-8.279231781575,-3.));
#11026 = SURFACE_CURVE('',#11027,(#11032,#11043),.PCURVE_S1.);
#11027 = CIRCLE('',#11028,0.75);
#11028 = AXIS2_PLACEMENT_3D('',#11029,#11030,#11031);
#11029 = CARTESIAN_POINT('',(-9.523194574877,-7.645250929404,-3.));
#11030 = DIRECTION('',(0.,0.,1.));
#11031 = DIRECTION('',(0.402220813164,-0.915542690134,0.));
#11032 = PCURVE('',#8820,#11033);
#11033 = DEFINITIONAL_REPRESENTATION('',(#11034),#11042);
#11034 = ( BOUNDED_CURVE() B_SPLINE_CURVE(2,(#11035,#11036,#11037,#11038
    ,#11039,#11040,#11041),.UNSPECIFIED.,.T.,.F.) 
B_SPLINE_CURVE_WITH_KNOTS((1,2,2,2,2,1),(-2.094395102393,0.,
    2.094395102393,4.188790204786,6.28318530718,8.377580409573),
.UNSPECIFIED.) CURVE() GEOMETRIC_REPRESENTATION_ITEM() 
RATIONAL_B_SPLINE_CURVE((1.,0.5,1.,0.5,1.,0.5,1.)) REPRESENTATION_ITEM(
  '') );
#11035 = CARTESIAN_POINT('',(0.586073603041,1.024305395509));
#11036 = CARTESIAN_POINT('',(1.775398444899,0.501805232313));
#11037 = CARTESIAN_POINT('',(0.72823760916,-0.26693021249));
#11038 = CARTESIAN_POINT('',(-0.318923226578,-1.035665657292));
#11039 = CARTESIAN_POINT('',(-0.461087232697,0.255569950707));
#11040 = CARTESIAN_POINT('',(-0.603251238817,1.546805558705));
#11041 = CARTESIAN_POINT('',(0.586073603041,1.024305395509));
#11042 = ( GEOMETRIC_REPRESENTATION_CONTEXT(2) 
PARAMETRIC_REPRESENTATION_CONTEXT() REPRESENTATION_CONTEXT('2D SPACE',''
  ) );
#11043 = PCURVE('',#9038,#11044);
#11044 = DEFINITIONAL_REPRESENTATION('',(#11045),#11049);
#11045 = LINE('',#11046,#11047);
#11046 = CARTESIAN_POINT('',(-2.6645352591E-15,0.));
#11047 = VECTOR('',#11048,1.);
#11048 = DIRECTION('',(1.,0.));
#11049 = ( GEOMETRIC_REPRESENTATION_CONTEXT(2) 
PARAMETRIC_REPRESENTATION_CONTEXT() REPRESENTATION_CONTEXT('2D SPACE',''
  ) );
#11050 = ORIENTED_EDGE('',*,*,#11051,.T.);
#11051 = EDGE_CURVE('',#11024,#11052,#11054,.T.);
#11052 = VERTEX_POINT('',#11053);
#11053 = CARTESIAN_POINT('',(-10.77923188076,-7.423904137173,-3.));
#11054 = SURFACE_CURVE('',#11055,(#11060,#11067),.PCURVE_S1.);
#11055 = CIRCLE('',#11056,2.75);
#11056 = AXIS2_PLACEMENT_3D('',#11057,#11058,#11059);
#11057 = CARTESIAN_POINT('',(-8.454635323614,-5.954635323614,-3.));
#11058 = DIRECTION('',(0.,0.,-1.));
#11059 = DIRECTION('',(1.,0.,0.));
#11060 = PCURVE('',#8820,#11061);
#11061 = DEFINITIONAL_REPRESENTATION('',(#11062),#11066);
#11062 = CIRCLE('',#11063,2.75);
#11063 = AXIS2_PLACEMENT_2D('',#11064,#11065);
#11064 = CARTESIAN_POINT('',(1.352967244431,-1.352967227881));
#11065 = DIRECTION('',(1.,0.));
#11066 = ( GEOMETRIC_REPRESENTATION_CONTEXT(2) 
PARAMETRIC_REPRESENTATION_CONTEXT() REPRESENTATION_CONTEXT('2D SPACE',''
  ) );
#11067 = PCURVE('',#9009,#11068);
#11068 = DEFINITIONAL_REPRESENTATION('',(#11069),#11073);
#11069 = LINE('',#11070,#11071);
#11070 = CARTESIAN_POINT('',(6.28318530718,0.));
#11071 = VECTOR('',#11072,1.);
#11072 = DIRECTION('',(-1.,0.));
#11073 = ( GEOMETRIC_REPRESENTATION_CONTEXT(2) 
PARAMETRIC_REPRESENTATION_CONTEXT() REPRESENTATION_CONTEXT('2D SPACE',''
  ) );
#11074 = ORIENTED_EDGE('',*,*,#11075,.F.);
#11075 = EDGE_CURVE('',#8805,#11052,#11076,.T.);
#11076 = SURFACE_CURVE('',#11077,(#11082,#11093),.PCURVE_S1.);
#11077 = CIRCLE('',#11078,0.75);
#11078 = AXIS2_PLACEMENT_3D('',#11079,#11080,#11081);
#11079 = CARTESIAN_POINT('',(-10.14525100154,-7.023194460748,-3.));
#11080 = DIRECTION('',(0.,0.,1.));
#11081 = DIRECTION('',(-0.915542662981,0.40222087497,0.));
#11082 = PCURVE('',#8820,#11083);
#11083 = DEFINITIONAL_REPRESENTATION('',(#11084),#11092);
#11084 = ( BOUNDED_CURVE() B_SPLINE_CURVE(2,(#11085,#11086,#11087,#11088
    ,#11089,#11090,#11091),.UNSPECIFIED.,.T.,.F.) 
B_SPLINE_CURVE_WITH_KNOTS((1,2,2,2,2,1),(-2.094395102393,0.,
    2.094395102393,4.188790204786,6.28318530718,8.377580409573),
.UNSPECIFIED.) CURVE() GEOMETRIC_REPRESENTATION_ITEM() 
RATIONAL_B_SPLINE_CURVE((1.,0.5,1.,0.5,1.,0.5,1.)) REPRESENTATION_ITEM(
  '') );
#11085 = CARTESIAN_POINT('',(-1.02430543073,-0.586073746975));
#11086 = CARTESIAN_POINT('',(-1.546805674215,0.60325105961));
#11087 = CARTESIAN_POINT('',(-0.255570056619,0.461087140659));
#11088 = CARTESIAN_POINT('',(1.035665560977,0.318923221708));
#11089 = CARTESIAN_POINT('',(0.266930186866,-0.728237665926));
#11090 = CARTESIAN_POINT('',(-0.501805187245,-1.77539855356));
#11091 = CARTESIAN_POINT('',(-1.02430543073,-0.586073746975));
#11092 = ( GEOMETRIC_REPRESENTATION_CONTEXT(2) 
PARAMETRIC_REPRESENTATION_CONTEXT() REPRESENTATION_CONTEXT('2D SPACE',''
  ) );
#11093 = PCURVE('',#8848,#11094);
#11094 = DEFINITIONAL_REPRESENTATION('',(#11095),#11099);
#11095 = LINE('',#11096,#11097);
#11096 = CARTESIAN_POINT('',(-6.28318530718,0.));
#11097 = VECTOR('',#11098,1.);
#11098 = DIRECTION('',(1.,0.));
#11099 = ( GEOMETRIC_REPRESENTATION_CONTEXT(2) 
PARAMETRIC_REPRESENTATION_CONTEXT() REPRESENTATION_CONTEXT('2D SPACE',''
  ) );
#11100 = ORIENTED_EDGE('',*,*,#8804,.T.);
#11101 = ADVANCED_FACE('',(#11102),#8848,.T.);
#11102 = FACE_BOUND('',#11103,.T.);
#11103 = EDGE_LOOP('',(#11104,#11105,#11106,#11127));
#11104 = ORIENTED_EDGE('',*,*,#8832,.F.);
#11105 = ORIENTED_EDGE('',*,*,#11075,.T.);
#11106 = ORIENTED_EDGE('',*,*,#11107,.T.);
#11107 = EDGE_CURVE('',#11052,#8965,#11108,.T.);
#11108 = SURFACE_CURVE('',#11109,(#11113,#11120),.PCURVE_S1.);
#11109 = LINE('',#11110,#11111);
#11110 = CARTESIAN_POINT('',(-10.77923188076,-7.423904137173,-3.));
#11111 = VECTOR('',#11112,1.);
#11112 = DIRECTION('',(0.,0.,1.));
#11113 = PCURVE('',#8848,#11114);
#11114 = DEFINITIONAL_REPRESENTATION('',(#11115),#11119);
#11115 = LINE('',#11116,#11117);
#11116 = CARTESIAN_POINT('',(0.977596550645,0.));
#11117 = VECTOR('',#11118,1.);
#11118 = DIRECTION('',(0.,1.));
#11119 = ( GEOMETRIC_REPRESENTATION_CONTEXT(2) 
PARAMETRIC_REPRESENTATION_CONTEXT() REPRESENTATION_CONTEXT('2D SPACE',''
  ) );
#11120 = PCURVE('',#9009,#11121);
#11121 = DEFINITIONAL_REPRESENTATION('',(#11122),#11126);
#11122 = LINE('',#11123,#11124);
#11123 = CARTESIAN_POINT('',(3.705247899856,0.));
#11124 = VECTOR('',#11125,1.);
#11125 = DIRECTION('',(0.,1.));
#11126 = ( GEOMETRIC_REPRESENTATION_CONTEXT(2) 
PARAMETRIC_REPRESENTATION_CONTEXT() REPRESENTATION_CONTEXT('2D SPACE',''
  ) );
#11127 = ORIENTED_EDGE('',*,*,#8964,.T.);
#11128 = ADVANCED_FACE('',(#11129),#8902,.T.);
#11129 = FACE_BOUND('',#11130,.T.);
#11130 = EDGE_LOOP('',(#11131,#11175,#11198,#11264,#11287,#11288,#11289,
    #11290));
#11131 = ORIENTED_EDGE('',*,*,#11132,.F.);
#11132 = EDGE_CURVE('',#11133,#11135,#11137,.T.);
#11133 = VERTEX_POINT('',#11134);
#11134 = CARTESIAN_POINT('',(-7.416985988891,-6.331758907237,-1.));
#11135 = VERTEX_POINT('',#11136);
#11136 = CARTESIAN_POINT('',(-7.824232950995,-7.714056444756,-1.));
#11137 = SURFACE_CURVE('',#11138,(#11143,#11151),.PCURVE_S1.);
#11138 = B_SPLINE_CURVE_WITH_KNOTS('',3,(#11139,#11140,#11141,#11142),
  .UNSPECIFIED.,.F.,.F.,(4,4),(-0.100637439489,0.),
  .PIECEWISE_BEZIER_KNOTS.);
#11139 = CARTESIAN_POINT('',(-7.417268611403,-6.331818730664,-1.));
#11140 = CARTESIAN_POINT('',(-7.313554627167,-6.821792108193,-1.));
#11141 = CARTESIAN_POINT('',(-7.469335250254,-7.359158744015,-1.));
#11142 = CARTESIAN_POINT('',(-7.824232950995,-7.714056444756,-1.));
#11143 = PCURVE('',#8902,#11144);
#11144 = DEFINITIONAL_REPRESENTATION('',(#11145),#11150);
#11145 = B_SPLINE_CURVE_WITH_KNOTS('',3,(#11146,#11147,#11148,#11149),
  .UNSPECIFIED.,.F.,.F.,(4,4),(-0.100637439489,0.),
  .PIECEWISE_BEZIER_KNOTS.);
#11146 = CARTESIAN_POINT('',(-7.417268611403,6.331818730664));
#11147 = CARTESIAN_POINT('',(-7.313554627167,6.821792108193));
#11148 = CARTESIAN_POINT('',(-7.469335250254,7.359158744015));
#11149 = CARTESIAN_POINT('',(-7.824232950995,7.714056444756));
#11150 = ( GEOMETRIC_REPRESENTATION_CONTEXT(2) 
PARAMETRIC_REPRESENTATION_CONTEXT() REPRESENTATION_CONTEXT('2D SPACE',''
  ) );
#11151 = PCURVE('',#11152,#11169);
#11152 = B_SPLINE_SURFACE_WITH_KNOTS('',3,3,(
    (#11153,#11154,#11155,#11156)
    ,(#11157,#11158,#11159,#11160)
    ,(#11161,#11162,#11163,#11164)
    ,(#11165,#11166,#11167,#11168
    )),.UNSPECIFIED.,.F.,.F.,.F.,(4,4),(4,4),(0.,1.),(-0.108235128318,0.
    ),.PIECEWISE_BEZIER_KNOTS.);
#11153 = CARTESIAN_POINT('',(-7.961610526938,-6.375371646112,
    -1.498495886707));
#11154 = CARTESIAN_POINT('',(-7.856044232537,-6.705028439652,
    -1.499054703609));
#11155 = CARTESIAN_POINT('',(-7.934722266126,-7.093827442875,
    -1.499968894016));
#11156 = CARTESIAN_POINT('',(-8.178464522501,-7.35982487325,
    -1.49999908014));
#11157 = CARTESIAN_POINT('',(-7.789480850031,-6.32416624116,
    -1.332330591138));
#11158 = CARTESIAN_POINT('',(-7.667752153335,-6.716557100918,
    -1.33270313574));
#11159 = CARTESIAN_POINT('',(-7.770662183395,-7.173340132481,
    -1.333312596011));
#11160 = CARTESIAN_POINT('',(-8.060387331999,-7.477902063752,
    -1.333332720094));
#11161 = CARTESIAN_POINT('',(-7.617351173124,-6.272960836209,
    -1.166165295569));
#11162 = CARTESIAN_POINT('',(-7.479460074132,-6.728085762183,
    -1.16635156787));
#11163 = CARTESIAN_POINT('',(-7.606602100664,-7.252852822088,
    -1.166656298005));
#11164 = CARTESIAN_POINT('',(-7.942310141497,-7.595979254254,
    -1.166666360047));
#11165 = CARTESIAN_POINT('',(-7.445221496217,-6.221755431257,-1.));
#11166 = CARTESIAN_POINT('',(-7.29116799493,-6.739614423449,-1.));
#11167 = CARTESIAN_POINT('',(-7.442542017934,-7.332365511695,-1.));
#11168 = CARTESIAN_POINT('',(-7.824232950995,-7.714056444756,-1.));
#11169 = DEFINITIONAL_REPRESENTATION('',(#11170),#11174);
#11170 = LINE('',#11171,#11172);
#11171 = CARTESIAN_POINT('',(1.,1.65145674913E-15));
#11172 = VECTOR('',#11173,1.);
#11173 = DIRECTION('',(-6.61914510321E-15,1.));
#11174 = ( GEOMETRIC_REPRESENTATION_CONTEXT(2) 
PARAMETRIC_REPRESENTATION_CONTEXT() REPRESENTATION_CONTEXT('2D SPACE',''
  ) );
#11175 = ORIENTED_EDGE('',*,*,#11176,.T.);
#11176 = EDGE_CURVE('',#11133,#11177,#11179,.T.);
#11177 = VERTEX_POINT('',#11178);
#11178 = CARTESIAN_POINT('',(7.416986021967,-6.331758907247,-1.));
#11179 = SURFACE_CURVE('',#11180,(#11184,#11191),.PCURVE_S1.);
#11180 = LINE('',#11181,#11182);
#11181 = CARTESIAN_POINT('',(5.125,-6.331758907211,-1.));
#11182 = VECTOR('',#11183,1.);
#11183 = DIRECTION('',(1.,0.,0.));
#11184 = PCURVE('',#8902,#11185);
#11185 = DEFINITIONAL_REPRESENTATION('',(#11186),#11190);
#11186 = LINE('',#11187,#11188);
#11187 = CARTESIAN_POINT('',(5.125,6.331758907211));
#11188 = VECTOR('',#11189,1.);
#11189 = DIRECTION('',(1.,0.));
#11190 = ( GEOMETRIC_REPRESENTATION_CONTEXT(2) 
PARAMETRIC_REPRESENTATION_CONTEXT() REPRESENTATION_CONTEXT('2D SPACE',''
  ) );
#11191 = PCURVE('',#10019,#11192);
#11192 = DEFINITIONAL_REPRESENTATION('',(#11193),#11197);
#11193 = LINE('',#11194,#11195);
#11194 = CARTESIAN_POINT('',(-5.125,-0.872586842254));
#11195 = VECTOR('',#11196,1.);
#11196 = DIRECTION('',(1.,0.));
#11197 = ( GEOMETRIC_REPRESENTATION_CONTEXT(2) 
PARAMETRIC_REPRESENTATION_CONTEXT() REPRESENTATION_CONTEXT('2D SPACE',''
  ) );
#11198 = ORIENTED_EDGE('',*,*,#11199,.F.);
#11199 = EDGE_CURVE('',#11200,#11177,#11202,.T.);
#11200 = VERTEX_POINT('',#11201);
#11201 = CARTESIAN_POINT('',(7.824232994761,-7.714056395387,-1.));
#11202 = SURFACE_CURVE('',#11203,(#11212,#11224),.PCURVE_S1.);
#11203 = B_SPLINE_CURVE_WITH_KNOTS('',3,(#11204,#11205,#11206,#11207,
    #11208,#11209,#11210,#11211),.UNSPECIFIED.,.F.,.F.,(4,2,2,4),(
    -0.148168924519,-0.113058770979,-7.796500804039E-02,
    -4.756620784571E-02),.UNSPECIFIED.);
#11204 = CARTESIAN_POINT('',(7.824232994761,-7.714056395387,-1.));
#11205 = CARTESIAN_POINT('',(7.700399037265,-7.590222437892,-1.));
#11206 = CARTESIAN_POINT('',(7.599056417229,-7.445736671668,-1.));
#11207 = CARTESIAN_POINT('',(7.450588282788,-7.128429260395,-1.));
#11208 = CARTESIAN_POINT('',(7.404554722732,-6.957992941262,-1.));
#11209 = CARTESIAN_POINT('',(7.375408787838,-6.632121299608,-1.));
#11210 = CARTESIAN_POINT('',(7.38490034563,-6.479847725637,-1.));
#11211 = CARTESIAN_POINT('',(7.416986108099,-6.331758925909,-1.));
#11212 = PCURVE('',#8902,#11213);
#11213 = DEFINITIONAL_REPRESENTATION('',(#11214),#11223);
#11214 = B_SPLINE_CURVE_WITH_KNOTS('',3,(#11215,#11216,#11217,#11218,
    #11219,#11220,#11221,#11222),.UNSPECIFIED.,.F.,.F.,(4,2,2,4),(
    -0.148168924519,-0.113058770979,-7.796500804039E-02,
    -4.756620784571E-02),.UNSPECIFIED.);
#11215 = CARTESIAN_POINT('',(7.824232994761,7.714056395387));
#11216 = CARTESIAN_POINT('',(7.700399037265,7.590222437892));
#11217 = CARTESIAN_POINT('',(7.599056417229,7.445736671668));
#11218 = CARTESIAN_POINT('',(7.450588282788,7.128429260395));
#11219 = CARTESIAN_POINT('',(7.404554722732,6.957992941262));
#11220 = CARTESIAN_POINT('',(7.375408787838,6.632121299608));
#11221 = CARTESIAN_POINT('',(7.38490034563,6.479847725637));
#11222 = CARTESIAN_POINT('',(7.416986108099,6.331758925909));
#11223 = ( GEOMETRIC_REPRESENTATION_CONTEXT(2) 
PARAMETRIC_REPRESENTATION_CONTEXT() REPRESENTATION_CONTEXT('2D SPACE',''
  ) );
#11224 = PCURVE('',#11225,#11258);
#11225 = B_SPLINE_SURFACE_WITH_KNOTS('',3,3,(
    (#11226,#11227,#11228,#11229,#11230,#11231,#11232,#11233)
    ,(#11234,#11235,#11236,#11237,#11238,#11239,#11240,#11241)
    ,(#11242,#11243,#11244,#11245,#11246,#11247,#11248,#11249)
    ,(#11250,#11251,#11252,#11253,#11254,#11255,#11256,#11257
  )),.UNSPECIFIED.,.F.,.F.,.F.,(4,4),(4,2,2,4),(0.,1.),(-0.148168924519,
    -0.113058770979,-7.796500804039E-02,-3.998022435762E-02),
  .UNSPECIFIED.);
#11226 = CARTESIAN_POINT('',(8.178464566264,-7.359824823884,
    -1.49999908014));
#11227 = CARTESIAN_POINT('',(8.099386009233,-7.273525906014,
    -1.499989286701));
#11228 = CARTESIAN_POINT('',(8.036551639876,-7.174795818709,
    -1.499899455196));
#11229 = CARTESIAN_POINT('',(7.947492051644,-6.962135183898,
    -1.499599978827));
#11230 = CARTESIAN_POINT('',(7.92187252061,-6.849806598099,
    -1.499394177694));
#11231 = CARTESIAN_POINT('',(7.908691472406,-6.613399343163,
    -1.498938203918));
#11232 = CARTESIAN_POINT('',(7.924503589401,-6.491247319285,
    -1.498692313169));
#11233 = CARTESIAN_POINT('',(7.961610554821,-6.37537164612,
    -1.498495886797));
#11234 = CARTESIAN_POINT('',(8.060387375763,-7.477902014385,
    -1.333332720094));
#11235 = CARTESIAN_POINT('',(7.966392247683,-7.379097184866,
    -1.333325983631));
#11236 = CARTESIAN_POINT('',(7.890720497975,-7.265109179222,
    -1.333266287827));
#11237 = CARTESIAN_POINT('',(7.781856577377,-7.017568909568,
    -1.333066622885));
#11238 = CARTESIAN_POINT('',(7.749433020802,-6.885870742992,
    -1.332929409379));
#11239 = CARTESIAN_POINT('',(7.729804386887,-6.607058151051,
    -1.332625493802));
#11240 = CARTESIAN_POINT('',(7.746686860492,-6.462098798563,
    -1.332461588548));
#11241 = CARTESIAN_POINT('',(7.789480875518,-6.324166250574,
    -1.332330591198));
#11242 = CARTESIAN_POINT('',(7.942310185262,-7.595979204886,
    -1.166666360047));
#11243 = CARTESIAN_POINT('',(7.833392798815,-7.484651159039,
    -1.166663303069));
#11244 = CARTESIAN_POINT('',(7.74488755913,-7.355423311155,
    -1.166633167369));
#11245 = CARTESIAN_POINT('',(7.616223757056,-7.072995534725,
    -1.166533355942));
#11246 = CARTESIAN_POINT('',(7.57699422254,-6.921928796369,
    -1.166464768315));
#11247 = CARTESIAN_POINT('',(7.550919908664,-6.600716879478,
    -1.166312710116));
#11248 = CARTESIAN_POINT('',(7.568887838636,-6.432933473845,
    -1.166230724621));
#11249 = CARTESIAN_POINT('',(7.617351196216,-6.272960855028,
    -1.166165295599));
#11250 = CARTESIAN_POINT('',(7.824232994761,-7.714056395387,-1.));
#11251 = CARTESIAN_POINT('',(7.700399037265,-7.590222437892,-1.));
#11252 = CARTESIAN_POINT('',(7.599056417229,-7.445736671668,-1.));
#11253 = CARTESIAN_POINT('',(7.450588282788,-7.128429260395,-1.));
#11254 = CARTESIAN_POINT('',(7.404554722732,-6.957992941262,-1.));
#11255 = CARTESIAN_POINT('',(7.372032823144,-6.594375687365,-1.));
#11256 = CARTESIAN_POINT('',(7.391071109727,-6.403784953123,-1.));
#11257 = CARTESIAN_POINT('',(7.445221516913,-6.221755459481,-1.));
#11258 = DEFINITIONAL_REPRESENTATION('',(#11259),#11263);
#11259 = LINE('',#11260,#11261);
#11260 = CARTESIAN_POINT('',(1.,8.326672684689E-17));
#11261 = VECTOR('',#11262,1.);
#11262 = DIRECTION('',(-2.659607590948E-13,1.));
#11263 = ( GEOMETRIC_REPRESENTATION_CONTEXT(2) 
PARAMETRIC_REPRESENTATION_CONTEXT() REPRESENTATION_CONTEXT('2D SPACE',''
  ) );
#11264 = ORIENTED_EDGE('',*,*,#11265,.F.);
#11265 = EDGE_CURVE('',#9489,#11200,#11266,.T.);
#11266 = SURFACE_CURVE('',#11267,(#11272,#11280),.PCURVE_S1.);
#11267 = B_SPLINE_CURVE_WITH_KNOTS('',3,(#11268,#11269,#11270,#11271),
  .UNSPECIFIED.,.F.,.F.,(4,4),(-0.582336123675,-0.577940565554),
  .PIECEWISE_BEZIER_KNOTS.);
#11268 = CARTESIAN_POINT('',(7.855314284304,-7.74513768493,-1.));
#11269 = CARTESIAN_POINT('',(7.844953854456,-7.734777255083,-1.));
#11270 = CARTESIAN_POINT('',(7.834593424608,-7.724416825235,-1.));
#11271 = CARTESIAN_POINT('',(7.824232994761,-7.714056395387,-1.));
#11272 = PCURVE('',#8902,#11273);
#11273 = DEFINITIONAL_REPRESENTATION('',(#11274),#11279);
#11274 = B_SPLINE_CURVE_WITH_KNOTS('',3,(#11275,#11276,#11277,#11278),
  .UNSPECIFIED.,.F.,.F.,(4,4),(-0.582336123675,-0.577940565554),
  .PIECEWISE_BEZIER_KNOTS.);
#11275 = CARTESIAN_POINT('',(7.855314284304,7.74513768493));
#11276 = CARTESIAN_POINT('',(7.844953854456,7.734777255083));
#11277 = CARTESIAN_POINT('',(7.834593424608,7.724416825235));
#11278 = CARTESIAN_POINT('',(7.824232994761,7.714056395387));
#11279 = ( GEOMETRIC_REPRESENTATION_CONTEXT(2) 
PARAMETRIC_REPRESENTATION_CONTEXT() REPRESENTATION_CONTEXT('2D SPACE',''
  ) );
#11280 = PCURVE('',#9527,#11281);
#11281 = DEFINITIONAL_REPRESENTATION('',(#11282),#11286);
#11282 = LINE('',#11283,#11284);
#11283 = CARTESIAN_POINT('',(1.,0.));
#11284 = VECTOR('',#11285,1.);
#11285 = DIRECTION('',(-7.072195119524E-13,1.));
#11286 = ( GEOMETRIC_REPRESENTATION_CONTEXT(2) 
PARAMETRIC_REPRESENTATION_CONTEXT() REPRESENTATION_CONTEXT('2D SPACE',''
  ) );
#11287 = ORIENTED_EDGE('',*,*,#9488,.F.);
#11288 = ORIENTED_EDGE('',*,*,#8884,.F.);
#11289 = ORIENTED_EDGE('',*,*,#9144,.F.);
#11290 = ORIENTED_EDGE('',*,*,#11291,.F.);
#11291 = EDGE_CURVE('',#11135,#9106,#11292,.T.);
#11292 = SURFACE_CURVE('',#11293,(#11298,#11306),.PCURVE_S1.);
#11293 = B_SPLINE_CURVE_WITH_KNOTS('',3,(#11294,#11295,#11296,#11297),
  .UNSPECIFIED.,.F.,.F.,(4,4),(0.491726769537,0.496122327667),
  .PIECEWISE_BEZIER_KNOTS.);
#11294 = CARTESIAN_POINT('',(-7.824232950995,-7.714056444756,-1.));
#11295 = CARTESIAN_POINT('',(-7.834593380864,-7.724416874625,-1.));
#11296 = CARTESIAN_POINT('',(-7.844953810733,-7.734777304494,-1.));
#11297 = CARTESIAN_POINT('',(-7.855314240602,-7.745137734363,-1.));
#11298 = PCURVE('',#8902,#11299);
#11299 = DEFINITIONAL_REPRESENTATION('',(#11300),#11305);
#11300 = B_SPLINE_CURVE_WITH_KNOTS('',3,(#11301,#11302,#11303,#11304),
  .UNSPECIFIED.,.F.,.F.,(4,4),(0.491726769537,0.496122327667),
  .PIECEWISE_BEZIER_KNOTS.);
#11301 = CARTESIAN_POINT('',(-7.824232950995,7.714056444756));
#11302 = CARTESIAN_POINT('',(-7.834593380864,7.724416874625));
#11303 = CARTESIAN_POINT('',(-7.844953810733,7.734777304494));
#11304 = CARTESIAN_POINT('',(-7.855314240602,7.745137734363));
#11305 = ( GEOMETRIC_REPRESENTATION_CONTEXT(2) 
PARAMETRIC_REPRESENTATION_CONTEXT() REPRESENTATION_CONTEXT('2D SPACE',''
  ) );
#11306 = PCURVE('',#9121,#11307);
#11307 = DEFINITIONAL_REPRESENTATION('',(#11308),#11312);
#11308 = LINE('',#11309,#11310);
#11309 = CARTESIAN_POINT('',(1.,1.665334536938E-16));
#11310 = VECTOR('',#11311,1.);
#11311 = DIRECTION('',(-5.051567932169E-13,1.));
#11312 = ( GEOMETRIC_REPRESENTATION_CONTEXT(2) 
PARAMETRIC_REPRESENTATION_CONTEXT() REPRESENTATION_CONTEXT('2D SPACE',''
  ) );
#11313 = ADVANCED_FACE('',(#11314),#9009,.T.);
#11314 = FACE_BOUND('',#11315,.T.);
#11315 = EDGE_LOOP('',(#11316,#11317,#11318,#11339));
#11316 = ORIENTED_EDGE('',*,*,#11107,.F.);
#11317 = ORIENTED_EDGE('',*,*,#11051,.F.);
#11318 = ORIENTED_EDGE('',*,*,#11319,.F.);
#11319 = EDGE_CURVE('',#8989,#11024,#11320,.T.);
#11320 = SURFACE_CURVE('',#11321,(#11325,#11332),.PCURVE_S1.);
#11321 = LINE('',#11322,#11323);
#11322 = CARTESIAN_POINT('',(-9.923904294101,-8.279231781575,-3.));
#11323 = VECTOR('',#11324,1.);
#11324 = DIRECTION('',(0.,0.,-1.));
#11325 = PCURVE('',#9009,#11326);
#11326 = DEFINITIONAL_REPRESENTATION('',(#11327),#11331);
#11327 = LINE('',#11328,#11329);
#11328 = CARTESIAN_POINT('',(4.148733666611,0.));
#11329 = VECTOR('',#11330,1.);
#11330 = DIRECTION('',(0.,-1.));
#11331 = ( GEOMETRIC_REPRESENTATION_CONTEXT(2) 
PARAMETRIC_REPRESENTATION_CONTEXT() REPRESENTATION_CONTEXT('2D SPACE',''
  ) );
#11332 = PCURVE('',#9038,#11333);
#11333 = DEFINITIONAL_REPRESENTATION('',(#11334),#11338);
#11334 = LINE('',#11335,#11336);
#11335 = CARTESIAN_POINT('',(5.305588756534,0.));
#11336 = VECTOR('',#11337,1.);
#11337 = DIRECTION('',(0.,-1.));
#11338 = ( GEOMETRIC_REPRESENTATION_CONTEXT(2) 
PARAMETRIC_REPRESENTATION_CONTEXT() REPRESENTATION_CONTEXT('2D SPACE',''
  ) );
#11339 = ORIENTED_EDGE('',*,*,#8988,.F.);
#11340 = ADVANCED_FACE('',(#11341),#9038,.T.);
#11341 = FACE_BOUND('',#11342,.T.);
#11342 = EDGE_LOOP('',(#11343,#11364,#11365,#11366));
#11343 = ORIENTED_EDGE('',*,*,#11344,.T.);
#11344 = EDGE_CURVE('',#11001,#9022,#11345,.T.);
#11345 = SURFACE_CURVE('',#11346,(#11350,#11357),.PCURVE_S1.);
#11346 = LINE('',#11347,#11348);
#11347 = CARTESIAN_POINT('',(-8.992864395853,-8.175581108428,-3.));
#11348 = VECTOR('',#11349,1.);
#11349 = DIRECTION('',(0.,0.,1.));
#11350 = PCURVE('',#9038,#11351);
#11351 = DEFINITIONAL_REPRESENTATION('',(#11352),#11356);
#11352 = LINE('',#11353,#11354);
#11353 = CARTESIAN_POINT('',(6.654642233706,0.));
#11354 = VECTOR('',#11355,1.);
#11355 = DIRECTION('',(0.,1.));
#11356 = ( GEOMETRIC_REPRESENTATION_CONTEXT(2) 
PARAMETRIC_REPRESENTATION_CONTEXT() REPRESENTATION_CONTEXT('2D SPACE',''
  ) );
#11357 = PCURVE('',#9064,#11358);
#11358 = DEFINITIONAL_REPRESENTATION('',(#11359),#11363);
#11359 = LINE('',#11360,#11361);
#11360 = CARTESIAN_POINT('',(-2.969448164722E-08,0.));
#11361 = VECTOR('',#11362,1.);
#11362 = DIRECTION('',(0.,1.));
#11363 = ( GEOMETRIC_REPRESENTATION_CONTEXT(2) 
PARAMETRIC_REPRESENTATION_CONTEXT() REPRESENTATION_CONTEXT('2D SPACE',''
  ) );
#11364 = ORIENTED_EDGE('',*,*,#9021,.T.);
#11365 = ORIENTED_EDGE('',*,*,#11319,.T.);
#11366 = ORIENTED_EDGE('',*,*,#11023,.T.);
#11367 = ADVANCED_FACE('',(#11368),#9064,.T.);
#11368 = FACE_BOUND('',#11369,.T.);
#11369 = EDGE_LOOP('',(#11370,#11371,#11372,#11373,#11374));
#11370 = ORIENTED_EDGE('',*,*,#9082,.F.);
#11371 = ORIENTED_EDGE('',*,*,#9050,.F.);
#11372 = ORIENTED_EDGE('',*,*,#11344,.F.);
#11373 = ORIENTED_EDGE('',*,*,#11000,.T.);
#11374 = ORIENTED_EDGE('',*,*,#11375,.F.);
#11375 = EDGE_CURVE('',#9083,#10838,#11376,.T.);
#11376 = SURFACE_CURVE('',#11377,(#11382,#11390),.PCURVE_S1.);
#11377 = B_SPLINE_CURVE_WITH_KNOTS('',3,(#11378,#11379,#11380,#11381),
  .UNSPECIFIED.,.F.,.F.,(4,4),(-0.242216344893,-9.163728418288E-02),
  .PIECEWISE_BEZIER_KNOTS.);
#11378 = CARTESIAN_POINT('',(-8.20886750523,-7.391584217805,
    -1.500000015537));
#11379 = CARTESIAN_POINT('',(-8.239952303573,-7.422669016148,
    -2.000001414222));
#11380 = CARTESIAN_POINT('',(-8.271047650487,-7.453764363062,
    -2.500001501228));
#11381 = CARTESIAN_POINT('',(-8.302155762526,-7.484872475101,-3.));
#11382 = PCURVE('',#9064,#11383);
#11383 = DEFINITIONAL_REPRESENTATION('',(#11384),#11389);
#11384 = B_SPLINE_CURVE_WITH_KNOTS('',3,(#11385,#11386,#11387,#11388),
  .UNSPECIFIED.,.F.,.F.,(4,4),(-0.242216344893,-9.163728418288E-02),
  .PIECEWISE_BEZIER_KNOTS.);
#11385 = CARTESIAN_POINT('',(1.108739005883,1.499999984463));
#11386 = CARTESIAN_POINT('',(1.064778462482,0.999998585778));
#11387 = CARTESIAN_POINT('',(1.020803001151,0.499998498772));
#11388 = CARTESIAN_POINT('',(0.976809487204,0.));
#11389 = ( GEOMETRIC_REPRESENTATION_CONTEXT(2) 
PARAMETRIC_REPRESENTATION_CONTEXT() REPRESENTATION_CONTEXT('2D SPACE',''
  ) );
#11390 = PCURVE('',#9953,#11391);
#11391 = DEFINITIONAL_REPRESENTATION('',(#11392),#11396);
#11392 = LINE('',#11393,#11394);
#11393 = CARTESIAN_POINT('',(1.,-4.163336342344E-16));
#11394 = VECTOR('',#11395,1.);
#11395 = DIRECTION('',(1.754779705853E-13,-1.));
#11396 = ( GEOMETRIC_REPRESENTATION_CONTEXT(2) 
PARAMETRIC_REPRESENTATION_CONTEXT() REPRESENTATION_CONTEXT('2D SPACE',''
  ) );
#11397 = ADVANCED_FACE('',(#11398),#9121,.T.);
#11398 = FACE_BOUND('',#11399,.T.);
#11399 = EDGE_LOOP('',(#11400,#11401,#11424,#11443));
#11400 = ORIENTED_EDGE('',*,*,#9105,.F.);
#11401 = ORIENTED_EDGE('',*,*,#11402,.T.);
#11402 = EDGE_CURVE('',#9083,#11403,#11405,.T.);
#11403 = VERTEX_POINT('',#11404);
#11404 = CARTESIAN_POINT('',(-8.178464522501,-7.35982487325,
    -1.49999908014));
#11405 = SURFACE_CURVE('',#11406,(#11411,#11418),.PCURVE_S1.);
#11406 = B_SPLINE_CURVE_WITH_KNOTS('',3,(#11407,#11408,#11409,#11410),
  .UNSPECIFIED.,.F.,.F.,(4,4),(-0.496122327667,-0.491726769537),
  .PIECEWISE_BEZIER_KNOTS.);
#11407 = CARTESIAN_POINT('',(-8.208867631195,-7.39158434377,-1.5));
#11408 = CARTESIAN_POINT('',(-8.198507201326,-7.3812239139,-1.5));
#11409 = CARTESIAN_POINT('',(-8.188372617236,-7.370637638253,
    -1.500000307203));
#11410 = CARTESIAN_POINT('',(-8.178464522501,-7.35982487325,
    -1.49999908014));
#11411 = PCURVE('',#9121,#11412);
#11412 = DEFINITIONAL_REPRESENTATION('',(#11413),#11417);
#11413 = LINE('',#11414,#11415);
#11414 = CARTESIAN_POINT('',(1.655103130976E-13,-1.110223024625E-16));
#11415 = VECTOR('',#11416,1.);
#11416 = DIRECTION('',(3.336533365662E-13,-1.));
#11417 = ( GEOMETRIC_REPRESENTATION_CONTEXT(2) 
PARAMETRIC_REPRESENTATION_CONTEXT() REPRESENTATION_CONTEXT('2D SPACE',''
  ) );
#11418 = PCURVE('',#9953,#11419);
#11419 = DEFINITIONAL_REPRESENTATION('',(#11420),#11423);
#11420 = B_SPLINE_CURVE_WITH_KNOTS('',1,(#11421,#11422),.UNSPECIFIED.,
  .F.,.F.,(2,2),(-0.496122327667,-0.491726769537),
  .PIECEWISE_BEZIER_KNOTS.);
#11421 = CARTESIAN_POINT('',(1.000000121481,0.242216344881));
#11422 = CARTESIAN_POINT('',(0.970248241779,0.242601411939));
#11423 = ( GEOMETRIC_REPRESENTATION_CONTEXT(2) 
PARAMETRIC_REPRESENTATION_CONTEXT() REPRESENTATION_CONTEXT('2D SPACE',''
  ) );
#11424 = ORIENTED_EDGE('',*,*,#11425,.F.);
#11425 = EDGE_CURVE('',#11135,#11403,#11426,.T.);
#11426 = SURFACE_CURVE('',#11427,(#11431,#11437),.PCURVE_S1.);
#11427 = LINE('',#11428,#11429);
#11428 = CARTESIAN_POINT('',(-7.824232950995,-7.714056444756,-1.));
#11429 = VECTOR('',#11430,1.);
#11430 = DIRECTION('',(-0.500479316578,0.500479316578,-0.706428274742));
#11431 = PCURVE('',#9121,#11432);
#11432 = DEFINITIONAL_REPRESENTATION('',(#11433),#11436);
#11433 = B_SPLINE_CURVE_WITH_KNOTS('',1,(#11434,#11435),.UNSPECIFIED.,
  .F.,.F.,(2,2),(0.,0.707784637192),.PIECEWISE_BEZIER_KNOTS.);
#11434 = CARTESIAN_POINT('',(1.,0.491726769537));
#11435 = CARTESIAN_POINT('',(3.018975627013E-15,0.491726769537));
#11436 = ( GEOMETRIC_REPRESENTATION_CONTEXT(2) 
PARAMETRIC_REPRESENTATION_CONTEXT() REPRESENTATION_CONTEXT('2D SPACE',''
  ) );
#11437 = PCURVE('',#11152,#11438);
#11438 = DEFINITIONAL_REPRESENTATION('',(#11439),#11442);
#11439 = B_SPLINE_CURVE_WITH_KNOTS('',1,(#11440,#11441),.UNSPECIFIED.,
  .F.,.F.,(2,2),(0.,0.707784637192),.PIECEWISE_BEZIER_KNOTS.);
#11440 = CARTESIAN_POINT('',(1.,2.452412536031E-17));
#11441 = CARTESIAN_POINT('',(3.214131415998E-15,-5.287916878051E-16));
#11442 = ( GEOMETRIC_REPRESENTATION_CONTEXT(2) 
PARAMETRIC_REPRESENTATION_CONTEXT() REPRESENTATION_CONTEXT('2D SPACE',''
  ) );
#11443 = ORIENTED_EDGE('',*,*,#11291,.T.);
#11444 = ADVANCED_FACE('',(#11445),#9527,.T.);
#11445 = FACE_BOUND('',#11446,.T.);
#11446 = EDGE_LOOP('',(#11447,#11468,#11489,#11490));
#11447 = ORIENTED_EDGE('',*,*,#11448,.F.);
#11448 = EDGE_CURVE('',#11449,#11200,#11451,.T.);
#11449 = VERTEX_POINT('',#11450);
#11450 = CARTESIAN_POINT('',(8.178464566264,-7.359824823884,
    -1.49999908014));
#11451 = SURFACE_CURVE('',#11452,(#11456,#11462),.PCURVE_S1.);
#11452 = LINE('',#11453,#11454);
#11453 = CARTESIAN_POINT('',(8.178464566264,-7.359824823884,
    -1.49999908014));
#11454 = VECTOR('',#11455,1.);
#11455 = DIRECTION('',(-0.500479316576,-0.500479316576,0.706428274745));
#11456 = PCURVE('',#9527,#11457);
#11457 = DEFINITIONAL_REPRESENTATION('',(#11458),#11461);
#11458 = B_SPLINE_CURVE_WITH_KNOTS('',1,(#11459,#11460),.UNSPECIFIED.,
  .F.,.F.,(2,2),(0.,0.707784637189),.PIECEWISE_BEZIER_KNOTS.);
#11459 = CARTESIAN_POINT('',(-1.842373567063E-15,-0.577940565554));
#11460 = CARTESIAN_POINT('',(1.,-0.577940565554));
#11461 = ( GEOMETRIC_REPRESENTATION_CONTEXT(2) 
PARAMETRIC_REPRESENTATION_CONTEXT() REPRESENTATION_CONTEXT('2D SPACE',''
  ) );
#11462 = PCURVE('',#11225,#11463);
#11463 = DEFINITIONAL_REPRESENTATION('',(#11464),#11467);
#11464 = B_SPLINE_CURVE_WITH_KNOTS('',1,(#11465,#11466),.UNSPECIFIED.,
  .F.,.F.,(2,2),(0.,0.707784637189),.PIECEWISE_BEZIER_KNOTS.);
#11465 = CARTESIAN_POINT('',(8.530504805843E-16,-0.148168924519));
#11466 = CARTESIAN_POINT('',(1.,-0.148168924519));
#11467 = ( GEOMETRIC_REPRESENTATION_CONTEXT(2) 
PARAMETRIC_REPRESENTATION_CONTEXT() REPRESENTATION_CONTEXT('2D SPACE',''
  ) );
#11468 = ORIENTED_EDGE('',*,*,#11469,.T.);
#11469 = EDGE_CURVE('',#11449,#9512,#11470,.T.);
#11470 = SURFACE_CURVE('',#11471,(#11476,#11483),.PCURVE_S1.);
#11471 = B_SPLINE_CURVE_WITH_KNOTS('',3,(#11472,#11473,#11474,#11475),
  .UNSPECIFIED.,.F.,.F.,(4,4),(0.577940565554,0.582336123675),
  .PIECEWISE_BEZIER_KNOTS.);
#11472 = CARTESIAN_POINT('',(8.178464566264,-7.359824823884,
    -1.49999908014));
#11473 = CARTESIAN_POINT('',(8.18837266098,-7.370637588863,
    -1.500000307203));
#11474 = CARTESIAN_POINT('',(8.19850724505,-7.381223864489,-1.5));
#11475 = CARTESIAN_POINT('',(8.208867674897,-7.391584294337,-1.5));
#11476 = PCURVE('',#9527,#11477);
#11477 = DEFINITIONAL_REPRESENTATION('',(#11478),#11482);
#11478 = LINE('',#11479,#11480);
#11479 = CARTESIAN_POINT('',(-2.291403614381E-13,0.));
#11480 = VECTOR('',#11481,1.);
#11481 = DIRECTION('',(3.94441042921E-13,-1.));
#11482 = ( GEOMETRIC_REPRESENTATION_CONTEXT(2) 
PARAMETRIC_REPRESENTATION_CONTEXT() REPRESENTATION_CONTEXT('2D SPACE',''
  ) );
#11483 = PCURVE('',#10076,#11484);
#11484 = DEFINITIONAL_REPRESENTATION('',(#11485),#11488);
#11485 = B_SPLINE_CURVE_WITH_KNOTS('',1,(#11486,#11487),.UNSPECIFIED.,
  .F.,.F.,(2,2),(0.577940565554,0.582336123675),
  .PIECEWISE_BEZIER_KNOTS.);
#11486 = CARTESIAN_POINT('',(0.970247925278,0.250648479934));
#11487 = CARTESIAN_POINT('',(1.000000121482,0.251033546991));
#11488 = ( GEOMETRIC_REPRESENTATION_CONTEXT(2) 
PARAMETRIC_REPRESENTATION_CONTEXT() REPRESENTATION_CONTEXT('2D SPACE',''
  ) );
#11489 = ORIENTED_EDGE('',*,*,#9511,.F.);
#11490 = ORIENTED_EDGE('',*,*,#11265,.T.);
#11491 = ADVANCED_FACE('',(#11492),#9564,.T.);
#11492 = FACE_BOUND('',#11493,.T.);
#11493 = EDGE_LOOP('',(#11494,#11495,#11520,#11543,#11564));
#11494 = ORIENTED_EDGE('',*,*,#9550,.F.);
#11495 = ORIENTED_EDGE('',*,*,#11496,.F.);
#11496 = EDGE_CURVE('',#11497,#9512,#11499,.T.);
#11497 = VERTEX_POINT('',#11498);
#11498 = CARTESIAN_POINT('',(8.302155806014,-7.484872425454,
    -2.999999999995));
#11499 = SURFACE_CURVE('',#11500,(#11505,#11513),.PCURVE_S1.);
#11500 = B_SPLINE_CURVE_WITH_KNOTS('',3,(#11501,#11502,#11503,#11504),
  .UNSPECIFIED.,.F.,.F.,(4,4),(-0.401612607686,-0.251033546979),
  .PIECEWISE_BEZIER_KNOTS.);
#11501 = CARTESIAN_POINT('',(8.302155806015,-7.484872425455,-3.));
#11502 = CARTESIAN_POINT('',(8.271047694051,-7.453764313492,
    -2.50000150123));
#11503 = CARTESIAN_POINT('',(8.239952347209,-7.422668966649,
    -2.000001414226));
#11504 = CARTESIAN_POINT('',(8.208867548932,-7.391584168372,
    -1.500000015544));
#11505 = PCURVE('',#9564,#11506);
#11506 = DEFINITIONAL_REPRESENTATION('',(#11507),#11512);
#11507 = B_SPLINE_CURVE_WITH_KNOTS('',3,(#11508,#11509,#11510,#11511),
  .UNSPECIFIED.,.F.,.F.,(4,4),(-0.401612607686,-0.251033546979),
  .PIECEWISE_BEZIER_KNOTS.);
#11508 = CARTESIAN_POINT('',(0.747466436714,0.));
#11509 = CARTESIAN_POINT('',(0.703472922876,0.49999849877));
#11510 = CARTESIAN_POINT('',(0.659497461645,0.999998585774));
#11511 = CARTESIAN_POINT('',(0.615536918337,1.499999984456));
#11512 = ( GEOMETRIC_REPRESENTATION_CONTEXT(2) 
PARAMETRIC_REPRESENTATION_CONTEXT() REPRESENTATION_CONTEXT('2D SPACE',''
  ) );
#11513 = PCURVE('',#10076,#11514);
#11514 = DEFINITIONAL_REPRESENTATION('',(#11515),#11519);
#11515 = LINE('',#11516,#11517);
#11516 = CARTESIAN_POINT('',(1.,0.));
#11517 = VECTOR('',#11518,1.);
#11518 = DIRECTION('',(6.561991337157E-14,-1.));
#11519 = ( GEOMETRIC_REPRESENTATION_CONTEXT(2) 
PARAMETRIC_REPRESENTATION_CONTEXT() REPRESENTATION_CONTEXT('2D SPACE',''
  ) );
#11520 = ORIENTED_EDGE('',*,*,#11521,.F.);
#11521 = EDGE_CURVE('',#11522,#11497,#11524,.T.);
#11522 = VERTEX_POINT('',#11523);
#11523 = CARTESIAN_POINT('',(8.992864431922,-8.175581051362,-3.));
#11524 = SURFACE_CURVE('',#11525,(#11529,#11536),.PCURVE_S1.);
#11525 = LINE('',#11526,#11527);
#11526 = CARTESIAN_POINT('',(8.992864431922,-8.175581051362,-3.));
#11527 = VECTOR('',#11528,1.);
#11528 = DIRECTION('',(-0.707106781187,0.707106781187,0.));
#11529 = PCURVE('',#9564,#11530);
#11530 = DEFINITIONAL_REPRESENTATION('',(#11531),#11535);
#11531 = LINE('',#11532,#11533);
#11532 = CARTESIAN_POINT('',(1.72427594312,0.));
#11533 = VECTOR('',#11534,1.);
#11534 = DIRECTION('',(-1.,0.));
#11535 = ( GEOMETRIC_REPRESENTATION_CONTEXT(2) 
PARAMETRIC_REPRESENTATION_CONTEXT() REPRESENTATION_CONTEXT('2D SPACE',''
  ) );
#11536 = PCURVE('',#9760,#11537);
#11537 = DEFINITIONAL_REPRESENTATION('',(#11538),#11542);
#11538 = LINE('',#11539,#11540);
#11539 = CARTESIAN_POINT('',(-0.814738127848,0.867978491592));
#11540 = VECTOR('',#11541,1.);
#11541 = DIRECTION('',(-0.707106781187,-0.707106781187));
#11542 = ( GEOMETRIC_REPRESENTATION_CONTEXT(2) 
PARAMETRIC_REPRESENTATION_CONTEXT() REPRESENTATION_CONTEXT('2D SPACE',''
  ) );
#11543 = ORIENTED_EDGE('',*,*,#11544,.T.);
#11544 = EDGE_CURVE('',#11522,#9582,#11545,.T.);
#11545 = SURFACE_CURVE('',#11546,(#11550,#11557),.PCURVE_S1.);
#11546 = LINE('',#11547,#11548);
#11547 = CARTESIAN_POINT('',(8.992864431922,-8.175581051362,-3.));
#11548 = VECTOR('',#11549,1.);
#11549 = DIRECTION('',(0.,0.,1.));
#11550 = PCURVE('',#9564,#11551);
#11551 = DEFINITIONAL_REPRESENTATION('',(#11552),#11556);
#11552 = LINE('',#11553,#11554);
#11553 = CARTESIAN_POINT('',(1.72427594312,0.));
#11554 = VECTOR('',#11555,1.);
#11555 = DIRECTION('',(0.,1.));
#11556 = ( GEOMETRIC_REPRESENTATION_CONTEXT(2) 
PARAMETRIC_REPRESENTATION_CONTEXT() REPRESENTATION_CONTEXT('2D SPACE',''
  ) );
#11557 = PCURVE('',#9621,#11558);
#11558 = DEFINITIONAL_REPRESENTATION('',(#11559),#11563);
#11559 = LINE('',#11560,#11561);
#11560 = CARTESIAN_POINT('',(-0.371456892772,0.));
#11561 = VECTOR('',#11562,1.);
#11562 = DIRECTION('',(0.,1.));
#11563 = ( GEOMETRIC_REPRESENTATION_CONTEXT(2) 
PARAMETRIC_REPRESENTATION_CONTEXT() REPRESENTATION_CONTEXT('2D SPACE',''
  ) );
#11564 = ORIENTED_EDGE('',*,*,#9581,.F.);
#11565 = ADVANCED_FACE('',(#11566),#9621,.T.);
#11566 = FACE_BOUND('',#11567,.T.);
#11567 = EDGE_LOOP('',(#11568,#11569,#11597,#11618));
#11568 = ORIENTED_EDGE('',*,*,#11544,.F.);
#11569 = ORIENTED_EDGE('',*,*,#11570,.T.);
#11570 = EDGE_CURVE('',#11522,#11571,#11573,.T.);
#11571 = VERTEX_POINT('',#11572);
#11572 = CARTESIAN_POINT('',(9.923904215636,-8.279231831169,-3.));
#11573 = SURFACE_CURVE('',#11574,(#11579,#11586),.PCURVE_S1.);
#11574 = CIRCLE('',#11575,0.75);
#11575 = AXIS2_PLACEMENT_3D('',#11576,#11577,#11578);
#11576 = CARTESIAN_POINT('',(9.523194517812,-7.645250965472,-3.));
#11577 = DIRECTION('',(0.,0.,1.));
#11578 = DIRECTION('',(-0.402220844068,-0.915542676557,0.));
#11579 = PCURVE('',#9621,#11580);
#11580 = DEFINITIONAL_REPRESENTATION('',(#11581),#11585);
#11581 = LINE('',#11582,#11583);
#11582 = CARTESIAN_POINT('',(-6.28318530718,0.));
#11583 = VECTOR('',#11584,1.);
#11584 = DIRECTION('',(1.,0.));
#11585 = ( GEOMETRIC_REPRESENTATION_CONTEXT(2) 
PARAMETRIC_REPRESENTATION_CONTEXT() REPRESENTATION_CONTEXT('2D SPACE',''
  ) );
#11586 = PCURVE('',#9760,#11587);
#11587 = DEFINITIONAL_REPRESENTATION('',(#11588),#11596);
#11588 = ( BOUNDED_CURVE() B_SPLINE_CURVE(2,(#11589,#11590,#11591,#11592
    ,#11593,#11594,#11595),.UNSPECIFIED.,.T.,.F.) 
B_SPLINE_CURVE_WITH_KNOTS((1,2,2,2,2,1),(-2.094395102393,0.,
    2.094395102393,4.188790204786,6.28318530718,8.377580409573),
.UNSPECIFIED.) CURVE() GEOMETRIC_REPRESENTATION_ITEM() 
RATIONAL_B_SPLINE_CURVE((1.,0.5,1.,0.5,1.,0.5,1.)) REPRESENTATION_ITEM(
  '') );
#11589 = CARTESIAN_POINT('',(-0.586073675009,1.02430541312));
#11590 = CARTESIAN_POINT('',(0.603251149212,1.546805616461));
#11591 = CARTESIAN_POINT('',(0.461087186677,0.255570003663));
#11592 = CARTESIAN_POINT('',(0.318923224143,-1.035665609134));
#11593 = CARTESIAN_POINT('',(-0.728237637544,-0.266930199678));
#11594 = CARTESIAN_POINT('',(-1.77539849923,0.501805209778));
#11595 = CARTESIAN_POINT('',(-0.586073675009,1.02430541312));
#11596 = ( GEOMETRIC_REPRESENTATION_CONTEXT(2) 
PARAMETRIC_REPRESENTATION_CONTEXT() REPRESENTATION_CONTEXT('2D SPACE',''
  ) );
#11597 = ORIENTED_EDGE('',*,*,#11598,.T.);
#11598 = EDGE_CURVE('',#11571,#9605,#11599,.T.);
#11599 = SURFACE_CURVE('',#11600,(#11604,#11611),.PCURVE_S1.);
#11600 = LINE('',#11601,#11602);
#11601 = CARTESIAN_POINT('',(9.923904215636,-8.279231831169,-3.));
#11602 = VECTOR('',#11603,1.);
#11603 = DIRECTION('',(0.,0.,1.));
#11604 = PCURVE('',#9621,#11605);
#11605 = DEFINITIONAL_REPRESENTATION('',(#11606),#11610);
#11606 = LINE('',#11607,#11608);
#11607 = CARTESIAN_POINT('',(0.977596550645,0.));
#11608 = VECTOR('',#11609,1.);
#11609 = DIRECTION('',(0.,1.));
#11610 = ( GEOMETRIC_REPRESENTATION_CONTEXT(2) 
PARAMETRIC_REPRESENTATION_CONTEXT() REPRESENTATION_CONTEXT('2D SPACE',''
  ) );
#11611 = PCURVE('',#9654,#11612);
#11612 = DEFINITIONAL_REPRESENTATION('',(#11613),#11617);
#11613 = LINE('',#11614,#11615);
#11614 = CARTESIAN_POINT('',(5.276044260405,0.));
#11615 = VECTOR('',#11616,1.);
#11616 = DIRECTION('',(0.,1.));
#11617 = ( GEOMETRIC_REPRESENTATION_CONTEXT(2) 
PARAMETRIC_REPRESENTATION_CONTEXT() REPRESENTATION_CONTEXT('2D SPACE',''
  ) );
#11618 = ORIENTED_EDGE('',*,*,#9604,.T.);
#11619 = ADVANCED_FACE('',(#11620),#9654,.T.);
#11620 = FACE_BOUND('',#11621,.T.);
#11621 = EDGE_LOOP('',(#11622,#11645,#11646,#11647));
#11622 = ORIENTED_EDGE('',*,*,#11623,.F.);
#11623 = EDGE_CURVE('',#9634,#11624,#11626,.T.);
#11624 = VERTEX_POINT('',#11625);
#11625 = CARTESIAN_POINT('',(10.779231831168,-7.423904215637,-3.));
#11626 = SURFACE_CURVE('',#11627,(#11631,#11638),.PCURVE_S1.);
#11627 = LINE('',#11628,#11629);
#11628 = CARTESIAN_POINT('',(10.779231831168,-7.423904215637,-3.));
#11629 = VECTOR('',#11630,1.);
#11630 = DIRECTION('',(0.,0.,-1.));
#11631 = PCURVE('',#9654,#11632);
#11632 = DEFINITIONAL_REPRESENTATION('',(#11633),#11637);
#11633 = LINE('',#11634,#11635);
#11634 = CARTESIAN_POINT('',(5.719530027159,0.));
#11635 = VECTOR('',#11636,1.);
#11636 = DIRECTION('',(0.,-1.));
#11637 = ( GEOMETRIC_REPRESENTATION_CONTEXT(2) 
PARAMETRIC_REPRESENTATION_CONTEXT() REPRESENTATION_CONTEXT('2D SPACE',''
  ) );
#11638 = PCURVE('',#9683,#11639);
#11639 = DEFINITIONAL_REPRESENTATION('',(#11640),#11644);
#11640 = LINE('',#11641,#11642);
#11641 = CARTESIAN_POINT('',(5.305588756534,0.));
#11642 = VECTOR('',#11643,1.);
#11643 = DIRECTION('',(0.,-1.));
#11644 = ( GEOMETRIC_REPRESENTATION_CONTEXT(2) 
PARAMETRIC_REPRESENTATION_CONTEXT() REPRESENTATION_CONTEXT('2D SPACE',''
  ) );
#11645 = ORIENTED_EDGE('',*,*,#9633,.F.);
#11646 = ORIENTED_EDGE('',*,*,#11598,.F.);
#11647 = ORIENTED_EDGE('',*,*,#11648,.F.);
#11648 = EDGE_CURVE('',#11624,#11571,#11649,.T.);
#11649 = SURFACE_CURVE('',#11650,(#11655,#11662),.PCURVE_S1.);
#11650 = CIRCLE('',#11651,2.75);
#11651 = AXIS2_PLACEMENT_3D('',#11652,#11653,#11654);
#11652 = CARTESIAN_POINT('',(8.454635323614,-5.954635323614,-3.));
#11653 = DIRECTION('',(0.,0.,-1.));
#11654 = DIRECTION('',(1.,0.,0.));
#11655 = PCURVE('',#9654,#11656);
#11656 = DEFINITIONAL_REPRESENTATION('',(#11657),#11661);
#11657 = LINE('',#11658,#11659);
#11658 = CARTESIAN_POINT('',(6.28318530718,0.));
#11659 = VECTOR('',#11660,1.);
#11660 = DIRECTION('',(-1.,0.));
#11661 = ( GEOMETRIC_REPRESENTATION_CONTEXT(2) 
PARAMETRIC_REPRESENTATION_CONTEXT() REPRESENTATION_CONTEXT('2D SPACE',''
  ) );
#11662 = PCURVE('',#9760,#11663);
#11663 = DEFINITIONAL_REPRESENTATION('',(#11664),#11668);
#11664 = CIRCLE('',#11665,2.75);
#11665 = AXIS2_PLACEMENT_2D('',#11666,#11667);
#11666 = CARTESIAN_POINT('',(-1.352967236156,-1.352967236156));
#11667 = DIRECTION('',(1.,0.));
#11668 = ( GEOMETRIC_REPRESENTATION_CONTEXT(2) 
PARAMETRIC_REPRESENTATION_CONTEXT() REPRESENTATION_CONTEXT('2D SPACE',''
  ) );
#11669 = ADVANCED_FACE('',(#11670),#9683,.T.);
#11670 = FACE_BOUND('',#11671,.T.);
#11671 = EDGE_LOOP('',(#11672,#11673,#11674,#11675));
#11672 = ORIENTED_EDGE('',*,*,#9721,.T.);
#11673 = ORIENTED_EDGE('',*,*,#9666,.T.);
#11674 = ORIENTED_EDGE('',*,*,#11623,.T.);
#11675 = ORIENTED_EDGE('',*,*,#11676,.T.);
#11676 = EDGE_CURVE('',#11624,#9722,#11677,.T.);
#11677 = SURFACE_CURVE('',#11678,(#11683,#11690),.PCURVE_S1.);
#11678 = CIRCLE('',#11679,0.75);
#11679 = AXIS2_PLACEMENT_3D('',#11680,#11681,#11682);
#11680 = CARTESIAN_POINT('',(10.145250965472,-7.023194517813,-3.));
#11681 = DIRECTION('',(0.,0.,1.));
#11682 = DIRECTION('',(0.915542676557,0.402220844067,-0.));
#11683 = PCURVE('',#9683,#11684);
#11684 = DEFINITIONAL_REPRESENTATION('',(#11685),#11689);
#11685 = LINE('',#11686,#11687);
#11686 = CARTESIAN_POINT('',(8.881784197001E-16,0.));
#11687 = VECTOR('',#11688,1.);
#11688 = DIRECTION('',(1.,0.));
#11689 = ( GEOMETRIC_REPRESENTATION_CONTEXT(2) 
PARAMETRIC_REPRESENTATION_CONTEXT() REPRESENTATION_CONTEXT('2D SPACE',''
  ) );
#11690 = PCURVE('',#9760,#11691);
#11691 = DEFINITIONAL_REPRESENTATION('',(#11692),#11700);
#11692 = ( BOUNDED_CURVE() B_SPLINE_CURVE(2,(#11693,#11694,#11695,#11696
    ,#11697,#11698,#11699),.UNSPECIFIED.,.T.,.F.) 
B_SPLINE_CURVE_WITH_KNOTS((1,2,2,2,2,1),(-2.094395102393,0.,
    2.094395102393,4.188790204786,6.28318530718,8.377580409573),
.UNSPECIFIED.) CURVE() GEOMETRIC_REPRESENTATION_ITEM() 
RATIONAL_B_SPLINE_CURVE((1.,0.5,1.,0.5,1.,0.5,1.)) REPRESENTATION_ITEM(
  '') );
#11693 = CARTESIAN_POINT('',(1.024305413119,-0.586073675008));
#11694 = CARTESIAN_POINT('',(0.501805209779,-1.775398499229));
#11695 = CARTESIAN_POINT('',(-0.266930199678,-0.728237637543));
#11696 = CARTESIAN_POINT('',(-1.035665609135,0.318923224143));
#11697 = CARTESIAN_POINT('',(0.255570003663,0.461087186678));
#11698 = CARTESIAN_POINT('',(1.54680561646,0.603251149213));
#11699 = CARTESIAN_POINT('',(1.024305413119,-0.586073675008));
#11700 = ( GEOMETRIC_REPRESENTATION_CONTEXT(2) 
PARAMETRIC_REPRESENTATION_CONTEXT() REPRESENTATION_CONTEXT('2D SPACE',''
  ) );
#11701 = ADVANCED_FACE('',(#11702),#9760,.T.);
#11702 = FACE_BOUND('',#11703,.T.);
#11703 = EDGE_LOOP('',(#11704,#11865,#11866,#11867,#11868,#11869,#11870,
    #11871));
#11704 = ORIENTED_EDGE('',*,*,#11705,.F.);
#11705 = EDGE_CURVE('',#10200,#11497,#11706,.T.);
#11706 = SURFACE_CURVE('',#11707,(#11748,#11792),.PCURVE_S1.);
#11707 = B_SPLINE_CURVE_WITH_KNOTS('',3,(#11708,#11709,#11710,#11711,
    #11712,#11713,#11714,#11715,#11716,#11717,#11718,#11719,#11720,
    #11721,#11722,#11723,#11724,#11725,#11726,#11727,#11728,#11729,
    #11730,#11731,#11732,#11733,#11734,#11735,#11736,#11737,#11738,
    #11739,#11740,#11741,#11742,#11743,#11744,#11745,#11746,#11747),
  .UNSPECIFIED.,.F.,.F.,(4,3,3,3,3,3,3,3,3,3,3,3,3,4),(0.,
    1.306872495168E-02,2.651378914891E-02,3.893517788713E-02,
    5.237509339294E-02,6.570716139244E-02,7.797375646885E-02,
    8.407150180576E-02,9.728433374123E-02,0.110699561169,0.112588097052,
    0.125998359444,0.139290935516,0.147220308474),.UNSPECIFIED.);
#11708 = CARTESIAN_POINT('',(8.22881354001,-6.146453840214,
    -3.000000000237));
#11709 = CARTESIAN_POINT('',(8.201443735391,-6.180344575477,
    -3.000000040282));
#11710 = CARTESIAN_POINT('',(8.176549391453,-6.21598247819,
    -2.99998600331));
#11711 = CARTESIAN_POINT('',(8.154132658841,-6.253064990553,
    -2.999969181203));
#11712 = CARTESIAN_POINT('',(8.131070392998,-6.291215365679,
    -2.999951874671));
#11713 = CARTESIAN_POINT('',(8.110630026955,-6.330895710501,
    -2.99993158917));
#11714 = CARTESIAN_POINT('',(8.092858333197,-6.371809606275,
    -2.999915799784));
#11715 = CARTESIAN_POINT('',(8.076439734263,-6.409608414577,
    -2.999901212564));
#11716 = CARTESIAN_POINT('',(8.062299190159,-6.448461129696,
    -2.999890380139));
#11717 = CARTESIAN_POINT('',(8.050510861932,-6.488146730134,
    -2.999886085782));
#11718 = CARTESIAN_POINT('',(8.037755916518,-6.531086463196,
    -2.999881439298));
#11719 = CARTESIAN_POINT('',(8.027838255091,-6.5747176962,
    -2.999884374723));
#11720 = CARTESIAN_POINT('',(8.020789296881,-6.61874233607,-2.9998943915
    ));
#11721 = CARTESIAN_POINT('',(8.01379690246,-6.662413703806,
    -2.999904327899));
#11722 = CARTESIAN_POINT('',(8.009627168024,-6.706473325396,
    -2.999921173546));
#11723 = CARTESIAN_POINT('',(8.008359049418,-6.750643499792,
    -2.99994060958));
#11724 = CARTESIAN_POINT('',(8.007192276382,-6.791283679829,
    -2.999958492324));
#11725 = CARTESIAN_POINT('',(8.008482217471,-6.832018239984,
    -2.999978496999));
#11726 = CARTESIAN_POINT('',(8.012329270317,-6.87262869966,
    -2.999994975062));
#11727 = CARTESIAN_POINT('',(8.014241646849,-6.892816228439,
    -3.000003166336));
#11728 = CARTESIAN_POINT('',(8.016781255052,-6.912917189621,
    -3.000010387546));
#11729 = CARTESIAN_POINT('',(8.01995351057,-6.932905217337,
    -3.000015781583));
#11730 = CARTESIAN_POINT('',(8.026827277299,-6.976216053775,
    -3.000027469591));
#11731 = CARTESIAN_POINT('',(8.036667917786,-7.018997155546,
    -3.0000307663));
#11732 = CARTESIAN_POINT('',(8.049294154517,-7.060995864386,
    -3.000030688758));
#11733 = CARTESIAN_POINT('',(8.062113801216,-7.103637913683,
    -3.000030610028));
#11734 = CARTESIAN_POINT('',(8.077805467364,-7.145474509053,
    -3.000026958202));
#11735 = CARTESIAN_POINT('',(8.096229851042,-7.18622611715,
    -3.000022785999));
#11736 = CARTESIAN_POINT('',(8.098823553601,-7.191962946782,
    -3.000022198655));
#11737 = CARTESIAN_POINT('',(8.101471486744,-7.197678234395,
    -3.000021598868));
#11738 = CARTESIAN_POINT('',(8.104173332866,-7.203371156843,
    -3.000020993432));
#11739 = CARTESIAN_POINT('',(8.12335881181,-7.243795903049,
    -3.000016694301));
#11740 = CARTESIAN_POINT('',(8.145151247785,-7.282868054298,
    -3.000012090292));
#11741 = CARTESIAN_POINT('',(8.16937586716,-7.320324652808,
    -3.00000858492));
#11742 = CARTESIAN_POINT('',(8.193387895149,-7.357452538197,
    -3.000005110311));
#11743 = CARTESIAN_POINT('',(8.219790230616,-7.392994098803,
    -3.000002614202));
#11744 = CARTESIAN_POINT('',(8.248456543609,-7.426668937661,
    -3.000001246448));
#11745 = CARTESIAN_POINT('',(8.265556756974,-7.446756869083,
    -3.000000430546));
#11746 = CARTESIAN_POINT('',(8.283463386285,-7.466180005725,-3.));
#11747 = CARTESIAN_POINT('',(8.302155806015,-7.484872425455,-3.));
#11748 = PCURVE('',#9760,#11749);
#11749 = DEFINITIONAL_REPRESENTATION('',(#11750),#11791);
#11750 = B_SPLINE_CURVE_WITH_KNOTS('',3,(#11751,#11752,#11753,#11754,
    #11755,#11756,#11757,#11758,#11759,#11760,#11761,#11762,#11763,
    #11764,#11765,#11766,#11767,#11768,#11769,#11770,#11771,#11772,
    #11773,#11774,#11775,#11776,#11777,#11778,#11779,#11780,#11781,
    #11782,#11783,#11784,#11785,#11786,#11787,#11788,#11789,#11790),
  .UNSPECIFIED.,.F.,.F.,(4,3,3,3,3,3,3,3,3,3,3,3,3,4),(0.,
    1.306872495168E-02,2.651378914891E-02,3.893517788713E-02,
    5.237509339294E-02,6.570716139244E-02,7.797375646885E-02,
    8.407150180576E-02,9.728433374123E-02,0.110699561169,0.112588097052,
    0.125998359444,0.139290935516,0.147220308474),.UNSPECIFIED.);
#11751 = CARTESIAN_POINT('',(-1.57878901976,-1.161148719556));
#11752 = CARTESIAN_POINT('',(-1.606158824379,-1.127257984293));
#11753 = CARTESIAN_POINT('',(-1.631053168318,-1.091620081581));
#11754 = CARTESIAN_POINT('',(-1.653469900929,-1.054537569217));
#11755 = CARTESIAN_POINT('',(-1.676532166772,-1.016387194091));
#11756 = CARTESIAN_POINT('',(-1.696972532815,-0.97670684927));
#11757 = CARTESIAN_POINT('',(-1.714744226573,-0.935792953496));
#11758 = CARTESIAN_POINT('',(-1.731162825507,-0.897994145193));
#11759 = CARTESIAN_POINT('',(-1.745303369611,-0.859141430074));
#11760 = CARTESIAN_POINT('',(-1.757091697838,-0.819455829637));
#11761 = CARTESIAN_POINT('',(-1.769846643252,-0.776516096574));
#11762 = CARTESIAN_POINT('',(-1.779764304679,-0.73288486357));
#11763 = CARTESIAN_POINT('',(-1.78681326289,-0.6888602237));
#11764 = CARTESIAN_POINT('',(-1.79380565731,-0.645188855964));
#11765 = CARTESIAN_POINT('',(-1.797975391746,-0.601129234374));
#11766 = CARTESIAN_POINT('',(-1.799243510353,-0.556959059978));
#11767 = CARTESIAN_POINT('',(-1.800410283388,-0.516318879941));
#11768 = CARTESIAN_POINT('',(-1.799120342299,-0.475584319787));
#11769 = CARTESIAN_POINT('',(-1.795273289453,-0.43497386011));
#11770 = CARTESIAN_POINT('',(-1.793360912921,-0.414786331332));
#11771 = CARTESIAN_POINT('',(-1.790821304718,-0.394685370149));
#11772 = CARTESIAN_POINT('',(-1.7876490492,-0.374697342433));
#11773 = CARTESIAN_POINT('',(-1.780775282472,-0.331386505996));
#11774 = CARTESIAN_POINT('',(-1.770934641984,-0.288605404224));
#11775 = CARTESIAN_POINT('',(-1.758308405253,-0.246606695384));
#11776 = CARTESIAN_POINT('',(-1.745488758555,-0.203964646087));
#11777 = CARTESIAN_POINT('',(-1.729797092407,-0.162128050718));
#11778 = CARTESIAN_POINT('',(-1.711372708729,-0.12137644262));
#11779 = CARTESIAN_POINT('',(-1.708779006169,-0.115639612989));
#11780 = CARTESIAN_POINT('',(-1.706131073026,-0.109924325376));
#11781 = CARTESIAN_POINT('',(-1.703429226904,-0.104231402927));
#11782 = CARTESIAN_POINT('',(-1.68424374796,-6.38066567216E-02));
#11783 = CARTESIAN_POINT('',(-1.662451311985,-2.4734505472E-02));
#11784 = CARTESIAN_POINT('',(-1.63822669261,1.27220930376E-02));
#11785 = CARTESIAN_POINT('',(-1.614214664621,4.98499784269E-02));
#11786 = CARTESIAN_POINT('',(-1.587812329154,8.53915390331E-02));
#11787 = CARTESIAN_POINT('',(-1.559146016162,0.11906637789));
#11788 = CARTESIAN_POINT('',(-1.542045802796,0.139154309313));
#11789 = CARTESIAN_POINT('',(-1.524139173485,0.158577445954));
#11790 = CARTESIAN_POINT('',(-1.505446753756,0.177269865684));
#11791 = ( GEOMETRIC_REPRESENTATION_CONTEXT(2) 
PARAMETRIC_REPRESENTATION_CONTEXT() REPRESENTATION_CONTEXT('2D SPACE',''
  ) );
#11792 = PCURVE('',#10076,#11793);
#11793 = DEFINITIONAL_REPRESENTATION('',(#11794),#11864);
#11794 = B_SPLINE_CURVE_WITH_KNOTS('',3,(#11795,#11796,#11797,#11798,
    #11799,#11800,#11801,#11802,#11803,#11804,#11805,#11806,#11807,
    #11808,#11809,#11810,#11811,#11812,#11813,#11814,#11815,#11816,
    #11817,#11818,#11819,#11820,#11821,#11822,#11823,#11824,#11825,
    #11826,#11827,#11828,#11829,#11830,#11831,#11832,#11833,#11834,
    #11835,#11836,#11837,#11838,#11839,#11840,#11841,#11842,#11843,
    #11844,#11845,#11846,#11847,#11848,#11849,#11850,#11851,#11852,
    #11853,#11854,#11855,#11856,#11857,#11858,#11859,#11860,#11861,
    #11862,#11863),.UNSPECIFIED.,.F.,.F.,(4,1,1,1,1,1,1,1,1,1,1,1,1,1,1,
    1,1,1,1,1,1,1,1,1,1,1,1,1,1,1,1,1,1,1,1,1,1,1,1,1,1,1,1,1,1,1,1,1,1,
    1,1,1,1,1,1,1,1,1,1,1,1,1,1,1,1,1,4),(0.,2.230610734448E-03,
    4.461221468896E-03,6.691832203344E-03,8.922442937792E-03,
    1.115305367224E-02,1.338366440669E-02,1.561427514114E-02,
    1.784488587558E-02,2.007549661003E-02,2.230610734448E-02,
    2.453671807893E-02,2.676732881338E-02,2.899793954783E-02,
    3.122855028227E-02,3.345916101672E-02,3.568977175117E-02,
    3.792038248562E-02,4.015099322007E-02,4.238160395451E-02,
    4.461221468896E-02,4.684282542341E-02,4.907343615786E-02,
    5.130404689231E-02,5.353465762675E-02,5.57652683612E-02,
    5.799587909565E-02,6.02264898301E-02,6.245710056455E-02,
    6.4687711299E-02,6.691832203344E-02,6.914893276789E-02,
    7.137954350234E-02,7.361015423679E-02,7.584076497124E-02,
    7.807137570568E-02,8.030198644013E-02,8.253259717458E-02,
    8.476320790903E-02,8.699381864348E-02,8.922442937792E-02,
    9.145504011237E-02,9.368565084682E-02,9.591626158127E-02,
    9.814687231572E-02,0.10037748305,0.102608093785,0.104838704519,
    0.107069315254,0.109299925988,0.111530536722,0.113761147457,
    0.115991758191,0.118222368926,0.12045297966,0.122683590395,
    0.124914201129,0.127144811864,0.129375422598,0.131606033332,
    0.133836644067,0.136067254801,0.138297865536,0.14052847627,
    0.142759087005,0.144989697739,0.147220308474),
  .QUASI_UNIFORM_KNOTS.);
#11795 = CARTESIAN_POINT('',(0.,0.392863363131));
#11796 = CARTESIAN_POINT('',(5.074377183936E-03,0.39287026129));
#11797 = CARTESIAN_POINT('',(1.521739676731E-02,0.3928855006));
#11798 = CARTESIAN_POINT('',(3.041663817192E-02,0.39291266656));
#11799 = CARTESIAN_POINT('',(4.560251490353E-02,0.392944117537));
#11800 = CARTESIAN_POINT('',(6.077692605909E-02,0.392979831548));
#11801 = CARTESIAN_POINT('',(7.594174910633E-02,0.393019786617));
#11802 = CARTESIAN_POINT('',(9.109878072912E-02,0.393063960764));
#11803 = CARTESIAN_POINT('',(0.106249905871,0.393112332012));
#11804 = CARTESIAN_POINT('',(0.121397033456,0.393164878381));
#11805 = CARTESIAN_POINT('',(0.13654203295,0.393221577889));
#11806 = CARTESIAN_POINT('',(0.151686793248,0.393282408557));
#11807 = CARTESIAN_POINT('',(0.166833202786,0.393347348405));
#11808 = CARTESIAN_POINT('',(0.181983112082,0.393416375462));
#11809 = CARTESIAN_POINT('',(0.197138453116,0.393489467724));
#11810 = CARTESIAN_POINT('',(0.212301076516,0.393566603306));
#11811 = CARTESIAN_POINT('',(0.227472767146,0.393647759871));
#11812 = CARTESIAN_POINT('',(0.24265559109,0.393732916766));
#11813 = CARTESIAN_POINT('',(0.257850767299,0.393822047067));
#11814 = CARTESIAN_POINT('',(0.273062785614,0.393915147253));
#11815 = CARTESIAN_POINT('',(0.288254320951,0.394011938757));
#11816 = CARTESIAN_POINT('',(0.303432286182,0.394112403354));
#11817 = CARTESIAN_POINT('',(0.31859725838,0.394216486728));
#11818 = CARTESIAN_POINT('',(0.333751473177,0.394324144237));
#11819 = CARTESIAN_POINT('',(0.348896682483,0.394435328646));
#11820 = CARTESIAN_POINT('',(0.364034681001,0.394549993412));
#11821 = CARTESIAN_POINT('',(0.379167418552,0.39466809181));
#11822 = CARTESIAN_POINT('',(0.394296755139,0.394789577161));
#11823 = CARTESIAN_POINT('',(0.409424570422,0.394914402777));
#11824 = CARTESIAN_POINT('',(0.42455274464,0.395042521964));
#11825 = CARTESIAN_POINT('',(0.439683156894,0.395173888058));
#11826 = CARTESIAN_POINT('',(0.454817659777,0.395308454286));
#11827 = CARTESIAN_POINT('',(0.469958211986,0.39544617427));
#11828 = CARTESIAN_POINT('',(0.485106491521,0.395587000172));
#11829 = CARTESIAN_POINT('',(0.500264788718,0.395730889597));
#11830 = CARTESIAN_POINT('',(0.515433402881,0.395877779836));
#11831 = CARTESIAN_POINT('',(0.530620177281,0.396027683997));
#11832 = CARTESIAN_POINT('',(0.545804719842,0.39618033045));
#11833 = CARTESIAN_POINT('',(0.560972313854,0.39633548844));
#11834 = CARTESIAN_POINT('',(0.576129272379,0.396493139667));
#11835 = CARTESIAN_POINT('',(0.591276235567,0.396653208903));
#11836 = CARTESIAN_POINT('',(0.606415416859,0.396815636177));
#11837 = CARTESIAN_POINT('',(0.621548620821,0.396980357428));
#11838 = CARTESIAN_POINT('',(0.636677749473,0.39714730969));
#11839 = CARTESIAN_POINT('',(0.651804663243,0.397316429705));
#11840 = CARTESIAN_POINT('',(0.666931167254,0.39748765429));
#11841 = CARTESIAN_POINT('',(0.682059206975,0.397660920255));
#11842 = CARTESIAN_POINT('',(0.697190597643,0.39783616436));
#11843 = CARTESIAN_POINT('',(0.712327205889,0.39801332358));
#11844 = CARTESIAN_POINT('',(0.727470855271,0.398192334074));
#11845 = CARTESIAN_POINT('',(0.742623622732,0.398373135049));
#11846 = CARTESIAN_POINT('',(0.757786696612,0.39855565434));
#11847 = CARTESIAN_POINT('',(0.772964582933,0.398739862217));
#11848 = CARTESIAN_POINT('',(0.788125721404,0.398925282058));
#11849 = CARTESIAN_POINT('',(0.803275872976,0.399111889133));
#11850 = CARTESIAN_POINT('',(0.818415897003,0.399299599991));
#11851 = CARTESIAN_POINT('',(0.8335479347,0.399488346915));
#11852 = CARTESIAN_POINT('',(0.848673750854,0.399678057971));
#11853 = CARTESIAN_POINT('',(0.863795135032,0.399868662354));
#11854 = CARTESIAN_POINT('',(0.878914025567,0.400060088957));
#11855 = CARTESIAN_POINT('',(0.894032249822,0.400252266758));
#11856 = CARTESIAN_POINT('',(0.90915166718,0.400445124709));
#11857 = CARTESIAN_POINT('',(0.92427414456,0.400638591769));
#11858 = CARTESIAN_POINT('',(0.939401551051,0.400832596896));
#11859 = CARTESIAN_POINT('',(0.954535751208,0.401027069045));
#11860 = CARTESIAN_POINT('',(0.969678605777,0.401221937175));
#11861 = CARTESIAN_POINT('',(0.984831937495,0.401417130244));
#11862 = CARTESIAN_POINT('',(0.994942398558,0.401547428221));
#11863 = CARTESIAN_POINT('',(1.,0.401612607686));
#11864 = ( GEOMETRIC_REPRESENTATION_CONTEXT(2) 
PARAMETRIC_REPRESENTATION_CONTEXT() REPRESENTATION_CONTEXT('2D SPACE',''
  ) );
#11865 = ORIENTED_EDGE('',*,*,#10199,.T.);
#11866 = ORIENTED_EDGE('',*,*,#10251,.F.);
#11867 = ORIENTED_EDGE('',*,*,#9744,.F.);
#11868 = ORIENTED_EDGE('',*,*,#11676,.F.);
#11869 = ORIENTED_EDGE('',*,*,#11648,.T.);
#11870 = ORIENTED_EDGE('',*,*,#11570,.F.);
#11871 = ORIENTED_EDGE('',*,*,#11521,.T.);
#11872 = ADVANCED_FACE('',(#11873),#9953,.F.);
#11873 = FACE_BOUND('',#11874,.F.);
#11874 = EDGE_LOOP('',(#11875,#11899,#11900,#11901,#11902,#11903,#11904,
    #11927));
#11875 = ORIENTED_EDGE('',*,*,#11876,.T.);
#11876 = EDGE_CURVE('',#11877,#9909,#11879,.T.);
#11877 = VERTEX_POINT('',#11878);
#11878 = CARTESIAN_POINT('',(-7.934761626033,-6.331758907211,
    -1.000000000001));
#11879 = SURFACE_CURVE('',#11880,(#11885,#11891),.PCURVE_S1.);
#11880 = B_SPLINE_CURVE_WITH_KNOTS('',3,(#11881,#11882,#11883,#11884),
  .UNSPECIFIED.,.F.,.F.,(4,4),(0.426860595393,0.435611170361),
  .PIECEWISE_BEZIER_KNOTS.);
#11881 = CARTESIAN_POINT('',(-7.9361077052,-6.332219407192,
    -0.99988770101));
#11882 = CARTESIAN_POINT('',(-7.934547778431,-6.329677784142,
    -0.970836287158));
#11883 = CARTESIAN_POINT('',(-7.932988805598,-6.327136048173,
    -0.941784427699));
#11884 = CARTESIAN_POINT('',(-7.931430760728,-6.324594279042,
    -0.912732141083));
#11885 = PCURVE('',#9953,#11886);
#11886 = DEFINITIONAL_REPRESENTATION('',(#11887),#11890);
#11887 = B_SPLINE_CURVE_WITH_KNOTS('',1,(#11888,#11889),.UNSPECIFIED.,
  .F.,.F.,(2,2),(0.426860621925,0.435611170361),
  .PIECEWISE_BEZIER_KNOTS.);
#11888 = CARTESIAN_POINT('',(0.247028322539,0.30028337791));
#11889 = CARTESIAN_POINT('',(0.24564039901,0.309041317882));
#11890 = ( GEOMETRIC_REPRESENTATION_CONTEXT(2) 
PARAMETRIC_REPRESENTATION_CONTEXT() REPRESENTATION_CONTEXT('2D SPACE',''
  ) );
#11891 = PCURVE('',#10019,#11892);
#11892 = DEFINITIONAL_REPRESENTATION('',(#11893),#11898);
#11893 = B_SPLINE_CURVE_WITH_KNOTS('',3,(#11894,#11895,#11896,#11897),
  .UNSPECIFIED.,.F.,.F.,(4,4),(0.426860595393,0.435611170361),
  .PIECEWISE_BEZIER_KNOTS.);
#11894 = CARTESIAN_POINT('',(-18.1861077052,-0.872515105814));
#11895 = CARTESIAN_POINT('',(-18.18454777843,-0.843352724318));
#11896 = CARTESIAN_POINT('',(-18.18298880559,-0.814189889069));
#11897 = CARTESIAN_POINT('',(-18.18143076072,-0.785026625398));
#11898 = ( GEOMETRIC_REPRESENTATION_CONTEXT(2) 
PARAMETRIC_REPRESENTATION_CONTEXT() REPRESENTATION_CONTEXT('2D SPACE',''
  ) );
#11899 = ORIENTED_EDGE('',*,*,#9908,.F.);
#11900 = ORIENTED_EDGE('',*,*,#10785,.F.);
#11901 = ORIENTED_EDGE('',*,*,#10837,.F.);
#11902 = ORIENTED_EDGE('',*,*,#11375,.F.);
#11903 = ORIENTED_EDGE('',*,*,#11402,.T.);
#11904 = ORIENTED_EDGE('',*,*,#11905,.T.);
#11905 = EDGE_CURVE('',#11403,#11906,#11908,.T.);
#11906 = VERTEX_POINT('',#11907);
#11907 = CARTESIAN_POINT('',(-7.961610526908,-6.375371646206,
    -1.498495886707));
#11908 = SURFACE_CURVE('',#11909,(#11914,#11920),.PCURVE_S1.);
#11909 = B_SPLINE_CURVE_WITH_KNOTS('',3,(#11910,#11911,#11912,#11913),
  .UNSPECIFIED.,.F.,.F.,(4,4),(0.,0.108235128318),
  .PIECEWISE_BEZIER_KNOTS.);
#11910 = CARTESIAN_POINT('',(-8.178464522501,-7.35982487325,
    -1.49999908014));
#11911 = CARTESIAN_POINT('',(-7.934722266126,-7.093827442875,
    -1.499968894016));
#11912 = CARTESIAN_POINT('',(-7.856044232537,-6.705028439652,
    -1.499054703609));
#11913 = CARTESIAN_POINT('',(-7.961610526938,-6.375371646112,
    -1.498495886707));
#11914 = PCURVE('',#9953,#11915);
#11915 = DEFINITIONAL_REPRESENTATION('',(#11916),#11919);
#11916 = B_SPLINE_CURVE_WITH_KNOTS('',1,(#11917,#11918),.UNSPECIFIED.,
  .F.,.F.,(2,2),(0.,0.108235128318),.PIECEWISE_BEZIER_KNOTS.);
#11917 = CARTESIAN_POINT('',(0.970248241779,0.242601411939));
#11918 = CARTESIAN_POINT('',(0.254907917125,0.250190630023));
#11919 = ( GEOMETRIC_REPRESENTATION_CONTEXT(2) 
PARAMETRIC_REPRESENTATION_CONTEXT() REPRESENTATION_CONTEXT('2D SPACE',''
  ) );
#11920 = PCURVE('',#11152,#11921);
#11921 = DEFINITIONAL_REPRESENTATION('',(#11922),#11926);
#11922 = LINE('',#11923,#11924);
#11923 = CARTESIAN_POINT('',(2.537223637325E-15,1.356160500962E-16));
#11924 = VECTOR('',#11925,1.);
#11925 = DIRECTION('',(-2.602540025163E-14,-1.));
#11926 = ( GEOMETRIC_REPRESENTATION_CONTEXT(2) 
PARAMETRIC_REPRESENTATION_CONTEXT() REPRESENTATION_CONTEXT('2D SPACE',''
  ) );
#11927 = ORIENTED_EDGE('',*,*,#11928,.F.);
#11928 = EDGE_CURVE('',#11877,#11906,#11929,.T.);
#11929 = SURFACE_CURVE('',#11930,(#11935,#11941),.PCURVE_S1.);
#11930 = B_SPLINE_CURVE_WITH_KNOTS('',3,(#11931,#11932,#11933,#11934),
  .UNSPECIFIED.,.F.,.F.,(4,4),(-0.208687657982,-0.158584355225),
  .PIECEWISE_BEZIER_KNOTS.);
#11931 = CARTESIAN_POINT('',(-7.9361077052,-6.332219407192,
    -0.99988770101));
#11932 = CARTESIAN_POINT('',(-7.945030918134,-6.346758449047,
    -1.166070852604));
#11933 = CARTESIAN_POINT('',(-7.9539849211,-6.361295903783,
    -1.332242737871));
#11934 = CARTESIAN_POINT('',(-7.96296866189,-6.37583037034,
    -1.498382902345));
#11935 = PCURVE('',#9953,#11936);
#11936 = DEFINITIONAL_REPRESENTATION('',(#11937),#11940);
#11937 = B_SPLINE_CURVE_WITH_KNOTS('',1,(#11938,#11939),.UNSPECIFIED.,
  .F.,.F.,(2,2),(-0.208687657982,-0.158584413423),
  .PIECEWISE_BEZIER_KNOTS.);
#11938 = CARTESIAN_POINT('',(0.247028326743,0.300283351356));
#11939 = CARTESIAN_POINT('',(0.254924916277,0.250190696241));
#11940 = ( GEOMETRIC_REPRESENTATION_CONTEXT(2) 
PARAMETRIC_REPRESENTATION_CONTEXT() REPRESENTATION_CONTEXT('2D SPACE',''
  ) );
#11941 = PCURVE('',#10019,#11942);
#11942 = DEFINITIONAL_REPRESENTATION('',(#11943),#11948);
#11943 = B_SPLINE_CURVE_WITH_KNOTS('',3,(#11944,#11945,#11946,#11947),
  .UNSPECIFIED.,.F.,.F.,(4,4),(-0.208687657982,-0.158584355225),
  .PIECEWISE_BEZIER_KNOTS.);
#11944 = CARTESIAN_POINT('',(-18.1861077052,-0.872515105814));
#11945 = CARTESIAN_POINT('',(-18.19503091813,-1.039333041335));
#11946 = CARTESIAN_POINT('',(-18.2039849211,-1.206139615075));
#11947 = CARTESIAN_POINT('',(-18.21296866189,-1.372914328293));
#11948 = ( GEOMETRIC_REPRESENTATION_CONTEXT(2) 
PARAMETRIC_REPRESENTATION_CONTEXT() REPRESENTATION_CONTEXT('2D SPACE',''
  ) );
#11949 = ADVANCED_FACE('',(#11950),#10019,.F.);
#11950 = FACE_BOUND('',#11951,.T.);
#11951 = EDGE_LOOP('',(#11952,#11953,#11977,#12001,#12058,#12059,#12116,
    #12117));
#11952 = ORIENTED_EDGE('',*,*,#10003,.F.);
#11953 = ORIENTED_EDGE('',*,*,#11954,.T.);
#11954 = EDGE_CURVE('',#10004,#11955,#11957,.T.);
#11955 = VERTEX_POINT('',#11956);
#11956 = CARTESIAN_POINT('',(7.934761653268,-6.331758907211,
    -1.000000000001));
#11957 = SURFACE_CURVE('',#11958,(#11963,#11971),.PCURVE_S1.);
#11958 = B_SPLINE_CURVE_WITH_KNOTS('',3,(#11959,#11960,#11961,#11962),
  .UNSPECIFIED.,.F.,.F.,(4,4),(0.184125362333,0.192877000603),
  .PIECEWISE_BEZIER_KNOTS.);
#11959 = CARTESIAN_POINT('',(7.931461143639,-6.324590192087,
    -0.912730508574));
#11960 = CARTESIAN_POINT('',(7.933019268065,-6.327131951695,
    -0.941782827986));
#11961 = CARTESIAN_POINT('',(7.934578318032,-6.329673674576,
    -0.970834684365));
#11962 = CARTESIAN_POINT('',(7.936138318587,-6.332215283137,
    -0.999886056416));
#11963 = PCURVE('',#10019,#11964);
#11964 = DEFINITIONAL_REPRESENTATION('',(#11965),#11970);
#11965 = B_SPLINE_CURVE_WITH_KNOTS('',3,(#11966,#11967,#11968,#11969),
  .UNSPECIFIED.,.F.,.F.,(4,4),(0.184125362333,0.192877000603),
  .PIECEWISE_BEZIER_KNOTS.);
#11966 = CARTESIAN_POINT('',(-2.318538856361,-0.785024642899));
#11967 = CARTESIAN_POINT('',(-2.316980731935,-0.814187938412));
#11968 = CARTESIAN_POINT('',(-2.315421681968,-0.843350769451));
#11969 = CARTESIAN_POINT('',(-2.313861681413,-0.872513108043));
#11970 = ( GEOMETRIC_REPRESENTATION_CONTEXT(2) 
PARAMETRIC_REPRESENTATION_CONTEXT() REPRESENTATION_CONTEXT('2D SPACE',''
  ) );
#11971 = PCURVE('',#10076,#11972);
#11972 = DEFINITIONAL_REPRESENTATION('',(#11973),#11976);
#11973 = B_SPLINE_CURVE_WITH_KNOTS('',1,(#11974,#11975),.UNSPECIFIED.,
  .F.,.F.,(2,2),(0.184125376982,0.192877000603),
  .PIECEWISE_BEZIER_KNOTS.);
#11974 = CARTESIAN_POINT('',(0.245640447172,0.184208588868));
#11975 = CARTESIAN_POINT('',(0.247028372594,0.192966540735));
#11976 = ( GEOMETRIC_REPRESENTATION_CONTEXT(2) 
PARAMETRIC_REPRESENTATION_CONTEXT() REPRESENTATION_CONTEXT('2D SPACE',''
  ) );
#11977 = ORIENTED_EDGE('',*,*,#11978,.F.);
#11978 = EDGE_CURVE('',#11979,#11955,#11981,.T.);
#11979 = VERTEX_POINT('',#11980);
#11980 = CARTESIAN_POINT('',(7.961610554771,-6.375371646277,
    -1.498495886797));
#11981 = SURFACE_CURVE('',#11982,(#11987,#11995),.PCURVE_S1.);
#11982 = B_SPLINE_CURVE_WITH_KNOTS('',3,(#11983,#11984,#11985,#11986),
  .UNSPECIFIED.,.F.,.F.,(4,4),(-0.151381381792,-0.101277693791),
  .PIECEWISE_BEZIER_KNOTS.);
#11983 = CARTESIAN_POINT('',(7.963000534211,-6.375826033091,
    -1.498381192364));
#11984 = CARTESIAN_POINT('',(7.954016393578,-6.361291654651,
    -1.332241195983));
#11985 = CARTESIAN_POINT('',(7.945061975319,-6.346754268067,
    -1.166069335232));
#11986 = CARTESIAN_POINT('',(7.936138318587,-6.332215283137,
    -0.999886056416));
#11987 = PCURVE('',#10019,#11988);
#11988 = DEFINITIONAL_REPRESENTATION('',(#11989),#11994);
#11989 = B_SPLINE_CURVE_WITH_KNOTS('',3,(#11990,#11991,#11992,#11993),
  .UNSPECIFIED.,.F.,.F.,(4,4),(-0.151381381792,-0.101277693791),
  .PIECEWISE_BEZIER_KNOTS.);
#11990 = CARTESIAN_POINT('',(-2.286999465789,-1.372912246803));
#11991 = CARTESIAN_POINT('',(-2.295983606422,-1.206137708719));
#11992 = CARTESIAN_POINT('',(-2.304938024681,-1.039331165341));
#11993 = CARTESIAN_POINT('',(-2.313861681413,-0.872513108043));
#11994 = ( GEOMETRIC_REPRESENTATION_CONTEXT(2) 
PARAMETRIC_REPRESENTATION_CONTEXT() REPRESENTATION_CONTEXT('2D SPACE',''
  ) );
#11995 = PCURVE('',#10076,#11996);
#11996 = DEFINITIONAL_REPRESENTATION('',(#11997),#12000);
#11997 = B_SPLINE_CURVE_WITH_KNOTS('',1,(#11998,#11999),.UNSPECIFIED.,
  .F.,.F.,(2,2),(-0.151381359838,-0.101277702999),
  .PIECEWISE_BEZIER_KNOTS.);
#11998 = CARTESIAN_POINT('',(0.254924967946,0.243059232095));
#11999 = CARTESIAN_POINT('',(0.247028374052,0.192966549942));
#12000 = ( GEOMETRIC_REPRESENTATION_CONTEXT(2) 
PARAMETRIC_REPRESENTATION_CONTEXT() REPRESENTATION_CONTEXT('2D SPACE',''
  ) );
#12001 = ORIENTED_EDGE('',*,*,#12002,.F.);
#12002 = EDGE_CURVE('',#11177,#11979,#12003,.T.);
#12003 = SURFACE_CURVE('',#12004,(#12015,#12029),.PCURVE_S1.);
#12004 = B_SPLINE_CURVE_WITH_KNOTS('',3,(#12005,#12006,#12007,#12008,
    #12009,#12010,#12011,#12012,#12013,#12014),.UNSPECIFIED.,.F.,.F.,(4,
    3,3,4),(0.,3.642173209231E-02,5.729653843136E-02,7.277805987867E-02)
  ,.UNSPECIFIED.);
#12005 = CARTESIAN_POINT('',(7.416986250406,-6.331758269102,-1.));
#12006 = CARTESIAN_POINT('',(7.506037639093,-6.338949826691,
    -1.082204354566));
#12007 = CARTESIAN_POINT('',(7.597989087964,-6.346357727117,
    -1.166864599931));
#12008 = CARTESIAN_POINT('',(7.687573719864,-6.353540200399,
    -1.248955726651));
#12009 = CARTESIAN_POINT('',(7.738918390599,-6.357656773945,
    -1.296005558551));
#12010 = CARTESIAN_POINT('',(7.791817941281,-6.361889017044,
    -1.344350172583));
#12011 = CARTESIAN_POINT('',(7.844686146435,-6.366096512309,
    -1.392461341889));
#12012 = CARTESIAN_POINT('',(7.883895145008,-6.369216945004,
    -1.428142348331));
#12013 = CARTESIAN_POINT('',(7.923086454331,-6.372326958404,
    -1.463694946964));
#12014 = CARTESIAN_POINT('',(7.961610554821,-6.37537164612,
    -1.498495886797));
#12015 = PCURVE('',#10019,#12016);
#12016 = DEFINITIONAL_REPRESENTATION('',(#12017),#12028);
#12017 = B_SPLINE_CURVE_WITH_KNOTS('',3,(#12018,#12019,#12020,#12021,
    #12022,#12023,#12024,#12025,#12026,#12027),.UNSPECIFIED.,.F.,.F.,(4,
    3,3,4),(0.,3.642173209231E-02,5.729653843136E-02,7.277805987867E-02)
  ,.UNSPECIFIED.);
#12018 = CARTESIAN_POINT('',(-2.833013749594,-0.87258678664));
#12019 = CARTESIAN_POINT('',(-2.743962360907,-0.955105114361));
#12020 = CARTESIAN_POINT('',(-2.652010912036,-1.040088842997));
#12021 = CARTESIAN_POINT('',(-2.562426280136,-1.12249358199));
#12022 = CARTESIAN_POINT('',(-2.511081609401,-1.169723158099));
#12023 = CARTESIAN_POINT('',(-2.458182058719,-1.21825267057));
#12024 = CARTESIAN_POINT('',(-2.405313853565,-1.266547469727));
#12025 = CARTESIAN_POINT('',(-2.366104854992,-1.302364662796));
#12026 = CARTESIAN_POINT('',(-2.326913545669,-1.338053028586));
#12027 = CARTESIAN_POINT('',(-2.288389445179,-1.372986902355));
#12028 = ( GEOMETRIC_REPRESENTATION_CONTEXT(2) 
PARAMETRIC_REPRESENTATION_CONTEXT() REPRESENTATION_CONTEXT('2D SPACE',''
  ) );
#12029 = PCURVE('',#11225,#12030);
#12030 = DEFINITIONAL_REPRESENTATION('',(#12031),#12057);
#12031 = B_SPLINE_CURVE_WITH_KNOTS('',3,(#12032,#12033,#12034,#12035,
    #12036,#12037,#12038,#12039,#12040,#12041,#12042,#12043,#12044,
    #12045,#12046,#12047,#12048,#12049,#12050,#12051,#12052,#12053,
    #12054,#12055,#12056),.UNSPECIFIED.,.F.,.F.,(4,1,1,1,1,1,1,1,1,1,1,1
    ,1,1,1,1,1,1,1,1,1,1,4),(0.,3.308093630849E-03,6.616187261698E-03,
    9.924280892546E-03,1.32323745234E-02,1.654046815424E-02,
    1.984856178509E-02,2.315665541594E-02,2.646474904679E-02,
    2.977284267764E-02,3.308093630849E-02,3.638902993934E-02,
    3.969712357019E-02,4.300521720103E-02,4.631331083188E-02,
    4.962140446273E-02,5.292949809358E-02,5.623759172443E-02,
    5.954568535528E-02,6.285377898613E-02,6.616187261698E-02,
    6.946996624783E-02,7.277805987867E-02),.QUASI_UNIFORM_KNOTS.);
#12032 = CARTESIAN_POINT('',(1.,-4.756616290388E-02));
#12033 = CARTESIAN_POINT('',(0.985025814436,-4.749432008082E-02));
#12034 = CARTESIAN_POINT('',(0.954995957512,-4.734788273025E-02));
#12035 = CARTESIAN_POINT('',(0.909751978208,-4.71197103524E-02));
#12036 = CARTESIAN_POINT('',(0.864354069772,-4.688276266591E-02));
#12037 = CARTESIAN_POINT('',(0.818847492372,-4.663677272744E-02));
#12038 = CARTESIAN_POINT('',(0.773277559529,-4.638146985979E-02));
#12039 = CARTESIAN_POINT('',(0.72768940128,-4.61165782668E-02));
#12040 = CARTESIAN_POINT('',(0.682128840778,-4.584182479311E-02));
#12041 = CARTESIAN_POINT('',(0.636639109846,-4.555691701819E-02));
#12042 = CARTESIAN_POINT('',(0.591273092872,-4.526163232375E-02));
#12043 = CARTESIAN_POINT('',(0.546047615731,-4.49554943852E-02));
#12044 = CARTESIAN_POINT('',(0.501114023265,-4.463899086262E-02));
#12045 = CARTESIAN_POINT('',(0.456121554187,-4.430904097406E-02));
#12046 = CARTESIAN_POINT('',(0.410719436348,-4.396198401294E-02));
#12047 = CARTESIAN_POINT('',(0.365094263935,-4.359796286184E-02));
#12048 = CARTESIAN_POINT('',(0.319288725885,-4.321607200096E-02));
#12049 = CARTESIAN_POINT('',(0.273384092326,-4.281566084744E-02));
#12050 = CARTESIAN_POINT('',(0.227451315597,-4.23959872576E-02));
#12051 = CARTESIAN_POINT('',(0.181564096126,-4.195632130769E-02));
#12052 = CARTESIAN_POINT('',(0.135795319435,-4.14960234438E-02));
#12053 = CARTESIAN_POINT('',(9.021823060348E-02,-4.101435872748E-02));
#12054 = CARTESIAN_POINT('',(4.490594544621E-02,-4.051062046066E-02));
#12055 = CARTESIAN_POINT('',(1.492299058343E-02,-4.01596272522E-02));
#12056 = CARTESIAN_POINT('',(0.,-3.998022435762E-02));
#12057 = ( GEOMETRIC_REPRESENTATION_CONTEXT(2) 
PARAMETRIC_REPRESENTATION_CONTEXT() REPRESENTATION_CONTEXT('2D SPACE',''
  ) );
#12058 = ORIENTED_EDGE('',*,*,#11176,.F.);
#12059 = ORIENTED_EDGE('',*,*,#12060,.F.);
#12060 = EDGE_CURVE('',#11906,#11133,#12061,.T.);
#12061 = SURFACE_CURVE('',#12062,(#12073,#12087),.PCURVE_S1.);
#12062 = B_SPLINE_CURVE_WITH_KNOTS('',3,(#12063,#12064,#12065,#12066,
    #12067,#12068,#12069,#12070,#12071,#12072),.UNSPECIFIED.,.F.,.F.,(4,
    3,3,4),(0.,2.72697297642E-02,3.640545739825E-02,7.33414733488E-02),
  .UNSPECIFIED.);
#12063 = CARTESIAN_POINT('',(-7.961610526938,-6.375371646112,
    -1.498495886707));
#12064 = CARTESIAN_POINT('',(-7.894274102214,-6.370049824721,
    -1.437667189858));
#12065 = CARTESIAN_POINT('',(-7.82493443977,-6.364539525025,
    -1.374553428548));
#12066 = CARTESIAN_POINT('',(-7.757047952675,-6.359111307214,
    -1.312484796578));
#12067 = CARTESIAN_POINT('',(-7.734305062976,-6.357292780962,
    -1.291690966892));
#12068 = CARTESIAN_POINT('',(-7.711725144373,-6.355483445083,
    -1.271014445954));
#12069 = CARTESIAN_POINT('',(-7.689437547446,-6.353696211882,
    -1.250580464076));
#12070 = CARTESIAN_POINT('',(-7.599328136509,-6.346470375404,
    -1.167965273386));
#12071 = CARTESIAN_POINT('',(-7.506819447124,-6.339007411514,
    -1.082727192689));
#12072 = CARTESIAN_POINT('',(-7.417281883582,-6.331756036187,-1.));
#12073 = PCURVE('',#10019,#12074);
#12074 = DEFINITIONAL_REPRESENTATION('',(#12075),#12086);
#12075 = B_SPLINE_CURVE_WITH_KNOTS('',3,(#12076,#12077,#12078,#12079,
    #12080,#12081,#12082,#12083,#12084,#12085),.UNSPECIFIED.,.F.,.F.,(4,
    3,3,4),(0.,2.72697297642E-02,3.640545739825E-02,7.33414733488E-02),
  .UNSPECIFIED.);
#12076 = CARTESIAN_POINT('',(-18.21161052693,-1.372986902265));
#12077 = CARTESIAN_POINT('',(-18.14427410221,-1.311925849676));
#12078 = CARTESIAN_POINT('',(-18.07493443977,-1.24857200102));
#12079 = CARTESIAN_POINT('',(-18.00704795267,-1.186266458578));
#12080 = CARTESIAN_POINT('',(-17.98430506297,-1.165393260685));
#12081 = CARTESIAN_POINT('',(-17.96172514437,-1.14463772614));
#12082 = CARTESIAN_POINT('',(-17.93943754744,-1.124125734095));
#12083 = CARTESIAN_POINT('',(-17.8493281365,-1.041195146003));
#12084 = CARTESIAN_POINT('',(-17.75681944712,-0.955630981775));
#12085 = CARTESIAN_POINT('',(-17.66728188358,-0.872586592028));
#12086 = ( GEOMETRIC_REPRESENTATION_CONTEXT(2) 
PARAMETRIC_REPRESENTATION_CONTEXT() REPRESENTATION_CONTEXT('2D SPACE',''
  ) );
#12087 = PCURVE('',#11152,#12088);
#12088 = DEFINITIONAL_REPRESENTATION('',(#12089),#12115);
#12089 = B_SPLINE_CURVE_WITH_KNOTS('',3,(#12090,#12091,#12092,#12093,
    #12094,#12095,#12096,#12097,#12098,#12099,#12100,#12101,#12102,
    #12103,#12104,#12105,#12106,#12107,#12108,#12109,#12110,#12111,
    #12112,#12113,#12114),.UNSPECIFIED.,.F.,.F.,(4,1,1,1,1,1,1,1,1,1,1,1
    ,1,1,1,1,1,1,1,1,1,1,4),(0.,3.333703334036E-03,6.667406668073E-03,
    1.000111000211E-02,1.333481333615E-02,1.666851667018E-02,
    2.000222000422E-02,2.333592333825E-02,2.666962667229E-02,
    3.000333000633E-02,3.333703334036E-02,3.66707366744E-02,
    4.000444000844E-02,4.333814334247E-02,4.667184667651E-02,
    5.000555001055E-02,5.333925334458E-02,5.667295667862E-02,
    6.000666001266E-02,6.334036334669E-02,6.667406668073E-02,
    7.000777001476E-02,7.33414733488E-02),.QUASI_UNIFORM_KNOTS.);
#12090 = CARTESIAN_POINT('',(0.,-0.108235128318));
#12091 = CARTESIAN_POINT('',(1.492297414074E-02,-0.108055441014));
#12092 = CARTESIAN_POINT('',(4.490517577549E-02,-0.107703909813));
#12093 = CARTESIAN_POINT('',(9.021417578105E-02,-0.107199455299));
#12094 = CARTESIAN_POINT('',(0.135785829019,-0.106717164083));
#12095 = CARTESIAN_POINT('',(0.18154702752,-0.106256325886));
#12096 = CARTESIAN_POINT('',(0.227424571134,-0.105816224119));
#12097 = CARTESIAN_POINT('',(0.273345471926,-0.105396138364));
#12098 = CARTESIAN_POINT('',(0.319235856546,-0.104995360749));
#12099 = CARTESIAN_POINT('',(0.365025128839,-0.104613169869));
#12100 = CARTESIAN_POINT('',(0.410630480602,-0.104248952645));
#12101 = CARTESIAN_POINT('',(0.456014908048,-0.103901730433));
#12102 = CARTESIAN_POINT('',(0.500970573242,-0.103571736163));
#12103 = CARTESIAN_POINT('',(0.545939256075,-0.103254685005));
#12104 = CARTESIAN_POINT('',(0.591179079532,-0.102948193536));
#12105 = CARTESIAN_POINT('',(0.636563369467,-0.102652557076));
#12106 = CARTESIAN_POINT('',(0.682068540379,-0.102367346113));
#12107 = CARTESIAN_POINT('',(0.727643372302,-0.102092321449));
#12108 = CARTESIAN_POINT('',(0.773244042716,-0.101827191688));
#12109 = CARTESIAN_POINT('',(0.818824743902,-0.10157168054));
#12110 = CARTESIAN_POINT('',(0.864340200489,-0.101325510689));
#12111 = CARTESIAN_POINT('',(0.909744998149,-0.101088409962));
#12112 = CARTESIAN_POINT('',(0.954993765124,-0.100860110299));
#12113 = CARTESIAN_POINT('',(0.985025341156,-0.100713604755));
#12114 = CARTESIAN_POINT('',(1.,-0.100641731857));
#12115 = ( GEOMETRIC_REPRESENTATION_CONTEXT(2) 
PARAMETRIC_REPRESENTATION_CONTEXT() REPRESENTATION_CONTEXT('2D SPACE',''
  ) );
#12116 = ORIENTED_EDGE('',*,*,#11928,.F.);
#12117 = ORIENTED_EDGE('',*,*,#11876,.T.);
#12118 = ADVANCED_FACE('',(#12119),#10076,.F.);
#12119 = FACE_BOUND('',#12120,.F.);
#12120 = EDGE_LOOP('',(#12121,#12122,#12123,#12124,#12125,#12126,#12127,
    #12152));
#12121 = ORIENTED_EDGE('',*,*,#11496,.F.);
#12122 = ORIENTED_EDGE('',*,*,#11705,.F.);
#12123 = ORIENTED_EDGE('',*,*,#10223,.F.);
#12124 = ORIENTED_EDGE('',*,*,#10031,.F.);
#12125 = ORIENTED_EDGE('',*,*,#11954,.T.);
#12126 = ORIENTED_EDGE('',*,*,#11978,.F.);
#12127 = ORIENTED_EDGE('',*,*,#12128,.T.);
#12128 = EDGE_CURVE('',#11979,#11449,#12129,.T.);
#12129 = SURFACE_CURVE('',#12130,(#12139,#12145),.PCURVE_S1.);
#12130 = B_SPLINE_CURVE_WITH_KNOTS('',3,(#12131,#12132,#12133,#12134,
    #12135,#12136,#12137,#12138),.UNSPECIFIED.,.F.,.F.,(4,2,2,4),(
    3.998022435762E-02,7.796500804039E-02,0.113058770979,0.148168924519)
  ,.UNSPECIFIED.);
#12131 = CARTESIAN_POINT('',(7.961610554821,-6.37537164612,
    -1.498495886797));
#12132 = CARTESIAN_POINT('',(7.924503589401,-6.491247319285,
    -1.498692313169));
#12133 = CARTESIAN_POINT('',(7.908691472406,-6.613399343163,
    -1.498938203918));
#12134 = CARTESIAN_POINT('',(7.92187252061,-6.849806598099,
    -1.499394177694));
#12135 = CARTESIAN_POINT('',(7.947492051644,-6.962135183898,
    -1.499599978827));
#12136 = CARTESIAN_POINT('',(8.036551639876,-7.174795818709,
    -1.499899455196));
#12137 = CARTESIAN_POINT('',(8.099386009233,-7.273525906014,
    -1.499989286701));
#12138 = CARTESIAN_POINT('',(8.178464566264,-7.359824823884,
    -1.49999908014));
#12139 = PCURVE('',#10076,#12140);
#12140 = DEFINITIONAL_REPRESENTATION('',(#12141),#12144);
#12141 = B_SPLINE_CURVE_WITH_KNOTS('',1,(#12142,#12143),.UNSPECIFIED.,
  .F.,.F.,(2,2),(3.998022435762E-02,0.148168924519),
  .PIECEWISE_BEZIER_KNOTS.);
#12142 = CARTESIAN_POINT('',(0.25491720932,0.243059262315));
#12143 = CARTESIAN_POINT('',(0.970247925278,0.250648479934));
#12144 = ( GEOMETRIC_REPRESENTATION_CONTEXT(2) 
PARAMETRIC_REPRESENTATION_CONTEXT() REPRESENTATION_CONTEXT('2D SPACE',''
  ) );
#12145 = PCURVE('',#11225,#12146);
#12146 = DEFINITIONAL_REPRESENTATION('',(#12147),#12151);
#12147 = LINE('',#12148,#12149);
#12148 = CARTESIAN_POINT('',(1.773042367275E-16,1.734723475977E-16));
#12149 = VECTOR('',#12150,1.);
#12150 = DIRECTION('',(9.052085656542E-15,-1.));
#12151 = ( GEOMETRIC_REPRESENTATION_CONTEXT(2) 
PARAMETRIC_REPRESENTATION_CONTEXT() REPRESENTATION_CONTEXT('2D SPACE',''
  ) );
#12152 = ORIENTED_EDGE('',*,*,#11469,.T.);
#12153 = ADVANCED_FACE('',(#12154),#10488,.T.);
#12154 = FACE_BOUND('',#12155,.T.);
#12155 = EDGE_LOOP('',(#12156,#12189,#12210,#12211,#12212));
#12156 = ORIENTED_EDGE('',*,*,#12157,.T.);
#12157 = EDGE_CURVE('',#12158,#12158,#12160,.T.);
#12158 = VERTEX_POINT('',#12159);
#12159 = CARTESIAN_POINT('',(-1.53751134295,-2.007283228522E-13,-1.));
#12160 = SURFACE_CURVE('',#12161,(#12166,#12173),.PCURVE_S1.);
#12161 = CIRCLE('',#12162,1.537511336474);
#12162 = AXIS2_PLACEMENT_3D('',#12163,#12164,#12165);
#12163 = CARTESIAN_POINT('',(-6.476399860844E-09,-2.007283228522E-13,-1.
    ));
#12164 = DIRECTION('',(0.,0.,1.));
#12165 = DIRECTION('',(1.,0.,-0.));
#12166 = PCURVE('',#10488,#12167);
#12167 = DEFINITIONAL_REPRESENTATION('',(#12168),#12172);
#12168 = LINE('',#12169,#12170);
#12169 = CARTESIAN_POINT('',(-6.28318530718,-1.));
#12170 = VECTOR('',#12171,1.);
#12171 = DIRECTION('',(1.,0.));
#12172 = ( GEOMETRIC_REPRESENTATION_CONTEXT(2) 
PARAMETRIC_REPRESENTATION_CONTEXT() REPRESENTATION_CONTEXT('2D SPACE',''
  ) );
#12173 = PCURVE('',#12174,#12179);
#12174 = PLANE('',#12175);
#12175 = AXIS2_PLACEMENT_3D('',#12176,#12177,#12178);
#12176 = CARTESIAN_POINT('',(-6.476399860844E-09,-2.007283228522E-13,-1.
    ));
#12177 = DIRECTION('',(0.,0.,-1.));
#12178 = DIRECTION('',(1.,0.,0.));
#12179 = DEFINITIONAL_REPRESENTATION('',(#12180),#12188);
#12180 = ( BOUNDED_CURVE() B_SPLINE_CURVE(2,(#12181,#12182,#12183,#12184
    ,#12185,#12186,#12187),.UNSPECIFIED.,.T.,.F.) 
B_SPLINE_CURVE_WITH_KNOTS((1,2,2,2,2,1),(-2.094395102393,0.,
    2.094395102393,4.188790204786,6.28318530718,8.377580409573),
.UNSPECIFIED.) CURVE() GEOMETRIC_REPRESENTATION_ITEM() 
RATIONAL_B_SPLINE_CURVE((1.,0.5,1.,0.5,1.,0.5,1.)) REPRESENTATION_ITEM(
  '') );
#12181 = CARTESIAN_POINT('',(1.537511336474,0.));
#12182 = CARTESIAN_POINT('',(1.537511336474,-2.663047751986));
#12183 = CARTESIAN_POINT('',(-0.768755668237,-1.331523875993));
#12184 = CARTESIAN_POINT('',(-3.075022672948,-3.765816673732E-16));
#12185 = CARTESIAN_POINT('',(-0.768755668237,1.331523875993));
#12186 = CARTESIAN_POINT('',(1.537511336474,2.663047751986));
#12187 = CARTESIAN_POINT('',(1.537511336474,0.));
#12188 = ( GEOMETRIC_REPRESENTATION_CONTEXT(2) 
PARAMETRIC_REPRESENTATION_CONTEXT() REPRESENTATION_CONTEXT('2D SPACE',''
  ) );
#12189 = ORIENTED_EDGE('',*,*,#12190,.T.);
#12190 = EDGE_CURVE('',#12158,#10469,#12191,.T.);
#12191 = SEAM_CURVE('',#12192,(#12196,#12203),.PCURVE_S1.);
#12192 = LINE('',#12193,#12194);
#12193 = CARTESIAN_POINT('',(-1.625000006476,-2.007283228522E-13,0.));
#12194 = VECTOR('',#12195,1.);
#12195 = DIRECTION('',(-8.715574274766E-02,1.067350013832E-17,
    0.996194698092));
#12196 = PCURVE('',#10488,#12197);
#12197 = DEFINITIONAL_REPRESENTATION('',(#12198),#12202);
#12198 = LINE('',#12199,#12200);
#12199 = CARTESIAN_POINT('',(3.14159265359,-2.654395897994E-15));
#12200 = VECTOR('',#12201,1.);
#12201 = DIRECTION('',(0.,1.));
#12202 = ( GEOMETRIC_REPRESENTATION_CONTEXT(2) 
PARAMETRIC_REPRESENTATION_CONTEXT() REPRESENTATION_CONTEXT('2D SPACE',''
  ) );
#12203 = PCURVE('',#10488,#12204);
#12204 = DEFINITIONAL_REPRESENTATION('',(#12205),#12209);
#12205 = LINE('',#12206,#12207);
#12206 = CARTESIAN_POINT('',(-3.14159265359,-2.654395897994E-15));
#12207 = VECTOR('',#12208,1.);
#12208 = DIRECTION('',(0.,1.));
#12209 = ( GEOMETRIC_REPRESENTATION_CONTEXT(2) 
PARAMETRIC_REPRESENTATION_CONTEXT() REPRESENTATION_CONTEXT('2D SPACE',''
  ) );
#12210 = ORIENTED_EDGE('',*,*,#10468,.F.);
#12211 = ORIENTED_EDGE('',*,*,#10499,.F.);
#12212 = ORIENTED_EDGE('',*,*,#12190,.F.);
#12213 = ADVANCED_FACE('',(#12214),#11152,.T.);
#12214 = FACE_BOUND('',#12215,.T.);
#12215 = EDGE_LOOP('',(#12216,#12217,#12218,#12219));
#12216 = ORIENTED_EDGE('',*,*,#12060,.T.);
#12217 = ORIENTED_EDGE('',*,*,#11132,.T.);
#12218 = ORIENTED_EDGE('',*,*,#11425,.T.);
#12219 = ORIENTED_EDGE('',*,*,#11905,.T.);
#12220 = ADVANCED_FACE('',(#12221),#11225,.T.);
#12221 = FACE_BOUND('',#12222,.T.);
#12222 = EDGE_LOOP('',(#12223,#12224,#12225,#12226));
#12223 = ORIENTED_EDGE('',*,*,#12002,.T.);
#12224 = ORIENTED_EDGE('',*,*,#12128,.T.);
#12225 = ORIENTED_EDGE('',*,*,#11448,.T.);
#12226 = ORIENTED_EDGE('',*,*,#11199,.T.);
#12227 = ADVANCED_FACE('',(#12228),#12174,.T.);
#12228 = FACE_BOUND('',#12229,.T.);
#12229 = EDGE_LOOP('',(#12230));
#12230 = ORIENTED_EDGE('',*,*,#12157,.F.);
#12231 = ( GEOMETRIC_REPRESENTATION_CONTEXT(3) 
GLOBAL_UNCERTAINTY_ASSIGNED_CONTEXT((#12235)) 
GLOBAL_UNIT_ASSIGNED_CONTEXT((#12232,#12233,#12234)) 
REPRESENTATION_CONTEXT('Context #1',
  '3D Context with UNIT and UNCERTAINTY') );
#12232 = ( LENGTH_UNIT() NAMED_UNIT(*) SI_UNIT(.MILLI.,.METRE.) );
#12233 = ( NAMED_UNIT(*) PLANE_ANGLE_UNIT() SI_UNIT($,.RADIAN.) );
#12234 = ( NAMED_UNIT(*) SI_UNIT($,.STERADIAN.) SOLID_ANGLE_UNIT() );
#12235 = UNCERTAINTY_MEASURE_WITH_UNIT(LENGTH_MEASURE(2.E-03),#12232,
  'distance_accuracy_value','confusion accuracy');
#12236 = PRODUCT_RELATED_PRODUCT_CATEGORY('part',$,(#7));
ENDSEC;
END-ISO-10303-21;
