ISO-10303-21;
HEADER;
FILE_DESCRIPTION(('Open CASCADE Model'),'2;1');
FILE_NAME('Open CASCADE Shape Model','2026-10-10T21:55:36',('Author'),(
    'Open CASCADE'),'Open CASCADE STEP processor 7.9','Open CASCADE 7.9'
  ,'Unknown');
FILE_SCHEMA(('AUTOMOTIVE_DESIGN { 1 0 10303 214 1 1 1 1 }'));
ENDSEC;
DATA;
#1 = APPLICATION_PROTOCOL_DEFINITION('international standard',
  'automotive_design',2000,#2);
#2 = APPLICATION_CONTEXT(
  'core data for automotive mechanical design processes');
#3 = SHAPE_DEFINITION_REPRESENTATION(#4,#10);
#4 = PRODUCT_DEFINITION_SHAPE('','',#5);
#5 = PRODUCT_DEFINITION('design','',#6,#9);
#6 = PRODUCT_DEFINITION_FORMATION('','',#7);
#7 = PRODUCT('Open CASCADE STEP translator 7.9 4',
  'Open CASCADE STEP translator 7.9 4','',(#8));
#8 = PRODUCT_CONTEXT('',#2,'mechanical');
#9 = PRODUCT_DEFINITION_CONTEXT('part definition',#2,'design');
#10 = ADVANCED_BREP_SHAPE_REPRESENTATION('',(#11,#15),#14277);
#11 = AXIS2_PLACEMENT_3D('',#12,#13,#14);
#12 = CARTESIAN_POINT('',(0.,0.,0.));
#13 = DIRECTION('',(0.,0.,1.));
#14 = DIRECTION('',(1.,0.,-0.));
#15 = MANIFOLD_SOLID_BREP('',#16);
#16 = CLOSED_SHELL('',(#17,#305,#433,#967,#1116,#1346,#1442,#1674,#1784,
    #1863,#2028,#2122,#2241,#2433,#2520,#2606,#2689,#2822,#3028,#3325,
    #3488,#3602,#3697,#4082,#4447,#4652,#5186,#5363,#5492,#5668,#5764,
    #5996,#6101,#6180,#6267,#6361,#6480,#6662,#6749,#6835,#6918,#7051,
    #7144,#7249,#7365,#7517,#7657,#7888,#8400,#8600,#8763,#8877,#8972,
    #9357,#9622,#9692,#9742,#9796,#9846,#9998,#10212,#10271,#10275,
    #10377,#10425,#10472,#10498,#10599,#10631,#10703,#10734,#10765,
    #10776,#10804,#10833,#10842,#10921,#10991,#11070,#11140,#11279,
    #11355,#11405,#11459,#11508,#11535,#11548,#11575,#11582,#11610,
    #11644,#11676,#11711,#11770,#11800,#11844,#11917,#11973,#11981,
    #12051,#12101,#12155,#12205,#12237,#12466,#12629,#12738,#12840,
    #12958,#13049,#13081,#13108,#13119,#13130,#13158,#13187,#13196,
    #13224,#13257,#13286,#13316,#13359,#13388,#13527,#13603,#13653,
    #13707,#13756,#13783,#13796,#13827,#13854,#13879,#13975,#13982,
    #14010,#14044,#14076,#14105,#14140,#14174,#14230,#14268));
#17 = ADVANCED_FACE('',(#18),#32,.T.);
#18 = FACE_BOUND('',#19,.T.);
#19 = EDGE_LOOP('',(#20,#55,#126,#167,#195,#236));
#20 = ORIENTED_EDGE('',*,*,#21,.T.);
#21 = EDGE_CURVE('',#22,#24,#26,.T.);
#22 = VERTEX_POINT('',#23);
#23 = CARTESIAN_POINT('',(6.549075503681,-0.564130768637,-0.626426988216
    ));
#24 = VERTEX_POINT('',#25);
#25 = CARTESIAN_POINT('',(6.549075503681,0.564130768637,-0.626426988216)
  );
#26 = SURFACE_CURVE('',#27,(#31,#43),.PCURVE_S1.);
#27 = LINE('',#28,#29);
#28 = CARTESIAN_POINT('',(6.549075503681,2.4375,-0.626426988216));
#29 = VECTOR('',#30,1.);
#30 = DIRECTION('',(0.,1.,0.));
#31 = PCURVE('',#32,#37);
#32 = PLANE('',#33);
#33 = AXIS2_PLACEMENT_3D('',#34,#35,#36);
#34 = CARTESIAN_POINT('',(6.600602571153,2.4375,-0.730913544822));
#35 = DIRECTION('',(-0.896872741533,0.,-0.442288690219));
#36 = DIRECTION('',(-0.442288690219,0.,0.896872741533));
#37 = DEFINITIONAL_REPRESENTATION('',(#38),#42);
#38 = LINE('',#39,#40);
#39 = CARTESIAN_POINT('',(0.11650098366,0.));
#40 = VECTOR('',#41,1.);
#41 = DIRECTION('',(0.,1.));
#42 = ( GEOMETRIC_REPRESENTATION_CONTEXT(2) 
PARAMETRIC_REPRESENTATION_CONTEXT() REPRESENTATION_CONTEXT('2D SPACE',''
  ) );
#43 = PCURVE('',#44,#49);
#44 = PLANE('',#45);
#45 = AXIS2_PLACEMENT_3D('',#46,#47,#48);
#46 = CARTESIAN_POINT('',(6.505707952862,3.25,-0.130733614121));
#47 = DIRECTION('',(0.996194698092,0.,8.715574274766E-02));
#48 = DIRECTION('',(-0.,1.,0.));
#49 = DEFINITIONAL_REPRESENTATION('',(#50),#54);
#50 = LINE('',#51,#52);
#51 = CARTESIAN_POINT('',(-0.8125,-0.497586842254));
#52 = VECTOR('',#53,1.);
#53 = DIRECTION('',(1.,0.));
#54 = ( GEOMETRIC_REPRESENTATION_CONTEXT(2) 
PARAMETRIC_REPRESENTATION_CONTEXT() REPRESENTATION_CONTEXT('2D SPACE',''
  ) );
#55 = ORIENTED_EDGE('',*,*,#56,.T.);
#56 = EDGE_CURVE('',#24,#57,#59,.T.);
#57 = VERTEX_POINT('',#58);
#58 = CARTESIAN_POINT('',(6.648554617383,0.466947307609,-0.828150675648)
  );
#59 = SURFACE_CURVE('',#60,(#68,#79),.PCURVE_S1.);
#60 = B_SPLINE_CURVE_WITH_KNOTS('',3,(#61,#62,#63,#64,#65,#66,#67),
  .UNSPECIFIED.,.F.,.F.,(4,3,4),(0.,1.224534248776E-02,2.45008828235E-02
    ),.UNSPECIFIED.);
#61 = CARTESIAN_POINT('',(6.549075503681,0.564130768637,-0.626426988216)
  );
#62 = CARTESIAN_POINT('',(6.56566168346,0.548012969096,-0.660060433654)
  );
#63 = CARTESIAN_POINT('',(6.582242462712,0.531858765614,-0.693682929843)
  );
#64 = CARTESIAN_POINT('',(6.598815011006,0.515669255635,-0.727288733406)
  );
#65 = CARTESIAN_POINT('',(6.61540136082,0.499466263128,-0.760922523681)
  );
#66 = CARTESIAN_POINT('',(6.631982226006,0.483225213216,-0.794545193924)
  );
#67 = CARTESIAN_POINT('',(6.648554617711,0.466947314719,-0.828150679512)
  );
#68 = PCURVE('',#32,#69);
#69 = DEFINITIONAL_REPRESENTATION('',(#70),#78);
#70 = B_SPLINE_CURVE_WITH_KNOTS('',3,(#71,#72,#73,#74,#75,#76,#77),
  .UNSPECIFIED.,.F.,.F.,(4,3,4),(0.,1.224534248776E-02,2.45008828235E-02
    ),.UNSPECIFIED.);
#71 = CARTESIAN_POINT('',(0.11650098366,-1.873369231363));
#72 = CARTESIAN_POINT('',(7.900018351229E-02,-1.889487030904));
#73 = CARTESIAN_POINT('',(4.151159204029E-02,-1.905641234386));
#74 = CARTESIAN_POINT('',(4.041612188654E-03,-1.921830744365));
#75 = CARTESIAN_POINT('',(-3.345957243813E-02,-1.938033736872));
#76 = CARTESIAN_POINT('',(-7.094835802271E-02,-1.954274786784));
#77 = CARTESIAN_POINT('',(-0.108417983433,-1.970552685281));
#78 = ( GEOMETRIC_REPRESENTATION_CONTEXT(2) 
PARAMETRIC_REPRESENTATION_CONTEXT() REPRESENTATION_CONTEXT('2D SPACE',''
  ) );
#79 = PCURVE('',#80,#121);
#80 = B_SPLINE_SURFACE_WITH_KNOTS('',3,3,(
    (#81,#82,#83,#84,#85,#86,#87,#88,#89,#90)
    ,(#91,#92,#93,#94,#95,#96,#97,#98,#99,#100)
    ,(#101,#102,#103,#104,#105,#106,#107,#108,#109,#110)
    ,(#111,#112,#113,#114,#115,#116,#117,#118,#119,#120
  )),.UNSPECIFIED.,.F.,.F.,.F.,(4,4),(4,2,2,2,4),(0.,1.),(
    -1.471604187189E-02,-1.453137526039E-02,0.,3.642173209255E-02,
    5.425131368679E-02),.UNSPECIFIED.);
#81 = CARTESIAN_POINT('',(6.644417443428,0.414662590801,-0.77968249907)
  );
#82 = CARTESIAN_POINT('',(6.644453107698,0.415112776919,-0.780099975383)
  );
#83 = CARTESIAN_POINT('',(6.644488770394,0.415562956423,-0.780517441767)
  );
#84 = CARTESIAN_POINT('',(6.647330593551,0.451437093982,-0.813784416642)
  );
#85 = CARTESIAN_POINT('',(6.650140384412,0.486989211955,-0.846729219091)
  );
#86 = CARTESIAN_POINT('',(6.659934524067,0.611267575022,-0.96179268846)
  );
#87 = CARTESIAN_POINT('',(6.667109908952,0.702952765626,-1.046498826854)
  );
#88 = CARTESIAN_POINT('',(6.67738042081,0.835873263764,-1.168830198152)
  );
#89 = CARTESIAN_POINT('',(6.680819785275,0.880666009391,-1.209977141166)
  );
#90 = CARTESIAN_POINT('',(6.684235437722,0.925569006128,-1.251111318166)
  );
#91 = CARTESIAN_POINT('',(6.612636796845,0.464485316745,-0.728597328784)
  );
#92 = CARTESIAN_POINT('',(6.612672713725,0.464935469223,-0.729014414528)
  );
#93 = CARTESIAN_POINT('',(6.61270862936,0.465385619241,-0.729431493295)
  );
#94 = CARTESIAN_POINT('',(6.615570617696,0.501257144376,-0.762667349338)
  );
#95 = CARTESIAN_POINT('',(6.618401668762,0.536806058815,-0.795578934995)
  );
#96 = CARTESIAN_POINT('',(6.62827554972,0.661069376372,-0.910515145315)
  );
#97 = CARTESIAN_POINT('',(6.635519527249,0.752737755638,-0.995108339231)
  );
#98 = CARTESIAN_POINT('',(6.64591480248,0.885610637051,-1.117219411052)
  );
#99 = CARTESIAN_POINT('',(6.649400356717,0.930383325301,-1.158282685084)
  );
#100 = CARTESIAN_POINT('',(6.652868422664,0.975259326512,-1.199318290599
    ));
#101 = CARTESIAN_POINT('',(6.580856150263,0.514308042688,-0.677512158497
    ));
#102 = CARTESIAN_POINT('',(6.580892319881,0.514758165818,-0.677928857033
    ));
#103 = CARTESIAN_POINT('',(6.580928488201,0.515208277881,-0.67834554155)
  );
#104 = CARTESIAN_POINT('',(6.583810643947,0.55107726894,-0.711550340346)
  );
#105 = CARTESIAN_POINT('',(6.586662952002,0.586622833469,-0.744428592655
    ));
#106 = CARTESIAN_POINT('',(6.59661657873,0.710871390258,-0.859237773064)
  );
#107 = CARTESIAN_POINT('',(6.603929166056,0.802522952908,-0.943717990664
    ));
#108 = CARTESIAN_POINT('',(6.614449174041,0.9353479431,-1.065608583518)
  );
#109 = CARTESIAN_POINT('',(6.617980930276,0.980100810706,-1.106588362496
    ));
#110 = CARTESIAN_POINT('',(6.621501407606,1.024949646896,-1.147525263032
    ));
#111 = CARTESIAN_POINT('',(6.54907550368,0.564130768632,-0.62642698821)
  );
#112 = CARTESIAN_POINT('',(6.549111925908,0.564580858122,-0.626843296177
    ));
#113 = CARTESIAN_POINT('',(6.549148347167,0.565030940698,-0.627259593079
    ));
#114 = CARTESIAN_POINT('',(6.552050668092,0.600897319333,-0.660433273043
    ));
#115 = CARTESIAN_POINT('',(6.554924236352,0.636439680329,-0.693278308559
    ));
#116 = CARTESIAN_POINT('',(6.564957604383,0.760673191608,-0.807960229919
    ));
#117 = CARTESIAN_POINT('',(6.572338784353,0.852307942919,-0.892327503041
    ));
#118 = CARTESIAN_POINT('',(6.582983555712,0.985085316387,-1.013997796418
    ));
#119 = CARTESIAN_POINT('',(6.586561501719,1.029818126616,-1.054893906413
    ));
#120 = CARTESIAN_POINT('',(6.590134392548,1.07463996728,-1.095732235465)
  );
#121 = DEFINITIONAL_REPRESENTATION('',(#122),#125);
#122 = B_SPLINE_CURVE_WITH_KNOTS('',1,(#123,#124),.UNSPECIFIED.,.F.,.F.,
  (2,2),(0.,2.45008828235E-02),.PIECEWISE_BEZIER_KNOTS.);
#123 = CARTESIAN_POINT('',(1.,-1.47160418711E-02));
#124 = CARTESIAN_POINT('',(-4.412870742762E-14,-7.575240409938E-03));
#125 = ( GEOMETRIC_REPRESENTATION_CONTEXT(2) 
PARAMETRIC_REPRESENTATION_CONTEXT() REPRESENTATION_CONTEXT('2D SPACE',''
  ) );
#126 = ORIENTED_EDGE('',*,*,#127,.T.);
#127 = EDGE_CURVE('',#57,#128,#130,.T.);
#128 = VERTEX_POINT('',#129);
#129 = CARTESIAN_POINT('',(6.65212963863,0.470027295681,-0.835400101434)
  );
#130 = SURFACE_CURVE('',#131,(#136,#144),.PCURVE_S1.);
#131 = B_SPLINE_CURVE_WITH_KNOTS('',3,(#132,#133,#134,#135),
  .UNSPECIFIED.,.F.,.F.,(4,4),(2.605847714712E-03,3.466409345624E-03),
  .PIECEWISE_BEZIER_KNOTS.);
#132 = CARTESIAN_POINT('',(6.648554617485,0.466947307373,-0.828150675698
    ));
#133 = CARTESIAN_POINT('',(6.649745422908,0.467973562888,-0.830565390222
    ));
#134 = CARTESIAN_POINT('',(6.650937148273,0.469000713588,-0.83298234469)
  );
#135 = CARTESIAN_POINT('',(6.652129766645,0.470028754857,-0.83540150255)
  );
#136 = PCURVE('',#32,#137);
#137 = DEFINITIONAL_REPRESENTATION('',(#138),#143);
#138 = B_SPLINE_CURVE_WITH_KNOTS('',3,(#139,#140,#141,#142),
  .UNSPECIFIED.,.F.,.F.,(4,4),(2.605847714712E-03,3.466409345624E-03),
  .PIECEWISE_BEZIER_KNOTS.);
#139 = CARTESIAN_POINT('',(-0.108417979913,-1.970552692627));
#140 = CARTESIAN_POINT('',(-0.111110351319,-1.969526437112));
#141 = CARTESIAN_POINT('',(-0.11380513855,-1.968499286412));
#142 = CARTESIAN_POINT('',(-0.116502296909,-1.967471245143));
#143 = ( GEOMETRIC_REPRESENTATION_CONTEXT(2) 
PARAMETRIC_REPRESENTATION_CONTEXT() REPRESENTATION_CONTEXT('2D SPACE',''
  ) );
#144 = PCURVE('',#145,#162);
#145 = B_SPLINE_SURFACE_WITH_KNOTS('',3,3,(
    (#146,#147,#148,#149)
    ,(#150,#151,#152,#153)
    ,(#154,#155,#156,#157)
    ,(#158,#159,#160,#161
    )),.UNSPECIFIED.,.F.,.F.,.F.,(4,4),(4,4),(0.,0.674069274929),(
    -7.575240423246E-03,7.087234815883E-02),.PIECEWISE_BEZIER_KNOTS.);
#146 = CARTESIAN_POINT('',(6.825905254423,0.33597240009,-0.954366403467)
  );
#147 = CARTESIAN_POINT('',(6.841258586446,0.526669832204,-1.133378609011
    ));
#148 = CARTESIAN_POINT('',(6.856995334937,0.722904688477,-1.317644742701
    ));
#149 = CARTESIAN_POINT('',(6.871872961635,0.915699125908,-1.498952973715
    ));
#150 = CARTESIAN_POINT('',(6.766449073039,0.37988128014,-0.912053021721)
  );
#151 = CARTESIAN_POINT('',(6.781835273191,0.570806607233,-1.090649370687
    ));
#152 = CARTESIAN_POINT('',(6.797612401113,0.767342567393,-1.274389694711
    ));
#153 = CARTESIAN_POINT('',(6.812608367119,0.960566860237,-1.454521401903
    ));
#154 = CARTESIAN_POINT('',(6.706992891656,0.42379016019,-0.869739639975)
  );
#155 = CARTESIAN_POINT('',(6.722411959937,0.614943382261,-1.047920132362
    ));
#156 = CARTESIAN_POINT('',(6.738229467289,0.811780446308,-1.231134646721
    ));
#157 = CARTESIAN_POINT('',(6.753343772603,1.005434594566,-1.410089830091
    ));
#158 = CARTESIAN_POINT('',(6.647536710273,0.467699040239,-0.827426258229
    ));
#159 = CARTESIAN_POINT('',(6.662988646683,0.659080157289,-1.005190894038
    ));
#160 = CARTESIAN_POINT('',(6.678846533465,0.856218325224,-1.187879598732
    ));
#161 = CARTESIAN_POINT('',(6.694079178087,1.050302328895,-1.365658258279
    ));
#162 = DEFINITIONAL_REPRESENTATION('',(#163),#166);
#163 = B_SPLINE_CURVE_WITH_KNOTS('',1,(#164,#165),.UNSPECIFIED.,.F.,.F.,
  (2,2),(2.605847714712E-03,3.466235740104E-03),
  .PIECEWISE_BEZIER_KNOTS.);
#164 = CARTESIAN_POINT('',(0.67022252056,-7.575240423246E-03));
#165 = CARTESIAN_POINT('',(0.658361548244,-6.837740047755E-03));
#166 = ( GEOMETRIC_REPRESENTATION_CONTEXT(2) 
PARAMETRIC_REPRESENTATION_CONTEXT() REPRESENTATION_CONTEXT('2D SPACE',''
  ) );
#167 = ORIENTED_EDGE('',*,*,#168,.T.);
#168 = EDGE_CURVE('',#128,#169,#171,.T.);
#169 = VERTEX_POINT('',#170);
#170 = CARTESIAN_POINT('',(6.65212963863,-0.470027295681,-0.835400101434
    ));
#171 = SURFACE_CURVE('',#172,(#176,#183),.PCURVE_S1.);
#172 = LINE('',#173,#174);
#173 = CARTESIAN_POINT('',(6.652129638625,2.4375,-0.835400101429));
#174 = VECTOR('',#175,1.);
#175 = DIRECTION('',(0.,-1.,0.));
#176 = PCURVE('',#32,#177);
#177 = DEFINITIONAL_REPRESENTATION('',(#178),#182);
#178 = LINE('',#179,#180);
#179 = CARTESIAN_POINT('',(-0.11650098366,0.));
#180 = VECTOR('',#181,1.);
#181 = DIRECTION('',(0.,-1.));
#182 = ( GEOMETRIC_REPRESENTATION_CONTEXT(2) 
PARAMETRIC_REPRESENTATION_CONTEXT() REPRESENTATION_CONTEXT('2D SPACE',''
  ) );
#183 = PCURVE('',#184,#189);
#184 = PLANE('',#185);
#185 = AXIS2_PLACEMENT_3D('',#186,#187,#188);
#186 = CARTESIAN_POINT('',(6.695864439367,1.625,-0.875475662739));
#187 = DIRECTION('',(-0.675590207616,0.,-0.73727733681));
#188 = DIRECTION('',(-0.73727733681,0.,0.675590207616));
#189 = DEFINITIONAL_REPRESENTATION('',(#190),#194);
#190 = LINE('',#191,#192);
#191 = CARTESIAN_POINT('',(5.931933420246E-02,0.8125));
#192 = VECTOR('',#193,1.);
#193 = DIRECTION('',(0.,-1.));
#194 = ( GEOMETRIC_REPRESENTATION_CONTEXT(2) 
PARAMETRIC_REPRESENTATION_CONTEXT() REPRESENTATION_CONTEXT('2D SPACE',''
  ) );
#195 = ORIENTED_EDGE('',*,*,#196,.T.);
#196 = EDGE_CURVE('',#169,#197,#199,.T.);
#197 = VERTEX_POINT('',#198);
#198 = CARTESIAN_POINT('',(6.648554617383,-0.46694730761,-0.828150675648
    ));
#199 = SURFACE_CURVE('',#200,(#205,#213),.PCURVE_S1.);
#200 = B_SPLINE_CURVE_WITH_KNOTS('',3,(#201,#202,#203,#204),
  .UNSPECIFIED.,.F.,.F.,(4,4),(4.712744529763E-02,4.799228738245E-02),
  .PIECEWISE_BEZIER_KNOTS.);
#201 = CARTESIAN_POINT('',(6.652129766535,-0.470028753528,
    -0.835401501302));
#202 = CARTESIAN_POINT('',(6.650937148237,-0.469000713146,
    -0.832982344275));
#203 = CARTESIAN_POINT('',(6.649745422908,-0.467973562888,
    -0.830565390223));
#204 = CARTESIAN_POINT('',(6.648554617485,-0.466947307373,
    -0.828150675698));
#205 = PCURVE('',#32,#206);
#206 = DEFINITIONAL_REPRESENTATION('',(#207),#212);
#207 = B_SPLINE_CURVE_WITH_KNOTS('',3,(#208,#209,#210,#211),
  .UNSPECIFIED.,.F.,.F.,(4,4),(4.712744529763E-02,4.799228738245E-02),
  .PIECEWISE_BEZIER_KNOTS.);
#208 = CARTESIAN_POINT('',(-0.116502295741,-2.907528753528));
#209 = CARTESIAN_POINT('',(-0.113805138161,-2.906500713146));
#210 = CARTESIAN_POINT('',(-0.111110351319,-2.905473562888));
#211 = CARTESIAN_POINT('',(-0.108417979913,-2.904447307373));
#212 = ( GEOMETRIC_REPRESENTATION_CONTEXT(2) 
PARAMETRIC_REPRESENTATION_CONTEXT() REPRESENTATION_CONTEXT('2D SPACE',''
  ) );
#213 = PCURVE('',#214,#231);
#214 = B_SPLINE_SURFACE_WITH_KNOTS('',3,3,(
    (#215,#216,#217,#218)
    ,(#219,#220,#221,#222)
    ,(#223,#224,#225,#226)
    ,(#227,#228,#229,#230
    )),.UNSPECIFIED.,.F.,.F.,.F.,(4,4),(4,4),(0.,0.674069274929),(
    1.920492586525E-03,8.097511561441E-02),.PIECEWISE_BEZIER_KNOTS.);
#215 = CARTESIAN_POINT('',(6.871872961635,-0.915699125907,
    -1.498952973715));
#216 = CARTESIAN_POINT('',(6.856995798297,-0.722910693015,
    -1.317650389504));
#217 = CARTESIAN_POINT('',(6.841259021051,-0.526675230261,
    -1.133383676296));
#218 = CARTESIAN_POINT('',(6.825905254423,-0.33597240009,-0.954366403467
    ));
#219 = CARTESIAN_POINT('',(6.812608367119,-0.960566860237,
    -1.454521401903));
#220 = CARTESIAN_POINT('',(6.797612868159,-0.767348585318,
    -1.274395304871));
#221 = CARTESIAN_POINT('',(6.781835708727,-0.570812011741,
    -1.090654426199));
#222 = CARTESIAN_POINT('',(6.766449073039,-0.37988128014,-0.912053021721
    ));
#223 = CARTESIAN_POINT('',(6.753343772603,-1.005434594566,
    -1.410089830091));
#224 = CARTESIAN_POINT('',(6.738229938021,-0.811786477622,
    -1.231140220239));
#225 = CARTESIAN_POINT('',(6.722412396403,-0.61494879322,-1.047925176103
    ));
#226 = CARTESIAN_POINT('',(6.706992891656,-0.42379016019,-0.869739639975
    ));
#227 = CARTESIAN_POINT('',(6.694079178087,-1.050302328895,
    -1.365658258279));
#228 = CARTESIAN_POINT('',(6.678847007883,-0.856224369926,
    -1.187885135607));
#229 = CARTESIAN_POINT('',(6.662989084079,-0.659085574699,
    -1.005195926007));
#230 = CARTESIAN_POINT('',(6.647536710273,-0.46769904024,-0.827426258229
    ));
#231 = DEFINITIONAL_REPRESENTATION('',(#232),#235);
#232 = B_SPLINE_CURVE_WITH_KNOTS('',1,(#233,#234),.UNSPECIFIED.,.F.,.F.,
  (2,2),(4.712761961043E-02,4.799228738245E-02),
  .PIECEWISE_BEZIER_KNOTS.);
#233 = CARTESIAN_POINT('',(0.658361546099,8.023192929411E-02));
#234 = CARTESIAN_POINT('',(0.67022252056,8.097511561441E-02));
#235 = ( GEOMETRIC_REPRESENTATION_CONTEXT(2) 
PARAMETRIC_REPRESENTATION_CONTEXT() REPRESENTATION_CONTEXT('2D SPACE',''
  ) );
#236 = ORIENTED_EDGE('',*,*,#237,.T.);
#237 = EDGE_CURVE('',#197,#22,#238,.T.);
#238 = SURFACE_CURVE('',#239,(#247,#258),.PCURVE_S1.);
#239 = B_SPLINE_CURVE_WITH_KNOTS('',3,(#240,#241,#242,#243,#244,#245,
    #246),.UNSPECIFIED.,.F.,.F.,(4,3,4),(0.,1.224034010944E-02,
    2.450142098079E-02),.UNSPECIFIED.);
#240 = CARTESIAN_POINT('',(6.648554617692,-0.466947314844,
    -0.828150679498));
#241 = CARTESIAN_POINT('',(6.632003143204,-0.483204667829,
    -0.794587609839));
#242 = CARTESIAN_POINT('',(6.615443218117,-0.499425263642,
    -0.761007401879));
#243 = CARTESIAN_POINT('',(6.598877821541,-0.515607896666,
    -0.727416100573));
#244 = CARTESIAN_POINT('',(6.58228435557,-0.531817950509,-0.693767880163
    ));
#245 = CARTESIAN_POINT('',(6.565682635915,-0.547992608322,
    -0.660102921029));
#246 = CARTESIAN_POINT('',(6.549075503681,-0.564130768637,
    -0.626426988216));
#247 = PCURVE('',#32,#248);
#248 = DEFINITIONAL_REPRESENTATION('',(#249),#257);
#249 = B_SPLINE_CURVE_WITH_KNOTS('',3,(#250,#251,#252,#253,#254,#255,
    #256),.UNSPECIFIED.,.F.,.F.,(4,3,4),(0.,1.224034010944E-02,
    2.450142098079E-02),.UNSPECIFIED.);
#250 = CARTESIAN_POINT('',(-0.108417983412,-2.904447314844));
#251 = CARTESIAN_POINT('',(-7.099565114062E-02,-2.920704667829));
#252 = CARTESIAN_POINT('',(-3.355421038968E-02,-2.936925263642));
#253 = CARTESIAN_POINT('',(3.899599659196E-03,-2.953107896666));
#254 = CARTESIAN_POINT('',(4.141687367638E-02,-2.969317950509));
#255 = CARTESIAN_POINT('',(7.895281071051E-02,-2.985492608322));
#256 = CARTESIAN_POINT('',(0.11650098366,-3.001630768637));
#257 = ( GEOMETRIC_REPRESENTATION_CONTEXT(2) 
PARAMETRIC_REPRESENTATION_CONTEXT() REPRESENTATION_CONTEXT('2D SPACE',''
  ) );
#258 = PCURVE('',#259,#300);
#259 = B_SPLINE_SURFACE_WITH_KNOTS('',3,3,(
    (#260,#261,#262,#263,#264,#265,#266,#267,#268,#269)
    ,(#270,#271,#272,#273,#274,#275,#276,#277,#278,#279)
    ,(#280,#281,#282,#283,#284,#285,#286,#287,#288,#289)
    ,(#290,#291,#292,#293,#294,#295,#296,#297,#298,#299
  )),.UNSPECIFIED.,.F.,.F.,.F.,(4,4),(4,2,2,2,4),(0.,1.),(
    1.86726257768E-02,3.640545727984E-02,7.334147297558E-02,
    8.798534198897E-02,8.817096920021E-02),.UNSPECIFIED.);
#260 = CARTESIAN_POINT('',(6.684235437722,-0.925569006128,
    -1.251111318166));
#261 = CARTESIAN_POINT('',(6.68086531208,-0.881264515828,-1.210525413476
    ));
#262 = CARTESIAN_POINT('',(6.677472553379,-0.837073297523,
    -1.169932520763));
#263 = CARTESIAN_POINT('',(6.667203220089,-0.704144903254,
    -1.047600262478));
#264 = CARTESIAN_POINT('',(6.659979060534,-0.611832700792,
    -0.962315912273));
#265 = CARTESIAN_POINT('',(6.650140296337,-0.486988095118,
    -0.846728184732));
#266 = CARTESIAN_POINT('',(6.647330416114,-0.451434848942,
    -0.813782336249));
#267 = CARTESIAN_POINT('',(6.644488592881,-0.415560715636,
    -0.780515363811));
#268 = CARTESIAN_POINT('',(6.644453018938,-0.415111656509,
    -0.780098936381));
#269 = CARTESIAN_POINT('',(6.644417443428,-0.414662590802,
    -0.779682499071));
#270 = CARTESIAN_POINT('',(6.652868422664,-0.975259326512,
    -1.199318290599));
#271 = CARTESIAN_POINT('',(6.649446581981,-0.930981472095,-1.1588296439)
  );
#272 = CARTESIAN_POINT('',(6.646008174665,-0.886810132484,
    -1.118319488143));
#273 = CARTESIAN_POINT('',(6.635613727779,-0.753929680519,
    -0.996208314779));
#274 = CARTESIAN_POINT('',(6.628320448718,-0.6616344316,-0.911037788799)
  );
#275 = CARTESIAN_POINT('',(6.618401579997,-0.536804942772,
    -0.795577902284));
#276 = CARTESIAN_POINT('',(6.615570438896,-0.501254899067,
    -0.762665270684));
#277 = CARTESIAN_POINT('',(6.61270845059,-0.46538337864,-0.729429417299)
  );
#278 = CARTESIAN_POINT('',(6.612672624335,-0.464934348867,
    -0.729013376474));
#279 = CARTESIAN_POINT('',(6.612636796846,-0.464485316745,
    -0.728597328784));
#280 = CARTESIAN_POINT('',(6.621501407606,-1.024949646896,
    -1.147525263032));
#281 = CARTESIAN_POINT('',(6.618027854433,-0.980698595066,
    -1.107134004977));
#282 = CARTESIAN_POINT('',(6.614543785644,-0.936546897843,
    -1.066706413473));
#283 = CARTESIAN_POINT('',(6.60402425695,-0.803714672076,-0.944816510438
    ));
#284 = CARTESIAN_POINT('',(6.596661840373,-0.71143637981,-0.859759840091
    ));
#285 = CARTESIAN_POINT('',(6.586662862529,-0.586621716798,
    -0.744427560441));
#286 = CARTESIAN_POINT('',(6.583810463845,-0.551075024698,
    -0.711548264446));
#287 = CARTESIAN_POINT('',(6.58092830817,-0.51520603739,-0.678343467456)
  );
#288 = CARTESIAN_POINT('',(6.580892229864,-0.514757045594,
    -0.677927819989));
#289 = CARTESIAN_POINT('',(6.580856150263,-0.514308042689,
    -0.677512158497));
#290 = CARTESIAN_POINT('',(6.590134392548,-1.07463996728,-1.095732235465
    ));
#291 = CARTESIAN_POINT('',(6.586609124334,-1.030415551333,
    -1.055438235402));
#292 = CARTESIAN_POINT('',(6.58307940693,-0.986283732803,-1.015093380852
    ));
#293 = CARTESIAN_POINT('',(6.57243476464,-0.853499449341,-0.893424562739
    ));
#294 = CARTESIAN_POINT('',(6.565003228557,-0.761238110618,
    -0.808481716617));
#295 = CARTESIAN_POINT('',(6.554924146189,-0.636438564452,
    -0.693277277994));
#296 = CARTESIAN_POINT('',(6.552050486626,-0.600895074822,
    -0.660431198881));
#297 = CARTESIAN_POINT('',(6.549148165879,-0.565028700394,
    -0.627257520944));
#298 = CARTESIAN_POINT('',(6.549111835261,-0.564579737953,
    -0.626842260082));
#299 = CARTESIAN_POINT('',(6.54907550368,-0.564130768632,-0.626426988211
    ));
#300 = DEFINITIONAL_REPRESENTATION('',(#301),#304);
#301 = B_SPLINE_CURVE_WITH_KNOTS('',1,(#302,#303),.UNSPECIFIED.,.F.,.F.,
  (2,2),(0.,2.450142098079E-02),.PIECEWISE_BEZIER_KNOTS.);
#302 = CARTESIAN_POINT('',(6.477831571804E-14,8.0975115601E-02));
#303 = CARTESIAN_POINT('',(1.,8.817096919948E-02));
#304 = ( GEOMETRIC_REPRESENTATION_CONTEXT(2) 
PARAMETRIC_REPRESENTATION_CONTEXT() REPRESENTATION_CONTEXT('2D SPACE',''
  ) );
#305 = ADVANCED_FACE('',(#306),#259,.T.);
#306 = FACE_BOUND('',#307,.T.);
#307 = EDGE_LOOP('',(#308,#337,#380,#411,#412));
#308 = ORIENTED_EDGE('',*,*,#309,.T.);
#309 = EDGE_CURVE('',#310,#312,#314,.T.);
#310 = VERTEX_POINT('',#311);
#311 = CARTESIAN_POINT('',(6.648922203615,-0.471598978563,
    -0.832461028741));
#312 = VERTEX_POINT('',#313);
#313 = CARTESIAN_POINT('',(6.684235437722,-0.925569006128,
    -1.251111318166));
#314 = SURFACE_CURVE('',#315,(#324,#331),.PCURVE_S1.);
#315 = B_SPLINE_CURVE_WITH_KNOTS('',3,(#316,#317,#318,#319,#320,#321,
    #322,#323),.UNSPECIFIED.,.F.,.F.,(4,2,2,4),(-8.033539596876E-02,
    -7.334147297558E-02,-3.640545727984E-02,-1.86726257768E-02),
  .UNSPECIFIED.);
#316 = CARTESIAN_POINT('',(6.64892220398,-0.471598986333,-0.832461032736
    ));
#317 = CARTESIAN_POINT('',(6.650261647193,-0.48855106919,-0.848168704769
    ));
#318 = CARTESIAN_POINT('',(6.651599508885,-0.505504121273,
    -0.863871299364));
#319 = CARTESIAN_POINT('',(6.659979060534,-0.611832700792,
    -0.962315912273));
#320 = CARTESIAN_POINT('',(6.667203220089,-0.704144903254,
    -1.047600262478));
#321 = CARTESIAN_POINT('',(6.677472553379,-0.837073297523,
    -1.169932520763));
#322 = CARTESIAN_POINT('',(6.68086531208,-0.881264515828,-1.210525413476
    ));
#323 = CARTESIAN_POINT('',(6.684235437722,-0.925569006128,
    -1.251111318166));
#324 = PCURVE('',#259,#325);
#325 = DEFINITIONAL_REPRESENTATION('',(#326),#330);
#326 = LINE('',#327,#328);
#327 = CARTESIAN_POINT('',(-2.867522482141E-14,0.));
#328 = VECTOR('',#329,1.);
#329 = DIRECTION('',(-1.355821303546E-12,-1.));
#330 = ( GEOMETRIC_REPRESENTATION_CONTEXT(2) 
PARAMETRIC_REPRESENTATION_CONTEXT() REPRESENTATION_CONTEXT('2D SPACE',''
  ) );
#331 = PCURVE('',#214,#332);
#332 = DEFINITIONAL_REPRESENTATION('',(#333),#336);
#333 = B_SPLINE_CURVE_WITH_KNOTS('',1,(#334,#335),.UNSPECIFIED.,.F.,.F.,
  (2,2),(-8.033539596876E-02,-1.86726257768E-02),
  .PIECEWISE_BEZIER_KNOTS.);
#334 = CARTESIAN_POINT('',(0.670250974137,8.033554578922E-02));
#335 = CARTESIAN_POINT('',(0.674104651947,1.881270802885E-02));
#336 = ( GEOMETRIC_REPRESENTATION_CONTEXT(2) 
PARAMETRIC_REPRESENTATION_CONTEXT() REPRESENTATION_CONTEXT('2D SPACE',''
  ) );
#337 = ORIENTED_EDGE('',*,*,#338,.F.);
#338 = EDGE_CURVE('',#339,#312,#341,.T.);
#339 = VERTEX_POINT('',#340);
#340 = CARTESIAN_POINT('',(6.578803712466,-0.932949441366,
    -0.966221969504));
#341 = SURFACE_CURVE('',#342,(#347,#353),.PCURVE_S1.);
#342 = B_SPLINE_CURVE_WITH_KNOTS('',3,(#343,#344,#345,#346),
  .UNSPECIFIED.,.F.,.F.,(4,4),(-3.035032430614E-02,0.),
  .PIECEWISE_BEZIER_KNOTS.);
#343 = CARTESIAN_POINT('',(6.579262353105,-0.934301958843,
    -0.966109375749));
#344 = CARTESIAN_POINT('',(6.614903634836,-0.930247044816,
    -1.060695416402));
#345 = CARTESIAN_POINT('',(6.650145480125,-0.927892004916,
    -1.155916671357));
#346 = CARTESIAN_POINT('',(6.684698408878,-0.926985837925,
    -1.250994431046));
#347 = PCURVE('',#259,#348);
#348 = DEFINITIONAL_REPRESENTATION('',(#349),#352);
#349 = B_SPLINE_CURVE_WITH_KNOTS('',1,(#350,#351),.UNSPECIFIED.,.F.,.F.,
  (2,2),(-3.035032430614E-02,-3.557937738872E-06),
  .PIECEWISE_BEZIER_KNOTS.);
#350 = CARTESIAN_POINT('',(1.003192269871,3.771709519002E-02));
#351 = CARTESIAN_POINT('',(3.485950994319E-03,1.857751575423E-02));
#352 = ( GEOMETRIC_REPRESENTATION_CONTEXT(2) 
PARAMETRIC_REPRESENTATION_CONTEXT() REPRESENTATION_CONTEXT('2D SPACE',''
  ) );
#353 = PCURVE('',#354,#375);
#354 = B_SPLINE_SURFACE_WITH_KNOTS('',3,3,(
    (#355,#356,#357,#358)
    ,(#359,#360,#361,#362)
    ,(#363,#364,#365,#366)
    ,(#367,#368,#369,#370)
    ,(#371,#372,#373,#374
    )),.UNSPECIFIED.,.F.,.F.,.F.,(4,1,4),(4,4),(0.,0.571428571429,1.),(
    9.163728418111E-02,0.398724787647),.UNSPECIFIED.);
#355 = CARTESIAN_POINT('',(6.402228600099,-1.233951499393,
    -3.087155742748));
#356 = CARTESIAN_POINT('',(6.334646641245,-1.173851195788,
    -2.067470203449));
#357 = CARTESIAN_POINT('',(6.267756524249,-1.113340630703,
    -1.047778071671));
#358 = CARTESIAN_POINT('',(6.201310810907,-1.052553564539,
    -2.808165255066E-02));
#359 = CARTESIAN_POINT('',(6.619206241774,-1.058598322904,
    -3.084566017925));
#360 = CARTESIAN_POINT('',(6.551462317792,-0.99667768633,-2.065005172385
    ));
#361 = CARTESIAN_POINT('',(6.484473185643,-0.934697308055,
    -1.045411806666));
#362 = CARTESIAN_POINT('',(6.417878830813,-0.872528354501,
    -2.581124993697E-02));
#363 = CARTESIAN_POINT('',(7.131356806693,-0.922061562989,
    -3.061196675158));
#364 = CARTESIAN_POINT('',(7.06528592347,-0.857679485433,-2.041698378537
    ));
#365 = CARTESIAN_POINT('',(6.999639160728,-0.793463165518,
    -1.022170652486));
#366 = CARTESIAN_POINT('',(6.934292590383,-0.729406121329,
    -2.618669501681E-03));
#367 = CARTESIAN_POINT('',(7.587485697683,-1.154769078244,
    -3.018339746382));
#368 = CARTESIAN_POINT('',(7.523519601737,-1.090788394618,
    -1.998709976782));
#369 = CARTESIAN_POINT('',(7.459655085447,-1.026949914585,
    -0.979067203295));
#370 = CARTESIAN_POINT('',(7.395905291609,-0.96318867217,
    4.058619633999E-02));
#371 = CARTESIAN_POINT('',(7.734872425454,-1.302155806015,-3.));
#372 = CARTESIAN_POINT('',(7.671431251127,-1.238714631688,
    -1.980314460701));
#373 = CARTESIAN_POINT('',(7.608043063385,-1.175326443946,
    -0.960622328923));
#374 = CARTESIAN_POINT('',(7.544689385234,-1.111972765795,
    5.907409019699E-02));
#375 = DEFINITIONAL_REPRESENTATION('',(#376),#379);
#376 = B_SPLINE_CURVE_WITH_KNOTS('',1,(#377,#378),.UNSPECIFIED.,.F.,.F.,
  (2,2),(-3.035032430614E-02,-3.557937738872E-06),
  .PIECEWISE_BEZIER_KNOTS.);
#377 = CARTESIAN_POINT('',(0.246490725948,0.303677587789));
#378 = CARTESIAN_POINT('',(0.307733464733,0.274695309012));
#379 = ( GEOMETRIC_REPRESENTATION_CONTEXT(2) 
PARAMETRIC_REPRESENTATION_CONTEXT() REPRESENTATION_CONTEXT('2D SPACE',''
  ) );
#380 = ORIENTED_EDGE('',*,*,#381,.T.);
#381 = EDGE_CURVE('',#339,#22,#382,.T.);
#382 = SURFACE_CURVE('',#383,(#392,#399),.PCURVE_S1.);
#383 = B_SPLINE_CURVE_WITH_KNOTS('',3,(#384,#385,#386,#387,#388,#389,
    #390,#391),.UNSPECIFIED.,.F.,.F.,(4,2,2,4),(3.781248490987E-02,
    7.334147297558E-02,8.798534198897E-02,8.817096920021E-02),
  .UNSPECIFIED.);
#384 = CARTESIAN_POINT('',(6.5788037134,-0.932949431507,-0.966221980179)
  );
#385 = CARTESIAN_POINT('',(6.571868886481,-0.846474505577,
    -0.886956545779));
#386 = CARTESIAN_POINT('',(6.564728285186,-0.757833752297,
    -0.805339099507));
#387 = CARTESIAN_POINT('',(6.554924146189,-0.636438564452,
    -0.693277277994));
#388 = CARTESIAN_POINT('',(6.552050486626,-0.600895074822,
    -0.660431198881));
#389 = CARTESIAN_POINT('',(6.549148165879,-0.565028700394,
    -0.627257520944));
#390 = CARTESIAN_POINT('',(6.549111835261,-0.564579737953,
    -0.626842260082));
#391 = CARTESIAN_POINT('',(6.54907550368,-0.564130768632,-0.626426988211
    ));
#392 = PCURVE('',#259,#393);
#393 = DEFINITIONAL_REPRESENTATION('',(#394),#398);
#394 = LINE('',#395,#396);
#395 = CARTESIAN_POINT('',(1.,-4.857225732735E-17));
#396 = VECTOR('',#397,1.);
#397 = DIRECTION('',(-1.395536788868E-12,1.));
#398 = ( GEOMETRIC_REPRESENTATION_CONTEXT(2) 
PARAMETRIC_REPRESENTATION_CONTEXT() REPRESENTATION_CONTEXT('2D SPACE',''
  ) );
#399 = PCURVE('',#44,#400);
#400 = DEFINITIONAL_REPRESENTATION('',(#401),#410);
#401 = B_SPLINE_CURVE_WITH_KNOTS('',3,(#402,#403,#404,#405,#406,#407,
    #408,#409),.UNSPECIFIED.,.F.,.F.,(4,2,2,4),(3.781248490987E-02,
    7.334147297558E-02,8.798534198897E-02,8.817096920021E-02),
  .UNSPECIFIED.);
#402 = CARTESIAN_POINT('',(-4.182949431507,-0.838679795885));
#403 = CARTESIAN_POINT('',(-4.096474505577,-0.759111580403));
#404 = CARTESIAN_POINT('',(-4.007833752297,-0.677182368745));
#405 = CARTESIAN_POINT('',(-3.886438564452,-0.564692489279));
#406 = CARTESIAN_POINT('',(-3.850895074822,-0.53172094348));
#407 = CARTESIAN_POINT('',(-3.815028700394,-0.498420547483));
#408 = CARTESIAN_POINT('',(-3.814579737953,-0.498003700392));
#409 = CARTESIAN_POINT('',(-3.814130768632,-0.49758684225));
#410 = ( GEOMETRIC_REPRESENTATION_CONTEXT(2) 
PARAMETRIC_REPRESENTATION_CONTEXT() REPRESENTATION_CONTEXT('2D SPACE',''
  ) );
#411 = ORIENTED_EDGE('',*,*,#237,.F.);
#412 = ORIENTED_EDGE('',*,*,#413,.F.);
#413 = EDGE_CURVE('',#310,#197,#414,.T.);
#414 = SURFACE_CURVE('',#415,(#420,#427),.PCURVE_S1.);
#415 = B_SPLINE_CURVE_WITH_KNOTS('',3,(#416,#417,#418,#419),
  .UNSPECIFIED.,.F.,.F.,(4,4),(8.033539596876E-02,8.0975115601E-02),
  .PIECEWISE_BEZIER_KNOTS.);
#416 = CARTESIAN_POINT('',(6.648922203493,-0.471598980165,
    -0.832461027021));
#417 = CARTESIAN_POINT('',(6.648799687409,-0.470048408422,
    -0.831024278946));
#418 = CARTESIAN_POINT('',(6.648677158094,-0.468497844788,
    -0.829587488392));
#419 = CARTESIAN_POINT('',(6.648554617233,-0.466947309038,
    -0.828150674117));
#420 = PCURVE('',#259,#421);
#421 = DEFINITIONAL_REPRESENTATION('',(#422),#426);
#422 = LINE('',#423,#424);
#423 = CARTESIAN_POINT('',(-3.380918733506E-13,8.483238694845E-10));
#424 = VECTOR('',#425,1.);
#425 = DIRECTION('',(5.133290876114E-12,1.));
#426 = ( GEOMETRIC_REPRESENTATION_CONTEXT(2) 
PARAMETRIC_REPRESENTATION_CONTEXT() REPRESENTATION_CONTEXT('2D SPACE',''
  ) );
#427 = PCURVE('',#214,#428);
#428 = DEFINITIONAL_REPRESENTATION('',(#429),#432);
#429 = B_SPLINE_CURVE_WITH_KNOTS('',1,(#430,#431),.UNSPECIFIED.,.F.,.F.,
  (2,2),(8.033539596876E-02,8.0975115601E-02),.PIECEWISE_BEZIER_KNOTS.);
#430 = CARTESIAN_POINT('',(0.670250974099,8.033554663714E-02));
#431 = CARTESIAN_POINT('',(0.670222525361,8.097511560113E-02));
#432 = ( GEOMETRIC_REPRESENTATION_CONTEXT(2) 
PARAMETRIC_REPRESENTATION_CONTEXT() REPRESENTATION_CONTEXT('2D SPACE',''
  ) );
#433 = ADVANCED_FACE('',(#434),#354,.F.);
#434 = FACE_BOUND('',#435,.F.);
#435 = EDGE_LOOP('',(#436,#460,#607,#635,#803,#833,#873,#923,#966));
#436 = ORIENTED_EDGE('',*,*,#437,.T.);
#437 = EDGE_CURVE('',#339,#438,#440,.T.);
#438 = VERTEX_POINT('',#439);
#439 = CARTESIAN_POINT('',(6.534202005722,-0.905708168045,
    -0.456422128626));
#440 = SURFACE_CURVE('',#441,(#446,#452),.PCURVE_S1.);
#441 = B_SPLINE_CURVE_WITH_KNOTS('',3,(#442,#443,#444,#445),
  .UNSPECIFIED.,.F.,.F.,(4,4),(0.430251995849,0.481434270278),
  .PIECEWISE_BEZIER_KNOTS.);
#442 = CARTESIAN_POINT('',(6.579262353105,-0.934301958843,
    -0.966109375749));
#443 = CARTESIAN_POINT('',(6.564396291378,-0.925182314182,-0.79618499475
    ));
#444 = CARTESIAN_POINT('',(6.549528145853,-0.916094860647,
    -0.626244877282));
#445 = CARTESIAN_POINT('',(6.534659538283,-0.90704075174,-0.456310889987
    ));
#446 = PCURVE('',#354,#447);
#447 = DEFINITIONAL_REPRESENTATION('',(#448),#451);
#448 = B_SPLINE_CURVE_WITH_KNOTS('',1,(#449,#450),.UNSPECIFIED.,.F.,.F.,
  (2,2),(0.430252007681,0.481434249817),.PIECEWISE_BEZIER_KNOTS.);
#449 = CARTESIAN_POINT('',(0.246490724072,0.30367759963));
#450 = CARTESIAN_POINT('',(0.238336595037,0.354904945787));
#451 = ( GEOMETRIC_REPRESENTATION_CONTEXT(2) 
PARAMETRIC_REPRESENTATION_CONTEXT() REPRESENTATION_CONTEXT('2D SPACE',''
  ) );
#452 = PCURVE('',#44,#453);
#453 = DEFINITIONAL_REPRESENTATION('',(#454),#459);
#454 = B_SPLINE_CURVE_WITH_KNOTS('',3,(#455,#456,#457,#458),
  .UNSPECIFIED.,.F.,.F.,(4,4),(0.430251995849,0.481434270278),
  .PIECEWISE_BEZIER_KNOTS.);
#455 = CARTESIAN_POINT('',(-4.184301958843,-0.838607593033));
#456 = CARTESIAN_POINT('',(-4.175182314182,-0.668034162954));
#457 = CARTESIAN_POINT('',(-4.166094860647,-0.497444874672));
#458 = CARTESIAN_POINT('',(-4.15704075174,-0.326861652967));
#459 = ( GEOMETRIC_REPRESENTATION_CONTEXT(2) 
PARAMETRIC_REPRESENTATION_CONTEXT() REPRESENTATION_CONTEXT('2D SPACE',''
  ) );
#460 = ORIENTED_EDGE('',*,*,#461,.F.);
#461 = EDGE_CURVE('',#462,#438,#464,.T.);
#462 = VERTEX_POINT('',#463);
#463 = CARTESIAN_POINT('',(6.201310810888,-1.052553564536,
    -2.808165255203E-02));
#464 = SURFACE_CURVE('',#465,(#500,#551),.PCURVE_S1.);
#465 = B_SPLINE_CURVE_WITH_KNOTS('',3,(#466,#467,#468,#469,#470,#471,
    #472,#473,#474,#475,#476,#477,#478,#479,#480,#481,#482,#483,#484,
    #485,#486,#487,#488,#489,#490,#491,#492,#493,#494,#495,#496,#497,
    #498,#499),.UNSPECIFIED.,.F.,.F.,(4,3,3,3,3,3,3,3,3,3,3,4),(
    -0.135565506329,-0.125757268713,-0.123175899608,-0.113247240117,
    -0.10958666713,-0.10062115006,-9.189162137694E-02,
    -8.997084253636E-02,-8.212404406902E-02,-7.737162432832E-02,
    -6.971785874083E-02,-6.921597514866E-02),.UNSPECIFIED.);
#466 = CARTESIAN_POINT('',(6.201310810911,-1.052553564542,
    -2.80816526102E-02));
#467 = CARTESIAN_POINT('',(6.223972955912,-1.034644399093,
    -3.601507126845E-02));
#468 = CARTESIAN_POINT('',(6.246981238744,-1.018394989465,
    -4.587919768976E-02));
#469 = CARTESIAN_POINT('',(6.269966395412,-1.003782566953,
    -5.801172390833E-02));
#470 = CARTESIAN_POINT('',(6.276015715954,-0.999936814281,
    -6.120480808633E-02));
#471 = CARTESIAN_POINT('',(6.282063457683,-0.996204167346,
    -6.455503061476E-02));
#472 = CARTESIAN_POINT('',(6.28810297181,-0.992583626785,
    -6.806857863377E-02));
#473 = CARTESIAN_POINT('',(6.311332613453,-0.978658026474,
    -8.158265603579E-02));
#474 = CARTESIAN_POINT('',(6.334058867759,-0.966620880794,
    -9.729690325187E-02));
#475 = CARTESIAN_POINT('',(6.355828449883,-0.95630023114,-0.115338650502
    ));
#476 = CARTESIAN_POINT('',(6.36385462344,-0.952495136267,-0.121990417811
    ));
#477 = CARTESIAN_POINT('',(6.371751162935,-0.948923032648,
    -0.128958558778));
#478 = CARTESIAN_POINT('',(6.379496837958,-0.945574357619,
    -0.136249421095));
#479 = CARTESIAN_POINT('',(6.39846763348,-0.937372744579,-0.154106284156
    ));
#480 = CARTESIAN_POINT('',(6.416208398557,-0.930649523891,
    -0.173606229346));
#481 = CARTESIAN_POINT('',(6.432417696252,-0.925187181798,
    -0.194588057813));
#482 = CARTESIAN_POINT('',(6.448200336342,-0.919868618284,-0.21501760716
    ));
#483 = CARTESIAN_POINT('',(6.462531622719,-0.915744438456,
    -0.236852082114));
#484 = CARTESIAN_POINT('',(6.475173960106,-0.912640771239,
    -0.259938485518));
#485 = CARTESIAN_POINT('',(6.477955683499,-0.911957864001,
    -0.265018241456));
#486 = CARTESIAN_POINT('',(6.48065577972,-0.911324502406,-0.270158591156
    ));
#487 = CARTESIAN_POINT('',(6.483271951644,-0.91073908907,-0.275357874443
    ));
#488 = CARTESIAN_POINT('',(6.493959581792,-0.908347548532,
    -0.296598075167));
#489 = CARTESIAN_POINT('',(6.503137105136,-0.906777715689,
    -0.318619903912));
#490 = CARTESIAN_POINT('',(6.510707512761,-0.905911999488,
    -0.341226410895));
#491 = CARTESIAN_POINT('',(6.515292536167,-0.905387677782,
    -0.354918059852));
#492 = CARTESIAN_POINT('',(6.519288542344,-0.905122478426,
    -0.368824093295));
#493 = CARTESIAN_POINT('',(6.522678040285,-0.90509864622,-0.382899984715
    ));
#494 = CARTESIAN_POINT('',(6.528136819402,-0.905060264502,
    -0.405569177466));
#495 = CARTESIAN_POINT('',(6.53199870117,-0.905645676317,-0.428586748302
    ));
#496 = CARTESIAN_POINT('',(6.534239602644,-0.906805198822,
    -0.451751977023));
#497 = CARTESIAN_POINT('',(6.53438654622,-0.906881232679,-0.453271000315
    ));
#498 = CARTESIAN_POINT('',(6.534526526146,-0.906959752544,
    -0.454790657042));
#499 = CARTESIAN_POINT('',(6.534659538283,-0.90704075174,-0.456310889987
    ));
#500 = PCURVE('',#354,#501);
#501 = DEFINITIONAL_REPRESENTATION('',(#502),#550);
#502 = B_SPLINE_CURVE_WITH_KNOTS('',3,(#503,#504,#505,#506,#507,#508,
    #509,#510,#511,#512,#513,#514,#515,#516,#517,#518,#519,#520,#521,
    #522,#523,#524,#525,#526,#527,#528,#529,#530,#531,#532,#533,#534,
    #535,#536,#537,#538,#539,#540,#541,#542,#543,#544,#545,#546,#547,
    #548,#549),.UNSPECIFIED.,.F.,.F.,(4,1,1,1,1,1,1,1,1,1,1,1,1,1,1,1,1,
    1,1,1,1,1,1,1,1,1,1,1,1,1,1,1,1,1,1,1,1,1,1,1,1,1,1,1,4),(
    -0.135565506329,-0.134057562438,-0.132549618548,-0.131041674657,
    -0.129533730767,-0.128025786877,-0.126517842986,-0.125009899096,
    -0.123501955205,-0.121994011315,-0.120486067424,-0.118978123534,
    -0.117470179643,-0.115962235753,-0.114454291862,-0.112946347972,
    -0.111438404081,-0.109930460191,-0.108422516301,-0.10691457241,
    -0.10540662852,-0.103898684629,-0.102390740739,-0.100882796848,
    -9.937485295781E-02,-9.786690906735E-02,-9.635896517689E-02,
    -9.485102128643E-02,-9.334307739598E-02,-9.183513350552E-02,
    -9.032718961506E-02,-8.88192457246E-02,-8.731130183415E-02,
    -8.580335794369E-02,-8.429541405323E-02,-8.278747016277E-02,
    -8.127952627232E-02,-7.977158238186E-02,-7.82636384914E-02,
    -7.675569460094E-02,-7.524775071049E-02,-7.373980682003E-02,
    -7.223186292957E-02,-7.072391903911E-02,-6.921597514866E-02),
  .QUASI_UNIFORM_KNOTS.);
#503 = CARTESIAN_POINT('',(0.,0.398724787647));
#504 = CARTESIAN_POINT('',(2.992418156245E-03,0.398598766693));
#505 = CARTESIAN_POINT('',(8.951951108817E-03,0.398337046093));
#506 = CARTESIAN_POINT('',(1.781256606365E-02,0.39791474847));
#507 = CARTESIAN_POINT('',(2.659174986733E-02,0.397462053803));
#508 = CARTESIAN_POINT('',(3.528665883274E-02,0.396978280634));
#509 = CARTESIAN_POINT('',(4.389431261054E-02,0.396462751766));
#510 = CARTESIAN_POINT('',(5.241189940675E-02,0.395914774093));
#511 = CARTESIAN_POINT('',(6.083561569086E-02,0.395333713876));
#512 = CARTESIAN_POINT('',(6.91652426051E-02,0.39471871582));
#513 = CARTESIAN_POINT('',(7.738860433338E-02,0.394069751495));
#514 = CARTESIAN_POINT('',(8.546121618002E-02,0.39338967356));
#515 = CARTESIAN_POINT('',(9.33896049426E-02,0.392677598104));
#516 = CARTESIAN_POINT('',(0.10116802897,0.391933527381));
#517 = CARTESIAN_POINT('',(0.108793890899,0.391157224585));
#518 = CARTESIAN_POINT('',(0.116263589037,0.390348522975));
#519 = CARTESIAN_POINT('',(0.12357371294,0.38950721462));
#520 = CARTESIAN_POINT('',(0.130720470444,0.388633186289));
#521 = CARTESIAN_POINT('',(0.137702962928,0.387725987134));
#522 = CARTESIAN_POINT('',(0.144509610354,0.386786422066));
#523 = CARTESIAN_POINT('',(0.151097536447,0.385820151967));
#524 = CARTESIAN_POINT('',(0.157473372567,0.384826570238));
#525 = CARTESIAN_POINT('',(0.163631994746,0.383806536926));
#526 = CARTESIAN_POINT('',(0.169571287556,0.382760519086));
#527 = CARTESIAN_POINT('',(0.175288194185,0.381689089103));
#528 = CARTESIAN_POINT('',(0.180779760416,0.380592791041));
#529 = CARTESIAN_POINT('',(0.186043455269,0.379472176918));
#530 = CARTESIAN_POINT('',(0.191076659656,0.378327795238));
#531 = CARTESIAN_POINT('',(0.195876657376,0.377160200605));
#532 = CARTESIAN_POINT('',(0.200440745463,0.375969926745));
#533 = CARTESIAN_POINT('',(0.204765813558,0.374757584799));
#534 = CARTESIAN_POINT('',(0.208849924998,0.373523497136));
#535 = CARTESIAN_POINT('',(0.212687344982,0.372269063792));
#536 = CARTESIAN_POINT('',(0.216260911887,0.370999824127));
#537 = CARTESIAN_POINT('',(0.219573204361,0.369715629014));
#538 = CARTESIAN_POINT('',(0.222622153624,0.36841764991));
#539 = CARTESIAN_POINT('',(0.225406895385,0.367106702056));
#540 = CARTESIAN_POINT('',(0.227926164929,0.365783704989));
#541 = CARTESIAN_POINT('',(0.230178959991,0.364449517271));
#542 = CARTESIAN_POINT('',(0.232164071952,0.36310513707));
#543 = CARTESIAN_POINT('',(0.233880785144,0.361751065094));
#544 = CARTESIAN_POINT('',(0.235325150216,0.36039074634));
#545 = CARTESIAN_POINT('',(0.236497433232,0.359025056522));
#546 = CARTESIAN_POINT('',(0.23739762267,0.357654950888));
#547 = CARTESIAN_POINT('',(0.238025774503,0.356281363369));
#548 = CARTESIAN_POINT('',(0.238263204712,0.355363943543));
#549 = CARTESIAN_POINT('',(0.238336591762,0.354904966266));
#550 = ( GEOMETRIC_REPRESENTATION_CONTEXT(2) 
PARAMETRIC_REPRESENTATION_CONTEXT() REPRESENTATION_CONTEXT('2D SPACE',''
  ) );
#551 = PCURVE('',#552,#557);
#552 = CYLINDRICAL_SURFACE('',#553,0.5);
#553 = AXIS2_PLACEMENT_3D('',#554,#555,#556);
#554 = CARTESIAN_POINT('',(6.036104656676,1.625,-0.5));
#555 = DIRECTION('',(0.,1.,0.));
#556 = DIRECTION('',(0.675590207616,-0.,0.73727733681));
#557 = DEFINITIONAL_REPRESENTATION('',(#558),#606);
#558 = B_SPLINE_CURVE_WITH_KNOTS('',3,(#559,#560,#561,#562,#563,#564,
    #565,#566,#567,#568,#569,#570,#571,#572,#573,#574,#575,#576,#577,
    #578,#579,#580,#581,#582,#583,#584,#585,#586,#587,#588,#589,#590,
    #591,#592,#593,#594,#595,#596,#597,#598,#599,#600,#601,#602,#603,
    #604,#605),.UNSPECIFIED.,.F.,.F.,(4,1,1,1,1,1,1,1,1,1,1,1,1,1,1,1,1,
    1,1,1,1,1,1,1,1,1,1,1,1,1,1,1,1,1,1,1,1,1,1,1,1,1,1,1,4),(
    -0.135565506329,-0.134057562438,-0.132549618548,-0.131041674657,
    -0.129533730767,-0.128025786877,-0.126517842986,-0.125009899096,
    -0.123501955205,-0.121994011315,-0.120486067424,-0.118978123534,
    -0.117470179643,-0.115962235753,-0.114454291862,-0.112946347972,
    -0.111438404081,-0.109930460191,-0.108422516301,-0.10691457241,
    -0.10540662852,-0.103898684629,-0.102390740739,-0.100882796848,
    -9.937485295781E-02,-9.786690906735E-02,-9.635896517689E-02,
    -9.485102128643E-02,-9.334307739598E-02,-9.183513350552E-02,
    -9.032718961506E-02,-8.88192457246E-02,-8.731130183415E-02,
    -8.580335794369E-02,-8.429541405323E-02,-8.278747016277E-02,
    -8.127952627232E-02,-7.977158238186E-02,-7.82636384914E-02,
    -7.675569460094E-02,-7.524775071049E-02,-7.373980682003E-02,
    -7.223186292957E-02,-7.072391903911E-02,-6.921597514866E-02),
  .QUASI_UNIFORM_KNOTS.);
#559 = CARTESIAN_POINT('',(5.878160759868,-2.677553564542));
#560 = CARTESIAN_POINT('',(5.885543759086,-2.674800162996));
#561 = CARTESIAN_POINT('',(5.90040067202,-2.669371822615));
#562 = CARTESIAN_POINT('',(5.922960360122,-2.66146420257));
#563 = CARTESIAN_POINT('',(5.945795567002,-2.653790980107));
#564 = CARTESIAN_POINT('',(5.968908805668,-2.646351645935));
#565 = CARTESIAN_POINT('',(5.992303259873,-2.639145751484));
#566 = CARTESIAN_POINT('',(6.015983744592,-2.632172621649));
#567 = CARTESIAN_POINT('',(6.03995356026,-2.625432426746));
#568 = CARTESIAN_POINT('',(6.064226250113,-2.618921672374));
#569 = CARTESIAN_POINT('',(6.088782627652,-2.612646512305));
#570 = CARTESIAN_POINT('',(6.113502768011,-2.606635795755));
#571 = CARTESIAN_POINT('',(6.138416096169,-2.600878412219));
#572 = CARTESIAN_POINT('',(6.163517522244,-2.595372755659));
#573 = CARTESIAN_POINT('',(6.188812239319,-2.590114673199));
#574 = CARTESIAN_POINT('',(6.214303593224,-2.585100694853));
#575 = CARTESIAN_POINT('',(6.239996930321,-2.580327165911));
#576 = CARTESIAN_POINT('',(6.265896520789,-2.575790444032));
#577 = CARTESIAN_POINT('',(6.292017910851,-2.571485049522));
#578 = CARTESIAN_POINT('',(6.31833951028,-2.567412029972));
#579 = CARTESIAN_POINT('',(6.344711167237,-2.563589517095));
#580 = CARTESIAN_POINT('',(6.371166532974,-2.560005764987));
#581 = CARTESIAN_POINT('',(6.397696556992,-2.556656049539));
#582 = CARTESIAN_POINT('',(6.424304067258,-2.553533755157));
#583 = CARTESIAN_POINT('',(6.450989231205,-2.550632810392));
#584 = CARTESIAN_POINT('',(6.477753432806,-2.547946858705));
#585 = CARTESIAN_POINT('',(6.504599574834,-2.545470245982));
#586 = CARTESIAN_POINT('',(6.531531032516,-2.543197664274));
#587 = CARTESIAN_POINT('',(6.558551355859,-2.541123715494));
#588 = CARTESIAN_POINT('',(6.585664973477,-2.539243036331));
#589 = CARTESIAN_POINT('',(6.612874864417,-2.537550214505));
#590 = CARTESIAN_POINT('',(6.640191341893,-2.536040001023));
#591 = CARTESIAN_POINT('',(6.667601083355,-2.534709011389));
#592 = CARTESIAN_POINT('',(6.695002134303,-2.533557139794));
#593 = CARTESIAN_POINT('',(6.722419862392,-2.532578284349));
#594 = CARTESIAN_POINT('',(6.749850077014,-2.531767717605));
#595 = CARTESIAN_POINT('',(6.777296643762,-2.531120407451));
#596 = CARTESIAN_POINT('',(6.804761208316,-2.530631165981));
#597 = CARTESIAN_POINT('',(6.832247079115,-2.53029649424));
#598 = CARTESIAN_POINT('',(6.859754736198,-2.530113058523));
#599 = CARTESIAN_POINT('',(6.887294790359,-2.530077432582));
#600 = CARTESIAN_POINT('',(6.9148183915,-2.530186051144));
#601 = CARTESIAN_POINT('',(6.942329419321,-2.530436768262));
#602 = CARTESIAN_POINT('',(6.969829923607,-2.530827273776));
#603 = CARTESIAN_POINT('',(6.997322362415,-2.531355275757));
#604 = CARTESIAN_POINT('',(7.015646825842,-2.531797474291));
#605 = CARTESIAN_POINT('',(7.024808493734,-2.53204075174));
#606 = ( GEOMETRIC_REPRESENTATION_CONTEXT(2) 
PARAMETRIC_REPRESENTATION_CONTEXT() REPRESENTATION_CONTEXT('2D SPACE',''
  ) );
#607 = ORIENTED_EDGE('',*,*,#608,.F.);
#608 = EDGE_CURVE('',#609,#462,#611,.T.);
#609 = VERTEX_POINT('',#610);
#610 = CARTESIAN_POINT('',(6.396453866321,-1.228813527573,
    -2.999999999883));
#611 = SURFACE_CURVE('',#612,(#617,#624),.PCURVE_S1.);
#612 = B_SPLINE_CURVE_WITH_KNOTS('',3,(#613,#614,#615,#616),
  .UNSPECIFIED.,.F.,.F.,(4,4),(0.100386528679,0.398724787647),
  .PIECEWISE_BEZIER_KNOTS.);
#613 = CARTESIAN_POINT('',(6.396453836862,-1.228813541684,
    -3.000000000838));
#614 = CARTESIAN_POINT('',(6.330835463049,-1.170402952632,
    -2.009366007043));
#615 = CARTESIAN_POINT('',(6.265863416306,-1.111608743543,
    -1.018725853057));
#616 = CARTESIAN_POINT('',(6.201310810907,-1.052553564539,
    -2.808165255066E-02));
#617 = PCURVE('',#354,#618);
#618 = DEFINITIONAL_REPRESENTATION('',(#619),#623);
#619 = LINE('',#620,#621);
#620 = CARTESIAN_POINT('',(3.85546621959E-15,2.359223927328E-16));
#621 = VECTOR('',#622,1.);
#622 = DIRECTION('',(-8.329556359473E-15,1.));
#623 = ( GEOMETRIC_REPRESENTATION_CONTEXT(2) 
PARAMETRIC_REPRESENTATION_CONTEXT() REPRESENTATION_CONTEXT('2D SPACE',''
  ) );
#624 = PCURVE('',#625,#630);
#625 = CONICAL_SURFACE('',#626,2.789718885006,8.726646259972E-02);
#626 = AXIS2_PLACEMENT_3D('',#627,#628,#629);
#627 = CARTESIAN_POINT('',(8.149178971877,-3.399178971877,-3.));
#628 = DIRECTION('',(0.,0.,1.));
#629 = DIRECTION('',(1.,0.,-0.));
#630 = DEFINITIONAL_REPRESENTATION('',(#631),#634);
#631 = B_SPLINE_CURVE_WITH_KNOTS('',1,(#632,#633),.UNSPECIFIED.,.F.,.F.,
  (2,2),(0.100386528679,0.398724787647),.PIECEWISE_BEZIER_KNOTS.);
#632 = CARTESIAN_POINT('',(2.250136979447,-1.75813204205E-10));
#633 = CARTESIAN_POINT('',(2.263606821211,2.971918347449));
#634 = ( GEOMETRIC_REPRESENTATION_CONTEXT(2) 
PARAMETRIC_REPRESENTATION_CONTEXT() REPRESENTATION_CONTEXT('2D SPACE',''
  ) );
#635 = ORIENTED_EDGE('',*,*,#636,.F.);
#636 = EDGE_CURVE('',#637,#609,#639,.T.);
#637 = VERTEX_POINT('',#638);
#638 = CARTESIAN_POINT('',(7.734872425453,-1.302155806014,
    -2.999999999994));
#639 = SURFACE_CURVE('',#640,(#681,#754),.PCURVE_S1.);
#640 = B_SPLINE_CURVE_WITH_KNOTS('',3,(#641,#642,#643,#644,#645,#646,
    #647,#648,#649,#650,#651,#652,#653,#654,#655,#656,#657,#658,#659,
    #660,#661,#662,#663,#664,#665,#666,#667,#668,#669,#670,#671,#672,
    #673,#674,#675,#676,#677,#678,#679,#680),.UNSPECIFIED.,.F.,.F.,(4,3,
    3,3,3,3,3,3,3,3,3,3,3,4),(0.,1.324826947513E-02,2.668203640276E-02,
    3.936255589331E-02,5.276154398996E-02,6.320048818793E-02,
    7.665114575612E-02,7.864497642745E-02,9.198248718561E-02,
    0.105418228083,0.112958301819,0.126399187128,0.139532335712,
    0.147241710802),.UNSPECIFIED.);
#641 = CARTESIAN_POINT('',(7.734872425454,-1.302155806015,-3.));
#642 = CARTESIAN_POINT('',(7.703645954838,-1.270929335399,-3.));
#643 = CARTESIAN_POINT('',(7.670394331733,-1.241903640482,
    -3.000001320064));
#644 = CARTESIAN_POINT('',(7.635420662956,-1.215177535334,
    -3.000003707071));
#645 = CARTESIAN_POINT('',(7.599957305584,-1.188077220979,
    -3.000006127499));
#646 = CARTESIAN_POINT('',(7.562722360678,-1.163340705242,
    -3.000009745709));
#647 = CARTESIAN_POINT('',(7.523995720477,-1.141110167834,
    -3.000014110501));
#648 = CARTESIAN_POINT('',(7.487440529478,-1.120126123344,
    -3.000018230553));
#649 = CARTESIAN_POINT('',(7.449555196098,-1.101374813115,
    -3.000023086496));
#650 = CARTESIAN_POINT('',(7.410558288355,-1.085014940793,
    -3.000026912975));
#651 = CARTESIAN_POINT('',(7.36935184543,-1.067728130527,-3.000030956259
    ));
#652 = CARTESIAN_POINT('',(7.327167155221,-1.053221340529,
    -3.000034053345));
#653 = CARTESIAN_POINT('',(7.284285111249,-1.041624851721,
    -3.000032583901));
#654 = CARTESIAN_POINT('',(7.250876374642,-1.032590206814,
    -3.000031439079));
#655 = CARTESIAN_POINT('',(7.21704355229,-1.025322774712,-3.00002752697)
  );
#656 = CARTESIAN_POINT('',(7.182912011884,-1.019904803426,-3.00001831599
    ));
#657 = CARTESIAN_POINT('',(7.138933267141,-1.012923706957,
    -3.000006447574));
#658 = CARTESIAN_POINT('',(7.094457878244,-1.009011548837,
    -2.999985926597));
#659 = CARTESIAN_POINT('',(7.049769085122,-1.00810345819,-2.999965384111
    ));
#660 = CARTESIAN_POINT('',(7.043144733417,-1.007968849233,
    -2.999962339038));
#661 = CARTESIAN_POINT('',(7.036515703341,-1.007900341123,
    -2.999959287071));
#662 = CARTESIAN_POINT('',(7.029882933682,-1.007897818052,
    -2.999956249373));
#663 = CARTESIAN_POINT('',(6.985513751304,-1.007880940244,
    -2.999935929024));
#664 = CARTESIAN_POINT('',(6.941245953885,-1.010812540062,
    -2.999916859045));
#665 = CARTESIAN_POINT('',(6.897357866853,-1.016581244109,
    -2.999903968989));
#666 = CARTESIAN_POINT('',(6.853146546123,-1.022392434391,
    -2.999890983998));
#667 = CARTESIAN_POINT('',(6.809319410421,-1.031082897307,
    -2.999884327218));
#668 = CARTESIAN_POINT('',(6.766165508456,-1.042590574067,
    -2.999885533523));
#669 = CARTESIAN_POINT('',(6.741947744416,-1.049048627401,
    -2.999886210495));
#670 = CARTESIAN_POINT('',(6.717942185592,-1.056394843502,
    -2.999889296288));
#671 = CARTESIAN_POINT('',(6.694202607496,-1.064624931981,
    -2.999894479397));
#672 = CARTESIAN_POINT('',(6.651884593417,-1.079295832985,
    -2.999903718772));
#673 = CARTESIAN_POINT('',(6.610657322966,-1.096687165129,
    -2.999919905729));
#674 = CARTESIAN_POINT('',(6.570804142966,-1.116716971495,
    -2.999937974106));
#675 = CARTESIAN_POINT('',(6.531863424225,-1.136288184035,
    -2.999955628797));
#676 = CARTESIAN_POINT('',(6.494233613322,-1.158378877974,
    -2.999975113275));
#677 = CARTESIAN_POINT('',(6.458199072139,-1.182956854702,
    -2.999987700642));
#678 = CARTESIAN_POINT('',(6.437046201417,-1.197384532903,
    -2.999995089635));
#679 = CARTESIAN_POINT('',(6.416443492391,-1.212670101783,
    -3.000000024041));
#680 = CARTESIAN_POINT('',(6.396453836825,-1.228813541651,
    -3.000000000268));
#681 = PCURVE('',#354,#682);
#682 = DEFINITIONAL_REPRESENTATION('',(#683),#753);
#683 = B_SPLINE_CURVE_WITH_KNOTS('',3,(#684,#685,#686,#687,#688,#689,
    #690,#691,#692,#693,#694,#695,#696,#697,#698,#699,#700,#701,#702,
    #703,#704,#705,#706,#707,#708,#709,#710,#711,#712,#713,#714,#715,
    #716,#717,#718,#719,#720,#721,#722,#723,#724,#725,#726,#727,#728,
    #729,#730,#731,#732,#733,#734,#735,#736,#737,#738,#739,#740,#741,
    #742,#743,#744,#745,#746,#747,#748,#749,#750,#751,#752),
  .UNSPECIFIED.,.F.,.F.,(4,1,1,1,1,1,1,1,1,1,1,1,1,1,1,1,1,1,1,1,1,1,1,1
    ,1,1,1,1,1,1,1,1,1,1,1,1,1,1,1,1,1,1,1,1,1,1,1,1,1,1,1,1,1,1,1,1,1,1
    ,1,1,1,1,1,1,1,1,4),(0.,2.230935012145E-03,4.46187002429E-03,
    6.692805036435E-03,8.92374004858E-03,1.115467506073E-02,
    1.338561007287E-02,1.561654508502E-02,1.784748009716E-02,
    2.007841510931E-02,2.230935012145E-02,2.45402851336E-02,
    2.677122014574E-02,2.900215515789E-02,3.123309017003E-02,
    3.346402518218E-02,3.569496019432E-02,3.792589520647E-02,
    4.015683021861E-02,4.238776523076E-02,4.46187002429E-02,
    4.684963525505E-02,4.908057026719E-02,5.131150527934E-02,
    5.354244029148E-02,5.577337530363E-02,5.800431031577E-02,
    6.023524532792E-02,6.246618034006E-02,6.469711535221E-02,
    6.692805036435E-02,6.91589853765E-02,7.138992038864E-02,
    7.362085540079E-02,7.585179041293E-02,7.808272542508E-02,
    8.031366043722E-02,8.254459544937E-02,8.477553046151E-02,
    8.700646547366E-02,8.92374004858E-02,9.146833549795E-02,
    9.369927051009E-02,9.593020552224E-02,9.816114053438E-02,
    0.100392075547,0.102623010559,0.104853945571,0.107084880583,
    0.109315815595,0.111546750607,0.113777685619,0.116008620632,
    0.118239555644,0.120470490656,0.122701425668,0.12493236068,
    0.127163295692,0.129394230704,0.131625165717,0.133856100729,
    0.136087035741,0.138317970753,0.140548905765,0.142779840777,
    0.145010775789,0.147241710802),.QUASI_UNIFORM_KNOTS.);
#684 = CARTESIAN_POINT('',(1.,9.163728418111E-02));
#685 = CARTESIAN_POINT('',(0.994942395109,9.170246367548E-02));
#686 = CARTESIAN_POINT('',(0.984832573755,9.183275333526E-02));
#687 = CARTESIAN_POINT('',(0.969682110296,9.20279091945E-02));
#688 = CARTESIAN_POINT('',(0.954544010144,9.222271577947E-02));
#689 = CARTESIAN_POINT('',(0.93941639796,9.241710244716E-02));
#690 = CARTESIAN_POINT('',(0.924297421127,9.261099855521E-02));
#691 = CARTESIAN_POINT('',(0.909185303632,9.2804333462E-02));
#692 = CARTESIAN_POINT('',(0.894078194401,9.299703652626E-02));
#693 = CARTESIAN_POINT('',(0.878974194925,9.318903710372E-02));
#694 = CARTESIAN_POINT('',(0.863871470902,9.338026455029E-02));
#695 = CARTESIAN_POINT('',(0.848768158008,9.357064822515E-02));
#696 = CARTESIAN_POINT('',(0.833662390349,9.376011747823E-02));
#697 = CARTESIAN_POINT('',(0.818552331175,9.394860169665E-02));
#698 = CARTESIAN_POINT('',(0.803436069953,9.41360301312E-02));
#699 = CARTESIAN_POINT('',(0.788311757746,9.432233253915E-02));
#700 = CARTESIAN_POINT('',(0.773177729351,9.450743677909E-02));
#701 = CARTESIAN_POINT('',(0.758031660842,9.469127779951E-02));
#702 = CARTESIAN_POINT('',(0.742873420102,9.487376409107E-02));
#703 = CARTESIAN_POINT('',(0.727694556002,9.505490288864E-02));
#704 = CARTESIAN_POINT('',(0.712529796198,9.523418595983E-02));
#705 = CARTESIAN_POINT('',(0.697378149678,9.541154273988E-02));
#706 = CARTESIAN_POINT('',(0.682237469783,9.558691533286E-02));
#707 = CARTESIAN_POINT('',(0.667105947274,9.576024244853E-02));
#708 = CARTESIAN_POINT('',(0.651981709169,9.593146370643E-02));
#709 = CARTESIAN_POINT('',(0.636862980429,9.610051848298E-02));
#710 = CARTESIAN_POINT('',(0.621747845408,9.626734621914E-02));
#711 = CARTESIAN_POINT('',(0.606634437788,9.643188633772E-02));
#712 = CARTESIAN_POINT('',(0.591520890288,9.659407826708E-02));
#713 = CARTESIAN_POINT('',(0.576405334389,9.675386143278E-02));
#714 = CARTESIAN_POINT('',(0.561285890255,9.691117526788E-02));
#715 = CARTESIAN_POINT('',(0.546160654183,9.706595918109E-02));
#716 = CARTESIAN_POINT('',(0.53102784208,9.721815266785E-02));
#717 = CARTESIAN_POINT('',(0.515885624974,9.736769489748E-02));
#718 = CARTESIAN_POINT('',(0.500732025646,9.75145262579E-02));
#719 = CARTESIAN_POINT('',(0.485565517652,9.765858259106E-02));
#720 = CARTESIAN_POINT('',(0.470382789171,9.779981670705E-02));
#721 = CARTESIAN_POINT('',(0.455187239906,9.793811809013E-02));
#722 = CARTESIAN_POINT('',(0.440009211968,9.807314094956E-02));
#723 = CARTESIAN_POINT('',(0.424839717835,9.820490898947E-02));
#724 = CARTESIAN_POINT('',(0.409678749276,9.833336155694E-02));
#725 = CARTESIAN_POINT('',(0.39452391548,9.845846060272E-02));
#726 = CARTESIAN_POINT('',(0.379373506757,9.858016202106E-02));
#727 = CARTESIAN_POINT('',(0.364225656181,9.869842332837E-02));
#728 = CARTESIAN_POINT('',(0.349078420724,9.881320160713E-02));
#729 = CARTESIAN_POINT('',(0.333929967969,9.892445405307E-02));
#730 = CARTESIAN_POINT('',(0.31877841149,9.903213784529E-02));
#731 = CARTESIAN_POINT('',(0.303621870995,9.91362101167E-02));
#732 = CARTESIAN_POINT('',(0.288458424948,9.923662820078E-02));
#733 = CARTESIAN_POINT('',(0.273286288527,9.933334867224E-02));
#734 = CARTESIAN_POINT('',(0.258103184784,9.942633093833E-02));
#735 = CARTESIAN_POINT('',(0.242908819385,9.951552384128E-02));
#736 = CARTESIAN_POINT('',(0.227695458113,9.960091564984E-02));
#737 = CARTESIAN_POINT('',(0.212494836008,9.968228148044E-02));
#738 = CARTESIAN_POINT('',(0.197305479379,9.97596008477E-02));
#739 = CARTESIAN_POINT('',(0.182125356226,9.983285339341E-02));
#740 = CARTESIAN_POINT('',(0.166952606407,9.990201872429E-02));
#741 = CARTESIAN_POINT('',(0.151785344791,9.996707645537E-02));
#742 = CARTESIAN_POINT('',(0.136621768411,0.100028006198));
#743 = CARTESIAN_POINT('',(0.121459929458,0.100084787564));
#744 = CARTESIAN_POINT('',(0.106297969519,0.100137400171));
#745 = CARTESIAN_POINT('',(9.113401437964E-02,0.100185823634));
#746 = CARTESIAN_POINT('',(7.596617181411E-02,0.100230037565));
#747 = CARTESIAN_POINT('',(6.079254525527E-02,0.100270021578));
#748 = CARTESIAN_POINT('',(4.561124339297E-02,0.100305755285));
#749 = CARTESIAN_POINT('',(3.042038264082E-02,0.100337218299));
#750 = CARTESIAN_POINT('',(1.521811390446E-02,0.100364390237));
#751 = CARTESIAN_POINT('',(5.074393527227E-03,0.100379630553));
#752 = CARTESIAN_POINT('',(0.,0.100386528736));
#753 = ( GEOMETRIC_REPRESENTATION_CONTEXT(2) 
PARAMETRIC_REPRESENTATION_CONTEXT() REPRESENTATION_CONTEXT('2D SPACE',''
  ) );
#754 = PCURVE('',#755,#760);
#755 = PLANE('',#756);
#756 = AXIS2_PLACEMENT_3D('',#757,#758,#759);
#757 = CARTESIAN_POINT('',(7.55760255977,-2.80760255977,-3.));
#758 = DIRECTION('',(0.,0.,-1.));
#759 = DIRECTION('',(1.,0.,0.));
#760 = DEFINITIONAL_REPRESENTATION('',(#761),#802);
#761 = B_SPLINE_CURVE_WITH_KNOTS('',3,(#762,#763,#764,#765,#766,#767,
    #768,#769,#770,#771,#772,#773,#774,#775,#776,#777,#778,#779,#780,
    #781,#782,#783,#784,#785,#786,#787,#788,#789,#790,#791,#792,#793,
    #794,#795,#796,#797,#798,#799,#800,#801),.UNSPECIFIED.,.F.,.F.,(4,3,
    3,3,3,3,3,3,3,3,3,3,3,4),(0.,1.324826947513E-02,2.668203640276E-02,
    3.936255589331E-02,5.276154398996E-02,6.320048818793E-02,
    7.665114575612E-02,7.864497642745E-02,9.198248718561E-02,
    0.105418228083,0.112958301819,0.126399187128,0.139532335712,
    0.147241710802),.UNSPECIFIED.);
#762 = CARTESIAN_POINT('',(0.177269865684,-1.505446753755));
#763 = CARTESIAN_POINT('',(0.146043395068,-1.536673224371));
#764 = CARTESIAN_POINT('',(0.112791771963,-1.565698919288));
#765 = CARTESIAN_POINT('',(7.78181031856E-02,-1.592425024436));
#766 = CARTESIAN_POINT('',(4.23547458136E-02,-1.619525338792));
#767 = CARTESIAN_POINT('',(5.119800907901E-03,-1.644261854528));
#768 = CARTESIAN_POINT('',(-3.36068392934E-02,-1.666492391936));
#769 = CARTESIAN_POINT('',(-7.01620302925E-02,-1.687476436426));
#770 = CARTESIAN_POINT('',(-0.108047363673,-1.706227746655));
#771 = CARTESIAN_POINT('',(-0.147044271415,-1.722587618977));
#772 = CARTESIAN_POINT('',(-0.188250714341,-1.739874429243));
#773 = CARTESIAN_POINT('',(-0.230435404549,-1.754381219241));
#774 = CARTESIAN_POINT('',(-0.273317448521,-1.765977708049));
#775 = CARTESIAN_POINT('',(-0.306726185128,-1.775012352956));
#776 = CARTESIAN_POINT('',(-0.34055900748,-1.782279785059));
#777 = CARTESIAN_POINT('',(-0.374690547886,-1.787697756344));
#778 = CARTESIAN_POINT('',(-0.418669292629,-1.794678852813));
#779 = CARTESIAN_POINT('',(-0.463144681527,-1.798591010933));
#780 = CARTESIAN_POINT('',(-0.507833474649,-1.79949910158));
#781 = CARTESIAN_POINT('',(-0.514457826353,-1.799633710537));
#782 = CARTESIAN_POINT('',(-0.521086856429,-1.799702218647));
#783 = CARTESIAN_POINT('',(-0.527719626088,-1.799704741718));
#784 = CARTESIAN_POINT('',(-0.572088808467,-1.799721619526));
#785 = CARTESIAN_POINT('',(-0.616356605885,-1.796790019709));
#786 = CARTESIAN_POINT('',(-0.660244692917,-1.791021315661));
#787 = CARTESIAN_POINT('',(-0.704456013647,-1.785210125379));
#788 = CARTESIAN_POINT('',(-0.748283149349,-1.776519662463));
#789 = CARTESIAN_POINT('',(-0.791437051314,-1.765011985703));
#790 = CARTESIAN_POINT('',(-0.815654815354,-1.75855393237));
#791 = CARTESIAN_POINT('',(-0.839660374178,-1.751207716268));
#792 = CARTESIAN_POINT('',(-0.863399952274,-1.742977627789));
#793 = CARTESIAN_POINT('',(-0.905717966353,-1.728306726785));
#794 = CARTESIAN_POINT('',(-0.946945236804,-1.710915394641));
#795 = CARTESIAN_POINT('',(-0.986798416804,-1.690885588275));
#796 = CARTESIAN_POINT('',(-1.025739135545,-1.671314375735));
#797 = CARTESIAN_POINT('',(-1.063368946448,-1.649223681796));
#798 = CARTESIAN_POINT('',(-1.099403487631,-1.624645705068));
#799 = CARTESIAN_POINT('',(-1.120556358353,-1.610218026867));
#800 = CARTESIAN_POINT('',(-1.141159067379,-1.594932457987));
#801 = CARTESIAN_POINT('',(-1.161148722945,-1.57878901812));
#802 = ( GEOMETRIC_REPRESENTATION_CONTEXT(2) 
PARAMETRIC_REPRESENTATION_CONTEXT() REPRESENTATION_CONTEXT('2D SPACE',''
  ) );
#803 = ORIENTED_EDGE('',*,*,#804,.F.);
#804 = EDGE_CURVE('',#805,#637,#807,.T.);
#805 = VERTEX_POINT('',#806);
#806 = CARTESIAN_POINT('',(7.641584294336,-1.208867674897,-1.49999999976
    ));
#807 = SURFACE_CURVE('',#808,(#813,#820),.PCURVE_S1.);
#808 = B_SPLINE_CURVE_WITH_KNOTS('',3,(#809,#810,#811,#812),
  .UNSPECIFIED.,.F.,.F.,(4,4),(-0.242216344889,-9.163728418111E-02),
  .PIECEWISE_BEZIER_KNOTS.);
#809 = CARTESIAN_POINT('',(7.641584131281,-1.208867511842,
    -1.500000020187));
#810 = CARTESIAN_POINT('',(7.672668941568,-1.239952322129,
    -2.000001417366));
#811 = CARTESIAN_POINT('',(7.703764313491,-1.271047694052,
    -2.500001501227));
#812 = CARTESIAN_POINT('',(7.734872425454,-1.302155806015,-3.));
#813 = PCURVE('',#354,#814);
#814 = DEFINITIONAL_REPRESENTATION('',(#815),#819);
#815 = LINE('',#816,#817);
#816 = CARTESIAN_POINT('',(1.,2.22044604925E-16));
#817 = VECTOR('',#818,1.);
#818 = DIRECTION('',(-1.105953596145E-13,-1.));
#819 = ( GEOMETRIC_REPRESENTATION_CONTEXT(2) 
PARAMETRIC_REPRESENTATION_CONTEXT() REPRESENTATION_CONTEXT('2D SPACE',''
  ) );
#820 = PCURVE('',#821,#826);
#821 = PLANE('',#822);
#822 = AXIS2_PLACEMENT_3D('',#823,#824,#825);
#823 = CARTESIAN_POINT('',(8.425581051362,-1.992864431923,-3.));
#824 = DIRECTION('',(0.707106781187,0.707106781187,0.));
#825 = DIRECTION('',(-0.707106781187,0.707106781187,0.));
#826 = DEFINITIONAL_REPRESENTATION('',(#827),#832);
#827 = B_SPLINE_CURVE_WITH_KNOTS('',3,(#828,#829,#830,#831),
  .UNSPECIFIED.,.F.,.F.,(4,4),(-0.242216344889,-9.163728418111E-02),
  .PIECEWISE_BEZIER_KNOTS.);
#828 = CARTESIAN_POINT('',(1.108739077237,1.499999979813));
#829 = CARTESIAN_POINT('',(1.064778516945,0.999998582634));
#830 = CARTESIAN_POINT('',(1.020803020245,0.499998498773));
#831 = CARTESIAN_POINT('',(0.976809506406,0.));
#832 = ( GEOMETRIC_REPRESENTATION_CONTEXT(2) 
PARAMETRIC_REPRESENTATION_CONTEXT() REPRESENTATION_CONTEXT('2D SPACE',''
  ) );
#833 = ORIENTED_EDGE('',*,*,#834,.T.);
#834 = EDGE_CURVE('',#805,#835,#837,.T.);
#835 = VERTEX_POINT('',#836);
#836 = CARTESIAN_POINT('',(7.609824823883,-1.178464566265,-1.49999908014
    ));
#837 = SURFACE_CURVE('',#838,(#843,#849),.PCURVE_S1.);
#838 = B_SPLINE_CURVE_WITH_KNOTS('',3,(#839,#840,#841,#842),
  .UNSPECIFIED.,.F.,.F.,(4,4),(-0.257473787868,-0.253078229748),
  .PIECEWISE_BEZIER_KNOTS.);
#839 = CARTESIAN_POINT('',(7.641584294336,-1.208867674897,-1.5));
#840 = CARTESIAN_POINT('',(7.631223864488,-1.19850724505,-1.5));
#841 = CARTESIAN_POINT('',(7.620637588862,-1.18837266098,-1.500000307203
    ));
#842 = CARTESIAN_POINT('',(7.609824823883,-1.178464566265,-1.49999908014
    ));
#843 = PCURVE('',#354,#844);
#844 = DEFINITIONAL_REPRESENTATION('',(#845),#848);
#845 = B_SPLINE_CURVE_WITH_KNOTS('',1,(#846,#847),.UNSPECIFIED.,.F.,.F.,
  (2,2),(-0.257473787868,-0.253078229748),.PIECEWISE_BEZIER_KNOTS.);
#846 = CARTESIAN_POINT('',(1.000000157255,0.24221634488));
#847 = CARTESIAN_POINT('',(0.970248164365,0.242601411908));
#848 = ( GEOMETRIC_REPRESENTATION_CONTEXT(2) 
PARAMETRIC_REPRESENTATION_CONTEXT() REPRESENTATION_CONTEXT('2D SPACE',''
  ) );
#849 = PCURVE('',#850,#867);
#850 = B_SPLINE_SURFACE_WITH_KNOTS('',3,3,(
    (#851,#852,#853,#854)
    ,(#855,#856,#857,#858)
    ,(#859,#860,#861,#862)
    ,(#863,#864,#865,#866
    )),.UNSPECIFIED.,.F.,.F.,.F.,(4,4),(4,4),(0.,1.),(0.253078229748,
    0.257473787868),.PIECEWISE_BEZIER_KNOTS.);
#851 = CARTESIAN_POINT('',(7.609824823883,-1.178464566265,-1.49999908014
    ));
#852 = CARTESIAN_POINT('',(7.620637588862,-1.18837266098,-1.500000307203
    ));
#853 = CARTESIAN_POINT('',(7.631223864488,-1.19850724505,-1.5));
#854 = CARTESIAN_POINT('',(7.641584294336,-1.208867674897,-1.5));
#855 = CARTESIAN_POINT('',(7.727902014384,-1.060387375764,
    -1.333332720094));
#856 = CARTESIAN_POINT('',(7.738564000986,-1.070446248856,
    -1.333333538135));
#857 = CARTESIAN_POINT('',(7.749074994686,-1.080656114852,
    -1.333333333333));
#858 = CARTESIAN_POINT('',(7.759435424533,-1.091016544699,
    -1.333333333333));
#859 = CARTESIAN_POINT('',(7.845979204885,-0.942310185262,
    -1.166666360047));
#860 = CARTESIAN_POINT('',(7.85649041311,-0.952519836732,-1.166666769068
    ));
#861 = CARTESIAN_POINT('',(7.866926124884,-0.962804984654,
    -1.166666666667));
#862 = CARTESIAN_POINT('',(7.877286554731,-0.973165414501,
    -1.166666666667));
#863 = CARTESIAN_POINT('',(7.964056395387,-0.824232994761,-1.));
#864 = CARTESIAN_POINT('',(7.974416825234,-0.834593424609,-1.));
#865 = CARTESIAN_POINT('',(7.984777255082,-0.844953854456,-1.));
#866 = CARTESIAN_POINT('',(7.995137684929,-0.855314284303,-1.));
#867 = DEFINITIONAL_REPRESENTATION('',(#868),#872);
#868 = LINE('',#869,#870);
#869 = CARTESIAN_POINT('',(-1.257030641084E-13,1.110223024625E-16));
#870 = VECTOR('',#871,1.);
#871 = DIRECTION('',(-4.915669780021E-13,-1.));
#872 = ( GEOMETRIC_REPRESENTATION_CONTEXT(2) 
PARAMETRIC_REPRESENTATION_CONTEXT() REPRESENTATION_CONTEXT('2D SPACE',''
  ) );
#873 = ORIENTED_EDGE('',*,*,#874,.T.);
#874 = EDGE_CURVE('',#835,#875,#877,.T.);
#875 = VERTEX_POINT('',#876);
#876 = CARTESIAN_POINT('',(6.871872961635,-0.915699125907,
    -1.498952973715));
#877 = SURFACE_CURVE('',#878,(#885,#891),.PCURVE_S1.);
#878 = B_SPLINE_CURVE_WITH_KNOTS('',3,(#879,#880,#881,#882,#883,#884),
  .UNSPECIFIED.,.F.,.F.,(4,2,4),(0.,3.936195995663E-02,
    8.208918822603E-02),.UNSPECIFIED.);
#879 = CARTESIAN_POINT('',(7.609824823883,-1.178464566265,-1.49999908014
    ));
#880 = CARTESIAN_POINT('',(7.513089315136,-1.089822615308,
    -1.499988102327));
#881 = CARTESIAN_POINT('',(7.400763436716,-1.021693528111,
    -1.499875785288));
#882 = CARTESIAN_POINT('',(7.148604208362,-0.928059164133,
    -1.499495356295));
#883 = CARTESIAN_POINT('',(7.009194986499,-0.907671233772,
    -1.499219866385));
#884 = CARTESIAN_POINT('',(6.871865199497,-0.915700516948,
    -1.498952951575));
#885 = PCURVE('',#354,#886);
#886 = DEFINITIONAL_REPRESENTATION('',(#887),#890);
#887 = B_SPLINE_CURVE_WITH_KNOTS('',1,(#888,#889),.UNSPECIFIED.,.F.,.F.,
  (2,2),(0.,8.208837755414E-02),.PIECEWISE_BEZIER_KNOTS.);
#888 = CARTESIAN_POINT('',(0.970248164365,0.242601411908));
#889 = CARTESIAN_POINT('',(0.42528255921,0.248902912839));
#890 = ( GEOMETRIC_REPRESENTATION_CONTEXT(2) 
PARAMETRIC_REPRESENTATION_CONTEXT() REPRESENTATION_CONTEXT('2D SPACE',''
  ) );
#891 = PCURVE('',#892,#917);
#892 = B_SPLINE_SURFACE_WITH_KNOTS('',3,3,(
    (#893,#894,#895,#896,#897,#898)
    ,(#899,#900,#901,#902,#903,#904)
    ,(#905,#906,#907,#908,#909,#910)
    ,(#911,#912,#913,#914,#915,#916
    )),.UNSPECIFIED.,.F.,.F.,.F.,(4,4),(4,2,4),(0.,1.003872215865),(
    -8.389002858988E-02,-3.936195995663E-02,0.),.UNSPECIFIED.);
#893 = CARTESIAN_POINT('',(6.85451277927,-0.916867202726,-1.498919254444
    ));
#894 = CARTESIAN_POINT('',(6.997429024864,-0.906002996784,
    -1.499196506403));
#895 = CARTESIAN_POINT('',(7.143072438267,-0.926005050239,
    -1.499487010593));
#896 = CARTESIAN_POINT('',(7.400763436716,-1.021693528111,
    -1.499875785288));
#897 = CARTESIAN_POINT('',(7.513089315136,-1.089822615308,
    -1.499988102327));
#898 = CARTESIAN_POINT('',(7.609824823883,-1.178464566265,-1.49999908014
    ));
#899 = CARTESIAN_POINT('',(6.846225383362,-0.738753144771,
    -1.331968861945));
#900 = CARTESIAN_POINT('',(7.015651448601,-0.728063485454,-1.33215287355
    ));
#901 = CARTESIAN_POINT('',(7.187033293195,-0.754551097634,
    -1.332346569862));
#902 = CARTESIAN_POINT('',(7.487687689966,-0.872226974389,
    -1.332605237221));
#903 = CARTESIAN_POINT('',(7.617556675014,-0.954503672703,
    -1.332679715588));
#904 = CARTESIAN_POINT('',(7.728359234754,-1.059930155393,-1.33268735197
    ));
#905 = CARTESIAN_POINT('',(6.837937987454,-0.560639086816,
    -1.165018469446));
#906 = CARTESIAN_POINT('',(7.033582453356,-0.550144334118,-1.16511063622
    ));
#907 = CARTESIAN_POINT('',(7.230976057102,-0.583099313677,
    -1.165206319204));
#908 = CARTESIAN_POINT('',(7.574573142789,-0.722760733137,
    -1.165334921121));
#909 = CARTESIAN_POINT('',(7.721987913663,-0.819176153295,
    -1.165372324878));
#910 = CARTESIAN_POINT('',(7.846893645626,-0.941395744522,-1.1653756238)
  );
#911 = CARTESIAN_POINT('',(6.829650591546,-0.382525028861,
    -0.998068076948));
#912 = CARTESIAN_POINT('',(7.051804877093,-0.372204822787,
    -0.998067003368));
#913 = CARTESIAN_POINT('',(7.27493691203,-0.411645361072,-0.998065878473
    ));
#914 = CARTESIAN_POINT('',(7.661497396039,-0.573294179415,
    -0.998064373054));
#915 = CARTESIAN_POINT('',(7.82645527354,-0.68385721069,-0.998063938138)
  );
#916 = CARTESIAN_POINT('',(7.965428056498,-0.82286133365,-0.998063895629
    ));
#917 = DEFINITIONAL_REPRESENTATION('',(#918),#922);
#918 = LINE('',#919,#920);
#919 = CARTESIAN_POINT('',(-7.259500013923E-16,-8.464411430334E-17));
#920 = VECTOR('',#921,1.);
#921 = DIRECTION('',(-1.23648204856E-13,-1.));
#922 = ( GEOMETRIC_REPRESENTATION_CONTEXT(2) 
PARAMETRIC_REPRESENTATION_CONTEXT() REPRESENTATION_CONTEXT('2D SPACE',''
  ) );
#923 = ORIENTED_EDGE('',*,*,#924,.F.);
#924 = EDGE_CURVE('',#312,#875,#925,.T.);
#925 = SURFACE_CURVE('',#926,(#931,#937),.PCURVE_S1.);
#926 = B_SPLINE_CURVE_WITH_KNOTS('',3,(#927,#928,#929,#930),
  .UNSPECIFIED.,.F.,.F.,(4,4),(-3.086360113795E-02,0.),
  .PIECEWISE_BEZIER_KNOTS.);
#927 = CARTESIAN_POINT('',(6.684235437722,-0.925569006128,
    -1.251111318166));
#928 = CARTESIAN_POINT('',(6.749299636805,-0.916309746024,
    -1.331373487531));
#929 = CARTESIAN_POINT('',(6.812352917751,-0.913671162957,
    -1.415064520529));
#930 = CARTESIAN_POINT('',(6.871872961635,-0.915699125907,
    -1.498952973715));
#931 = PCURVE('',#354,#932);
#932 = DEFINITIONAL_REPRESENTATION('',(#933),#936);
#933 = B_SPLINE_CURVE_WITH_KNOTS('',1,(#934,#935),.UNSPECIFIED.,.F.,.F.,
  (2,2),(-3.086360113795E-02,0.),.PIECEWISE_BEZIER_KNOTS.);
#934 = CARTESIAN_POINT('',(0.307657295633,0.274691897896));
#935 = CARTESIAN_POINT('',(0.425282564975,0.24890291827));
#936 = ( GEOMETRIC_REPRESENTATION_CONTEXT(2) 
PARAMETRIC_REPRESENTATION_CONTEXT() REPRESENTATION_CONTEXT('2D SPACE',''
  ) );
#937 = PCURVE('',#214,#938);
#938 = DEFINITIONAL_REPRESENTATION('',(#939),#965);
#939 = B_SPLINE_CURVE_WITH_KNOTS('',3,(#940,#941,#942,#943,#944,#945,
    #946,#947,#948,#949,#950,#951,#952,#953,#954,#955,#956,#957,#958,
    #959,#960,#961,#962,#963,#964),.UNSPECIFIED.,.F.,.F.,(4,1,1,1,1,1,1,
    1,1,1,1,1,1,1,1,1,1,1,1,1,1,1,4),(-3.086360113795E-02,
    -2.946071017713E-02,-2.805781921632E-02,-2.66549282555E-02,
    -2.525203729469E-02,-2.384914633387E-02,-2.244625537305E-02,
    -2.104336441224E-02,-1.964047345142E-02,-1.823758249061E-02,
    -1.683469152979E-02,-1.543180056898E-02,-1.402890960816E-02,
    -1.262601864734E-02,-1.122312768653E-02,-9.820236725712E-03,
    -8.417345764896E-03,-7.01445480408E-03,-5.611563843264E-03,
    -4.208672882448E-03,-2.805781921632E-03,-1.402890960816E-03,0.),
  .UNSPECIFIED.);
#940 = CARTESIAN_POINT('',(0.674104651947,1.881270802885E-02));
#941 = CARTESIAN_POINT('',(0.663414160509,1.85827204921E-02));
#942 = CARTESIAN_POINT('',(0.642069980372,1.811988526534E-02));
#943 = CARTESIAN_POINT('',(0.610166807836,1.741725753526E-02));
#944 = CARTESIAN_POINT('',(0.578379423499,1.670646056949E-02));
#945 = CARTESIAN_POINT('',(0.546710514121,1.598769972707E-02));
#946 = CARTESIAN_POINT('',(0.51516276384,1.526118017964E-02));
#947 = CARTESIAN_POINT('',(0.483738853699,1.452710688898E-02));
#948 = CARTESIAN_POINT('',(0.452441461593,1.378568461979E-02));
#949 = CARTESIAN_POINT('',(0.421273262084,1.30371179433E-02));
#950 = CARTESIAN_POINT('',(0.390236926245,1.228161124369E-02));
#951 = CARTESIAN_POINT('',(0.359335121473,1.151936872388E-02));
#952 = CARTESIAN_POINT('',(0.328570511298,1.075059441183E-02));
#953 = CARTESIAN_POINT('',(0.29794575518,9.975492166837E-03));
#954 = CARTESIAN_POINT('',(0.267463508291,9.194265685982E-03));
#955 = CARTESIAN_POINT('',(0.237126421292,8.407118510735E-03));
#956 = CARTESIAN_POINT('',(0.20693714009,7.614254033584E-03));
#957 = CARTESIAN_POINT('',(0.176898305589,6.815875504748E-03));
#958 = CARTESIAN_POINT('',(0.147012553433,6.012186038988E-03));
#959 = CARTESIAN_POINT('',(0.117282513719,5.203388622154E-03));
#960 = CARTESIAN_POINT('',(8.77108107764E-02,4.389686118843E-03));
#961 = CARTESIAN_POINT('',(5.830006263685E-02,3.571281275877E-03));
#962 = CARTESIAN_POINT('',(2.905288161721E-02,2.748376741274E-03));
#963 = CARTESIAN_POINT('',(9.665541009897E-03,2.196908930546E-03));
#964 = CARTESIAN_POINT('',(0.,1.920492586525E-03));
#965 = ( GEOMETRIC_REPRESENTATION_CONTEXT(2) 
PARAMETRIC_REPRESENTATION_CONTEXT() REPRESENTATION_CONTEXT('2D SPACE',''
  ) );
#966 = ORIENTED_EDGE('',*,*,#338,.F.);
#967 = ADVANCED_FACE('',(#968),#892,.T.);
#968 = FACE_BOUND('',#969,.T.);
#969 = EDGE_LOOP('',(#970,#1016,#1038,#1062,#1096,#1115));
#970 = ORIENTED_EDGE('',*,*,#971,.F.);
#971 = EDGE_CURVE('',#972,#875,#974,.T.);
#972 = VERTEX_POINT('',#973);
#973 = CARTESIAN_POINT('',(6.829816026411,-0.384582902327,-1.));
#974 = SURFACE_CURVE('',#975,(#980,#1009),.PCURVE_S1.);
#975 = B_SPLINE_CURVE_WITH_KNOTS('',3,(#976,#977,#978,#979),
  .UNSPECIFIED.,.F.,.F.,(4,4),(-7.42737615886E-02,-1.920492586525E-03),
  .PIECEWISE_BEZIER_KNOTS.);
#976 = CARTESIAN_POINT('',(6.829817308552,-0.384583065253,
    -0.999999723532));
#977 = CARTESIAN_POINT('',(6.843920814969,-0.559919693138,
    -1.164602459575));
#978 = CARTESIAN_POINT('',(6.858256915416,-0.739253109074,
    -1.333019165624));
#979 = CARTESIAN_POINT('',(6.871872961635,-0.915699125907,
    -1.498952973715));
#980 = PCURVE('',#892,#981);
#981 = DEFINITIONAL_REPRESENTATION('',(#982),#1008);
#982 = B_SPLINE_CURVE_WITH_KNOTS('',3,(#983,#984,#985,#986,#987,#988,
    #989,#990,#991,#992,#993,#994,#995,#996,#997,#998,#999,#1000,#1001,
    #1002,#1003,#1004,#1005,#1006,#1007),.UNSPECIFIED.,.F.,.F.,(4,1,1,1,
    1,1,1,1,1,1,1,1,1,1,1,1,1,1,1,1,1,1,4),(-7.42737615886E-02,
    -7.098497663396E-02,-6.769619167932E-02,-6.440740672468E-02,
    -6.111862177004E-02,-5.78298368154E-02,-5.454105186076E-02,
    -5.125226690612E-02,-4.796348195148E-02,-4.467469699684E-02,
    -4.13859120422E-02,-3.809712708756E-02,-3.480834213292E-02,
    -3.151955717828E-02,-2.823077222364E-02,-2.4941987269E-02,
    -2.165320231436E-02,-1.836441735972E-02,-1.507563240508E-02,
    -1.178684745044E-02,-8.498062495804E-03,-5.209277541164E-03,
    -1.920492586525E-03),.UNSPECIFIED.);
#983 = CARTESIAN_POINT('',(1.000000036602,-8.388529130445E-02));
#984 = CARTESIAN_POINT('',(0.98500358349,-8.3867224098E-02));
#985 = CARTESIAN_POINT('',(0.954979094534,-8.383049890164E-02));
#986 = CARTESIAN_POINT('',(0.909854782991,-8.377356742255E-02));
#987 = CARTESIAN_POINT('',(0.864650064501,-8.371472275946E-02));
#988 = CARTESIAN_POINT('',(0.819372106452,-8.365388899145E-02));
#989 = CARTESIAN_POINT('',(0.774028073467,-8.359098548415E-02));
#990 = CARTESIAN_POINT('',(0.72862512682,-8.352592587663E-02));
#991 = CARTESIAN_POINT('',(0.683170424237,-8.345861774004E-02));
#992 = CARTESIAN_POINT('',(0.637671119562,-8.338896199189E-02));
#993 = CARTESIAN_POINT('',(0.592134362412,-8.331685230361E-02));
#994 = CARTESIAN_POINT('',(0.546567297788,-8.324217442849E-02));
#995 = CARTESIAN_POINT('',(0.50097706564,-8.316480545935E-02));
#996 = CARTESIAN_POINT('',(0.455370800383,-8.30846130012E-02));
#997 = CARTESIAN_POINT('',(0.409755630356,-8.300145424953E-02));
#998 = CARTESIAN_POINT('',(0.364138677211,-8.291517496019E-02));
#999 = CARTESIAN_POINT('',(0.318527055228,-8.282560829832E-02));
#1000 = CARTESIAN_POINT('',(0.272927870547,-8.273257354119E-02));
#1001 = CARTESIAN_POINT('',(0.227348220307,-8.263587464452E-02));
#1002 = CARTESIAN_POINT('',(0.181795191618,-8.253529853795E-02));
#1003 = CARTESIAN_POINT('',(0.136275860604,-8.243061353717E-02));
#1004 = CARTESIAN_POINT('',(9.079729055921E-02,-8.232156629255E-02));
#1005 = CARTESIAN_POINT('',(4.536653264969E-02,-8.220788301458E-02));
#1006 = CARTESIAN_POINT('',(1.511592171687E-02,-8.21287965842E-02));
#1007 = CARTESIAN_POINT('',(9.291023567553E-07,-8.208837899227E-02));
#1008 = ( GEOMETRIC_REPRESENTATION_CONTEXT(2) 
PARAMETRIC_REPRESENTATION_CONTEXT() REPRESENTATION_CONTEXT('2D SPACE',''
  ) );
#1009 = PCURVE('',#214,#1010);
#1010 = DEFINITIONAL_REPRESENTATION('',(#1011),#1015);
#1011 = LINE('',#1012,#1013);
#1012 = CARTESIAN_POINT('',(-2.809760772218E-15,1.110223024625E-16));
#1013 = VECTOR('',#1014,1.);
#1014 = DIRECTION('',(6.789426689584E-13,-1.));
#1015 = ( GEOMETRIC_REPRESENTATION_CONTEXT(2) 
PARAMETRIC_REPRESENTATION_CONTEXT() REPRESENTATION_CONTEXT('2D SPACE',''
  ) );
#1016 = ORIENTED_EDGE('',*,*,#1017,.T.);
#1017 = EDGE_CURVE('',#972,#1018,#1020,.T.);
#1018 = VERTEX_POINT('',#1019);
#1019 = CARTESIAN_POINT('',(6.829650591945,-0.382525037449,
    -0.998068084998));
#1020 = SURFACE_CURVE('',#1021,(#1026,#1032),.PCURVE_S1.);
#1021 = B_SPLINE_CURVE_WITH_KNOTS('',3,(#1022,#1023,#1024,#1025),
  .UNSPECIFIED.,.F.,.F.,(4,4),(7.425533000715E-02,7.454003779088E-02),
  .PIECEWISE_BEZIER_KNOTS.);
#1022 = CARTESIAN_POINT('',(6.82981683951,-0.384583411334,
    -0.999999388133));
#1023 = CARTESIAN_POINT('',(6.829761658264,-0.383897390906,
    -0.999355365047));
#1024 = CARTESIAN_POINT('',(6.829706480579,-0.383211431662,
    -0.998711400347));
#1025 = CARTESIAN_POINT('',(6.829651306511,-0.382525534015,
    -0.998067494409));
#1026 = PCURVE('',#892,#1027);
#1027 = DEFINITIONAL_REPRESENTATION('',(#1028),#1031);
#1028 = B_SPLINE_CURVE_WITH_KNOTS('',1,(#1029,#1030),.UNSPECIFIED.,.F.,
  .F.,(2,2),(7.425533000715E-02,7.454003776261E-02),
  .PIECEWISE_BEZIER_KNOTS.);
#1029 = CARTESIAN_POINT('',(1.000000026711,-8.388532369195E-02));
#1030 = CARTESIAN_POINT('',(1.003872223126,-8.388998248795E-02));
#1031 = ( GEOMETRIC_REPRESENTATION_CONTEXT(2) 
PARAMETRIC_REPRESENTATION_CONTEXT() REPRESENTATION_CONTEXT('2D SPACE',''
  ) );
#1032 = PCURVE('',#214,#1033);
#1033 = DEFINITIONAL_REPRESENTATION('',(#1034),#1037);
#1034 = B_SPLINE_CURVE_WITH_KNOTS('',1,(#1035,#1036),.UNSPECIFIED.,.F.,
  .F.,(2,2),(7.425533000715E-02,7.454003776261E-02),
  .PIECEWISE_BEZIER_KNOTS.);
#1035 = CARTESIAN_POINT('',(1.77256718951E-06,7.427376169639E-02));
#1036 = CARTESIAN_POINT('',(1.772567138093E-06,7.455685037986E-02));
#1037 = ( GEOMETRIC_REPRESENTATION_CONTEXT(2) 
PARAMETRIC_REPRESENTATION_CONTEXT() REPRESENTATION_CONTEXT('2D SPACE',''
  ) );
#1038 = ORIENTED_EDGE('',*,*,#1039,.F.);
#1039 = EDGE_CURVE('',#1040,#1018,#1042,.T.);
#1040 = VERTEX_POINT('',#1041);
#1041 = CARTESIAN_POINT('',(6.831758907211,-0.384493854202,-1.));
#1042 = SURFACE_CURVE('',#1043,(#1048,#1054),.PCURVE_S1.);
#1043 = B_SPLINE_CURVE_WITH_KNOTS('',3,(#1044,#1045,#1046,#1047),
  .UNSPECIFIED.,.F.,.F.,(4,4),(9.712256128563E-02,9.746946613628E-02),
  .PIECEWISE_BEZIER_KNOTS.);
#1044 = CARTESIAN_POINT('',(6.831758825344,-0.384493869115,
    -1.000000000048));
#1045 = CARTESIAN_POINT('',(6.831056160654,-0.383837237286,
    -0.999356076452));
#1046 = CARTESIAN_POINT('',(6.830353415636,-0.383180959915,
    -0.998712104255));
#1047 = CARTESIAN_POINT('',(6.829650591945,-0.382525037449,
    -0.998068084998));
#1048 = PCURVE('',#892,#1049);
#1049 = DEFINITIONAL_REPRESENTATION('',(#1050),#1053);
#1050 = B_SPLINE_CURVE_WITH_KNOTS('',1,(#1051,#1052),.UNSPECIFIED.,.F.,
  .F.,(2,2),(9.712256128563E-02,9.746946613628E-02),
  .PIECEWISE_BEZIER_KNOTS.);
#1051 = CARTESIAN_POINT('',(1.,-8.375539537721E-02));
#1052 = CARTESIAN_POINT('',(1.00387219973,-8.389002858988E-02));
#1053 = ( GEOMETRIC_REPRESENTATION_CONTEXT(2) 
PARAMETRIC_REPRESENTATION_CONTEXT() REPRESENTATION_CONTEXT('2D SPACE',''
  ) );
#1054 = PCURVE('',#184,#1055);
#1055 = DEFINITIONAL_REPRESENTATION('',(#1056),#1061);
#1056 = B_SPLINE_CURVE_WITH_KNOTS('',3,(#1057,#1058,#1059,#1060),
  .UNSPECIFIED.,.F.,.F.,(4,4),(9.712256128563E-02,9.746946613628E-02),
  .PIECEWISE_BEZIER_KNOTS.);
#1057 = CARTESIAN_POINT('',(-0.184319273876,-2.009493869115));
#1058 = CARTESIAN_POINT('',(-0.183366186649,-2.008837237286));
#1059 = CARTESIAN_POINT('',(-0.182413007363,-2.008180959915));
#1060 = CARTESIAN_POINT('',(-0.181459738281,-2.007525037449));
#1061 = ( GEOMETRIC_REPRESENTATION_CONTEXT(2) 
PARAMETRIC_REPRESENTATION_CONTEXT() REPRESENTATION_CONTEXT('2D SPACE',''
  ) );
#1062 = ORIENTED_EDGE('',*,*,#1063,.T.);
#1063 = EDGE_CURVE('',#1040,#1064,#1066,.T.);
#1064 = VERTEX_POINT('',#1065);
#1065 = CARTESIAN_POINT('',(7.964056395387,-0.824232994761,-1.));
#1066 = SURFACE_CURVE('',#1067,(#1074,#1081),.PCURVE_S1.);
#1067 = B_SPLINE_CURVE_WITH_KNOTS('',3,(#1068,#1069,#1070,#1071,#1072,
    #1073),.UNSPECIFIED.,.F.,.F.,(4,2,4),(-8.375539537722E-02,
    -3.936195995663E-02,0.),.UNSPECIFIED.);
#1068 = CARTESIAN_POINT('',(6.831758825344,-0.384493869115,
    -1.000000000048));
#1069 = CARTESIAN_POINT('',(7.052941363627,-0.374502380233,
    -1.000000005293));
#1070 = CARTESIAN_POINT('',(7.275047789206,-0.413888416702,
    -1.000000000725));
#1071 = CARTESIAN_POINT('',(7.660491524308,-0.575023782287,
    -1.000000000884));
#1072 = CARTESIAN_POINT('',(7.825246395686,-0.685423100081,
    -1.000000003798));
#1073 = CARTESIAN_POINT('',(7.964056395387,-0.824232994761,-1.));
#1074 = PCURVE('',#892,#1075);
#1075 = DEFINITIONAL_REPRESENTATION('',(#1076),#1080);
#1076 = LINE('',#1077,#1078);
#1077 = CARTESIAN_POINT('',(1.,1.804112415016E-15));
#1078 = VECTOR('',#1079,1.);
#1079 = DIRECTION('',(9.278878258976E-14,1.));
#1080 = ( GEOMETRIC_REPRESENTATION_CONTEXT(2) 
PARAMETRIC_REPRESENTATION_CONTEXT() REPRESENTATION_CONTEXT('2D SPACE',''
  ) );
#1081 = PCURVE('',#1082,#1087);
#1082 = PLANE('',#1083);
#1083 = AXIS2_PLACEMENT_3D('',#1084,#1085,#1086);
#1084 = CARTESIAN_POINT('',(0.,0.,-1.));
#1085 = DIRECTION('',(0.,0.,-1.));
#1086 = DIRECTION('',(1.,0.,0.));
#1087 = DEFINITIONAL_REPRESENTATION('',(#1088),#1095);
#1088 = B_SPLINE_CURVE_WITH_KNOTS('',3,(#1089,#1090,#1091,#1092,#1093,
    #1094),.UNSPECIFIED.,.F.,.F.,(4,2,4),(-8.375539537722E-02,
    -3.936195995663E-02,0.),.UNSPECIFIED.);
#1089 = CARTESIAN_POINT('',(6.831758825344,0.384493869115));
#1090 = CARTESIAN_POINT('',(7.052941363627,0.374502380233));
#1091 = CARTESIAN_POINT('',(7.275047789206,0.413888416702));
#1092 = CARTESIAN_POINT('',(7.660491524308,0.575023782287));
#1093 = CARTESIAN_POINT('',(7.825246395686,0.685423100081));
#1094 = CARTESIAN_POINT('',(7.964056395387,0.824232994761));
#1095 = ( GEOMETRIC_REPRESENTATION_CONTEXT(2) 
PARAMETRIC_REPRESENTATION_CONTEXT() REPRESENTATION_CONTEXT('2D SPACE',''
  ) );
#1096 = ORIENTED_EDGE('',*,*,#1097,.T.);
#1097 = EDGE_CURVE('',#1064,#835,#1098,.T.);
#1098 = SURFACE_CURVE('',#1099,(#1103,#1109),.PCURVE_S1.);
#1099 = LINE('',#1100,#1101);
#1100 = CARTESIAN_POINT('',(7.964056395387,-0.824232994761,-1.));
#1101 = VECTOR('',#1102,1.);
#1102 = DIRECTION('',(-0.500479316576,-0.500479316576,-0.706428274745));
#1103 = PCURVE('',#892,#1104);
#1104 = DEFINITIONAL_REPRESENTATION('',(#1105),#1108);
#1105 = B_SPLINE_CURVE_WITH_KNOTS('',1,(#1106,#1107),.UNSPECIFIED.,.F.,
  .F.,(2,2),(-0.,0.707784637189),.PIECEWISE_BEZIER_KNOTS.);
#1106 = CARTESIAN_POINT('',(1.,9.117860428655E-16));
#1107 = CARTESIAN_POINT('',(-7.245375815683E-16,-1.530496885596E-15));
#1108 = ( GEOMETRIC_REPRESENTATION_CONTEXT(2) 
PARAMETRIC_REPRESENTATION_CONTEXT() REPRESENTATION_CONTEXT('2D SPACE',''
  ) );
#1109 = PCURVE('',#850,#1110);
#1110 = DEFINITIONAL_REPRESENTATION('',(#1111),#1114);
#1111 = B_SPLINE_CURVE_WITH_KNOTS('',1,(#1112,#1113),.UNSPECIFIED.,.F.,
  .F.,(2,2),(-0.,0.707784637189),.PIECEWISE_BEZIER_KNOTS.);
#1112 = CARTESIAN_POINT('',(1.,0.253078229748));
#1113 = CARTESIAN_POINT('',(-3.857628765894E-16,0.253078229748));
#1114 = ( GEOMETRIC_REPRESENTATION_CONTEXT(2) 
PARAMETRIC_REPRESENTATION_CONTEXT() REPRESENTATION_CONTEXT('2D SPACE',''
  ) );
#1115 = ORIENTED_EDGE('',*,*,#874,.T.);
#1116 = ADVANCED_FACE('',(#1117),#1082,.T.);
#1117 = FACE_BOUND('',#1118,.T.);
#1118 = EDGE_LOOP('',(#1119,#1142,#1196,#1238,#1266,#1294,#1322,#1345));
#1119 = ORIENTED_EDGE('',*,*,#1120,.F.);
#1120 = EDGE_CURVE('',#1121,#1040,#1123,.T.);
#1121 = VERTEX_POINT('',#1122);
#1122 = CARTESIAN_POINT('',(6.831758907211,0.384493854202,-1.));
#1123 = SURFACE_CURVE('',#1124,(#1128,#1135),.PCURVE_S1.);
#1124 = LINE('',#1125,#1126);
#1125 = CARTESIAN_POINT('',(6.831758907211,1.625,-1.));
#1126 = VECTOR('',#1127,1.);
#1127 = DIRECTION('',(0.,-1.,0.));
#1128 = PCURVE('',#1082,#1129);
#1129 = DEFINITIONAL_REPRESENTATION('',(#1130),#1134);
#1130 = LINE('',#1131,#1132);
#1131 = CARTESIAN_POINT('',(6.831758907211,-1.625));
#1132 = VECTOR('',#1133,1.);
#1133 = DIRECTION('',(0.,1.));
#1134 = ( GEOMETRIC_REPRESENTATION_CONTEXT(2) 
PARAMETRIC_REPRESENTATION_CONTEXT() REPRESENTATION_CONTEXT('2D SPACE',''
  ) );
#1135 = PCURVE('',#184,#1136);
#1136 = DEFINITIONAL_REPRESENTATION('',(#1137),#1141);
#1137 = LINE('',#1138,#1139);
#1138 = CARTESIAN_POINT('',(-0.184319334203,0.));
#1139 = VECTOR('',#1140,1.);
#1140 = DIRECTION('',(0.,-1.));
#1141 = ( GEOMETRIC_REPRESENTATION_CONTEXT(2) 
PARAMETRIC_REPRESENTATION_CONTEXT() REPRESENTATION_CONTEXT('2D SPACE',''
  ) );
#1142 = ORIENTED_EDGE('',*,*,#1143,.F.);
#1143 = EDGE_CURVE('',#1144,#1121,#1146,.T.);
#1144 = VERTEX_POINT('',#1145);
#1145 = CARTESIAN_POINT('',(7.964056395387,0.824232994761,-1.));
#1146 = SURFACE_CURVE('',#1147,(#1154,#1164),.PCURVE_S1.);
#1147 = B_SPLINE_CURVE_WITH_KNOTS('',3,(#1148,#1149,#1150,#1151,#1152,
    #1153),.UNSPECIFIED.,.F.,.F.,(4,2,4),(-0.148168924519,
    -7.796500804039E-02,-6.446793628055E-02),.UNSPECIFIED.);
#1148 = CARTESIAN_POINT('',(7.964056395387,0.824232994761,-1.));
#1149 = CARTESIAN_POINT('',(7.7164440351,0.57662299712,-1.000000031216)
  );
#1150 = CARTESIAN_POINT('',(7.38270204125,0.419836148231,-1.000000009135
    ));
#1151 = CARTESIAN_POINT('',(6.966210092836,0.382975122253,
    -0.999999998162));
#1152 = CARTESIAN_POINT('',(6.898861698122,0.381462899889,
    -1.000000002313));
#1153 = CARTESIAN_POINT('',(6.831758902994,0.384493871684,
    -1.000000000069));
#1154 = PCURVE('',#1082,#1155);
#1155 = DEFINITIONAL_REPRESENTATION('',(#1156),#1163);
#1156 = B_SPLINE_CURVE_WITH_KNOTS('',3,(#1157,#1158,#1159,#1160,#1161,
    #1162),.UNSPECIFIED.,.F.,.F.,(4,2,4),(-0.148168924519,
    -7.796500804039E-02,-6.446793628055E-02),.UNSPECIFIED.);
#1157 = CARTESIAN_POINT('',(7.964056395387,-0.824232994761));
#1158 = CARTESIAN_POINT('',(7.7164440351,-0.57662299712));
#1159 = CARTESIAN_POINT('',(7.38270204125,-0.419836148231));
#1160 = CARTESIAN_POINT('',(6.966210092836,-0.382975122253));
#1161 = CARTESIAN_POINT('',(6.898861698122,-0.381462899889));
#1162 = CARTESIAN_POINT('',(6.831758902994,-0.384493871684));
#1163 = ( GEOMETRIC_REPRESENTATION_CONTEXT(2) 
PARAMETRIC_REPRESENTATION_CONTEXT() REPRESENTATION_CONTEXT('2D SPACE',''
  ) );
#1164 = PCURVE('',#1165,#1190);
#1165 = B_SPLINE_SURFACE_WITH_KNOTS('',3,3,(
    (#1166,#1167,#1168,#1169,#1170,#1171)
    ,(#1172,#1173,#1174,#1175,#1176,#1177)
    ,(#1178,#1179,#1180,#1181,#1182,#1183)
    ,(#1184,#1185,#1186,#1187,#1188,#1189
    )),.UNSPECIFIED.,.F.,.F.,.F.,(4,4),(4,2,4),(0.,1.00387220618),(
    -0.148168924519,-7.796500804039E-02,-6.433300570704E-02),
  .UNSPECIFIED.);
#1166 = CARTESIAN_POINT('',(7.609824823883,1.178464566265,-1.49999908014
    ));
#1167 = CARTESIAN_POINT('',(7.437267275384,1.020344368735,
    -1.499979497833));
#1168 = CARTESIAN_POINT('',(7.213302247984,0.927979895451,
    -1.499615512627));
#1169 = CARTESIAN_POINT('',(6.942187184211,0.913113381418,
    -1.499089835455));
#1170 = CARTESIAN_POINT('',(6.898169770948,0.913548485904,-1.49900394731
    ));
#1171 = CARTESIAN_POINT('',(6.85451277927,0.916867202726,-1.498919254444
    ));
#1172 = CARTESIAN_POINT('',(7.728359233611,1.059930156537,
    -1.332687353584));
#1173 = CARTESIAN_POINT('',(7.530884452552,0.871855084718,
    -1.332671594932));
#1174 = CARTESIAN_POINT('',(7.269978615309,0.757866258174,
    -1.332431338379));
#1175 = CARTESIAN_POINT('',(6.950001017123,0.735710514754,
    -1.332082526279));
#1176 = CARTESIAN_POINT('',(6.897955354377,0.735476526614,
    -1.332025006626));
#1177 = CARTESIAN_POINT('',(6.846225383442,0.73875314649,-1.331968863556
    ));
#1178 = CARTESIAN_POINT('',(7.846893643339,0.941395746809,
    -1.165375627028));
#1179 = CARTESIAN_POINT('',(7.623910151796,0.723393992595,-1.1653718792)
  );
#1180 = CARTESIAN_POINT('',(7.326681523268,0.58798127298,-1.165249559972
    ));
#1181 = CARTESIAN_POINT('',(6.95781527232,0.558265692773,-1.16507473043)
  );
#1182 = CARTESIAN_POINT('',(6.897727046866,0.557444453516,
    -1.165046694515));
#1183 = CARTESIAN_POINT('',(6.837937987614,0.560639090253,
    -1.165018472668));
#1184 = CARTESIAN_POINT('',(7.965428053067,0.822861337081,
    -0.998063900472));
#1185 = CARTESIAN_POINT('',(7.717527328964,0.574904708578,
    -0.998063976298));
#1186 = CARTESIAN_POINT('',(7.383357890592,0.417867635704,
    -0.998065385724));
#1187 = CARTESIAN_POINT('',(6.965629105232,0.380862826109,
    -0.998067421255));
#1188 = CARTESIAN_POINT('',(6.897512630295,0.379372494226,
    -0.998067753831));
#1189 = CARTESIAN_POINT('',(6.829650591786,0.382525034016,-0.99806808178
    ));
#1190 = DEFINITIONAL_REPRESENTATION('',(#1191),#1195);
#1191 = LINE('',#1192,#1193);
#1192 = CARTESIAN_POINT('',(1.,-9.71445146547E-16));
#1193 = VECTOR('',#1194,1.);
#1194 = DIRECTION('',(-5.173021116182E-14,1.));
#1195 = ( GEOMETRIC_REPRESENTATION_CONTEXT(2) 
PARAMETRIC_REPRESENTATION_CONTEXT() REPRESENTATION_CONTEXT('2D SPACE',''
  ) );
#1196 = ORIENTED_EDGE('',*,*,#1197,.F.);
#1197 = EDGE_CURVE('',#1198,#1144,#1200,.T.);
#1198 = VERTEX_POINT('',#1199);
#1199 = CARTESIAN_POINT('',(7.995137684932,0.855314284307,-1.));
#1200 = SURFACE_CURVE('',#1201,(#1206,#1214),.PCURVE_S1.);
#1201 = B_SPLINE_CURVE_WITH_KNOTS('',3,(#1202,#1203,#1204,#1205),
  .UNSPECIFIED.,.F.,.F.,(4,4),(-0.343687585025,-0.339292026904),
  .PIECEWISE_BEZIER_KNOTS.);
#1202 = CARTESIAN_POINT('',(7.995137684932,0.855314284307,-1.));
#1203 = CARTESIAN_POINT('',(7.984777255084,0.844953854458,-1.));
#1204 = CARTESIAN_POINT('',(7.974416825235,0.83459342461,-1.));
#1205 = CARTESIAN_POINT('',(7.964056395387,0.824232994761,-1.));
#1206 = PCURVE('',#1082,#1207);
#1207 = DEFINITIONAL_REPRESENTATION('',(#1208),#1213);
#1208 = B_SPLINE_CURVE_WITH_KNOTS('',3,(#1209,#1210,#1211,#1212),
  .UNSPECIFIED.,.F.,.F.,(4,4),(-0.343687585025,-0.339292026904),
  .PIECEWISE_BEZIER_KNOTS.);
#1209 = CARTESIAN_POINT('',(7.995137684932,-0.855314284307));
#1210 = CARTESIAN_POINT('',(7.984777255084,-0.844953854458));
#1211 = CARTESIAN_POINT('',(7.974416825235,-0.83459342461));
#1212 = CARTESIAN_POINT('',(7.964056395387,-0.824232994761));
#1213 = ( GEOMETRIC_REPRESENTATION_CONTEXT(2) 
PARAMETRIC_REPRESENTATION_CONTEXT() REPRESENTATION_CONTEXT('2D SPACE',''
  ) );
#1214 = PCURVE('',#1215,#1232);
#1215 = B_SPLINE_SURFACE_WITH_KNOTS('',3,3,(
    (#1216,#1217,#1218,#1219)
    ,(#1220,#1221,#1222,#1223)
    ,(#1224,#1225,#1226,#1227)
    ,(#1228,#1229,#1230,#1231
    )),.UNSPECIFIED.,.F.,.F.,.F.,(4,4),(4,4),(0.,1.),(-0.343687585025,
    -0.339292026904),.PIECEWISE_BEZIER_KNOTS.);
#1216 = CARTESIAN_POINT('',(7.641584294339,1.2088676749,-1.5));
#1217 = CARTESIAN_POINT('',(7.63122386449,1.198507245052,-1.5));
#1218 = CARTESIAN_POINT('',(7.620637588864,1.188372660981,
    -1.500000307203));
#1219 = CARTESIAN_POINT('',(7.609824823883,1.178464566265,-1.49999908014
    ));
#1220 = CARTESIAN_POINT('',(7.759435424536,1.091016544702,
    -1.333333333333));
#1221 = CARTESIAN_POINT('',(7.749074994688,1.080656114854,
    -1.333333333333));
#1222 = CARTESIAN_POINT('',(7.738564000987,1.070446248857,
    -1.333333538135));
#1223 = CARTESIAN_POINT('',(7.727902014384,1.060387375764,
    -1.333332720094));
#1224 = CARTESIAN_POINT('',(7.877286554734,0.973165414504,
    -1.166666666667));
#1225 = CARTESIAN_POINT('',(7.866926124886,0.962804984656,
    -1.166666666667));
#1226 = CARTESIAN_POINT('',(7.856490413111,0.952519836733,
    -1.166666769068));
#1227 = CARTESIAN_POINT('',(7.845979204885,0.942310185262,
    -1.166666360047));
#1228 = CARTESIAN_POINT('',(7.995137684932,0.855314284307,-1.));
#1229 = CARTESIAN_POINT('',(7.984777255084,0.844953854458,-1.));
#1230 = CARTESIAN_POINT('',(7.974416825235,0.83459342461,-1.));
#1231 = CARTESIAN_POINT('',(7.964056395387,0.824232994761,-1.));
#1232 = DEFINITIONAL_REPRESENTATION('',(#1233),#1237);
#1233 = LINE('',#1234,#1235);
#1234 = CARTESIAN_POINT('',(1.,-2.775557561563E-16));
#1235 = VECTOR('',#1236,1.);
#1236 = DIRECTION('',(-3.536097559514E-13,1.));
#1237 = ( GEOMETRIC_REPRESENTATION_CONTEXT(2) 
PARAMETRIC_REPRESENTATION_CONTEXT() REPRESENTATION_CONTEXT('2D SPACE',''
  ) );
#1238 = ORIENTED_EDGE('',*,*,#1239,.F.);
#1239 = EDGE_CURVE('',#1240,#1198,#1242,.T.);
#1240 = VERTEX_POINT('',#1241);
#1241 = CARTESIAN_POINT('',(8.087488663526,0.9476652629,-1.));
#1242 = SURFACE_CURVE('',#1243,(#1247,#1254),.PCURVE_S1.);
#1243 = LINE('',#1244,#1245);
#1244 = CARTESIAN_POINT('',(5.564899465125,-1.574923935501,-1.));
#1245 = VECTOR('',#1246,1.);
#1246 = DIRECTION('',(-0.707106781187,-0.707106781187,0.));
#1247 = PCURVE('',#1082,#1248);
#1248 = DEFINITIONAL_REPRESENTATION('',(#1249),#1253);
#1249 = LINE('',#1250,#1251);
#1250 = CARTESIAN_POINT('',(5.564899465125,1.574923935501));
#1251 = VECTOR('',#1252,1.);
#1252 = DIRECTION('',(-0.707106781187,0.707106781187));
#1253 = ( GEOMETRIC_REPRESENTATION_CONTEXT(2) 
PARAMETRIC_REPRESENTATION_CONTEXT() REPRESENTATION_CONTEXT('2D SPACE',''
  ) );
#1254 = PCURVE('',#1255,#1260);
#1255 = PLANE('',#1256);
#1256 = AXIS2_PLACEMENT_3D('',#1257,#1258,#1259);
#1257 = CARTESIAN_POINT('',(5.388122769828,-1.398147240204,-1.25));
#1258 = DIRECTION('',(0.5,-0.5,-0.707106781187));
#1259 = DIRECTION('',(-0.816496580928,-8.326672684689E-17,-0.57735026919
    ));
#1260 = DEFINITIONAL_REPRESENTATION('',(#1261),#1265);
#1261 = LINE('',#1262,#1263);
#1262 = CARTESIAN_POINT('',(-0.288675134595,-0.204124145232));
#1263 = VECTOR('',#1264,1.);
#1264 = DIRECTION('',(0.57735026919,-0.816496580928));
#1265 = ( GEOMETRIC_REPRESENTATION_CONTEXT(2) 
PARAMETRIC_REPRESENTATION_CONTEXT() REPRESENTATION_CONTEXT('2D SPACE',''
  ) );
#1266 = ORIENTED_EDGE('',*,*,#1267,.F.);
#1267 = EDGE_CURVE('',#1268,#1240,#1270,.T.);
#1268 = VERTEX_POINT('',#1269);
#1269 = CARTESIAN_POINT('',(8.087488663526,-0.9476652629,-1.));
#1270 = SURFACE_CURVE('',#1271,(#1275,#1282),.PCURVE_S1.);
#1271 = LINE('',#1272,#1273);
#1272 = CARTESIAN_POINT('',(8.087488663526,1.625,-1.));
#1273 = VECTOR('',#1274,1.);
#1274 = DIRECTION('',(0.,1.,0.));
#1275 = PCURVE('',#1082,#1276);
#1276 = DEFINITIONAL_REPRESENTATION('',(#1277),#1281);
#1277 = LINE('',#1278,#1279);
#1278 = CARTESIAN_POINT('',(8.087488663526,-1.625));
#1279 = VECTOR('',#1280,1.);
#1280 = DIRECTION('',(0.,-1.));
#1281 = ( GEOMETRIC_REPRESENTATION_CONTEXT(2) 
PARAMETRIC_REPRESENTATION_CONTEXT() REPRESENTATION_CONTEXT('2D SPACE',''
  ) );
#1282 = PCURVE('',#1283,#1288);
#1283 = PLANE('',#1284);
#1284 = AXIS2_PLACEMENT_3D('',#1285,#1286,#1287);
#1285 = CARTESIAN_POINT('',(8.,3.25,0.));
#1286 = DIRECTION('',(0.996194698092,0.,8.715574274766E-02));
#1287 = DIRECTION('',(-0.,1.,0.));
#1288 = DEFINITIONAL_REPRESENTATION('',(#1289),#1293);
#1289 = LINE('',#1290,#1291);
#1290 = CARTESIAN_POINT('',(-1.625,-1.003819837543));
#1291 = VECTOR('',#1292,1.);
#1292 = DIRECTION('',(1.,0.));
#1293 = ( GEOMETRIC_REPRESENTATION_CONTEXT(2) 
PARAMETRIC_REPRESENTATION_CONTEXT() REPRESENTATION_CONTEXT('2D SPACE',''
  ) );
#1294 = ORIENTED_EDGE('',*,*,#1295,.F.);
#1295 = EDGE_CURVE('',#1296,#1268,#1298,.T.);
#1296 = VERTEX_POINT('',#1297);
#1297 = CARTESIAN_POINT('',(7.995137684929,-0.855314284303,-1.));
#1298 = SURFACE_CURVE('',#1299,(#1303,#1310),.PCURVE_S1.);
#1299 = LINE('',#1300,#1301);
#1300 = CARTESIAN_POINT('',(6.174523071134,0.965300329492,-1.));
#1301 = VECTOR('',#1302,1.);
#1302 = DIRECTION('',(0.707106781187,-0.707106781187,0.));
#1303 = PCURVE('',#1082,#1304);
#1304 = DEFINITIONAL_REPRESENTATION('',(#1305),#1309);
#1305 = LINE('',#1306,#1307);
#1306 = CARTESIAN_POINT('',(6.174523071134,-0.965300329492));
#1307 = VECTOR('',#1308,1.);
#1308 = DIRECTION('',(0.707106781187,0.707106781187));
#1309 = ( GEOMETRIC_REPRESENTATION_CONTEXT(2) 
PARAMETRIC_REPRESENTATION_CONTEXT() REPRESENTATION_CONTEXT('2D SPACE',''
  ) );
#1310 = PCURVE('',#1311,#1316);
#1311 = PLANE('',#1312);
#1312 = AXIS2_PLACEMENT_3D('',#1313,#1314,#1315);
#1313 = CARTESIAN_POINT('',(5.997746375837,0.788523634195,-1.25));
#1314 = DIRECTION('',(0.5,0.5,-0.707106781187));
#1315 = DIRECTION('',(-0.816496580928,-2.22044604925E-16,-0.57735026919)
  );
#1316 = DEFINITIONAL_REPRESENTATION('',(#1317),#1321);
#1317 = LINE('',#1318,#1319);
#1318 = CARTESIAN_POINT('',(-0.288675134595,0.204124145232));
#1319 = VECTOR('',#1320,1.);
#1320 = DIRECTION('',(-0.57735026919,-0.816496580928));
#1321 = ( GEOMETRIC_REPRESENTATION_CONTEXT(2) 
PARAMETRIC_REPRESENTATION_CONTEXT() REPRESENTATION_CONTEXT('2D SPACE',''
  ) );
#1322 = ORIENTED_EDGE('',*,*,#1323,.F.);
#1323 = EDGE_CURVE('',#1064,#1296,#1324,.T.);
#1324 = SURFACE_CURVE('',#1325,(#1330,#1338),.PCURVE_S1.);
#1325 = B_SPLINE_CURVE_WITH_KNOTS('',3,(#1326,#1327,#1328,#1329),
  .UNSPECIFIED.,.F.,.F.,(4,4),(0.253078229748,0.257473787868),
  .PIECEWISE_BEZIER_KNOTS.);
#1326 = CARTESIAN_POINT('',(7.964056395387,-0.824232994761,-1.));
#1327 = CARTESIAN_POINT('',(7.974416825234,-0.834593424609,-1.));
#1328 = CARTESIAN_POINT('',(7.984777255082,-0.844953854456,-1.));
#1329 = CARTESIAN_POINT('',(7.995137684929,-0.855314284303,-1.));
#1330 = PCURVE('',#1082,#1331);
#1331 = DEFINITIONAL_REPRESENTATION('',(#1332),#1337);
#1332 = B_SPLINE_CURVE_WITH_KNOTS('',3,(#1333,#1334,#1335,#1336),
  .UNSPECIFIED.,.F.,.F.,(4,4),(0.253078229748,0.257473787868),
  .PIECEWISE_BEZIER_KNOTS.);
#1333 = CARTESIAN_POINT('',(7.964056395387,0.824232994761));
#1334 = CARTESIAN_POINT('',(7.974416825234,0.834593424609));
#1335 = CARTESIAN_POINT('',(7.984777255082,0.844953854456));
#1336 = CARTESIAN_POINT('',(7.995137684929,0.855314284303));
#1337 = ( GEOMETRIC_REPRESENTATION_CONTEXT(2) 
PARAMETRIC_REPRESENTATION_CONTEXT() REPRESENTATION_CONTEXT('2D SPACE',''
  ) );
#1338 = PCURVE('',#850,#1339);
#1339 = DEFINITIONAL_REPRESENTATION('',(#1340),#1344);
#1340 = LINE('',#1341,#1342);
#1341 = CARTESIAN_POINT('',(1.,-5.551115123126E-17));
#1342 = VECTOR('',#1343,1.);
#1343 = DIRECTION('',(1.768048779932E-13,1.));
#1344 = ( GEOMETRIC_REPRESENTATION_CONTEXT(2) 
PARAMETRIC_REPRESENTATION_CONTEXT() REPRESENTATION_CONTEXT('2D SPACE',''
  ) );
#1345 = ORIENTED_EDGE('',*,*,#1063,.F.);
#1346 = ADVANCED_FACE('',(#1347),#1311,.T.);
#1347 = FACE_BOUND('',#1348,.T.);
#1348 = EDGE_LOOP('',(#1349,#1379,#1400,#1420,#1421));
#1349 = ORIENTED_EDGE('',*,*,#1350,.T.);
#1350 = EDGE_CURVE('',#1351,#1353,#1355,.T.);
#1351 = VERTEX_POINT('',#1352);
#1352 = CARTESIAN_POINT('',(8.108994031287,-1.316794900199,
    -1.245807478295));
#1353 = VERTEX_POINT('',#1354);
#1354 = CARTESIAN_POINT('',(8.104170822266,-1.671454202827,-1.5));
#1355 = SURFACE_CURVE('',#1356,(#1361,#1368),.PCURVE_S1.);
#1356 = ELLIPSE('',#1357,2.92124429235,2.05);
#1357 = AXIS2_PLACEMENT_3D('',#1358,#1359,#1360);
#1358 = CARTESIAN_POINT('',(6.177501618591,-1.427501618591,
    -2.689860332421));
#1359 = DIRECTION('',(0.5,0.5,-0.707106781187));
#1360 = DIRECTION('',(-0.370641151082,-0.614393108083,-0.696524404357));
#1361 = PCURVE('',#1311,#1362);
#1362 = DEFINITIONAL_REPRESENTATION('',(#1363),#1367);
#1363 = ELLIPSE('',#1364,2.92124429235,2.05);
#1364 = AXIS2_PLACEMENT_2D('',#1365,#1366);
#1365 = CARTESIAN_POINT('',(0.684534209406,-2.558845552454));
#1366 = DIRECTION('',(0.704765784962,-0.70944005268));
#1367 = ( GEOMETRIC_REPRESENTATION_CONTEXT(2) 
PARAMETRIC_REPRESENTATION_CONTEXT() REPRESENTATION_CONTEXT('2D SPACE',''
  ) );
#1368 = PCURVE('',#1369,#1374);
#1369 = CYLINDRICAL_SURFACE('',#1370,2.05);
#1370 = AXIS2_PLACEMENT_3D('',#1371,#1372,#1373);
#1371 = CARTESIAN_POINT('',(5.948695430391,-1.198695430391,
    -7.459363410015E-02));
#1372 = DIRECTION('',(-8.682659386425E-02,8.682659386425E-02,
    0.992432509139));
#1373 = DIRECTION('',(0.701755757082,-0.701755757082,0.122791346617));
#1374 = DEFINITIONAL_REPRESENTATION('',(#1375),#1378);
#1375 = B_SPLINE_CURVE_WITH_KNOTS('',1,(#1376,#1377),.UNSPECIFIED.,.F.,
  .F.,(2,2),(4.052968647827,4.215324747446),.PIECEWISE_BEZIER_KNOTS.);
#1376 = CARTESIAN_POINT('',(7.064785372304,-1.360176238078));
#1377 = CARTESIAN_POINT('',(6.902429272685,-1.642820236617));
#1378 = ( GEOMETRIC_REPRESENTATION_CONTEXT(2) 
PARAMETRIC_REPRESENTATION_CONTEXT() REPRESENTATION_CONTEXT('2D SPACE',''
  ) );
#1379 = ORIENTED_EDGE('',*,*,#1380,.T.);
#1380 = EDGE_CURVE('',#1353,#805,#1381,.T.);
#1381 = SURFACE_CURVE('',#1382,(#1386,#1393),.PCURVE_S1.);
#1382 = LINE('',#1383,#1384);
#1383 = CARTESIAN_POINT('',(5.820969680541,0.611746938898,-1.5));
#1384 = VECTOR('',#1385,1.);
#1385 = DIRECTION('',(-0.707106781187,0.707106781187,0.));
#1386 = PCURVE('',#1311,#1387);
#1387 = DEFINITIONAL_REPRESENTATION('',(#1388),#1392);
#1388 = LINE('',#1389,#1390);
#1389 = CARTESIAN_POINT('',(0.288675134595,-0.204124145232));
#1390 = VECTOR('',#1391,1.);
#1391 = DIRECTION('',(0.57735026919,0.816496580928));
#1392 = ( GEOMETRIC_REPRESENTATION_CONTEXT(2) 
PARAMETRIC_REPRESENTATION_CONTEXT() REPRESENTATION_CONTEXT('2D SPACE',''
  ) );
#1393 = PCURVE('',#821,#1394);
#1394 = DEFINITIONAL_REPRESENTATION('',(#1395),#1399);
#1395 = LINE('',#1396,#1397);
#1396 = CARTESIAN_POINT('',(3.683476725326,1.5));
#1397 = VECTOR('',#1398,1.);
#1398 = DIRECTION('',(1.,0.));
#1399 = ( GEOMETRIC_REPRESENTATION_CONTEXT(2) 
PARAMETRIC_REPRESENTATION_CONTEXT() REPRESENTATION_CONTEXT('2D SPACE',''
  ) );
#1400 = ORIENTED_EDGE('',*,*,#1401,.T.);
#1401 = EDGE_CURVE('',#805,#1296,#1402,.T.);
#1402 = SURFACE_CURVE('',#1403,(#1407,#1414),.PCURVE_S1.);
#1403 = LINE('',#1404,#1405);
#1404 = CARTESIAN_POINT('',(7.641584294336,-1.208867674897,
    -1.49999999976));
#1405 = VECTOR('',#1406,1.);
#1406 = DIRECTION('',(0.50000000012,0.50000000012,0.707106781017));
#1407 = PCURVE('',#1311,#1408);
#1408 = DEFINITIONAL_REPRESENTATION('',(#1409),#1413);
#1409 = LINE('',#1410,#1411);
#1410 = CARTESIAN_POINT('',(-1.197850472895,-2.306388819864));
#1411 = VECTOR('',#1412,1.);
#1412 = DIRECTION('',(-0.816496580928,0.57735026919));
#1413 = ( GEOMETRIC_REPRESENTATION_CONTEXT(2) 
PARAMETRIC_REPRESENTATION_CONTEXT() REPRESENTATION_CONTEXT('2D SPACE',''
  ) );
#1414 = PCURVE('',#850,#1415);
#1415 = DEFINITIONAL_REPRESENTATION('',(#1416),#1419);
#1416 = B_SPLINE_CURVE_WITH_KNOTS('',1,(#1417,#1418),.UNSPECIFIED.,.F.,
  .F.,(2,2),(0.,0.707106781017),.PIECEWISE_BEZIER_KNOTS.);
#1417 = CARTESIAN_POINT('',(2.404467110965E-10,0.257473787868));
#1418 = CARTESIAN_POINT('',(1.,0.257473787868));
#1419 = ( GEOMETRIC_REPRESENTATION_CONTEXT(2) 
PARAMETRIC_REPRESENTATION_CONTEXT() REPRESENTATION_CONTEXT('2D SPACE',''
  ) );
#1420 = ORIENTED_EDGE('',*,*,#1295,.T.);
#1421 = ORIENTED_EDGE('',*,*,#1422,.T.);
#1422 = EDGE_CURVE('',#1268,#1351,#1423,.T.);
#1423 = SURFACE_CURVE('',#1424,(#1428,#1435),.PCURVE_S1.);
#1424 = LINE('',#1425,#1426);
#1425 = CARTESIAN_POINT('',(7.955410032965,1.319403012154,0.509665655385
    ));
#1426 = VECTOR('',#1427,1.);
#1427 = DIRECTION('',(4.843496184375E-02,-0.831363597074,-0.553614147156
    ));
#1428 = PCURVE('',#1311,#1429);
#1429 = DEFINITIONAL_REPRESENTATION('',(#1430),#1434);
#1430 = LINE('',#1431,#1432);
#1431 = CARTESIAN_POINT('',(-2.614369122472,0.613006703544));
#1432 = VECTOR('',#1433,1.);
#1433 = DIRECTION('',(0.280082296145,-0.95997599313));
#1434 = ( GEOMETRIC_REPRESENTATION_CONTEXT(2) 
PARAMETRIC_REPRESENTATION_CONTEXT() REPRESENTATION_CONTEXT('2D SPACE',''
  ) );
#1435 = PCURVE('',#1283,#1436);
#1436 = DEFINITIONAL_REPRESENTATION('',(#1437),#1441);
#1437 = LINE('',#1438,#1439);
#1438 = CARTESIAN_POINT('',(-1.930596987846,0.51161249539));
#1439 = VECTOR('',#1440,1.);
#1440 = DIRECTION('',(-0.831363597074,-0.55572886326));
#1441 = ( GEOMETRIC_REPRESENTATION_CONTEXT(2) 
PARAMETRIC_REPRESENTATION_CONTEXT() REPRESENTATION_CONTEXT('2D SPACE',''
  ) );
#1442 = ADVANCED_FACE('',(#1443),#1369,.T.);
#1443 = FACE_BOUND('',#1444,.T.);
#1444 = EDGE_LOOP('',(#1445,#1475,#1503,#1531,#1584,#1585,#1608));
#1445 = ORIENTED_EDGE('',*,*,#1446,.T.);
#1446 = EDGE_CURVE('',#1447,#1449,#1451,.T.);
#1447 = VERTEX_POINT('',#1448);
#1448 = CARTESIAN_POINT('',(5.913710035588,-3.205909166676,
    0.503960530961));
#1449 = VERTEX_POINT('',#1450);
#1450 = CARTESIAN_POINT('',(6.023050568436,-3.315249699524,
    -0.745807478295));
#1451 = SURFACE_CURVE('',#1452,(#1456,#1463),.PCURVE_S1.);
#1452 = LINE('',#1453,#1454);
#1453 = CARTESIAN_POINT('',(5.948695430391,-3.240894561479,
    0.104075638533));
#1454 = VECTOR('',#1455,1.);
#1455 = DIRECTION('',(8.682659386425E-02,-8.682659386425E-02,
    -0.992432509139));
#1456 = PCURVE('',#1369,#1457);
#1457 = DEFINITIONAL_REPRESENTATION('',(#1458),#1462);
#1458 = LINE('',#1459,#1460);
#1459 = CARTESIAN_POINT('',(5.501585242055,5.551115123126E-17));
#1460 = VECTOR('',#1461,1.);
#1461 = DIRECTION('',(-7.052966079287E-16,-1.));
#1462 = ( GEOMETRIC_REPRESENTATION_CONTEXT(2) 
PARAMETRIC_REPRESENTATION_CONTEXT() REPRESENTATION_CONTEXT('2D SPACE',''
  ) );
#1463 = PCURVE('',#1464,#1469);
#1464 = PLANE('',#1465);
#1465 = AXIS2_PLACEMENT_3D('',#1466,#1467,#1468);
#1466 = CARTESIAN_POINT('',(8.,-3.25,0.));
#1467 = DIRECTION('',(0.,-0.996194698092,8.715574274766E-02));
#1468 = DIRECTION('',(1.,0.,0.));
#1469 = DEFINITIONAL_REPRESENTATION('',(#1470),#1474);
#1470 = LINE('',#1471,#1472);
#1471 = CARTESIAN_POINT('',(-2.051304569609,0.104473190564));
#1472 = VECTOR('',#1473,1.);
#1473 = DIRECTION('',(8.682659386425E-02,-0.996223440097));
#1474 = ( GEOMETRIC_REPRESENTATION_CONTEXT(2) 
PARAMETRIC_REPRESENTATION_CONTEXT() REPRESENTATION_CONTEXT('2D SPACE',''
  ) );
#1475 = ORIENTED_EDGE('',*,*,#1476,.F.);
#1476 = EDGE_CURVE('',#1477,#1449,#1479,.T.);
#1477 = VERTEX_POINT('',#1478);
#1478 = CARTESIAN_POINT('',(6.377709871064,-3.310426490503,-1.));
#1479 = SURFACE_CURVE('',#1480,(#1485,#1491),.PCURVE_S1.);
#1480 = ELLIPSE('',#1481,2.92124429235,2.05);
#1481 = AXIS2_PLACEMENT_3D('',#1482,#1483,#1484);
#1482 = CARTESIAN_POINT('',(6.133757286828,-1.383757286828,
    -2.189860332421));
#1483 = DIRECTION('',(-0.5,-0.5,-0.707106781187));
#1484 = DIRECTION('',(0.614393108083,0.370641151082,-0.696524404357));
#1485 = PCURVE('',#1369,#1486);
#1486 = DEFINITIONAL_REPRESENTATION('',(#1487),#1490);
#1487 = B_SPLINE_CURVE_WITH_KNOTS('',1,(#1488,#1489),.UNSPECIFIED.,.F.,
  .F.,(2,2),(2.067860559733,2.230216659353),.PIECEWISE_BEZIER_KNOTS.);
#1488 = CARTESIAN_POINT('',(5.663941341675,-1.139007639392));
#1489 = CARTESIAN_POINT('',(5.501585242055,-0.856363640853));
#1490 = ( GEOMETRIC_REPRESENTATION_CONTEXT(2) 
PARAMETRIC_REPRESENTATION_CONTEXT() REPRESENTATION_CONTEXT('2D SPACE',''
  ) );
#1491 = PCURVE('',#1492,#1497);
#1492 = PLANE('',#1493);
#1493 = AXIS2_PLACEMENT_3D('',#1494,#1495,#1496);
#1494 = CARTESIAN_POINT('',(3.351852759796,-0.638122769828,-0.75));
#1495 = DIRECTION('',(-0.5,-0.5,-0.707106781187));
#1496 = DIRECTION('',(-0.816496580928,2.775557561563E-17,0.57735026919)
  );
#1497 = DEFINITIONAL_REPRESENTATION('',(#1498),#1502);
#1498 = ELLIPSE('',#1499,2.92124429235,2.05);
#1499 = AXIS2_PLACEMENT_2D('',#1500,#1501);
#1500 = CARTESIAN_POINT('',(-3.102719285307,-0.860984578214));
#1501 = DIRECTION('',(-0.903788424448,0.4279795367));
#1502 = ( GEOMETRIC_REPRESENTATION_CONTEXT(2) 
PARAMETRIC_REPRESENTATION_CONTEXT() REPRESENTATION_CONTEXT('2D SPACE',''
  ) );
#1503 = ORIENTED_EDGE('',*,*,#1504,.T.);
#1504 = EDGE_CURVE('',#1477,#1505,#1507,.T.);
#1505 = VERTEX_POINT('',#1506);
#1506 = CARTESIAN_POINT('',(6.421454202827,-3.354170822266,-1.5));
#1507 = SURFACE_CURVE('',#1508,(#1512,#1519),.PCURVE_S1.);
#1508 = LINE('',#1509,#1510);
#1509 = CARTESIAN_POINT('',(6.27881371735,-3.211530336789,0.13038820949)
  );
#1510 = VECTOR('',#1511,1.);
#1511 = DIRECTION('',(8.682659386425E-02,-8.682659386425E-02,
    -0.992432509139));
#1512 = PCURVE('',#1369,#1513);
#1513 = DEFINITIONAL_REPRESENTATION('',(#1514),#1518);
#1514 = LINE('',#1515,#1516);
#1515 = CARTESIAN_POINT('',(5.663941341675,3.330669073875E-15));
#1516 = VECTOR('',#1517,1.);
#1517 = DIRECTION('',(1.762914275252E-15,-1.));
#1518 = ( GEOMETRIC_REPRESENTATION_CONTEXT(2) 
PARAMETRIC_REPRESENTATION_CONTEXT() REPRESENTATION_CONTEXT('2D SPACE',''
  ) );
#1519 = PCURVE('',#1520,#1525);
#1520 = PLANE('',#1521);
#1521 = AXIS2_PLACEMENT_3D('',#1522,#1523,#1524);
#1522 = CARTESIAN_POINT('',(5.523617219905,-2.456333839344,-3.));
#1523 = DIRECTION('',(-0.707106781187,-0.707106781187,0.));
#1524 = DIRECTION('',(0.707106781187,-0.707106781187,0.));
#1525 = DEFINITIONAL_REPRESENTATION('',(#1526),#1530);
#1526 = LINE('',#1527,#1528);
#1527 = CARTESIAN_POINT('',(1.068009128943,3.13038820949));
#1528 = VECTOR('',#1529,1.);
#1529 = DIRECTION('',(0.122791346617,-0.992432509139));
#1530 = ( GEOMETRIC_REPRESENTATION_CONTEXT(2) 
PARAMETRIC_REPRESENTATION_CONTEXT() REPRESENTATION_CONTEXT('2D SPACE',''
  ) );
#1531 = ORIENTED_EDGE('',*,*,#1532,.T.);
#1532 = EDGE_CURVE('',#1505,#1353,#1533,.T.);
#1533 = SURFACE_CURVE('',#1534,(#1539,#1568),.PCURVE_S1.);
#1534 = ELLIPSE('',#1535,2.065631648623,2.05);
#1535 = AXIS2_PLACEMENT_3D('',#1536,#1537,#1538);
#1536 = CARTESIAN_POINT('',(6.073402328325,-1.323402328325,-1.5));
#1537 = DIRECTION('',(0.,0.,1.));
#1538 = DIRECTION('',(0.707106781187,-0.707106781187,0.));
#1539 = PCURVE('',#1369,#1540);
#1540 = DEFINITIONAL_REPRESENTATION('',(#1541),#1567);
#1541 = B_SPLINE_CURVE_WITH_KNOTS('',3,(#1542,#1543,#1544,#1545,#1546,
    #1547,#1548,#1549,#1550,#1551,#1552,#1553,#1554,#1555,#1556,#1557,
    #1558,#1559,#1560,#1561,#1562,#1563,#1564,#1565,#1566),
  .UNSPECIFIED.,.F.,.F.,(4,1,1,1,1,1,1,1,1,1,1,1,1,1,1,1,1,1,1,1,1,1,4),
  (5.663941341675,5.72023624763,5.776531153585,5.83282605954,
    5.889120965495,5.94541587145,6.001710777405,6.05800568336,
    6.114300589315,6.17059549527,6.226890401225,6.28318530718,
    6.339480213135,6.39577511909,6.452070025045,6.508364931,
    6.564659836955,6.62095474291,6.677249648865,6.73354455482,
    6.789839460775,6.84613436673,6.902429272685),.QUASI_UNIFORM_KNOTS.);
#1542 = CARTESIAN_POINT('',(5.663941341675,-1.642820236617));
#1543 = CARTESIAN_POINT('',(5.682706310326,-1.645582970283));
#1544 = CARTESIAN_POINT('',(5.72023624763,-1.650889565159));
#1545 = CARTESIAN_POINT('',(5.776531153585,-1.658170003098));
#1546 = CARTESIAN_POINT('',(5.83282605954,-1.664747281902));
#1547 = CARTESIAN_POINT('',(5.889120965495,-1.670600733945));
#1548 = CARTESIAN_POINT('',(5.94541587145,-1.675711768026));
#1549 = CARTESIAN_POINT('',(6.001710777405,-1.68006420324));
#1550 = CARTESIAN_POINT('',(6.05800568336,-1.683644246565));
#1551 = CARTESIAN_POINT('',(6.114300589315,-1.686440556305));
#1552 = CARTESIAN_POINT('',(6.17059549527,-1.688444272731));
#1553 = CARTESIAN_POINT('',(6.226890401225,-1.689649047575));
#1554 = CARTESIAN_POINT('',(6.28318530718,-1.690051063754));
#1555 = CARTESIAN_POINT('',(6.339480213135,-1.689649047575));
#1556 = CARTESIAN_POINT('',(6.39577511909,-1.688444272731));
#1557 = CARTESIAN_POINT('',(6.452070025045,-1.686440556305));
#1558 = CARTESIAN_POINT('',(6.508364931,-1.683644246565));
#1559 = CARTESIAN_POINT('',(6.564659836955,-1.68006420324));
#1560 = CARTESIAN_POINT('',(6.62095474291,-1.675711768026));
#1561 = CARTESIAN_POINT('',(6.677249648865,-1.670600733945));
#1562 = CARTESIAN_POINT('',(6.73354455482,-1.664747281902));
#1563 = CARTESIAN_POINT('',(6.789839460775,-1.658170003098));
#1564 = CARTESIAN_POINT('',(6.84613436673,-1.650889565159));
#1565 = CARTESIAN_POINT('',(6.883664304033,-1.645582970283));
#1566 = CARTESIAN_POINT('',(6.902429272685,-1.642820236617));
#1567 = ( GEOMETRIC_REPRESENTATION_CONTEXT(2) 
PARAMETRIC_REPRESENTATION_CONTEXT() REPRESENTATION_CONTEXT('2D SPACE',''
  ) );
#1568 = PCURVE('',#1569,#1574);
#1569 = PLANE('',#1570);
#1570 = AXIS2_PLACEMENT_3D('',#1571,#1572,#1573);
#1571 = CARTESIAN_POINT('',(7.55760255977,-2.80760255977,-1.5));
#1572 = DIRECTION('',(0.,0.,-1.));
#1573 = DIRECTION('',(1.,0.,0.));
#1574 = DEFINITIONAL_REPRESENTATION('',(#1575),#1583);
#1575 = ( BOUNDED_CURVE() B_SPLINE_CURVE(2,(#1576,#1577,#1578,#1579,
#1580,#1581,#1582),.UNSPECIFIED.,.T.,.F.) B_SPLINE_CURVE_WITH_KNOTS((1,2
    ,2,2,2,1),(-2.094395102393,0.,2.094395102393,4.188790204786,
6.28318530718,8.377580409573),.UNSPECIFIED.) CURVE() 
GEOMETRIC_REPRESENTATION_ITEM() RATIONAL_B_SPLINE_CURVE((1.,0.5,1.,0.5,
1.,0.5,1.)) REPRESENTATION_ITEM('') );
#1576 = CARTESIAN_POINT('',(-2.357808527017E-02,-2.357808527015E-02));
#1577 = CARTESIAN_POINT('',(2.487148901083,-2.534305071623));
#1578 = CARTESIAN_POINT('',(-0.959147811356,-3.469874797709));
#1579 = CARTESIAN_POINT('',(-4.405444523795,-4.405444523795));
#1580 = CARTESIAN_POINT('',(-3.469874797709,-0.959147811356));
#1581 = CARTESIAN_POINT('',(-2.534305071623,2.487148901083));
#1582 = CARTESIAN_POINT('',(-2.357808527017E-02,-2.357808527015E-02));
#1583 = ( GEOMETRIC_REPRESENTATION_CONTEXT(2) 
PARAMETRIC_REPRESENTATION_CONTEXT() REPRESENTATION_CONTEXT('2D SPACE',''
  ) );
#1584 = ORIENTED_EDGE('',*,*,#1350,.F.);
#1585 = ORIENTED_EDGE('',*,*,#1586,.T.);
#1586 = EDGE_CURVE('',#1351,#1587,#1589,.T.);
#1587 = VERTEX_POINT('',#1588);
#1588 = CARTESIAN_POINT('',(7.955909166676,-1.163710035588,
    0.503960530961));
#1589 = SURFACE_CURVE('',#1590,(#1594,#1601),.PCURVE_S1.);
#1590 = LINE('',#1591,#1592);
#1591 = CARTESIAN_POINT('',(7.990894561479,-1.198695430391,
    0.104075638533));
#1592 = VECTOR('',#1593,1.);
#1593 = DIRECTION('',(-8.682659386425E-02,8.682659386425E-02,
    0.992432509139));
#1594 = PCURVE('',#1369,#1595);
#1595 = DEFINITIONAL_REPRESENTATION('',(#1596),#1600);
#1596 = LINE('',#1597,#1598);
#1597 = CARTESIAN_POINT('',(7.064785372304,-1.7763568394E-15));
#1598 = VECTOR('',#1599,1.);
#1599 = DIRECTION('',(0.,1.));
#1600 = ( GEOMETRIC_REPRESENTATION_CONTEXT(2) 
PARAMETRIC_REPRESENTATION_CONTEXT() REPRESENTATION_CONTEXT('2D SPACE',''
  ) );
#1601 = PCURVE('',#1283,#1602);
#1602 = DEFINITIONAL_REPRESENTATION('',(#1603),#1607);
#1603 = LINE('',#1604,#1605);
#1604 = CARTESIAN_POINT('',(-4.448695430391,0.104473190564));
#1605 = VECTOR('',#1606,1.);
#1606 = DIRECTION('',(8.682659386425E-02,0.996223440097));
#1607 = ( GEOMETRIC_REPRESENTATION_CONTEXT(2) 
PARAMETRIC_REPRESENTATION_CONTEXT() REPRESENTATION_CONTEXT('2D SPACE',''
  ) );
#1608 = ORIENTED_EDGE('',*,*,#1609,.F.);
#1609 = EDGE_CURVE('',#1447,#1587,#1610,.T.);
#1610 = SURFACE_CURVE('',#1611,(#1617,#1646),.PCURVE_S1.);
#1611 = B_SPLINE_CURVE_WITH_KNOTS('',3,(#1612,#1613,#1614,#1615,#1616),
  .UNSPECIFIED.,.F.,.F.,(4,1,4),(-0.740989609687,0.105855658527,
    0.740989609687),.QUASI_UNIFORM_KNOTS.);
#1612 = CARTESIAN_POINT('',(5.913710035588,-3.205909166676,
    0.503960530961));
#1613 = CARTESIAN_POINT('',(6.520009322322,-3.205718351627,
    0.506141556957));
#1614 = CARTESIAN_POINT('',(7.587401416082,-2.6962678656,0.509267520089)
  );
#1615 = CARTESIAN_POINT('',(7.955766055389,-1.618434500639,
    0.505596300458));
#1616 = CARTESIAN_POINT('',(7.955909166676,-1.163710035588,
    0.503960530961));
#1617 = PCURVE('',#1369,#1618);
#1618 = DEFINITIONAL_REPRESENTATION('',(#1619),#1645);
#1619 = B_SPLINE_CURVE_WITH_KNOTS('',3,(#1620,#1621,#1622,#1623,#1624,
    #1625,#1626,#1627,#1628,#1629,#1630,#1631,#1632,#1633,#1634,#1635,
    #1636,#1637,#1638,#1639,#1640,#1641,#1642,#1643,#1644),
  .UNSPECIFIED.,.F.,.F.,(4,1,1,1,1,1,1,1,1,1,1,1,1,1,1,1,1,1,1,1,1,1,4),
  (-0.740989609687,-0.673626917897,-0.606264226108,-0.538901534318,
    -0.471538842528,-0.404176150738,-0.336813458949,-0.269450767159,
    -0.202088075369,-0.134725383579,-6.736269178973E-02,
    1.110223024625E-16,6.736269178973E-02,0.134725383579,0.202088075369,
    0.269450767159,0.336813458949,0.404176150738,0.471538842528,
    0.538901534318,0.606264226108,0.673626917897,0.740989609687),
  .UNSPECIFIED.);
#1620 = CARTESIAN_POINT('',(5.501585242055,0.402934092491));
#1621 = CARTESIAN_POINT('',(5.525026509578,0.398920084638));
#1622 = CARTESIAN_POINT('',(5.57195744306,0.391202775726));
#1623 = CARTESIAN_POINT('',(5.64252817982,0.380586650184));
#1624 = CARTESIAN_POINT('',(5.713316420303,0.370958079929));
#1625 = CARTESIAN_POINT('',(5.784316240835,0.362344782365));
#1626 = CARTESIAN_POINT('',(5.855498326763,0.354774475111));
#1627 = CARTESIAN_POINT('',(5.926812865196,0.348274874984));
#1628 = CARTESIAN_POINT('',(5.998199400175,0.342873701788));
#1629 = CARTESIAN_POINT('',(6.069595381904,0.338598664187));
#1630 = CARTESIAN_POINT('',(6.14094529544,0.335477512415));
#1631 = CARTESIAN_POINT('',(6.212209290108,0.333537841568));
#1632 = CARTESIAN_POINT('',(6.283371836745,0.332807825723));
#1633 = CARTESIAN_POINT('',(6.354447688801,0.333313478168));
#1634 = CARTESIAN_POINT('',(6.425494289245,0.335088876374));
#1635 = CARTESIAN_POINT('',(6.496592718522,0.338132458371));
#1636 = CARTESIAN_POINT('',(6.567767564708,0.342394015293));
#1637 = CARTESIAN_POINT('',(6.639008825112,0.347832852282));
#1638 = CARTESIAN_POINT('',(6.710277257094,0.354405725213));
#1639 = CARTESIAN_POINT('',(6.781514230645,0.362070073032));
#1640 = CARTESIAN_POINT('',(6.852650906142,0.370783151657));
#1641 = CARTESIAN_POINT('',(6.92361911686,0.38050226605));
#1642 = CARTESIAN_POINT('',(6.994357920021,0.391184708027));
#1643 = CARTESIAN_POINT('',(7.041343024732,0.398920084638));
#1644 = CARTESIAN_POINT('',(7.064785372304,0.402934092491));
#1645 = ( GEOMETRIC_REPRESENTATION_CONTEXT(2) 
PARAMETRIC_REPRESENTATION_CONTEXT() REPRESENTATION_CONTEXT('2D SPACE',''
  ) );
#1646 = PCURVE('',#1647,#1668);
#1647 = B_SPLINE_SURFACE_WITH_KNOTS('',3,3,(
    (#1648,#1649,#1650,#1651,#1652)
    ,(#1653,#1654,#1655,#1656,#1657)
    ,(#1658,#1659,#1660,#1661,#1662)
    ,(#1663,#1664,#1665,#1666,#1667
    )),.UNSPECIFIED.,.F.,.F.,.F.,(4,4),(4,1,4),(0.,1.),(-0.740989609687,
    -0.105855658527,0.740989609687),.UNSPECIFIED.);
#1648 = CARTESIAN_POINT('',(7.955909166676,-1.163710035588,
    0.503960530961));
#1649 = CARTESIAN_POINT('',(7.955766055389,-1.618434500639,
    0.505596300458));
#1650 = CARTESIAN_POINT('',(7.587401416082,-2.6962678656,0.509267520089)
  );
#1651 = CARTESIAN_POINT('',(6.520009322322,-3.205718351627,
    0.506141556957));
#1652 = CARTESIAN_POINT('',(5.913710035588,-3.205909166676,
    0.503960530961));
#1653 = CARTESIAN_POINT('',(7.593237907364,-1.148968713341,
    0.835973687307));
#1654 = CARTESIAN_POINT('',(7.590114514001,-1.526613942581,
    0.837064200306));
#1655 = CARTESIAN_POINT('',(7.280864964588,-2.41502000242,0.839511680059
    ));
#1656 = CARTESIAN_POINT('',(6.402495685661,-2.839073382879,
    0.837427704638));
#1657 = CARTESIAN_POINT('',(5.898968713341,-2.843237907364,
    0.835973687307));
#1658 = CARTESIAN_POINT('',(7.230566648052,-1.134227391094,
    1.167986843654));
#1659 = CARTESIAN_POINT('',(7.224462972612,-1.434793384524,
    1.168532100153));
#1660 = CARTESIAN_POINT('',(6.974328513093,-2.13377213924,1.16975584003)
  );
#1661 = CARTESIAN_POINT('',(6.284982049001,-2.472428414132,
    1.168713852319));
#1662 = CARTESIAN_POINT('',(5.884227391094,-2.480566648052,
    1.167986843654));
#1663 = CARTESIAN_POINT('',(6.86789538874,-1.119486068847,1.5));
#1664 = CARTESIAN_POINT('',(6.858811431223,-1.342972826467,1.5));
#1665 = CARTESIAN_POINT('',(6.667792061598,-1.85252427606,1.5));
#1666 = CARTESIAN_POINT('',(6.16746841234,-2.105783445385,1.5));
#1667 = CARTESIAN_POINT('',(5.869486068847,-2.11789538874,1.5));
#1668 = DEFINITIONAL_REPRESENTATION('',(#1669),#1673);
#1669 = LINE('',#1670,#1671);
#1670 = CARTESIAN_POINT('',(-1.736158995648E-17,3.330669073875E-16));
#1671 = VECTOR('',#1672,1.);
#1672 = DIRECTION('',(7.288209086374E-17,-1.));
#1673 = ( GEOMETRIC_REPRESENTATION_CONTEXT(2) 
PARAMETRIC_REPRESENTATION_CONTEXT() REPRESENTATION_CONTEXT('2D SPACE',''
  ) );
#1674 = ADVANCED_FACE('',(#1675),#1647,.T.);
#1675 = FACE_BOUND('',#1676,.T.);
#1676 = EDGE_LOOP('',(#1677,#1715,#1747,#1783));
#1677 = ORIENTED_EDGE('',*,*,#1678,.T.);
#1678 = EDGE_CURVE('',#1587,#1679,#1681,.T.);
#1679 = VERTEX_POINT('',#1680);
#1680 = CARTESIAN_POINT('',(6.86789538874,-1.119486068847,1.5));
#1681 = SURFACE_CURVE('',#1682,(#1686,#1692),.PCURVE_S1.);
#1682 = LINE('',#1683,#1684);
#1683 = CARTESIAN_POINT('',(7.955909166676,-1.163710035588,
    0.503960530961));
#1684 = VECTOR('',#1685,1.);
#1685 = DIRECTION('',(-0.737263899513,2.9967207064E-02,0.674939929902));
#1686 = PCURVE('',#1647,#1687);
#1687 = DEFINITIONAL_REPRESENTATION('',(#1688),#1691);
#1688 = B_SPLINE_CURVE_WITH_KNOTS('',1,(#1689,#1690),.UNSPECIFIED.,.F.,
  .F.,(2,2),(0.,1.475745358826),.PIECEWISE_BEZIER_KNOTS.);
#1689 = CARTESIAN_POINT('',(3.664328210582E-17,-0.740989609687));
#1690 = CARTESIAN_POINT('',(1.,-0.740989609687));
#1691 = ( GEOMETRIC_REPRESENTATION_CONTEXT(2) 
PARAMETRIC_REPRESENTATION_CONTEXT() REPRESENTATION_CONTEXT('2D SPACE',''
  ) );
#1692 = PCURVE('',#1693,#1710);
#1693 = B_SPLINE_SURFACE_WITH_KNOTS('',3,3,(
    (#1694,#1695,#1696,#1697)
    ,(#1698,#1699,#1700,#1701)
    ,(#1702,#1703,#1704,#1705)
    ,(#1706,#1707,#1708,#1709
    )),.UNSPECIFIED.,.F.,.F.,.F.,(4,4),(4,4),(0.,1.),(-0.781600065124,
    -0.740989609687),.PIECEWISE_BEZIER_KNOTS.);
#1694 = CARTESIAN_POINT('',(7.955922747459,-1.076567873623,
    0.503805301908));
#1695 = CARTESIAN_POINT('',(7.955922747459,-1.105603395645,
    0.503805301908));
#1696 = CARTESIAN_POINT('',(7.95591831721,-1.134634960023,0.503855939884
    ));
#1697 = CARTESIAN_POINT('',(7.955909166676,-1.163710035588,
    0.503960530961));
#1698 = CARTESIAN_POINT('',(7.593537499876,-1.076567873623,
    0.835870201272));
#1699 = CARTESIAN_POINT('',(7.593537499876,-1.100697710795,
    0.835870201272));
#1700 = CARTESIAN_POINT('',(7.59343761709,-1.124822082973,0.835903959922
    ));
#1701 = CARTESIAN_POINT('',(7.593237907364,-1.148968713341,
    0.835973687307));
#1702 = CARTESIAN_POINT('',(7.231152252294,-1.076567873623,
    1.167935100636));
#1703 = CARTESIAN_POINT('',(7.231152252294,-1.095792025945,
    1.167935100636));
#1704 = CARTESIAN_POINT('',(7.230956916969,-1.115009205922,
    1.167951979961));
#1705 = CARTESIAN_POINT('',(7.230566648052,-1.134227391094,
    1.167986843654));
#1706 = CARTESIAN_POINT('',(6.868767004711,-1.076567873623,1.5));
#1707 = CARTESIAN_POINT('',(6.868767004711,-1.090886341096,1.5));
#1708 = CARTESIAN_POINT('',(6.868476216849,-1.105196328872,1.5));
#1709 = CARTESIAN_POINT('',(6.86789538874,-1.119486068847,1.5));
#1710 = DEFINITIONAL_REPRESENTATION('',(#1711),#1714);
#1711 = B_SPLINE_CURVE_WITH_KNOTS('',1,(#1712,#1713),.UNSPECIFIED.,.F.,
  .F.,(2,2),(0.,1.475745358826),.PIECEWISE_BEZIER_KNOTS.);
#1712 = CARTESIAN_POINT('',(-1.17420343824E-16,-0.740989609687));
#1713 = CARTESIAN_POINT('',(1.,-0.740989609687));
#1714 = ( GEOMETRIC_REPRESENTATION_CONTEXT(2) 
PARAMETRIC_REPRESENTATION_CONTEXT() REPRESENTATION_CONTEXT('2D SPACE',''
  ) );
#1715 = ORIENTED_EDGE('',*,*,#1716,.T.);
#1716 = EDGE_CURVE('',#1679,#1717,#1719,.T.);
#1717 = VERTEX_POINT('',#1718);
#1718 = CARTESIAN_POINT('',(5.869486068847,-2.11789538874,1.5));
#1719 = SURFACE_CURVE('',#1720,(#1726,#1733),.PCURVE_S1.);
#1720 = B_SPLINE_CURVE_WITH_KNOTS('',3,(#1721,#1722,#1723,#1724,#1725),
  .UNSPECIFIED.,.F.,.F.,(4,1,4),(-0.740989609687,-0.105855658527,
    0.740989609687),.QUASI_UNIFORM_KNOTS.);
#1721 = CARTESIAN_POINT('',(6.86789538874,-1.119486068847,1.5));
#1722 = CARTESIAN_POINT('',(6.858811431223,-1.342972826467,1.5));
#1723 = CARTESIAN_POINT('',(6.667792061598,-1.85252427606,1.5));
#1724 = CARTESIAN_POINT('',(6.16746841234,-2.105783445385,1.5));
#1725 = CARTESIAN_POINT('',(5.869486068847,-2.11789538874,1.5));
#1726 = PCURVE('',#1647,#1727);
#1727 = DEFINITIONAL_REPRESENTATION('',(#1728),#1732);
#1728 = LINE('',#1729,#1730);
#1729 = CARTESIAN_POINT('',(1.,-7.771561172376E-16));
#1730 = VECTOR('',#1731,1.);
#1731 = DIRECTION('',(1.048808386889E-15,1.));
#1732 = ( GEOMETRIC_REPRESENTATION_CONTEXT(2) 
PARAMETRIC_REPRESENTATION_CONTEXT() REPRESENTATION_CONTEXT('2D SPACE',''
  ) );
#1733 = PCURVE('',#1734,#1739);
#1734 = PLANE('',#1735);
#1735 = AXIS2_PLACEMENT_3D('',#1736,#1737,#1738);
#1736 = CARTESIAN_POINT('',(0.,0.,1.5));
#1737 = DIRECTION('',(0.,0.,1.));
#1738 = DIRECTION('',(1.,0.,-0.));
#1739 = DEFINITIONAL_REPRESENTATION('',(#1740),#1746);
#1740 = B_SPLINE_CURVE_WITH_KNOTS('',3,(#1741,#1742,#1743,#1744,#1745),
  .UNSPECIFIED.,.F.,.F.,(4,1,4),(-0.740989609687,-0.105855658527,
    0.740989609687),.QUASI_UNIFORM_KNOTS.);
#1741 = CARTESIAN_POINT('',(6.86789538874,-1.119486068847));
#1742 = CARTESIAN_POINT('',(6.858811431223,-1.342972826467));
#1743 = CARTESIAN_POINT('',(6.667792061598,-1.85252427606));
#1744 = CARTESIAN_POINT('',(6.16746841234,-2.105783445385));
#1745 = CARTESIAN_POINT('',(5.869486068847,-2.11789538874));
#1746 = ( GEOMETRIC_REPRESENTATION_CONTEXT(2) 
PARAMETRIC_REPRESENTATION_CONTEXT() REPRESENTATION_CONTEXT('2D SPACE',''
  ) );
#1747 = ORIENTED_EDGE('',*,*,#1748,.T.);
#1748 = EDGE_CURVE('',#1717,#1447,#1749,.T.);
#1749 = SURFACE_CURVE('',#1750,(#1754,#1760),.PCURVE_S1.);
#1750 = LINE('',#1751,#1752);
#1751 = CARTESIAN_POINT('',(5.869486068847,-2.11789538874,1.5));
#1752 = VECTOR('',#1753,1.);
#1753 = DIRECTION('',(2.9967207064E-02,-0.737263899513,-0.674939929902)
  );
#1754 = PCURVE('',#1647,#1755);
#1755 = DEFINITIONAL_REPRESENTATION('',(#1756),#1759);
#1756 = B_SPLINE_CURVE_WITH_KNOTS('',1,(#1757,#1758),.UNSPECIFIED.,.F.,
  .F.,(2,2),(0.,1.475745358826),.PIECEWISE_BEZIER_KNOTS.);
#1757 = CARTESIAN_POINT('',(1.,0.740989609687));
#1758 = CARTESIAN_POINT('',(-1.917858577327E-16,0.740989609687));
#1759 = ( GEOMETRIC_REPRESENTATION_CONTEXT(2) 
PARAMETRIC_REPRESENTATION_CONTEXT() REPRESENTATION_CONTEXT('2D SPACE',''
  ) );
#1760 = PCURVE('',#1761,#1778);
#1761 = B_SPLINE_SURFACE_WITH_KNOTS('',3,3,(
    (#1762,#1763,#1764,#1765)
    ,(#1766,#1767,#1768,#1769)
    ,(#1770,#1771,#1772,#1773)
    ,(#1774,#1775,#1776,#1777
    )),.UNSPECIFIED.,.F.,.F.,.F.,(4,4),(4,4),(0.,1.),(0.740989609687,
    0.781600065124),.PIECEWISE_BEZIER_KNOTS.);
#1762 = CARTESIAN_POINT('',(5.913710035588,-3.205909166676,
    0.503960530961));
#1763 = CARTESIAN_POINT('',(5.884634960023,-3.20591831721,0.503855939884
    ));
#1764 = CARTESIAN_POINT('',(5.855603395645,-3.205922747459,
    0.503805301908));
#1765 = CARTESIAN_POINT('',(5.826567873623,-3.205922747459,
    0.503805301908));
#1766 = CARTESIAN_POINT('',(5.898968713341,-2.843237907364,
    0.835973687307));
#1767 = CARTESIAN_POINT('',(5.874822082973,-2.84343761709,0.835903959922
    ));
#1768 = CARTESIAN_POINT('',(5.850697710795,-2.843537499876,
    0.835870201272));
#1769 = CARTESIAN_POINT('',(5.826567873623,-2.843537499876,
    0.835870201272));
#1770 = CARTESIAN_POINT('',(5.884227391094,-2.480566648052,
    1.167986843654));
#1771 = CARTESIAN_POINT('',(5.865009205922,-2.480956916969,
    1.167951979961));
#1772 = CARTESIAN_POINT('',(5.845792025945,-2.481152252294,
    1.167935100636));
#1773 = CARTESIAN_POINT('',(5.826567873623,-2.481152252294,
    1.167935100636));
#1774 = CARTESIAN_POINT('',(5.869486068847,-2.11789538874,1.5));
#1775 = CARTESIAN_POINT('',(5.855196328872,-2.118476216849,1.5));
#1776 = CARTESIAN_POINT('',(5.840886341095,-2.118767004711,1.5));
#1777 = CARTESIAN_POINT('',(5.826567873623,-2.118767004711,1.5));
#1778 = DEFINITIONAL_REPRESENTATION('',(#1779),#1782);
#1779 = B_SPLINE_CURVE_WITH_KNOTS('',1,(#1780,#1781),.UNSPECIFIED.,.F.,
  .F.,(2,2),(0.,1.475745358826),.PIECEWISE_BEZIER_KNOTS.);
#1780 = CARTESIAN_POINT('',(1.,0.740989609687));
#1781 = CARTESIAN_POINT('',(-7.275804405481E-17,0.740989609687));
#1782 = ( GEOMETRIC_REPRESENTATION_CONTEXT(2) 
PARAMETRIC_REPRESENTATION_CONTEXT() REPRESENTATION_CONTEXT('2D SPACE',''
  ) );
#1783 = ORIENTED_EDGE('',*,*,#1609,.T.);
#1784 = ADVANCED_FACE('',(#1785),#1761,.T.);
#1785 = FACE_BOUND('',#1786,.T.);
#1786 = EDGE_LOOP('',(#1787,#1816,#1839,#1840));
#1787 = ORIENTED_EDGE('',*,*,#1788,.F.);
#1788 = EDGE_CURVE('',#1789,#1791,#1793,.T.);
#1789 = VERTEX_POINT('',#1790);
#1790 = CARTESIAN_POINT('',(5.826567873623,-3.205922747459,
    0.503805301908));
#1791 = VERTEX_POINT('',#1792);
#1792 = CARTESIAN_POINT('',(5.826567873623,-2.118767004711,1.5));
#1793 = SURFACE_CURVE('',#1794,(#1798,#1804),.PCURVE_S1.);
#1794 = LINE('',#1795,#1796);
#1795 = CARTESIAN_POINT('',(5.826567873623,-3.205922747459,
    0.503805301908));
#1796 = VECTOR('',#1797,1.);
#1797 = DIRECTION('',(0.,0.73727733681,0.675590207616));
#1798 = PCURVE('',#1761,#1799);
#1799 = DEFINITIONAL_REPRESENTATION('',(#1800),#1803);
#1800 = B_SPLINE_CURVE_WITH_KNOTS('',1,(#1801,#1802),.UNSPECIFIED.,.F.,
  .F.,(2,2),(0.,1.47455467362),.PIECEWISE_BEZIER_KNOTS.);
#1801 = CARTESIAN_POINT('',(4.690236234248E-15,0.781600065124));
#1802 = CARTESIAN_POINT('',(1.,0.781600065124));
#1803 = ( GEOMETRIC_REPRESENTATION_CONTEXT(2) 
PARAMETRIC_REPRESENTATION_CONTEXT() REPRESENTATION_CONTEXT('2D SPACE',''
  ) );
#1804 = PCURVE('',#1805,#1810);
#1805 = PLANE('',#1806);
#1806 = AXIS2_PLACEMENT_3D('',#1807,#1808,#1809);
#1807 = CARTESIAN_POINT('',(4.,-2.662344876085,1.001902650954));
#1808 = DIRECTION('',(0.,-0.675590207616,0.73727733681));
#1809 = DIRECTION('',(1.,0.,0.));
#1810 = DEFINITIONAL_REPRESENTATION('',(#1811),#1815);
#1811 = LINE('',#1812,#1813);
#1812 = CARTESIAN_POINT('',(1.826567873623,-0.73727733681));
#1813 = VECTOR('',#1814,1.);
#1814 = DIRECTION('',(0.,1.));
#1815 = ( GEOMETRIC_REPRESENTATION_CONTEXT(2) 
PARAMETRIC_REPRESENTATION_CONTEXT() REPRESENTATION_CONTEXT('2D SPACE',''
  ) );
#1816 = ORIENTED_EDGE('',*,*,#1817,.T.);
#1817 = EDGE_CURVE('',#1789,#1447,#1818,.T.);
#1818 = SURFACE_CURVE('',#1819,(#1824,#1831),.PCURVE_S1.);
#1819 = B_SPLINE_CURVE_WITH_KNOTS('',3,(#1820,#1821,#1822,#1823),
  .UNSPECIFIED.,.F.,.F.,(4,4),(-0.781600065124,-0.740989609687),
  .PIECEWISE_BEZIER_KNOTS.);
#1820 = CARTESIAN_POINT('',(5.826567873623,-3.205922747459,
    0.503805301908));
#1821 = CARTESIAN_POINT('',(5.855603395645,-3.205922747459,
    0.503805301908));
#1822 = CARTESIAN_POINT('',(5.884634960023,-3.20591831721,0.503855939884
    ));
#1823 = CARTESIAN_POINT('',(5.913710035588,-3.205909166676,
    0.503960530961));
#1824 = PCURVE('',#1761,#1825);
#1825 = DEFINITIONAL_REPRESENTATION('',(#1826),#1830);
#1826 = LINE('',#1827,#1828);
#1827 = CARTESIAN_POINT('',(7.960646076074E-15,-1.221245327088E-15));
#1828 = VECTOR('',#1829,1.);
#1829 = DIRECTION('',(1.082979035187E-14,-1.));
#1830 = ( GEOMETRIC_REPRESENTATION_CONTEXT(2) 
PARAMETRIC_REPRESENTATION_CONTEXT() REPRESENTATION_CONTEXT('2D SPACE',''
  ) );
#1831 = PCURVE('',#1464,#1832);
#1832 = DEFINITIONAL_REPRESENTATION('',(#1833),#1838);
#1833 = B_SPLINE_CURVE_WITH_KNOTS('',3,(#1834,#1835,#1836,#1837),
  .UNSPECIFIED.,.F.,.F.,(4,4),(-0.781600065124,-0.740989609687),
  .PIECEWISE_BEZIER_KNOTS.);
#1834 = CARTESIAN_POINT('',(-2.173432126377,0.505729756315));
#1835 = CARTESIAN_POINT('',(-2.144396604355,0.505729756315));
#1836 = CARTESIAN_POINT('',(-2.115365039977,0.505780587719));
#1837 = CARTESIAN_POINT('',(-2.086289964412,0.505885578318));
#1838 = ( GEOMETRIC_REPRESENTATION_CONTEXT(2) 
PARAMETRIC_REPRESENTATION_CONTEXT() REPRESENTATION_CONTEXT('2D SPACE',''
  ) );
#1839 = ORIENTED_EDGE('',*,*,#1748,.F.);
#1840 = ORIENTED_EDGE('',*,*,#1841,.T.);
#1841 = EDGE_CURVE('',#1717,#1791,#1842,.T.);
#1842 = SURFACE_CURVE('',#1843,(#1848,#1855),.PCURVE_S1.);
#1843 = B_SPLINE_CURVE_WITH_KNOTS('',3,(#1844,#1845,#1846,#1847),
  .UNSPECIFIED.,.F.,.F.,(4,4),(0.740989609687,0.781600065124),
  .PIECEWISE_BEZIER_KNOTS.);
#1844 = CARTESIAN_POINT('',(5.869486068847,-2.11789538874,1.5));
#1845 = CARTESIAN_POINT('',(5.855196328872,-2.118476216849,1.5));
#1846 = CARTESIAN_POINT('',(5.840886341095,-2.118767004711,1.5));
#1847 = CARTESIAN_POINT('',(5.826567873623,-2.118767004711,1.5));
#1848 = PCURVE('',#1761,#1849);
#1849 = DEFINITIONAL_REPRESENTATION('',(#1850),#1854);
#1850 = LINE('',#1851,#1852);
#1851 = CARTESIAN_POINT('',(1.,-1.110223024625E-15));
#1852 = VECTOR('',#1853,1.);
#1853 = DIRECTION('',(-8.201506331374E-15,1.));
#1854 = ( GEOMETRIC_REPRESENTATION_CONTEXT(2) 
PARAMETRIC_REPRESENTATION_CONTEXT() REPRESENTATION_CONTEXT('2D SPACE',''
  ) );
#1855 = PCURVE('',#1734,#1856);
#1856 = DEFINITIONAL_REPRESENTATION('',(#1857),#1862);
#1857 = B_SPLINE_CURVE_WITH_KNOTS('',3,(#1858,#1859,#1860,#1861),
  .UNSPECIFIED.,.F.,.F.,(4,4),(0.740989609687,0.781600065124),
  .PIECEWISE_BEZIER_KNOTS.);
#1858 = CARTESIAN_POINT('',(5.869486068847,-2.11789538874));
#1859 = CARTESIAN_POINT('',(5.855196328872,-2.118476216849));
#1860 = CARTESIAN_POINT('',(5.840886341095,-2.118767004711));
#1861 = CARTESIAN_POINT('',(5.826567873623,-2.118767004711));
#1862 = ( GEOMETRIC_REPRESENTATION_CONTEXT(2) 
PARAMETRIC_REPRESENTATION_CONTEXT() REPRESENTATION_CONTEXT('2D SPACE',''
  ) );
#1863 = ADVANCED_FACE('',(#1864),#1805,.T.);
#1864 = FACE_BOUND('',#1865,.T.);
#1865 = EDGE_LOOP('',(#1866,#1923,#1946,#1985,#2006,#2007));
#1866 = ORIENTED_EDGE('',*,*,#1867,.T.);
#1867 = EDGE_CURVE('',#1868,#1870,#1872,.T.);
#1868 = VERTEX_POINT('',#1869);
#1869 = CARTESIAN_POINT('',(5.345211095074,-2.118767004711,1.5));
#1870 = VERTEX_POINT('',#1871);
#1871 = CARTESIAN_POINT('',(-5.345211095074,-2.118767004711,1.5));
#1872 = SURFACE_CURVE('',#1873,(#1878,#1889),.PCURVE_S1.);
#1873 = CIRCLE('',#1874,25.552234539079);
#1874 = AXIS2_PLACEMENT_3D('',#1875,#1876,#1877);
#1875 = CARTESIAN_POINT('',(0.,16.303511574223,18.380908158311));
#1876 = DIRECTION('',(0.,0.675590207616,-0.73727733681));
#1877 = DIRECTION('',(0.,0.73727733681,0.675590207616));
#1878 = PCURVE('',#1805,#1879);
#1879 = DEFINITIONAL_REPRESENTATION('',(#1880),#1888);
#1880 = ( BOUNDED_CURVE() B_SPLINE_CURVE(2,(#1881,#1882,#1883,#1884,
#1885,#1886,#1887),.UNSPECIFIED.,.T.,.F.) B_SPLINE_CURVE_WITH_KNOTS((1,2
    ,2,2,2,1),(-2.094395102393,0.,2.094395102393,4.188790204786,
6.28318530718,8.377580409573),.UNSPECIFIED.) CURVE() 
GEOMETRIC_REPRESENTATION_ITEM() RATIONAL_B_SPLINE_CURVE((1.,0.5,1.,0.5,
1.,0.5,1.)) REPRESENTATION_ITEM('') );
#1881 = CARTESIAN_POINT('',(-4.,51.276416611953));
#1882 = CARTESIAN_POINT('',(40.2577684686,51.276416611953));
#1883 = CARTESIAN_POINT('',(18.1288842343,12.948064803336));
#1884 = CARTESIAN_POINT('',(-4.,-25.38028700528));
#1885 = CARTESIAN_POINT('',(-26.1288842343,12.948064803336));
#1886 = CARTESIAN_POINT('',(-48.2577684686,51.276416611953));
#1887 = CARTESIAN_POINT('',(-4.,51.276416611953));
#1888 = ( GEOMETRIC_REPRESENTATION_CONTEXT(2) 
PARAMETRIC_REPRESENTATION_CONTEXT() REPRESENTATION_CONTEXT('2D SPACE',''
  ) );
#1889 = PCURVE('',#1890,#1895);
#1890 = SPHERICAL_SURFACE('',#1891,40.45);
#1891 = AXIS2_PLACEMENT_3D('',#1892,#1893,#1894);
#1892 = CARTESIAN_POINT('',(0.,-4.881232995289,41.5));
#1893 = DIRECTION('',(4.391487860075E-17,0.,1.));
#1894 = DIRECTION('',(1.,0.,-4.391487860075E-17));
#1895 = DEFINITIONAL_REPRESENTATION('',(#1896),#1922);
#1896 = B_SPLINE_CURVE_WITH_KNOTS('',3,(#1897,#1898,#1899,#1900,#1901,
    #1902,#1903,#1904,#1905,#1906,#1907,#1908,#1909,#1910,#1911,#1912,
    #1913,#1914,#1915,#1916,#1917,#1918,#1919,#1920,#1921),
  .UNSPECIFIED.,.F.,.F.,(4,1,1,1,1,1,1,1,1,1,1,1,1,1,1,1,1,1,1,1,1,1,4),
  (2.930848529248,2.950007086006,2.969165642764,2.988324199523,
    3.007482756281,3.026641313039,3.045799869798,3.064958426556,
    3.084116983315,3.103275540073,3.122434096831,3.14159265359,
    3.160751210348,3.179909767107,3.199068323865,3.218226880623,
    3.237385437382,3.25654399414,3.275702550899,3.294861107657,
    3.314019664415,3.333178221174,3.352336777932),
  .QUASI_UNIFORM_KNOTS.);
#1897 = CARTESIAN_POINT('',(0.477006093305,-1.421494391564));
#1898 = CARTESIAN_POINT('',(0.48550225497,-1.425325819986));
#1899 = CARTESIAN_POINT('',(0.504037809594,-1.432943606259));
#1900 = CARTESIAN_POINT('',(0.538194460672,-1.444173404224));
#1901 = CARTESIAN_POINT('',(0.580227596407,-1.455152862891));
#1902 = CARTESIAN_POINT('',(0.632361991391,-1.465799782807));
#1903 = CARTESIAN_POINT('',(0.697488302507,-1.476000896411));
#1904 = CARTESIAN_POINT('',(0.779377930198,-1.485594567246));
#1905 = CARTESIAN_POINT('',(0.88268838723,-1.49435060136));
#1906 = CARTESIAN_POINT('',(1.012499643332,-1.501946171786));
#1907 = CARTESIAN_POINT('',(1.1726565282,-1.50795192367));
#1908 = CARTESIAN_POINT('',(1.362168241241,-1.511863522497));
#1909 = CARTESIAN_POINT('',(1.570796326795,-1.513230178596));
#1910 = CARTESIAN_POINT('',(1.779424412349,-1.511863522497));
#1911 = CARTESIAN_POINT('',(1.96893612539,-1.50795192367));
#1912 = CARTESIAN_POINT('',(2.129093010258,-1.501946171786));
#1913 = CARTESIAN_POINT('',(2.25890426636,-1.49435060136));
#1914 = CARTESIAN_POINT('',(2.362214723391,-1.485594567246));
#1915 = CARTESIAN_POINT('',(2.444104351083,-1.476000896411));
#1916 = CARTESIAN_POINT('',(2.509230662198,-1.465799782807));
#1917 = CARTESIAN_POINT('',(2.561365057182,-1.455152862891));
#1918 = CARTESIAN_POINT('',(2.603398192918,-1.444173404224));
#1919 = CARTESIAN_POINT('',(2.637554843995,-1.432943606259));
#1920 = CARTESIAN_POINT('',(2.65609039862,-1.425325819986));
#1921 = CARTESIAN_POINT('',(2.664586560285,-1.421494391564));
#1922 = ( GEOMETRIC_REPRESENTATION_CONTEXT(2) 
PARAMETRIC_REPRESENTATION_CONTEXT() REPRESENTATION_CONTEXT('2D SPACE',''
  ) );
#1923 = ORIENTED_EDGE('',*,*,#1924,.T.);
#1924 = EDGE_CURVE('',#1870,#1925,#1927,.T.);
#1925 = VERTEX_POINT('',#1926);
#1926 = CARTESIAN_POINT('',(-5.826567873623,-2.118767004711,1.5));
#1927 = SURFACE_CURVE('',#1928,(#1932,#1939),.PCURVE_S1.);
#1928 = LINE('',#1929,#1930);
#1929 = CARTESIAN_POINT('',(4.,-2.118767004711,1.5));
#1930 = VECTOR('',#1931,1.);
#1931 = DIRECTION('',(-1.,0.,0.));
#1932 = PCURVE('',#1805,#1933);
#1933 = DEFINITIONAL_REPRESENTATION('',(#1934),#1938);
#1934 = LINE('',#1935,#1936);
#1935 = CARTESIAN_POINT('',(0.,0.73727733681));
#1936 = VECTOR('',#1937,1.);
#1937 = DIRECTION('',(-1.,0.));
#1938 = ( GEOMETRIC_REPRESENTATION_CONTEXT(2) 
PARAMETRIC_REPRESENTATION_CONTEXT() REPRESENTATION_CONTEXT('2D SPACE',''
  ) );
#1939 = PCURVE('',#1734,#1940);
#1940 = DEFINITIONAL_REPRESENTATION('',(#1941),#1945);
#1941 = LINE('',#1942,#1943);
#1942 = CARTESIAN_POINT('',(4.,-2.118767004711));
#1943 = VECTOR('',#1944,1.);
#1944 = DIRECTION('',(-1.,0.));
#1945 = ( GEOMETRIC_REPRESENTATION_CONTEXT(2) 
PARAMETRIC_REPRESENTATION_CONTEXT() REPRESENTATION_CONTEXT('2D SPACE',''
  ) );
#1946 = ORIENTED_EDGE('',*,*,#1947,.T.);
#1947 = EDGE_CURVE('',#1925,#1948,#1950,.T.);
#1948 = VERTEX_POINT('',#1949);
#1949 = CARTESIAN_POINT('',(-5.826567873623,-3.205922747459,
    0.503805301908));
#1950 = SURFACE_CURVE('',#1951,(#1955,#1962),.PCURVE_S1.);
#1951 = LINE('',#1952,#1953);
#1952 = CARTESIAN_POINT('',(-5.826567873623,-2.118767004711,1.5));
#1953 = VECTOR('',#1954,1.);
#1954 = DIRECTION('',(0.,-0.73727733681,-0.675590207616));
#1955 = PCURVE('',#1805,#1956);
#1956 = DEFINITIONAL_REPRESENTATION('',(#1957),#1961);
#1957 = LINE('',#1958,#1959);
#1958 = CARTESIAN_POINT('',(-9.826567873623,0.73727733681));
#1959 = VECTOR('',#1960,1.);
#1960 = DIRECTION('',(0.,-1.));
#1961 = ( GEOMETRIC_REPRESENTATION_CONTEXT(2) 
PARAMETRIC_REPRESENTATION_CONTEXT() REPRESENTATION_CONTEXT('2D SPACE',''
  ) );
#1962 = PCURVE('',#1963,#1980);
#1963 = B_SPLINE_SURFACE_WITH_KNOTS('',3,3,(
    (#1964,#1965,#1966,#1967)
    ,(#1968,#1969,#1970,#1971)
    ,(#1972,#1973,#1974,#1975)
    ,(#1976,#1977,#1978,#1979
    )),.UNSPECIFIED.,.F.,.F.,.F.,(4,4),(4,4),(0.,1.),(-0.781600065124,
    -0.740989609687),.PIECEWISE_BEZIER_KNOTS.);
#1964 = CARTESIAN_POINT('',(-5.826567873623,-3.205922747459,
    0.503805301908));
#1965 = CARTESIAN_POINT('',(-5.855603395645,-3.205922747459,
    0.503805301908));
#1966 = CARTESIAN_POINT('',(-5.884634960023,-3.20591831721,
    0.503855939884));
#1967 = CARTESIAN_POINT('',(-5.913710035588,-3.205909166676,
    0.503960530961));
#1968 = CARTESIAN_POINT('',(-5.826567873623,-2.843537499876,
    0.835870201272));
#1969 = CARTESIAN_POINT('',(-5.850697710795,-2.843537499876,
    0.835870201272));
#1970 = CARTESIAN_POINT('',(-5.874822082973,-2.84343761709,
    0.835903959922));
#1971 = CARTESIAN_POINT('',(-5.898968713341,-2.843237907364,
    0.835973687307));
#1972 = CARTESIAN_POINT('',(-5.826567873623,-2.481152252294,
    1.167935100636));
#1973 = CARTESIAN_POINT('',(-5.845792025945,-2.481152252294,
    1.167935100636));
#1974 = CARTESIAN_POINT('',(-5.865009205922,-2.480956916969,
    1.167951979961));
#1975 = CARTESIAN_POINT('',(-5.884227391094,-2.480566648052,
    1.167986843654));
#1976 = CARTESIAN_POINT('',(-5.826567873623,-2.118767004711,1.5));
#1977 = CARTESIAN_POINT('',(-5.840886341096,-2.118767004711,1.5));
#1978 = CARTESIAN_POINT('',(-5.855196328872,-2.118476216849,1.5));
#1979 = CARTESIAN_POINT('',(-5.869486068847,-2.11789538874,1.5));
#1980 = DEFINITIONAL_REPRESENTATION('',(#1981),#1984);
#1981 = B_SPLINE_CURVE_WITH_KNOTS('',1,(#1982,#1983),.UNSPECIFIED.,.F.,
  .F.,(2,2),(0.,1.47455467362),.PIECEWISE_BEZIER_KNOTS.);
#1982 = CARTESIAN_POINT('',(1.,-0.781600065124));
#1983 = CARTESIAN_POINT('',(5.037995267759E-15,-0.781600065124));
#1984 = ( GEOMETRIC_REPRESENTATION_CONTEXT(2) 
PARAMETRIC_REPRESENTATION_CONTEXT() REPRESENTATION_CONTEXT('2D SPACE',''
  ) );
#1985 = ORIENTED_EDGE('',*,*,#1986,.T.);
#1986 = EDGE_CURVE('',#1948,#1789,#1987,.T.);
#1987 = SURFACE_CURVE('',#1988,(#1992,#1999),.PCURVE_S1.);
#1988 = LINE('',#1989,#1990);
#1989 = CARTESIAN_POINT('',(4.,-3.205922747459,0.503805301908));
#1990 = VECTOR('',#1991,1.);
#1991 = DIRECTION('',(1.,0.,0.));
#1992 = PCURVE('',#1805,#1993);
#1993 = DEFINITIONAL_REPRESENTATION('',(#1994),#1998);
#1994 = LINE('',#1995,#1996);
#1995 = CARTESIAN_POINT('',(0.,-0.73727733681));
#1996 = VECTOR('',#1997,1.);
#1997 = DIRECTION('',(1.,0.));
#1998 = ( GEOMETRIC_REPRESENTATION_CONTEXT(2) 
PARAMETRIC_REPRESENTATION_CONTEXT() REPRESENTATION_CONTEXT('2D SPACE',''
  ) );
#1999 = PCURVE('',#1464,#2000);
#2000 = DEFINITIONAL_REPRESENTATION('',(#2001),#2005);
#2001 = LINE('',#2002,#2003);
#2002 = CARTESIAN_POINT('',(-4.,0.505729756315));
#2003 = VECTOR('',#2004,1.);
#2004 = DIRECTION('',(1.,0.));
#2005 = ( GEOMETRIC_REPRESENTATION_CONTEXT(2) 
PARAMETRIC_REPRESENTATION_CONTEXT() REPRESENTATION_CONTEXT('2D SPACE',''
  ) );
#2006 = ORIENTED_EDGE('',*,*,#1788,.T.);
#2007 = ORIENTED_EDGE('',*,*,#2008,.T.);
#2008 = EDGE_CURVE('',#1791,#1868,#2009,.T.);
#2009 = SURFACE_CURVE('',#2010,(#2014,#2021),.PCURVE_S1.);
#2010 = LINE('',#2011,#2012);
#2011 = CARTESIAN_POINT('',(4.,-2.118767004711,1.5));
#2012 = VECTOR('',#2013,1.);
#2013 = DIRECTION('',(-1.,0.,0.));
#2014 = PCURVE('',#1805,#2015);
#2015 = DEFINITIONAL_REPRESENTATION('',(#2016),#2020);
#2016 = LINE('',#2017,#2018);
#2017 = CARTESIAN_POINT('',(0.,0.73727733681));
#2018 = VECTOR('',#2019,1.);
#2019 = DIRECTION('',(-1.,0.));
#2020 = ( GEOMETRIC_REPRESENTATION_CONTEXT(2) 
PARAMETRIC_REPRESENTATION_CONTEXT() REPRESENTATION_CONTEXT('2D SPACE',''
  ) );
#2021 = PCURVE('',#1734,#2022);
#2022 = DEFINITIONAL_REPRESENTATION('',(#2023),#2027);
#2023 = LINE('',#2024,#2025);
#2024 = CARTESIAN_POINT('',(4.,-2.118767004711));
#2025 = VECTOR('',#2026,1.);
#2026 = DIRECTION('',(-1.,0.));
#2027 = ( GEOMETRIC_REPRESENTATION_CONTEXT(2) 
PARAMETRIC_REPRESENTATION_CONTEXT() REPRESENTATION_CONTEXT('2D SPACE',''
  ) );
#2028 = ADVANCED_FACE('',(#2029),#1963,.T.);
#2029 = FACE_BOUND('',#2030,.T.);
#2030 = EDGE_LOOP('',(#2031,#2075,#2098,#2099));
#2031 = ORIENTED_EDGE('',*,*,#2032,.F.);
#2032 = EDGE_CURVE('',#2033,#2035,#2037,.T.);
#2033 = VERTEX_POINT('',#2034);
#2034 = CARTESIAN_POINT('',(-5.913710035588,-3.205909166676,
    0.503960530961));
#2035 = VERTEX_POINT('',#2036);
#2036 = CARTESIAN_POINT('',(-5.869486068847,-2.11789538874,1.5));
#2037 = SURFACE_CURVE('',#2038,(#2042,#2048),.PCURVE_S1.);
#2038 = LINE('',#2039,#2040);
#2039 = CARTESIAN_POINT('',(-5.913710035588,-3.205909166676,
    0.503960530961));
#2040 = VECTOR('',#2041,1.);
#2041 = DIRECTION('',(2.9967207064E-02,0.737263899513,0.674939929902));
#2042 = PCURVE('',#1963,#2043);
#2043 = DEFINITIONAL_REPRESENTATION('',(#2044),#2047);
#2044 = B_SPLINE_CURVE_WITH_KNOTS('',1,(#2045,#2046),.UNSPECIFIED.,.F.,
  .F.,(2,2),(0.,1.475745358826),.PIECEWISE_BEZIER_KNOTS.);
#2045 = CARTESIAN_POINT('',(4.146312226571E-17,-0.740989609687));
#2046 = CARTESIAN_POINT('',(1.,-0.740989609687));
#2047 = ( GEOMETRIC_REPRESENTATION_CONTEXT(2) 
PARAMETRIC_REPRESENTATION_CONTEXT() REPRESENTATION_CONTEXT('2D SPACE',''
  ) );
#2048 = PCURVE('',#2049,#2070);
#2049 = B_SPLINE_SURFACE_WITH_KNOTS('',3,3,(
    (#2050,#2051,#2052,#2053,#2054)
    ,(#2055,#2056,#2057,#2058,#2059)
    ,(#2060,#2061,#2062,#2063,#2064)
    ,(#2065,#2066,#2067,#2068,#2069
    )),.UNSPECIFIED.,.F.,.F.,.F.,(4,4),(4,1,4),(0.,1.),(-0.740989609687,
    0.105855658527,0.740989609687),.UNSPECIFIED.);
#2050 = CARTESIAN_POINT('',(-5.913710035588,-3.205909166676,
    0.503960530961));
#2051 = CARTESIAN_POINT('',(-6.520009322322,-3.205718351627,
    0.506141556957));
#2052 = CARTESIAN_POINT('',(-7.587916221037,-2.69667056173,
    0.509278466339));
#2053 = CARTESIAN_POINT('',(-7.955766055389,-1.618434500639,
    0.505596300458));
#2054 = CARTESIAN_POINT('',(-7.955909166676,-1.163710035588,
    0.503960530961));
#2055 = CARTESIAN_POINT('',(-5.898968713341,-2.843237907364,
    0.835973687307));
#2056 = CARTESIAN_POINT('',(-6.402495685661,-2.839073382879,
    0.837427704638));
#2057 = CARTESIAN_POINT('',(-7.28126660472,-2.415340358331,
    0.839518977559));
#2058 = CARTESIAN_POINT('',(-7.590114514001,-1.526613942581,
    0.837064200306));
#2059 = CARTESIAN_POINT('',(-7.593237907364,-1.148968713341,
    0.835973687307));
#2060 = CARTESIAN_POINT('',(-5.884227391094,-2.480566648052,
    1.167986843654));
#2061 = CARTESIAN_POINT('',(-6.284982049001,-2.472428414132,
    1.168713852319));
#2062 = CARTESIAN_POINT('',(-6.974616988404,-2.134010154933,
    1.16975948878));
#2063 = CARTESIAN_POINT('',(-7.224462972612,-1.434793384524,
    1.168532100153));
#2064 = CARTESIAN_POINT('',(-7.230566648052,-1.134227391094,
    1.167986843654));
#2065 = CARTESIAN_POINT('',(-5.869486068847,-2.11789538874,1.5));
#2066 = CARTESIAN_POINT('',(-6.16746841234,-2.105783445385,1.5));
#2067 = CARTESIAN_POINT('',(-6.667967372088,-1.852679951535,1.5));
#2068 = CARTESIAN_POINT('',(-6.858811431223,-1.342972826467,1.5));
#2069 = CARTESIAN_POINT('',(-6.86789538874,-1.119486068847,1.5));
#2070 = DEFINITIONAL_REPRESENTATION('',(#2071),#2074);
#2071 = B_SPLINE_CURVE_WITH_KNOTS('',1,(#2072,#2073),.UNSPECIFIED.,.F.,
  .F.,(2,2),(0.,1.475745358826),.PIECEWISE_BEZIER_KNOTS.);
#2072 = CARTESIAN_POINT('',(1.746975553352E-17,-0.740989609687));
#2073 = CARTESIAN_POINT('',(1.,-0.740989609687));
#2074 = ( GEOMETRIC_REPRESENTATION_CONTEXT(2) 
PARAMETRIC_REPRESENTATION_CONTEXT() REPRESENTATION_CONTEXT('2D SPACE',''
  ) );
#2075 = ORIENTED_EDGE('',*,*,#2076,.T.);
#2076 = EDGE_CURVE('',#2033,#1948,#2077,.T.);
#2077 = SURFACE_CURVE('',#2078,(#2083,#2090),.PCURVE_S1.);
#2078 = B_SPLINE_CURVE_WITH_KNOTS('',3,(#2079,#2080,#2081,#2082),
  .UNSPECIFIED.,.F.,.F.,(4,4),(0.740989609687,0.781600065124),
  .PIECEWISE_BEZIER_KNOTS.);
#2079 = CARTESIAN_POINT('',(-5.913710035588,-3.205909166676,
    0.503960530961));
#2080 = CARTESIAN_POINT('',(-5.884634960023,-3.20591831721,
    0.503855939884));
#2081 = CARTESIAN_POINT('',(-5.855603395645,-3.205922747459,
    0.503805301908));
#2082 = CARTESIAN_POINT('',(-5.826567873623,-3.205922747459,
    0.503805301908));
#2083 = PCURVE('',#1963,#2084);
#2084 = DEFINITIONAL_REPRESENTATION('',(#2085),#2089);
#2085 = LINE('',#2086,#2087);
#2086 = CARTESIAN_POINT('',(-2.195891296868E-15,2.22044604925E-16));
#2087 = VECTOR('',#2088,1.);
#2088 = DIRECTION('',(1.751189351939E-15,-1.));
#2089 = ( GEOMETRIC_REPRESENTATION_CONTEXT(2) 
PARAMETRIC_REPRESENTATION_CONTEXT() REPRESENTATION_CONTEXT('2D SPACE',''
  ) );
#2090 = PCURVE('',#1464,#2091);
#2091 = DEFINITIONAL_REPRESENTATION('',(#2092),#2097);
#2092 = B_SPLINE_CURVE_WITH_KNOTS('',3,(#2093,#2094,#2095,#2096),
  .UNSPECIFIED.,.F.,.F.,(4,4),(0.740989609687,0.781600065124),
  .PIECEWISE_BEZIER_KNOTS.);
#2093 = CARTESIAN_POINT('',(-13.91371003558,0.505885578318));
#2094 = CARTESIAN_POINT('',(-13.88463496002,0.505780587719));
#2095 = CARTESIAN_POINT('',(-13.85560339564,0.505729756315));
#2096 = CARTESIAN_POINT('',(-13.82656787362,0.505729756315));
#2097 = ( GEOMETRIC_REPRESENTATION_CONTEXT(2) 
PARAMETRIC_REPRESENTATION_CONTEXT() REPRESENTATION_CONTEXT('2D SPACE',''
  ) );
#2098 = ORIENTED_EDGE('',*,*,#1947,.F.);
#2099 = ORIENTED_EDGE('',*,*,#2100,.T.);
#2100 = EDGE_CURVE('',#1925,#2035,#2101,.T.);
#2101 = SURFACE_CURVE('',#2102,(#2107,#2114),.PCURVE_S1.);
#2102 = B_SPLINE_CURVE_WITH_KNOTS('',3,(#2103,#2104,#2105,#2106),
  .UNSPECIFIED.,.F.,.F.,(4,4),(-0.781600065124,-0.740989609687),
  .PIECEWISE_BEZIER_KNOTS.);
#2103 = CARTESIAN_POINT('',(-5.826567873623,-2.118767004711,1.5));
#2104 = CARTESIAN_POINT('',(-5.840886341096,-2.118767004711,1.5));
#2105 = CARTESIAN_POINT('',(-5.855196328872,-2.118476216849,1.5));
#2106 = CARTESIAN_POINT('',(-5.869486068847,-2.11789538874,1.5));
#2107 = PCURVE('',#1963,#2108);
#2108 = DEFINITIONAL_REPRESENTATION('',(#2109),#2113);
#2109 = LINE('',#2110,#2111);
#2110 = CARTESIAN_POINT('',(1.,3.330669073875E-16));
#2111 = VECTOR('',#2112,1.);
#2112 = DIRECTION('',(-8.201506331373E-15,1.));
#2113 = ( GEOMETRIC_REPRESENTATION_CONTEXT(2) 
PARAMETRIC_REPRESENTATION_CONTEXT() REPRESENTATION_CONTEXT('2D SPACE',''
  ) );
#2114 = PCURVE('',#1734,#2115);
#2115 = DEFINITIONAL_REPRESENTATION('',(#2116),#2121);
#2116 = B_SPLINE_CURVE_WITH_KNOTS('',3,(#2117,#2118,#2119,#2120),
  .UNSPECIFIED.,.F.,.F.,(4,4),(-0.781600065124,-0.740989609687),
  .PIECEWISE_BEZIER_KNOTS.);
#2117 = CARTESIAN_POINT('',(-5.826567873623,-2.118767004711));
#2118 = CARTESIAN_POINT('',(-5.840886341096,-2.118767004711));
#2119 = CARTESIAN_POINT('',(-5.855196328872,-2.118476216849));
#2120 = CARTESIAN_POINT('',(-5.869486068847,-2.11789538874));
#2121 = ( GEOMETRIC_REPRESENTATION_CONTEXT(2) 
PARAMETRIC_REPRESENTATION_CONTEXT() REPRESENTATION_CONTEXT('2D SPACE',''
  ) );
#2122 = ADVANCED_FACE('',(#2123),#2049,.T.);
#2123 = FACE_BOUND('',#2124,.T.);
#2124 = EDGE_LOOP('',(#2125,#2126,#2153,#2191));
#2125 = ORIENTED_EDGE('',*,*,#2032,.T.);
#2126 = ORIENTED_EDGE('',*,*,#2127,.T.);
#2127 = EDGE_CURVE('',#2035,#2128,#2130,.T.);
#2128 = VERTEX_POINT('',#2129);
#2129 = CARTESIAN_POINT('',(-6.86789538874,-1.119486068847,1.5));
#2130 = SURFACE_CURVE('',#2131,(#2137,#2144),.PCURVE_S1.);
#2131 = B_SPLINE_CURVE_WITH_KNOTS('',3,(#2132,#2133,#2134,#2135,#2136),
  .UNSPECIFIED.,.F.,.F.,(4,1,4),(-0.740989609687,0.105855658527,
    0.740989609687),.UNSPECIFIED.);
#2132 = CARTESIAN_POINT('',(-5.869486068847,-2.11789538874,1.5));
#2133 = CARTESIAN_POINT('',(-6.16746841234,-2.105783445385,1.5));
#2134 = CARTESIAN_POINT('',(-6.667967372088,-1.852679951535,1.5));
#2135 = CARTESIAN_POINT('',(-6.858811431223,-1.342972826467,1.5));
#2136 = CARTESIAN_POINT('',(-6.86789538874,-1.119486068847,1.5));
#2137 = PCURVE('',#2049,#2138);
#2138 = DEFINITIONAL_REPRESENTATION('',(#2139),#2143);
#2139 = LINE('',#2140,#2141);
#2140 = CARTESIAN_POINT('',(1.,2.22044604925E-16));
#2141 = VECTOR('',#2142,1.);
#2142 = DIRECTION('',(2.247446543334E-16,1.));
#2143 = ( GEOMETRIC_REPRESENTATION_CONTEXT(2) 
PARAMETRIC_REPRESENTATION_CONTEXT() REPRESENTATION_CONTEXT('2D SPACE',''
  ) );
#2144 = PCURVE('',#1734,#2145);
#2145 = DEFINITIONAL_REPRESENTATION('',(#2146),#2152);
#2146 = B_SPLINE_CURVE_WITH_KNOTS('',3,(#2147,#2148,#2149,#2150,#2151),
  .UNSPECIFIED.,.F.,.F.,(4,1,4),(-0.740989609687,0.105855658527,
    0.740989609687),.UNSPECIFIED.);
#2147 = CARTESIAN_POINT('',(-5.869486068847,-2.11789538874));
#2148 = CARTESIAN_POINT('',(-6.16746841234,-2.105783445385));
#2149 = CARTESIAN_POINT('',(-6.667967372088,-1.852679951535));
#2150 = CARTESIAN_POINT('',(-6.858811431223,-1.342972826467));
#2151 = CARTESIAN_POINT('',(-6.86789538874,-1.119486068847));
#2152 = ( GEOMETRIC_REPRESENTATION_CONTEXT(2) 
PARAMETRIC_REPRESENTATION_CONTEXT() REPRESENTATION_CONTEXT('2D SPACE',''
  ) );
#2153 = ORIENTED_EDGE('',*,*,#2154,.T.);
#2154 = EDGE_CURVE('',#2128,#2155,#2157,.T.);
#2155 = VERTEX_POINT('',#2156);
#2156 = CARTESIAN_POINT('',(-7.955909166676,-1.163710035588,
    0.503960530961));
#2157 = SURFACE_CURVE('',#2158,(#2162,#2168),.PCURVE_S1.);
#2158 = LINE('',#2159,#2160);
#2159 = CARTESIAN_POINT('',(-6.86789538874,-1.119486068847,1.5));
#2160 = VECTOR('',#2161,1.);
#2161 = DIRECTION('',(-0.737263899513,-2.9967207064E-02,-0.674939929902)
  );
#2162 = PCURVE('',#2049,#2163);
#2163 = DEFINITIONAL_REPRESENTATION('',(#2164),#2167);
#2164 = B_SPLINE_CURVE_WITH_KNOTS('',1,(#2165,#2166),.UNSPECIFIED.,.F.,
  .F.,(2,2),(-0.,1.475745358826),.PIECEWISE_BEZIER_KNOTS.);
#2165 = CARTESIAN_POINT('',(1.,0.740989609687));
#2166 = CARTESIAN_POINT('',(2.68122012548E-17,0.740989609687));
#2167 = ( GEOMETRIC_REPRESENTATION_CONTEXT(2) 
PARAMETRIC_REPRESENTATION_CONTEXT() REPRESENTATION_CONTEXT('2D SPACE',''
  ) );
#2168 = PCURVE('',#2169,#2186);
#2169 = B_SPLINE_SURFACE_WITH_KNOTS('',3,3,(
    (#2170,#2171,#2172,#2173)
    ,(#2174,#2175,#2176,#2177)
    ,(#2178,#2179,#2180,#2181)
    ,(#2182,#2183,#2184,#2185
    )),.UNSPECIFIED.,.F.,.F.,.F.,(4,4),(4,4),(0.,1.),(0.740989609687,
    0.781600065124),.PIECEWISE_BEZIER_KNOTS.);
#2170 = CARTESIAN_POINT('',(-7.955909166676,-1.163710035588,
    0.503960530961));
#2171 = CARTESIAN_POINT('',(-7.95591831721,-1.134634960023,
    0.503855939884));
#2172 = CARTESIAN_POINT('',(-7.955922747459,-1.105603395645,
    0.503805301908));
#2173 = CARTESIAN_POINT('',(-7.955922747459,-1.076567873623,
    0.503805301908));
#2174 = CARTESIAN_POINT('',(-7.593237907364,-1.148968713341,
    0.835973687307));
#2175 = CARTESIAN_POINT('',(-7.59343761709,-1.124822082973,
    0.835903959922));
#2176 = CARTESIAN_POINT('',(-7.593537499876,-1.100697710795,
    0.835870201272));
#2177 = CARTESIAN_POINT('',(-7.593537499876,-1.076567873623,
    0.835870201272));
#2178 = CARTESIAN_POINT('',(-7.230566648052,-1.134227391094,
    1.167986843654));
#2179 = CARTESIAN_POINT('',(-7.230956916969,-1.115009205922,
    1.167951979961));
#2180 = CARTESIAN_POINT('',(-7.231152252294,-1.095792025945,
    1.167935100636));
#2181 = CARTESIAN_POINT('',(-7.231152252294,-1.076567873623,
    1.167935100636));
#2182 = CARTESIAN_POINT('',(-6.86789538874,-1.119486068847,1.5));
#2183 = CARTESIAN_POINT('',(-6.868476216849,-1.105196328872,1.5));
#2184 = CARTESIAN_POINT('',(-6.868767004711,-1.090886341096,1.5));
#2185 = CARTESIAN_POINT('',(-6.868767004711,-1.076567873623,1.5));
#2186 = DEFINITIONAL_REPRESENTATION('',(#2187),#2190);
#2187 = B_SPLINE_CURVE_WITH_KNOTS('',1,(#2188,#2189),.UNSPECIFIED.,.F.,
  .F.,(2,2),(-0.,1.475745358826),.PIECEWISE_BEZIER_KNOTS.);
#2188 = CARTESIAN_POINT('',(1.,0.740989609687));
#2189 = CARTESIAN_POINT('',(1.043146217928E-15,0.740989609687));
#2190 = ( GEOMETRIC_REPRESENTATION_CONTEXT(2) 
PARAMETRIC_REPRESENTATION_CONTEXT() REPRESENTATION_CONTEXT('2D SPACE',''
  ) );
#2191 = ORIENTED_EDGE('',*,*,#2192,.T.);
#2192 = EDGE_CURVE('',#2155,#2033,#2193,.T.);
#2193 = SURFACE_CURVE('',#2194,(#2200,#2207),.PCURVE_S1.);
#2194 = B_SPLINE_CURVE_WITH_KNOTS('',3,(#2195,#2196,#2197,#2198,#2199),
  .UNSPECIFIED.,.F.,.F.,(4,1,4),(-0.740989609687,-0.105855658527,
    0.740989609687),.UNSPECIFIED.);
#2195 = CARTESIAN_POINT('',(-7.955909166676,-1.163710035588,
    0.503960530961));
#2196 = CARTESIAN_POINT('',(-7.955766055389,-1.618434500639,
    0.505596300458));
#2197 = CARTESIAN_POINT('',(-7.587916221037,-2.69667056173,
    0.509278466339));
#2198 = CARTESIAN_POINT('',(-6.520009322322,-3.205718351627,
    0.506141556957));
#2199 = CARTESIAN_POINT('',(-5.913710035588,-3.205909166676,
    0.503960530961));
#2200 = PCURVE('',#2049,#2201);
#2201 = DEFINITIONAL_REPRESENTATION('',(#2202),#2206);
#2202 = LINE('',#2203,#2204);
#2203 = CARTESIAN_POINT('',(2.448371148961E-17,-4.440892098501E-16));
#2204 = VECTOR('',#2205,1.);
#2205 = DIRECTION('',(-9.465660333681E-18,-1.));
#2206 = ( GEOMETRIC_REPRESENTATION_CONTEXT(2) 
PARAMETRIC_REPRESENTATION_CONTEXT() REPRESENTATION_CONTEXT('2D SPACE',''
  ) );
#2207 = PCURVE('',#2208,#2213);
#2208 = CYLINDRICAL_SURFACE('',#2209,2.05);
#2209 = AXIS2_PLACEMENT_3D('',#2210,#2211,#2212);
#2210 = CARTESIAN_POINT('',(-5.912885857731,-1.162885857731,
    0.334711654341));
#2211 = DIRECTION('',(8.682659386425E-02,8.682659386425E-02,
    0.992432509139));
#2212 = DIRECTION('',(-0.701755757082,-0.701755757082,0.122791346617));
#2213 = DEFINITIONAL_REPRESENTATION('',(#2214),#2240);
#2214 = B_SPLINE_CURVE_WITH_KNOTS('',3,(#2215,#2216,#2217,#2218,#2219,
    #2220,#2221,#2222,#2223,#2224,#2225,#2226,#2227,#2228,#2229,#2230,
    #2231,#2232,#2233,#2234,#2235,#2236,#2237,#2238,#2239),
  .UNSPECIFIED.,.F.,.F.,(4,1,1,1,1,1,1,1,1,1,1,1,1,1,1,1,1,1,1,1,1,1,4),
  (-0.740989609687,-0.673626917897,-0.606264226108,-0.538901534318,
    -0.471538842528,-0.404176150738,-0.336813458949,-0.269450767159,
    -0.202088075369,-0.134725383579,-6.736269178973E-02,
    5.551115123126E-16,6.736269178973E-02,0.134725383579,0.202088075369,
    0.269450767159,0.336813458949,0.404176150738,0.471538842528,
    0.538901534318,0.606264226108,0.673626917897,0.740989609687),
  .UNSPECIFIED.);
#2215 = CARTESIAN_POINT('',(5.501585242055,-9.492228364122E-03));
#2216 = CARTESIAN_POINT('',(5.525027615819,-1.350623621691E-02));
#2217 = CARTESIAN_POINT('',(5.572014548367,-2.124227618992E-02));
#2218 = CARTESIAN_POINT('',(5.642759250568,-3.192731130704E-02));
#2219 = CARTESIAN_POINT('',(5.713734208595,-4.165022495757E-02));
#2220 = CARTESIAN_POINT('',(5.784876660464,-5.036791694558E-02));
#2221 = CARTESIAN_POINT('',(5.856117028027,-5.803730034159E-02));
#2222 = CARTESIAN_POINT('',(5.927385563346,-6.461523872204E-02));
#2223 = CARTESIAN_POINT('',(5.998623257361,-7.005878037321E-02));
#2224 = CARTESIAN_POINT('',(6.069791040368,-7.432428423616E-02));
#2225 = CARTESIAN_POINT('',(6.140879624209,-7.737068192297E-02));
#2226 = CARTESIAN_POINT('',(6.211914869867,-7.914730370678E-02));
#2227 = CARTESIAN_POINT('',(6.282979519673,-7.965257328085E-02));
#2228 = CARTESIAN_POINT('',(6.35413236304,-7.892088090928E-02));
#2229 = CARTESIAN_POINT('',(6.425389157333,-7.697847865021E-02));
#2230 = CARTESIAN_POINT('',(6.496735019042,-7.385379918752E-02));
#2231 = CARTESIAN_POINT('',(6.568130372408,-6.957469090814E-02));
#2232 = CARTESIAN_POINT('',(6.639519604605,-6.416915876093E-02));
#2233 = CARTESIAN_POINT('',(6.710839706105,-5.766516574409E-02));
#2234 = CARTESIAN_POINT('',(6.78202942411,-5.009068609648E-02));
#2235 = CARTESIAN_POINT('',(6.853037850626,-4.147369104501E-02));
#2236 = CARTESIAN_POINT('',(6.923834321498,-3.184215262368E-02));
#2237 = CARTESIAN_POINT('',(6.994411375472,-2.122404265014E-02));
#2238 = CARTESIAN_POINT('',(7.041344095875,-1.350623621691E-02));
#2239 = CARTESIAN_POINT('',(7.064785372304,-9.492228364122E-03));
#2240 = ( GEOMETRIC_REPRESENTATION_CONTEXT(2) 
PARAMETRIC_REPRESENTATION_CONTEXT() REPRESENTATION_CONTEXT('2D SPACE',''
  ) );
#2241 = ADVANCED_FACE('',(#2242),#2208,.T.);
#2242 = FACE_BOUND('',#2243,.T.);
#2243 = EDGE_LOOP('',(#2244,#2267,#2268,#2296,#2324,#2379,#2407));
#2244 = ORIENTED_EDGE('',*,*,#2245,.T.);
#2245 = EDGE_CURVE('',#2246,#2033,#2248,.T.);
#2246 = VERTEX_POINT('',#2247);
#2247 = CARTESIAN_POINT('',(-6.023050568436,-3.315249699524,
    -0.745807478295));
#2248 = SURFACE_CURVE('',#2249,(#2253,#2260),.PCURVE_S1.);
#2249 = LINE('',#2250,#2251);
#2250 = CARTESIAN_POINT('',(-5.912885857731,-3.205084988819,
    0.513380926974));
#2251 = VECTOR('',#2252,1.);
#2252 = DIRECTION('',(8.682659386425E-02,8.682659386425E-02,
    0.992432509139));
#2253 = PCURVE('',#2208,#2254);
#2254 = DEFINITIONAL_REPRESENTATION('',(#2255),#2259);
#2255 = LINE('',#2256,#2257);
#2256 = CARTESIAN_POINT('',(7.064785372304,8.881784197001E-16));
#2257 = VECTOR('',#2258,1.);
#2258 = DIRECTION('',(-1.763241519822E-16,1.));
#2259 = ( GEOMETRIC_REPRESENTATION_CONTEXT(2) 
PARAMETRIC_REPRESENTATION_CONTEXT() REPRESENTATION_CONTEXT('2D SPACE',''
  ) );
#2260 = PCURVE('',#1464,#2261);
#2261 = DEFINITIONAL_REPRESENTATION('',(#2262),#2266);
#2262 = LINE('',#2263,#2264);
#2263 = CARTESIAN_POINT('',(-13.91288585773,0.515341958713));
#2264 = VECTOR('',#2265,1.);
#2265 = DIRECTION('',(8.682659386425E-02,0.996223440097));
#2266 = ( GEOMETRIC_REPRESENTATION_CONTEXT(2) 
PARAMETRIC_REPRESENTATION_CONTEXT() REPRESENTATION_CONTEXT('2D SPACE',''
  ) );
#2267 = ORIENTED_EDGE('',*,*,#2192,.F.);
#2268 = ORIENTED_EDGE('',*,*,#2269,.F.);
#2269 = EDGE_CURVE('',#2270,#2155,#2272,.T.);
#2270 = VERTEX_POINT('',#2271);
#2271 = CARTESIAN_POINT('',(-8.108994031287,-1.316794900199,
    -1.245807478295));
#2272 = SURFACE_CURVE('',#2273,(#2277,#2284),.PCURVE_S1.);
#2273 = LINE('',#2274,#2275);
#2274 = CARTESIAN_POINT('',(-7.955084988819,-1.162885857731,
    0.513380926974));
#2275 = VECTOR('',#2276,1.);
#2276 = DIRECTION('',(8.682659386425E-02,8.682659386425E-02,
    0.992432509139));
#2277 = PCURVE('',#2208,#2278);
#2278 = DEFINITIONAL_REPRESENTATION('',(#2279),#2283);
#2279 = LINE('',#2280,#2281);
#2280 = CARTESIAN_POINT('',(5.501585242055,1.33226762955E-15));
#2281 = VECTOR('',#2282,1.);
#2282 = DIRECTION('',(0.,1.));
#2283 = ( GEOMETRIC_REPRESENTATION_CONTEXT(2) 
PARAMETRIC_REPRESENTATION_CONTEXT() REPRESENTATION_CONTEXT('2D SPACE',''
  ) );
#2284 = PCURVE('',#2285,#2290);
#2285 = PLANE('',#2286);
#2286 = AXIS2_PLACEMENT_3D('',#2287,#2288,#2289);
#2287 = CARTESIAN_POINT('',(-8.,-3.25,0.));
#2288 = DIRECTION('',(-0.996194698092,5.849029422664E-17,
    8.715574274766E-02));
#2289 = DIRECTION('',(-5.871371764845E-17,-1.,-7.703719777549E-33));
#2290 = DEFINITIONAL_REPRESENTATION('',(#2291),#2295);
#2291 = LINE('',#2292,#2293);
#2292 = CARTESIAN_POINT('',(-2.087114142269,0.515341958713));
#2293 = VECTOR('',#2294,1.);
#2294 = DIRECTION('',(-8.682659386425E-02,0.996223440097));
#2295 = ( GEOMETRIC_REPRESENTATION_CONTEXT(2) 
PARAMETRIC_REPRESENTATION_CONTEXT() REPRESENTATION_CONTEXT('2D SPACE',''
  ) );
#2296 = ORIENTED_EDGE('',*,*,#2297,.F.);
#2297 = EDGE_CURVE('',#2298,#2270,#2300,.T.);
#2298 = VERTEX_POINT('',#2299);
#2299 = CARTESIAN_POINT('',(-8.104170822266,-1.671454202827,-1.5));
#2300 = SURFACE_CURVE('',#2301,(#2306,#2312),.PCURVE_S1.);
#2301 = ELLIPSE('',#2302,2.92124429235,2.05);
#2302 = AXIS2_PLACEMENT_3D('',#2303,#2304,#2305);
#2303 = CARTESIAN_POINT('',(-6.177501618591,-1.427501618591,
    -2.689860332421));
#2304 = DIRECTION('',(-0.5,0.5,-0.707106781187));
#2305 = DIRECTION('',(0.370641151082,-0.614393108083,-0.696524404357));
#2306 = PCURVE('',#2208,#2307);
#2307 = DEFINITIONAL_REPRESENTATION('',(#2308),#2311);
#2308 = B_SPLINE_CURVE_WITH_KNOTS('',1,(#2309,#2310),.UNSPECIFIED.,.F.,
  .F.,(2,2),(2.067860559733,2.230216659353),.PIECEWISE_BEZIER_KNOTS.);
#2309 = CARTESIAN_POINT('',(5.663941341675,-2.055246557473));
#2310 = CARTESIAN_POINT('',(5.501585242055,-1.772602558934));
#2311 = ( GEOMETRIC_REPRESENTATION_CONTEXT(2) 
PARAMETRIC_REPRESENTATION_CONTEXT() REPRESENTATION_CONTEXT('2D SPACE',''
  ) );
#2312 = PCURVE('',#2313,#2318);
#2313 = PLANE('',#2314);
#2314 = AXIS2_PLACEMENT_3D('',#2315,#2316,#2317);
#2315 = CARTESIAN_POINT('',(-5.388122769828,1.398147240204,-1.25));
#2316 = DIRECTION('',(-0.5,0.5,-0.707106781187));
#2317 = DIRECTION('',(-0.816496580928,4.440892098501E-16,0.57735026919)
  );
#2318 = DEFINITIONAL_REPRESENTATION('',(#2319),#2323);
#2319 = ELLIPSE('',#2320,2.92124429235,2.05);
#2320 = AXIS2_PLACEMENT_2D('',#2321,#2322);
#2321 = CARTESIAN_POINT('',(-0.186778619447,-3.262778258521));
#2322 = DIRECTION('',(-0.704765784962,-0.70944005268));
#2323 = ( GEOMETRIC_REPRESENTATION_CONTEXT(2) 
PARAMETRIC_REPRESENTATION_CONTEXT() REPRESENTATION_CONTEXT('2D SPACE',''
  ) );
#2324 = ORIENTED_EDGE('',*,*,#2325,.T.);
#2325 = EDGE_CURVE('',#2298,#2326,#2328,.T.);
#2326 = VERTEX_POINT('',#2327);
#2327 = CARTESIAN_POINT('',(-6.421454202827,-3.354170822266,-1.5));
#2328 = SURFACE_CURVE('',#2329,(#2334,#2363),.PCURVE_S1.);
#2329 = ELLIPSE('',#2330,2.065631648623,2.05);
#2330 = AXIS2_PLACEMENT_3D('',#2331,#2332,#2333);
#2331 = CARTESIAN_POINT('',(-6.073402328325,-1.323402328325,-1.5));
#2332 = DIRECTION('',(0.,0.,1.));
#2333 = DIRECTION('',(-0.707106781187,-0.707106781187,0.));
#2334 = PCURVE('',#2208,#2335);
#2335 = DEFINITIONAL_REPRESENTATION('',(#2336),#2362);
#2336 = B_SPLINE_CURVE_WITH_KNOTS('',3,(#2337,#2338,#2339,#2340,#2341,
    #2342,#2343,#2344,#2345,#2346,#2347,#2348,#2349,#2350,#2351,#2352,
    #2353,#2354,#2355,#2356,#2357,#2358,#2359,#2360,#2361),
  .UNSPECIFIED.,.F.,.F.,(4,1,1,1,1,1,1,1,1,1,1,1,1,1,1,1,1,1,1,1,1,1,4),
  (5.663941341675,5.72023624763,5.776531153585,5.83282605954,
    5.889120965495,5.94541587145,6.001710777405,6.05800568336,
    6.114300589315,6.17059549527,6.226890401225,6.28318530718,
    6.339480213135,6.39577511909,6.452070025045,6.508364931,
    6.564659836955,6.62095474291,6.677249648865,6.73354455482,
    6.789839460775,6.84613436673,6.902429272684),.QUASI_UNIFORM_KNOTS.);
#2337 = CARTESIAN_POINT('',(5.663941341675,-2.055246557473));
#2338 = CARTESIAN_POINT('',(5.682706310326,-2.058009291138));
#2339 = CARTESIAN_POINT('',(5.72023624763,-2.063315886014));
#2340 = CARTESIAN_POINT('',(5.776531153585,-2.070596323953));
#2341 = CARTESIAN_POINT('',(5.83282605954,-2.077173602757));
#2342 = CARTESIAN_POINT('',(5.889120965495,-2.0830270548));
#2343 = CARTESIAN_POINT('',(5.94541587145,-2.088138088881));
#2344 = CARTESIAN_POINT('',(6.001710777405,-2.092490524095));
#2345 = CARTESIAN_POINT('',(6.05800568336,-2.096070567421));
#2346 = CARTESIAN_POINT('',(6.114300589315,-2.09886687716));
#2347 = CARTESIAN_POINT('',(6.17059549527,-2.100870593587));
#2348 = CARTESIAN_POINT('',(6.226890401225,-2.10207536843));
#2349 = CARTESIAN_POINT('',(6.28318530718,-2.102477384609));
#2350 = CARTESIAN_POINT('',(6.339480213135,-2.10207536843));
#2351 = CARTESIAN_POINT('',(6.39577511909,-2.100870593587));
#2352 = CARTESIAN_POINT('',(6.452070025045,-2.09886687716));
#2353 = CARTESIAN_POINT('',(6.508364931,-2.096070567421));
#2354 = CARTESIAN_POINT('',(6.564659836955,-2.092490524095));
#2355 = CARTESIAN_POINT('',(6.62095474291,-2.088138088881));
#2356 = CARTESIAN_POINT('',(6.677249648865,-2.0830270548));
#2357 = CARTESIAN_POINT('',(6.73354455482,-2.077173602757));
#2358 = CARTESIAN_POINT('',(6.789839460775,-2.070596323953));
#2359 = CARTESIAN_POINT('',(6.84613436673,-2.063315886014));
#2360 = CARTESIAN_POINT('',(6.883664304033,-2.058009291138));
#2361 = CARTESIAN_POINT('',(6.902429272684,-2.055246557473));
#2362 = ( GEOMETRIC_REPRESENTATION_CONTEXT(2) 
PARAMETRIC_REPRESENTATION_CONTEXT() REPRESENTATION_CONTEXT('2D SPACE',''
  ) );
#2363 = PCURVE('',#2364,#2369);
#2364 = PLANE('',#2365);
#2365 = AXIS2_PLACEMENT_3D('',#2366,#2367,#2368);
#2366 = CARTESIAN_POINT('',(-7.55760255977,-2.80760255977,-1.5));
#2367 = DIRECTION('',(0.,0.,-1.));
#2368 = DIRECTION('',(1.,0.,0.));
#2369 = DEFINITIONAL_REPRESENTATION('',(#2370),#2378);
#2370 = ( BOUNDED_CURVE() B_SPLINE_CURVE(2,(#2371,#2372,#2373,#2374,
#2375,#2376,#2377),.UNSPECIFIED.,.T.,.F.) B_SPLINE_CURVE_WITH_KNOTS((1,2
    ,2,2,2,1),(-2.094395102393,0.,2.094395102393,4.188790204786,
6.28318530718,8.377580409573),.UNSPECIFIED.) CURVE() 
GEOMETRIC_REPRESENTATION_ITEM() RATIONAL_B_SPLINE_CURVE((1.,0.5,1.,0.5,
1.,0.5,1.)) REPRESENTATION_ITEM('') );
#2371 = CARTESIAN_POINT('',(2.357808527016E-02,-2.357808527016E-02));
#2372 = CARTESIAN_POINT('',(2.534305071623,2.487148901083));
#2373 = CARTESIAN_POINT('',(3.469874797709,-0.959147811356));
#2374 = CARTESIAN_POINT('',(4.405444523795,-4.405444523795));
#2375 = CARTESIAN_POINT('',(0.959147811356,-3.469874797709));
#2376 = CARTESIAN_POINT('',(-2.487148901083,-2.534305071623));
#2377 = CARTESIAN_POINT('',(2.357808527016E-02,-2.357808527016E-02));
#2378 = ( GEOMETRIC_REPRESENTATION_CONTEXT(2) 
PARAMETRIC_REPRESENTATION_CONTEXT() REPRESENTATION_CONTEXT('2D SPACE',''
  ) );
#2379 = ORIENTED_EDGE('',*,*,#2380,.T.);
#2380 = EDGE_CURVE('',#2326,#2381,#2383,.T.);
#2381 = VERTEX_POINT('',#2382);
#2382 = CARTESIAN_POINT('',(-6.377709871064,-3.310426490503,-1.));
#2383 = SURFACE_CURVE('',#2384,(#2388,#2395),.PCURVE_S1.);
#2384 = LINE('',#2385,#2386);
#2385 = CARTESIAN_POINT('',(-6.24300414469,-3.175720764129,
    0.539693497932));
#2386 = VECTOR('',#2387,1.);
#2387 = DIRECTION('',(8.682659386425E-02,8.682659386425E-02,
    0.992432509139));
#2388 = PCURVE('',#2208,#2389);
#2389 = DEFINITIONAL_REPRESENTATION('',(#2390),#2394);
#2390 = LINE('',#2391,#2392);
#2391 = CARTESIAN_POINT('',(6.902429272684,0.));
#2392 = VECTOR('',#2393,1.);
#2393 = DIRECTION('',(0.,1.));
#2394 = ( GEOMETRIC_REPRESENTATION_CONTEXT(2) 
PARAMETRIC_REPRESENTATION_CONTEXT() REPRESENTATION_CONTEXT('2D SPACE',''
  ) );
#2395 = PCURVE('',#2396,#2401);
#2396 = PLANE('',#2397);
#2397 = AXIS2_PLACEMENT_3D('',#2398,#2399,#2400);
#2398 = CARTESIAN_POINT('',(-6.742864431923,-3.675581051361,-3.));
#2399 = DIRECTION('',(0.707106781187,-0.707106781187,0.));
#2400 = DIRECTION('',(0.707106781187,0.707106781187,0.));
#2401 = DEFINITIONAL_REPRESENTATION('',(#2402),#2406);
#2402 = LINE('',#2403,#2404);
#2403 = CARTESIAN_POINT('',(0.706909197496,3.539693497932));
#2404 = VECTOR('',#2405,1.);
#2405 = DIRECTION('',(0.122791346617,0.992432509139));
#2406 = ( GEOMETRIC_REPRESENTATION_CONTEXT(2) 
PARAMETRIC_REPRESENTATION_CONTEXT() REPRESENTATION_CONTEXT('2D SPACE',''
  ) );
#2407 = ORIENTED_EDGE('',*,*,#2408,.F.);
#2408 = EDGE_CURVE('',#2246,#2381,#2409,.T.);
#2409 = SURFACE_CURVE('',#2410,(#2415,#2421),.PCURVE_S1.);
#2410 = ELLIPSE('',#2411,2.92124429235,2.05);
#2411 = AXIS2_PLACEMENT_3D('',#2412,#2413,#2414);
#2412 = CARTESIAN_POINT('',(-6.133757286828,-1.383757286828,
    -2.18986033242));
#2413 = DIRECTION('',(0.5,-0.5,-0.707106781187));
#2414 = DIRECTION('',(-0.614393108083,0.370641151082,-0.696524404357));
#2415 = PCURVE('',#2208,#2416);
#2416 = DEFINITIONAL_REPRESENTATION('',(#2417),#2420);
#2417 = B_SPLINE_CURVE_WITH_KNOTS('',1,(#2418,#2419),.UNSPECIFIED.,.F.,
  .F.,(2,2),(4.052968647827,4.215324747446),.PIECEWISE_BEZIER_KNOTS.);
#2418 = CARTESIAN_POINT('',(7.064785372304,-1.268789961708));
#2419 = CARTESIAN_POINT('',(6.902429272684,-1.551433960247));
#2420 = ( GEOMETRIC_REPRESENTATION_CONTEXT(2) 
PARAMETRIC_REPRESENTATION_CONTEXT() REPRESENTATION_CONTEXT('2D SPACE',''
  ) );
#2421 = PCURVE('',#2422,#2427);
#2422 = PLANE('',#2423);
#2423 = AXIS2_PLACEMENT_3D('',#2424,#2425,#2426);
#2424 = CARTESIAN_POINT('',(-3.961476365805,-1.247746375837,-0.75));
#2425 = DIRECTION('',(0.5,-0.5,-0.707106781187));
#2426 = DIRECTION('',(-0.816496580928,-1.110223024625E-16,-0.57735026919
    ));
#2427 = DEFINITIONAL_REPRESENTATION('',(#2428),#2432);
#2428 = ELLIPSE('',#2429,2.92124429235,2.05);
#2429 = AXIS2_PLACEMENT_2D('',#2430,#2431);
#2430 = CARTESIAN_POINT('',(2.604963695348,-0.157051872147));
#2431 = DIRECTION('',(0.903788424448,0.4279795367));
#2432 = ( GEOMETRIC_REPRESENTATION_CONTEXT(2) 
PARAMETRIC_REPRESENTATION_CONTEXT() REPRESENTATION_CONTEXT('2D SPACE',''
  ) );
#2433 = ADVANCED_FACE('',(#2434),#2422,.T.);
#2434 = FACE_BOUND('',#2435,.T.);
#2435 = EDGE_LOOP('',(#2436,#2437,#2460,#2499));
#2436 = ORIENTED_EDGE('',*,*,#2408,.T.);
#2437 = ORIENTED_EDGE('',*,*,#2438,.T.);
#2438 = EDGE_CURVE('',#2381,#2439,#2441,.T.);
#2439 = VERTEX_POINT('',#2440);
#2440 = CARTESIAN_POINT('',(-6.146446609407,-3.079163228846,-1.));
#2441 = SURFACE_CURVE('',#2442,(#2446,#2453),.PCURVE_S1.);
#2442 = LINE('',#2443,#2444);
#2443 = CARTESIAN_POINT('',(-4.138253061102,-1.07096968054,-1.));
#2444 = VECTOR('',#2445,1.);
#2445 = DIRECTION('',(0.707106781187,0.707106781187,0.));
#2446 = PCURVE('',#2422,#2447);
#2447 = DEFINITIONAL_REPRESENTATION('',(#2448),#2452);
#2448 = LINE('',#2449,#2450);
#2449 = CARTESIAN_POINT('',(0.288675134595,0.204124145232));
#2450 = VECTOR('',#2451,1.);
#2451 = DIRECTION('',(-0.57735026919,0.816496580928));
#2452 = ( GEOMETRIC_REPRESENTATION_CONTEXT(2) 
PARAMETRIC_REPRESENTATION_CONTEXT() REPRESENTATION_CONTEXT('2D SPACE',''
  ) );
#2453 = PCURVE('',#2396,#2454);
#2454 = DEFINITIONAL_REPRESENTATION('',(#2455),#2459);
#2455 = LINE('',#2456,#2457);
#2456 = CARTESIAN_POINT('',(3.683476725326,2.));
#2457 = VECTOR('',#2458,1.);
#2458 = DIRECTION('',(1.,0.));
#2459 = ( GEOMETRIC_REPRESENTATION_CONTEXT(2) 
PARAMETRIC_REPRESENTATION_CONTEXT() REPRESENTATION_CONTEXT('2D SPACE',''
  ) );
#2460 = ORIENTED_EDGE('',*,*,#2461,.F.);
#2461 = EDGE_CURVE('',#2462,#2439,#2464,.T.);
#2462 = VERTEX_POINT('',#2463);
#2463 = CARTESIAN_POINT('',(-5.916564009612,-3.30904582864,
    -0.674896909617));
#2464 = SURFACE_CURVE('',#2465,(#2469,#2476),.PCURVE_S1.);
#2465 = LINE('',#2466,#2467);
#2466 = CARTESIAN_POINT('',(-5.792893218813,-3.432716619439,-0.5));
#2467 = VECTOR('',#2468,1.);
#2468 = DIRECTION('',(-0.5,0.5,-0.707106781187));
#2469 = PCURVE('',#2422,#2470);
#2470 = DEFINITIONAL_REPRESENTATION('',(#2471),#2475);
#2471 = LINE('',#2472,#2473);
#2472 = CARTESIAN_POINT('',(1.351008031437,-2.52298631663));
#2473 = VECTOR('',#2474,1.);
#2474 = DIRECTION('',(0.816496580928,0.57735026919));
#2475 = ( GEOMETRIC_REPRESENTATION_CONTEXT(2) 
PARAMETRIC_REPRESENTATION_CONTEXT() REPRESENTATION_CONTEXT('2D SPACE',''
  ) );
#2476 = PCURVE('',#2477,#2494);
#2477 = B_SPLINE_SURFACE_WITH_KNOTS('',3,3,(
    (#2478,#2479,#2480,#2481)
    ,(#2482,#2483,#2484,#2485)
    ,(#2486,#2487,#2488,#2489)
    ,(#2490,#2491,#2492,#2493
    )),.UNSPECIFIED.,.F.,.F.,.F.,(4,4),(4,4),(0.,1.),(0.211538102823,
    0.392699081699),.PIECEWISE_BEZIER_KNOTS.);
#2478 = CARTESIAN_POINT('',(-6.088532140598,-3.009677085008,-1.));
#2479 = CARTESIAN_POINT('',(-6.105686107428,-3.034524391736,-1.));
#2480 = CARTESIAN_POINT('',(-6.125096583298,-3.057813202737,-1.));
#2481 = CARTESIAN_POINT('',(-6.146446609407,-3.079163228846,-1.));
#2482 = CARTESIAN_POINT('',(-5.951376187464,-3.104366167259,
    -0.833333333333));
#2483 = CARTESIAN_POINT('',(-5.974248143237,-3.137495909564,
    -0.833333333333));
#2484 = CARTESIAN_POINT('',(-6.000128777731,-3.168547657566,
    -0.833333333333));
#2485 = CARTESIAN_POINT('',(-6.028595479209,-3.197014359043,
    -0.833333333333));
#2486 = CARTESIAN_POINT('',(-5.81422023433,-3.199055249511,
    -0.666666666667));
#2487 = CARTESIAN_POINT('',(-5.842810179046,-3.240467427392,
    -0.666666666667));
#2488 = CARTESIAN_POINT('',(-5.875160972164,-3.279282112394,
    -0.666666666667));
#2489 = CARTESIAN_POINT('',(-5.910744349011,-3.314865489241,
    -0.666666666667));
#2490 = CARTESIAN_POINT('',(-5.677064281196,-3.293744331763,-0.5));
#2491 = CARTESIAN_POINT('',(-5.711372214855,-3.34343894522,-0.5));
#2492 = CARTESIAN_POINT('',(-5.750193166597,-3.390016567222,-0.5));
#2493 = CARTESIAN_POINT('',(-5.792893218813,-3.432716619439,-0.5));
#2494 = DEFINITIONAL_REPRESENTATION('',(#2495),#2498);
#2495 = B_SPLINE_CURVE_WITH_KNOTS('',1,(#2496,#2497),.UNSPECIFIED.,.F.,
  .F.,(2,2),(0.247341581597,0.707106781187),.PIECEWISE_BEZIER_KNOTS.);
#2496 = CARTESIAN_POINT('',(0.650206180766,0.392699081699));
#2497 = CARTESIAN_POINT('',(6.481260226652E-17,0.392699081699));
#2498 = ( GEOMETRIC_REPRESENTATION_CONTEXT(2) 
PARAMETRIC_REPRESENTATION_CONTEXT() REPRESENTATION_CONTEXT('2D SPACE',''
  ) );
#2499 = ORIENTED_EDGE('',*,*,#2500,.T.);
#2500 = EDGE_CURVE('',#2462,#2246,#2501,.T.);
#2501 = SURFACE_CURVE('',#2502,(#2506,#2513),.PCURVE_S1.);
#2502 = LINE('',#2503,#2504);
#2503 = CARTESIAN_POINT('',(-0.25087654892,-2.978964794369,
    3.097946576248));
#2504 = VECTOR('',#2505,1.);
#2505 = DIRECTION('',(-0.831363597074,-4.843496184375E-02,
    -0.553614147156));
#2506 = PCURVE('',#2422,#2507);
#2507 = DEFINITIONAL_REPRESENTATION('',(#2508),#2512);
#2508 = LINE('',#2509,#2510);
#2509 = CARTESIAN_POINT('',(-5.251305055301,-1.999038839931));
#2510 = VECTOR('',#2511,1.);
#2511 = DIRECTION('',(0.998434811406,-5.592787651736E-02));
#2512 = ( GEOMETRIC_REPRESENTATION_CONTEXT(2) 
PARAMETRIC_REPRESENTATION_CONTEXT() REPRESENTATION_CONTEXT('2D SPACE',''
  ) );
#2513 = PCURVE('',#1464,#2514);
#2514 = DEFINITIONAL_REPRESENTATION('',(#2515),#2519);
#2515 = LINE('',#2516,#2517);
#2516 = CARTESIAN_POINT('',(-8.25087654892,3.109780228887));
#2517 = VECTOR('',#2518,1.);
#2518 = DIRECTION('',(-0.831363597074,-0.55572886326));
#2519 = ( GEOMETRIC_REPRESENTATION_CONTEXT(2) 
PARAMETRIC_REPRESENTATION_CONTEXT() REPRESENTATION_CONTEXT('2D SPACE',''
  ) );
#2520 = ADVANCED_FACE('',(#2521),#2477,.T.);
#2521 = FACE_BOUND('',#2522,.T.);
#2522 = EDGE_LOOP('',(#2523,#2551,#2552,#2581));
#2523 = ORIENTED_EDGE('',*,*,#2524,.T.);
#2524 = EDGE_CURVE('',#2525,#2462,#2527,.T.);
#2525 = VERTEX_POINT('',#2526);
#2526 = CARTESIAN_POINT('',(-5.677064281196,-3.293744331763,-0.5));
#2527 = SURFACE_CURVE('',#2528,(#2535,#2541),.PCURVE_S1.);
#2528 = B_SPLINE_CURVE_WITH_KNOTS('',3,(#2529,#2530,#2531,#2532,#2533,
    #2534),.UNSPECIFIED.,.F.,.F.,(4,2,4),(0.,2.331724653456E-02,
    2.961920965373E-02),.UNSPECIFIED.);
#2529 = CARTESIAN_POINT('',(-5.677064281196,-3.293744331763,-0.5));
#2530 = CARTESIAN_POINT('',(-5.738143140746,-3.297933629366,
    -0.547883890715));
#2531 = CARTESIAN_POINT('',(-5.801907397943,-3.302125172657,
    -0.595793449759));
#2532 = CARTESIAN_POINT('',(-5.883012985777,-3.307067985049,
    -0.652290053924));
#2533 = CARTESIAN_POINT('',(-5.899942067134,-3.308077439896,
    -0.663828175622));
#2534 = CARTESIAN_POINT('',(-5.916564009612,-3.30904582864,
    -0.674896909617));
#2535 = PCURVE('',#2477,#2536);
#2536 = DEFINITIONAL_REPRESENTATION('',(#2537),#2540);
#2537 = B_SPLINE_CURVE_WITH_KNOTS('',1,(#2538,#2539),.UNSPECIFIED.,.F.,
  .F.,(2,2),(0.,2.961920965373E-02),.PIECEWISE_BEZIER_KNOTS.);
#2538 = CARTESIAN_POINT('',(1.,0.211538102823));
#2539 = CARTESIAN_POINT('',(0.650206180767,0.392699081698));
#2540 = ( GEOMETRIC_REPRESENTATION_CONTEXT(2) 
PARAMETRIC_REPRESENTATION_CONTEXT() REPRESENTATION_CONTEXT('2D SPACE',''
  ) );
#2541 = PCURVE('',#1464,#2542);
#2542 = DEFINITIONAL_REPRESENTATION('',(#2543),#2550);
#2543 = B_SPLINE_CURVE_WITH_KNOTS('',3,(#2544,#2545,#2546,#2547,#2548,
    #2549),.UNSPECIFIED.,.F.,.F.,(4,2,4),(0.,2.331724653456E-02,
    2.961920965373E-02),.UNSPECIFIED.);
#2544 = CARTESIAN_POINT('',(-13.67706428119,-0.501909918772));
#2545 = CARTESIAN_POINT('',(-13.73814314074,-0.549976718171));
#2546 = CARTESIAN_POINT('',(-13.80190739794,-0.598069283946));
#2547 = CARTESIAN_POINT('',(-13.88301298577,-0.654781695962));
#2548 = CARTESIAN_POINT('',(-13.89994206713,-0.666363891409));
#2549 = CARTESIAN_POINT('',(-13.91656400961,-0.67747490617));
#2550 = ( GEOMETRIC_REPRESENTATION_CONTEXT(2) 
PARAMETRIC_REPRESENTATION_CONTEXT() REPRESENTATION_CONTEXT('2D SPACE',''
  ) );
#2551 = ORIENTED_EDGE('',*,*,#2461,.T.);
#2552 = ORIENTED_EDGE('',*,*,#2553,.T.);
#2553 = EDGE_CURVE('',#2439,#2554,#2556,.T.);
#2554 = VERTEX_POINT('',#2555);
#2555 = CARTESIAN_POINT('',(-6.088532140598,-3.009677085008,-1.));
#2556 = SURFACE_CURVE('',#2557,(#2562,#2569),.PCURVE_S1.);
#2557 = B_SPLINE_CURVE_WITH_KNOTS('',3,(#2558,#2559,#2560,#2561),
  .UNSPECIFIED.,.F.,.F.,(4,4),(-0.392699081699,-0.211538102823),
  .PIECEWISE_BEZIER_KNOTS.);
#2558 = CARTESIAN_POINT('',(-6.146446609407,-3.079163228846,-1.));
#2559 = CARTESIAN_POINT('',(-6.125096583298,-3.057813202737,-1.));
#2560 = CARTESIAN_POINT('',(-6.105686107428,-3.034524391736,-1.));
#2561 = CARTESIAN_POINT('',(-6.088532140598,-3.009677085008,-1.));
#2562 = PCURVE('',#2477,#2563);
#2563 = DEFINITIONAL_REPRESENTATION('',(#2564),#2568);
#2564 = LINE('',#2565,#2566);
#2565 = CARTESIAN_POINT('',(-5.520093380935E-16,9.992007221626E-16));
#2566 = VECTOR('',#2567,1.);
#2567 = DIRECTION('',(-7.710826501386E-16,-1.));
#2568 = ( GEOMETRIC_REPRESENTATION_CONTEXT(2) 
PARAMETRIC_REPRESENTATION_CONTEXT() REPRESENTATION_CONTEXT('2D SPACE',''
  ) );
#2569 = PCURVE('',#2570,#2575);
#2570 = CYLINDRICAL_SURFACE('',#2571,0.5);
#2571 = AXIS2_PLACEMENT_3D('',#2572,#2573,#2574);
#2572 = CARTESIAN_POINT('',(-6.5,-2.725609838252,-2.));
#2573 = DIRECTION('',(0.,0.,-1.));
#2574 = DIRECTION('',(0.923879532511,-0.382683432365,0.));
#2575 = DEFINITIONAL_REPRESENTATION('',(#2576),#2580);
#2576 = LINE('',#2577,#2578);
#2577 = CARTESIAN_POINT('',(6.28318530718,-1.));
#2578 = VECTOR('',#2579,1.);
#2579 = DIRECTION('',(-1.,0.));
#2580 = ( GEOMETRIC_REPRESENTATION_CONTEXT(2) 
PARAMETRIC_REPRESENTATION_CONTEXT() REPRESENTATION_CONTEXT('2D SPACE',''
  ) );
#2581 = ORIENTED_EDGE('',*,*,#2582,.F.);
#2582 = EDGE_CURVE('',#2525,#2554,#2583,.T.);
#2583 = SURFACE_CURVE('',#2584,(#2588,#2594),.PCURVE_S1.);
#2584 = LINE('',#2585,#2586);
#2585 = CARTESIAN_POINT('',(-5.677064281196,-3.293744331763,-0.5));
#2586 = VECTOR('',#2587,1.);
#2587 = DIRECTION('',(-0.581903427247,0.401731752987,-0.707106781187));
#2588 = PCURVE('',#2477,#2589);
#2589 = DEFINITIONAL_REPRESENTATION('',(#2590),#2593);
#2590 = B_SPLINE_CURVE_WITH_KNOTS('',1,(#2591,#2592),.UNSPECIFIED.,.F.,
  .F.,(2,2),(0.,0.707106781187),.PIECEWISE_BEZIER_KNOTS.);
#2591 = CARTESIAN_POINT('',(1.,0.211538102823));
#2592 = CARTESIAN_POINT('',(-2.431203564866E-16,0.211538102823));
#2593 = ( GEOMETRIC_REPRESENTATION_CONTEXT(2) 
PARAMETRIC_REPRESENTATION_CONTEXT() REPRESENTATION_CONTEXT('2D SPACE',''
  ) );
#2594 = PCURVE('',#2595,#2600);
#2595 = CONICAL_SURFACE('',#2596,0.75,0.785398163397);
#2596 = AXIS2_PLACEMENT_3D('',#2597,#2598,#2599);
#2597 = CARTESIAN_POINT('',(-6.5,-2.725609838252,-0.75));
#2598 = DIRECTION('',(0.,0.,1.));
#2599 = DIRECTION('',(0.923879532511,-0.382683432365,0.));
#2600 = DEFINITIONAL_REPRESENTATION('',(#2601),#2605);
#2601 = LINE('',#2602,#2603);
#2602 = CARTESIAN_POINT('',(-0.211538102823,0.25));
#2603 = VECTOR('',#2604,1.);
#2604 = DIRECTION('',(3.552713678801E-15,-1.));
#2605 = ( GEOMETRIC_REPRESENTATION_CONTEXT(2) 
PARAMETRIC_REPRESENTATION_CONTEXT() REPRESENTATION_CONTEXT('2D SPACE',''
  ) );
#2606 = ADVANCED_FACE('',(#2607),#2595,.T.);
#2607 = FACE_BOUND('',#2608,.T.);
#2608 = EDGE_LOOP('',(#2609,#2610,#2634,#2662));
#2609 = ORIENTED_EDGE('',*,*,#2582,.T.);
#2610 = ORIENTED_EDGE('',*,*,#2611,.T.);
#2611 = EDGE_CURVE('',#2554,#2612,#2614,.T.);
#2612 = VERTEX_POINT('',#2613);
#2613 = CARTESIAN_POINT('',(-6.,-2.725609838252,-1.));
#2614 = SURFACE_CURVE('',#2615,(#2620,#2627),.PCURVE_S1.);
#2615 = CIRCLE('',#2616,0.5);
#2616 = AXIS2_PLACEMENT_3D('',#2617,#2618,#2619);
#2617 = CARTESIAN_POINT('',(-6.5,-2.725609838252,-1.));
#2618 = DIRECTION('',(0.,0.,1.));
#2619 = DIRECTION('',(0.923879532511,-0.382683432365,0.));
#2620 = PCURVE('',#2595,#2621);
#2621 = DEFINITIONAL_REPRESENTATION('',(#2622),#2626);
#2622 = LINE('',#2623,#2624);
#2623 = CARTESIAN_POINT('',(-6.28318530718,-0.25));
#2624 = VECTOR('',#2625,1.);
#2625 = DIRECTION('',(1.,6.49617608327E-17));
#2626 = ( GEOMETRIC_REPRESENTATION_CONTEXT(2) 
PARAMETRIC_REPRESENTATION_CONTEXT() REPRESENTATION_CONTEXT('2D SPACE',''
  ) );
#2627 = PCURVE('',#2570,#2628);
#2628 = DEFINITIONAL_REPRESENTATION('',(#2629),#2633);
#2629 = LINE('',#2630,#2631);
#2630 = CARTESIAN_POINT('',(12.566370614359,-1.));
#2631 = VECTOR('',#2632,1.);
#2632 = DIRECTION('',(-1.,0.));
#2633 = ( GEOMETRIC_REPRESENTATION_CONTEXT(2) 
PARAMETRIC_REPRESENTATION_CONTEXT() REPRESENTATION_CONTEXT('2D SPACE',''
  ) );
#2634 = ORIENTED_EDGE('',*,*,#2635,.F.);
#2635 = EDGE_CURVE('',#2636,#2612,#2638,.T.);
#2636 = VERTEX_POINT('',#2637);
#2637 = CARTESIAN_POINT('',(-5.5,-2.725609838252,-0.5));
#2638 = SURFACE_CURVE('',#2639,(#2643,#2650),.PCURVE_S1.);
#2639 = LINE('',#2640,#2641);
#2640 = CARTESIAN_POINT('',(-5.5,-2.725609838252,-0.5));
#2641 = VECTOR('',#2642,1.);
#2642 = DIRECTION('',(-0.707106781187,0.,-0.707106781187));
#2643 = PCURVE('',#2595,#2644);
#2644 = DEFINITIONAL_REPRESENTATION('',(#2645),#2649);
#2645 = LINE('',#2646,#2647);
#2646 = CARTESIAN_POINT('',(0.392699081699,0.25));
#2647 = VECTOR('',#2648,1.);
#2648 = DIRECTION('',(0.,-1.));
#2649 = ( GEOMETRIC_REPRESENTATION_CONTEXT(2) 
PARAMETRIC_REPRESENTATION_CONTEXT() REPRESENTATION_CONTEXT('2D SPACE',''
  ) );
#2650 = PCURVE('',#2651,#2656);
#2651 = PLANE('',#2652);
#2652 = AXIS2_PLACEMENT_3D('',#2653,#2654,#2655);
#2653 = CARTESIAN_POINT('',(-5.836288288755,-1.679057949293,
    -0.836288288755));
#2654 = DIRECTION('',(0.707106781187,-1.750557800668E-16,-0.707106781187
    ));
#2655 = DIRECTION('',(0.707106781187,-7.348373904452E-16,0.707106781187)
  );
#2656 = DEFINITIONAL_REPRESENTATION('',(#2657),#2661);
#2657 = LINE('',#2658,#2659);
#2658 = CARTESIAN_POINT('',(0.475583458824,1.04655188896));
#2659 = VECTOR('',#2660,1.);
#2660 = DIRECTION('',(-1.,7.348373904452E-16));
#2661 = ( GEOMETRIC_REPRESENTATION_CONTEXT(2) 
PARAMETRIC_REPRESENTATION_CONTEXT() REPRESENTATION_CONTEXT('2D SPACE',''
  ) );
#2662 = ORIENTED_EDGE('',*,*,#2663,.T.);
#2663 = EDGE_CURVE('',#2636,#2525,#2664,.T.);
#2664 = SURFACE_CURVE('',#2665,(#2670,#2677),.PCURVE_S1.);
#2665 = CIRCLE('',#2666,1.);
#2666 = AXIS2_PLACEMENT_3D('',#2667,#2668,#2669);
#2667 = CARTESIAN_POINT('',(-6.5,-2.725609838252,-0.5));
#2668 = DIRECTION('',(0.,0.,-1.));
#2669 = DIRECTION('',(0.923879532511,-0.382683432365,0.));
#2670 = PCURVE('',#2595,#2671);
#2671 = DEFINITIONAL_REPRESENTATION('',(#2672),#2676);
#2672 = LINE('',#2673,#2674);
#2673 = CARTESIAN_POINT('',(6.28318530718,0.25));
#2674 = VECTOR('',#2675,1.);
#2675 = DIRECTION('',(-1.,1.948852824981E-16));
#2676 = ( GEOMETRIC_REPRESENTATION_CONTEXT(2) 
PARAMETRIC_REPRESENTATION_CONTEXT() REPRESENTATION_CONTEXT('2D SPACE',''
  ) );
#2677 = PCURVE('',#2678,#2683);
#2678 = PLANE('',#2679);
#2679 = AXIS2_PLACEMENT_3D('',#2680,#2681,#2682);
#2680 = CARTESIAN_POINT('',(0.,0.,-0.5));
#2681 = DIRECTION('',(0.,0.,-1.));
#2682 = DIRECTION('',(1.,0.,0.));
#2683 = DEFINITIONAL_REPRESENTATION('',(#2684),#2688);
#2684 = CIRCLE('',#2685,1.);
#2685 = AXIS2_PLACEMENT_2D('',#2686,#2687);
#2686 = CARTESIAN_POINT('',(-6.5,2.725609838252));
#2687 = DIRECTION('',(0.923879532511,0.382683432365));
#2688 = ( GEOMETRIC_REPRESENTATION_CONTEXT(2) 
PARAMETRIC_REPRESENTATION_CONTEXT() REPRESENTATION_CONTEXT('2D SPACE',''
  ) );
#2689 = ADVANCED_FACE('',(#2690),#2678,.T.);
#2690 = FACE_BOUND('',#2691,.T.);
#2691 = EDGE_LOOP('',(#2692,#2722,#2751,#2772,#2773,#2796));
#2692 = ORIENTED_EDGE('',*,*,#2693,.F.);
#2693 = EDGE_CURVE('',#2694,#2696,#2698,.T.);
#2694 = VERTEX_POINT('',#2695);
#2695 = CARTESIAN_POINT('',(5.5,-2.725609838252,-0.5));
#2696 = VERTEX_POINT('',#2697);
#2697 = CARTESIAN_POINT('',(5.5,-1.788014575448,-0.5));
#2698 = SURFACE_CURVE('',#2699,(#2703,#2710),.PCURVE_S1.);
#2699 = LINE('',#2700,#2701);
#2700 = CARTESIAN_POINT('',(5.5,-1.668744331763,-0.5));
#2701 = VECTOR('',#2702,1.);
#2702 = DIRECTION('',(0.,1.,0.));
#2703 = PCURVE('',#2678,#2704);
#2704 = DEFINITIONAL_REPRESENTATION('',(#2705),#2709);
#2705 = LINE('',#2706,#2707);
#2706 = CARTESIAN_POINT('',(5.5,1.668744331763));
#2707 = VECTOR('',#2708,1.);
#2708 = DIRECTION('',(0.,-1.));
#2709 = ( GEOMETRIC_REPRESENTATION_CONTEXT(2) 
PARAMETRIC_REPRESENTATION_CONTEXT() REPRESENTATION_CONTEXT('2D SPACE',''
  ) );
#2710 = PCURVE('',#2711,#2716);
#2711 = PLANE('',#2712);
#2712 = AXIS2_PLACEMENT_3D('',#2713,#2714,#2715);
#2713 = CARTESIAN_POINT('',(5.836288288755,-1.679057949293,
    -0.836288288755));
#2714 = DIRECTION('',(-0.707106781187,-3.415722537889E-17,
    -0.707106781187));
#2715 = DIRECTION('',(-0.707106781187,5.830114833284E-17,0.707106781187)
  );
#2716 = DEFINITIONAL_REPRESENTATION('',(#2717),#2721);
#2717 = LINE('',#2718,#2719);
#2718 = CARTESIAN_POINT('',(0.475583458824,1.031361752984E-02));
#2719 = VECTOR('',#2720,1.);
#2720 = DIRECTION('',(5.830114833284E-17,1.));
#2721 = ( GEOMETRIC_REPRESENTATION_CONTEXT(2) 
PARAMETRIC_REPRESENTATION_CONTEXT() REPRESENTATION_CONTEXT('2D SPACE',''
  ) );
#2722 = ORIENTED_EDGE('',*,*,#2723,.F.);
#2723 = EDGE_CURVE('',#2724,#2694,#2726,.T.);
#2724 = VERTEX_POINT('',#2725);
#2725 = CARTESIAN_POINT('',(5.677064281196,-3.293744331763,-0.5));
#2726 = SURFACE_CURVE('',#2727,(#2732,#2739),.PCURVE_S1.);
#2727 = CIRCLE('',#2728,1.);
#2728 = AXIS2_PLACEMENT_3D('',#2729,#2730,#2731);
#2729 = CARTESIAN_POINT('',(6.5,-2.725609838252,-0.5));
#2730 = DIRECTION('',(0.,0.,-1.));
#2731 = DIRECTION('',(-0.923879532511,-0.382683432365,-0.));
#2732 = PCURVE('',#2678,#2733);
#2733 = DEFINITIONAL_REPRESENTATION('',(#2734),#2738);
#2734 = CIRCLE('',#2735,1.);
#2735 = AXIS2_PLACEMENT_2D('',#2736,#2737);
#2736 = CARTESIAN_POINT('',(6.5,2.725609838252));
#2737 = DIRECTION('',(-0.923879532511,0.382683432365));
#2738 = ( GEOMETRIC_REPRESENTATION_CONTEXT(2) 
PARAMETRIC_REPRESENTATION_CONTEXT() REPRESENTATION_CONTEXT('2D SPACE',''
  ) );
#2739 = PCURVE('',#2740,#2745);
#2740 = CONICAL_SURFACE('',#2741,0.75,0.785398163397);
#2741 = AXIS2_PLACEMENT_3D('',#2742,#2743,#2744);
#2742 = CARTESIAN_POINT('',(6.5,-2.725609838252,-0.75));
#2743 = DIRECTION('',(0.,0.,1.));
#2744 = DIRECTION('',(-0.923879532511,-0.382683432365,0.));
#2745 = DEFINITIONAL_REPRESENTATION('',(#2746),#2750);
#2746 = LINE('',#2747,#2748);
#2747 = CARTESIAN_POINT('',(12.566370614359,0.25));
#2748 = VECTOR('',#2749,1.);
#2749 = DIRECTION('',(-1.,2.858317476639E-15));
#2750 = ( GEOMETRIC_REPRESENTATION_CONTEXT(2) 
PARAMETRIC_REPRESENTATION_CONTEXT() REPRESENTATION_CONTEXT('2D SPACE',''
  ) );
#2751 = ORIENTED_EDGE('',*,*,#2752,.F.);
#2752 = EDGE_CURVE('',#2525,#2724,#2753,.T.);
#2753 = SURFACE_CURVE('',#2754,(#2758,#2765),.PCURVE_S1.);
#2754 = LINE('',#2755,#2756);
#2755 = CARTESIAN_POINT('',(4.,-3.293744331763,-0.5));
#2756 = VECTOR('',#2757,1.);
#2757 = DIRECTION('',(1.,0.,0.));
#2758 = PCURVE('',#2678,#2759);
#2759 = DEFINITIONAL_REPRESENTATION('',(#2760),#2764);
#2760 = LINE('',#2761,#2762);
#2761 = CARTESIAN_POINT('',(4.,3.293744331763));
#2762 = VECTOR('',#2763,1.);
#2763 = DIRECTION('',(1.,0.));
#2764 = ( GEOMETRIC_REPRESENTATION_CONTEXT(2) 
PARAMETRIC_REPRESENTATION_CONTEXT() REPRESENTATION_CONTEXT('2D SPACE',''
  ) );
#2765 = PCURVE('',#1464,#2766);
#2766 = DEFINITIONAL_REPRESENTATION('',(#2767),#2771);
#2767 = LINE('',#2768,#2769);
#2768 = CARTESIAN_POINT('',(-4.,-0.501909918772));
#2769 = VECTOR('',#2770,1.);
#2770 = DIRECTION('',(1.,0.));
#2771 = ( GEOMETRIC_REPRESENTATION_CONTEXT(2) 
PARAMETRIC_REPRESENTATION_CONTEXT() REPRESENTATION_CONTEXT('2D SPACE',''
  ) );
#2772 = ORIENTED_EDGE('',*,*,#2663,.F.);
#2773 = ORIENTED_EDGE('',*,*,#2774,.F.);
#2774 = EDGE_CURVE('',#2775,#2636,#2777,.T.);
#2775 = VERTEX_POINT('',#2776);
#2776 = CARTESIAN_POINT('',(-5.5,-1.788014575448,-0.5));
#2777 = SURFACE_CURVE('',#2778,(#2782,#2789),.PCURVE_S1.);
#2778 = LINE('',#2779,#2780);
#2779 = CARTESIAN_POINT('',(-5.5,1.668744331763,-0.5));
#2780 = VECTOR('',#2781,1.);
#2781 = DIRECTION('',(1.663261117196E-16,-1.,0.));
#2782 = PCURVE('',#2678,#2783);
#2783 = DEFINITIONAL_REPRESENTATION('',(#2784),#2788);
#2784 = LINE('',#2785,#2786);
#2785 = CARTESIAN_POINT('',(-5.5,-1.668744331763));
#2786 = VECTOR('',#2787,1.);
#2787 = DIRECTION('',(1.663261117196E-16,1.));
#2788 = ( GEOMETRIC_REPRESENTATION_CONTEXT(2) 
PARAMETRIC_REPRESENTATION_CONTEXT() REPRESENTATION_CONTEXT('2D SPACE',''
  ) );
#2789 = PCURVE('',#2651,#2790);
#2790 = DEFINITIONAL_REPRESENTATION('',(#2791),#2795);
#2791 = LINE('',#2792,#2793);
#2792 = CARTESIAN_POINT('',(0.475583458824,-3.347802281056));
#2793 = VECTOR('',#2794,1.);
#2794 = DIRECTION('',(8.524477119306E-16,1.));
#2795 = ( GEOMETRIC_REPRESENTATION_CONTEXT(2) 
PARAMETRIC_REPRESENTATION_CONTEXT() REPRESENTATION_CONTEXT('2D SPACE',''
  ) );
#2796 = ORIENTED_EDGE('',*,*,#2797,.F.);
#2797 = EDGE_CURVE('',#2696,#2775,#2798,.T.);
#2798 = SURFACE_CURVE('',#2799,(#2803,#2810),.PCURVE_S1.);
#2799 = LINE('',#2800,#2801);
#2800 = CARTESIAN_POINT('',(4.,-1.788014575448,-0.5));
#2801 = VECTOR('',#2802,1.);
#2802 = DIRECTION('',(-1.,0.,0.));
#2803 = PCURVE('',#2678,#2804);
#2804 = DEFINITIONAL_REPRESENTATION('',(#2805),#2809);
#2805 = LINE('',#2806,#2807);
#2806 = CARTESIAN_POINT('',(4.,1.788014575448));
#2807 = VECTOR('',#2808,1.);
#2808 = DIRECTION('',(-1.,0.));
#2809 = ( GEOMETRIC_REPRESENTATION_CONTEXT(2) 
PARAMETRIC_REPRESENTATION_CONTEXT() REPRESENTATION_CONTEXT('2D SPACE',''
  ) );
#2810 = PCURVE('',#2811,#2816);
#2811 = PLANE('',#2812);
#2812 = AXIS2_PLACEMENT_3D('',#2813,#2814,#2815);
#2813 = CARTESIAN_POINT('',(8.,-1.755707952862,-0.130733614121));
#2814 = DIRECTION('',(0.,-0.996194698092,8.715574274766E-02));
#2815 = DIRECTION('',(1.,0.,0.));
#2816 = DEFINITIONAL_REPRESENTATION('',(#2817),#2821);
#2817 = LINE('',#2818,#2819);
#2818 = CARTESIAN_POINT('',(-4.,-0.370676923483));
#2819 = VECTOR('',#2820,1.);
#2820 = DIRECTION('',(-1.,0.));
#2821 = ( GEOMETRIC_REPRESENTATION_CONTEXT(2) 
PARAMETRIC_REPRESENTATION_CONTEXT() REPRESENTATION_CONTEXT('2D SPACE',''
  ) );
#2822 = ADVANCED_FACE('',(#2823),#2811,.F.);
#2823 = FACE_BOUND('',#2824,.T.);
#2824 = EDGE_LOOP('',(#2825,#2855,#2896,#2920,#2941,#2942,#2965,#3006));
#2825 = ORIENTED_EDGE('',*,*,#2826,.F.);
#2826 = EDGE_CURVE('',#2827,#2829,#2831,.T.);
#2827 = VERTEX_POINT('',#2828);
#2828 = CARTESIAN_POINT('',(5.655708168045,-1.784202005722,
    -0.456422128626));
#2829 = VERTEX_POINT('',#2830);
#2830 = CARTESIAN_POINT('',(-5.655708168045,-1.784202005722,
    -0.456422128626));
#2831 = SURFACE_CURVE('',#2832,(#2836,#2843),.PCURVE_S1.);
#2832 = LINE('',#2833,#2834);
#2833 = CARTESIAN_POINT('',(4.,-1.784202005722,-0.456422128626));
#2834 = VECTOR('',#2835,1.);
#2835 = DIRECTION('',(-1.,0.,0.));
#2836 = PCURVE('',#2811,#2837);
#2837 = DEFINITIONAL_REPRESENTATION('',(#2838),#2842);
#2838 = LINE('',#2839,#2840);
#2839 = CARTESIAN_POINT('',(-4.,-0.32693259172));
#2840 = VECTOR('',#2841,1.);
#2841 = DIRECTION('',(-1.,0.));
#2842 = ( GEOMETRIC_REPRESENTATION_CONTEXT(2) 
PARAMETRIC_REPRESENTATION_CONTEXT() REPRESENTATION_CONTEXT('2D SPACE',''
  ) );
#2843 = PCURVE('',#2844,#2849);
#2844 = CYLINDRICAL_SURFACE('',#2845,0.5);
#2845 = AXIS2_PLACEMENT_3D('',#2846,#2847,#2848);
#2846 = CARTESIAN_POINT('',(4.,-1.286104656676,-0.5));
#2847 = DIRECTION('',(-1.,0.,0.));
#2848 = DIRECTION('',(0.,-0.675590207616,0.73727733681));
#2849 = DEFINITIONAL_REPRESENTATION('',(#2850),#2854);
#2850 = LINE('',#2851,#2852);
#2851 = CARTESIAN_POINT('',(5.541420375082,0.));
#2852 = VECTOR('',#2853,1.);
#2853 = DIRECTION('',(0.,1.));
#2854 = ( GEOMETRIC_REPRESENTATION_CONTEXT(2) 
PARAMETRIC_REPRESENTATION_CONTEXT() REPRESENTATION_CONTEXT('2D SPACE',''
  ) );
#2855 = ORIENTED_EDGE('',*,*,#2856,.T.);
#2856 = EDGE_CURVE('',#2827,#2857,#2859,.T.);
#2857 = VERTEX_POINT('',#2858);
#2858 = CARTESIAN_POINT('',(5.658028679708,-1.788014575448,-0.5));
#2859 = SURFACE_CURVE('',#2860,(#2865,#2873),.PCURVE_S1.);
#2860 = B_SPLINE_CURVE_WITH_KNOTS('',3,(#2861,#2862,#2863,#2864),
  .UNSPECIFIED.,.F.,.F.,(4,4),(0.138297052075,0.142672556916),
  .PIECEWISE_BEZIER_KNOTS.);
#2861 = CARTESIAN_POINT('',(5.655708282061,-1.784202056248,
    -0.456422118231));
#2862 = CARTESIAN_POINT('',(5.656481515879,-1.785472902342,
    -0.47094804687));
#2863 = CARTESIAN_POINT('',(5.657255002221,-1.78674376066,
    -0.485473999044));
#2864 = CARTESIAN_POINT('',(5.658028751754,-1.788014604546,
    -0.499999993552));
#2865 = PCURVE('',#2811,#2866);
#2866 = DEFINITIONAL_REPRESENTATION('',(#2867),#2872);
#2867 = B_SPLINE_CURVE_WITH_KNOTS('',3,(#2868,#2869,#2870,#2871),
  .UNSPECIFIED.,.F.,.F.,(4,4),(0.138297052075,0.142672556916),
  .PIECEWISE_BEZIER_KNOTS.);
#2868 = CARTESIAN_POINT('',(-2.344291717939,-0.326932585768));
#2869 = CARTESIAN_POINT('',(-2.343518484121,-0.341514000398));
#2870 = CARTESIAN_POINT('',(-2.342744997779,-0.356095439539));
#2871 = CARTESIAN_POINT('',(-2.341971248246,-0.370676919595));
#2872 = ( GEOMETRIC_REPRESENTATION_CONTEXT(2) 
PARAMETRIC_REPRESENTATION_CONTEXT() REPRESENTATION_CONTEXT('2D SPACE',''
  ) );
#2873 = PCURVE('',#2874,#2891);
#2874 = B_SPLINE_SURFACE_WITH_KNOTS('',3,3,(
    (#2875,#2876,#2877,#2878)
    ,(#2879,#2880,#2881,#2882)
    ,(#2883,#2884,#2885,#2886)
    ,(#2887,#2888,#2889,#2890
    )),.UNSPECIFIED.,.F.,.F.,.F.,(4,4),(4,4),(0.,0.241712663386),(
    9.452510422475E-02,0.176877652657),.PIECEWISE_BEZIER_KNOTS.);
#2875 = CARTESIAN_POINT('',(5.802553564542,-1.45131081091,
    -2.808165259831E-02));
#2876 = CARTESIAN_POINT('',(5.818855008768,-1.469129750998,
    -0.30153660532));
#2877 = CARTESIAN_POINT('',(5.835136202386,-1.486981406862,
    -0.574991242818));
#2878 = CARTESIAN_POINT('',(5.851395017084,-1.504869620787,
    -0.848445529125));
#2879 = CARTESIAN_POINT('',(5.7264034118,-1.542918468478,
    -2.712127873856E-02));
#2880 = CARTESIAN_POINT('',(5.742858849274,-1.560752430895,
    -0.300565634482));
#2881 = CARTESIAN_POINT('',(5.759299052117,-1.578618948932,
    -0.574009363798));
#2882 = CARTESIAN_POINT('',(5.775723081787,-1.596522544007,
    -0.847452315496));
#2883 = CARTESIAN_POINT('',(5.666762804502,-1.648188399115,
    -2.428633158088E-02));
#2884 = CARTESIAN_POINT('',(5.683362568857,-1.665999338684,
    -0.297722865948));
#2885 = CARTESIAN_POINT('',(5.69995198711,-1.683841789965,
    -0.571158517762));
#2886 = CARTESIAN_POINT('',(5.716530702806,-1.701720076706,
    -0.844593108924));
#2887 = CARTESIAN_POINT('',(5.62736896464,-1.76052413914,
    -1.975445564209E-02));
#2888 = CARTESIAN_POINT('',(5.644088979434,-1.7782849097,-0.293186180242
    ));
#2889 = CARTESIAN_POINT('',(5.660803023943,-1.796075578079,
    -0.566616826626));
#2890 = CARTESIAN_POINT('',(5.677510538418,-1.813899574393,
    -0.840046278198));
#2891 = DEFINITIONAL_REPRESENTATION('',(#2892),#2895);
#2892 = B_SPLINE_CURVE_WITH_KNOTS('',1,(#2893,#2894),.UNSPECIFIED.,.F.,
  .F.,(2,2),(0.138297052075,0.142672556916),.PIECEWISE_BEZIER_KNOTS.);
#2893 = CARTESIAN_POINT('',(0.238336591762,0.138344925601));
#2894 = CARTESIAN_POINT('',(0.239036515356,0.142723813459));
#2895 = ( GEOMETRIC_REPRESENTATION_CONTEXT(2) 
PARAMETRIC_REPRESENTATION_CONTEXT() REPRESENTATION_CONTEXT('2D SPACE',''
  ) );
#2896 = ORIENTED_EDGE('',*,*,#2897,.T.);
#2897 = EDGE_CURVE('',#2857,#2898,#2900,.T.);
#2898 = VERTEX_POINT('',#2899);
#2899 = CARTESIAN_POINT('',(5.666931763383,-1.802619222654,
    -0.666931764273));
#2900 = SURFACE_CURVE('',#2901,(#2906,#2914),.PCURVE_S1.);
#2901 = B_SPLINE_CURVE_WITH_KNOTS('',3,(#2902,#2903,#2904,#2905),
  .UNSPECIFIED.,.F.,.F.,(4,4),(0.245481400472,0.262204330516),
  .PIECEWISE_BEZIER_KNOTS.);
#2902 = CARTESIAN_POINT('',(5.658028751754,-1.788014604546,
    -0.499999993552));
#2903 = CARTESIAN_POINT('',(5.66099267944,-1.792882761596,-0.55564356126
    ));
#2904 = CARTESIAN_POINT('',(5.663960370921,-1.79775098585,
    -0.611287742946));
#2905 = CARTESIAN_POINT('',(5.66693177098,-1.802619208971,
    -0.666931764896));
#2906 = PCURVE('',#2811,#2907);
#2907 = DEFINITIONAL_REPRESENTATION('',(#2908),#2913);
#2908 = B_SPLINE_CURVE_WITH_KNOTS('',3,(#2909,#2910,#2911,#2912),
  .UNSPECIFIED.,.F.,.F.,(4,4),(0.245481400472,0.262204330516),
  .PIECEWISE_BEZIER_KNOTS.);
#2909 = CARTESIAN_POINT('',(-2.341971248246,-0.370676919595));
#2910 = CARTESIAN_POINT('',(-2.33900732056,-0.426533034573));
#2911 = CARTESIAN_POINT('',(-2.336039629079,-0.482389767048));
#2912 = CARTESIAN_POINT('',(-2.33306822902,-0.538246340298));
#2913 = ( GEOMETRIC_REPRESENTATION_CONTEXT(2) 
PARAMETRIC_REPRESENTATION_CONTEXT() REPRESENTATION_CONTEXT('2D SPACE',''
  ) );
#2914 = PCURVE('',#2874,#2915);
#2915 = DEFINITIONAL_REPRESENTATION('',(#2916),#2919);
#2916 = B_SPLINE_CURVE_WITH_KNOTS('',1,(#2917,#2918),.UNSPECIFIED.,.F.,
  .F.,(2,2),(0.245481400472,0.262204330516),.PIECEWISE_BEZIER_KNOTS.);
#2917 = CARTESIAN_POINT('',(0.239036515356,0.142723813459));
#2918 = CARTESIAN_POINT('',(0.241712654734,0.159497900473));
#2919 = ( GEOMETRIC_REPRESENTATION_CONTEXT(2) 
PARAMETRIC_REPRESENTATION_CONTEXT() REPRESENTATION_CONTEXT('2D SPACE',''
  ) );
#2920 = ORIENTED_EDGE('',*,*,#2921,.F.);
#2921 = EDGE_CURVE('',#2696,#2898,#2922,.T.);
#2922 = SURFACE_CURVE('',#2923,(#2927,#2934),.PCURVE_S1.);
#2923 = LINE('',#2924,#2925);
#2924 = CARTESIAN_POINT('',(6.151873283333,-1.845046097795,
    -1.151873283333));
#2925 = VECTOR('',#2926,1.);
#2926 = DIRECTION('',(0.705757556808,-6.174578541845E-02,-0.705757556808
    ));
#2927 = PCURVE('',#2811,#2928);
#2928 = DEFINITIONAL_REPRESENTATION('',(#2929),#2933);
#2929 = LINE('',#2930,#2931);
#2930 = CARTESIAN_POINT('',(-1.848126716667,-1.025040256857));
#2931 = VECTOR('',#2932,1.);
#2932 = DIRECTION('',(0.705757556808,-0.70845343602));
#2933 = ( GEOMETRIC_REPRESENTATION_CONTEXT(2) 
PARAMETRIC_REPRESENTATION_CONTEXT() REPRESENTATION_CONTEXT('2D SPACE',''
  ) );
#2934 = PCURVE('',#2711,#2935);
#2935 = DEFINITIONAL_REPRESENTATION('',(#2936),#2940);
#2936 = LINE('',#2937,#2938);
#2937 = CARTESIAN_POINT('',(-0.446304579414,-0.165988148502));
#2938 = VECTOR('',#2939,1.);
#2939 = DIRECTION('',(-0.998091908585,-6.174578541845E-02));
#2940 = ( GEOMETRIC_REPRESENTATION_CONTEXT(2) 
PARAMETRIC_REPRESENTATION_CONTEXT() REPRESENTATION_CONTEXT('2D SPACE',''
  ) );
#2941 = ORIENTED_EDGE('',*,*,#2797,.T.);
#2942 = ORIENTED_EDGE('',*,*,#2943,.F.);
#2943 = EDGE_CURVE('',#2944,#2775,#2946,.T.);
#2944 = VERTEX_POINT('',#2945);
#2945 = CARTESIAN_POINT('',(-5.666931770856,-1.80261921298,
    -0.666931770856));
#2946 = SURFACE_CURVE('',#2947,(#2951,#2958),.PCURVE_S1.);
#2947 = LINE('',#2948,#2949);
#2948 = CARTESIAN_POINT('',(-2.09440365407,-1.490063502634,2.90559634593
    ));
#2949 = VECTOR('',#2950,1.);
#2950 = DIRECTION('',(0.705757556808,6.174578541845E-02,0.705757556808)
  );
#2951 = PCURVE('',#2811,#2952);
#2952 = DEFINITIONAL_REPRESENTATION('',(#2953),#2957);
#2953 = LINE('',#2954,#2955);
#2954 = CARTESIAN_POINT('',(-10.09440365407,3.047928247227));
#2955 = VECTOR('',#2956,1.);
#2956 = DIRECTION('',(0.705757556808,0.70845343602));
#2957 = ( GEOMETRIC_REPRESENTATION_CONTEXT(2) 
PARAMETRIC_REPRESENTATION_CONTEXT() REPRESENTATION_CONTEXT('2D SPACE',''
  ) );
#2958 = PCURVE('',#2651,#2959);
#2959 = DEFINITIONAL_REPRESENTATION('',(#2960),#2964);
#2960 = LINE('',#2961,#2962);
#2961 = CARTESIAN_POINT('',(5.291823999207,-0.188994446659));
#2962 = VECTOR('',#2963,1.);
#2963 = DIRECTION('',(0.998091908585,-6.174578541845E-02));
#2964 = ( GEOMETRIC_REPRESENTATION_CONTEXT(2) 
PARAMETRIC_REPRESENTATION_CONTEXT() REPRESENTATION_CONTEXT('2D SPACE',''
  ) );
#2965 = ORIENTED_EDGE('',*,*,#2966,.F.);
#2966 = EDGE_CURVE('',#2967,#2944,#2969,.T.);
#2967 = VERTEX_POINT('',#2968);
#2968 = CARTESIAN_POINT('',(-5.658028679708,-1.788014575448,-0.5));
#2969 = SURFACE_CURVE('',#2970,(#2975,#2983),.PCURVE_S1.);
#2970 = B_SPLINE_CURVE_WITH_KNOTS('',3,(#2971,#2972,#2973,#2974),
  .UNSPECIFIED.,.F.,.F.,(4,4),(-0.279429307406,-0.262709919048),
  .PIECEWISE_BEZIER_KNOTS.);
#2971 = CARTESIAN_POINT('',(-5.658028751753,-1.788014604545,
    -0.499999993552));
#2972 = CARTESIAN_POINT('',(-5.66099270029,-1.792882795842,
    -0.555643952699));
#2973 = CARTESIAN_POINT('',(-5.663960391975,-1.797751020345,
    -0.61128813722));
#2974 = CARTESIAN_POINT('',(-5.666931771305,-1.802619209502,
    -0.666931770968));
#2975 = PCURVE('',#2811,#2976);
#2976 = DEFINITIONAL_REPRESENTATION('',(#2977),#2982);
#2977 = B_SPLINE_CURVE_WITH_KNOTS('',3,(#2978,#2979,#2980,#2981),
  .UNSPECIFIED.,.F.,.F.,(4,4),(-0.279429307406,-0.262709919048),
  .PIECEWISE_BEZIER_KNOTS.);
#2978 = CARTESIAN_POINT('',(-13.65802875175,-0.370676919595));
#2979 = CARTESIAN_POINT('',(-13.66099270029,-0.426533427507));
#2980 = CARTESIAN_POINT('',(-13.66396039197,-0.482390162829));
#2981 = CARTESIAN_POINT('',(-13.6669317713,-0.538246346393));
#2982 = ( GEOMETRIC_REPRESENTATION_CONTEXT(2) 
PARAMETRIC_REPRESENTATION_CONTEXT() REPRESENTATION_CONTEXT('2D SPACE',''
  ) );
#2983 = PCURVE('',#2984,#3001);
#2984 = B_SPLINE_SURFACE_WITH_KNOTS('',3,3,(
    (#2985,#2986,#2987,#2988)
    ,(#2989,#2990,#2991,#2992)
    ,(#2993,#2994,#2995,#2996)
    ,(#2997,#2998,#2999,#3000
    )),.UNSPECIFIED.,.F.,.F.,.F.,(4,4),(4,4),(0.758287345169,1.),(
    9.445498207236E-02,0.176807530504),.PIECEWISE_BEZIER_KNOTS.);
#2985 = CARTESIAN_POINT('',(-5.627368968823,-1.760524127212,
    -1.975445612328E-02));
#2986 = CARTESIAN_POINT('',(-5.644088983605,-1.778284897777,
    -0.293186180722));
#2987 = CARTESIAN_POINT('',(-5.6608030281,-1.796075566162,
    -0.566616827107));
#2988 = CARTESIAN_POINT('',(-5.677510542562,-1.813899562481,
    -0.840046278679));
#2989 = CARTESIAN_POINT('',(-5.66676280871,-1.648188391656,
    -2.428633178288E-02));
#2990 = CARTESIAN_POINT('',(-5.683362573054,-1.665999331226,
    -0.29772286615));
#2991 = CARTESIAN_POINT('',(-5.699951991296,-1.683841782509,
    -0.571158517964));
#2992 = CARTESIAN_POINT('',(-5.716530706982,-1.701720069252,
    -0.844593109127));
#2993 = CARTESIAN_POINT('',(-5.726403414496,-1.542918465235,
    -2.712127877254E-02));
#2994 = CARTESIAN_POINT('',(-5.742858851963,-1.560752427652,
    -0.300565634515));
#2995 = CARTESIAN_POINT('',(-5.759299054801,-1.578618945688,
    -0.574009363831));
#2996 = CARTESIAN_POINT('',(-5.775723084465,-1.596522540763,
    -0.847452315529));
#2997 = CARTESIAN_POINT('',(-5.802553564542,-1.45131081091,
    -2.80816525983E-02));
#2998 = CARTESIAN_POINT('',(-5.818855008768,-1.469129750998,
    -0.301536605319));
#2999 = CARTESIAN_POINT('',(-5.835136202385,-1.486981406862,
    -0.574991242817));
#3000 = CARTESIAN_POINT('',(-5.851395017084,-1.504869620787,
    -0.848445529123));
#3001 = DEFINITIONAL_REPRESENTATION('',(#3002),#3005);
#3002 = B_SPLINE_CURVE_WITH_KNOTS('',1,(#3003,#3004),.UNSPECIFIED.,.F.,
  .F.,(2,2),(-0.279429307406,-0.262709919048),.PIECEWISE_BEZIER_KNOTS.);
#3003 = CARTESIAN_POINT('',(0.760963484644,0.142653691306));
#3004 = CARTESIAN_POINT('',(0.758287345169,0.159427778931));
#3005 = ( GEOMETRIC_REPRESENTATION_CONTEXT(2) 
PARAMETRIC_REPRESENTATION_CONTEXT() REPRESENTATION_CONTEXT('2D SPACE',''
  ) );
#3006 = ORIENTED_EDGE('',*,*,#3007,.T.);
#3007 = EDGE_CURVE('',#2967,#2829,#3008,.T.);
#3008 = SURFACE_CURVE('',#3009,(#3014,#3022),.PCURVE_S1.);
#3009 = B_SPLINE_CURVE_WITH_KNOTS('',3,(#3010,#3011,#3012,#3013),
  .UNSPECIFIED.,.F.,.F.,(4,4),(0.477059237076,0.481434270275),
  .PIECEWISE_BEZIER_KNOTS.);
#3010 = CARTESIAN_POINT('',(-5.658028751753,-1.788014604545,
    -0.499999993552));
#3011 = CARTESIAN_POINT('',(-5.657255002021,-1.786743759264,
    -0.485473990849));
#3012 = CARTESIAN_POINT('',(-5.656481515405,-1.785472901548,
    -0.47094803791));
#3013 = CARTESIAN_POINT('',(-5.65570828206,-1.784202056247,
    -0.456422118231));
#3014 = PCURVE('',#2811,#3015);
#3015 = DEFINITIONAL_REPRESENTATION('',(#3016),#3021);
#3016 = B_SPLINE_CURVE_WITH_KNOTS('',3,(#3017,#3018,#3019,#3020),
  .UNSPECIFIED.,.F.,.F.,(4,4),(0.477059237076,0.481434270275),
  .PIECEWISE_BEZIER_KNOTS.);
#3017 = CARTESIAN_POINT('',(-13.65802875175,-0.370676919595));
#3018 = CARTESIAN_POINT('',(-13.65725500202,-0.356095431254));
#3019 = CARTESIAN_POINT('',(-13.6564815154,-0.341513991403));
#3020 = CARTESIAN_POINT('',(-13.65570828206,-0.326932585768));
#3021 = ( GEOMETRIC_REPRESENTATION_CONTEXT(2) 
PARAMETRIC_REPRESENTATION_CONTEXT() REPRESENTATION_CONTEXT('2D SPACE',''
  ) );
#3022 = PCURVE('',#2984,#3023);
#3023 = DEFINITIONAL_REPRESENTATION('',(#3024),#3027);
#3024 = B_SPLINE_CURVE_WITH_KNOTS('',1,(#3025,#3026),.UNSPECIFIED.,.F.,
  .F.,(2,2),(0.477059237076,0.481434270275),.PIECEWISE_BEZIER_KNOTS.);
#3025 = CARTESIAN_POINT('',(0.760963484644,0.142653691306));
#3026 = CARTESIAN_POINT('',(0.761663408238,0.138274803449));
#3027 = ( GEOMETRIC_REPRESENTATION_CONTEXT(2) 
PARAMETRIC_REPRESENTATION_CONTEXT() REPRESENTATION_CONTEXT('2D SPACE',''
  ) );
#3028 = ADVANCED_FACE('',(#3029),#2984,.F.);
#3029 = FACE_BOUND('',#3030,.F.);
#3030 = EDGE_LOOP('',(#3031,#3084,#3134,#3164,#3186,#3187,#3188));
#3031 = ORIENTED_EDGE('',*,*,#3032,.F.);
#3032 = EDGE_CURVE('',#3033,#3035,#3037,.T.);
#3033 = VERTEX_POINT('',#3034);
#3034 = CARTESIAN_POINT('',(-5.851395017084,-1.504869620787,
    -0.848445529123));
#3035 = VERTEX_POINT('',#3036);
#3036 = CARTESIAN_POINT('',(-5.802553564541,-1.451310810906,
    -2.808165259858E-02));
#3037 = SURFACE_CURVE('',#3038,(#3043,#3050),.PCURVE_S1.);
#3038 = B_SPLINE_CURVE_WITH_KNOTS('',3,(#3039,#3040,#3041,#3042),
  .UNSPECIFIED.,.F.,.F.,(4,4),(0.141828665238,0.22418121367),
  .PIECEWISE_BEZIER_KNOTS.);
#3039 = CARTESIAN_POINT('',(-5.851395017084,-1.504869620787,
    -0.848445529123));
#3040 = CARTESIAN_POINT('',(-5.835136202385,-1.486981406862,
    -0.574991242817));
#3041 = CARTESIAN_POINT('',(-5.818855008768,-1.469129750998,
    -0.301536605319));
#3042 = CARTESIAN_POINT('',(-5.802553564542,-1.45131081091,
    -2.80816525983E-02));
#3043 = PCURVE('',#2984,#3044);
#3044 = DEFINITIONAL_REPRESENTATION('',(#3045),#3049);
#3045 = LINE('',#3046,#3047);
#3046 = CARTESIAN_POINT('',(1.,0.318636195742));
#3047 = VECTOR('',#3048,1.);
#3048 = DIRECTION('',(0.,-1.));
#3049 = ( GEOMETRIC_REPRESENTATION_CONTEXT(2) 
PARAMETRIC_REPRESENTATION_CONTEXT() REPRESENTATION_CONTEXT('2D SPACE',''
  ) );
#3050 = PCURVE('',#3051,#3056);
#3051 = CONICAL_SURFACE('',#3052,2.789718885006,8.726646259972E-02);
#3052 = AXIS2_PLACEMENT_3D('',#3053,#3054,#3055);
#3053 = CARTESIAN_POINT('',(-8.149178971877,-3.399178971877,-3.));
#3054 = DIRECTION('',(0.,0.,1.));
#3055 = DIRECTION('',(1.,0.,-0.));
#3056 = DEFINITIONAL_REPRESENTATION('',(#3057),#3083);
#3057 = B_SPLINE_CURVE_WITH_KNOTS('',3,(#3058,#3059,#3060,#3061,#3062,
    #3063,#3064,#3065,#3066,#3067,#3068,#3069,#3070,#3071,#3072,#3073,
    #3074,#3075,#3076,#3077,#3078,#3079,#3080,#3081,#3082),
  .UNSPECIFIED.,.F.,.F.,(4,1,1,1,1,1,1,1,1,1,1,1,1,1,1,1,1,1,1,1,1,1,4),
  (0.141828665238,0.145571962894,0.14931526055,0.153058558206,
    0.156801855862,0.160545153518,0.164288451174,0.16803174883,
    0.171775046486,0.175518344142,0.179261641798,0.183004939454,
    0.18674823711,0.190491534766,0.194234832422,0.197978130078,
    0.201721427734,0.20546472539,0.209208023046,0.212951320702,
    0.216694618358,0.220437916014,0.22418121367),.QUASI_UNIFORM_KNOTS.);
#3058 = CARTESIAN_POINT('',(0.689447142237,2.151554470877));
#3059 = CARTESIAN_POINT('',(0.68949995609,2.163984211164));
#3060 = CARTESIAN_POINT('',(0.689605409189,2.188843693192));
#3061 = CARTESIAN_POINT('',(0.689763067539,2.226132920579));
#3062 = CARTESIAN_POINT('',(0.689920207119,2.263422152285));
#3063 = CARTESIAN_POINT('',(0.690076830444,2.300711388288));
#3064 = CARTESIAN_POINT('',(0.690232940018,2.338000628564));
#3065 = CARTESIAN_POINT('',(0.690388538332,2.375289873092));
#3066 = CARTESIAN_POINT('',(0.69054362787,2.41257912185));
#3067 = CARTESIAN_POINT('',(0.690698211103,2.449868374815));
#3068 = CARTESIAN_POINT('',(0.69085229049,2.487157631966));
#3069 = CARTESIAN_POINT('',(0.691005868482,2.524446893283));
#3070 = CARTESIAN_POINT('',(0.691158947517,2.561736158744));
#3071 = CARTESIAN_POINT('',(0.691311530025,2.599025428329));
#3072 = CARTESIAN_POINT('',(0.691463618422,2.636314702019));
#3073 = CARTESIAN_POINT('',(0.691615215116,2.673603979792));
#3074 = CARTESIAN_POINT('',(0.691766322504,2.710893261631));
#3075 = CARTESIAN_POINT('',(0.691916942973,2.748182547515));
#3076 = CARTESIAN_POINT('',(0.692067078899,2.785471837426));
#3077 = CARTESIAN_POINT('',(0.692216732647,2.822761131345));
#3078 = CARTESIAN_POINT('',(0.692365906575,2.860050429255));
#3079 = CARTESIAN_POINT('',(0.692514603026,2.897339731137));
#3080 = CARTESIAN_POINT('',(0.692662824337,2.934629036974));
#3081 = CARTESIAN_POINT('',(0.692761323333,2.959488576824));
#3082 = CARTESIAN_POINT('',(0.692810494416,2.971918347402));
#3083 = ( GEOMETRIC_REPRESENTATION_CONTEXT(2) 
PARAMETRIC_REPRESENTATION_CONTEXT() REPRESENTATION_CONTEXT('2D SPACE',''
  ) );
#3084 = ORIENTED_EDGE('',*,*,#3085,.T.);
#3085 = EDGE_CURVE('',#3033,#3086,#3088,.T.);
#3086 = VERTEX_POINT('',#3087);
#3087 = CARTESIAN_POINT('',(-5.796512633707,-1.570101323138,
    -0.796512633707));
#3088 = SURFACE_CURVE('',#3089,(#3097,#3103),.PCURVE_S1.);
#3089 = B_SPLINE_CURVE_WITH_KNOTS('',3,(#3090,#3091,#3092,#3093,#3094,
    #3095,#3096),.UNSPECIFIED.,.F.,.F.,(4,3,4),(0.,8.150534710154E-03,
    9.979232191183E-03),.UNSPECIFIED.);
#3090 = CARTESIAN_POINT('',(-5.851312351389,-1.504869620787,
    -0.848548963818));
#3091 = CARTESIAN_POINT('',(-5.835620122545,-1.522009857214,
    -0.834468808069));
#3092 = CARTESIAN_POINT('',(-5.820554321801,-1.539662611675,
    -0.8202267862));
#3093 = CARTESIAN_POINT('',(-5.806127543899,-1.557811030303,
    -0.806046050935));
#3094 = CARTESIAN_POINT('',(-5.802890674988,-1.561882906396,
    -0.802864385464));
#3095 = CARTESIAN_POINT('',(-5.799685766258,-1.565979734126,
    -0.799685766258));
#3096 = CARTESIAN_POINT('',(-5.796512633707,-1.570101323138,
    -0.796512633707));
#3097 = PCURVE('',#2984,#3098);
#3098 = DEFINITIONAL_REPRESENTATION('',(#3099),#3102);
#3099 = B_SPLINE_CURVE_WITH_KNOTS('',1,(#3100,#3101),.UNSPECIFIED.,.F.,
  .F.,(2,2),(5.85763721267E-07,9.979232191183E-03),
  .PIECEWISE_BEZIER_KNOTS.);
#3100 = CARTESIAN_POINT('',(0.999961775212,0.176817021648));
#3101 = CARTESIAN_POINT('',(0.941713634619,0.171698436661));
#3102 = ( GEOMETRIC_REPRESENTATION_CONTEXT(2) 
PARAMETRIC_REPRESENTATION_CONTEXT() REPRESENTATION_CONTEXT('2D SPACE',''
  ) );
#3103 = PCURVE('',#3104,#3129);
#3104 = B_SPLINE_SURFACE_WITH_KNOTS('',3,3,(
    (#3105,#3106,#3107,#3108,#3109,#3110)
    ,(#3111,#3112,#3113,#3114,#3115,#3116)
    ,(#3117,#3118,#3119,#3120,#3121,#3122)
    ,(#3123,#3124,#3125,#3126,#3127,#3128
    )),.UNSPECIFIED.,.F.,.F.,.F.,(4,4),(4,1,1,4),(0.,0.406974732586),(
    0.452837015923,0.463671868136,0.471798007295,0.490758998666),
  .UNSPECIFIED.);
#3105 = CARTESIAN_POINT('',(-6.167310021869,-1.190881495706,
    -0.971176566249));
#3106 = CARTESIAN_POINT('',(-6.128856140078,-1.226997669747,
    -0.984831149826));
#3107 = CARTESIAN_POINT('',(-6.079060172027,-1.290200974319,
    -0.994997256205));
#3108 = CARTESIAN_POINT('',(-6.015976293943,-1.416607583463,
    -1.001086679303));
#3109 = CARTESIAN_POINT('',(-6.,-1.506898018566,-1.));
#3110 = CARTESIAN_POINT('',(-6.,-1.570101323138,-1.));
#3111 = CARTESIAN_POINT('',(-6.076783915969,-1.190881495706,
    -0.907257580566));
#3112 = CARTESIAN_POINT('',(-6.043546620263,-1.226997669747,
    -0.91905980731));
#3113 = CARTESIAN_POINT('',(-6.000505885806,-1.290200974319,
    -0.927846797547));
#3114 = CARTESIAN_POINT('',(-5.945979855861,-1.416607583463,
    -0.9331101402));
#3115 = CARTESIAN_POINT('',(-5.932170877902,-1.506898018566,
    -0.932170877902));
#3116 = CARTESIAN_POINT('',(-5.932170877902,-1.570101323138,
    -0.932170877902));
#3117 = CARTESIAN_POINT('',(-5.986257810068,-1.190881495706,
    -0.843338594882));
#3118 = CARTESIAN_POINT('',(-5.958237100449,-1.226997669747,
    -0.853288464793));
#3119 = CARTESIAN_POINT('',(-5.921951599586,-1.290200974319,
    -0.860696338889));
#3120 = CARTESIAN_POINT('',(-5.875983417778,-1.416607583463,
    -0.865133601096));
#3121 = CARTESIAN_POINT('',(-5.864341755805,-1.506898018566,
    -0.864341755805));
#3122 = CARTESIAN_POINT('',(-5.864341755805,-1.570101323138,
    -0.864341755805));
#3123 = CARTESIAN_POINT('',(-5.895731704167,-1.190881495706,
    -0.779419609199));
#3124 = CARTESIAN_POINT('',(-5.872927580635,-1.226997669747,
    -0.787517122277));
#3125 = CARTESIAN_POINT('',(-5.843397313365,-1.290200974319,
    -0.793545880231));
#3126 = CARTESIAN_POINT('',(-5.805986979695,-1.416607583463,
    -0.797157061992));
#3127 = CARTESIAN_POINT('',(-5.796512633707,-1.506898018566,
    -0.796512633707));
#3128 = CARTESIAN_POINT('',(-5.796512633707,-1.570101323138,
    -0.796512633707));
#3129 = DEFINITIONAL_REPRESENTATION('',(#3130),#3133);
#3130 = B_SPLINE_CURVE_WITH_KNOTS('',1,(#3131,#3132),.UNSPECIFIED.,.F.,
  .F.,(2,2),(5.85763721267E-07,9.979232191183E-03),
  .PIECEWISE_BEZIER_KNOTS.);
#3131 = CARTESIAN_POINT('',(0.303090245059,0.484236197983));
#3132 = CARTESIAN_POINT('',(0.406974732586,0.490758998666));
#3133 = ( GEOMETRIC_REPRESENTATION_CONTEXT(2) 
PARAMETRIC_REPRESENTATION_CONTEXT() REPRESENTATION_CONTEXT('2D SPACE',''
  ) );
#3134 = ORIENTED_EDGE('',*,*,#3135,.T.);
#3135 = EDGE_CURVE('',#3086,#3136,#3138,.T.);
#3136 = VERTEX_POINT('',#3137);
#3137 = CARTESIAN_POINT('',(-5.67257657751,-1.788014575448,
    -0.67257657751));
#3138 = SURFACE_CURVE('',#3139,(#3147,#3153),.PCURVE_S1.);
#3139 = B_SPLINE_CURVE_WITH_KNOTS('',3,(#3140,#3141,#3142,#3143,#3144,
    #3145,#3146),.UNSPECIFIED.,.F.,.F.,(4,3,4),(-2.808975628809E-02,
    -1.851394957631E-02,0.),.UNSPECIFIED.);
#3140 = CARTESIAN_POINT('',(-5.796512633707,-1.570101323138,
    -0.796512633707));
#3141 = CARTESIAN_POINT('',(-5.779870257894,-1.591717773784,
    -0.779870257894));
#3142 = CARTESIAN_POINT('',(-5.763941401403,-1.614414930471,
    -0.763941401403));
#3143 = CARTESIAN_POINT('',(-5.748877115736,-1.638205028101,
    -0.748877115736));
#3144 = CARTESIAN_POINT('',(-5.719751822505,-1.684200808107,
    -0.719751822505));
#3145 = CARTESIAN_POINT('',(-5.693921120958,-1.734187670505,
    -0.693921120958));
#3146 = CARTESIAN_POINT('',(-5.67257657751,-1.788014575448,
    -0.67257657751));
#3147 = PCURVE('',#2984,#3148);
#3148 = DEFINITIONAL_REPRESENTATION('',(#3149),#3152);
#3149 = B_SPLINE_CURVE_WITH_KNOTS('',1,(#3150,#3151),.UNSPECIFIED.,.F.,
  .F.,(2,2),(-2.808975628809E-02,0.),.PIECEWISE_BEZIER_KNOTS.);
#3150 = CARTESIAN_POINT('',(0.941713634619,0.171698436661));
#3151 = CARTESIAN_POINT('',(0.76903983652,0.159934608767));
#3152 = ( GEOMETRIC_REPRESENTATION_CONTEXT(2) 
PARAMETRIC_REPRESENTATION_CONTEXT() REPRESENTATION_CONTEXT('2D SPACE',''
  ) );
#3153 = PCURVE('',#2651,#3154);
#3154 = DEFINITIONAL_REPRESENTATION('',(#3155),#3163);
#3155 = B_SPLINE_CURVE_WITH_KNOTS('',3,(#3156,#3157,#3158,#3159,#3160,
    #3161,#3162),.UNSPECIFIED.,.F.,.F.,(4,3,4),(-2.808975628809E-02,
    -1.851394957631E-02,0.),.UNSPECIFIED.);
#3156 = CARTESIAN_POINT('',(5.625127082064E-02,-0.108956626155));
#3157 = CARTESIAN_POINT('',(7.978714440564E-02,-8.734017550929E-02));
#3158 = CARTESIAN_POINT('',(0.102313949288,-6.464301882147E-02));
#3159 = CARTESIAN_POINT('',(0.123618066386,-4.085292119142E-02));
#3160 = CARTESIAN_POINT('',(0.164807451081,5.142858813746E-03));
#3161 = CARTESIAN_POINT('',(0.201337579535,5.512972121263E-02));
#3162 = CARTESIAN_POINT('',(0.231523322362,0.108956626155));
#3163 = ( GEOMETRIC_REPRESENTATION_CONTEXT(2) 
PARAMETRIC_REPRESENTATION_CONTEXT() REPRESENTATION_CONTEXT('2D SPACE',''
  ) );
#3164 = ORIENTED_EDGE('',*,*,#3165,.T.);
#3165 = EDGE_CURVE('',#3136,#2944,#3166,.T.);
#3166 = SURFACE_CURVE('',#3167,(#3172,#3178),.PCURVE_S1.);
#3167 = B_SPLINE_CURVE_WITH_KNOTS('',3,(#3168,#3169,#3170,#3171),
  .UNSPECIFIED.,.F.,.F.,(4,4),(-0.141754680048,-0.139797547492),
  .PIECEWISE_BEZIER_KNOTS.);
#3168 = CARTESIAN_POINT('',(-5.672577649763,-1.788015125985,
    -0.67257647657));
#3169 = CARTESIAN_POINT('',(-5.670656823176,-1.792857016981,
    -0.670656395039));
#3170 = CARTESIAN_POINT('',(-5.66877460272,-1.797725138684,
    -0.668774604006));
#3171 = CARTESIAN_POINT('',(-5.666931771305,-1.802619209502,
    -0.666931770968));
#3172 = PCURVE('',#2984,#3173);
#3173 = DEFINITIONAL_REPRESENTATION('',(#3174),#3177);
#3174 = B_SPLINE_CURVE_WITH_KNOTS('',1,(#3175,#3176),.UNSPECIFIED.,.F.,
  .F.,(2,2),(-0.141754680048,-0.139797547492),.PIECEWISE_BEZIER_KNOTS.);
#3175 = CARTESIAN_POINT('',(0.769039733795,0.159934608758));
#3176 = CARTESIAN_POINT('',(0.758287345169,0.159427778931));
#3177 = ( GEOMETRIC_REPRESENTATION_CONTEXT(2) 
PARAMETRIC_REPRESENTATION_CONTEXT() REPRESENTATION_CONTEXT('2D SPACE',''
  ) );
#3178 = PCURVE('',#2651,#3179);
#3179 = DEFINITIONAL_REPRESENTATION('',(#3180),#3185);
#3180 = B_SPLINE_CURVE_WITH_KNOTS('',3,(#3181,#3182,#3183,#3184),
  .UNSPECIFIED.,.F.,.F.,(4,4),(-0.141754680048,-0.139797547492),
  .PIECEWISE_BEZIER_KNOTS.);
#3181 = CARTESIAN_POINT('',(0.23152263554,0.108957176692));
#3182 = CARTESIAN_POINT('',(0.234238567716,0.113799067688));
#3183 = CARTESIAN_POINT('',(0.236900125764,0.118667189392));
#3184 = CARTESIAN_POINT('',(0.239506284092,0.12356126021));
#3185 = ( GEOMETRIC_REPRESENTATION_CONTEXT(2) 
PARAMETRIC_REPRESENTATION_CONTEXT() REPRESENTATION_CONTEXT('2D SPACE',''
  ) );
#3186 = ORIENTED_EDGE('',*,*,#2966,.F.);
#3187 = ORIENTED_EDGE('',*,*,#3007,.T.);
#3188 = ORIENTED_EDGE('',*,*,#3189,.F.);
#3189 = EDGE_CURVE('',#3035,#2829,#3190,.T.);
#3190 = SURFACE_CURVE('',#3191,(#3223,#3274),.PCURVE_S1.);
#3191 = B_SPLINE_CURVE_WITH_KNOTS('',3,(#3192,#3193,#3194,#3195,#3196,
    #3197,#3198,#3199,#3200,#3201,#3202,#3203,#3204,#3205,#3206,#3207,
    #3208,#3209,#3210,#3211,#3212,#3213,#3214,#3215,#3216,#3217,#3218,
    #3219,#3220,#3221,#3222),.UNSPECIFIED.,.F.,.F.,(4,3,3,3,3,3,3,3,3,3,
    4),(-6.504912127263E-02,-5.639564421794E-02,-5.552064936084E-02,
    -4.679620875914E-02,-4.559891064457E-02,-3.66642514249E-02,
    -2.772959220523E-02,-2.042574704495E-02,-1.319342881835E-02,
    -6.253707616194E-03,-4.38623325604E-03),.UNSPECIFIED.);
#3192 = CARTESIAN_POINT('',(-5.802553564542,-1.451310810911,
    -2.808165261019E-02));
#3193 = CARTESIAN_POINT('',(-5.785275913405,-1.473173841685,
    -3.57353224752E-02));
#3194 = CARTESIAN_POINT('',(-5.769465665282,-1.495363182111,
    -4.520107662981E-02));
#3195 = CARTESIAN_POINT('',(-5.755140307961,-1.517562889356,
    -5.679161891471E-02));
#3196 = CARTESIAN_POINT('',(-5.753691801897,-1.519807608969,
    -5.796359462184E-02));
#3197 = CARTESIAN_POINT('',(-5.752258433892,-1.522052434368,
    -5.915729733784E-02));
#3198 = CARTESIAN_POINT('',(-5.750840192766,-1.524297039623,
    -6.037305211558E-02));
#3199 = CARTESIAN_POINT('',(-5.736699126264,-1.54667765714,
    -7.249515804406E-02));
#3200 = CARTESIAN_POINT('',(-5.724242296422,-1.568755824161,
    -8.666077295098E-02));
#3201 = CARTESIAN_POINT('',(-5.713372657187,-1.590144486383,
    -0.103042423157));
#3202 = CARTESIAN_POINT('',(-5.711880962859,-1.593079758238,-0.105290558
    ));
#3203 = CARTESIAN_POINT('',(-5.710419089786,-1.596002081378,
    -0.107580430499));
#3204 = CARTESIAN_POINT('',(-5.708986722775,-1.598910492478,
    -0.109912488266));
#3205 = CARTESIAN_POINT('',(-5.698297896854,-1.620614078025,
    -0.127315122722));
#3206 = CARTESIAN_POINT('',(-5.689440610774,-1.641158540993,
    -0.146769462848));
#3207 = CARTESIAN_POINT('',(-5.682171472997,-1.660121385586,
    -0.168142343218));
#3208 = CARTESIAN_POINT('',(-5.674902335219,-1.679084230178,
    -0.189515223587));
#3209 = CARTESIAN_POINT('',(-5.669219137134,-1.696465672163,
    -0.212806767949));
#3210 = CARTESIAN_POINT('',(-5.66488792891,-1.711898070135,
    -0.237879820479));
#3211 = CARTESIAN_POINT('',(-5.661347281925,-1.724513643092,
    -0.25837637092));
#3212 = CARTESIAN_POINT('',(-5.658753010583,-1.735671977668,
    -0.279821820477));
#3213 = CARTESIAN_POINT('',(-5.656959145451,-1.745243386083,
    -0.302021770033));
#3214 = CARTESIAN_POINT('',(-5.655182847733,-1.7547210612,
    -0.324004314333));
#3215 = CARTESIAN_POINT('',(-5.65419085435,-1.762643055317,
    -0.346726664883));
#3216 = CARTESIAN_POINT('',(-5.653885006738,-1.768908378552,
    -0.369995824386));
#3217 = CARTESIAN_POINT('',(-5.653591533822,-1.774920204727,
    -0.392323505964));
#3218 = CARTESIAN_POINT('',(-5.653931660256,-1.779371085768,
    -0.415026870295));
#3219 = CARTESIAN_POINT('',(-5.654845574772,-1.782234882393,
    -0.43791171198));
#3220 = CARTESIAN_POINT('',(-5.655091508561,-1.78300552816,
    -0.444070007657));
#3221 = CARTESIAN_POINT('',(-5.65537926515,-1.783661348637,
    -0.450241421631));
#3222 = CARTESIAN_POINT('',(-5.65570828206,-1.784202056247,
    -0.456422118231));
#3223 = PCURVE('',#2984,#3224);
#3224 = DEFINITIONAL_REPRESENTATION('',(#3225),#3273);
#3225 = B_SPLINE_CURVE_WITH_KNOTS('',3,(#3226,#3227,#3228,#3229,#3230,
    #3231,#3232,#3233,#3234,#3235,#3236,#3237,#3238,#3239,#3240,#3241,
    #3242,#3243,#3244,#3245,#3246,#3247,#3248,#3249,#3250,#3251,#3252,
    #3253,#3254,#3255,#3256,#3257,#3258,#3259,#3260,#3261,#3262,#3263,
    #3264,#3265,#3266,#3267,#3268,#3269,#3270,#3271,#3272),
  .UNSPECIFIED.,.F.,.F.,(4,1,1,1,1,1,1,1,1,1,1,1,1,1,1,1,1,1,1,1,1,1,1,1
    ,1,1,1,1,1,1,1,1,1,1,1,1,1,1,1,1,1,1,1,1,4),(-6.504912127263E-02,
    -6.367041927246E-02,-6.22917172723E-02,-6.091301527214E-02,
    -5.953431327198E-02,-5.815561127181E-02,-5.677690927165E-02,
    -5.539820727149E-02,-5.401950527132E-02,-5.264080327116E-02,
    -5.1262101271E-02,-4.988339927084E-02,-4.850469727067E-02,
    -4.712599527051E-02,-4.574729327035E-02,-4.436859127019E-02,
    -4.298988927002E-02,-4.161118726986E-02,-4.02324852697E-02,
    -3.885378326954E-02,-3.747508126937E-02,-3.609637926921E-02,
    -3.471767726905E-02,-3.333897526889E-02,-3.196027326872E-02,
    -3.058157126856E-02,-2.92028692684E-02,-2.782416726824E-02,
    -2.644546526807E-02,-2.506676326791E-02,-2.368806126775E-02,
    -2.230935926758E-02,-2.093065726742E-02,-1.955195526726E-02,
    -1.81732532671E-02,-1.679455126693E-02,-1.541584926677E-02,
    -1.403714726661E-02,-1.265844526645E-02,-1.127974326628E-02,
    -9.901041266122E-03,-8.522339265959E-03,-7.143637265796E-03,
    -5.764935265634E-03,-4.386233265471E-03),.UNSPECIFIED.);
#3226 = CARTESIAN_POINT('',(1.,9.445498207236E-02));
#3227 = CARTESIAN_POINT('',(0.99700830608,9.458097253183E-02));
#3228 = CARTESIAN_POINT('',(0.991049121071,9.484268111883E-02));
#3229 = CARTESIAN_POINT('',(0.982185754787,9.526513718259E-02));
#3230 = CARTESIAN_POINT('',(0.973400519243,9.571820007758E-02));
#3231 = CARTESIAN_POINT('',(0.964696425223,9.620257131091E-02));
#3232 = CARTESIAN_POINT('',(0.956075910771,9.671899748064E-02));
#3233 = CARTESIAN_POINT('',(0.947543897169,9.726805696512E-02));
#3234 = CARTESIAN_POINT('',(0.93909640395,9.785095593359E-02));
#3235 = CARTESIAN_POINT('',(0.930763308067,9.846650257812E-02));
#3236 = CARTESIAN_POINT('',(0.922562744287,9.911397281062E-02));
#3237 = CARTESIAN_POINT('',(0.914493788553,9.979398896691E-02));
#3238 = CARTESIAN_POINT('',(0.906560877749,0.100506801794));
#3239 = CARTESIAN_POINT('',(0.898766775356,0.101252801969));
#3240 = CARTESIAN_POINT('',(0.891116263422,0.102032192034));
#3241 = CARTESIAN_POINT('',(0.883608383761,0.102845787148));
#3242 = CARTESIAN_POINT('',(0.87626295132,0.103692140124));
#3243 = CARTESIAN_POINT('',(0.869117074007,0.104567202322));
#3244 = CARTESIAN_POINT('',(0.862164819623,0.105471531794));
#3245 = CARTESIAN_POINT('',(0.855411570393,0.106404493012));
#3246 = CARTESIAN_POINT('',(0.848859840409,0.107365770288));
#3247 = CARTESIAN_POINT('',(0.842513040725,0.108354962151));
#3248 = CARTESIAN_POINT('',(0.836374581534,0.109371690412));
#3249 = CARTESIAN_POINT('',(0.830447573653,0.110415569525));
#3250 = CARTESIAN_POINT('',(0.824734847071,0.111486220108));
#3251 = CARTESIAN_POINT('',(0.819239481914,0.112583245503));
#3252 = CARTESIAN_POINT('',(0.813964360462,0.113706311986));
#3253 = CARTESIAN_POINT('',(0.80891343521,0.114854851363));
#3254 = CARTESIAN_POINT('',(0.804087091528,0.116029170373));
#3255 = CARTESIAN_POINT('',(0.799499414573,0.117226310486));
#3256 = CARTESIAN_POINT('',(0.795168677472,0.118441345201));
#3257 = CARTESIAN_POINT('',(0.791091799787,0.119674496406));
#3258 = CARTESIAN_POINT('',(0.787271413556,0.120924626394));
#3259 = CARTESIAN_POINT('',(0.783708683818,0.122190962014));
#3260 = CARTESIAN_POINT('',(0.780405265706,0.123472631481));
#3261 = CARTESIAN_POINT('',(0.777362508459,0.124768792979));
#3262 = CARTESIAN_POINT('',(0.774581838328,0.126078583476));
#3263 = CARTESIAN_POINT('',(0.772064636054,0.127401194835));
#3264 = CARTESIAN_POINT('',(0.76981256004,0.128735620547));
#3265 = CARTESIAN_POINT('',(0.767826360139,0.130081592696));
#3266 = CARTESIAN_POINT('',(0.766112311592,0.131434687194));
#3267 = CARTESIAN_POINT('',(0.764670090451,0.132793991351));
#3268 = CARTESIAN_POINT('',(0.763499660708,0.134158563927));
#3269 = CARTESIAN_POINT('',(0.762600917093,0.135527471334));
#3270 = CARTESIAN_POINT('',(0.761973786757,0.13689977793));
#3271 = CARTESIAN_POINT('',(0.7617367096,0.13781629173));
#3272 = CARTESIAN_POINT('',(0.761663408239,0.138274803439));
#3273 = ( GEOMETRIC_REPRESENTATION_CONTEXT(2) 
PARAMETRIC_REPRESENTATION_CONTEXT() REPRESENTATION_CONTEXT('2D SPACE',''
  ) );
#3274 = PCURVE('',#2844,#3275);
#3275 = DEFINITIONAL_REPRESENTATION('',(#3276),#3324);
#3276 = B_SPLINE_CURVE_WITH_KNOTS('',3,(#3277,#3278,#3279,#3280,#3281,
    #3282,#3283,#3284,#3285,#3286,#3287,#3288,#3289,#3290,#3291,#3292,
    #3293,#3294,#3295,#3296,#3297,#3298,#3299,#3300,#3301,#3302,#3303,
    #3304,#3305,#3306,#3307,#3308,#3309,#3310,#3311,#3312,#3313,#3314,
    #3315,#3316,#3317,#3318,#3319,#3320,#3321,#3322,#3323),
  .UNSPECIFIED.,.F.,.F.,(4,1,1,1,1,1,1,1,1,1,1,1,1,1,1,1,1,1,1,1,1,1,1,1
    ,1,1,1,1,1,1,1,1,1,1,1,1,1,1,1,1,1,1,1,1,4),(-6.504912127263E-02,
    -6.367041927246E-02,-6.22917172723E-02,-6.091301527214E-02,
    -5.953431327198E-02,-5.815561127181E-02,-5.677690927165E-02,
    -5.539820727149E-02,-5.401950527132E-02,-5.264080327116E-02,
    -5.1262101271E-02,-4.988339927084E-02,-4.850469727067E-02,
    -4.712599527051E-02,-4.574729327035E-02,-4.436859127019E-02,
    -4.298988927002E-02,-4.161118726986E-02,-4.02324852697E-02,
    -3.885378326954E-02,-3.747508126937E-02,-3.609637926921E-02,
    -3.471767726905E-02,-3.333897526889E-02,-3.196027326872E-02,
    -3.058157126856E-02,-2.92028692684E-02,-2.782416726824E-02,
    -2.644546526807E-02,-2.506676326791E-02,-2.368806126775E-02,
    -2.230935926758E-02,-2.093065726742E-02,-1.955195526726E-02,
    -1.81732532671E-02,-1.679455126693E-02,-1.541584926677E-02,
    -1.403714726661E-02,-1.265844526645E-02,-1.127974326628E-02,
    -9.901041266122E-03,-8.522339265959E-03,-7.143637265796E-03,
    -5.764935265634E-03,-4.386233265471E-03),.UNSPECIFIED.);
#3277 = CARTESIAN_POINT('',(6.688209854491,9.802553564542));
#3278 = CARTESIAN_POINT('',(6.680828640939,9.799800829193));
#3279 = CARTESIAN_POINT('',(6.665974436031,9.794369854412));
#3280 = CARTESIAN_POINT('',(6.643415114731,9.786447314302));
#3281 = CARTESIAN_POINT('',(6.620575320992,9.778749090721));
#3282 = CARTESIAN_POINT('',(6.597451819251,9.771275717602));
#3283 = CARTESIAN_POINT('',(6.5740386902,9.764027210847));
#3284 = CARTESIAN_POINT('',(6.550335910248,9.757005519022));
#3285 = CARTESIAN_POINT('',(6.526316922254,9.750205378071));
#3286 = CARTESIAN_POINT('',(6.50205196421,9.743647795806));
#3287 = CARTESIAN_POINT('',(6.47758191812,9.73734264588));
#3288 = CARTESIAN_POINT('',(6.452892095422,9.73128435436));
#3289 = CARTESIAN_POINT('',(6.427981988661,9.725471556039));
#3290 = CARTESIAN_POINT('',(6.402844924695,9.719901498391));
#3291 = CARTESIAN_POINT('',(6.377479616586,9.714572769444));
#3292 = CARTESIAN_POINT('',(6.351864245153,9.70947998232));
#3293 = CARTESIAN_POINT('',(6.326047473271,9.704631068852));
#3294 = CARTESIAN_POINT('',(6.30014683621,9.700043707657));
#3295 = CARTESIAN_POINT('',(6.274132941709,9.695706609894));
#3296 = CARTESIAN_POINT('',(6.248013988487,9.691615996185));
#3297 = CARTESIAN_POINT('',(6.221787567018,9.687766078118));
#3298 = CARTESIAN_POINT('',(6.195453461035,9.684151593963));
#3299 = CARTESIAN_POINT('',(6.169010359599,9.68076718429));
#3300 = CARTESIAN_POINT('',(6.142455801294,9.677607207734));
#3301 = CARTESIAN_POINT('',(6.115785766483,9.674666531395));
#3302 = CARTESIAN_POINT('',(6.088996409026,9.67194001263));
#3303 = CARTESIAN_POINT('',(6.062081905657,9.669422409057));
#3304 = CARTESIAN_POINT('',(6.035041419034,9.667108886996));
#3305 = CARTESIAN_POINT('',(6.007853268373,9.664993077691));
#3306 = CARTESIAN_POINT('',(5.980571172973,9.663074343995));
#3307 = CARTESIAN_POINT('',(5.953288414965,9.661353929747));
#3308 = CARTESIAN_POINT('',(5.925978617012,9.659824070763));
#3309 = CARTESIAN_POINT('',(5.89864690999,9.658479365195));
#3310 = CARTESIAN_POINT('',(5.871289804433,9.657313840193));
#3311 = CARTESIAN_POINT('',(5.843905973725,9.656321444576));
#3312 = CARTESIAN_POINT('',(5.816492774071,9.65549734061));
#3313 = CARTESIAN_POINT('',(5.78904783538,9.654837619066));
#3314 = CARTESIAN_POINT('',(5.761567605753,9.654338141748));
#3315 = CARTESIAN_POINT('',(5.734052425211,9.653994890788));
#3316 = CARTESIAN_POINT('',(5.706487437366,9.653803595972));
#3317 = CARTESIAN_POINT('',(5.678942266993,9.653761149382));
#3318 = CARTESIAN_POINT('',(5.651413760247,9.65386487522));
#3319 = CARTESIAN_POINT('',(5.623899626269,9.65411190031));
#3320 = CARTESIAN_POINT('',(5.596397446157,9.654499509339));
#3321 = CARTESIAN_POINT('',(5.568904830867,9.655024552918));
#3322 = CARTESIAN_POINT('',(5.550581307207,9.655465424748));
#3323 = CARTESIAN_POINT('',(5.541420387174,9.655708282055));
#3324 = ( GEOMETRIC_REPRESENTATION_CONTEXT(2) 
PARAMETRIC_REPRESENTATION_CONTEXT() REPRESENTATION_CONTEXT('2D SPACE',''
  ) );
#3325 = ADVANCED_FACE('',(#3326),#3104,.T.);
#3326 = FACE_BOUND('',#3327,.T.);
#3327 = EDGE_LOOP('',(#3328,#3329,#3351,#3416));
#3328 = ORIENTED_EDGE('',*,*,#3085,.T.);
#3329 = ORIENTED_EDGE('',*,*,#3330,.F.);
#3330 = EDGE_CURVE('',#3331,#3086,#3333,.T.);
#3331 = VERTEX_POINT('',#3332);
#3332 = CARTESIAN_POINT('',(-6.,-1.570101323138,-1.));
#3333 = SURFACE_CURVE('',#3334,(#3338,#3344),.PCURVE_S1.);
#3334 = LINE('',#3335,#3336);
#3335 = CARTESIAN_POINT('',(-6.,-1.570101323138,-1.));
#3336 = VECTOR('',#3337,1.);
#3337 = DIRECTION('',(0.707106781187,3.140184917368E-15,0.707106781187)
  );
#3338 = PCURVE('',#3104,#3339);
#3339 = DEFINITIONAL_REPRESENTATION('',(#3340),#3343);
#3340 = B_SPLINE_CURVE_WITH_KNOTS('',1,(#3341,#3342),.UNSPECIFIED.,.F.,
  .F.,(2,2),(0.,0.287774593183),.PIECEWISE_BEZIER_KNOTS.);
#3341 = CARTESIAN_POINT('',(-4.105538788723E-17,0.490758998666));
#3342 = CARTESIAN_POINT('',(0.406974732586,0.490758998666));
#3343 = ( GEOMETRIC_REPRESENTATION_CONTEXT(2) 
PARAMETRIC_REPRESENTATION_CONTEXT() REPRESENTATION_CONTEXT('2D SPACE',''
  ) );
#3344 = PCURVE('',#2651,#3345);
#3345 = DEFINITIONAL_REPRESENTATION('',(#3346),#3350);
#3346 = LINE('',#3347,#3348);
#3347 = CARTESIAN_POINT('',(-0.231523322362,-0.108956626155));
#3348 = VECTOR('',#3349,1.);
#3349 = DIRECTION('',(1.,-3.875022307813E-15));
#3350 = ( GEOMETRIC_REPRESENTATION_CONTEXT(2) 
PARAMETRIC_REPRESENTATION_CONTEXT() REPRESENTATION_CONTEXT('2D SPACE',''
  ) );
#3351 = ORIENTED_EDGE('',*,*,#3352,.T.);
#3352 = EDGE_CURVE('',#3331,#3353,#3355,.T.);
#3353 = VERTEX_POINT('',#3354);
#3354 = CARTESIAN_POINT('',(-6.167310021869,-1.190881495706,
    -0.971176566249));
#3355 = SURFACE_CURVE('',#3356,(#3363,#3370),.PCURVE_S1.);
#3356 = B_SPLINE_CURVE_WITH_KNOTS('',3,(#3357,#3358,#3359,#3360,#3361,
    #3362),.UNSPECIFIED.,.F.,.F.,(4,1,1,4),(-0.490758998666,
    -0.471798007295,-0.463671868136,-0.452837015923),.UNSPECIFIED.);
#3357 = CARTESIAN_POINT('',(-6.,-1.570101323138,-1.));
#3358 = CARTESIAN_POINT('',(-6.,-1.506898018566,-1.));
#3359 = CARTESIAN_POINT('',(-6.015976293943,-1.416607583463,
    -1.001086679303));
#3360 = CARTESIAN_POINT('',(-6.079060172027,-1.290200974319,
    -0.994997256205));
#3361 = CARTESIAN_POINT('',(-6.128856140078,-1.226997669747,
    -0.984831149826));
#3362 = CARTESIAN_POINT('',(-6.167310021869,-1.190881495706,
    -0.971176566249));
#3363 = PCURVE('',#3104,#3364);
#3364 = DEFINITIONAL_REPRESENTATION('',(#3365),#3369);
#3365 = LINE('',#3366,#3367);
#3366 = CARTESIAN_POINT('',(-1.632257235608E-15,-5.551115123126E-17));
#3367 = VECTOR('',#3368,1.);
#3368 = DIRECTION('',(-3.242328417909E-15,-1.));
#3369 = ( GEOMETRIC_REPRESENTATION_CONTEXT(2) 
PARAMETRIC_REPRESENTATION_CONTEXT() REPRESENTATION_CONTEXT('2D SPACE',''
  ) );
#3370 = PCURVE('',#3371,#3388);
#3371 = B_SPLINE_SURFACE_WITH_KNOTS('',3,3,(
    (#3372,#3373,#3374,#3375)
    ,(#3376,#3377,#3378,#3379)
    ,(#3380,#3381,#3382,#3383)
    ,(#3384,#3385,#3386,#3387
    )),.UNSPECIFIED.,.F.,.F.,.F.,(4,4),(4,4),(0.,1.),(0.143777049453,
    0.352543727359),.PIECEWISE_BEZIER_KNOTS.);
#3372 = CARTESIAN_POINT('',(-6.,-1.561581303607,-0.927598694875));
#3373 = CARTESIAN_POINT('',(-6.,-1.642827548944,-1.618728541043));
#3374 = CARTESIAN_POINT('',(-6.,-1.726380351922,-2.309589793874));
#3375 = CARTESIAN_POINT('',(-6.,-1.813531285693,-3.));
#3376 = CARTESIAN_POINT('',(-6.,-1.422076322264,-0.943998299092));
#3377 = CARTESIAN_POINT('',(-6.000069538537,-1.507006024658,
    -1.635019201615));
#3378 = CARTESIAN_POINT('',(-5.999932595411,-1.594514608119,
    -2.325775853872));
#3379 = CARTESIAN_POINT('',(-6.,-1.686256194862,-3.016066018308));
#3380 = CARTESIAN_POINT('',(-6.062451762612,-1.283705314091,
    -0.960264598312));
#3381 = CARTESIAN_POINT('',(-6.059123690911,-1.372151588405,
    -1.651193158932));
#3382 = CARTESIAN_POINT('',(-6.055414506939,-1.463518478423,
    -2.341855133038));
#3383 = CARTESIAN_POINT('',(-6.051666823542,-1.55970491962,
    -3.032040668899));
#3384 = CARTESIAN_POINT('',(-6.167310021869,-1.190881495706,
    -0.971176566249));
#3385 = CARTESIAN_POINT('',(-6.159162813036,-1.279439573072,
    -1.662306412416));
#3386 = CARTESIAN_POINT('',(-6.150423790266,-1.371296525956,
    -2.353167665248));
#3387 = CARTESIAN_POINT('',(-6.140943939762,-1.46830713426,
    -3.043577871374));
#3388 = DEFINITIONAL_REPRESENTATION('',(#3389),#3415);
#3389 = B_SPLINE_CURVE_WITH_KNOTS('',3,(#3390,#3391,#3392,#3393,#3394,
    #3395,#3396,#3397,#3398,#3399,#3400,#3401,#3402,#3403,#3404,#3405,
    #3406,#3407,#3408,#3409,#3410,#3411,#3412,#3413,#3414),
  .UNSPECIFIED.,.F.,.F.,(4,1,1,1,1,1,1,1,1,1,1,1,1,1,1,1,1,1,1,1,1,1,4),
  (-0.490758998666,-0.489035272178,-0.48731154569,-0.485587819201,
    -0.483864092713,-0.482140366225,-0.480416639736,-0.478692913248,
    -0.47696918676,-0.475245460271,-0.473521733783,-0.471798007295,
    -0.470074280806,-0.468350554318,-0.46662682783,-0.464903101341,
    -0.463179374853,-0.461455648365,-0.459731921877,-0.458008195388,
    -0.4562844689,-0.454560742412,-0.452837015923),
  .QUASI_UNIFORM_KNOTS.);
#3390 = CARTESIAN_POINT('',(-5.317640683576E-07,0.151067137434));
#3391 = CARTESIAN_POINT('',(1.357869294624E-02,0.150999916905));
#3392 = CARTESIAN_POINT('',(4.074529229812E-02,0.150866732075));
#3393 = CARTESIAN_POINT('',(8.155299877019E-02,0.15066919033));
#3394 = CARTESIAN_POINT('',(0.122449424133,0.150472350733));
#3395 = CARTESIAN_POINT('',(0.163474041547,0.150274680509));
#3396 = CARTESIAN_POINT('',(0.204671090033,0.150074647196));
#3397 = CARTESIAN_POINT('',(0.246089784963,0.149870718672));
#3398 = CARTESIAN_POINT('',(0.287783497456,0.149661363118));
#3399 = CARTESIAN_POINT('',(0.32980923706,0.149445049032));
#3400 = CARTESIAN_POINT('',(0.37222708476,0.149220245149));
#3401 = CARTESIAN_POINT('',(0.415099558069,0.148985420766));
#3402 = CARTESIAN_POINT('',(0.45849119806,0.148739044596));
#3403 = CARTESIAN_POINT('',(0.502467060043,0.148479589128));
#3404 = CARTESIAN_POINT('',(0.547113867847,0.148202393067));
#3405 = CARTESIAN_POINT('',(0.592527242763,0.147902844371));
#3406 = CARTESIAN_POINT('',(0.638811053126,0.147576152047));
#3407 = CARTESIAN_POINT('',(0.686071673924,0.147218197777));
#3408 = CARTESIAN_POINT('',(0.7344342783,0.146822157609));
#3409 = CARTESIAN_POINT('',(0.784081154802,0.14637392821));
#3410 = CARTESIAN_POINT('',(0.835207623162,0.145860522422));
#3411 = CARTESIAN_POINT('',(0.888024696129,0.145268657617));
#3412 = CARTESIAN_POINT('',(0.942752754852,0.144585133582));
#3413 = CARTESIAN_POINT('',(0.98065689272,0.144059532131));
#3414 = CARTESIAN_POINT('',(1.,0.143777049453));
#3415 = ( GEOMETRIC_REPRESENTATION_CONTEXT(2) 
PARAMETRIC_REPRESENTATION_CONTEXT() REPRESENTATION_CONTEXT('2D SPACE',''
  ) );
#3416 = ORIENTED_EDGE('',*,*,#3417,.T.);
#3417 = EDGE_CURVE('',#3353,#3033,#3418,.T.);
#3418 = SURFACE_CURVE('',#3419,(#3430,#3459),.PCURVE_S1.);
#3419 = B_SPLINE_CURVE_WITH_KNOTS('',3,(#3420,#3421,#3422,#3423,#3424,
    #3425,#3426,#3427,#3428,#3429),.UNSPECIFIED.,.F.,.F.,(4,2,2,2,4),(
    5.003285748143E-02,5.326547734426E-02,6.383363438269E-02,
    8.002797265175E-02,9.334299937233E-02),.UNSPECIFIED.);
#3420 = CARTESIAN_POINT('',(-6.167310021869,-1.190881495706,
    -0.971176566249));
#3421 = CARTESIAN_POINT('',(-6.15909054985,-1.198601285442,
    -0.974095217434));
#3422 = CARTESIAN_POINT('',(-6.150741277202,-1.206439204455,
    -0.976291048068));
#3423 = CARTESIAN_POINT('',(-6.114754036302,-1.240273631692,
    -0.982842222857));
#3424 = CARTESIAN_POINT('',(-6.086719136445,-1.266787467862,
    -0.980741524471));
#3425 = CARTESIAN_POINT('',(-6.018010502015,-1.332891000337,
    -0.964022181529));
#3426 = CARTESIAN_POINT('',(-5.977421365594,-1.37303252147,
    -0.943070323229));
#3427 = CARTESIAN_POINT('',(-5.909757260984,-1.44230957597,
    -0.897951723306));
#3428 = CARTESIAN_POINT('',(-5.879926016267,-1.473766000111,
    -0.873924381575));
#3429 = CARTESIAN_POINT('',(-5.851395017084,-1.504869620787,
    -0.848445529123));
#3430 = PCURVE('',#3104,#3431);
#3431 = DEFINITIONAL_REPRESENTATION('',(#3432),#3458);
#3432 = B_SPLINE_CURVE_WITH_KNOTS('',3,(#3433,#3434,#3435,#3436,#3437,
    #3438,#3439,#3440,#3441,#3442,#3443,#3444,#3445,#3446,#3447,#3448,
    #3449,#3450,#3451,#3452,#3453,#3454,#3455,#3456,#3457),
  .UNSPECIFIED.,.F.,.F.,(4,1,1,1,1,1,1,1,1,1,1,1,1,1,1,1,1,1,1,1,1,1,4),
  (5.003285748143E-02,5.200150029466E-02,5.397014310788E-02,
    5.59387859211E-02,5.790742873432E-02,5.987607154755E-02,
    6.184471436077E-02,6.381335717399E-02,6.578199998721E-02,
    6.775064280043E-02,6.971928561366E-02,7.168792842688E-02,
    7.36565712401E-02,7.562521405332E-02,7.759385686655E-02,
    7.956249967977E-02,8.153114249299E-02,8.349978530621E-02,
    8.546842811944E-02,8.743707093266E-02,8.940571374588E-02,
    9.13743565591E-02,9.334299937233E-02),.QUASI_UNIFORM_KNOTS.);
#3433 = CARTESIAN_POINT('',(0.,0.452837015923));
#3434 = CARTESIAN_POINT('',(-1.605027505349E-06,0.453306539105));
#3435 = CARTESIAN_POINT('',(5.761206134313E-04,0.454253775426));
#3436 = CARTESIAN_POINT('',(3.114070597031E-03,0.455693691275));
#3437 = CARTESIAN_POINT('',(7.24881186798E-03,0.457146080413));
#3438 = CARTESIAN_POINT('',(1.291671053363E-02,0.45860813327));
#3439 = CARTESIAN_POINT('',(2.005559647531E-02,0.460076340338));
#3440 = CARTESIAN_POINT('',(2.860128351735E-02,0.461546403445));
#3441 = CARTESIAN_POINT('',(3.846652688055E-02,0.46301149629));
#3442 = CARTESIAN_POINT('',(4.960735588519E-02,0.464471887021));
#3443 = CARTESIAN_POINT('',(6.200798020852E-02,0.465931602662));
#3444 = CARTESIAN_POINT('',(7.557909309479E-02,0.467387177025));
#3445 = CARTESIAN_POINT('',(9.024202289344E-02,0.468836740187));
#3446 = CARTESIAN_POINT('',(0.105906458972,0.470277728751));
#3447 = CARTESIAN_POINT('',(0.122474748351,0.471707520636));
#3448 = CARTESIAN_POINT('',(0.139846316089,0.473123812403));
#3449 = CARTESIAN_POINT('',(0.157894979804,0.474523389106));
#3450 = CARTESIAN_POINT('',(0.176553181582,0.475907927994));
#3451 = CARTESIAN_POINT('',(0.196053063414,0.47729825007));
#3452 = CARTESIAN_POINT('',(0.216267406779,0.478688397956));
#3453 = CARTESIAN_POINT('',(0.237147443682,0.480078555103));
#3454 = CARTESIAN_POINT('',(0.258618745084,0.481467225986));
#3455 = CARTESIAN_POINT('',(0.28060979227,0.482853360803));
#3456 = CARTESIAN_POINT('',(0.295565684871,0.483774999227));
#3457 = CARTESIAN_POINT('',(0.303104862939,0.484235019738));
#3458 = ( GEOMETRIC_REPRESENTATION_CONTEXT(2) 
PARAMETRIC_REPRESENTATION_CONTEXT() REPRESENTATION_CONTEXT('2D SPACE',''
  ) );
#3459 = PCURVE('',#3051,#3460);
#3460 = DEFINITIONAL_REPRESENTATION('',(#3461),#3487);
#3461 = B_SPLINE_CURVE_WITH_KNOTS('',3,(#3462,#3463,#3464,#3465,#3466,
    #3467,#3468,#3469,#3470,#3471,#3472,#3473,#3474,#3475,#3476,#3477,
    #3478,#3479,#3480,#3481,#3482,#3483,#3484,#3485,#3486),
  .UNSPECIFIED.,.F.,.F.,(4,1,1,1,1,1,1,1,1,1,1,1,1,1,1,1,1,1,1,1,1,1,4),
  (5.003285748143E-02,5.200150029466E-02,5.397014310788E-02,
    5.59387859211E-02,5.790742873432E-02,5.987607154755E-02,
    6.184471436077E-02,6.381335717399E-02,6.578199998721E-02,
    6.775064280043E-02,6.971928561366E-02,7.168792842688E-02,
    7.36565712401E-02,7.562521405332E-02,7.759385686655E-02,
    7.956249967977E-02,8.153114249299E-02,8.349978530621E-02,
    8.546842811944E-02,8.743707093266E-02,8.940571374588E-02,
    9.13743565591E-02,9.334299937233E-02),.QUASI_UNIFORM_KNOTS.);
#3462 = CARTESIAN_POINT('',(0.839383730916,2.028823433751));
#3463 = CARTESIAN_POINT('',(0.837072278181,2.027045933294));
#3464 = CARTESIAN_POINT('',(0.8323977488,2.024027379201));
#3465 = CARTESIAN_POINT('',(0.825279654404,2.021023962591));
#3466 = CARTESIAN_POINT('',(0.818113199186,2.019467173372));
#3467 = CARTESIAN_POINT('',(0.810923534328,2.019254238602));
#3468 = CARTESIAN_POINT('',(0.803733226538,2.020284025116));
#3469 = CARTESIAN_POINT('',(0.796562999062,2.022455943311));
#3470 = CARTESIAN_POINT('',(0.789443047229,2.025664597839));
#3471 = CARTESIAN_POINT('',(0.782366920241,2.029822287008));
#3472 = CARTESIAN_POINT('',(0.775315987758,2.034868741694));
#3473 = CARTESIAN_POINT('',(0.768310850749,2.040724398055));
#3474 = CARTESIAN_POINT('',(0.761361578355,2.047314710362));
#3475 = CARTESIAN_POINT('',(0.754480881574,2.054563829405));
#3476 = CARTESIAN_POINT('',(0.747681119464,2.062395593756));
#3477 = CARTESIAN_POINT('',(0.740973058155,2.070735898986));
#3478 = CARTESIAN_POINT('',(0.734373791518,2.079502244574));
#3479 = CARTESIAN_POINT('',(0.727876268546,2.088643194388));
#3480 = CARTESIAN_POINT('',(0.721382088471,2.098257424512));
#3481 = CARTESIAN_POINT('',(0.714919707225,2.10827041316));
#3482 = CARTESIAN_POINT('',(0.708488109302,2.118647655166));
#3483 = CARTESIAN_POINT('',(0.702094136331,2.129343879015));
#3484 = CARTESIAN_POINT('',(0.695742485495,2.140316659795));
#3485 = CARTESIAN_POINT('',(0.691539744624,2.147787389045));
#3486 = CARTESIAN_POINT('',(0.689447142237,2.151554470877));
#3487 = ( GEOMETRIC_REPRESENTATION_CONTEXT(2) 
PARAMETRIC_REPRESENTATION_CONTEXT() REPRESENTATION_CONTEXT('2D SPACE',''
  ) );
#3488 = ADVANCED_FACE('',(#3489),#3371,.F.);
#3489 = FACE_BOUND('',#3490,.F.);
#3490 = EDGE_LOOP('',(#3491,#3514,#3573,#3601));
#3491 = ORIENTED_EDGE('',*,*,#3492,.F.);
#3492 = EDGE_CURVE('',#3493,#3353,#3495,.T.);
#3493 = VERTEX_POINT('',#3494);
#3494 = CARTESIAN_POINT('',(-6.141541302511,-1.462190976615,
    -2.999999950949));
#3495 = SURFACE_CURVE('',#3496,(#3501,#3508),.PCURVE_S1.);
#3496 = B_SPLINE_CURVE_WITH_KNOTS('',3,(#3497,#3498,#3499,#3500),
  .UNSPECIFIED.,.F.,.F.,(4,4),(-0.348151416098,-0.143777049453),
  .PIECEWISE_BEZIER_KNOTS.);
#3497 = CARTESIAN_POINT('',(-6.1415413065,-1.462190845908,
    -2.999999967315));
#3498 = CARTESIAN_POINT('',(-6.150791254685,-1.367432768522,
    -2.324097029055));
#3499 = CARTESIAN_POINT('',(-6.15933422486,-1.27757637036,
    -1.647765502743));
#3500 = CARTESIAN_POINT('',(-6.167310021869,-1.190881495706,
    -0.971176566249));
#3501 = PCURVE('',#3371,#3502);
#3502 = DEFINITIONAL_REPRESENTATION('',(#3503),#3507);
#3503 = LINE('',#3504,#3505);
#3504 = CARTESIAN_POINT('',(1.,-1.665334536938E-16));
#3505 = VECTOR('',#3506,1.);
#3506 = DIRECTION('',(5.649592777061E-14,-1.));
#3507 = ( GEOMETRIC_REPRESENTATION_CONTEXT(2) 
PARAMETRIC_REPRESENTATION_CONTEXT() REPRESENTATION_CONTEXT('2D SPACE',''
  ) );
#3508 = PCURVE('',#3051,#3509);
#3509 = DEFINITIONAL_REPRESENTATION('',(#3510),#3513);
#3510 = B_SPLINE_CURVE_WITH_KNOTS('',1,(#3511,#3512),.UNSPECIFIED.,.F.,
  .F.,(2,2),(-0.348151416098,-0.143777049453),.PIECEWISE_BEZIER_KNOTS.);
#3511 = CARTESIAN_POINT('',(0.767489750716,4.081242675781E-08));
#3512 = CARTESIAN_POINT('',(0.839383730916,2.028823433751));
#3513 = ( GEOMETRIC_REPRESENTATION_CONTEXT(2) 
PARAMETRIC_REPRESENTATION_CONTEXT() REPRESENTATION_CONTEXT('2D SPACE',''
  ) );
#3514 = ORIENTED_EDGE('',*,*,#3515,.F.);
#3515 = EDGE_CURVE('',#3516,#3493,#3518,.T.);
#3516 = VERTEX_POINT('',#3517);
#3517 = CARTESIAN_POINT('',(-6.,-1.81353127712,-2.999999966042));
#3518 = SURFACE_CURVE('',#3519,(#3539,#3545),.PCURVE_S1.);
#3519 = B_SPLINE_CURVE_WITH_KNOTS('',3,(#3520,#3521,#3522,#3523,#3524,
    #3525,#3526,#3527,#3528,#3529,#3530,#3531,#3532,#3533,#3534,#3535,
    #3536,#3537,#3538),.UNSPECIFIED.,.F.,.F.,(4,3,3,3,3,3,4),(0.,
    7.883423176967E-03,1.593414670715E-02,1.94666142836E-02,
    2.749151959395E-02,3.534013945377E-02,3.894106796015E-02),
  .UNSPECIFIED.);
#3520 = CARTESIAN_POINT('',(-6.,-1.813531285693,-3.));
#3521 = CARTESIAN_POINT('',(-6.,-1.787253208436,-3.));
#3522 = CARTESIAN_POINT('',(-6.002129254043,-1.761098218073,
    -2.999996338925));
#3523 = CARTESIAN_POINT('',(-6.006252276426,-1.735276704235,
    -2.999992152221));
#3524 = CARTESIAN_POINT('',(-6.010462796725,-1.708907211645,
    -2.999987876667));
#3525 = CARTESIAN_POINT('',(-6.016752958033,-1.682884227765,
    -2.999983213469));
#3526 = CARTESIAN_POINT('',(-6.025031402698,-1.657438620635,
    -2.999980735446));
#3527 = CARTESIAN_POINT('',(-6.028663788937,-1.646273688463,
    -2.999979648148));
#3528 = CARTESIAN_POINT('',(-6.032679613207,-1.635220118541,
    -2.999978957105));
#3529 = CARTESIAN_POINT('',(-6.037074008802,-1.624298803019,
    -2.999978709682));
#3530 = CARTESIAN_POINT('',(-6.047057004479,-1.599488236176,
    -2.999978147596));
#3531 = CARTESIAN_POINT('',(-6.058917077254,-1.575541403762,
    -2.999980239285));
#3532 = CARTESIAN_POINT('',(-6.072548387862,-1.5526812021,
    -2.999984122578));
#3533 = CARTESIAN_POINT('',(-6.085880255468,-1.530323177198,
    -2.999987920566));
#3534 = CARTESIAN_POINT('',(-6.100907051285,-1.509003474272,
    -2.999993570996));
#3535 = CARTESIAN_POINT('',(-6.117571587225,-1.488955349191,
    -2.999997194617));
#3536 = CARTESIAN_POINT('',(-6.125217237489,-1.479757316111,
    -2.999998857126));
#3537 = CARTESIAN_POINT('',(-6.133208152252,-1.470827389907,
    -3.000000037354));
#3538 = CARTESIAN_POINT('',(-6.141541305838,-1.462190852692,
    -3.000000015703));
#3539 = PCURVE('',#3371,#3540);
#3540 = DEFINITIONAL_REPRESENTATION('',(#3541),#3544);
#3541 = B_SPLINE_CURVE_WITH_KNOTS('',1,(#3542,#3543),.UNSPECIFIED.,.F.,
  .F.,(2,2),(0.,3.894105880987E-02),.PIECEWISE_BEZIER_KNOTS.);
#3542 = CARTESIAN_POINT('',(2.581976731413E-15,0.352543727359));
#3543 = CARTESIAN_POINT('',(0.999999764184,0.348151421796));
#3544 = ( GEOMETRIC_REPRESENTATION_CONTEXT(2) 
PARAMETRIC_REPRESENTATION_CONTEXT() REPRESENTATION_CONTEXT('2D SPACE',''
  ) );
#3545 = PCURVE('',#3546,#3551);
#3546 = PLANE('',#3547);
#3547 = AXIS2_PLACEMENT_3D('',#3548,#3549,#3550);
#3548 = CARTESIAN_POINT('',(-7.55760255977,-2.80760255977,-3.));
#3549 = DIRECTION('',(0.,0.,-1.));
#3550 = DIRECTION('',(1.,0.,0.));
#3551 = DEFINITIONAL_REPRESENTATION('',(#3552),#3572);
#3552 = B_SPLINE_CURVE_WITH_KNOTS('',3,(#3553,#3554,#3555,#3556,#3557,
    #3558,#3559,#3560,#3561,#3562,#3563,#3564,#3565,#3566,#3567,#3568,
    #3569,#3570,#3571),.UNSPECIFIED.,.F.,.F.,(4,3,3,3,3,3,4),(0.,
    7.883423176967E-03,1.593414670715E-02,1.94666142836E-02,
    2.749151959395E-02,3.534013945377E-02,3.894106796015E-02),
  .UNSPECIFIED.);
#3553 = CARTESIAN_POINT('',(1.55760255977,-0.994071274078));
#3554 = CARTESIAN_POINT('',(1.55760255977,-1.020349351334));
#3555 = CARTESIAN_POINT('',(1.555473305728,-1.046504341697));
#3556 = CARTESIAN_POINT('',(1.551350283344,-1.072325855535));
#3557 = CARTESIAN_POINT('',(1.547139763045,-1.098695348125));
#3558 = CARTESIAN_POINT('',(1.540849601737,-1.124718332006));
#3559 = CARTESIAN_POINT('',(1.532571157072,-1.150163939135));
#3560 = CARTESIAN_POINT('',(1.528938770833,-1.161328871307));
#3561 = CARTESIAN_POINT('',(1.524922946563,-1.172382441229));
#3562 = CARTESIAN_POINT('',(1.520528550968,-1.183303756751));
#3563 = CARTESIAN_POINT('',(1.510545555291,-1.208114323594));
#3564 = CARTESIAN_POINT('',(1.498685482516,-1.232061156009));
#3565 = CARTESIAN_POINT('',(1.485054171909,-1.25492135767));
#3566 = CARTESIAN_POINT('',(1.471722304302,-1.277279382572));
#3567 = CARTESIAN_POINT('',(1.456695508485,-1.298599085498));
#3568 = CARTESIAN_POINT('',(1.440030972546,-1.318647210579));
#3569 = CARTESIAN_POINT('',(1.432385322281,-1.327845243659));
#3570 = CARTESIAN_POINT('',(1.424394407518,-1.336775169863));
#3571 = CARTESIAN_POINT('',(1.416061253932,-1.345411707078));
#3572 = ( GEOMETRIC_REPRESENTATION_CONTEXT(2) 
PARAMETRIC_REPRESENTATION_CONTEXT() REPRESENTATION_CONTEXT('2D SPACE',''
  ) );
#3573 = ORIENTED_EDGE('',*,*,#3574,.F.);
#3574 = EDGE_CURVE('',#3331,#3516,#3575,.T.);
#3575 = SURFACE_CURVE('',#3576,(#3581,#3588),.PCURVE_S1.);
#3576 = B_SPLINE_CURVE_WITH_KNOTS('',3,(#3577,#3578,#3579,#3580),
  .UNSPECIFIED.,.F.,.F.,(4,4),(0.151067138218,0.352543723883),
  .PIECEWISE_BEZIER_KNOTS.);
#3577 = CARTESIAN_POINT('',(-6.,-1.570101102121,-1.000000033932));
#3578 = CARTESIAN_POINT('',(-6.,-1.648667227958,-1.666977440677));
#3579 = CARTESIAN_POINT('',(-6.,-1.729423641529,-2.333698750982));
#3580 = CARTESIAN_POINT('',(-6.,-1.813531281339,-2.99999996551));
#3581 = PCURVE('',#3371,#3582);
#3582 = DEFINITIONAL_REPRESENTATION('',(#3583),#3587);
#3583 = LINE('',#3584,#3585);
#3584 = CARTESIAN_POINT('',(7.093388803963E-15,-1.942890293094E-16));
#3585 = VECTOR('',#3586,1.);
#3586 = DIRECTION('',(-4.149341611981E-14,1.));
#3587 = ( GEOMETRIC_REPRESENTATION_CONTEXT(2) 
PARAMETRIC_REPRESENTATION_CONTEXT() REPRESENTATION_CONTEXT('2D SPACE',''
  ) );
#3588 = PCURVE('',#3589,#3594);
#3589 = PLANE('',#3590);
#3590 = AXIS2_PLACEMENT_3D('',#3591,#3592,#3593);
#3591 = CARTESIAN_POINT('',(-6.,3.337488663526,-1.));
#3592 = DIRECTION('',(-1.,-1.663261117196E-16,0.));
#3593 = DIRECTION('',(1.663261117196E-16,-1.,0.));
#3594 = DEFINITIONAL_REPRESENTATION('',(#3595),#3600);
#3595 = B_SPLINE_CURVE_WITH_KNOTS('',3,(#3596,#3597,#3598,#3599),
  .UNSPECIFIED.,.F.,.F.,(4,4),(0.151067138218,0.352543723883),
  .PIECEWISE_BEZIER_KNOTS.);
#3596 = CARTESIAN_POINT('',(4.907589765647,-3.393206005065E-08));
#3597 = CARTESIAN_POINT('',(4.986155891483,-0.666977440677));
#3598 = CARTESIAN_POINT('',(5.066912305055,-1.333698750982));
#3599 = CARTESIAN_POINT('',(5.151019944865,-1.99999996551));
#3600 = ( GEOMETRIC_REPRESENTATION_CONTEXT(2) 
PARAMETRIC_REPRESENTATION_CONTEXT() REPRESENTATION_CONTEXT('2D SPACE',''
  ) );
#3601 = ORIENTED_EDGE('',*,*,#3352,.T.);
#3602 = ADVANCED_FACE('',(#3603),#3589,.F.);
#3603 = FACE_BOUND('',#3604,.T.);
#3604 = EDGE_LOOP('',(#3605,#3631,#3652,#3675,#3696));
#3605 = ORIENTED_EDGE('',*,*,#3606,.F.);
#3606 = EDGE_CURVE('',#3607,#3331,#3609,.T.);
#3607 = VERTEX_POINT('',#3608);
#3608 = CARTESIAN_POINT('',(-6.,-1.788014575448,-1.));
#3609 = SURFACE_CURVE('',#3610,(#3615,#3623),.PCURVE_S1.);
#3610 = B_SPLINE_CURVE_WITH_KNOTS('',3,(#3611,#3612,#3613,#3614),
  .UNSPECIFIED.,.F.,.F.,(4,4),(-0.512550323897,-0.490758998666),
  .PIECEWISE_BEZIER_KNOTS.);
#3611 = CARTESIAN_POINT('',(-6.,-1.788014575448,-1.));
#3612 = CARTESIAN_POINT('',(-6.,-1.715376824678,-1.));
#3613 = CARTESIAN_POINT('',(-6.,-1.642739073908,-1.));
#3614 = CARTESIAN_POINT('',(-6.,-1.570101323138,-1.));
#3615 = PCURVE('',#3589,#3616);
#3616 = DEFINITIONAL_REPRESENTATION('',(#3617),#3622);
#3617 = B_SPLINE_CURVE_WITH_KNOTS('',3,(#3618,#3619,#3620,#3621),
  .UNSPECIFIED.,.F.,.F.,(4,4),(-0.512550323897,-0.490758998666),
  .PIECEWISE_BEZIER_KNOTS.);
#3618 = CARTESIAN_POINT('',(5.125503238974,0.));
#3619 = CARTESIAN_POINT('',(5.052865488204,0.));
#3620 = CARTESIAN_POINT('',(4.980227737434,0.));
#3621 = CARTESIAN_POINT('',(4.907589986664,0.));
#3622 = ( GEOMETRIC_REPRESENTATION_CONTEXT(2) 
PARAMETRIC_REPRESENTATION_CONTEXT() REPRESENTATION_CONTEXT('2D SPACE',''
  ) );
#3623 = PCURVE('',#2651,#3624);
#3624 = DEFINITIONAL_REPRESENTATION('',(#3625),#3630);
#3625 = B_SPLINE_CURVE_WITH_KNOTS('',3,(#3626,#3627,#3628,#3629),
  .UNSPECIFIED.,.F.,.F.,(4,4),(-0.512550323897,-0.490758998666),
  .PIECEWISE_BEZIER_KNOTS.);
#3626 = CARTESIAN_POINT('',(-0.231523322362,0.108956626155));
#3627 = CARTESIAN_POINT('',(-0.231523322362,3.631887538505E-02));
#3628 = CARTESIAN_POINT('',(-0.231523322362,-3.631887538504E-02));
#3629 = CARTESIAN_POINT('',(-0.231523322362,-0.108956626155));
#3630 = ( GEOMETRIC_REPRESENTATION_CONTEXT(2) 
PARAMETRIC_REPRESENTATION_CONTEXT() REPRESENTATION_CONTEXT('2D SPACE',''
  ) );
#3631 = ORIENTED_EDGE('',*,*,#3632,.F.);
#3632 = EDGE_CURVE('',#2612,#3607,#3633,.T.);
#3633 = SURFACE_CURVE('',#3634,(#3638,#3645),.PCURVE_S1.);
#3634 = LINE('',#3635,#3636);
#3635 = CARTESIAN_POINT('',(-6.,1.668744331763,-1.));
#3636 = VECTOR('',#3637,1.);
#3637 = DIRECTION('',(-1.663261117196E-16,1.,0.));
#3638 = PCURVE('',#3589,#3639);
#3639 = DEFINITIONAL_REPRESENTATION('',(#3640),#3644);
#3640 = LINE('',#3641,#3642);
#3641 = CARTESIAN_POINT('',(1.668744331763,0.));
#3642 = VECTOR('',#3643,1.);
#3643 = DIRECTION('',(-1.,0.));
#3644 = ( GEOMETRIC_REPRESENTATION_CONTEXT(2) 
PARAMETRIC_REPRESENTATION_CONTEXT() REPRESENTATION_CONTEXT('2D SPACE',''
  ) );
#3645 = PCURVE('',#2651,#3646);
#3646 = DEFINITIONAL_REPRESENTATION('',(#3647),#3651);
#3647 = LINE('',#3648,#3649);
#3648 = CARTESIAN_POINT('',(-0.231523322362,-3.347802281056));
#3649 = VECTOR('',#3650,1.);
#3650 = DIRECTION('',(-8.524477119306E-16,-1.));
#3651 = ( GEOMETRIC_REPRESENTATION_CONTEXT(2) 
PARAMETRIC_REPRESENTATION_CONTEXT() REPRESENTATION_CONTEXT('2D SPACE',''
  ) );
#3652 = ORIENTED_EDGE('',*,*,#3653,.F.);
#3653 = EDGE_CURVE('',#3654,#2612,#3656,.T.);
#3654 = VERTEX_POINT('',#3655);
#3655 = CARTESIAN_POINT('',(-6.,-2.725609838252,-3.));
#3656 = SURFACE_CURVE('',#3657,(#3661,#3668),.PCURVE_S1.);
#3657 = LINE('',#3658,#3659);
#3658 = CARTESIAN_POINT('',(-6.,-2.725609838252,-2.));
#3659 = VECTOR('',#3660,1.);
#3660 = DIRECTION('',(0.,0.,1.));
#3661 = PCURVE('',#3589,#3662);
#3662 = DEFINITIONAL_REPRESENTATION('',(#3663),#3667);
#3663 = LINE('',#3664,#3665);
#3664 = CARTESIAN_POINT('',(6.063098501778,-1.));
#3665 = VECTOR('',#3666,1.);
#3666 = DIRECTION('',(0.,1.));
#3667 = ( GEOMETRIC_REPRESENTATION_CONTEXT(2) 
PARAMETRIC_REPRESENTATION_CONTEXT() REPRESENTATION_CONTEXT('2D SPACE',''
  ) );
#3668 = PCURVE('',#2570,#3669);
#3669 = DEFINITIONAL_REPRESENTATION('',(#3670),#3674);
#3670 = LINE('',#3671,#3672);
#3671 = CARTESIAN_POINT('',(5.890486225481,0.));
#3672 = VECTOR('',#3673,1.);
#3673 = DIRECTION('',(0.,-1.));
#3674 = ( GEOMETRIC_REPRESENTATION_CONTEXT(2) 
PARAMETRIC_REPRESENTATION_CONTEXT() REPRESENTATION_CONTEXT('2D SPACE',''
  ) );
#3675 = ORIENTED_EDGE('',*,*,#3676,.F.);
#3676 = EDGE_CURVE('',#3516,#3654,#3677,.T.);
#3677 = SURFACE_CURVE('',#3678,(#3682,#3689),.PCURVE_S1.);
#3678 = LINE('',#3679,#3680);
#3679 = CARTESIAN_POINT('',(-6.,0.264943051878,-3.));
#3680 = VECTOR('',#3681,1.);
#3681 = DIRECTION('',(1.663261117196E-16,-1.,0.));
#3682 = PCURVE('',#3589,#3683);
#3683 = DEFINITIONAL_REPRESENTATION('',(#3684),#3688);
#3684 = LINE('',#3685,#3686);
#3685 = CARTESIAN_POINT('',(3.072545611648,-2.));
#3686 = VECTOR('',#3687,1.);
#3687 = DIRECTION('',(1.,0.));
#3688 = ( GEOMETRIC_REPRESENTATION_CONTEXT(2) 
PARAMETRIC_REPRESENTATION_CONTEXT() REPRESENTATION_CONTEXT('2D SPACE',''
  ) );
#3689 = PCURVE('',#3546,#3690);
#3690 = DEFINITIONAL_REPRESENTATION('',(#3691),#3695);
#3691 = LINE('',#3692,#3693);
#3692 = CARTESIAN_POINT('',(1.55760255977,-3.072545611648));
#3693 = VECTOR('',#3694,1.);
#3694 = DIRECTION('',(1.663261117196E-16,1.));
#3695 = ( GEOMETRIC_REPRESENTATION_CONTEXT(2) 
PARAMETRIC_REPRESENTATION_CONTEXT() REPRESENTATION_CONTEXT('2D SPACE',''
  ) );
#3696 = ORIENTED_EDGE('',*,*,#3574,.F.);
#3697 = ADVANCED_FACE('',(#3698),#3546,.T.);
#3698 = FACE_BOUND('',#3699,.T.);
#3699 = EDGE_LOOP('',(#3700,#3728,#3751,#3784,#3813,#3846,#3874,#4058,
    #4080,#4081));
#3700 = ORIENTED_EDGE('',*,*,#3701,.F.);
#3701 = EDGE_CURVE('',#3702,#3654,#3704,.T.);
#3702 = VERTEX_POINT('',#3703);
#3703 = CARTESIAN_POINT('',(-6.146446609407,-3.079163228846,-3.));
#3704 = SURFACE_CURVE('',#3705,(#3710,#3721),.PCURVE_S1.);
#3705 = CIRCLE('',#3706,0.5);
#3706 = AXIS2_PLACEMENT_3D('',#3707,#3708,#3709);
#3707 = CARTESIAN_POINT('',(-6.5,-2.725609838252,-3.));
#3708 = DIRECTION('',(0.,0.,1.));
#3709 = DIRECTION('',(0.923879532511,-0.382683432365,0.));
#3710 = PCURVE('',#3546,#3711);
#3711 = DEFINITIONAL_REPRESENTATION('',(#3712),#3720);
#3712 = ( BOUNDED_CURVE() B_SPLINE_CURVE(2,(#3713,#3714,#3715,#3716,
#3717,#3718,#3719),.UNSPECIFIED.,.T.,.F.) B_SPLINE_CURVE_WITH_KNOTS((1,2
    ,2,2,2,1),(-2.094395102393,0.,2.094395102393,4.188790204786,
6.28318530718,8.377580409573),.UNSPECIFIED.) CURVE() 
GEOMETRIC_REPRESENTATION_ITEM() RATIONAL_B_SPLINE_CURVE((1.,0.5,1.,0.5,
1.,0.5,1.)) REPRESENTATION_ITEM('') );
#3713 = CARTESIAN_POINT('',(1.519542326026,0.109348994665));
#3714 = CARTESIAN_POINT('',(1.850955900061,-0.690754150527));
#3715 = CARTESIAN_POINT('',(0.99233946366,-0.577715152205));
#3716 = CARTESIAN_POINT('',(0.133723027259,-0.464676153883));
#3717 = CARTESIAN_POINT('',(0.660925889625,0.222387992986));
#3718 = CARTESIAN_POINT('',(1.18812875199,0.909452139856));
#3719 = CARTESIAN_POINT('',(1.519542326026,0.109348994665));
#3720 = ( GEOMETRIC_REPRESENTATION_CONTEXT(2) 
PARAMETRIC_REPRESENTATION_CONTEXT() REPRESENTATION_CONTEXT('2D SPACE',''
  ) );
#3721 = PCURVE('',#2570,#3722);
#3722 = DEFINITIONAL_REPRESENTATION('',(#3723),#3727);
#3723 = LINE('',#3724,#3725);
#3724 = CARTESIAN_POINT('',(12.566370614359,1.));
#3725 = VECTOR('',#3726,1.);
#3726 = DIRECTION('',(-1.,0.));
#3727 = ( GEOMETRIC_REPRESENTATION_CONTEXT(2) 
PARAMETRIC_REPRESENTATION_CONTEXT() REPRESENTATION_CONTEXT('2D SPACE',''
  ) );
#3728 = ORIENTED_EDGE('',*,*,#3729,.F.);
#3729 = EDGE_CURVE('',#3730,#3702,#3732,.T.);
#3730 = VERTEX_POINT('',#3731);
#3731 = CARTESIAN_POINT('',(-6.742864431923,-3.675581051361,-3.));
#3732 = SURFACE_CURVE('',#3733,(#3737,#3744),.PCURVE_S1.);
#3733 = LINE('',#3734,#3735);
#3734 = CARTESIAN_POINT('',(-6.742864431923,-3.675581051361,-3.));
#3735 = VECTOR('',#3736,1.);
#3736 = DIRECTION('',(0.707106781187,0.707106781187,0.));
#3737 = PCURVE('',#3546,#3738);
#3738 = DEFINITIONAL_REPRESENTATION('',(#3739),#3743);
#3739 = LINE('',#3740,#3741);
#3740 = CARTESIAN_POINT('',(0.814738127848,0.867978491591));
#3741 = VECTOR('',#3742,1.);
#3742 = DIRECTION('',(0.707106781187,-0.707106781187));
#3743 = ( GEOMETRIC_REPRESENTATION_CONTEXT(2) 
PARAMETRIC_REPRESENTATION_CONTEXT() REPRESENTATION_CONTEXT('2D SPACE',''
  ) );
#3744 = PCURVE('',#2396,#3745);
#3745 = DEFINITIONAL_REPRESENTATION('',(#3746),#3750);
#3746 = LINE('',#3747,#3748);
#3747 = CARTESIAN_POINT('',(0.,0.));
#3748 = VECTOR('',#3749,1.);
#3749 = DIRECTION('',(1.,0.));
#3750 = ( GEOMETRIC_REPRESENTATION_CONTEXT(2) 
PARAMETRIC_REPRESENTATION_CONTEXT() REPRESENTATION_CONTEXT('2D SPACE',''
  ) );
#3751 = ORIENTED_EDGE('',*,*,#3752,.F.);
#3752 = EDGE_CURVE('',#3753,#3730,#3755,.T.);
#3753 = VERTEX_POINT('',#3754);
#3754 = CARTESIAN_POINT('',(-7.673904215637,-3.779231831168,-3.));
#3755 = SURFACE_CURVE('',#3756,(#3761,#3772),.PCURVE_S1.);
#3756 = CIRCLE('',#3757,0.75);
#3757 = AXIS2_PLACEMENT_3D('',#3758,#3759,#3760);
#3758 = CARTESIAN_POINT('',(-7.273194517812,-3.145250965472,-3.));
#3759 = DIRECTION('',(0.,0.,1.));
#3760 = DIRECTION('',(0.402220844067,-0.915542676557,0.));
#3761 = PCURVE('',#3546,#3762);
#3762 = DEFINITIONAL_REPRESENTATION('',(#3763),#3771);
#3763 = ( BOUNDED_CURVE() B_SPLINE_CURVE(2,(#3764,#3765,#3766,#3767,
#3768,#3769,#3770),.UNSPECIFIED.,.T.,.F.) B_SPLINE_CURVE_WITH_KNOTS((1,2
    ,2,2,2,1),(-2.094395102393,0.,2.094395102393,4.188790204786,
6.28318530718,8.377580409573),.UNSPECIFIED.) CURVE() 
GEOMETRIC_REPRESENTATION_ITEM() RATIONAL_B_SPLINE_CURVE((1.,0.5,1.,0.5,
1.,0.5,1.)) REPRESENTATION_ITEM('') );
#3764 = CARTESIAN_POINT('',(0.586073675008,1.024305413119));
#3765 = CARTESIAN_POINT('',(1.775398499229,0.501805209779));
#3766 = CARTESIAN_POINT('',(0.728237637543,-0.266930199678));
#3767 = CARTESIAN_POINT('',(-0.318923224143,-1.035665609135));
#3768 = CARTESIAN_POINT('',(-0.461087186678,0.255570003663));
#3769 = CARTESIAN_POINT('',(-0.603251149213,1.54680561646));
#3770 = CARTESIAN_POINT('',(0.586073675008,1.024305413119));
#3771 = ( GEOMETRIC_REPRESENTATION_CONTEXT(2) 
PARAMETRIC_REPRESENTATION_CONTEXT() REPRESENTATION_CONTEXT('2D SPACE',''
  ) );
#3772 = PCURVE('',#3773,#3778);
#3773 = CYLINDRICAL_SURFACE('',#3774,0.75);
#3774 = AXIS2_PLACEMENT_3D('',#3775,#3776,#3777);
#3775 = CARTESIAN_POINT('',(-7.273194517812,-3.145250965472,-3.));
#3776 = DIRECTION('',(0.,0.,1.));
#3777 = DIRECTION('',(0.402220844067,-0.915542676557,0.));
#3778 = DEFINITIONAL_REPRESENTATION('',(#3779),#3783);
#3779 = LINE('',#3780,#3781);
#3780 = CARTESIAN_POINT('',(0.,0.));
#3781 = VECTOR('',#3782,1.);
#3782 = DIRECTION('',(1.,0.));
#3783 = ( GEOMETRIC_REPRESENTATION_CONTEXT(2) 
PARAMETRIC_REPRESENTATION_CONTEXT() REPRESENTATION_CONTEXT('2D SPACE',''
  ) );
#3784 = ORIENTED_EDGE('',*,*,#3785,.T.);
#3785 = EDGE_CURVE('',#3753,#3786,#3788,.T.);
#3786 = VERTEX_POINT('',#3787);
#3787 = CARTESIAN_POINT('',(-8.529231831168,-2.923904215637,-3.));
#3788 = SURFACE_CURVE('',#3789,(#3794,#3801),.PCURVE_S1.);
#3789 = CIRCLE('',#3790,2.75);
#3790 = AXIS2_PLACEMENT_3D('',#3791,#3792,#3793);
#3791 = CARTESIAN_POINT('',(-6.204635323614,-1.454635323614,-3.));
#3792 = DIRECTION('',(0.,0.,-1.));
#3793 = DIRECTION('',(1.,0.,0.));
#3794 = PCURVE('',#3546,#3795);
#3795 = DEFINITIONAL_REPRESENTATION('',(#3796),#3800);
#3796 = CIRCLE('',#3797,2.75);
#3797 = AXIS2_PLACEMENT_2D('',#3798,#3799);
#3798 = CARTESIAN_POINT('',(1.352967236156,-1.352967236156));
#3799 = DIRECTION('',(1.,0.));
#3800 = ( GEOMETRIC_REPRESENTATION_CONTEXT(2) 
PARAMETRIC_REPRESENTATION_CONTEXT() REPRESENTATION_CONTEXT('2D SPACE',''
  ) );
#3801 = PCURVE('',#3802,#3807);
#3802 = CYLINDRICAL_SURFACE('',#3803,2.75);
#3803 = AXIS2_PLACEMENT_3D('',#3804,#3805,#3806);
#3804 = CARTESIAN_POINT('',(-6.204635323614,-1.454635323614,-3.));
#3805 = DIRECTION('',(0.,0.,1.));
#3806 = DIRECTION('',(1.,0.,-0.));
#3807 = DEFINITIONAL_REPRESENTATION('',(#3808),#3812);
#3808 = LINE('',#3809,#3810);
#3809 = CARTESIAN_POINT('',(6.28318530718,0.));
#3810 = VECTOR('',#3811,1.);
#3811 = DIRECTION('',(-1.,0.));
#3812 = ( GEOMETRIC_REPRESENTATION_CONTEXT(2) 
PARAMETRIC_REPRESENTATION_CONTEXT() REPRESENTATION_CONTEXT('2D SPACE',''
  ) );
#3813 = ORIENTED_EDGE('',*,*,#3814,.F.);
#3814 = EDGE_CURVE('',#3815,#3786,#3817,.T.);
#3815 = VERTEX_POINT('',#3816);
#3816 = CARTESIAN_POINT('',(-8.425581049306,-1.992864429868,-3.));
#3817 = SURFACE_CURVE('',#3818,(#3823,#3834),.PCURVE_S1.);
#3818 = CIRCLE('',#3819,0.75);
#3819 = AXIS2_PLACEMENT_3D('',#3820,#3821,#3822);
#3820 = CARTESIAN_POINT('',(-7.895250965472,-2.523194517812,-3.));
#3821 = DIRECTION('',(0.,0.,1.));
#3822 = DIRECTION('',(-0.915542676557,0.402220844067,0.));
#3823 = PCURVE('',#3546,#3824);
#3824 = DEFINITIONAL_REPRESENTATION('',(#3825),#3833);
#3825 = ( BOUNDED_CURVE() B_SPLINE_CURVE(2,(#3826,#3827,#3828,#3829,
#3830,#3831,#3832),.UNSPECIFIED.,.T.,.F.) B_SPLINE_CURVE_WITH_KNOTS((1,2
    ,2,2,2,1),(-2.094395102393,0.,2.094395102393,4.188790204786,
6.28318530718,8.377580409573),.UNSPECIFIED.) CURVE() 
GEOMETRIC_REPRESENTATION_ITEM() RATIONAL_B_SPLINE_CURVE((1.,0.5,1.,0.5,
1.,0.5,1.)) REPRESENTATION_ITEM('') );
#3826 = CARTESIAN_POINT('',(-1.024305413119,-0.586073675008));
#3827 = CARTESIAN_POINT('',(-1.54680561646,0.603251149213));
#3828 = CARTESIAN_POINT('',(-0.255570003663,0.461087186678));
#3829 = CARTESIAN_POINT('',(1.035665609135,0.318923224143));
#3830 = CARTESIAN_POINT('',(0.266930199678,-0.728237637543));
#3831 = CARTESIAN_POINT('',(-0.501805209779,-1.775398499229));
#3832 = CARTESIAN_POINT('',(-1.024305413119,-0.586073675008));
#3833 = ( GEOMETRIC_REPRESENTATION_CONTEXT(2) 
PARAMETRIC_REPRESENTATION_CONTEXT() REPRESENTATION_CONTEXT('2D SPACE',''
  ) );
#3834 = PCURVE('',#3835,#3840);
#3835 = CYLINDRICAL_SURFACE('',#3836,0.75);
#3836 = AXIS2_PLACEMENT_3D('',#3837,#3838,#3839);
#3837 = CARTESIAN_POINT('',(-7.895250965472,-2.523194517812,-3.));
#3838 = DIRECTION('',(0.,0.,1.));
#3839 = DIRECTION('',(-0.915542676557,0.402220844067,0.));
#3840 = DEFINITIONAL_REPRESENTATION('',(#3841),#3845);
#3841 = LINE('',#3842,#3843);
#3842 = CARTESIAN_POINT('',(-6.28318530718,0.));
#3843 = VECTOR('',#3844,1.);
#3844 = DIRECTION('',(1.,0.));
#3845 = ( GEOMETRIC_REPRESENTATION_CONTEXT(2) 
PARAMETRIC_REPRESENTATION_CONTEXT() REPRESENTATION_CONTEXT('2D SPACE',''
  ) );
#3846 = ORIENTED_EDGE('',*,*,#3847,.T.);
#3847 = EDGE_CURVE('',#3815,#3848,#3850,.T.);
#3848 = VERTEX_POINT('',#3849);
#3849 = CARTESIAN_POINT('',(-7.734872425454,-1.302155806015,
    -2.999999999995));
#3850 = SURFACE_CURVE('',#3851,(#3855,#3862),.PCURVE_S1.);
#3851 = LINE('',#3852,#3853);
#3852 = CARTESIAN_POINT('',(-8.425581051361,-1.992864431923,-3.));
#3853 = VECTOR('',#3854,1.);
#3854 = DIRECTION('',(0.707106781187,0.707106781187,0.));
#3855 = PCURVE('',#3546,#3856);
#3856 = DEFINITIONAL_REPRESENTATION('',(#3857),#3861);
#3857 = LINE('',#3858,#3859);
#3858 = CARTESIAN_POINT('',(-0.867978491591,-0.814738127848));
#3859 = VECTOR('',#3860,1.);
#3860 = DIRECTION('',(0.707106781187,-0.707106781187));
#3861 = ( GEOMETRIC_REPRESENTATION_CONTEXT(2) 
PARAMETRIC_REPRESENTATION_CONTEXT() REPRESENTATION_CONTEXT('2D SPACE',''
  ) );
#3862 = PCURVE('',#3863,#3868);
#3863 = PLANE('',#3864);
#3864 = AXIS2_PLACEMENT_3D('',#3865,#3866,#3867);
#3865 = CARTESIAN_POINT('',(-7.206333839344,-0.773617219905,-3.));
#3866 = DIRECTION('',(-0.707106781187,0.707106781187,0.));
#3867 = DIRECTION('',(-0.707106781187,-0.707106781187,0.));
#3868 = DEFINITIONAL_REPRESENTATION('',(#3869),#3873);
#3869 = LINE('',#3870,#3871);
#3870 = CARTESIAN_POINT('',(1.724275943121,0.));
#3871 = VECTOR('',#3872,1.);
#3872 = DIRECTION('',(-1.,0.));
#3873 = ( GEOMETRIC_REPRESENTATION_CONTEXT(2) 
PARAMETRIC_REPRESENTATION_CONTEXT() REPRESENTATION_CONTEXT('2D SPACE',''
  ) );
#3874 = ORIENTED_EDGE('',*,*,#3875,.F.);
#3875 = EDGE_CURVE('',#3876,#3848,#3878,.T.);
#3876 = VERTEX_POINT('',#3877);
#3877 = CARTESIAN_POINT('',(-6.396453866322,-1.228813527574,
    -2.99999999989));
#3878 = SURFACE_CURVE('',#3879,(#3920,#3964),.PCURVE_S1.);
#3879 = B_SPLINE_CURVE_WITH_KNOTS('',3,(#3880,#3881,#3882,#3883,#3884,
    #3885,#3886,#3887,#3888,#3889,#3890,#3891,#3892,#3893,#3894,#3895,
    #3896,#3897,#3898,#3899,#3900,#3901,#3902,#3903,#3904,#3905,#3906,
    #3907,#3908,#3909,#3910,#3911,#3912,#3913,#3914,#3915,#3916,#3917,
    #3918,#3919),.UNSPECIFIED.,.F.,.F.,(4,3,3,3,3,3,3,3,3,3,3,3,3,4),(0.
    ,1.318117647446E-02,2.657610036913E-02,3.89351778871E-02,
    5.233077173254E-02,6.3049533239E-02,7.646336124573E-02,
    7.797375646877E-02,9.127943866365E-02,0.104752221995,0.112588097052,
    0.126076725075,0.139284388305,0.147220308474),.UNSPECIFIED.);
#3880 = CARTESIAN_POINT('',(-6.396453836825,-1.228813541651,
    -3.000000000268));
#3881 = CARTESIAN_POINT('',(-6.430636260431,-1.201208611661,
    -3.000000013424));
#3882 = CARTESIAN_POINT('',(-6.466597218717,-1.17600783883,
    -2.99999273102));
#3883 = CARTESIAN_POINT('',(-6.504024932824,-1.153275523562,
    -2.999985959492));
#3884 = CARTESIAN_POINT('',(-6.542059578896,-1.130174578548,
    -2.999979078155));
#3885 = CARTESIAN_POINT('',(-6.581609969363,-1.109622246395,
    -2.999972694445));
#3886 = CARTESIAN_POINT('',(-6.622381593381,-1.09172820677,
    -2.999970340911));
#3887 = CARTESIAN_POINT('',(-6.660000296236,-1.075217935821,
    -2.999968169379));
#3888 = CARTESIAN_POINT('',(-6.698659683042,-1.060970871587,
    -2.999969355265));
#3889 = CARTESIAN_POINT('',(-6.738140795362,-1.049110408039,
    -2.999973585692));
#3890 = CARTESIAN_POINT('',(-6.780933062376,-1.036255245322,
    -2.999978170912));
#3891 = CARTESIAN_POINT('',(-6.824408995881,-1.026287860632,
    -2.999986188364));
#3892 = CARTESIAN_POINT('',(-6.868271872302,-1.019301556497,
    -2.999993370817));
#3893 = CARTESIAN_POINT('',(-6.903369660184,-1.01371132073,
    -2.999999118006));
#3894 = CARTESIAN_POINT('',(-6.938716004996,-1.010030543501,
    -3.000004233466));
#3895 = CARTESIAN_POINT('',(-6.974165544701,-1.00833007105,
    -3.000004682862));
#3896 = CARTESIAN_POINT('',(-7.018528321896,-1.00620204115,
    -3.000005245253));
#3897 = CARTESIAN_POINT('',(-7.06305354451,-1.007173869373,
    -2.999998540033));
#3898 = CARTESIAN_POINT('',(-7.107469273605,-1.011142265655,
    -2.999990919183));
#3899 = CARTESIAN_POINT('',(-7.112470478706,-1.011589106541,
    -2.999990061076));
#3900 = CARTESIAN_POINT('',(-7.117470285319,-1.012073993333,
    -2.999989188686));
#3901 = CARTESIAN_POINT('',(-7.122468295578,-1.012596818497,
    -2.999988309197));
#3902 = CARTESIAN_POINT('',(-7.166497788712,-1.017202596746,
    -2.999980561426));
#3903 = CARTESIAN_POINT('',(-7.210122618452,-1.024720452613,
    -2.999972357467));
#3904 = CARTESIAN_POINT('',(-7.253081158061,-1.035000748085,
    -2.999966837094));
#3905 = CARTESIAN_POINT('',(-7.296579198063,-1.045410149981,
    -2.999961247393));
#3906 = CARTESIAN_POINT('',(-7.339395217873,-1.058652116392,
    -2.99995832108));
#3907 = CARTESIAN_POINT('',(-7.381249806036,-1.074623415349,
    -2.999958561542));
#3908 = CARTESIAN_POINT('',(-7.405592758445,-1.083912446432,
    -2.999958701397));
#3909 = CARTESIAN_POINT('',(-7.429610259037,-1.09412566685,
    -2.999959868061));
#3910 = CARTESIAN_POINT('',(-7.453243842867,-1.105250104314,
    -2.999961921559));
#3911 = CARTESIAN_POINT('',(-7.493926551406,-1.124399643811,
    -2.999965456438));
#3912 = CARTESIAN_POINT('',(-7.53324319316,-1.146138657394,
    -2.999971523605));
#3913 = CARTESIAN_POINT('',(-7.570920985295,-1.170349404226,
    -2.999978134006));
#3914 = CARTESIAN_POINT('',(-7.607813958317,-1.194055847176,
    -2.999984606713));
#3915 = CARTESIAN_POINT('',(-7.643136592775,-1.22013266235,
    -2.999991507795));
#3916 = CARTESIAN_POINT('',(-7.676608923594,-1.248512010927,
    -2.999995800044));
#3917 = CARTESIAN_POINT('',(-7.696721016144,-1.265563948187,
    -2.999998379073));
#3918 = CARTESIAN_POINT('',(-7.716164571562,-1.283447952124,-3.));
#3919 = CARTESIAN_POINT('',(-7.734872425454,-1.302155806015,-3.));
#3920 = PCURVE('',#3546,#3921);
#3921 = DEFINITIONAL_REPRESENTATION('',(#3922),#3963);
#3922 = B_SPLINE_CURVE_WITH_KNOTS('',3,(#3923,#3924,#3925,#3926,#3927,
    #3928,#3929,#3930,#3931,#3932,#3933,#3934,#3935,#3936,#3937,#3938,
    #3939,#3940,#3941,#3942,#3943,#3944,#3945,#3946,#3947,#3948,#3949,
    #3950,#3951,#3952,#3953,#3954,#3955,#3956,#3957,#3958,#3959,#3960,
    #3961,#3962),.UNSPECIFIED.,.F.,.F.,(4,3,3,3,3,3,3,3,3,3,3,3,3,4),(0.
    ,1.318117647446E-02,2.657610036913E-02,3.89351778871E-02,
    5.233077173254E-02,6.3049533239E-02,7.646336124573E-02,
    7.797375646877E-02,9.127943866365E-02,0.104752221995,0.112588097052,
    0.126076725075,0.139284388305,0.147220308474),.UNSPECIFIED.);
#3923 = CARTESIAN_POINT('',(1.161148722946,-1.57878901812));
#3924 = CARTESIAN_POINT('',(1.126966299339,-1.606393948109));
#3925 = CARTESIAN_POINT('',(1.091005341053,-1.63159472094));
#3926 = CARTESIAN_POINT('',(1.053577626946,-1.654327036208));
#3927 = CARTESIAN_POINT('',(1.015542980874,-1.677427981222));
#3928 = CARTESIAN_POINT('',(0.975992590407,-1.697980313376));
#3929 = CARTESIAN_POINT('',(0.935220966389,-1.715874353001));
#3930 = CARTESIAN_POINT('',(0.897602263534,-1.732384623949));
#3931 = CARTESIAN_POINT('',(0.858942876729,-1.746631688183));
#3932 = CARTESIAN_POINT('',(0.819461764409,-1.758492151732));
#3933 = CARTESIAN_POINT('',(0.776669497394,-1.771347314448));
#3934 = CARTESIAN_POINT('',(0.733193563889,-1.781314699138));
#3935 = CARTESIAN_POINT('',(0.689330687468,-1.788301003273));
#3936 = CARTESIAN_POINT('',(0.654232899586,-1.79389123904));
#3937 = CARTESIAN_POINT('',(0.618886554774,-1.79757201627));
#3938 = CARTESIAN_POINT('',(0.583437015069,-1.79927248872));
#3939 = CARTESIAN_POINT('',(0.539074237874,-1.80140051862));
#3940 = CARTESIAN_POINT('',(0.49454901526,-1.800428690397));
#3941 = CARTESIAN_POINT('',(0.450133286165,-1.796460294115));
#3942 = CARTESIAN_POINT('',(0.445132081064,-1.79601345323));
#3943 = CARTESIAN_POINT('',(0.440132274451,-1.795528566437));
#3944 = CARTESIAN_POINT('',(0.435134264193,-1.795005741274));
#3945 = CARTESIAN_POINT('',(0.391104771058,-1.790399963024));
#3946 = CARTESIAN_POINT('',(0.347479941318,-1.782882107157));
#3947 = CARTESIAN_POINT('',(0.304521401709,-1.772601811685));
#3948 = CARTESIAN_POINT('',(0.261023361707,-1.762192409789));
#3949 = CARTESIAN_POINT('',(0.218207341897,-1.748950443378));
#3950 = CARTESIAN_POINT('',(0.176352753734,-1.732979144421));
#3951 = CARTESIAN_POINT('',(0.152009801325,-1.723690113338));
#3952 = CARTESIAN_POINT('',(0.127992300733,-1.71347689292));
#3953 = CARTESIAN_POINT('',(0.104358716903,-1.702352455456));
#3954 = CARTESIAN_POINT('',(6.367600836401E-02,-1.683202915959));
#3955 = CARTESIAN_POINT('',(2.435936661055E-02,-1.661463902376));
#3956 = CARTESIAN_POINT('',(-1.331842552441E-02,-1.637253155544));
#3957 = CARTESIAN_POINT('',(-5.021139854721E-02,-1.613546712594));
#3958 = CARTESIAN_POINT('',(-8.553403300466E-02,-1.58746989742));
#3959 = CARTESIAN_POINT('',(-0.119006363824,-1.559090548843));
#3960 = CARTESIAN_POINT('',(-0.139118456373,-1.542038611583));
#3961 = CARTESIAN_POINT('',(-0.158562011792,-1.524154607647));
#3962 = CARTESIAN_POINT('',(-0.177269865684,-1.505446753755));
#3963 = ( GEOMETRIC_REPRESENTATION_CONTEXT(2) 
PARAMETRIC_REPRESENTATION_CONTEXT() REPRESENTATION_CONTEXT('2D SPACE',''
  ) );
#3964 = PCURVE('',#3965,#3986);
#3965 = B_SPLINE_SURFACE_WITH_KNOTS('',3,3,(
    (#3966,#3967,#3968,#3969)
    ,(#3970,#3971,#3972,#3973)
    ,(#3974,#3975,#3976,#3977)
    ,(#3978,#3979,#3980,#3981)
    ,(#3982,#3983,#3984,#3985
  )),.UNSPECIFIED.,.F.,.F.,.F.,(4,1,4),(4,4),(0.,0.571428571429,1.),(
    9.170739409648E-02,0.398794897562),.UNSPECIFIED.);
#3966 = CARTESIAN_POINT('',(-7.734872425454,-1.302155806015,-3.));
#3967 = CARTESIAN_POINT('',(-7.671431251127,-1.238714631688,
    -1.980314460702));
#3968 = CARTESIAN_POINT('',(-7.608043063385,-1.175326443946,
    -0.960622328923));
#3969 = CARTESIAN_POINT('',(-7.544689385234,-1.111972765795,
    5.907409019417E-02));
#3970 = CARTESIAN_POINT('',(-7.538356788426,-1.105640168987,
    -3.024452995176));
#3971 = CARTESIAN_POINT('',(-7.474213536112,-1.041448329049,
    -2.004843831469));
#3972 = CARTESIAN_POINT('',(-7.41019431823,-0.977515379927,
    -0.985213913789));
#3973 = CARTESIAN_POINT('',(-7.346310593734,-0.913593974295,
    3.44235650515E-02));
#3974 = CARTESIAN_POINT('',(-7.044059277991,-0.917349635759,
    -3.066921173259));
#3975 = CARTESIAN_POINT('',(-6.977528549587,-0.853177727198,
    -2.047435136859));
#3976 = CARTESIAN_POINT('',(-6.911504431681,-0.789133126994,
    -1.027917642429));
#3977 = CARTESIAN_POINT('',(-6.845808882308,-0.725239473241,
    -8.375030647783E-03));
#3978 = CARTESIAN_POINT('',(-6.564961831355,-1.102436617027,
    -3.085213449131));
#3979 = CARTESIAN_POINT('',(-6.497262801671,-1.040994289124,
    -2.065619768201));
#3980 = CARTESIAN_POINT('',(-6.430290434199,-0.979340132802,
    -1.046004675391));
#3981 = CARTESIAN_POINT('',(-6.363736825837,-0.91753465701,
    -2.637885059322E-02));
#3982 = CARTESIAN_POINT('',(-6.402228600099,-1.233951499393,
    -3.087155742748));
#3983 = CARTESIAN_POINT('',(-6.334646641245,-1.173851195788,
    -2.06747020345));
#3984 = CARTESIAN_POINT('',(-6.267756524249,-1.113340630703,
    -1.047778071671));
#3985 = CARTESIAN_POINT('',(-6.201310810907,-1.052553564539,
    -2.808165255349E-02));
#3986 = DEFINITIONAL_REPRESENTATION('',(#3987),#4057);
#3987 = B_SPLINE_CURVE_WITH_KNOTS('',3,(#3988,#3989,#3990,#3991,#3992,
    #3993,#3994,#3995,#3996,#3997,#3998,#3999,#4000,#4001,#4002,#4003,
    #4004,#4005,#4006,#4007,#4008,#4009,#4010,#4011,#4012,#4013,#4014,
    #4015,#4016,#4017,#4018,#4019,#4020,#4021,#4022,#4023,#4024,#4025,
    #4026,#4027,#4028,#4029,#4030,#4031,#4032,#4033,#4034,#4035,#4036,
    #4037,#4038,#4039,#4040,#4041,#4042,#4043,#4044,#4045,#4046,#4047,
    #4048,#4049,#4050,#4051,#4052,#4053,#4054,#4055,#4056),
  .UNSPECIFIED.,.F.,.F.,(4,1,1,1,1,1,1,1,1,1,1,1,1,1,1,1,1,1,1,1,1,1,1,1
    ,1,1,1,1,1,1,1,1,1,1,1,1,1,1,1,1,1,1,1,1,1,1,1,1,1,1,1,1,1,1,1,1,1,1
    ,1,1,1,1,1,1,1,1,4),(0.,2.230610734449E-03,4.461221468897E-03,
    6.691832203346E-03,8.922442937795E-03,1.115305367224E-02,
    1.338366440669E-02,1.561427514114E-02,1.784488587559E-02,
    2.007549661004E-02,2.230610734449E-02,2.453671807894E-02,
    2.676732881338E-02,2.899793954783E-02,3.122855028228E-02,
    3.345916101673E-02,3.568977175118E-02,3.792038248563E-02,
    4.015099322008E-02,4.238160395453E-02,4.461221468897E-02,
    4.684282542342E-02,4.907343615787E-02,5.130404689232E-02,
    5.353465762677E-02,5.576526836122E-02,5.799587909567E-02,
    6.022648983012E-02,6.245710056456E-02,6.468771129901E-02,
    6.691832203346E-02,6.914893276791E-02,7.137954350236E-02,
    7.361015423681E-02,7.584076497126E-02,7.80713757057E-02,
    8.030198644015E-02,8.25325971746E-02,8.476320790905E-02,
    8.69938186435E-02,8.922442937795E-02,9.14550401124E-02,
    9.368565084685E-02,9.591626158129E-02,9.814687231574E-02,
    0.10037748305,0.102608093785,0.104838704519,0.107069315254,
    0.109299925988,0.111530536722,0.113761147457,0.115991758191,
    0.118222368926,0.12045297966,0.122683590395,0.124914201129,
    0.127144811864,0.129375422598,0.131606033332,0.133836644067,
    0.136067254801,0.138297865536,0.14052847627,0.142759087005,
    0.144989697739,0.147220308474),.QUASI_UNIFORM_KNOTS.);
#3988 = CARTESIAN_POINT('',(1.,0.100456638651));
#3989 = CARTESIAN_POINT('',(0.994925623635,0.100449740492));
#3990 = CARTESIAN_POINT('',(0.984782609714,0.100434501183));
#3991 = CARTESIAN_POINT('',(0.969583380333,0.100407335222));
#3992 = CARTESIAN_POINT('',(0.954397507401,0.100375884246));
#3993 = CARTESIAN_POINT('',(0.939223091285,0.100340170234));
#3994 = CARTESIAN_POINT('',(0.924058257928,0.100300215166));
#3995 = CARTESIAN_POINT('',(0.908901217351,0.100256041019));
#3996 = CARTESIAN_POINT('',(0.893750095174,0.10020766977));
#3997 = CARTESIAN_POINT('',(0.878602966023,0.100155123402));
#3998 = CARTESIAN_POINT('',(0.863457965615,0.100098423894));
#3999 = CARTESIAN_POINT('',(0.848313205175,0.100037593226));
#4000 = CARTESIAN_POINT('',(0.833166796777,9.997265337734E-02));
#4001 = CARTESIAN_POINT('',(0.818016888638,9.990362632021E-02));
#4002 = CARTESIAN_POINT('',(0.802861545672,9.98305340584E-02));
#4003 = CARTESIAN_POINT('',(0.787698917162,9.975339847751E-02));
#4004 = CARTESIAN_POINT('',(0.772527225307,9.967224191228E-02));
#4005 = CARTESIAN_POINT('',(0.757344404251,9.958708501674E-02));
#4006 = CARTESIAN_POINT('',(0.742149232898,9.94979547153E-02));
#4007 = CARTESIAN_POINT('',(0.726937214341,9.940485452962E-02));
#4008 = CARTESIAN_POINT('',(0.711745677977,9.930806302608E-02));
#4009 = CARTESIAN_POINT('',(0.696567711698,9.920759842961E-02));
#4010 = CARTESIAN_POINT('',(0.681402739101,9.910351505458E-02));
#4011 = CARTESIAN_POINT('',(0.666248524589,9.899585754514E-02));
#4012 = CARTESIAN_POINT('',(0.651103316589,9.888467313658E-02));
#4013 = CARTESIAN_POINT('',(0.635965319383,9.877000836988E-02));
#4014 = CARTESIAN_POINT('',(0.620832587668,9.8651909972E-02));
#4015 = CARTESIAN_POINT('',(0.605703251944,9.853042462062E-02));
#4016 = CARTESIAN_POINT('',(0.590575429177,9.840559900485E-02));
#4017 = CARTESIAN_POINT('',(0.575447249958,9.827747981771E-02));
#4018 = CARTESIAN_POINT('',(0.56031683224,9.814611372464E-02));
#4019 = CARTESIAN_POINT('',(0.545182279135,9.801154749578E-02));
#4020 = CARTESIAN_POINT('',(0.530041759598,9.787382751099E-02));
#4021 = CARTESIAN_POINT('',(0.514893517832,9.773300160876E-02));
#4022 = CARTESIAN_POINT('',(0.499735242795,9.758911218381E-02));
#4023 = CARTESIAN_POINT('',(0.484566619247,9.744222194588E-02));
#4024 = CARTESIAN_POINT('',(0.46937981213,9.729231778583E-02));
#4025 = CARTESIAN_POINT('',(0.454195300686,9.713967133212E-02));
#4026 = CARTESIAN_POINT('',(0.439027763567,9.698451334209E-02));
#4027 = CARTESIAN_POINT('',(0.42387084014,9.682686211507E-02));
#4028 = CARTESIAN_POINT('',(0.408723834328,9.666679287808E-02));
#4029 = CARTESIAN_POINT('',(0.393584561093,9.650436560419E-02));
#4030 = CARTESIAN_POINT('',(0.378451315181,9.633964435354E-02));
#4031 = CARTESIAN_POINT('',(0.363322201376,9.617269209179E-02));
#4032 = CARTESIAN_POINT('',(0.348195319976,9.600357207699E-02));
#4033 = CARTESIAN_POINT('',(0.33306882154,9.583234749244E-02));
#4034 = CARTESIAN_POINT('',(0.317940827371,9.565908152673E-02));
#4035 = CARTESIAN_POINT('',(0.302809464091,9.548383742147E-02));
#4036 = CARTESIAN_POINT('',(0.287672853695,9.530667820147E-02));
#4037 = CARTESIAN_POINT('',(0.272529166763,9.512766770765E-02));
#4038 = CARTESIAN_POINT('',(0.257376364561,9.494686673336E-02));
#4039 = CARTESIAN_POINT('',(0.24221330304,9.476434744275E-02));
#4040 = CARTESIAN_POINT('',(0.227035417141,9.458013956555E-02));
#4041 = CARTESIAN_POINT('',(0.211874273275,9.439471972459E-02));
#4042 = CARTESIAN_POINT('',(0.196724118548,9.420811264975E-02));
#4043 = CARTESIAN_POINT('',(0.181584095483,9.402040179171E-02));
#4044 = CARTESIAN_POINT('',(0.166452062509,9.383165486767E-02));
#4045 = CARTESIAN_POINT('',(0.1513262506,9.364194381142E-02));
#4046 = CARTESIAN_POINT('',(0.136204864974,9.345133942843E-02));
#4047 = CARTESIAN_POINT('',(0.121085976236,9.325991282519E-02));
#4048 = CARTESIAN_POINT('',(0.105967753175,9.306773502495E-02));
#4049 = CARTESIAN_POINT('',(9.084833646992E-02,9.287487707396E-02));
#4050 = CARTESIAN_POINT('',(7.57258580623E-02,9.268141001334E-02));
#4051 = CARTESIAN_POINT('',(6.059844885131E-02,9.248740488651E-02));
#4052 = CARTESIAN_POINT('',(4.546424893677E-02,9.229293273763E-02));
#4053 = CARTESIAN_POINT('',(3.032139701596E-02,9.209806460762E-02));
#4054 = CARTESIAN_POINT('',(1.516806420647E-02,9.19028715382E-02));
#4055 = CARTESIAN_POINT('',(5.057602020493E-03,9.177257356084E-02));
#4056 = CARTESIAN_POINT('',(0.,9.170739409648E-02));
#4057 = ( GEOMETRIC_REPRESENTATION_CONTEXT(2) 
PARAMETRIC_REPRESENTATION_CONTEXT() REPRESENTATION_CONTEXT('2D SPACE',''
  ) );
#4058 = ORIENTED_EDGE('',*,*,#4059,.T.);
#4059 = EDGE_CURVE('',#3876,#3493,#4060,.T.);
#4060 = SURFACE_CURVE('',#4061,(#4066,#4073),.PCURVE_S1.);
#4061 = CIRCLE('',#4062,2.789718885006);
#4062 = AXIS2_PLACEMENT_3D('',#4063,#4064,#4065);
#4063 = CARTESIAN_POINT('',(-8.149178971877,-3.399178971877,-3.));
#4064 = DIRECTION('',(0.,0.,-1.));
#4065 = DIRECTION('',(1.,0.,0.));
#4066 = PCURVE('',#3546,#4067);
#4067 = DEFINITIONAL_REPRESENTATION('',(#4068),#4072);
#4068 = CIRCLE('',#4069,2.789718885006);
#4069 = AXIS2_PLACEMENT_2D('',#4070,#4071);
#4070 = CARTESIAN_POINT('',(-0.591576412107,0.591576412107));
#4071 = DIRECTION('',(1.,0.));
#4072 = ( GEOMETRIC_REPRESENTATION_CONTEXT(2) 
PARAMETRIC_REPRESENTATION_CONTEXT() REPRESENTATION_CONTEXT('2D SPACE',''
  ) );
#4073 = PCURVE('',#3051,#4074);
#4074 = DEFINITIONAL_REPRESENTATION('',(#4075),#4079);
#4075 = LINE('',#4076,#4077);
#4076 = CARTESIAN_POINT('',(6.28318530718,1.715569291375E-15));
#4077 = VECTOR('',#4078,1.);
#4078 = DIRECTION('',(-1.,-3.110340777544E-16));
#4079 = ( GEOMETRIC_REPRESENTATION_CONTEXT(2) 
PARAMETRIC_REPRESENTATION_CONTEXT() REPRESENTATION_CONTEXT('2D SPACE',''
  ) );
#4080 = ORIENTED_EDGE('',*,*,#3515,.F.);
#4081 = ORIENTED_EDGE('',*,*,#3676,.T.);
#4082 = ADVANCED_FACE('',(#4083),#3965,.F.);
#4083 = FACE_BOUND('',#4084,.F.);
#4084 = EDGE_LOOP('',(#4085,#4150,#4212,#4252,#4292,#4315,#4316,#4339,
    #4420));
#4085 = ORIENTED_EDGE('',*,*,#4086,.F.);
#4086 = EDGE_CURVE('',#4087,#4089,#4091,.T.);
#4087 = VERTEX_POINT('',#4088);
#4088 = CARTESIAN_POINT('',(-6.684235437722,-0.925569006128,
    -1.251111318166));
#4089 = VERTEX_POINT('',#4090);
#4090 = CARTESIAN_POINT('',(-6.578803712466,-0.932949441366,
    -0.966221969504));
#4091 = SURFACE_CURVE('',#4092,(#4097,#4103),.PCURVE_S1.);
#4092 = B_SPLINE_CURVE_WITH_KNOTS('',3,(#4093,#4094,#4095,#4096),
  .UNSPECIFIED.,.F.,.F.,(4,4),(-3.034839427932E-02,0.),
  .PIECEWISE_BEZIER_KNOTS.);
#4093 = CARTESIAN_POINT('',(-6.684669529328,-0.925431258669,
    -1.251092859007));
#4094 = CARTESIAN_POINT('',(-6.65012284034,-0.926374296731,
    -1.156012413761));
#4095 = CARTESIAN_POINT('',(-6.61488596969,-0.928810834479,
    -1.060785778283));
#4096 = CARTESIAN_POINT('',(-6.579248586309,-0.932979375576,
    -0.966192428525));
#4097 = PCURVE('',#3965,#4098);
#4098 = DEFINITIONAL_REPRESENTATION('',(#4099),#4102);
#4099 = B_SPLINE_CURVE_WITH_KNOTS('',1,(#4100,#4101),.UNSPECIFIED.,.F.,
  .F.,(2,2),(-3.033517753476E-02,0.),.PIECEWISE_BEZIER_KNOTS.);
#4100 = CARTESIAN_POINT('',(0.692285409593,0.274774660861));
#4101 = CARTESIAN_POINT('',(0.753509274052,0.303747697705));
#4102 = ( GEOMETRIC_REPRESENTATION_CONTEXT(2) 
PARAMETRIC_REPRESENTATION_CONTEXT() REPRESENTATION_CONTEXT('2D SPACE',''
  ) );
#4103 = PCURVE('',#4104,#4145);
#4104 = B_SPLINE_SURFACE_WITH_KNOTS('',3,3,(
    (#4105,#4106,#4107,#4108,#4109,#4110,#4111,#4112,#4113,#4114)
    ,(#4115,#4116,#4117,#4118,#4119,#4120,#4121,#4122,#4123,#4124)
    ,(#4125,#4126,#4127,#4128,#4129,#4130,#4131,#4132,#4133,#4134)
    ,(#4135,#4136,#4137,#4138,#4139,#4140,#4141,#4142,#4143,#4144
  )),.UNSPECIFIED.,.F.,.F.,.F.,(4,4),(4,2,2,2,4),(0.,1.),(
    -1.471604187189E-02,-1.453137526038E-02,0.,3.642173209248E-02,
    5.425131368669E-02),.UNSPECIFIED.);
#4105 = CARTESIAN_POINT('',(-6.644417443428,-0.414662590801,
    -0.77968249907));
#4106 = CARTESIAN_POINT('',(-6.644453107698,-0.415112776919,
    -0.780099975383));
#4107 = CARTESIAN_POINT('',(-6.644488770394,-0.415562956424,
    -0.780517441767));
#4108 = CARTESIAN_POINT('',(-6.647330593549,-0.451437093953,
    -0.813784416623));
#4109 = CARTESIAN_POINT('',(-6.650140384406,-0.486989211877,
    -0.846729219043));
#4110 = CARTESIAN_POINT('',(-6.65993452403,-0.611267574589,
    -0.961792688186));
#4111 = CARTESIAN_POINT('',(-6.667109908916,-0.702952765135,
    -1.046498826562));
#4112 = CARTESIAN_POINT('',(-6.677380420785,-0.835873263632,
    -1.168830198026));
#4113 = CARTESIAN_POINT('',(-6.680819785275,-0.880666009391,
    -1.209977141167));
#4114 = CARTESIAN_POINT('',(-6.684235437722,-0.925569006128,
    -1.251111318166));
#4115 = CARTESIAN_POINT('',(-6.612636796846,-0.464485316745,
    -0.728597328784));
#4116 = CARTESIAN_POINT('',(-6.612672713725,-0.464935469223,
    -0.729014414528));
#4117 = CARTESIAN_POINT('',(-6.61270862936,-0.465385619241,
    -0.729431493296));
#4118 = CARTESIAN_POINT('',(-6.615570617693,-0.501257144347,
    -0.76266734932));
#4119 = CARTESIAN_POINT('',(-6.618401668756,-0.536806058737,
    -0.795578934947));
#4120 = CARTESIAN_POINT('',(-6.628275549683,-0.661069375939,
    -0.910515145041));
#4121 = CARTESIAN_POINT('',(-6.635519527213,-0.752737755146,
    -0.995108338939));
#4122 = CARTESIAN_POINT('',(-6.645914802455,-0.885610636919,
    -1.117219410926));
#4123 = CARTESIAN_POINT('',(-6.649400356717,-0.930383325301,
    -1.158282685084));
#4124 = CARTESIAN_POINT('',(-6.652868422664,-0.975259326512,
    -1.199318290599));
#4125 = CARTESIAN_POINT('',(-6.580856150263,-0.514308042688,
    -0.677512158497));
#4126 = CARTESIAN_POINT('',(-6.580892319881,-0.514758165818,
    -0.677928857033));
#4127 = CARTESIAN_POINT('',(-6.580928488201,-0.515208277881,
    -0.678345541551));
#4128 = CARTESIAN_POINT('',(-6.583810643943,-0.551077268867,
    -0.711550340295));
#4129 = CARTESIAN_POINT('',(-6.58666295199,-0.586622833274,
    -0.74442859252));
#4130 = CARTESIAN_POINT('',(-6.596616578662,-0.710871389168,
    -0.859237772295));
#4131 = CARTESIAN_POINT('',(-6.603929165983,-0.802522951684,
    -0.943717989827));
#4132 = CARTESIAN_POINT('',(-6.614449174014,-0.935347942734,
    -1.065608583207));
#4133 = CARTESIAN_POINT('',(-6.617980930276,-0.980100810706,
    -1.106588362496));
#4134 = CARTESIAN_POINT('',(-6.621501407606,-1.024949646896,
    -1.147525263032));
#4135 = CARTESIAN_POINT('',(-6.54907550368,-0.564130768632,
    -0.62642698821));
#4136 = CARTESIAN_POINT('',(-6.549111925908,-0.564580858122,
    -0.626843296177));
#4137 = CARTESIAN_POINT('',(-6.549148347167,-0.565030940699,
    -0.627259593079));
#4138 = CARTESIAN_POINT('',(-6.552050668087,-0.60089731926,
    -0.660433272992));
#4139 = CARTESIAN_POINT('',(-6.55492423634,-0.636439680134,
    -0.693278308423));
#4140 = CARTESIAN_POINT('',(-6.564957604315,-0.760673190518,
    -0.80796022915));
#4141 = CARTESIAN_POINT('',(-6.57233878428,-0.852307941695,
    -0.892327502204));
#4142 = CARTESIAN_POINT('',(-6.582983555685,-0.985085316021,
    -1.013997796107));
#4143 = CARTESIAN_POINT('',(-6.586561501719,-1.029818126616,
    -1.054893906413));
#4144 = CARTESIAN_POINT('',(-6.590134392548,-1.07463996728,
    -1.095732235465));
#4145 = DEFINITIONAL_REPRESENTATION('',(#4146),#4149);
#4146 = B_SPLINE_CURVE_WITH_KNOTS('',1,(#4147,#4148),.UNSPECIFIED.,.F.,
  .F.,(2,2),(-3.033517753476E-02,0.),.PIECEWISE_BEZIER_KNOTS.);
#4147 = CARTESIAN_POINT('',(-6.308751499919E-04,5.423424672986E-02));
#4148 = CARTESIAN_POINT('',(0.999400818741,3.526805897675E-02));
#4149 = ( GEOMETRIC_REPRESENTATION_CONTEXT(2) 
PARAMETRIC_REPRESENTATION_CONTEXT() REPRESENTATION_CONTEXT('2D SPACE',''
  ) );
#4150 = ORIENTED_EDGE('',*,*,#4151,.F.);
#4151 = EDGE_CURVE('',#4152,#4087,#4154,.T.);
#4152 = VERTEX_POINT('',#4153);
#4153 = CARTESIAN_POINT('',(-6.871872961635,-0.915699125908,
    -1.498952973715));
#4154 = SURFACE_CURVE('',#4155,(#4160,#4166),.PCURVE_S1.);
#4155 = B_SPLINE_CURVE_WITH_KNOTS('',3,(#4156,#4157,#4158,#4159),
  .UNSPECIFIED.,.F.,.F.,(4,4),(-4.477952701213E-02,-1.399864163737E-02),
  .PIECEWISE_BEZIER_KNOTS.);
#4156 = CARTESIAN_POINT('',(-6.871872961635,-0.915699125908,
    -1.498952973715));
#4157 = CARTESIAN_POINT('',(-6.812352917751,-0.913671162957,
    -1.415064520529));
#4158 = CARTESIAN_POINT('',(-6.749299636805,-0.916309746024,
    -1.331373487531));
#4159 = CARTESIAN_POINT('',(-6.684235437722,-0.925569006128,
    -1.251111318166));
#4160 = PCURVE('',#3965,#4161);
#4161 = DEFINITIONAL_REPRESENTATION('',(#4162),#4165);
#4162 = B_SPLINE_CURVE_WITH_KNOTS('',1,(#4163,#4164),.UNSPECIFIED.,.F.,
  .F.,(2,2),(-4.477952701213E-02,-1.399864163737E-02),
  .PIECEWISE_BEZIER_KNOTS.);
#4163 = CARTESIAN_POINT('',(0.574705659021,0.248973028517));
#4164 = CARTESIAN_POINT('',(0.69256823713,0.274762011013));
#4165 = ( GEOMETRIC_REPRESENTATION_CONTEXT(2) 
PARAMETRIC_REPRESENTATION_CONTEXT() REPRESENTATION_CONTEXT('2D SPACE',''
  ) );
#4166 = PCURVE('',#4167,#4184);
#4167 = B_SPLINE_SURFACE_WITH_KNOTS('',3,3,(
    (#4168,#4169,#4170,#4171)
    ,(#4172,#4173,#4174,#4175)
    ,(#4176,#4177,#4178,#4179)
    ,(#4180,#4181,#4182,#4183
    )),.UNSPECIFIED.,.F.,.F.,.F.,(4,4),(4,4),(0.,0.674069274929),(
    -7.57524042325E-03,7.087234815872E-02),.PIECEWISE_BEZIER_KNOTS.);
#4168 = CARTESIAN_POINT('',(-6.825905254423,-0.33597240009,
    -0.954366403467));
#4169 = CARTESIAN_POINT('',(-6.841258586445,-0.526669832204,
    -1.133378609011));
#4170 = CARTESIAN_POINT('',(-6.856995334937,-0.722904688477,
    -1.317644742701));
#4171 = CARTESIAN_POINT('',(-6.871872961635,-0.915699125908,
    -1.498952973715));
#4172 = CARTESIAN_POINT('',(-6.766449073039,-0.37988128014,
    -0.912053021721));
#4173 = CARTESIAN_POINT('',(-6.781835273191,-0.570806607232,
    -1.090649370686));
#4174 = CARTESIAN_POINT('',(-6.797612401113,-0.767342567393,
    -1.274389694711));
#4175 = CARTESIAN_POINT('',(-6.812608367119,-0.960566860237,
    -1.454521401903));
#4176 = CARTESIAN_POINT('',(-6.706992891656,-0.42379016019,
    -0.869739639975));
#4177 = CARTESIAN_POINT('',(-6.722411959937,-0.61494338226,
    -1.047920132362));
#4178 = CARTESIAN_POINT('',(-6.738229467289,-0.811780446309,
    -1.231134646722));
#4179 = CARTESIAN_POINT('',(-6.753343772603,-1.005434594566,
    -1.410089830091));
#4180 = CARTESIAN_POINT('',(-6.647536710273,-0.467699040239,
    -0.827426258229));
#4181 = CARTESIAN_POINT('',(-6.662988646683,-0.659080157289,
    -1.005190894037));
#4182 = CARTESIAN_POINT('',(-6.678846533466,-0.856218325224,
    -1.187879598732));
#4183 = CARTESIAN_POINT('',(-6.694079178087,-1.050302328895,
    -1.365658258279));
#4184 = DEFINITIONAL_REPRESENTATION('',(#4185),#4211);
#4185 = B_SPLINE_CURVE_WITH_KNOTS('',3,(#4186,#4187,#4188,#4189,#4190,
    #4191,#4192,#4193,#4194,#4195,#4196,#4197,#4198,#4199,#4200,#4201,
    #4202,#4203,#4204,#4205,#4206,#4207,#4208,#4209,#4210),
  .UNSPECIFIED.,.F.,.F.,(4,1,1,1,1,1,1,1,1,1,1,1,1,1,1,1,1,1,1,1,1,1,4),
  (-4.477952701213E-02,-4.338039585873E-02,-4.198126470533E-02,
    -4.058213355193E-02,-3.918300239854E-02,-3.778387124514E-02,
    -3.638474009174E-02,-3.498560893834E-02,-3.358647778494E-02,
    -3.218734663155E-02,-3.078821547815E-02,-2.938908432475E-02,
    -2.798995317135E-02,-2.659082201795E-02,-2.519169086456E-02,
    -2.379255971116E-02,-2.239342855776E-02,-2.099429740436E-02,
    -1.959516625096E-02,-1.819603509757E-02,-1.679690394417E-02,
    -1.539777279077E-02,-1.399864163737E-02),.QUASI_UNIFORM_KNOTS.);
#4186 = CARTESIAN_POINT('',(0.,7.087234815872E-02));
#4187 = CARTESIAN_POINT('',(9.665541009838E-03,7.059806286774E-02));
#4188 = CARTESIAN_POINT('',(2.905288162227E-02,7.005084643669E-02));
#4189 = CARTESIAN_POINT('',(5.830006266989E-02,6.923428524351E-02));
#4190 = CARTESIAN_POINT('',(8.771081086252E-02,6.842218846503E-02));
#4191 = CARTESIAN_POINT('',(0.117282513887,6.761475719997E-02));
#4192 = CARTESIAN_POINT('',(0.147012553716,6.681219264544E-02));
#4193 = CARTESIAN_POINT('',(0.176898306022,6.601469611586E-02));
#4194 = CARTESIAN_POINT('',(0.206937140711,6.522246904631E-02));
#4195 = CARTESIAN_POINT('',(0.237126422141,6.443571300018E-02));
#4196 = CARTESIAN_POINT('',(0.26746350941,6.365462967564E-02));
#4197 = CARTESIAN_POINT('',(0.29794575661,6.287942091238E-02));
#4198 = CARTESIAN_POINT('',(0.328570513083,6.211028869823E-02));
#4199 = CARTESIAN_POINT('',(0.359335123656,6.13474351758E-02));
#4200 = CARTESIAN_POINT('',(0.390236928869,6.059106264895E-02));
#4201 = CARTESIAN_POINT('',(0.421273265192,5.984137358917E-02));
#4202 = CARTESIAN_POINT('',(0.452441465228,5.909857064192E-02));
#4203 = CARTESIAN_POINT('',(0.483738857902,5.836285663271E-02));
#4204 = CARTESIAN_POINT('',(0.515162768651,5.763443457299E-02));
#4205 = CARTESIAN_POINT('',(0.546710519579,5.69135076664E-02));
#4206 = CARTESIAN_POINT('',(0.57837942964,5.620027931237E-02));
#4207 = CARTESIAN_POINT('',(0.610166814697,5.54949531188E-02));
#4208 = CARTESIAN_POINT('',(0.642069987986,5.479773287975E-02));
#4209 = CARTESIAN_POINT('',(0.663414168646,5.433845941489E-02));
#4210 = CARTESIAN_POINT('',(0.674104660351,5.411024169E-02));
#4211 = ( GEOMETRIC_REPRESENTATION_CONTEXT(2) 
PARAMETRIC_REPRESENTATION_CONTEXT() REPRESENTATION_CONTEXT('2D SPACE',''
  ) );
#4212 = ORIENTED_EDGE('',*,*,#4213,.T.);
#4213 = EDGE_CURVE('',#4152,#4214,#4216,.T.);
#4214 = VERTEX_POINT('',#4215);
#4215 = CARTESIAN_POINT('',(-7.609824823883,-1.178464566265,
    -1.49999908014));
#4216 = SURFACE_CURVE('',#4217,(#4222,#4228),.PCURVE_S1.);
#4217 = B_SPLINE_CURVE_WITH_KNOTS('',3,(#4218,#4219,#4220,#4221),
  .UNSPECIFIED.,.F.,.F.,(4,4),(6.613805926973E-02,0.148168924519),
  .PIECEWISE_BEZIER_KNOTS.);
#4218 = CARTESIAN_POINT('',(-6.871871231272,-0.91570667777,
    -1.498952912965));
#4219 = CARTESIAN_POINT('',(-7.135055757262,-0.900514286462,
    -1.499462935717));
#4220 = CARTESIAN_POINT('',(-7.408197254957,-0.993706546095,
    -1.499976198886));
#4221 = CARTESIAN_POINT('',(-7.609824823883,-1.178464566265,
    -1.49999908014));
#4222 = PCURVE('',#3965,#4223);
#4223 = DEFINITIONAL_REPRESENTATION('',(#4224),#4227);
#4224 = B_SPLINE_CURVE_WITH_KNOTS('',1,(#4225,#4226),.UNSPECIFIED.,.F.,
  .F.,(2,2),(6.613828359967E-02,0.148168924519),
  .PIECEWISE_BEZIER_KNOTS.);
#4225 = CARTESIAN_POINT('',(0.574705674067,0.248972985502));
#4226 = CARTESIAN_POINT('',(2.976499090072E-02,0.242671521701));
#4227 = ( GEOMETRIC_REPRESENTATION_CONTEXT(2) 
PARAMETRIC_REPRESENTATION_CONTEXT() REPRESENTATION_CONTEXT('2D SPACE',''
  ) );
#4228 = PCURVE('',#4229,#4246);
#4229 = B_SPLINE_SURFACE_WITH_KNOTS('',3,3,(
    (#4230,#4231,#4232,#4233)
    ,(#4234,#4235,#4236,#4237)
    ,(#4238,#4239,#4240,#4241)
    ,(#4242,#4243,#4244,#4245
    )),.UNSPECIFIED.,.F.,.F.,.F.,(4,4),(4,4),(0.,1.00387220618),(
    -0.148168924519,-6.433300570704E-02),.PIECEWISE_BEZIER_KNOTS.);
#4230 = CARTESIAN_POINT('',(-7.609824823883,-1.178464566265,
    -1.49999908014));
#4231 = CARTESIAN_POINT('',(-7.403760527872,-0.989641026104,
    -1.499975695394));
#4232 = CARTESIAN_POINT('',(-7.123000410098,-0.89645731229,
    -1.499440110007));
#4233 = CARTESIAN_POINT('',(-6.85451277927,-0.916867202726,
    -1.498919254444));
#4234 = CARTESIAN_POINT('',(-7.728359233611,-1.059930156537,
    -1.332687353584));
#4235 = CARTESIAN_POINT('',(-7.49230390258,-0.835346409486,
    -1.332671793937));
#4236 = CARTESIAN_POINT('',(-7.164332830232,-0.718683915329,
    -1.332315428311));
#4237 = CARTESIAN_POINT('',(-6.846225383442,-0.73875314649,
    -1.331968863556));
#4238 = CARTESIAN_POINT('',(-7.846893643339,-0.941395746809,
    -1.165375627028));
#4239 = CARTESIAN_POINT('',(-7.580847277288,-0.681051792867,
    -1.16536789248));
#4240 = CARTESIAN_POINT('',(-7.205665250367,-0.540910518368,
    -1.165190746615));
#4241 = CARTESIAN_POINT('',(-6.837937987614,-0.560639090253,
    -1.165018472668));
#4242 = CARTESIAN_POINT('',(-7.965428053067,-0.822861337081,
    -0.998063900472));
#4243 = CARTESIAN_POINT('',(-7.669390651996,-0.526757176248,
    -0.998063991022));
#4244 = CARTESIAN_POINT('',(-7.246997670501,-0.363137121408,
    -0.998066064919));
#4245 = CARTESIAN_POINT('',(-6.829650591786,-0.382525034016,
    -0.998068081779));
#4246 = DEFINITIONAL_REPRESENTATION('',(#4247),#4251);
#4247 = LINE('',#4248,#4249);
#4248 = CARTESIAN_POINT('',(4.380184164509E-15,3.330669073875E-16));
#4249 = VECTOR('',#4250,1.);
#4250 = DIRECTION('',(-3.297227047255E-14,-1.));
#4251 = ( GEOMETRIC_REPRESENTATION_CONTEXT(2) 
PARAMETRIC_REPRESENTATION_CONTEXT() REPRESENTATION_CONTEXT('2D SPACE',''
  ) );
#4252 = ORIENTED_EDGE('',*,*,#4253,.T.);
#4253 = EDGE_CURVE('',#4214,#4254,#4256,.T.);
#4254 = VERTEX_POINT('',#4255);
#4255 = CARTESIAN_POINT('',(-7.641584294337,-1.208867674898,
    -1.499999999771));
#4256 = SURFACE_CURVE('',#4257,(#4262,#4268),.PCURVE_S1.);
#4257 = B_SPLINE_CURVE_WITH_KNOTS('',3,(#4258,#4259,#4260,#4261),
  .UNSPECIFIED.,.F.,.F.,(4,4),(0.339292026904,0.343687585025),
  .PIECEWISE_BEZIER_KNOTS.);
#4258 = CARTESIAN_POINT('',(-7.609824823883,-1.178464566265,
    -1.49999908014));
#4259 = CARTESIAN_POINT('',(-7.620637588863,-1.188372660981,
    -1.500000307203));
#4260 = CARTESIAN_POINT('',(-7.631223864489,-1.198507245051,-1.5));
#4261 = CARTESIAN_POINT('',(-7.641584294337,-1.208867674898,-1.5));
#4262 = PCURVE('',#3965,#4263);
#4263 = DEFINITIONAL_REPRESENTATION('',(#4264),#4267);
#4264 = B_SPLINE_CURVE_WITH_KNOTS('',1,(#4265,#4266),.UNSPECIFIED.,.F.,
  .F.,(2,2),(0.339292026904,0.343687585025),.PIECEWISE_BEZIER_KNOTS.);
#4265 = CARTESIAN_POINT('',(2.976499090072E-02,0.242671521701));
#4266 = CARTESIAN_POINT('',(-1.572555139297E-07,0.242286454795));
#4267 = ( GEOMETRIC_REPRESENTATION_CONTEXT(2) 
PARAMETRIC_REPRESENTATION_CONTEXT() REPRESENTATION_CONTEXT('2D SPACE',''
  ) );
#4268 = PCURVE('',#4269,#4286);
#4269 = B_SPLINE_SURFACE_WITH_KNOTS('',3,3,(
    (#4270,#4271,#4272,#4273)
    ,(#4274,#4275,#4276,#4277)
    ,(#4278,#4279,#4280,#4281)
    ,(#4282,#4283,#4284,#4285
    )),.UNSPECIFIED.,.F.,.F.,.F.,(4,4),(4,4),(0.,1.),(-0.343687585025,
    -0.339292026904),.PIECEWISE_BEZIER_KNOTS.);
#4270 = CARTESIAN_POINT('',(-7.641584294337,-1.208867674898,-1.5));
#4271 = CARTESIAN_POINT('',(-7.631223864489,-1.198507245051,-1.5));
#4272 = CARTESIAN_POINT('',(-7.620637588863,-1.188372660981,
    -1.500000307203));
#4273 = CARTESIAN_POINT('',(-7.609824823883,-1.178464566265,
    -1.49999908014));
#4274 = CARTESIAN_POINT('',(-7.759435424535,-1.0910165447,
    -1.333333333333));
#4275 = CARTESIAN_POINT('',(-7.749074994687,-1.080656114853,
    -1.333333333333));
#4276 = CARTESIAN_POINT('',(-7.738564000987,-1.070446248857,
    -1.333333538135));
#4277 = CARTESIAN_POINT('',(-7.727902014384,-1.060387375764,
    -1.333332720094));
#4278 = CARTESIAN_POINT('',(-7.877286554733,-0.973165414503,
    -1.166666666667));
#4279 = CARTESIAN_POINT('',(-7.866926124885,-0.962804984655,
    -1.166666666667));
#4280 = CARTESIAN_POINT('',(-7.856490413111,-0.952519836733,
    -1.166666769068));
#4281 = CARTESIAN_POINT('',(-7.845979204885,-0.942310185262,
    -1.166666360047));
#4282 = CARTESIAN_POINT('',(-7.99513768493,-0.855314284305,-1.));
#4283 = CARTESIAN_POINT('',(-7.984777255082,-0.844953854457,-1.));
#4284 = CARTESIAN_POINT('',(-7.974416825235,-0.834593424609,-1.));
#4285 = CARTESIAN_POINT('',(-7.964056395387,-0.824232994761,-1.));
#4286 = DEFINITIONAL_REPRESENTATION('',(#4287),#4291);
#4287 = LINE('',#4288,#4289);
#4288 = CARTESIAN_POINT('',(-1.051126286963E-13,0.));
#4289 = VECTOR('',#4290,1.);
#4290 = DIRECTION('',(3.088298480951E-13,-1.));
#4291 = ( GEOMETRIC_REPRESENTATION_CONTEXT(2) 
PARAMETRIC_REPRESENTATION_CONTEXT() REPRESENTATION_CONTEXT('2D SPACE',''
  ) );
#4292 = ORIENTED_EDGE('',*,*,#4293,.F.);
#4293 = EDGE_CURVE('',#3848,#4254,#4294,.T.);
#4294 = SURFACE_CURVE('',#4295,(#4300,#4307),.PCURVE_S1.);
#4295 = B_SPLINE_CURVE_WITH_KNOTS('',3,(#4296,#4297,#4298,#4299),
  .UNSPECIFIED.,.F.,.F.,(4,4),(9.170739409648E-02,0.242286454803),
  .PIECEWISE_BEZIER_KNOTS.);
#4296 = CARTESIAN_POINT('',(-7.734872425454,-1.302155806015,-3.));
#4297 = CARTESIAN_POINT('',(-7.703764313491,-1.271047694052,
    -2.500001501231));
#4298 = CARTESIAN_POINT('',(-7.672668941568,-1.23995232213,
    -2.000001417373));
#4299 = CARTESIAN_POINT('',(-7.641584131281,-1.208867511842,
    -1.500000020197));
#4300 = PCURVE('',#3965,#4301);
#4301 = DEFINITIONAL_REPRESENTATION('',(#4302),#4306);
#4302 = LINE('',#4303,#4304);
#4303 = CARTESIAN_POINT('',(8.901979663129E-16,-5.551115123126E-17));
#4304 = VECTOR('',#4305,1.);
#4305 = DIRECTION('',(-1.308470176256E-14,1.));
#4306 = ( GEOMETRIC_REPRESENTATION_CONTEXT(2) 
PARAMETRIC_REPRESENTATION_CONTEXT() REPRESENTATION_CONTEXT('2D SPACE',''
  ) );
#4307 = PCURVE('',#3863,#4308);
#4308 = DEFINITIONAL_REPRESENTATION('',(#4309),#4314);
#4309 = B_SPLINE_CURVE_WITH_KNOTS('',3,(#4310,#4311,#4312,#4313),
  .UNSPECIFIED.,.F.,.F.,(4,4),(9.170739409648E-02,0.242286454803),
  .PIECEWISE_BEZIER_KNOTS.);
#4310 = CARTESIAN_POINT('',(0.747466436715,0.));
#4311 = CARTESIAN_POINT('',(0.703472922877,0.499998498769));
#4312 = CARTESIAN_POINT('',(0.659497426177,0.999998582627));
#4313 = CARTESIAN_POINT('',(0.615536865885,1.499999979803));
#4314 = ( GEOMETRIC_REPRESENTATION_CONTEXT(2) 
PARAMETRIC_REPRESENTATION_CONTEXT() REPRESENTATION_CONTEXT('2D SPACE',''
  ) );
#4315 = ORIENTED_EDGE('',*,*,#3875,.F.);
#4316 = ORIENTED_EDGE('',*,*,#4317,.F.);
#4317 = EDGE_CURVE('',#4318,#3876,#4320,.T.);
#4318 = VERTEX_POINT('',#4319);
#4319 = CARTESIAN_POINT('',(-6.201310810889,-1.052553564537,
    -2.808165255478E-02));
#4320 = SURFACE_CURVE('',#4321,(#4326,#4333),.PCURVE_S1.);
#4321 = B_SPLINE_CURVE_WITH_KNOTS('',3,(#4322,#4323,#4324,#4325),
  .UNSPECIFIED.,.F.,.F.,(4,4),(-0.398794897562,-0.100456638593),
  .PIECEWISE_BEZIER_KNOTS.);
#4322 = CARTESIAN_POINT('',(-6.201310810907,-1.052553564539,
    -2.808165255349E-02));
#4323 = CARTESIAN_POINT('',(-6.265863416306,-1.111608743543,
    -1.018725853059));
#4324 = CARTESIAN_POINT('',(-6.330835463049,-1.170402952632,
    -2.009366007049));
#4325 = CARTESIAN_POINT('',(-6.396453836863,-1.228813541685,
    -3.000000000845));
#4326 = PCURVE('',#3965,#4327);
#4327 = DEFINITIONAL_REPRESENTATION('',(#4328),#4332);
#4328 = LINE('',#4329,#4330);
#4329 = CARTESIAN_POINT('',(1.,-5.551115123126E-17));
#4330 = VECTOR('',#4331,1.);
#4331 = DIRECTION('',(-3.721356518146E-15,-1.));
#4332 = ( GEOMETRIC_REPRESENTATION_CONTEXT(2) 
PARAMETRIC_REPRESENTATION_CONTEXT() REPRESENTATION_CONTEXT('2D SPACE',''
  ) );
#4333 = PCURVE('',#3051,#4334);
#4334 = DEFINITIONAL_REPRESENTATION('',(#4335),#4338);
#4335 = B_SPLINE_CURVE_WITH_KNOTS('',1,(#4336,#4337),.UNSPECIFIED.,.F.,
  .F.,(2,2),(-0.398794897562,-0.100456638593),.PIECEWISE_BEZIER_KNOTS.);
#4336 = CARTESIAN_POINT('',(0.877985832378,2.971918347447));
#4337 = CARTESIAN_POINT('',(0.891455674143,-1.834116010143E-10));
#4338 = ( GEOMETRIC_REPRESENTATION_CONTEXT(2) 
PARAMETRIC_REPRESENTATION_CONTEXT() REPRESENTATION_CONTEXT('2D SPACE',''
  ) );
#4339 = ORIENTED_EDGE('',*,*,#4340,.F.);
#4340 = EDGE_CURVE('',#4341,#4318,#4343,.T.);
#4341 = VERTEX_POINT('',#4342);
#4342 = CARTESIAN_POINT('',(-6.534202005722,-0.905708168045,
    -0.456422128626));
#4343 = SURFACE_CURVE('',#4344,(#4357,#4386),.PCURVE_S1.);
#4344 = B_SPLINE_CURVE_WITH_KNOTS('',3,(#4345,#4346,#4347,#4348,#4349,
    #4350,#4351,#4352,#4353,#4354,#4355,#4356),.UNSPECIFIED.,.F.,.F.,(4,
    2,2,2,2,4),(-6.104900513079E-02,-5.962478577089E-02,
    -4.984863895175E-02,-3.652391766256E-02,-1.890921812916E-02,0.),
  .UNSPECIFIED.);
#4345 = CARTESIAN_POINT('',(-6.534202005722,-0.905708168045,
    -0.456422128626));
#4346 = CARTESIAN_POINT('',(-6.533791172812,-0.905458197293,
    -0.451726286974));
#4347 = CARTESIAN_POINT('',(-6.533313737893,-0.905231951116,
    -0.447034032729));
#4348 = CARTESIAN_POINT('',(-6.52903505579,-0.903641509842,
    -0.410174332435));
#4349 = CARTESIAN_POINT('',(-6.522172209433,-0.903375652048,
    -0.37839452817));
#4350 = CARTESIAN_POINT('',(-6.49882966911,-0.905799028212,
    -0.305486895553));
#4351 = CARTESIAN_POINT('',(-6.479888763238,-0.909568402759,
    -0.265568160788));
#4352 = CARTESIAN_POINT('',(-6.424977248646,-0.925648365733,
    -0.180464294877));
#4353 = CARTESIAN_POINT('',(-6.386442743954,-0.940069789862,
    -0.139141391831));
#4354 = CARTESIAN_POINT('',(-6.297547383345,-0.984702834854,
    -6.982118858517E-02));
#4355 = CARTESIAN_POINT('',(-6.248997433004,-1.014868358453,
    -4.477548002359E-02));
#4356 = CARTESIAN_POINT('',(-6.201310810911,-1.052553564543,
    -2.808165261019E-02));
#4357 = PCURVE('',#3965,#4358);
#4358 = DEFINITIONAL_REPRESENTATION('',(#4359),#4385);
#4359 = B_SPLINE_CURVE_WITH_KNOTS('',3,(#4360,#4361,#4362,#4363,#4364,
    #4365,#4366,#4367,#4368,#4369,#4370,#4371,#4372,#4373,#4374,#4375,
    #4376,#4377,#4378,#4379,#4380,#4381,#4382,#4383,#4384),
  .UNSPECIFIED.,.F.,.F.,(4,1,1,1,1,1,1,1,1,1,1,1,1,1,1,1,1,1,1,1,1,1,4),
  (-6.104900513079E-02,-5.827405035212E-02,-5.549909557345E-02,
    -5.272414079477E-02,-4.99491860161E-02,-4.717423123743E-02,
    -4.439927645876E-02,-4.162432168008E-02,-3.884936690141E-02,
    -3.607441212274E-02,-3.329945734407E-02,-3.052450256539E-02,
    -2.774954778672E-02,-2.497459300805E-02,-2.219963822938E-02,
    -1.942468345071E-02,-1.664972867203E-02,-1.387477389336E-02,
    -1.109981911469E-02,-8.324864336017E-03,-5.549909557345E-03,
    -2.774954778672E-03,0.),.QUASI_UNIFORM_KNOTS.);
#4360 = CARTESIAN_POINT('',(0.761935771213,0.354975075405));
#4361 = CARTESIAN_POINT('',(0.762082616558,0.355895077651));
#4362 = CARTESIAN_POINT('',(0.762740475417,0.35773265039));
#4363 = CARTESIAN_POINT('',(0.764817070222,0.360473530097));
#4364 = CARTESIAN_POINT('',(0.76797964283,0.363189694736));
#4365 = CARTESIAN_POINT('',(0.772228322048,0.365875588974));
#4366 = CARTESIAN_POINT('',(0.777549992867,0.368517531603));
#4367 = CARTESIAN_POINT('',(0.783915997876,0.371101041798));
#4368 = CARTESIAN_POINT('',(0.791317517371,0.373621900031));
#4369 = CARTESIAN_POINT('',(0.799734533619,0.376071626448));
#4370 = CARTESIAN_POINT('',(0.809176819689,0.378448564397));
#4371 = CARTESIAN_POINT('',(0.819543793719,0.380726333263));
#4372 = CARTESIAN_POINT('',(0.830777186752,0.38289596048));
#4373 = CARTESIAN_POINT('',(0.842858786771,0.384956680258));
#4374 = CARTESIAN_POINT('',(0.855763270852,0.386905686832));
#4375 = CARTESIAN_POINT('',(0.869464242532,0.388740127726));
#4376 = CARTESIAN_POINT('',(0.883957809112,0.390459377419));
#4377 = CARTESIAN_POINT('',(0.89916269193,0.392053949396));
#4378 = CARTESIAN_POINT('',(0.914829820161,0.393504289652));
#4379 = CARTESIAN_POINT('',(0.930987242684,0.394820364806));
#4380 = CARTESIAN_POINT('',(0.94759670944,0.396004897252));
#4381 = CARTESIAN_POINT('',(0.964639406807,0.397062550515));
#4382 = CARTESIAN_POINT('',(0.982092897554,0.397997467815));
#4383 = CARTESIAN_POINT('',(0.99398967574,0.398541777577));
#4384 = CARTESIAN_POINT('',(1.,0.398794897562));
#4385 = ( GEOMETRIC_REPRESENTATION_CONTEXT(2) 
PARAMETRIC_REPRESENTATION_CONTEXT() REPRESENTATION_CONTEXT('2D SPACE',''
  ) );
#4386 = PCURVE('',#4387,#4392);
#4387 = CYLINDRICAL_SURFACE('',#4388,0.5);
#4388 = AXIS2_PLACEMENT_3D('',#4389,#4390,#4391);
#4389 = CARTESIAN_POINT('',(-6.036104656676,-1.625,-0.5));
#4390 = DIRECTION('',(5.871371764845E-17,1.,0.));
#4391 = DIRECTION('',(-0.675590207616,3.9666412696E-17,0.73727733681));
#4392 = DEFINITIONAL_REPRESENTATION('',(#4393),#4419);
#4393 = B_SPLINE_CURVE_WITH_KNOTS('',3,(#4394,#4395,#4396,#4397,#4398,
    #4399,#4400,#4401,#4402,#4403,#4404,#4405,#4406,#4407,#4408,#4409,
    #4410,#4411,#4412,#4413,#4414,#4415,#4416,#4417,#4418),
  .UNSPECIFIED.,.F.,.F.,(4,1,1,1,1,1,1,1,1,1,1,1,1,1,1,1,1,1,1,1,1,1,4),
  (-6.104900513079E-02,-5.827405035212E-02,-5.549909557345E-02,
    -5.272414079477E-02,-4.99491860161E-02,-4.717423123743E-02,
    -4.439927645876E-02,-4.162432168008E-02,-3.884936690141E-02,
    -3.607441212274E-02,-3.329945734407E-02,-3.052450256539E-02,
    -2.774954778672E-02,-2.497459300805E-02,-2.219963822938E-02,
    -1.942468345071E-02,-1.664972867203E-02,-1.387477389336E-02,
    -1.109981911469E-02,-8.324864336017E-03,-5.549909557345E-03,
    -2.774954778672E-03,0.),.QUASI_UNIFORM_KNOTS.);
#4394 = CARTESIAN_POINT('',(5.541420375082,0.719291831955));
#4395 = CARTESIAN_POINT('',(5.559801710251,0.719778168082));
#4396 = CARTESIAN_POINT('',(5.59656365282,0.720573440499));
#4397 = CARTESIAN_POINT('',(5.651709381358,0.721211547238));
#4398 = CARTESIAN_POINT('',(5.70684176891,0.721273074652));
#4399 = CARTESIAN_POINT('',(5.76201869762,0.720733358011));
#4400 = CARTESIAN_POINT('',(5.817132619274,0.719573635347));
#4401 = CARTESIAN_POINT('',(5.872046332526,0.717757109573));
#4402 = CARTESIAN_POINT('',(5.926830663298,0.715239196859));
#4403 = CARTESIAN_POINT('',(5.981460284758,0.711980053447));
#4404 = CARTESIAN_POINT('',(6.036068446026,0.707928632891));
#4405 = CARTESIAN_POINT('',(6.090200065478,0.703076867889));
#4406 = CARTESIAN_POINT('',(6.14374955809,0.69739318951));
#4407 = CARTESIAN_POINT('',(6.196798617091,0.690831580396));
#4408 = CARTESIAN_POINT('',(6.249372036952,0.6833490541));
#4409 = CARTESIAN_POINT('',(6.301480448384,0.67490494895));
#4410 = CARTESIAN_POINT('',(6.35319826887,0.665446273266));
#4411 = CARTESIAN_POINT('',(6.404314846589,0.654967030628));
#4412 = CARTESIAN_POINT('',(6.454146792185,0.643594186918));
#4413 = CARTESIAN_POINT('',(6.502948751208,0.631286608195));
#4414 = CARTESIAN_POINT('',(6.55072857773,0.618044216656));
#4415 = CARTESIAN_POINT('',(6.597542113423,0.603855933269));
#4416 = CARTESIAN_POINT('',(6.643415748742,0.588713627786));
#4417 = CARTESIAN_POINT('',(6.673379746056,0.577976793297));
#4418 = CARTESIAN_POINT('',(6.688209854491,0.572446435457));
#4419 = ( GEOMETRIC_REPRESENTATION_CONTEXT(2) 
PARAMETRIC_REPRESENTATION_CONTEXT() REPRESENTATION_CONTEXT('2D SPACE',''
  ) );
#4420 = ORIENTED_EDGE('',*,*,#4421,.T.);
#4421 = EDGE_CURVE('',#4341,#4089,#4422,.T.);
#4422 = SURFACE_CURVE('',#4423,(#4428,#4434),.PCURVE_S1.);
#4423 = B_SPLINE_CURVE_WITH_KNOTS('',3,(#4424,#4425,#4426,#4427),
  .UNSPECIFIED.,.F.,.F.,(4,4),(0.138297039081,0.189485172185),
  .PIECEWISE_BEZIER_KNOTS.);
#4424 = CARTESIAN_POINT('',(-6.534645666563,-0.905756156264,
    -0.456391569304));
#4425 = CARTESIAN_POINT('',(-6.549514237661,-0.91479626569,
    -0.626327680658));
#4426 = CARTESIAN_POINT('',(-6.564382447302,-0.923871199031,
    -0.796268589148));
#4427 = CARTESIAN_POINT('',(-6.579248586309,-0.932979375576,
    -0.966192428525));
#4428 = PCURVE('',#3965,#4429);
#4429 = DEFINITIONAL_REPRESENTATION('',(#4430),#4433);
#4430 = B_SPLINE_CURVE_WITH_KNOTS('',1,(#4431,#4432),.UNSPECIFIED.,.F.,
  .F.,(2,2),(0.138297039081,0.189484080704),.PIECEWISE_BEZIER_KNOTS.);
#4431 = CARTESIAN_POINT('',(0.761663408238,0.354975076181));
#4432 = CARTESIAN_POINT('',(0.753509447113,0.303748789972));
#4433 = ( GEOMETRIC_REPRESENTATION_CONTEXT(2) 
PARAMETRIC_REPRESENTATION_CONTEXT() REPRESENTATION_CONTEXT('2D SPACE',''
  ) );
#4434 = PCURVE('',#4435,#4440);
#4435 = PLANE('',#4436);
#4436 = AXIS2_PLACEMENT_3D('',#4437,#4438,#4439);
#4437 = CARTESIAN_POINT('',(-6.505707952862,-3.25,-0.130733614121));
#4438 = DIRECTION('',(-0.996194698092,5.849029422664E-17,
    8.715574274766E-02));
#4439 = DIRECTION('',(-5.871371764845E-17,-1.,-7.703719777549E-33));
#4440 = DEFINITIONAL_REPRESENTATION('',(#4441),#4446);
#4441 = B_SPLINE_CURVE_WITH_KNOTS('',3,(#4442,#4443,#4444,#4445),
  .UNSPECIFIED.,.F.,.F.,(4,4),(0.138297039081,0.189485172185),
  .PIECEWISE_BEZIER_KNOTS.);
#4442 = CARTESIAN_POINT('',(-2.344243843736,-0.326940816276));
#4443 = CARTESIAN_POINT('',(-2.33520373431,-0.497526150778));
#4444 = CARTESIAN_POINT('',(-2.326128800969,-0.668116232659));
#4445 = CARTESIAN_POINT('',(-2.317020624424,-0.838689129913));
#4446 = ( GEOMETRIC_REPRESENTATION_CONTEXT(2) 
PARAMETRIC_REPRESENTATION_CONTEXT() REPRESENTATION_CONTEXT('2D SPACE',''
  ) );
#4447 = ADVANCED_FACE('',(#4448),#4435,.F.);
#4448 = FACE_BOUND('',#4449,.T.);
#4449 = EDGE_LOOP('',(#4450,#4483,#4511,#4585,#4630,#4651));
#4450 = ORIENTED_EDGE('',*,*,#4451,.F.);
#4451 = EDGE_CURVE('',#4452,#4089,#4454,.T.);
#4452 = VERTEX_POINT('',#4453);
#4453 = CARTESIAN_POINT('',(-6.549075503681,-0.564130768637,
    -0.626426988216));
#4454 = SURFACE_CURVE('',#4455,(#4464,#4476),.PCURVE_S1.);
#4455 = B_SPLINE_CURVE_WITH_KNOTS('',3,(#4456,#4457,#4458,#4459,#4460,
    #4461,#4462,#4463),.UNSPECIFIED.,.F.,.F.,(4,2,2,4),(
    -1.471604187189E-02,-1.453137526038E-02,0.,3.526522200442E-02),
  .UNSPECIFIED.);
#4456 = CARTESIAN_POINT('',(-6.54907550368,-0.564130768632,
    -0.62642698821));
#4457 = CARTESIAN_POINT('',(-6.549111925908,-0.564580858122,
    -0.626843296177));
#4458 = CARTESIAN_POINT('',(-6.549148347167,-0.565030940699,
    -0.627259593079));
#4459 = CARTESIAN_POINT('',(-6.552050668087,-0.60089731926,
    -0.660433272992));
#4460 = CARTESIAN_POINT('',(-6.55492423634,-0.636439680134,
    -0.693278308423));
#4461 = CARTESIAN_POINT('',(-6.564729871565,-0.757853395701,
    -0.805357231902));
#4462 = CARTESIAN_POINT('',(-6.571870241647,-0.846491385658,
    -0.886972035398));
#4463 = CARTESIAN_POINT('',(-6.578803713403,-0.93294943148,
    -0.966221980208));
#4464 = PCURVE('',#4435,#4465);
#4465 = DEFINITIONAL_REPRESENTATION('',(#4466),#4475);
#4466 = B_SPLINE_CURVE_WITH_KNOTS('',3,(#4467,#4468,#4469,#4470,#4471,
    #4472,#4473,#4474),.UNSPECIFIED.,.F.,.F.,(4,2,2,4),(
    -1.471604187189E-02,-1.453137526038E-02,0.,3.526522200442E-02),
  .UNSPECIFIED.);
#4467 = CARTESIAN_POINT('',(-2.685869231368,-0.497586842249));
#4468 = CARTESIAN_POINT('',(-2.685419141878,-0.498004740445));
#4469 = CARTESIAN_POINT('',(-2.684969059301,-0.498422627534));
#4470 = CARTESIAN_POINT('',(-2.64910268074,-0.531723025514));
#4471 = CARTESIAN_POINT('',(-2.613560319866,-0.564693523645));
#4472 = CARTESIAN_POINT('',(-2.492146604299,-0.677200570403));
#4473 = CARTESIAN_POINT('',(-2.403508614342,-0.75912712919));
#4474 = CARTESIAN_POINT('',(-2.31705056852,-0.838679795914));
#4475 = ( GEOMETRIC_REPRESENTATION_CONTEXT(2) 
PARAMETRIC_REPRESENTATION_CONTEXT() REPRESENTATION_CONTEXT('2D SPACE',''
  ) );
#4476 = PCURVE('',#4104,#4477);
#4477 = DEFINITIONAL_REPRESENTATION('',(#4478),#4482);
#4478 = LINE('',#4479,#4480);
#4479 = CARTESIAN_POINT('',(1.,3.816391647149E-17));
#4480 = VECTOR('',#4481,1.);
#4481 = DIRECTION('',(-4.309280119652E-13,1.));
#4482 = ( GEOMETRIC_REPRESENTATION_CONTEXT(2) 
PARAMETRIC_REPRESENTATION_CONTEXT() REPRESENTATION_CONTEXT('2D SPACE',''
  ) );
#4483 = ORIENTED_EDGE('',*,*,#4484,.F.);
#4484 = EDGE_CURVE('',#4485,#4452,#4487,.T.);
#4485 = VERTEX_POINT('',#4486);
#4486 = CARTESIAN_POINT('',(-6.549075503681,0.564130768637,
    -0.626426988216));
#4487 = SURFACE_CURVE('',#4488,(#4492,#4499),.PCURVE_S1.);
#4488 = LINE('',#4489,#4490);
#4489 = CARTESIAN_POINT('',(-6.549075503681,-2.4375,-0.626426988216));
#4490 = VECTOR('',#4491,1.);
#4491 = DIRECTION('',(-5.871371764845E-17,-1.,1.01273410403E-32));
#4492 = PCURVE('',#4435,#4493);
#4493 = DEFINITIONAL_REPRESENTATION('',(#4494),#4498);
#4494 = LINE('',#4495,#4496);
#4495 = CARTESIAN_POINT('',(-0.8125,-0.497586842254));
#4496 = VECTOR('',#4497,1.);
#4497 = DIRECTION('',(1.,1.176530474274E-32));
#4498 = ( GEOMETRIC_REPRESENTATION_CONTEXT(2) 
PARAMETRIC_REPRESENTATION_CONTEXT() REPRESENTATION_CONTEXT('2D SPACE',''
  ) );
#4499 = PCURVE('',#4500,#4505);
#4500 = PLANE('',#4501);
#4501 = AXIS2_PLACEMENT_3D('',#4502,#4503,#4504);
#4502 = CARTESIAN_POINT('',(-6.600602571153,-2.4375,-0.730913544822));
#4503 = DIRECTION('',(0.896872741533,-5.265873291294E-17,-0.442288690219
    ));
#4504 = DIRECTION('',(-0.442288690219,0.,-0.896872741533));
#4505 = DEFINITIONAL_REPRESENTATION('',(#4506),#4510);
#4506 = LINE('',#4507,#4508);
#4507 = CARTESIAN_POINT('',(-0.11650098366,-3.851859888774E-34));
#4508 = VECTOR('',#4509,1.);
#4509 = DIRECTION('',(2.596841327662E-17,-1.));
#4510 = ( GEOMETRIC_REPRESENTATION_CONTEXT(2) 
PARAMETRIC_REPRESENTATION_CONTEXT() REPRESENTATION_CONTEXT('2D SPACE',''
  ) );
#4511 = ORIENTED_EDGE('',*,*,#4512,.F.);
#4512 = EDGE_CURVE('',#4513,#4485,#4515,.T.);
#4513 = VERTEX_POINT('',#4514);
#4514 = CARTESIAN_POINT('',(-6.578803712466,0.932949441366,
    -0.966221969504));
#4515 = SURFACE_CURVE('',#4516,(#4525,#4537),.PCURVE_S1.);
#4516 = B_SPLINE_CURVE_WITH_KNOTS('',3,(#4517,#4518,#4519,#4520,#4521,
    #4522,#4523,#4524),.UNSPECIFIED.,.F.,.F.,(4,2,2,4),(
    3.781248476668E-02,7.334147297554E-02,8.79853419889E-02,
    8.817096920013E-02),.UNSPECIFIED.);
#4517 = CARTESIAN_POINT('',(-6.578803713411,0.932949431397,
    -0.966221980298));
#4518 = CARTESIAN_POINT('',(-6.571868886419,0.84647450428,
    -0.886956545074));
#4519 = CARTESIAN_POINT('',(-6.564728285105,0.757833750866,
    -0.805339098582));
#4520 = CARTESIAN_POINT('',(-6.55492414617,0.636438564133,
    -0.693277277774));
#4521 = CARTESIAN_POINT('',(-6.552050486618,0.6008950747,-0.660431198796
    ));
#4522 = CARTESIAN_POINT('',(-6.549148165879,0.565028700395,
    -0.627257520945));
#4523 = CARTESIAN_POINT('',(-6.549111835261,0.564579737953,
    -0.626842260082));
#4524 = CARTESIAN_POINT('',(-6.54907550368,0.564130768632,
    -0.626426988211));
#4525 = PCURVE('',#4435,#4526);
#4526 = DEFINITIONAL_REPRESENTATION('',(#4527),#4536);
#4527 = B_SPLINE_CURVE_WITH_KNOTS('',3,(#4528,#4529,#4530,#4531,#4532,
    #4533,#4534,#4535),.UNSPECIFIED.,.F.,.F.,(4,2,2,4),(
    3.781248476668E-02,7.334147297554E-02,8.79853419889E-02,
    8.817096920013E-02),.UNSPECIFIED.);
#4528 = CARTESIAN_POINT('',(-4.182949431397,-0.838679796005));
#4529 = CARTESIAN_POINT('',(-4.09647450428,-0.759111579696));
#4530 = CARTESIAN_POINT('',(-4.007833750866,-0.677182367817));
#4531 = CARTESIAN_POINT('',(-3.886438564133,-0.564692489059));
#4532 = CARTESIAN_POINT('',(-3.8508950747,-0.531720943396));
#4533 = CARTESIAN_POINT('',(-3.815028700395,-0.498420547484));
#4534 = CARTESIAN_POINT('',(-3.814579737953,-0.498003700392));
#4535 = CARTESIAN_POINT('',(-3.814130768632,-0.49758684225));
#4536 = ( GEOMETRIC_REPRESENTATION_CONTEXT(2) 
PARAMETRIC_REPRESENTATION_CONTEXT() REPRESENTATION_CONTEXT('2D SPACE',''
  ) );
#4537 = PCURVE('',#4538,#4579);
#4538 = B_SPLINE_SURFACE_WITH_KNOTS('',3,3,(
    (#4539,#4540,#4541,#4542,#4543,#4544,#4545,#4546,#4547,#4548)
    ,(#4549,#4550,#4551,#4552,#4553,#4554,#4555,#4556,#4557,#4558)
    ,(#4559,#4560,#4561,#4562,#4563,#4564,#4565,#4566,#4567,#4568)
    ,(#4569,#4570,#4571,#4572,#4573,#4574,#4575,#4576,#4577,#4578
  )),.UNSPECIFIED.,.F.,.F.,.F.,(4,4),(4,2,2,2,4),(0.,1.),(
    1.86726257768E-02,3.640545727984E-02,7.334147297554E-02,
    8.79853419889E-02,8.817096920013E-02),.UNSPECIFIED.);
#4539 = CARTESIAN_POINT('',(-6.684235437722,0.925569006128,
    -1.251111318166));
#4540 = CARTESIAN_POINT('',(-6.68086531208,0.881264515828,
    -1.210525413476));
#4541 = CARTESIAN_POINT('',(-6.677472553341,0.837073297312,
    -1.169932520568));
#4542 = CARTESIAN_POINT('',(-6.667203220033,0.704144902437,
    -1.047600262004));
#4543 = CARTESIAN_POINT('',(-6.659979060475,0.611832700067,
    -0.962315911821));
#4544 = CARTESIAN_POINT('',(-6.650140296327,0.486988094991,
    -0.846728184655));
#4545 = CARTESIAN_POINT('',(-6.647330416111,0.451434848893,
    -0.813782336219));
#4546 = CARTESIAN_POINT('',(-6.644488592881,0.415560715637,
    -0.780515363811));
#4547 = CARTESIAN_POINT('',(-6.644453018938,0.415111656509,
    -0.78009893638));
#4548 = CARTESIAN_POINT('',(-6.644417443428,0.414662590802,
    -0.779682499071));
#4549 = CARTESIAN_POINT('',(-6.652868422664,0.975259326512,
    -1.199318290599));
#4550 = CARTESIAN_POINT('',(-6.649446581981,0.930981472095,-1.1588296439
    ));
#4551 = CARTESIAN_POINT('',(-6.646008174627,0.886810132273,
    -1.118319487948));
#4552 = CARTESIAN_POINT('',(-6.635613727723,0.753929679702,
    -0.996208314305));
#4553 = CARTESIAN_POINT('',(-6.628320448659,0.661634430875,
    -0.911037788348));
#4554 = CARTESIAN_POINT('',(-6.618401579987,0.536804942645,
    -0.795577902207));
#4555 = CARTESIAN_POINT('',(-6.615570438892,0.501254899018,
    -0.762665270654));
#4556 = CARTESIAN_POINT('',(-6.61270845059,0.465383378641,
    -0.729429417299));
#4557 = CARTESIAN_POINT('',(-6.612672624335,0.464934348867,
    -0.729013376474));
#4558 = CARTESIAN_POINT('',(-6.612636796846,0.464485316745,
    -0.728597328784));
#4559 = CARTESIAN_POINT('',(-6.621501407606,1.024949646896,
    -1.147525263032));
#4560 = CARTESIAN_POINT('',(-6.618027854434,0.980698595066,
    -1.107134004977));
#4561 = CARTESIAN_POINT('',(-6.614543785601,0.936546897264,
    -1.066706412986));
#4562 = CARTESIAN_POINT('',(-6.60402425683,0.803714670048,
    -0.944816509067));
#4563 = CARTESIAN_POINT('',(-6.596661840262,0.711436377991,
    -0.859759838818));
#4564 = CARTESIAN_POINT('',(-6.58666286251,0.586621716479,
    -0.744427560221));
#4565 = CARTESIAN_POINT('',(-6.583810463837,0.551075024576,
    -0.711548264361));
#4566 = CARTESIAN_POINT('',(-6.58092830817,0.515206037391,
    -0.678343467457));
#4567 = CARTESIAN_POINT('',(-6.580892229864,0.514757045594,
    -0.677927819989));
#4568 = CARTESIAN_POINT('',(-6.580856150263,0.514308042689,
    -0.677512158497));
#4569 = CARTESIAN_POINT('',(-6.590134392548,1.07463996728,
    -1.095732235465));
#4570 = CARTESIAN_POINT('',(-6.586609124334,1.030415551333,
    -1.055438235402));
#4571 = CARTESIAN_POINT('',(-6.583079406887,0.986283732225,
    -1.015093380365));
#4572 = CARTESIAN_POINT('',(-6.57243476452,0.853499447313,
    -0.893424561368));
#4573 = CARTESIAN_POINT('',(-6.565003228446,0.761238108799,
    -0.808481715344));
#4574 = CARTESIAN_POINT('',(-6.55492414617,0.636438564133,
    -0.693277277774));
#4575 = CARTESIAN_POINT('',(-6.552050486618,0.6008950747,-0.660431198796
    ));
#4576 = CARTESIAN_POINT('',(-6.549148165879,0.565028700395,
    -0.627257520945));
#4577 = CARTESIAN_POINT('',(-6.549111835261,0.564579737953,
    -0.626842260082));
#4578 = CARTESIAN_POINT('',(-6.54907550368,0.564130768632,
    -0.626426988211));
#4579 = DEFINITIONAL_REPRESENTATION('',(#4580),#4584);
#4580 = LINE('',#4581,#4582);
#4581 = CARTESIAN_POINT('',(1.,-5.20417042793E-16));
#4582 = VECTOR('',#4583,1.);
#4583 = DIRECTION('',(-5.070670782423E-14,1.));
#4584 = ( GEOMETRIC_REPRESENTATION_CONTEXT(2) 
PARAMETRIC_REPRESENTATION_CONTEXT() REPRESENTATION_CONTEXT('2D SPACE',''
  ) );
#4585 = ORIENTED_EDGE('',*,*,#4586,.T.);
#4586 = EDGE_CURVE('',#4513,#4587,#4589,.T.);
#4587 = VERTEX_POINT('',#4588);
#4588 = CARTESIAN_POINT('',(-6.534202005722,0.905708168045,
    -0.456422128626));
#4589 = SURFACE_CURVE('',#4590,(#4595,#4603),.PCURVE_S1.);
#4590 = B_SPLINE_CURVE_WITH_KNOTS('',3,(#4591,#4592,#4593,#4594),
  .UNSPECIFIED.,.F.,.F.,(4,4),(0.430251995847,0.481434270275),
  .PIECEWISE_BEZIER_KNOTS.);
#4591 = CARTESIAN_POINT('',(-6.579247784802,0.932956434912,
    -0.966193904077));
#4592 = CARTESIAN_POINT('',(-6.564381540918,0.923848495952,
    -0.796268798642));
#4593 = CARTESIAN_POINT('',(-6.549513329938,0.914773885312,
    -0.626327880243));
#4594 = CARTESIAN_POINT('',(-6.534644869858,0.905734182409,
    -0.456392984142));
#4595 = PCURVE('',#4435,#4596);
#4596 = DEFINITIONAL_REPRESENTATION('',(#4597),#4602);
#4597 = B_SPLINE_CURVE_WITH_KNOTS('',3,(#4598,#4599,#4600,#4601),
  .UNSPECIFIED.,.F.,.F.,(4,4),(0.430251995847,0.481434270275),
  .PIECEWISE_BEZIER_KNOTS.);
#4598 = CARTESIAN_POINT('',(-4.182956434912,-0.838690529994));
#4599 = CARTESIAN_POINT('',(-4.173848495952,-0.66811636236));
#4600 = CARTESIAN_POINT('',(-4.164773885312,-0.49752627049));
#4601 = CARTESIAN_POINT('',(-4.155734182409,-0.326942156292));
#4602 = ( GEOMETRIC_REPRESENTATION_CONTEXT(2) 
PARAMETRIC_REPRESENTATION_CONTEXT() REPRESENTATION_CONTEXT('2D SPACE',''
  ) );
#4603 = PCURVE('',#4604,#4625);
#4604 = B_SPLINE_SURFACE_WITH_KNOTS('',3,3,(
    (#4605,#4606,#4607,#4608)
    ,(#4609,#4610,#4611,#4612)
    ,(#4613,#4614,#4615,#4616)
    ,(#4617,#4618,#4619,#4620)
    ,(#4621,#4622,#4623,#4624
  )),.UNSPECIFIED.,.F.,.F.,.F.,(4,1,4),(4,4),(0.,0.571428571429,1.),(
    9.445498206808E-02,0.401542485533),.UNSPECIFIED.);
#4605 = CARTESIAN_POINT('',(-7.544689385234,1.111972765795,
    5.907409019194E-02));
#4606 = CARTESIAN_POINT('',(-7.608043063385,1.175326443946,
    -0.960622328924));
#4607 = CARTESIAN_POINT('',(-7.671431251127,1.238714631688,
    -1.980314460703));
#4608 = CARTESIAN_POINT('',(-7.734872425454,1.302155806015,-3.));
#4609 = CARTESIAN_POINT('',(-7.346310593734,0.913593974295,
    3.442356504927E-02));
#4610 = CARTESIAN_POINT('',(-7.41019431823,0.977515379927,
    -0.985213913789));
#4611 = CARTESIAN_POINT('',(-7.474213536112,1.041448329049,
    -2.004843831469));
#4612 = CARTESIAN_POINT('',(-7.538356788426,1.105640168987,
    -3.024452995176));
#4613 = CARTESIAN_POINT('',(-6.845805785491,0.72515503457,
    -8.380469224737E-03));
#4614 = CARTESIAN_POINT('',(-6.911501334864,0.789048688322,
    -1.027923081004));
#4615 = CARTESIAN_POINT('',(-6.977526199413,0.85309625325,
    -2.047440352095));
#4616 = CARTESIAN_POINT('',(-7.044056927816,0.917268161811,
    -3.066926388495));
#4617 = CARTESIAN_POINT('',(-6.363736825837,0.91753465701,
    -2.637885059545E-02));
#4618 = CARTESIAN_POINT('',(-6.430290434199,0.979340132802,
    -1.046004675392));
#4619 = CARTESIAN_POINT('',(-6.497262801671,1.040994289124,
    -2.065619768201));
#4620 = CARTESIAN_POINT('',(-6.564961831355,1.102436617027,
    -3.085213449131));
#4621 = CARTESIAN_POINT('',(-6.201310810907,1.052553564539,
    -2.808165255572E-02));
#4622 = CARTESIAN_POINT('',(-6.267756524249,1.113340630703,
    -1.047778071671));
#4623 = CARTESIAN_POINT('',(-6.334646641245,1.173851195788,
    -2.06747020345));
#4624 = CARTESIAN_POINT('',(-6.402228600099,1.233951499393,
    -3.087155742748));
#4625 = DEFINITIONAL_REPRESENTATION('',(#4626),#4629);
#4626 = B_SPLINE_CURVE_WITH_KNOTS('',1,(#4627,#4628),.UNSPECIFIED.,.F.,
  .F.,(2,2),(0.430253104657,0.481434270275),.PIECEWISE_BEZIER_KNOTS.);
#4627 = CARTESIAN_POINT('',(0.753509449881,0.189501072182));
#4628 = CARTESIAN_POINT('',(0.761663408238,0.138274803449));
#4629 = ( GEOMETRIC_REPRESENTATION_CONTEXT(2) 
PARAMETRIC_REPRESENTATION_CONTEXT() REPRESENTATION_CONTEXT('2D SPACE',''
  ) );
#4630 = ORIENTED_EDGE('',*,*,#4631,.F.);
#4631 = EDGE_CURVE('',#4341,#4587,#4632,.T.);
#4632 = SURFACE_CURVE('',#4633,(#4637,#4644),.PCURVE_S1.);
#4633 = LINE('',#4634,#4635);
#4634 = CARTESIAN_POINT('',(-6.534202005722,-1.625,-0.456422128626));
#4635 = VECTOR('',#4636,1.);
#4636 = DIRECTION('',(5.871371764845E-17,1.,0.));
#4637 = PCURVE('',#4435,#4638);
#4638 = DEFINITIONAL_REPRESENTATION('',(#4639),#4643);
#4639 = LINE('',#4640,#4641);
#4640 = CARTESIAN_POINT('',(-1.625,-0.32693259172));
#4641 = VECTOR('',#4642,1.);
#4642 = DIRECTION('',(-1.,-1.753137089542E-33));
#4643 = ( GEOMETRIC_REPRESENTATION_CONTEXT(2) 
PARAMETRIC_REPRESENTATION_CONTEXT() REPRESENTATION_CONTEXT('2D SPACE',''
  ) );
#4644 = PCURVE('',#4387,#4645);
#4645 = DEFINITIONAL_REPRESENTATION('',(#4646),#4650);
#4646 = LINE('',#4647,#4648);
#4647 = CARTESIAN_POINT('',(5.541420375082,0.));
#4648 = VECTOR('',#4649,1.);
#4649 = DIRECTION('',(4.903226287654E-16,1.));
#4650 = ( GEOMETRIC_REPRESENTATION_CONTEXT(2) 
PARAMETRIC_REPRESENTATION_CONTEXT() REPRESENTATION_CONTEXT('2D SPACE',''
  ) );
#4651 = ORIENTED_EDGE('',*,*,#4421,.T.);
#4652 = ADVANCED_FACE('',(#4653),#4604,.F.);
#4653 = FACE_BOUND('',#4654,.F.);
#4654 = EDGE_LOOP('',(#4655,#4656,#4798,#4826,#4994,#5024,#5064,#5104,
    #5166));
#4655 = ORIENTED_EDGE('',*,*,#4586,.T.);
#4656 = ORIENTED_EDGE('',*,*,#4657,.F.);
#4657 = EDGE_CURVE('',#4658,#4587,#4660,.T.);
#4658 = VERTEX_POINT('',#4659);
#4659 = CARTESIAN_POINT('',(-6.20131081089,1.052553564537,
    -2.808165255696E-02));
#4660 = SURFACE_CURVE('',#4661,(#4696,#4747),.PCURVE_S1.);
#4661 = B_SPLINE_CURVE_WITH_KNOTS('',3,(#4662,#4663,#4664,#4665,#4666,
    #4667,#4668,#4669,#4670,#4671,#4672,#4673,#4674,#4675,#4676,#4677,
    #4678,#4679,#4680,#4681,#4682,#4683,#4684,#4685,#4686,#4687,#4688,
    #4689,#4690,#4691,#4692,#4693,#4694,#4695),.UNSPECIFIED.,.F.,.F.,(4,
    3,3,3,3,3,3,3,3,3,3,4),(-0.135565506329,-0.125959077281,
    -0.123175899611,-0.113491858389,-0.109586667136,-0.10053368721,
    -9.172201276261E-02,-8.997084254143E-02,-8.211976560987E-02,
    -7.737162433137E-02,-6.974466304473E-02,-6.921597514871E-02),
  .UNSPECIFIED.);
#4662 = CARTESIAN_POINT('',(-6.201310810911,1.052553564542,
    -2.80816526102E-02));
#4663 = CARTESIAN_POINT('',(-6.223506672854,1.03501288762,
    -3.58518378804E-02));
#4664 = CARTESIAN_POINT('',(-6.246034648712,1.01901655698,
    -4.547706389975E-02));
#4665 = CARTESIAN_POINT('',(-6.268547530437,1.004566002986,
    -5.727320320197E-02));
#4666 = CARTESIAN_POINT('',(-6.275069969671,1.000379383901,
    -6.069078442161E-02));
#4667 = CARTESIAN_POINT('',(-6.281591166162,0.996322178365,
    -6.429060679996E-02));
#4668 = CARTESIAN_POINT('',(-6.28810278006,0.992393619519,
    -6.808039522737E-02));
#4669 = CARTESIAN_POINT('',(-6.310759880998,0.978724234983,
    -8.126692936253E-02));
#4670 = CARTESIAN_POINT('',(-6.332938037638,0.966832968587,
    -9.654770352358E-02));
#4671 = CARTESIAN_POINT('',(-6.354216111438,0.956578299537,
    -0.114039779388));
#4672 = CARTESIAN_POINT('',(-6.362796718003,0.952442996624,
    -0.121093642553));
#4673 = CARTESIAN_POINT('',(-6.371231380179,0.948573389233,
    -0.128507106714));
#4674 = CARTESIAN_POINT('',(-6.379494288922,0.944958687658,
    -0.136287830015));
#4675 = CARTESIAN_POINT('',(-6.398649291106,0.936579118341,
    -0.154325034158));
#4676 = CARTESIAN_POINT('',(-6.416549856748,0.929712282147,
    -0.174037220295));
#4677 = CARTESIAN_POINT('',(-6.4328859894,0.924140327863,-0.195258025637
    ));
#4678 = CARTESIAN_POINT('',(-6.448786685507,0.918716892975,
    -0.215913194401));
#4679 = CARTESIAN_POINT('',(-6.46320581963,0.914519028889,
    -0.237997668701));
#4680 = CARTESIAN_POINT('',(-6.475899735048,0.91136969856,
    -0.261353936278));
#4681 = CARTESIAN_POINT('',(-6.478422434542,0.910743822795,
    -0.265995596669));
#4682 = CARTESIAN_POINT('',(-6.480877117978,0.910159468583,
    -0.270687471928));
#4683 = CARTESIAN_POINT('',(-6.483262048483,0.909615426511,
    -0.27542830367));
#4684 = CARTESIAN_POINT('',(-6.493954482978,0.907176305455,
    -0.296683024811));
#4685 = CARTESIAN_POINT('',(-6.503135242612,0.90556947224,
    -0.318719620075));
#4686 = CARTESIAN_POINT('',(-6.510707263344,0.904676121483,
    -0.341340874359));
#4687 = CARTESIAN_POINT('',(-6.515286638188,0.90413584457,
    -0.355021661361));
#4688 = CARTESIAN_POINT('',(-6.519278104179,0.903857357925,
    -0.368916207317));
#4689 = CARTESIAN_POINT('',(-6.522664234664,0.903822724076,
    -0.382980119093));
#4690 = CARTESIAN_POINT('',(-6.528103388978,0.903767091594,
    -0.405571034227));
#4691 = CARTESIAN_POINT('',(-6.531957034671,0.904338474256,
    -0.428507406608));
#4692 = CARTESIAN_POINT('',(-6.534201338603,0.905486976079,
    -0.451590663157));
#4693 = CARTESIAN_POINT('',(-6.534356909909,0.905566588259,
    -0.453190754973));
#4694 = CARTESIAN_POINT('',(-6.534504755277,0.905648993002,
    -0.454791550926));
#4695 = CARTESIAN_POINT('',(-6.534644869858,0.905734182409,
    -0.456392984142));
#4696 = PCURVE('',#4604,#4697);
#4697 = DEFINITIONAL_REPRESENTATION('',(#4698),#4746);
#4698 = B_SPLINE_CURVE_WITH_KNOTS('',3,(#4699,#4700,#4701,#4702,#4703,
    #4704,#4705,#4706,#4707,#4708,#4709,#4710,#4711,#4712,#4713,#4714,
    #4715,#4716,#4717,#4718,#4719,#4720,#4721,#4722,#4723,#4724,#4725,
    #4726,#4727,#4728,#4729,#4730,#4731,#4732,#4733,#4734,#4735,#4736,
    #4737,#4738,#4739,#4740,#4741,#4742,#4743,#4744,#4745),
  .UNSPECIFIED.,.F.,.F.,(4,1,1,1,1,1,1,1,1,1,1,1,1,1,1,1,1,1,1,1,1,1,1,1
    ,1,1,1,1,1,1,1,1,1,1,1,1,1,1,1,1,1,1,1,1,4),(-0.135565506329,
    -0.134057589656,-0.132549672982,-0.131041756309,-0.129533839636,
    -0.128025922962,-0.126518006289,-0.125010089616,-0.123502172942,
    -0.121994256269,-0.120486339596,-0.118978422922,-0.117470506249,
    -0.115962589576,-0.114454672902,-0.112946756229,-0.111438839556,
    -0.109930922882,-0.108423006209,-0.106915089536,-0.105407172862,
    -0.103899256189,-0.102391339516,-0.100883422842,-9.937550616891E-02,
    -9.786758949558E-02,-9.635967282225E-02,-9.485175614892E-02,
    -9.334383947559E-02,-9.183592280225E-02,-9.032800612892E-02,
    -8.882008945559E-02,-8.731217278226E-02,-8.580425610893E-02,
    -8.42963394356E-02,-8.278842276227E-02,-8.128050608894E-02,
    -7.977258941561E-02,-7.826467274228E-02,-7.675675606894E-02,
    -7.524883939561E-02,-7.374092272228E-02,-7.223300604895E-02,
    -7.072508937562E-02,-6.921717270229E-02),.QUASI_UNIFORM_KNOTS.);
#4699 = CARTESIAN_POINT('',(1.,9.445498206808E-02));
#4700 = CARTESIAN_POINT('',(0.997007636348,9.458100074693E-02));
#4701 = CARTESIAN_POINT('',(0.991048212573,9.484271644825E-02));
#4702 = CARTESIAN_POINT('',(0.982187757599,9.526500563901E-02));
#4703 = CARTESIAN_POINT('',(0.973408723183,9.571769075137E-02));
#4704 = CARTESIAN_POINT('',(0.964713955016,9.620145320608E-02));
#4705 = CARTESIAN_POINT('',(0.956106438185,9.671697016803E-02));
#4706 = CARTESIAN_POINT('',(0.947589004613,9.726493469053E-02));
#4707 = CARTESIAN_POINT('',(0.939165448267,9.784598053155E-02));
#4708 = CARTESIAN_POINT('',(0.930835952821,9.846096274204E-02));
#4709 = CARTESIAN_POINT('',(0.922612722876,9.910991048869E-02));
#4710 = CARTESIAN_POINT('',(0.914540236711,9.97899707108E-02));
#4711 = CARTESIAN_POINT('',(0.906611955154,0.100502027259));
#4712 = CARTESIAN_POINT('',(0.898833620746,0.101246077887));
#4713 = CARTESIAN_POINT('',(0.891207842207,0.10202235938));
#4714 = CARTESIAN_POINT('',(0.883738238493,0.102831038483));
#4715 = CARTESIAN_POINT('',(0.876428258281,0.10367232307));
#4716 = CARTESIAN_POINT('',(0.869281572826,0.104546326546));
#4717 = CARTESIAN_POINT('',(0.862299155538,0.105453499056));
#4718 = CARTESIAN_POINT('',(0.85549257062,0.106393038262));
#4719 = CARTESIAN_POINT('',(0.848904714104,0.107359281812));
#4720 = CARTESIAN_POINT('',(0.842528931018,0.108352836168));
#4721 = CARTESIAN_POINT('',(0.836370339138,0.109372841359));
#4722 = CARTESIAN_POINT('',(0.830431054487,0.110418830347));
#4723 = CARTESIAN_POINT('',(0.824714134886,0.11149023078));
#4724 = CARTESIAN_POINT('',(0.819222564672,0.112586498621));
#4725 = CARTESIAN_POINT('',(0.813958874898,0.113707081884));
#4726 = CARTESIAN_POINT('',(0.808925666889,0.114851432091));
#4727 = CARTESIAN_POINT('',(0.804125649326,0.116018994687));
#4728 = CARTESIAN_POINT('',(0.799561524295,0.117209235902));
#4729 = CARTESIAN_POINT('',(0.795236383533,0.118421544903));
#4730 = CARTESIAN_POINT('',(0.791152224756,0.119655598305));
#4731 = CARTESIAN_POINT('',(0.787314729229,0.120910000007));
#4732 = CARTESIAN_POINT('',(0.783741077902,0.122179208166));
#4733 = CARTESIAN_POINT('',(0.780428690761,0.123463371704));
#4734 = CARTESIAN_POINT('',(0.777379637428,0.124761319278));
#4735 = CARTESIAN_POINT('',(0.774594781851,0.126072235683));
#4736 = CARTESIAN_POINT('',(0.772075387083,0.127395201415));
#4737 = CARTESIAN_POINT('',(0.769822456098,0.128729358022));
#4738 = CARTESIAN_POINT('',(0.767837199235,0.130073707164));
#4739 = CARTESIAN_POINT('',(0.766120329654,0.131427748995));
#4740 = CARTESIAN_POINT('',(0.764675792204,0.132788039304));
#4741 = CARTESIAN_POINT('',(0.763503329327,0.134153700822));
#4742 = CARTESIAN_POINT('',(0.762602953616,0.135523778783));
#4743 = CARTESIAN_POINT('',(0.761974608357,0.136897339192));
#4744 = CARTESIAN_POINT('',(0.761737041254,0.137814741372));
#4745 = CARTESIAN_POINT('',(0.761663583169,0.138273709941));
#4746 = ( GEOMETRIC_REPRESENTATION_CONTEXT(2) 
PARAMETRIC_REPRESENTATION_CONTEXT() REPRESENTATION_CONTEXT('2D SPACE',''
  ) );
#4747 = PCURVE('',#4387,#4748);
#4748 = DEFINITIONAL_REPRESENTATION('',(#4749),#4797);
#4749 = B_SPLINE_CURVE_WITH_KNOTS('',3,(#4750,#4751,#4752,#4753,#4754,
    #4755,#4756,#4757,#4758,#4759,#4760,#4761,#4762,#4763,#4764,#4765,
    #4766,#4767,#4768,#4769,#4770,#4771,#4772,#4773,#4774,#4775,#4776,
    #4777,#4778,#4779,#4780,#4781,#4782,#4783,#4784,#4785,#4786,#4787,
    #4788,#4789,#4790,#4791,#4792,#4793,#4794,#4795,#4796),
  .UNSPECIFIED.,.F.,.F.,(4,1,1,1,1,1,1,1,1,1,1,1,1,1,1,1,1,1,1,1,1,1,1,1
    ,1,1,1,1,1,1,1,1,1,1,1,1,1,1,1,1,1,1,1,1,4),(-0.135565506329,
    -0.134057589656,-0.132549672982,-0.131041756309,-0.129533839636,
    -0.128025922962,-0.126518006289,-0.125010089616,-0.123502172942,
    -0.121994256269,-0.120486339596,-0.118978422922,-0.117470506249,
    -0.115962589576,-0.114454672902,-0.112946756229,-0.111438839556,
    -0.109930922882,-0.108423006209,-0.106915089536,-0.105407172862,
    -0.103899256189,-0.102391339516,-0.100883422842,-9.937550616891E-02,
    -9.786758949558E-02,-9.635967282225E-02,-9.485175614892E-02,
    -9.334383947559E-02,-9.183592280225E-02,-9.032800612892E-02,
    -8.882008945559E-02,-8.731217278226E-02,-8.580425610893E-02,
    -8.42963394356E-02,-8.278842276227E-02,-8.128050608894E-02,
    -7.977258941561E-02,-7.826467274228E-02,-7.675675606894E-02,
    -7.524883939561E-02,-7.374092272228E-02,-7.223300604895E-02,
    -7.072508937562E-02,-6.921717270229E-02),.QUASI_UNIFORM_KNOTS.);
#4750 = CARTESIAN_POINT('',(6.688209854491,2.677553564542));
#4751 = CARTESIAN_POINT('',(6.680826988933,2.674800212692));
#4752 = CARTESIAN_POINT('',(6.665970241665,2.669369612747));
#4753 = CARTESIAN_POINT('',(6.643410483694,2.661452056221));
#4754 = CARTESIAN_POINT('',(6.620574873133,2.653762879476));
#4755 = CARTESIAN_POINT('',(6.597460888651,2.646302103992));
#4756 = CARTESIAN_POINT('',(6.574065341297,2.639069806614));
#4757 = CARTESIAN_POINT('',(6.550383421291,2.632065857637));
#4758 = CARTESIAN_POINT('',(6.526411819043,2.625290898194));
#4759 = CARTESIAN_POINT('',(6.502136988436,2.618741799548));
#4760 = CARTESIAN_POINT('',(6.477578104426,2.612425297036));
#4761 = CARTESIAN_POINT('',(6.452855109973,2.606370915623));
#4762 = CARTESIAN_POINT('',(6.42793861892,2.600567893998));
#4763 = CARTESIAN_POINT('',(6.402833753267,2.595015050474));
#4764 = CARTESIAN_POINT('',(6.377535358339,2.589708638433));
#4765 = CARTESIAN_POINT('',(6.352040126752,2.584645591357));
#4766 = CARTESIAN_POINT('',(6.326342761329,2.579822687258));
#4767 = CARTESIAN_POINT('',(6.300438822068,2.575236464768));
#4768 = CARTESIAN_POINT('',(6.274312947075,2.570881764107));
#4769 = CARTESIAN_POINT('',(6.247986673535,2.56675997076));
#4770 = CARTESIAN_POINT('',(6.221610266543,2.562889765742));
#4771 = CARTESIAN_POINT('',(6.195150079286,2.559259487775));
#4772 = CARTESIAN_POINT('',(6.168615180494,2.555864604471));
#4773 = CARTESIAN_POINT('',(6.142002763205,2.552698664019));
#4774 = CARTESIAN_POINT('',(6.115312673496,2.549755763412));
#4775 = CARTESIAN_POINT('',(6.088543585229,2.547029723849));
#4776 = CARTESIAN_POINT('',(6.061692654626,2.544514872283));
#4777 = CARTESIAN_POINT('',(6.034756487026,2.542205967467));
#4778 = CARTESIAN_POINT('',(6.00773153578,2.540097665272));
#4779 = CARTESIAN_POINT('',(5.980613385931,2.538184644308));
#4780 = CARTESIAN_POINT('',(5.953399031563,2.536461595115));
#4781 = CARTESIAN_POINT('',(5.926078310194,2.534923137773));
#4782 = CARTESIAN_POINT('',(5.898664400666,2.533565961374));
#4783 = CARTESIAN_POINT('',(5.871259364969,2.532390028455));
#4784 = CARTESIAN_POINT('',(5.843837842679,2.531389170046));
#4785 = CARTESIAN_POINT('',(5.81640403653,2.530558621882));
#4786 = CARTESIAN_POINT('',(5.788954091339,2.529893307177));
#4787 = CARTESIAN_POINT('',(5.761486372874,2.529387994526));
#4788 = CARTESIAN_POINT('',(5.733997581748,2.529039127469));
#4789 = CARTESIAN_POINT('',(5.706487253025,2.528843331907));
#4790 = CARTESIAN_POINT('',(5.678944768867,2.528797134146));
#4791 = CARTESIAN_POINT('',(5.651418979389,2.528896941696));
#4792 = CARTESIAN_POINT('',(5.62390604933,2.529140574861));
#4793 = CARTESIAN_POINT('',(5.596403930636,2.529525690236));
#4794 = CARTESIAN_POINT('',(5.568910176863,2.530049959344));
#4795 = CARTESIAN_POINT('',(5.550585042147,2.530490758254));
#4796 = CARTESIAN_POINT('',(5.541423091524,2.530733603553));
#4797 = ( GEOMETRIC_REPRESENTATION_CONTEXT(2) 
PARAMETRIC_REPRESENTATION_CONTEXT() REPRESENTATION_CONTEXT('2D SPACE',''
  ) );
#4798 = ORIENTED_EDGE('',*,*,#4799,.F.);
#4799 = EDGE_CURVE('',#4800,#4658,#4802,.T.);
#4800 = VERTEX_POINT('',#4801);
#4801 = CARTESIAN_POINT('',(-6.396453866323,1.228813527575,-2.9999999999
    ));
#4802 = SURFACE_CURVE('',#4803,(#4808,#4815),.PCURVE_S1.);
#4803 = B_SPLINE_CURVE_WITH_KNOTS('',3,(#4804,#4805,#4806,#4807),
  .UNSPECIFIED.,.F.,.F.,(4,4),(-0.392793241038,-9.445498206808E-02),
  .PIECEWISE_BEZIER_KNOTS.);
#4804 = CARTESIAN_POINT('',(-6.396453836864,1.228813541685,
    -3.000000000855));
#4805 = CARTESIAN_POINT('',(-6.33083546305,1.170402952633,
    -2.009366007056));
#4806 = CARTESIAN_POINT('',(-6.265863416306,1.111608743543,
    -1.018725853063));
#4807 = CARTESIAN_POINT('',(-6.201310810907,1.052553564539,
    -2.808165255572E-02));
#4808 = PCURVE('',#4604,#4809);
#4809 = DEFINITIONAL_REPRESENTATION('',(#4810),#4814);
#4810 = LINE('',#4811,#4812);
#4811 = CARTESIAN_POINT('',(1.,1.110223024625E-15));
#4812 = VECTOR('',#4813,1.);
#4813 = DIRECTION('',(-2.977085214509E-15,-1.));
#4814 = ( GEOMETRIC_REPRESENTATION_CONTEXT(2) 
PARAMETRIC_REPRESENTATION_CONTEXT() REPRESENTATION_CONTEXT('2D SPACE',''
  ) );
#4815 = PCURVE('',#4816,#4821);
#4816 = CONICAL_SURFACE('',#4817,2.789718885006,8.726646259972E-02);
#4817 = AXIS2_PLACEMENT_3D('',#4818,#4819,#4820);
#4818 = CARTESIAN_POINT('',(-8.149178971877,3.399178971877,-3.));
#4819 = DIRECTION('',(0.,0.,1.));
#4820 = DIRECTION('',(1.,0.,-0.));
#4821 = DEFINITIONAL_REPRESENTATION('',(#4822),#4825);
#4822 = B_SPLINE_CURVE_WITH_KNOTS('',1,(#4823,#4824),.UNSPECIFIED.,.F.,
  .F.,(2,2),(-0.392793241038,-9.445498206808E-02),
  .PIECEWISE_BEZIER_KNOTS.);
#4823 = CARTESIAN_POINT('',(5.391729633037,-1.934821576414E-10));
#4824 = CARTESIAN_POINT('',(5.405199474801,2.971918347444));
#4825 = ( GEOMETRIC_REPRESENTATION_CONTEXT(2) 
PARAMETRIC_REPRESENTATION_CONTEXT() REPRESENTATION_CONTEXT('2D SPACE',''
  ) );
#4826 = ORIENTED_EDGE('',*,*,#4827,.F.);
#4827 = EDGE_CURVE('',#4828,#4800,#4830,.T.);
#4828 = VERTEX_POINT('',#4829);
#4829 = CARTESIAN_POINT('',(-7.734872425454,1.302155806015,
    -2.999999999997));
#4830 = SURFACE_CURVE('',#4831,(#4872,#4945),.PCURVE_S1.);
#4831 = B_SPLINE_CURVE_WITH_KNOTS('',3,(#4832,#4833,#4834,#4835,#4836,
    #4837,#4838,#4839,#4840,#4841,#4842,#4843,#4844,#4845,#4846,#4847,
    #4848,#4849,#4850,#4851,#4852,#4853,#4854,#4855,#4856,#4857,#4858,
    #4859,#4860,#4861,#4862,#4863,#4864,#4865,#4866,#4867,#4868,#4869,
    #4870,#4871),.UNSPECIFIED.,.F.,.F.,(4,3,3,3,3,3,3,3,3,3,3,3,3,4),(0.
    ,1.315012841247E-02,2.66487690205E-02,3.936255589331E-02,
    5.283986109998E-02,6.613186432486E-02,7.864497642745E-02,
    8.422679510753E-02,9.745667233079E-02,0.110849695118,0.112958301819,
    0.126333759844,0.139567683005,0.147241710802),.UNSPECIFIED.);
#4832 = CARTESIAN_POINT('',(-7.734872425454,1.302155806015,-3.));
#4833 = CARTESIAN_POINT('',(-7.703877275541,1.271160656102,-3.));
#4834 = CARTESIAN_POINT('',(-7.670876168806,1.242435317514,
    -2.999995649748));
#4835 = CARTESIAN_POINT('',(-7.636170667022,1.216019658633,
    -2.999989913753));
#4836 = CARTESIAN_POINT('',(-7.600545380256,1.18890391691,
    -2.999984025739));
#4837 = CARTESIAN_POINT('',(-7.563123231934,1.164221348008,
    -2.999976769743));
#4838 = CARTESIAN_POINT('',(-7.524193561545,1.142056235738,
    -2.999971084624));
#4839 = CARTESIAN_POINT('',(-7.487527385541,1.121179873325,
    -2.999965730055));
#4840 = CARTESIAN_POINT('',(-7.449522819845,1.102536785339,
    -2.999961832626));
#4841 = CARTESIAN_POINT('',(-7.410404585507,1.086236052682,
    -2.999960502761));
#4842 = CARTESIAN_POINT('',(-7.368937130642,1.068956389958,
    -2.999959093031));
#4843 = CARTESIAN_POINT('',(-7.326484331058,1.054419165047,
    -2.999960820151));
#4844 = CARTESIAN_POINT('',(-7.283337135412,1.042697907533,
    -2.99996535626));
#4845 = CARTESIAN_POINT('',(-7.240783178603,1.031137807774,
    -2.999969830002));
#4846 = CARTESIAN_POINT('',(-7.197552685455,1.022316508518,
    -2.999977121171));
#4847 = CARTESIAN_POINT('',(-7.153908640818,1.016351283775,
    -2.999985011535));
#4848 = CARTESIAN_POINT('',(-7.112822070651,1.010735612108,
    -2.999992439536));
#4849 = CARTESIAN_POINT('',(-7.071368147388,1.007651210972,
    -3.000000444393));
#4850 = CARTESIAN_POINT('',(-7.029765779409,1.007238096569,
    -3.000004583132));
#4851 = CARTESIAN_POINT('',(-7.011207896062,1.007053815498,
    -3.00000642933));
#4852 = CARTESIAN_POINT('',(-6.992667561108,1.007402146159,
    -3.000007499895));
#4853 = CARTESIAN_POINT('',(-6.974164394359,1.008290164692,
    -3.000007256649));
#4854 = CARTESIAN_POINT('',(-6.930308683819,1.010394922451,
    -3.000006680116));
#4855 = CARTESIAN_POINT('',(-6.886661564664,1.015527820431,-2.9999989647
    ));
#4856 = CARTESIAN_POINT('',(-6.843495966811,1.023538888459,
    -2.999991408993));
#4857 = CARTESIAN_POINT('',(-6.799798068039,1.031648745779,
    -2.999983760113));
#4858 = CARTESIAN_POINT('',(-6.756592502329,1.04270854329,
    -2.999976324047));
#4859 = CARTESIAN_POINT('',(-6.71417371188,1.056613714708,
    -2.999972795604));
#4860 = CARTESIAN_POINT('',(-6.707495268395,1.058802954441,
    -2.999972240084));
#4861 = CARTESIAN_POINT('',(-6.700836370155,1.061062819495,
    -2.999971772811));
#4862 = CARTESIAN_POINT('',(-6.694198220655,1.063393006413,
    -2.99997139831));
#4863 = CARTESIAN_POINT('',(-6.652090657411,1.078174007212,
    -2.999969022751));
#4864 = CARTESIAN_POINT('',(-6.611060465492,1.0956949358,-2.99997084342)
  );
#4865 = CARTESIAN_POINT('',(-6.571388339898,1.115811410283,
    -2.99997573432));
#4866 = CARTESIAN_POINT('',(-6.532136012186,1.135715018597,
    -2.999980573466));
#4867 = CARTESIAN_POINT('',(-6.494212113086,1.158160070726,
    -2.999988449991));
#4868 = CARTESIAN_POINT('',(-6.457908997661,1.183052129544,
    -2.999994173212));
#4869 = CARTESIAN_POINT('',(-6.43685771049,1.197486424572,
    -2.999997491968));
#4870 = CARTESIAN_POINT('',(-6.416351882681,1.212744342781,
    -3.000000007926));
#4871 = CARTESIAN_POINT('',(-6.396453836825,1.228813541651,
    -3.000000000268));
#4872 = PCURVE('',#4604,#4873);
#4873 = DEFINITIONAL_REPRESENTATION('',(#4874),#4944);
#4874 = B_SPLINE_CURVE_WITH_KNOTS('',3,(#4875,#4876,#4877,#4878,#4879,
    #4880,#4881,#4882,#4883,#4884,#4885,#4886,#4887,#4888,#4889,#4890,
    #4891,#4892,#4893,#4894,#4895,#4896,#4897,#4898,#4899,#4900,#4901,
    #4902,#4903,#4904,#4905,#4906,#4907,#4908,#4909,#4910,#4911,#4912,
    #4913,#4914,#4915,#4916,#4917,#4918,#4919,#4920,#4921,#4922,#4923,
    #4924,#4925,#4926,#4927,#4928,#4929,#4930,#4931,#4932,#4933,#4934,
    #4935,#4936,#4937,#4938,#4939,#4940,#4941,#4942,#4943),
  .UNSPECIFIED.,.F.,.F.,(4,1,1,1,1,1,1,1,1,1,1,1,1,1,1,1,1,1,1,1,1,1,1,1
    ,1,1,1,1,1,1,1,1,1,1,1,1,1,1,1,1,1,1,1,1,1,1,1,1,1,1,1,1,1,1,1,1,1,1
    ,1,1,1,1,1,1,1,1,4),(0.,2.230935012145E-03,4.46187002429E-03,
    6.692805036435E-03,8.92374004858E-03,1.115467506073E-02,
    1.338561007287E-02,1.561654508502E-02,1.784748009716E-02,
    2.007841510931E-02,2.230935012145E-02,2.45402851336E-02,
    2.677122014574E-02,2.900215515789E-02,3.123309017003E-02,
    3.346402518218E-02,3.569496019432E-02,3.792589520647E-02,
    4.015683021861E-02,4.238776523076E-02,4.46187002429E-02,
    4.684963525505E-02,4.908057026719E-02,5.131150527934E-02,
    5.354244029148E-02,5.577337530363E-02,5.800431031577E-02,
    6.023524532792E-02,6.246618034006E-02,6.469711535221E-02,
    6.692805036435E-02,6.91589853765E-02,7.138992038864E-02,
    7.362085540079E-02,7.585179041293E-02,7.808272542508E-02,
    8.031366043722E-02,8.254459544937E-02,8.477553046151E-02,
    8.700646547366E-02,8.92374004858E-02,9.146833549795E-02,
    9.36992705101E-02,9.593020552224E-02,9.816114053439E-02,
    0.100392075547,0.102623010559,0.104853945571,0.107084880583,
    0.109315815595,0.111546750607,0.113777685619,0.116008620632,
    0.118239555644,0.120470490656,0.122701425668,0.12493236068,
    0.127163295692,0.129394230704,0.131625165717,0.133856100729,
    0.136087035741,0.138317970753,0.140548905765,0.142779840777,
    0.145010775789,0.147241710802),.QUASI_UNIFORM_KNOTS.);
#4875 = CARTESIAN_POINT('',(0.,0.401542485533));
#4876 = CARTESIAN_POINT('',(5.057605597048E-03,0.401477306039));
#4877 = CARTESIAN_POINT('',(1.516743175909E-02,0.401347016379));
#4878 = CARTESIAN_POINT('',(3.031790539235E-02,0.40115186052));
#4879 = CARTESIAN_POINT('',(4.545600871479E-02,0.400957053935));
#4880 = CARTESIAN_POINT('',(6.058361668114E-02,0.400762667267));
#4881 = CARTESIAN_POINT('',(7.570258494723E-02,0.400568771159));
#4882 = CARTESIAN_POINT('',(9.081469473425E-02,0.400375436253));
#4883 = CARTESIAN_POINT('',(0.105921806488,0.400182733188));
#4884 = CARTESIAN_POINT('',(0.121025803938,0.39999073261));
#4885 = CARTESIAN_POINT('',(0.136128526779,0.399799505164));
#4886 = CARTESIAN_POINT('',(0.151231839606,0.399609121489));
#4887 = CARTESIAN_POINT('',(0.166337608707,0.399419652236));
#4888 = CARTESIAN_POINT('',(0.181447669636,0.399231168018));
#4889 = CARTESIAN_POINT('',(0.196563928126,0.399043739583));
#4890 = CARTESIAN_POINT('',(0.211688234807,0.398857437175));
#4891 = CARTESIAN_POINT('',(0.226822261684,0.398672332935));
#4892 = CARTESIAN_POINT('',(0.241968333121,0.398488491915));
#4893 = CARTESIAN_POINT('',(0.25712657937,0.398306005623));
#4894 = CARTESIAN_POINT('',(0.272305444291,0.398124866826));
#4895 = CARTESIAN_POINT('',(0.287470202344,0.397945583755));
#4896 = CARTESIAN_POINT('',(0.302621847256,0.397768226975));
#4897 = CARTESIAN_POINT('',(0.317762526403,0.397592854382));
#4898 = CARTESIAN_POINT('',(0.332894049118,0.397419527266));
#4899 = CARTESIAN_POINT('',(0.348018289245,0.397248306008));
#4900 = CARTESIAN_POINT('',(0.363137018596,0.397079251231));
#4901 = CARTESIAN_POINT('',(0.378252164512,0.396912423496));
#4902 = CARTESIAN_POINT('',(0.39336558188,0.396747883378));
#4903 = CARTESIAN_POINT('',(0.408479127763,0.396585691448));
#4904 = CARTESIAN_POINT('',(0.423594674727,0.396425908282));
#4905 = CARTESIAN_POINT('',(0.438714102322,0.396268594447));
#4906 = CARTESIAN_POINT('',(0.453839266409,0.396113810534));
#4907 = CARTESIAN_POINT('',(0.468972112245,0.395961617048));
#4908 = CARTESIAN_POINT('',(0.484114384615,0.395812074819));
#4909 = CARTESIAN_POINT('',(0.499268022205,0.395665243458));
#4910 = CARTESIAN_POINT('',(0.514434527246,0.395521187124));
#4911 = CARTESIAN_POINT('',(0.529617201463,0.395379953007));
#4912 = CARTESIAN_POINT('',(0.544812766103,0.395241651624));
#4913 = CARTESIAN_POINT('',(0.559990834853,0.395106628765));
#4914 = CARTESIAN_POINT('',(0.575160366607,0.394974860725));
#4915 = CARTESIAN_POINT('',(0.590321320806,0.394846408158));
#4916 = CARTESIAN_POINT('',(0.605476094917,0.394721309112));
#4917 = CARTESIAN_POINT('',(0.620626448077,0.394599607694));
#4918 = CARTESIAN_POINT('',(0.63577430641,0.394481346386));
#4919 = CARTESIAN_POINT('',(0.650921544422,0.394366568107));
#4920 = CARTESIAN_POINT('',(0.666069990455,0.394255315661));
#4921 = CARTESIAN_POINT('',(0.681221604259,0.394147631868));
#4922 = CARTESIAN_POINT('',(0.696378199278,0.394043559598));
#4923 = CARTESIAN_POINT('',(0.711541658293,0.393943141514));
#4924 = CARTESIAN_POINT('',(0.72671375378,0.393846421043));
#4925 = CARTESIAN_POINT('',(0.741896803024,0.393753438776));
#4926 = CARTESIAN_POINT('',(0.757091176815,0.393664245873));
#4927 = CARTESIAN_POINT('',(0.772304543325,0.393578854065));
#4928 = CARTESIAN_POINT('',(0.787505159273,0.393497488233));
#4929 = CARTESIAN_POINT('',(0.802694512487,0.393420168866));
#4930 = CARTESIAN_POINT('',(0.817874635772,0.39334691632));
#4931 = CARTESIAN_POINT('',(0.833047389624,0.393277750989));
#4932 = CARTESIAN_POINT('',(0.848214656172,0.393212693259));
#4933 = CARTESIAN_POINT('',(0.863378231459,0.393151763517));
#4934 = CARTESIAN_POINT('',(0.878540073327,0.39309498215));
#4935 = CARTESIAN_POINT('',(0.893702035693,0.393042369542));
#4936 = CARTESIAN_POINT('',(0.908865991929,0.39299394608));
#4937 = CARTESIAN_POINT('',(0.924033832813,0.392949732149));
#4938 = CARTESIAN_POINT('',(0.939207455132,0.392909748136));
#4939 = CARTESIAN_POINT('',(0.954388756228,0.39287401443));
#4940 = CARTESIAN_POINT('',(0.969579620053,0.392842551415));
#4941 = CARTESIAN_POINT('',(0.984781887893,0.392815379477));
#4942 = CARTESIAN_POINT('',(0.994925607154,0.392800139161));
#4943 = CARTESIAN_POINT('',(1.,0.392793240979));
#4944 = ( GEOMETRIC_REPRESENTATION_CONTEXT(2) 
PARAMETRIC_REPRESENTATION_CONTEXT() REPRESENTATION_CONTEXT('2D SPACE',''
  ) );
#4945 = PCURVE('',#4946,#4951);
#4946 = PLANE('',#4947);
#4947 = AXIS2_PLACEMENT_3D('',#4948,#4949,#4950);
#4948 = CARTESIAN_POINT('',(-7.55760255977,2.80760255977,-3.));
#4949 = DIRECTION('',(0.,0.,-1.));
#4950 = DIRECTION('',(1.,0.,0.));
#4951 = DEFINITIONAL_REPRESENTATION('',(#4952),#4993);
#4952 = B_SPLINE_CURVE_WITH_KNOTS('',3,(#4953,#4954,#4955,#4956,#4957,
    #4958,#4959,#4960,#4961,#4962,#4963,#4964,#4965,#4966,#4967,#4968,
    #4969,#4970,#4971,#4972,#4973,#4974,#4975,#4976,#4977,#4978,#4979,
    #4980,#4981,#4982,#4983,#4984,#4985,#4986,#4987,#4988,#4989,#4990,
    #4991,#4992),.UNSPECIFIED.,.F.,.F.,(4,3,3,3,3,3,3,3,3,3,3,3,3,4),(0.
    ,1.315012841247E-02,2.66487690205E-02,3.936255589331E-02,
    5.283986109998E-02,6.613186432486E-02,7.864497642745E-02,
    8.422679510753E-02,9.745667233079E-02,0.110849695118,0.112958301819,
    0.126333759844,0.139567683005,0.147241710802),.UNSPECIFIED.);
#4953 = CARTESIAN_POINT('',(-0.177269865684,1.505446753755));
#4954 = CARTESIAN_POINT('',(-0.146274715771,1.536441903668));
#4955 = CARTESIAN_POINT('',(-0.113273609036,1.565167242257));
#4956 = CARTESIAN_POINT('',(-7.8568107252E-02,1.591582901137));
#4957 = CARTESIAN_POINT('',(-4.294282048593E-02,1.61869864286));
#4958 = CARTESIAN_POINT('',(-5.520672163721E-03,1.643381211762));
#4959 = CARTESIAN_POINT('',(3.340899822479E-02,1.665546324032));
#4960 = CARTESIAN_POINT('',(7.007517422879E-02,1.686422686445));
#4961 = CARTESIAN_POINT('',(0.108079739926,1.705065774432));
#4962 = CARTESIAN_POINT('',(0.147197974263,1.721366507088));
#4963 = CARTESIAN_POINT('',(0.188665429128,1.738646169812));
#4964 = CARTESIAN_POINT('',(0.231118228712,1.753183394723));
#4965 = CARTESIAN_POINT('',(0.274265424358,1.764904652237));
#4966 = CARTESIAN_POINT('',(0.316819381167,1.776464751996));
#4967 = CARTESIAN_POINT('',(0.360049874315,1.785286051253));
#4968 = CARTESIAN_POINT('',(0.403693918952,1.791251275995));
#4969 = CARTESIAN_POINT('',(0.444780489119,1.796866947663));
#4970 = CARTESIAN_POINT('',(0.486234412382,1.799951348798));
#4971 = CARTESIAN_POINT('',(0.527836780361,1.800364463201));
#4972 = CARTESIAN_POINT('',(0.546394663709,1.800548744272));
#4973 = CARTESIAN_POINT('',(0.564934998662,1.800200413611));
#4974 = CARTESIAN_POINT('',(0.583438165411,1.799312395078));
#4975 = CARTESIAN_POINT('',(0.627293875951,1.79720763732));
#4976 = CARTESIAN_POINT('',(0.670940995106,1.79207473934));
#4977 = CARTESIAN_POINT('',(0.714106592959,1.784063671312));
#4978 = CARTESIAN_POINT('',(0.757804491731,1.775953813991));
#4979 = CARTESIAN_POINT('',(0.801010057441,1.76489401648));
#4980 = CARTESIAN_POINT('',(0.84342884789,1.750988845062));
#4981 = CARTESIAN_POINT('',(0.850107291375,1.748799605329));
#4982 = CARTESIAN_POINT('',(0.856766189616,1.746539740276));
#4983 = CARTESIAN_POINT('',(0.863404339115,1.744209553357));
#4984 = CARTESIAN_POINT('',(0.905511902359,1.729428552558));
#4985 = CARTESIAN_POINT('',(0.946542094278,1.71190762397));
#4986 = CARTESIAN_POINT('',(0.986214219872,1.691791149487));
#4987 = CARTESIAN_POINT('',(1.025466547584,1.671887541173));
#4988 = CARTESIAN_POINT('',(1.063390446684,1.649442489044));
#4989 = CARTESIAN_POINT('',(1.099693562109,1.624550430226));
#4990 = CARTESIAN_POINT('',(1.120744849281,1.610116135198));
#4991 = CARTESIAN_POINT('',(1.141250677089,1.59485821699));
#4992 = CARTESIAN_POINT('',(1.161148722946,1.57878901812));
#4993 = ( GEOMETRIC_REPRESENTATION_CONTEXT(2) 
PARAMETRIC_REPRESENTATION_CONTEXT() REPRESENTATION_CONTEXT('2D SPACE',''
  ) );
#4994 = ORIENTED_EDGE('',*,*,#4995,.F.);
#4995 = EDGE_CURVE('',#4996,#4828,#4998,.T.);
#4996 = VERTEX_POINT('',#4997);
#4997 = CARTESIAN_POINT('',(-7.641584294339,1.2088676749,-1.499999999784
    ));
#4998 = SURFACE_CURVE('',#4999,(#5004,#5011),.PCURVE_S1.);
#4999 = B_SPLINE_CURVE_WITH_KNOTS('',3,(#5000,#5001,#5002,#5003),
  .UNSPECIFIED.,.F.,.F.,(4,4),(0.250963424828,0.401542485533),
  .PIECEWISE_BEZIER_KNOTS.);
#5000 = CARTESIAN_POINT('',(-7.641584131282,1.208867511843,
    -1.500000020209));
#5001 = CARTESIAN_POINT('',(-7.672668941569,1.23995232213,
    -2.000001417381));
#5002 = CARTESIAN_POINT('',(-7.703764313491,1.271047694052,
    -2.500001501235));
#5003 = CARTESIAN_POINT('',(-7.734872425454,1.302155806015,-3.));
#5004 = PCURVE('',#4604,#5005);
#5005 = DEFINITIONAL_REPRESENTATION('',(#5006),#5010);
#5006 = LINE('',#5007,#5008);
#5007 = CARTESIAN_POINT('',(2.577053502958E-15,1.665334536938E-16));
#5008 = VECTOR('',#5009,1.);
#5009 = DIRECTION('',(-6.085769806457E-15,1.));
#5010 = ( GEOMETRIC_REPRESENTATION_CONTEXT(2) 
PARAMETRIC_REPRESENTATION_CONTEXT() REPRESENTATION_CONTEXT('2D SPACE',''
  ) );
#5011 = PCURVE('',#5012,#5017);
#5012 = PLANE('',#5013);
#5013 = AXIS2_PLACEMENT_3D('',#5014,#5015,#5016);
#5014 = CARTESIAN_POINT('',(-8.425581051361,1.992864431923,-3.));
#5015 = DIRECTION('',(-0.707106781187,-0.707106781187,0.));
#5016 = DIRECTION('',(0.707106781187,-0.707106781187,0.));
#5017 = DEFINITIONAL_REPRESENTATION('',(#5018),#5023);
#5018 = B_SPLINE_CURVE_WITH_KNOTS('',3,(#5019,#5020,#5021,#5022),
  .UNSPECIFIED.,.F.,.F.,(4,4),(0.250963424828,0.401542485533),
  .PIECEWISE_BEZIER_KNOTS.);
#5019 = CARTESIAN_POINT('',(1.108739077235,1.499999979791));
#5020 = CARTESIAN_POINT('',(1.064778516944,0.999998582619));
#5021 = CARTESIAN_POINT('',(1.020803020244,0.499998498765));
#5022 = CARTESIAN_POINT('',(0.976809506406,0.));
#5023 = ( GEOMETRIC_REPRESENTATION_CONTEXT(2) 
PARAMETRIC_REPRESENTATION_CONTEXT() REPRESENTATION_CONTEXT('2D SPACE',''
  ) );
#5024 = ORIENTED_EDGE('',*,*,#5025,.T.);
#5025 = EDGE_CURVE('',#4996,#5026,#5028,.T.);
#5026 = VERTEX_POINT('',#5027);
#5027 = CARTESIAN_POINT('',(-7.609824823883,1.178464566265,
    -1.49999908014));
#5028 = SURFACE_CURVE('',#5029,(#5034,#5040),.PCURVE_S1.);
#5029 = B_SPLINE_CURVE_WITH_KNOTS('',3,(#5030,#5031,#5032,#5033),
  .UNSPECIFIED.,.F.,.F.,(4,4),(-0.257473787869,-0.253078229748),
  .PIECEWISE_BEZIER_KNOTS.);
#5030 = CARTESIAN_POINT('',(-7.641584294339,1.2088676749,-1.5));
#5031 = CARTESIAN_POINT('',(-7.63122386449,1.198507245052,-1.5));
#5032 = CARTESIAN_POINT('',(-7.620637588863,1.188372660981,
    -1.500000307203));
#5033 = CARTESIAN_POINT('',(-7.609824823883,1.178464566265,
    -1.49999908014));
#5034 = PCURVE('',#4604,#5035);
#5035 = DEFINITIONAL_REPRESENTATION('',(#5036),#5039);
#5036 = B_SPLINE_CURVE_WITH_KNOTS('',1,(#5037,#5038),.UNSPECIFIED.,.F.,
  .F.,(2,2),(-0.257473787869,-0.253078229748),.PIECEWISE_BEZIER_KNOTS.);
#5037 = CARTESIAN_POINT('',(-1.572570509365E-07,0.250963424835));
#5038 = CARTESIAN_POINT('',(2.976481443652E-02,0.250578357929));
#5039 = ( GEOMETRIC_REPRESENTATION_CONTEXT(2) 
PARAMETRIC_REPRESENTATION_CONTEXT() REPRESENTATION_CONTEXT('2D SPACE',''
  ) );
#5040 = PCURVE('',#5041,#5058);
#5041 = B_SPLINE_SURFACE_WITH_KNOTS('',3,3,(
    (#5042,#5043,#5044,#5045)
    ,(#5046,#5047,#5048,#5049)
    ,(#5050,#5051,#5052,#5053)
    ,(#5054,#5055,#5056,#5057
    )),.UNSPECIFIED.,.F.,.F.,.F.,(4,4),(4,4),(0.,1.),(0.253078229748,
    0.257473787869),.PIECEWISE_BEZIER_KNOTS.);
#5042 = CARTESIAN_POINT('',(-7.609824823883,1.178464566265,
    -1.49999908014));
#5043 = CARTESIAN_POINT('',(-7.620637588863,1.188372660981,
    -1.500000307203));
#5044 = CARTESIAN_POINT('',(-7.63122386449,1.198507245052,-1.5));
#5045 = CARTESIAN_POINT('',(-7.641584294339,1.2088676749,-1.5));
#5046 = CARTESIAN_POINT('',(-7.727902014384,1.060387375764,
    -1.333332720094));
#5047 = CARTESIAN_POINT('',(-7.738564000987,1.070446248857,
    -1.333333538135));
#5048 = CARTESIAN_POINT('',(-7.749074994688,1.080656114854,
    -1.333333333333));
#5049 = CARTESIAN_POINT('',(-7.759435424536,1.091016544702,
    -1.333333333333));
#5050 = CARTESIAN_POINT('',(-7.845979204885,0.942310185262,
    -1.166666360047));
#5051 = CARTESIAN_POINT('',(-7.856490413111,0.952519836733,
    -1.166666769068));
#5052 = CARTESIAN_POINT('',(-7.866926124886,0.962804984656,
    -1.166666666667));
#5053 = CARTESIAN_POINT('',(-7.877286554734,0.973165414504,
    -1.166666666667));
#5054 = CARTESIAN_POINT('',(-7.964056395387,0.824232994761,-1.));
#5055 = CARTESIAN_POINT('',(-7.974416825235,0.83459342461,-1.));
#5056 = CARTESIAN_POINT('',(-7.984777255084,0.844953854458,-1.));
#5057 = CARTESIAN_POINT('',(-7.995137684932,0.855314284307,-1.));
#5058 = DEFINITIONAL_REPRESENTATION('',(#5059),#5063);
#5059 = LINE('',#5060,#5061);
#5060 = CARTESIAN_POINT('',(-2.200601828712E-14,0.));
#5061 = VECTOR('',#5062,1.);
#5062 = DIRECTION('',(-8.5480047725E-14,-1.));
#5063 = ( GEOMETRIC_REPRESENTATION_CONTEXT(2) 
PARAMETRIC_REPRESENTATION_CONTEXT() REPRESENTATION_CONTEXT('2D SPACE',''
  ) );
#5064 = ORIENTED_EDGE('',*,*,#5065,.T.);
#5065 = EDGE_CURVE('',#5026,#5066,#5068,.T.);
#5066 = VERTEX_POINT('',#5067);
#5067 = CARTESIAN_POINT('',(-6.871872961635,0.915699125908,
    -1.498952973715));
#5068 = SURFACE_CURVE('',#5069,(#5074,#5080),.PCURVE_S1.);
#5069 = B_SPLINE_CURVE_WITH_KNOTS('',3,(#5070,#5071,#5072,#5073),
  .UNSPECIFIED.,.F.,.F.,(4,4),(0.,8.208918822603E-02),
  .PIECEWISE_BEZIER_KNOTS.);
#5070 = CARTESIAN_POINT('',(-7.609824823883,1.178464566265,
    -1.49999908014));
#5071 = CARTESIAN_POINT('',(-7.408083360947,0.993602181241,
    -1.499976185961));
#5072 = CARTESIAN_POINT('',(-7.135747038036,0.900442514409,
    -1.499464286846));
#5073 = CARTESIAN_POINT('',(-6.871866461742,0.915705957291,
    -1.498952904073));
#5074 = PCURVE('',#4604,#5075);
#5075 = DEFINITIONAL_REPRESENTATION('',(#5076),#5079);
#5076 = B_SPLINE_CURVE_WITH_KNOTS('',1,(#5077,#5078),.UNSPECIFIED.,.F.,
  .F.,(2,2),(0.,8.208847562388E-02),.PIECEWISE_BEZIER_KNOTS.);
#5077 = CARTESIAN_POINT('',(2.976481443652E-02,0.250578357929));
#5078 = CARTESIAN_POINT('',(0.574706344897,0.244276887658));
#5079 = ( GEOMETRIC_REPRESENTATION_CONTEXT(2) 
PARAMETRIC_REPRESENTATION_CONTEXT() REPRESENTATION_CONTEXT('2D SPACE',''
  ) );
#5080 = PCURVE('',#5081,#5098);
#5081 = B_SPLINE_SURFACE_WITH_KNOTS('',3,3,(
    (#5082,#5083,#5084,#5085)
    ,(#5086,#5087,#5088,#5089)
    ,(#5090,#5091,#5092,#5093)
    ,(#5094,#5095,#5096,#5097
    )),.UNSPECIFIED.,.F.,.F.,.F.,(4,4),(4,4),(0.,1.003872215865),(
    -8.389002858989E-02,0.),.PIECEWISE_BEZIER_KNOTS.);
#5082 = CARTESIAN_POINT('',(-6.85451277927,0.916867202726,
    -1.498919254444));
#5083 = CARTESIAN_POINT('',(-7.123764249114,0.896399246782,
    -1.499441591825));
#5084 = CARTESIAN_POINT('',(-7.403657635984,0.989546742859,
    -1.499975683718));
#5085 = CARTESIAN_POINT('',(-7.609824823883,1.178464566265,
    -1.49999908014));
#5086 = CARTESIAN_POINT('',(-6.846225383362,0.738753144771,
    -1.331968861945));
#5087 = CARTESIAN_POINT('',(-7.165237836493,0.718626817271,
    -1.332316412665));
#5088 = CARTESIAN_POINT('',(-7.492186036442,0.835234268989,
    -1.332671784554));
#5089 = CARTESIAN_POINT('',(-7.728359234755,1.059930155393,
    -1.33268735197));
#5090 = CARTESIAN_POINT('',(-6.837937987454,0.560639086816,
    -1.165018469446));
#5091 = CARTESIAN_POINT('',(-7.206711423871,0.540854387761,
    -1.165191233505));
#5092 = CARTESIAN_POINT('',(-7.5807144369,0.680921795118,-1.16536788539)
  );
#5093 = CARTESIAN_POINT('',(-7.846893645626,0.941395744522,-1.1653756238
    ));
#5094 = CARTESIAN_POINT('',(-6.829650591546,0.382525028861,
    -0.998068076948));
#5095 = CARTESIAN_POINT('',(-7.248185011249,0.36308195825,
    -0.998066054345));
#5096 = CARTESIAN_POINT('',(-7.669242837358,0.526609321248,
    -0.998063986225));
#5097 = CARTESIAN_POINT('',(-7.965428056498,0.82286133365,
    -0.998063895629));
#5098 = DEFINITIONAL_REPRESENTATION('',(#5099),#5103);
#5099 = LINE('',#5100,#5101);
#5100 = CARTESIAN_POINT('',(-1.53118776903E-16,4.559049423153E-17));
#5101 = VECTOR('',#5102,1.);
#5102 = DIRECTION('',(1.052248701723E-13,-1.));
#5103 = ( GEOMETRIC_REPRESENTATION_CONTEXT(2) 
PARAMETRIC_REPRESENTATION_CONTEXT() REPRESENTATION_CONTEXT('2D SPACE',''
  ) );
#5104 = ORIENTED_EDGE('',*,*,#5105,.F.);
#5105 = EDGE_CURVE('',#5106,#5066,#5108,.T.);
#5106 = VERTEX_POINT('',#5107);
#5107 = CARTESIAN_POINT('',(-6.684235437722,0.925569006128,
    -1.251111318166));
#5108 = SURFACE_CURVE('',#5109,(#5114,#5120),.PCURVE_S1.);
#5109 = B_SPLINE_CURVE_WITH_KNOTS('',3,(#5110,#5111,#5112,#5113),
  .UNSPECIFIED.,.F.,.F.,(4,4),(-3.086360113795E-02,0.),
  .PIECEWISE_BEZIER_KNOTS.);
#5110 = CARTESIAN_POINT('',(-6.684235437722,0.925569006128,
    -1.251111318166));
#5111 = CARTESIAN_POINT('',(-6.749299636805,0.916309746024,
    -1.331373487531));
#5112 = CARTESIAN_POINT('',(-6.812352917751,0.913671162957,
    -1.415064520529));
#5113 = CARTESIAN_POINT('',(-6.871872961635,0.915699125908,
    -1.498952973715));
#5114 = PCURVE('',#4604,#5115);
#5115 = DEFINITIONAL_REPRESENTATION('',(#5116),#5119);
#5116 = B_SPLINE_CURVE_WITH_KNOTS('',1,(#5117,#5118),.UNSPECIFIED.,.F.,
  .F.,(2,2),(-3.086360113795E-02,0.),.PIECEWISE_BEZIER_KNOTS.);
#5117 = CARTESIAN_POINT('',(0.692572412599,0.218487868646));
#5118 = CARTESIAN_POINT('',(0.574706332544,0.24427685112));
#5119 = ( GEOMETRIC_REPRESENTATION_CONTEXT(2) 
PARAMETRIC_REPRESENTATION_CONTEXT() REPRESENTATION_CONTEXT('2D SPACE',''
  ) );
#5120 = PCURVE('',#5121,#5138);
#5121 = B_SPLINE_SURFACE_WITH_KNOTS('',3,3,(
    (#5122,#5123,#5124,#5125)
    ,(#5126,#5127,#5128,#5129)
    ,(#5130,#5131,#5132,#5133)
    ,(#5134,#5135,#5136,#5137
    )),.UNSPECIFIED.,.F.,.F.,.F.,(4,4),(4,4),(0.,0.674069274929),(
    1.920492586525E-03,8.097511561435E-02),.PIECEWISE_BEZIER_KNOTS.);
#5122 = CARTESIAN_POINT('',(-6.871872961635,0.915699125908,
    -1.498952973715));
#5123 = CARTESIAN_POINT('',(-6.856995798297,0.722910693015,
    -1.317650389504));
#5124 = CARTESIAN_POINT('',(-6.841259021051,0.526675230262,
    -1.133383676296));
#5125 = CARTESIAN_POINT('',(-6.825905254423,0.33597240009,
    -0.954366403467));
#5126 = CARTESIAN_POINT('',(-6.812608367119,0.960566860237,
    -1.454521401903));
#5127 = CARTESIAN_POINT('',(-6.797612868159,0.767348585319,
    -1.274395304872));
#5128 = CARTESIAN_POINT('',(-6.781835708727,0.570812011741,-1.0906544262
    ));
#5129 = CARTESIAN_POINT('',(-6.766449073039,0.37988128014,
    -0.912053021721));
#5130 = CARTESIAN_POINT('',(-6.753343772603,1.005434594566,
    -1.410089830091));
#5131 = CARTESIAN_POINT('',(-6.738229938021,0.811786477622,
    -1.231140220239));
#5132 = CARTESIAN_POINT('',(-6.722412396403,0.61494879322,
    -1.047925176104));
#5133 = CARTESIAN_POINT('',(-6.706992891656,0.42379016019,
    -0.869739639975));
#5134 = CARTESIAN_POINT('',(-6.694079178087,1.050302328895,
    -1.365658258279));
#5135 = CARTESIAN_POINT('',(-6.678847007883,0.856224369926,
    -1.187885135607));
#5136 = CARTESIAN_POINT('',(-6.662989084079,0.6590855747,-1.005195926008
    ));
#5137 = CARTESIAN_POINT('',(-6.647536710273,0.46769904024,
    -0.827426258229));
#5138 = DEFINITIONAL_REPRESENTATION('',(#5139),#5165);
#5139 = B_SPLINE_CURVE_WITH_KNOTS('',3,(#5140,#5141,#5142,#5143,#5144,
    #5145,#5146,#5147,#5148,#5149,#5150,#5151,#5152,#5153,#5154,#5155,
    #5156,#5157,#5158,#5159,#5160,#5161,#5162,#5163,#5164),
  .UNSPECIFIED.,.F.,.F.,(4,1,1,1,1,1,1,1,1,1,1,1,1,1,1,1,1,1,1,1,1,1,4),
  (-3.086360113795E-02,-2.946071017713E-02,-2.805781921632E-02,
    -2.66549282555E-02,-2.525203729469E-02,-2.384914633387E-02,
    -2.244625537306E-02,-2.104336441224E-02,-1.964047345142E-02,
    -1.823758249061E-02,-1.683469152979E-02,-1.543180056898E-02,
    -1.402890960816E-02,-1.262601864734E-02,-1.122312768653E-02,
    -9.820236725712E-03,-8.417345764896E-03,-7.01445480408E-03,
    -5.611563843264E-03,-4.208672882448E-03,-2.805781921632E-03,
    -1.402890960816E-03,0.),.QUASI_UNIFORM_KNOTS.);
#5140 = CARTESIAN_POINT('',(0.674104651947,1.881270802885E-02));
#5141 = CARTESIAN_POINT('',(0.663414160509,1.85827204921E-02));
#5142 = CARTESIAN_POINT('',(0.642069980372,1.811988526534E-02));
#5143 = CARTESIAN_POINT('',(0.610166807836,1.741725753526E-02));
#5144 = CARTESIAN_POINT('',(0.578379423499,1.670646056949E-02));
#5145 = CARTESIAN_POINT('',(0.546710514121,1.598769972707E-02));
#5146 = CARTESIAN_POINT('',(0.51516276384,1.526118017964E-02));
#5147 = CARTESIAN_POINT('',(0.483738853699,1.452710688898E-02));
#5148 = CARTESIAN_POINT('',(0.452441461592,1.378568461979E-02));
#5149 = CARTESIAN_POINT('',(0.421273262084,1.30371179433E-02));
#5150 = CARTESIAN_POINT('',(0.390236926245,1.228161124369E-02));
#5151 = CARTESIAN_POINT('',(0.359335121473,1.151936872388E-02));
#5152 = CARTESIAN_POINT('',(0.328570511298,1.075059441183E-02));
#5153 = CARTESIAN_POINT('',(0.29794575518,9.975492166837E-03));
#5154 = CARTESIAN_POINT('',(0.267463508291,9.194265685983E-03));
#5155 = CARTESIAN_POINT('',(0.237126421292,8.407118510735E-03));
#5156 = CARTESIAN_POINT('',(0.20693714009,7.614254033584E-03));
#5157 = CARTESIAN_POINT('',(0.176898305589,6.815875504748E-03));
#5158 = CARTESIAN_POINT('',(0.147012553433,6.012186038988E-03));
#5159 = CARTESIAN_POINT('',(0.117282513719,5.203388622154E-03));
#5160 = CARTESIAN_POINT('',(8.771081077637E-02,4.389686118843E-03));
#5161 = CARTESIAN_POINT('',(5.830006263681E-02,3.571281275877E-03));
#5162 = CARTESIAN_POINT('',(2.90528816172E-02,2.748376741274E-03));
#5163 = CARTESIAN_POINT('',(9.665541009898E-03,2.196908930546E-03));
#5164 = CARTESIAN_POINT('',(0.,1.920492586525E-03));
#5165 = ( GEOMETRIC_REPRESENTATION_CONTEXT(2) 
PARAMETRIC_REPRESENTATION_CONTEXT() REPRESENTATION_CONTEXT('2D SPACE',''
  ) );
#5166 = ORIENTED_EDGE('',*,*,#5167,.F.);
#5167 = EDGE_CURVE('',#4513,#5106,#5168,.T.);
#5168 = SURFACE_CURVE('',#5169,(#5174,#5180),.PCURVE_S1.);
#5169 = B_SPLINE_CURVE_WITH_KNOTS('',3,(#5170,#5171,#5172,#5173),
  .UNSPECIFIED.,.F.,.F.,(4,4),(-3.035032430613E-02,0.),
  .PIECEWISE_BEZIER_KNOTS.);
#5170 = CARTESIAN_POINT('',(-6.579247784802,0.932956434912,
    -0.966193904077));
#5171 = CARTESIAN_POINT('',(-6.614885077321,0.928785090748,
    -1.06078743377));
#5172 = CARTESIAN_POINT('',(-6.650121866061,0.926345909306,
    -1.156014238761));
#5173 = CARTESIAN_POINT('',(-6.684668487261,0.925400554745,
    -1.251094832337));
#5174 = PCURVE('',#4604,#5175);
#5175 = DEFINITIONAL_REPRESENTATION('',(#5176),#5179);
#5176 = B_SPLINE_CURVE_WITH_KNOTS('',1,(#5177,#5178),.UNSPECIFIED.,.F.,
  .F.,(2,2),(-3.035032430613E-02,-1.339644682535E-05),
  .PIECEWISE_BEZIER_KNOTS.);
#5177 = CARTESIAN_POINT('',(0.753509274052,0.189502181925));
#5178 = CARTESIAN_POINT('',(0.692285759081,0.218475047642));
#5179 = ( GEOMETRIC_REPRESENTATION_CONTEXT(2) 
PARAMETRIC_REPRESENTATION_CONTEXT() REPRESENTATION_CONTEXT('2D SPACE',''
  ) );
#5180 = PCURVE('',#4538,#5181);
#5181 = DEFINITIONAL_REPRESENTATION('',(#5182),#5185);
#5182 = B_SPLINE_CURVE_WITH_KNOTS('',1,(#5183,#5184),.UNSPECIFIED.,.F.,
  .F.,(2,2),(-3.035032430613E-02,-1.339644682535E-05),
  .PIECEWISE_BEZIER_KNOTS.);
#5183 = CARTESIAN_POINT('',(0.999335922076,3.781123296247E-02));
#5184 = CARTESIAN_POINT('',(-7.118437534119E-04,1.869204054485E-02));
#5185 = ( GEOMETRIC_REPRESENTATION_CONTEXT(2) 
PARAMETRIC_REPRESENTATION_CONTEXT() REPRESENTATION_CONTEXT('2D SPACE',''
  ) );
#5186 = ADVANCED_FACE('',(#5187),#5121,.T.);
#5187 = FACE_BOUND('',#5188,.T.);
#5188 = EDGE_LOOP('',(#5189,#5216,#5239,#5263,#5296,#5318,#5362));
#5189 = ORIENTED_EDGE('',*,*,#5190,.F.);
#5190 = EDGE_CURVE('',#5191,#5106,#5193,.T.);
#5191 = VERTEX_POINT('',#5192);
#5192 = CARTESIAN_POINT('',(-6.648922203615,0.471598978563,
    -0.832461028741));
#5193 = SURFACE_CURVE('',#5194,(#5203,#5209),.PCURVE_S1.);
#5194 = B_SPLINE_CURVE_WITH_KNOTS('',3,(#5195,#5196,#5197,#5198,#5199,
    #5200,#5201,#5202),.UNSPECIFIED.,.F.,.F.,(4,2,2,4),(
    -8.03353959687E-02,-7.334147297554E-02,-3.640545727984E-02,
    -1.86726257768E-02),.UNSPECIFIED.);
#5195 = CARTESIAN_POINT('',(-6.648922203971,0.471598986224,
    -0.83246103267));
#5196 = CARTESIAN_POINT('',(-6.65026164718,0.488551069034,
    -0.848168704674));
#5197 = CARTESIAN_POINT('',(-6.651599508868,0.505504121056,
    -0.863871299231));
#5198 = CARTESIAN_POINT('',(-6.659979060475,0.611832700067,
    -0.962315911821));
#5199 = CARTESIAN_POINT('',(-6.667203220033,0.704144902437,
    -1.047600262004));
#5200 = CARTESIAN_POINT('',(-6.677472553341,0.837073297312,
    -1.169932520568));
#5201 = CARTESIAN_POINT('',(-6.68086531208,0.881264515828,
    -1.210525413476));
#5202 = CARTESIAN_POINT('',(-6.684235437722,0.925569006128,
    -1.251111318166));
#5203 = PCURVE('',#5121,#5204);
#5204 = DEFINITIONAL_REPRESENTATION('',(#5205),#5208);
#5205 = B_SPLINE_CURVE_WITH_KNOTS('',1,(#5206,#5207),.UNSPECIFIED.,.F.,
  .F.,(2,2),(-8.03353959687E-02,-1.86726257768E-02),
  .PIECEWISE_BEZIER_KNOTS.);
#5206 = CARTESIAN_POINT('',(0.67025097409,8.033554580186E-02));
#5207 = CARTESIAN_POINT('',(0.674104651947,1.881270802885E-02));
#5208 = ( GEOMETRIC_REPRESENTATION_CONTEXT(2) 
PARAMETRIC_REPRESENTATION_CONTEXT() REPRESENTATION_CONTEXT('2D SPACE',''
  ) );
#5209 = PCURVE('',#4538,#5210);
#5210 = DEFINITIONAL_REPRESENTATION('',(#5211),#5215);
#5211 = LINE('',#5212,#5213);
#5212 = CARTESIAN_POINT('',(8.701554514714E-16,-8.326672684689E-17));
#5213 = VECTOR('',#5214,1.);
#5214 = DIRECTION('',(-4.408823829763E-14,-1.));
#5215 = ( GEOMETRIC_REPRESENTATION_CONTEXT(2) 
PARAMETRIC_REPRESENTATION_CONTEXT() REPRESENTATION_CONTEXT('2D SPACE',''
  ) );
#5216 = ORIENTED_EDGE('',*,*,#5217,.T.);
#5217 = EDGE_CURVE('',#5191,#5218,#5220,.T.);
#5218 = VERTEX_POINT('',#5219);
#5219 = CARTESIAN_POINT('',(-6.648554617383,0.46694730761,
    -0.828150675648));
#5220 = SURFACE_CURVE('',#5221,(#5226,#5232),.PCURVE_S1.);
#5221 = B_SPLINE_CURVE_WITH_KNOTS('',3,(#5222,#5223,#5224,#5225),
  .UNSPECIFIED.,.F.,.F.,(4,4),(8.03353959687E-02,8.097511560093E-02),
  .PIECEWISE_BEZIER_KNOTS.);
#5222 = CARTESIAN_POINT('',(-6.648922203491,0.471598980148,
    -0.83246102704));
#5223 = CARTESIAN_POINT('',(-6.648799687408,0.470048408405,
    -0.831024278964));
#5224 = CARTESIAN_POINT('',(-6.648677158093,0.468497844772,
    -0.829587488409));
#5225 = CARTESIAN_POINT('',(-6.648554617232,0.466947309022,
    -0.828150674134));
#5226 = PCURVE('',#5121,#5227);
#5227 = DEFINITIONAL_REPRESENTATION('',(#5228),#5231);
#5228 = B_SPLINE_CURVE_WITH_KNOTS('',1,(#5229,#5230),.UNSPECIFIED.,.F.,
  .F.,(2,2),(8.03353959687E-02,8.097511560093E-02),
  .PIECEWISE_BEZIER_KNOTS.);
#5229 = CARTESIAN_POINT('',(0.670250974053,8.033554663708E-02));
#5230 = CARTESIAN_POINT('',(0.67022252532,8.097511560107E-02));
#5231 = ( GEOMETRIC_REPRESENTATION_CONTEXT(2) 
PARAMETRIC_REPRESENTATION_CONTEXT() REPRESENTATION_CONTEXT('2D SPACE',''
  ) );
#5232 = PCURVE('',#4538,#5233);
#5233 = DEFINITIONAL_REPRESENTATION('',(#5234),#5238);
#5234 = LINE('',#5235,#5236);
#5235 = CARTESIAN_POINT('',(-3.0288721213E-12,8.356067365822E-10));
#5236 = VECTOR('',#5237,1.);
#5237 = DIRECTION('',(3.749666806032E-11,1.));
#5238 = ( GEOMETRIC_REPRESENTATION_CONTEXT(2) 
PARAMETRIC_REPRESENTATION_CONTEXT() REPRESENTATION_CONTEXT('2D SPACE',''
  ) );
#5239 = ORIENTED_EDGE('',*,*,#5240,.F.);
#5240 = EDGE_CURVE('',#5241,#5218,#5243,.T.);
#5241 = VERTEX_POINT('',#5242);
#5242 = CARTESIAN_POINT('',(-6.65212963863,0.470027295681,
    -0.835400101434));
#5243 = SURFACE_CURVE('',#5244,(#5249,#5255),.PCURVE_S1.);
#5244 = B_SPLINE_CURVE_WITH_KNOTS('',3,(#5245,#5246,#5247,#5248),
  .UNSPECIFIED.,.F.,.F.,(4,4),(4.712744529762E-02,4.799228738244E-02),
  .PIECEWISE_BEZIER_KNOTS.);
#5245 = CARTESIAN_POINT('',(-6.652129766535,0.470028753528,
    -0.835401501302));
#5246 = CARTESIAN_POINT('',(-6.650937148237,0.469000713146,
    -0.832982344275));
#5247 = CARTESIAN_POINT('',(-6.649745422908,0.467973562888,
    -0.830565390223));
#5248 = CARTESIAN_POINT('',(-6.648554617485,0.466947307373,
    -0.828150675698));
#5249 = PCURVE('',#5121,#5250);
#5250 = DEFINITIONAL_REPRESENTATION('',(#5251),#5254);
#5251 = B_SPLINE_CURVE_WITH_KNOTS('',1,(#5252,#5253),.UNSPECIFIED.,.F.,
  .F.,(2,2),(4.712761961042E-02,4.799228738244E-02),
  .PIECEWISE_BEZIER_KNOTS.);
#5252 = CARTESIAN_POINT('',(0.658361546099,8.023192929405E-02));
#5253 = CARTESIAN_POINT('',(0.67022252056,8.097511561435E-02));
#5254 = ( GEOMETRIC_REPRESENTATION_CONTEXT(2) 
PARAMETRIC_REPRESENTATION_CONTEXT() REPRESENTATION_CONTEXT('2D SPACE',''
  ) );
#5255 = PCURVE('',#4500,#5256);
#5256 = DEFINITIONAL_REPRESENTATION('',(#5257),#5262);
#5257 = B_SPLINE_CURVE_WITH_KNOTS('',3,(#5258,#5259,#5260,#5261),
  .UNSPECIFIED.,.F.,.F.,(4,4),(4.712744529762E-02,4.799228738244E-02),
  .PIECEWISE_BEZIER_KNOTS.);
#5258 = CARTESIAN_POINT('',(0.116502295741,2.907528753528));
#5259 = CARTESIAN_POINT('',(0.113805138161,2.906500713146));
#5260 = CARTESIAN_POINT('',(0.111110351319,2.905473562888));
#5261 = CARTESIAN_POINT('',(0.108417979913,2.904447307373));
#5262 = ( GEOMETRIC_REPRESENTATION_CONTEXT(2) 
PARAMETRIC_REPRESENTATION_CONTEXT() REPRESENTATION_CONTEXT('2D SPACE',''
  ) );
#5263 = ORIENTED_EDGE('',*,*,#5264,.F.);
#5264 = EDGE_CURVE('',#5265,#5241,#5267,.T.);
#5265 = VERTEX_POINT('',#5266);
#5266 = CARTESIAN_POINT('',(-6.829650591945,0.382525037449,
    -0.998068084998));
#5267 = SURFACE_CURVE('',#5268,(#5275,#5281),.PCURVE_S1.);
#5268 = B_SPLINE_CURVE_WITH_KNOTS('',3,(#5269,#5270,#5271,#5272,#5273,
    #5274),.UNSPECIFIED.,.F.,.F.,(4,2,4),(0.,1.944174463165E-02,
    2.561832447947E-02),.UNSPECIFIED.);
#5269 = CARTESIAN_POINT('',(-6.829650591909,0.382525037468,
    -0.998068084964));
#5270 = CARTESIAN_POINT('',(-6.784775123034,0.404775128455,
    -0.956947293885));
#5271 = CARTESIAN_POINT('',(-6.739874218224,0.426936974575,
    -0.915803195066));
#5272 = CARTESIAN_POINT('',(-6.680680322731,0.456026046154,
    -0.861561983315));
#5273 = CARTESIAN_POINT('',(-6.666406151155,0.463030907541,
    -0.848482114916));
#5274 = CARTESIAN_POINT('',(-6.652129638631,0.470027295684,
    -0.835400101434));
#5275 = PCURVE('',#5121,#5276);
#5276 = DEFINITIONAL_REPRESENTATION('',(#5277),#5280);
#5277 = B_SPLINE_CURVE_WITH_KNOTS('',1,(#5278,#5279),.UNSPECIFIED.,.F.,
  .F.,(2,2),(0.,2.561832447947E-02),.PIECEWISE_BEZIER_KNOTS.);
#5278 = CARTESIAN_POINT('',(1.636536177443E-06,7.455685040908E-02));
#5279 = CARTESIAN_POINT('',(0.658359231439,8.023198317706E-02));
#5280 = ( GEOMETRIC_REPRESENTATION_CONTEXT(2) 
PARAMETRIC_REPRESENTATION_CONTEXT() REPRESENTATION_CONTEXT('2D SPACE',''
  ) );
#5281 = PCURVE('',#5282,#5287);
#5282 = PLANE('',#5283);
#5283 = AXIS2_PLACEMENT_3D('',#5284,#5285,#5286);
#5284 = CARTESIAN_POINT('',(-6.695864439367,-1.625,-0.875475662739));
#5285 = DIRECTION('',(0.675590207616,-3.9666412696E-17,-0.73727733681));
#5286 = DIRECTION('',(-0.73727733681,0.,-0.675590207616));
#5287 = DEFINITIONAL_REPRESENTATION('',(#5288),#5295);
#5288 = B_SPLINE_CURVE_WITH_KNOTS('',3,(#5289,#5290,#5291,#5292,#5293,
    #5294),.UNSPECIFIED.,.F.,.F.,(4,2,4),(0.,1.944174463165E-02,
    2.561832447947E-02),.UNSPECIFIED.);
#5289 = CARTESIAN_POINT('',(0.181459738231,2.007525037468));
#5290 = CARTESIAN_POINT('',(0.120593268268,2.029775128455));
#5291 = CARTESIAN_POINT('',(5.969229848632E-02,2.051936974575));
#5292 = CARTESIAN_POINT('',(-2.05948506463E-02,2.081026046154));
#5293 = CARTESIAN_POINT('',(-3.995550485805E-02,2.088030907541));
#5294 = CARTESIAN_POINT('',(-5.9319334195E-02,2.095027295684));
#5295 = ( GEOMETRIC_REPRESENTATION_CONTEXT(2) 
PARAMETRIC_REPRESENTATION_CONTEXT() REPRESENTATION_CONTEXT('2D SPACE',''
  ) );
#5296 = ORIENTED_EDGE('',*,*,#5297,.F.);
#5297 = EDGE_CURVE('',#5298,#5265,#5300,.T.);
#5298 = VERTEX_POINT('',#5299);
#5299 = CARTESIAN_POINT('',(-6.829816026411,0.384582902327,-1.));
#5300 = SURFACE_CURVE('',#5301,(#5306,#5312),.PCURVE_S1.);
#5301 = B_SPLINE_CURVE_WITH_KNOTS('',3,(#5302,#5303,#5304,#5305),
  .UNSPECIFIED.,.F.,.F.,(4,4),(7.425533000711E-02,7.454003779083E-02),
  .PIECEWISE_BEZIER_KNOTS.);
#5302 = CARTESIAN_POINT('',(-6.82981683951,0.384583411334,
    -0.999999388133));
#5303 = CARTESIAN_POINT('',(-6.829761658264,0.383897390906,
    -0.999355365047));
#5304 = CARTESIAN_POINT('',(-6.829706480579,0.383211431662,
    -0.998711400347));
#5305 = CARTESIAN_POINT('',(-6.829651306511,0.382525534015,
    -0.998067494409));
#5306 = PCURVE('',#5121,#5307);
#5307 = DEFINITIONAL_REPRESENTATION('',(#5308),#5311);
#5308 = B_SPLINE_CURVE_WITH_KNOTS('',1,(#5309,#5310),.UNSPECIFIED.,.F.,
  .F.,(2,2),(7.425533000711E-02,7.454003776256E-02),
  .PIECEWISE_BEZIER_KNOTS.);
#5309 = CARTESIAN_POINT('',(1.772567150226E-06,7.427376169634E-02));
#5310 = CARTESIAN_POINT('',(1.772567154702E-06,7.455685037981E-02));
#5311 = ( GEOMETRIC_REPRESENTATION_CONTEXT(2) 
PARAMETRIC_REPRESENTATION_CONTEXT() REPRESENTATION_CONTEXT('2D SPACE',''
  ) );
#5312 = PCURVE('',#5081,#5313);
#5313 = DEFINITIONAL_REPRESENTATION('',(#5314),#5317);
#5314 = B_SPLINE_CURVE_WITH_KNOTS('',1,(#5315,#5316),.UNSPECIFIED.,.F.,
  .F.,(2,2),(7.425533000711E-02,7.454003776256E-02),
  .PIECEWISE_BEZIER_KNOTS.);
#5315 = CARTESIAN_POINT('',(1.000000026761,-8.38853237147E-02));
#5316 = CARTESIAN_POINT('',(1.003872223126,-8.388998248796E-02));
#5317 = ( GEOMETRIC_REPRESENTATION_CONTEXT(2) 
PARAMETRIC_REPRESENTATION_CONTEXT() REPRESENTATION_CONTEXT('2D SPACE',''
  ) );
#5318 = ORIENTED_EDGE('',*,*,#5319,.T.);
#5319 = EDGE_CURVE('',#5298,#5066,#5320,.T.);
#5320 = SURFACE_CURVE('',#5321,(#5326,#5333),.PCURVE_S1.);
#5321 = B_SPLINE_CURVE_WITH_KNOTS('',3,(#5322,#5323,#5324,#5325),
  .UNSPECIFIED.,.F.,.F.,(4,4),(-7.427376158855E-02,-1.920492586525E-03),
  .PIECEWISE_BEZIER_KNOTS.);
#5322 = CARTESIAN_POINT('',(-6.829817308552,0.384583065253,
    -0.999999723532));
#5323 = CARTESIAN_POINT('',(-6.843920814969,0.559919693138,
    -1.164602459575));
#5324 = CARTESIAN_POINT('',(-6.858256915416,0.739253109074,
    -1.333019165624));
#5325 = CARTESIAN_POINT('',(-6.871872961635,0.915699125908,
    -1.498952973715));
#5326 = PCURVE('',#5121,#5327);
#5327 = DEFINITIONAL_REPRESENTATION('',(#5328),#5332);
#5328 = LINE('',#5329,#5330);
#5329 = CARTESIAN_POINT('',(-1.085041973476E-16,-2.081668171172E-16));
#5330 = VECTOR('',#5331,1.);
#5331 = DIRECTION('',(1.739105411735E-14,-1.));
#5332 = ( GEOMETRIC_REPRESENTATION_CONTEXT(2) 
PARAMETRIC_REPRESENTATION_CONTEXT() REPRESENTATION_CONTEXT('2D SPACE',''
  ) );
#5333 = PCURVE('',#5081,#5334);
#5334 = DEFINITIONAL_REPRESENTATION('',(#5335),#5361);
#5335 = B_SPLINE_CURVE_WITH_KNOTS('',3,(#5336,#5337,#5338,#5339,#5340,
    #5341,#5342,#5343,#5344,#5345,#5346,#5347,#5348,#5349,#5350,#5351,
    #5352,#5353,#5354,#5355,#5356,#5357,#5358,#5359,#5360),
  .UNSPECIFIED.,.F.,.F.,(4,1,1,1,1,1,1,1,1,1,1,1,1,1,1,1,1,1,1,1,1,1,4),
  (-7.427376158855E-02,-7.098497663391E-02,-6.769619167928E-02,
    -6.440740672464E-02,-6.111862177E-02,-5.782983681536E-02,
    -5.454105186073E-02,-5.125226690609E-02,-4.796348195145E-02,
    -4.467469699681E-02,-4.138591204218E-02,-3.809712708754E-02,
    -3.48083421329E-02,-3.151955717826E-02,-2.823077222363E-02,
    -2.494198726899E-02,-2.165320231435E-02,-1.836441735971E-02,
    -1.507563240508E-02,-1.178684745044E-02,-8.4980624958E-03,
    -5.209277541162E-03,-1.920492586525E-03),.UNSPECIFIED.);
#5336 = CARTESIAN_POINT('',(1.000000036653,-8.388529132739E-02));
#5337 = CARTESIAN_POINT('',(0.985003583917,-8.38672243017E-02));
#5338 = CARTESIAN_POINT('',(0.954979100137,-8.383050144224E-02));
#5339 = CARTESIAN_POINT('',(0.909854811257,-8.3773577528E-02));
#5340 = CARTESIAN_POINT('',(0.864650131997,-8.371474259106E-02));
#5341 = CARTESIAN_POINT('',(0.819372231295,-8.365391892277E-02));
#5342 = CARTESIAN_POINT('',(0.774028275242,-8.359102421421E-02));
#5343 = CARTESIAN_POINT('',(0.728625426481,-8.352597058851E-02));
#5344 = CARTESIAN_POINT('',(0.683170844003,-8.345866429968E-02));
#5345 = CARTESIAN_POINT('',(0.637671682816,-8.338900519559E-02));
#5346 = CARTESIAN_POINT('',(0.592135093589,-8.331688617997E-02));
#5347 = CARTESIAN_POINT('',(0.54656822227,-8.324219260267E-02));
#5348 = CARTESIAN_POINT('',(0.500978209649,-8.31648015881E-02));
#5349 = CARTESIAN_POINT('',(0.455372190879,-8.308458128878E-02));
#5350 = CARTESIAN_POINT('',(0.409757294942,-8.300139005595E-02));
#5351 = CARTESIAN_POINT('',(0.364140644052,-8.291507551521E-02));
#5352 = CARTESIAN_POINT('',(0.318529352981,-8.282547353646E-02));
#5353 = CARTESIAN_POINT('',(0.272930528317,-8.273240707638E-02));
#5354 = CARTESIAN_POINT('',(0.227351267623,-8.263568490303E-02));
#5355 = CARTESIAN_POINT('',(0.181798658453,-8.253510008238E-02));
#5356 = CARTESIAN_POINT('',(0.136279777432,-8.243042857896E-02));
#5357 = CARTESIAN_POINT('',(9.080168847712E-02,-8.232142654264E-02));
#5358 = CARTESIAN_POINT('',(4.537144353052E-02,-8.220783147807E-02));
#5359 = CARTESIAN_POINT('',(1.512119660566E-02,-8.212884232455E-02));
#5360 = CARTESIAN_POINT('',(6.391680234252E-06,-8.208848527547E-02));
#5361 = ( GEOMETRIC_REPRESENTATION_CONTEXT(2) 
PARAMETRIC_REPRESENTATION_CONTEXT() REPRESENTATION_CONTEXT('2D SPACE',''
  ) );
#5362 = ORIENTED_EDGE('',*,*,#5105,.F.);
#5363 = ADVANCED_FACE('',(#5364),#5282,.T.);
#5364 = FACE_BOUND('',#5365,.T.);
#5365 = EDGE_LOOP('',(#5366,#5389,#5417,#5441,#5469,#5491));
#5366 = ORIENTED_EDGE('',*,*,#5367,.F.);
#5367 = EDGE_CURVE('',#5368,#5241,#5370,.T.);
#5368 = VERTEX_POINT('',#5369);
#5369 = CARTESIAN_POINT('',(-6.65212963863,-0.470027295681,
    -0.835400101434));
#5370 = SURFACE_CURVE('',#5371,(#5375,#5382),.PCURVE_S1.);
#5371 = LINE('',#5372,#5373);
#5372 = CARTESIAN_POINT('',(-6.652129638625,-2.4375,-0.835400101429));
#5373 = VECTOR('',#5374,1.);
#5374 = DIRECTION('',(5.871371764845E-17,1.,-1.325129091694E-32));
#5375 = PCURVE('',#5282,#5376);
#5376 = DEFINITIONAL_REPRESENTATION('',(#5377),#5381);
#5377 = LINE('',#5378,#5379);
#5378 = CARTESIAN_POINT('',(-5.931933420254E-02,-0.8125));
#5379 = VECTOR('',#5380,1.);
#5380 = DIRECTION('',(-4.328829338207E-17,1.));
#5381 = ( GEOMETRIC_REPRESENTATION_CONTEXT(2) 
PARAMETRIC_REPRESENTATION_CONTEXT() REPRESENTATION_CONTEXT('2D SPACE',''
  ) );
#5382 = PCURVE('',#4500,#5383);
#5383 = DEFINITIONAL_REPRESENTATION('',(#5384),#5388);
#5384 = LINE('',#5385,#5386);
#5385 = CARTESIAN_POINT('',(0.11650098366,8.088905766426E-33));
#5386 = VECTOR('',#5387,1.);
#5387 = DIRECTION('',(-2.596841327662E-17,1.));
#5388 = ( GEOMETRIC_REPRESENTATION_CONTEXT(2) 
PARAMETRIC_REPRESENTATION_CONTEXT() REPRESENTATION_CONTEXT('2D SPACE',''
  ) );
#5389 = ORIENTED_EDGE('',*,*,#5390,.T.);
#5390 = EDGE_CURVE('',#5368,#5391,#5393,.T.);
#5391 = VERTEX_POINT('',#5392);
#5392 = CARTESIAN_POINT('',(-6.829650591945,-0.382525037449,
    -0.998068084998));
#5393 = SURFACE_CURVE('',#5394,(#5401,#5411),.PCURVE_S1.);
#5394 = B_SPLINE_CURVE_WITH_KNOTS('',3,(#5395,#5396,#5397,#5398,#5399,
    #5400),.UNSPECIFIED.,.F.,.F.,(4,2,4),(1.328614957739E-02,
    1.942954614982E-02,3.890437493985E-02),.UNSPECIFIED.);
#5395 = CARTESIAN_POINT('',(-6.652129638631,-0.470027295684,
    -0.835400101434));
#5396 = CARTESIAN_POINT('',(-6.666329504285,-0.463068469323,-0.848411881
    ));
#5397 = CARTESIAN_POINT('',(-6.680527053642,-0.45610126066,
    -0.86142153807));
#5398 = CARTESIAN_POINT('',(-6.739721048665,-0.427012574546,
    -0.915662841024));
#5399 = CARTESIAN_POINT('',(-6.784698583255,-0.404813078299,
    -0.9568771581));
#5400 = CARTESIAN_POINT('',(-6.829650591909,-0.382525037467,
    -0.998068084965));
#5401 = PCURVE('',#5282,#5402);
#5402 = DEFINITIONAL_REPRESENTATION('',(#5403),#5410);
#5403 = B_SPLINE_CURVE_WITH_KNOTS('',3,(#5404,#5405,#5406,#5407,#5408,
    #5409),.UNSPECIFIED.,.F.,.F.,(4,2,4),(1.328614957739E-02,
    1.942954614982E-02,3.890437493985E-02),.UNSPECIFIED.);
#5404 = CARTESIAN_POINT('',(-5.931933419508E-02,1.154972704316));
#5405 = CARTESIAN_POINT('',(-4.005946420356E-02,1.161931530677));
#5406 = CARTESIAN_POINT('',(-2.080273590381E-02,1.16889873934));
#5407 = CARTESIAN_POINT('',(5.948454822597E-02,1.197987425454));
#5408 = CARTESIAN_POINT('',(0.120489454175,1.220186921701));
#5409 = CARTESIAN_POINT('',(0.181459738232,1.242474962533));
#5410 = ( GEOMETRIC_REPRESENTATION_CONTEXT(2) 
PARAMETRIC_REPRESENTATION_CONTEXT() REPRESENTATION_CONTEXT('2D SPACE',''
  ) );
#5411 = PCURVE('',#4167,#5412);
#5412 = DEFINITIONAL_REPRESENTATION('',(#5413),#5416);
#5413 = B_SPLINE_CURVE_WITH_KNOTS('',1,(#5414,#5415),.UNSPECIFIED.,.F.,
  .F.,(2,2),(1.328614957739E-02,3.890437493985E-02),
  .PIECEWISE_BEZIER_KNOTS.);
#5414 = CARTESIAN_POINT('',(0.658359231462,-6.837793567495E-03));
#5415 = CARTESIAN_POINT('',(1.636891399984E-06,-1.206092531563E-03));
#5416 = ( GEOMETRIC_REPRESENTATION_CONTEXT(2) 
PARAMETRIC_REPRESENTATION_CONTEXT() REPRESENTATION_CONTEXT('2D SPACE',''
  ) );
#5417 = ORIENTED_EDGE('',*,*,#5418,.T.);
#5418 = EDGE_CURVE('',#5391,#5419,#5421,.T.);
#5419 = VERTEX_POINT('',#5420);
#5420 = CARTESIAN_POINT('',(-6.831758907211,-0.384493854202,-1.));
#5421 = SURFACE_CURVE('',#5422,(#5427,#5435),.PCURVE_S1.);
#5422 = B_SPLINE_CURVE_WITH_KNOTS('',3,(#5423,#5424,#5425,#5426),
  .UNSPECIFIED.,.F.,.F.,(4,4),(1.115559081018E-03,1.46252057095E-03),
  .PIECEWISE_BEZIER_KNOTS.);
#5423 = CARTESIAN_POINT('',(-6.829650591945,-0.382525037449,
    -0.998068084998));
#5424 = CARTESIAN_POINT('',(-6.83035344252,-0.383180985005,
    -0.998712128889));
#5425 = CARTESIAN_POINT('',(-6.831056202059,-0.383837280893,
    -0.99935610103));
#5426 = CARTESIAN_POINT('',(-6.831758868946,-0.384493924678,-1.));
#5427 = PCURVE('',#5282,#5428);
#5428 = DEFINITIONAL_REPRESENTATION('',(#5429),#5434);
#5429 = B_SPLINE_CURVE_WITH_KNOTS('',3,(#5430,#5431,#5432,#5433),
  .UNSPECIFIED.,.F.,.F.,(4,4),(1.115559081018E-03,1.46252057095E-03),
  .PIECEWISE_BEZIER_KNOTS.);
#5430 = CARTESIAN_POINT('',(0.181459738281,1.242474962551));
#5431 = CARTESIAN_POINT('',(0.182413043827,1.241819014995));
#5432 = CARTESIAN_POINT('',(0.183366233781,1.241162719107));
#5433 = CARTESIAN_POINT('',(0.184319305991,1.240506075322));
#5434 = ( GEOMETRIC_REPRESENTATION_CONTEXT(2) 
PARAMETRIC_REPRESENTATION_CONTEXT() REPRESENTATION_CONTEXT('2D SPACE',''
  ) );
#5435 = PCURVE('',#4229,#5436);
#5436 = DEFINITIONAL_REPRESENTATION('',(#5437),#5440);
#5437 = B_SPLINE_CURVE_WITH_KNOTS('',1,(#5438,#5439),.UNSPECIFIED.,.F.,
  .F.,(2,2),(1.115559081018E-03,1.46252057095E-03),
  .PIECEWISE_BEZIER_KNOTS.);
#5438 = CARTESIAN_POINT('',(1.00387219973,-6.433300570704E-02));
#5439 = CARTESIAN_POINT('',(1.,-6.446793628055E-02));
#5440 = ( GEOMETRIC_REPRESENTATION_CONTEXT(2) 
PARAMETRIC_REPRESENTATION_CONTEXT() REPRESENTATION_CONTEXT('2D SPACE',''
  ) );
#5441 = ORIENTED_EDGE('',*,*,#5442,.T.);
#5442 = EDGE_CURVE('',#5419,#5443,#5445,.T.);
#5443 = VERTEX_POINT('',#5444);
#5444 = CARTESIAN_POINT('',(-6.831758907211,0.384493854202,-1.));
#5445 = SURFACE_CURVE('',#5446,(#5450,#5457),.PCURVE_S1.);
#5446 = LINE('',#5447,#5448);
#5447 = CARTESIAN_POINT('',(-6.831758907211,-1.625,-1.));
#5448 = VECTOR('',#5449,1.);
#5449 = DIRECTION('',(5.871371764845E-17,1.,0.));
#5450 = PCURVE('',#5282,#5451);
#5451 = DEFINITIONAL_REPRESENTATION('',(#5452),#5456);
#5452 = LINE('',#5453,#5454);
#5453 = CARTESIAN_POINT('',(0.184319334203,-3.851859888774E-33));
#5454 = VECTOR('',#5455,1.);
#5455 = DIRECTION('',(-4.328829338207E-17,1.));
#5456 = ( GEOMETRIC_REPRESENTATION_CONTEXT(2) 
PARAMETRIC_REPRESENTATION_CONTEXT() REPRESENTATION_CONTEXT('2D SPACE',''
  ) );
#5457 = PCURVE('',#5458,#5463);
#5458 = PLANE('',#5459);
#5459 = AXIS2_PLACEMENT_3D('',#5460,#5461,#5462);
#5460 = CARTESIAN_POINT('',(0.,0.,-1.));
#5461 = DIRECTION('',(0.,0.,-1.));
#5462 = DIRECTION('',(1.,0.,0.));
#5463 = DEFINITIONAL_REPRESENTATION('',(#5464),#5468);
#5464 = LINE('',#5465,#5466);
#5465 = CARTESIAN_POINT('',(-6.831758907211,1.625));
#5466 = VECTOR('',#5467,1.);
#5467 = DIRECTION('',(5.871371764845E-17,-1.));
#5468 = ( GEOMETRIC_REPRESENTATION_CONTEXT(2) 
PARAMETRIC_REPRESENTATION_CONTEXT() REPRESENTATION_CONTEXT('2D SPACE',''
  ) );
#5469 = ORIENTED_EDGE('',*,*,#5470,.T.);
#5470 = EDGE_CURVE('',#5443,#5265,#5471,.T.);
#5471 = SURFACE_CURVE('',#5472,(#5477,#5485),.PCURVE_S1.);
#5472 = B_SPLINE_CURVE_WITH_KNOTS('',3,(#5473,#5474,#5475,#5476),
  .UNSPECIFIED.,.F.,.F.,(4,4),(9.712256128563E-02,9.746946613628E-02),
  .PIECEWISE_BEZIER_KNOTS.);
#5473 = CARTESIAN_POINT('',(-6.831758828099,0.384493917303,-1.));
#5474 = CARTESIAN_POINT('',(-6.831056161615,0.383837253364,
    -0.999356076436));
#5475 = CARTESIAN_POINT('',(-6.830353415636,0.383180959915,
    -0.998712104255));
#5476 = CARTESIAN_POINT('',(-6.829650591945,0.382525037449,
    -0.998068084998));
#5477 = PCURVE('',#5282,#5478);
#5478 = DEFINITIONAL_REPRESENTATION('',(#5479),#5484);
#5479 = B_SPLINE_CURVE_WITH_KNOTS('',3,(#5480,#5481,#5482,#5483),
  .UNSPECIFIED.,.F.,.F.,(4,4),(9.712256128563E-02,9.746946613628E-02),
  .PIECEWISE_BEZIER_KNOTS.);
#5480 = CARTESIAN_POINT('',(0.184319275875,2.009493917303));
#5481 = CARTESIAN_POINT('',(0.183366187347,2.008837253364));
#5482 = CARTESIAN_POINT('',(0.182413007363,2.008180959915));
#5483 = CARTESIAN_POINT('',(0.181459738281,2.007525037449));
#5484 = ( GEOMETRIC_REPRESENTATION_CONTEXT(2) 
PARAMETRIC_REPRESENTATION_CONTEXT() REPRESENTATION_CONTEXT('2D SPACE',''
  ) );
#5485 = PCURVE('',#5081,#5486);
#5486 = DEFINITIONAL_REPRESENTATION('',(#5487),#5490);
#5487 = B_SPLINE_CURVE_WITH_KNOTS('',1,(#5488,#5489),.UNSPECIFIED.,.F.,
  .F.,(2,2),(9.712256128563E-02,9.746946613628E-02),
  .PIECEWISE_BEZIER_KNOTS.);
#5488 = CARTESIAN_POINT('',(1.,-8.375539537722E-02));
#5489 = CARTESIAN_POINT('',(1.00387219973,-8.389002858989E-02));
#5490 = ( GEOMETRIC_REPRESENTATION_CONTEXT(2) 
PARAMETRIC_REPRESENTATION_CONTEXT() REPRESENTATION_CONTEXT('2D SPACE',''
  ) );
#5491 = ORIENTED_EDGE('',*,*,#5264,.T.);
#5492 = ADVANCED_FACE('',(#5493),#5458,.T.);
#5493 = FACE_BOUND('',#5494,.T.);
#5494 = EDGE_LOOP('',(#5495,#5496,#5521,#5546,#5569,#5592,#5620,#5645));
#5495 = ORIENTED_EDGE('',*,*,#5442,.F.);
#5496 = ORIENTED_EDGE('',*,*,#5497,.F.);
#5497 = EDGE_CURVE('',#5498,#5419,#5500,.T.);
#5498 = VERTEX_POINT('',#5499);
#5499 = CARTESIAN_POINT('',(-7.964056395387,-0.824232994761,-1.));
#5500 = SURFACE_CURVE('',#5501,(#5506,#5514),.PCURVE_S1.);
#5501 = B_SPLINE_CURVE_WITH_KNOTS('',3,(#5502,#5503,#5504,#5505),
  .UNSPECIFIED.,.F.,.F.,(4,4),(-0.148168924519,-6.446793628055E-02),
  .PIECEWISE_BEZIER_KNOTS.);
#5502 = CARTESIAN_POINT('',(-7.964056395387,-0.824232994761,-1.));
#5503 = CARTESIAN_POINT('',(-7.668841946724,-0.529018546099,-1.));
#5504 = CARTESIAN_POINT('',(-7.247876943619,-0.365720429586,-1.));
#5505 = CARTESIAN_POINT('',(-6.831758868946,-0.384493924678,-1.));
#5506 = PCURVE('',#5458,#5507);
#5507 = DEFINITIONAL_REPRESENTATION('',(#5508),#5513);
#5508 = B_SPLINE_CURVE_WITH_KNOTS('',3,(#5509,#5510,#5511,#5512),
  .UNSPECIFIED.,.F.,.F.,(4,4),(-0.148168924519,-6.446793628055E-02),
  .PIECEWISE_BEZIER_KNOTS.);
#5509 = CARTESIAN_POINT('',(-7.964056395387,0.824232994761));
#5510 = CARTESIAN_POINT('',(-7.668841946724,0.529018546099));
#5511 = CARTESIAN_POINT('',(-7.247876943619,0.365720429586));
#5512 = CARTESIAN_POINT('',(-6.831758868946,0.384493924678));
#5513 = ( GEOMETRIC_REPRESENTATION_CONTEXT(2) 
PARAMETRIC_REPRESENTATION_CONTEXT() REPRESENTATION_CONTEXT('2D SPACE',''
  ) );
#5514 = PCURVE('',#4229,#5515);
#5515 = DEFINITIONAL_REPRESENTATION('',(#5516),#5520);
#5516 = LINE('',#5517,#5518);
#5517 = CARTESIAN_POINT('',(1.,-2.498001805407E-16));
#5518 = VECTOR('',#5519,1.);
#5519 = DIRECTION('',(-6.63207835408E-14,1.));
#5520 = ( GEOMETRIC_REPRESENTATION_CONTEXT(2) 
PARAMETRIC_REPRESENTATION_CONTEXT() REPRESENTATION_CONTEXT('2D SPACE',''
  ) );
#5521 = ORIENTED_EDGE('',*,*,#5522,.F.);
#5522 = EDGE_CURVE('',#5523,#5498,#5525,.T.);
#5523 = VERTEX_POINT('',#5524);
#5524 = CARTESIAN_POINT('',(-7.99513768493,-0.855314284305,-1.));
#5525 = SURFACE_CURVE('',#5526,(#5531,#5539),.PCURVE_S1.);
#5526 = B_SPLINE_CURVE_WITH_KNOTS('',3,(#5527,#5528,#5529,#5530),
  .UNSPECIFIED.,.F.,.F.,(4,4),(-0.343687585025,-0.339292026904),
  .PIECEWISE_BEZIER_KNOTS.);
#5527 = CARTESIAN_POINT('',(-7.99513768493,-0.855314284305,-1.));
#5528 = CARTESIAN_POINT('',(-7.984777255082,-0.844953854457,-1.));
#5529 = CARTESIAN_POINT('',(-7.974416825235,-0.834593424609,-1.));
#5530 = CARTESIAN_POINT('',(-7.964056395387,-0.824232994761,-1.));
#5531 = PCURVE('',#5458,#5532);
#5532 = DEFINITIONAL_REPRESENTATION('',(#5533),#5538);
#5533 = B_SPLINE_CURVE_WITH_KNOTS('',3,(#5534,#5535,#5536,#5537),
  .UNSPECIFIED.,.F.,.F.,(4,4),(-0.343687585025,-0.339292026904),
  .PIECEWISE_BEZIER_KNOTS.);
#5534 = CARTESIAN_POINT('',(-7.99513768493,0.855314284305));
#5535 = CARTESIAN_POINT('',(-7.984777255082,0.844953854457));
#5536 = CARTESIAN_POINT('',(-7.974416825235,0.834593424609));
#5537 = CARTESIAN_POINT('',(-7.964056395387,0.824232994761));
#5538 = ( GEOMETRIC_REPRESENTATION_CONTEXT(2) 
PARAMETRIC_REPRESENTATION_CONTEXT() REPRESENTATION_CONTEXT('2D SPACE',''
  ) );
#5539 = PCURVE('',#4269,#5540);
#5540 = DEFINITIONAL_REPRESENTATION('',(#5541),#5545);
#5541 = LINE('',#5542,#5543);
#5542 = CARTESIAN_POINT('',(1.,1.110223024625E-16));
#5543 = VECTOR('',#5544,1.);
#5544 = DIRECTION('',(-1.515470382727E-13,1.));
#5545 = ( GEOMETRIC_REPRESENTATION_CONTEXT(2) 
PARAMETRIC_REPRESENTATION_CONTEXT() REPRESENTATION_CONTEXT('2D SPACE',''
  ) );
#5546 = ORIENTED_EDGE('',*,*,#5547,.F.);
#5547 = EDGE_CURVE('',#5548,#5523,#5550,.T.);
#5548 = VERTEX_POINT('',#5549);
#5549 = CARTESIAN_POINT('',(-8.087488663526,-0.947665262901,-1.));
#5550 = SURFACE_CURVE('',#5551,(#5555,#5562),.PCURVE_S1.);
#5551 = LINE('',#5552,#5553);
#5552 = CARTESIAN_POINT('',(-5.564899465125,1.574923935501,-1.));
#5553 = VECTOR('',#5554,1.);
#5554 = DIRECTION('',(0.707106781187,0.707106781187,0.));
#5555 = PCURVE('',#5458,#5556);
#5556 = DEFINITIONAL_REPRESENTATION('',(#5557),#5561);
#5557 = LINE('',#5558,#5559);
#5558 = CARTESIAN_POINT('',(-5.564899465125,-1.574923935501));
#5559 = VECTOR('',#5560,1.);
#5560 = DIRECTION('',(0.707106781187,-0.707106781187));
#5561 = ( GEOMETRIC_REPRESENTATION_CONTEXT(2) 
PARAMETRIC_REPRESENTATION_CONTEXT() REPRESENTATION_CONTEXT('2D SPACE',''
  ) );
#5562 = PCURVE('',#2313,#5563);
#5563 = DEFINITIONAL_REPRESENTATION('',(#5564),#5568);
#5564 = LINE('',#5565,#5566);
#5565 = CARTESIAN_POINT('',(0.288675134595,0.204124145232));
#5566 = VECTOR('',#5567,1.);
#5567 = DIRECTION('',(-0.57735026919,0.816496580928));
#5568 = ( GEOMETRIC_REPRESENTATION_CONTEXT(2) 
PARAMETRIC_REPRESENTATION_CONTEXT() REPRESENTATION_CONTEXT('2D SPACE',''
  ) );
#5569 = ORIENTED_EDGE('',*,*,#5570,.F.);
#5570 = EDGE_CURVE('',#5571,#5548,#5573,.T.);
#5571 = VERTEX_POINT('',#5572);
#5572 = CARTESIAN_POINT('',(-8.087488663526,0.9476652629,-1.));
#5573 = SURFACE_CURVE('',#5574,(#5578,#5585),.PCURVE_S1.);
#5574 = LINE('',#5575,#5576);
#5575 = CARTESIAN_POINT('',(-8.087488663526,-1.625,-1.));
#5576 = VECTOR('',#5577,1.);
#5577 = DIRECTION('',(-5.871371764845E-17,-1.,0.));
#5578 = PCURVE('',#5458,#5579);
#5579 = DEFINITIONAL_REPRESENTATION('',(#5580),#5584);
#5580 = LINE('',#5581,#5582);
#5581 = CARTESIAN_POINT('',(-8.087488663526,1.625));
#5582 = VECTOR('',#5583,1.);
#5583 = DIRECTION('',(-5.871371764845E-17,1.));
#5584 = ( GEOMETRIC_REPRESENTATION_CONTEXT(2) 
PARAMETRIC_REPRESENTATION_CONTEXT() REPRESENTATION_CONTEXT('2D SPACE',''
  ) );
#5585 = PCURVE('',#2285,#5586);
#5586 = DEFINITIONAL_REPRESENTATION('',(#5587),#5591);
#5587 = LINE('',#5588,#5589);
#5588 = CARTESIAN_POINT('',(-1.625,-1.003819837543));
#5589 = VECTOR('',#5590,1.);
#5590 = DIRECTION('',(1.,1.753137089542E-33));
#5591 = ( GEOMETRIC_REPRESENTATION_CONTEXT(2) 
PARAMETRIC_REPRESENTATION_CONTEXT() REPRESENTATION_CONTEXT('2D SPACE',''
  ) );
#5592 = ORIENTED_EDGE('',*,*,#5593,.F.);
#5593 = EDGE_CURVE('',#5594,#5571,#5596,.T.);
#5594 = VERTEX_POINT('',#5595);
#5595 = CARTESIAN_POINT('',(-7.995137684932,0.855314284307,-1.));
#5596 = SURFACE_CURVE('',#5597,(#5601,#5608),.PCURVE_S1.);
#5597 = LINE('',#5598,#5599);
#5598 = CARTESIAN_POINT('',(-6.174523071134,-0.965300329492,-1.));
#5599 = VECTOR('',#5600,1.);
#5600 = DIRECTION('',(-0.707106781187,0.707106781187,0.));
#5601 = PCURVE('',#5458,#5602);
#5602 = DEFINITIONAL_REPRESENTATION('',(#5603),#5607);
#5603 = LINE('',#5604,#5605);
#5604 = CARTESIAN_POINT('',(-6.174523071134,0.965300329492));
#5605 = VECTOR('',#5606,1.);
#5606 = DIRECTION('',(-0.707106781187,-0.707106781187));
#5607 = ( GEOMETRIC_REPRESENTATION_CONTEXT(2) 
PARAMETRIC_REPRESENTATION_CONTEXT() REPRESENTATION_CONTEXT('2D SPACE',''
  ) );
#5608 = PCURVE('',#5609,#5614);
#5609 = PLANE('',#5610);
#5610 = AXIS2_PLACEMENT_3D('',#5611,#5612,#5613);
#5611 = CARTESIAN_POINT('',(-5.997746375837,-0.788523634195,-1.25));
#5612 = DIRECTION('',(-0.5,-0.5,-0.707106781187));
#5613 = DIRECTION('',(-0.816496580928,-2.498001805407E-16,0.57735026919)
  );
#5614 = DEFINITIONAL_REPRESENTATION('',(#5615),#5619);
#5615 = LINE('',#5616,#5617);
#5616 = CARTESIAN_POINT('',(0.288675134595,-0.204124145232));
#5617 = VECTOR('',#5618,1.);
#5618 = DIRECTION('',(0.57735026919,0.816496580928));
#5619 = ( GEOMETRIC_REPRESENTATION_CONTEXT(2) 
PARAMETRIC_REPRESENTATION_CONTEXT() REPRESENTATION_CONTEXT('2D SPACE',''
  ) );
#5620 = ORIENTED_EDGE('',*,*,#5621,.F.);
#5621 = EDGE_CURVE('',#5622,#5594,#5624,.T.);
#5622 = VERTEX_POINT('',#5623);
#5623 = CARTESIAN_POINT('',(-7.964056395387,0.824232994761,-1.));
#5624 = SURFACE_CURVE('',#5625,(#5630,#5638),.PCURVE_S1.);
#5625 = B_SPLINE_CURVE_WITH_KNOTS('',3,(#5626,#5627,#5628,#5629),
  .UNSPECIFIED.,.F.,.F.,(4,4),(0.253078229748,0.257473787869),
  .PIECEWISE_BEZIER_KNOTS.);
#5626 = CARTESIAN_POINT('',(-7.964056395387,0.824232994761,-1.));
#5627 = CARTESIAN_POINT('',(-7.974416825235,0.83459342461,-1.));
#5628 = CARTESIAN_POINT('',(-7.984777255084,0.844953854458,-1.));
#5629 = CARTESIAN_POINT('',(-7.995137684932,0.855314284307,-1.));
#5630 = PCURVE('',#5458,#5631);
#5631 = DEFINITIONAL_REPRESENTATION('',(#5632),#5637);
#5632 = B_SPLINE_CURVE_WITH_KNOTS('',3,(#5633,#5634,#5635,#5636),
  .UNSPECIFIED.,.F.,.F.,(4,4),(0.253078229748,0.257473787869),
  .PIECEWISE_BEZIER_KNOTS.);
#5633 = CARTESIAN_POINT('',(-7.964056395387,-0.824232994761));
#5634 = CARTESIAN_POINT('',(-7.974416825235,-0.83459342461));
#5635 = CARTESIAN_POINT('',(-7.984777255084,-0.844953854458));
#5636 = CARTESIAN_POINT('',(-7.995137684932,-0.855314284307));
#5637 = ( GEOMETRIC_REPRESENTATION_CONTEXT(2) 
PARAMETRIC_REPRESENTATION_CONTEXT() REPRESENTATION_CONTEXT('2D SPACE',''
  ) );
#5638 = PCURVE('',#5041,#5639);
#5639 = DEFINITIONAL_REPRESENTATION('',(#5640),#5644);
#5640 = LINE('',#5641,#5642);
#5641 = CARTESIAN_POINT('',(1.,0.));
#5642 = VECTOR('',#5643,1.);
#5643 = DIRECTION('',(-2.525783971081E-14,1.));
#5644 = ( GEOMETRIC_REPRESENTATION_CONTEXT(2) 
PARAMETRIC_REPRESENTATION_CONTEXT() REPRESENTATION_CONTEXT('2D SPACE',''
  ) );
#5645 = ORIENTED_EDGE('',*,*,#5646,.F.);
#5646 = EDGE_CURVE('',#5443,#5622,#5647,.T.);
#5647 = SURFACE_CURVE('',#5648,(#5653,#5661),.PCURVE_S1.);
#5648 = B_SPLINE_CURVE_WITH_KNOTS('',3,(#5649,#5650,#5651,#5652),
  .UNSPECIFIED.,.F.,.F.,(4,4),(-8.375539537722E-02,0.),
  .PIECEWISE_BEZIER_KNOTS.);
#5649 = CARTESIAN_POINT('',(-6.831758828099,0.384493917303,-1.));
#5650 = CARTESIAN_POINT('',(-7.249054509108,0.365663465032,-1.));
#5651 = CARTESIAN_POINT('',(-7.668693184684,0.528869784059,-1.));
#5652 = CARTESIAN_POINT('',(-7.964056395387,0.824232994761,-1.));
#5653 = PCURVE('',#5458,#5654);
#5654 = DEFINITIONAL_REPRESENTATION('',(#5655),#5660);
#5655 = B_SPLINE_CURVE_WITH_KNOTS('',3,(#5656,#5657,#5658,#5659),
  .UNSPECIFIED.,.F.,.F.,(4,4),(-8.375539537722E-02,0.),
  .PIECEWISE_BEZIER_KNOTS.);
#5656 = CARTESIAN_POINT('',(-6.831758828099,-0.384493917303));
#5657 = CARTESIAN_POINT('',(-7.249054509108,-0.365663465032));
#5658 = CARTESIAN_POINT('',(-7.668693184684,-0.528869784059));
#5659 = CARTESIAN_POINT('',(-7.964056395387,-0.824232994761));
#5660 = ( GEOMETRIC_REPRESENTATION_CONTEXT(2) 
PARAMETRIC_REPRESENTATION_CONTEXT() REPRESENTATION_CONTEXT('2D SPACE',''
  ) );
#5661 = PCURVE('',#5081,#5662);
#5662 = DEFINITIONAL_REPRESENTATION('',(#5663),#5667);
#5663 = LINE('',#5664,#5665);
#5664 = CARTESIAN_POINT('',(1.,2.775557561563E-16));
#5665 = VECTOR('',#5666,1.);
#5666 = DIRECTION('',(1.325554123602E-14,1.));
#5667 = ( GEOMETRIC_REPRESENTATION_CONTEXT(2) 
PARAMETRIC_REPRESENTATION_CONTEXT() REPRESENTATION_CONTEXT('2D SPACE',''
  ) );
#5668 = ADVANCED_FACE('',(#5669),#5609,.T.);
#5669 = FACE_BOUND('',#5670,.T.);
#5670 = EDGE_LOOP('',(#5671,#5701,#5722,#5742,#5743));
#5671 = ORIENTED_EDGE('',*,*,#5672,.T.);
#5672 = EDGE_CURVE('',#5673,#5675,#5677,.T.);
#5673 = VERTEX_POINT('',#5674);
#5674 = CARTESIAN_POINT('',(-8.108994031287,1.316794900199,
    -1.245807478295));
#5675 = VERTEX_POINT('',#5676);
#5676 = CARTESIAN_POINT('',(-8.104170822266,1.671454202827,-1.5));
#5677 = SURFACE_CURVE('',#5678,(#5683,#5690),.PCURVE_S1.);
#5678 = ELLIPSE('',#5679,2.92124429235,2.05);
#5679 = AXIS2_PLACEMENT_3D('',#5680,#5681,#5682);
#5680 = CARTESIAN_POINT('',(-6.177501618591,1.427501618591,
    -2.689860332421));
#5681 = DIRECTION('',(-0.5,-0.5,-0.707106781187));
#5682 = DIRECTION('',(0.370641151082,0.614393108083,-0.696524404357));
#5683 = PCURVE('',#5609,#5684);
#5684 = DEFINITIONAL_REPRESENTATION('',(#5685),#5689);
#5685 = ELLIPSE('',#5686,2.92124429235,2.05);
#5686 = AXIS2_PLACEMENT_2D('',#5687,#5688);
#5687 = CARTESIAN_POINT('',(-0.684534209406,2.558845552454));
#5688 = DIRECTION('',(-0.704765784962,0.70944005268));
#5689 = ( GEOMETRIC_REPRESENTATION_CONTEXT(2) 
PARAMETRIC_REPRESENTATION_CONTEXT() REPRESENTATION_CONTEXT('2D SPACE',''
  ) );
#5690 = PCURVE('',#5691,#5696);
#5691 = CYLINDRICAL_SURFACE('',#5692,2.05);
#5692 = AXIS2_PLACEMENT_3D('',#5693,#5694,#5695);
#5693 = CARTESIAN_POINT('',(-5.948695430391,1.198695430391,
    -7.459363410015E-02));
#5694 = DIRECTION('',(8.682659386425E-02,-8.682659386425E-02,
    0.992432509139));
#5695 = DIRECTION('',(-0.701755757082,0.701755757082,0.122791346617));
#5696 = DEFINITIONAL_REPRESENTATION('',(#5697),#5700);
#5697 = B_SPLINE_CURVE_WITH_KNOTS('',1,(#5698,#5699),.UNSPECIFIED.,.F.,
  .F.,(2,2),(4.052968647827,4.215324747446),.PIECEWISE_BEZIER_KNOTS.);
#5698 = CARTESIAN_POINT('',(7.064785372304,-1.360176238078));
#5699 = CARTESIAN_POINT('',(6.902429272685,-1.642820236617));
#5700 = ( GEOMETRIC_REPRESENTATION_CONTEXT(2) 
PARAMETRIC_REPRESENTATION_CONTEXT() REPRESENTATION_CONTEXT('2D SPACE',''
  ) );
#5701 = ORIENTED_EDGE('',*,*,#5702,.T.);
#5702 = EDGE_CURVE('',#5675,#4996,#5703,.T.);
#5703 = SURFACE_CURVE('',#5704,(#5708,#5715),.PCURVE_S1.);
#5704 = LINE('',#5705,#5706);
#5705 = CARTESIAN_POINT('',(-5.82096968054,-0.611746938898,-1.5));
#5706 = VECTOR('',#5707,1.);
#5707 = DIRECTION('',(0.707106781187,-0.707106781187,0.));
#5708 = PCURVE('',#5609,#5709);
#5709 = DEFINITIONAL_REPRESENTATION('',(#5710),#5714);
#5710 = LINE('',#5711,#5712);
#5711 = CARTESIAN_POINT('',(-0.288675134595,0.204124145232));
#5712 = VECTOR('',#5713,1.);
#5713 = DIRECTION('',(-0.57735026919,-0.816496580928));
#5714 = ( GEOMETRIC_REPRESENTATION_CONTEXT(2) 
PARAMETRIC_REPRESENTATION_CONTEXT() REPRESENTATION_CONTEXT('2D SPACE',''
  ) );
#5715 = PCURVE('',#5012,#5716);
#5716 = DEFINITIONAL_REPRESENTATION('',(#5717),#5721);
#5717 = LINE('',#5718,#5719);
#5718 = CARTESIAN_POINT('',(3.683476725326,1.5));
#5719 = VECTOR('',#5720,1.);
#5720 = DIRECTION('',(1.,0.));
#5721 = ( GEOMETRIC_REPRESENTATION_CONTEXT(2) 
PARAMETRIC_REPRESENTATION_CONTEXT() REPRESENTATION_CONTEXT('2D SPACE',''
  ) );
#5722 = ORIENTED_EDGE('',*,*,#5723,.T.);
#5723 = EDGE_CURVE('',#4996,#5594,#5724,.T.);
#5724 = SURFACE_CURVE('',#5725,(#5729,#5736),.PCURVE_S1.);
#5725 = LINE('',#5726,#5727);
#5726 = CARTESIAN_POINT('',(-7.641584294339,1.2088676749,-1.499999999784
    ));
#5727 = VECTOR('',#5728,1.);
#5728 = DIRECTION('',(-0.500000000108,-0.500000000108,0.707106781034));
#5729 = PCURVE('',#5609,#5730);
#5730 = DEFINITIONAL_REPRESENTATION('',(#5731),#5735);
#5731 = LINE('',#5732,#5733);
#5732 = CARTESIAN_POINT('',(1.197850472883,2.306388819878));
#5733 = VECTOR('',#5734,1.);
#5734 = DIRECTION('',(0.816496580928,-0.57735026919));
#5735 = ( GEOMETRIC_REPRESENTATION_CONTEXT(2) 
PARAMETRIC_REPRESENTATION_CONTEXT() REPRESENTATION_CONTEXT('2D SPACE',''
  ) );
#5736 = PCURVE('',#5041,#5737);
#5737 = DEFINITIONAL_REPRESENTATION('',(#5738),#5741);
#5738 = B_SPLINE_CURVE_WITH_KNOTS('',1,(#5739,#5740),.UNSPECIFIED.,.F.,
  .F.,(2,2),(0.,0.707106781034),.PIECEWISE_BEZIER_KNOTS.);
#5739 = CARTESIAN_POINT('',(2.157400271873E-10,0.257473787869));
#5740 = CARTESIAN_POINT('',(1.,0.257473787869));
#5741 = ( GEOMETRIC_REPRESENTATION_CONTEXT(2) 
PARAMETRIC_REPRESENTATION_CONTEXT() REPRESENTATION_CONTEXT('2D SPACE',''
  ) );
#5742 = ORIENTED_EDGE('',*,*,#5593,.T.);
#5743 = ORIENTED_EDGE('',*,*,#5744,.T.);
#5744 = EDGE_CURVE('',#5571,#5673,#5745,.T.);
#5745 = SURFACE_CURVE('',#5746,(#5750,#5757),.PCURVE_S1.);
#5746 = LINE('',#5747,#5748);
#5747 = CARTESIAN_POINT('',(-7.955410032965,-1.319403012154,
    0.509665655385));
#5748 = VECTOR('',#5749,1.);
#5749 = DIRECTION('',(-4.843496184375E-02,0.831363597074,-0.553614147156
    ));
#5750 = PCURVE('',#5609,#5751);
#5751 = DEFINITIONAL_REPRESENTATION('',(#5752),#5756);
#5752 = LINE('',#5753,#5754);
#5753 = CARTESIAN_POINT('',(2.614369122472,-0.613006703544));
#5754 = VECTOR('',#5755,1.);
#5755 = DIRECTION('',(-0.280082296145,0.95997599313));
#5756 = ( GEOMETRIC_REPRESENTATION_CONTEXT(2) 
PARAMETRIC_REPRESENTATION_CONTEXT() REPRESENTATION_CONTEXT('2D SPACE',''
  ) );
#5757 = PCURVE('',#2285,#5758);
#5758 = DEFINITIONAL_REPRESENTATION('',(#5759),#5763);
#5759 = LINE('',#5760,#5761);
#5760 = CARTESIAN_POINT('',(-1.930596987846,0.51161249539));
#5761 = VECTOR('',#5762,1.);
#5762 = DIRECTION('',(-0.831363597074,-0.55572886326));
#5763 = ( GEOMETRIC_REPRESENTATION_CONTEXT(2) 
PARAMETRIC_REPRESENTATION_CONTEXT() REPRESENTATION_CONTEXT('2D SPACE',''
  ) );
#5764 = ADVANCED_FACE('',(#5765),#5691,.T.);
#5765 = FACE_BOUND('',#5766,.T.);
#5766 = EDGE_LOOP('',(#5767,#5797,#5825,#5853,#5906,#5907,#5930));
#5767 = ORIENTED_EDGE('',*,*,#5768,.T.);
#5768 = EDGE_CURVE('',#5769,#5771,#5773,.T.);
#5769 = VERTEX_POINT('',#5770);
#5770 = CARTESIAN_POINT('',(-5.913710035588,3.205909166676,
    0.503960530961));
#5771 = VERTEX_POINT('',#5772);
#5772 = CARTESIAN_POINT('',(-6.023050568436,3.315249699524,
    -0.745807478295));
#5773 = SURFACE_CURVE('',#5774,(#5778,#5785),.PCURVE_S1.);
#5774 = LINE('',#5775,#5776);
#5775 = CARTESIAN_POINT('',(-5.948695430391,3.240894561479,
    0.104075638533));
#5776 = VECTOR('',#5777,1.);
#5777 = DIRECTION('',(-8.682659386425E-02,8.682659386425E-02,
    -0.992432509139));
#5778 = PCURVE('',#5691,#5779);
#5779 = DEFINITIONAL_REPRESENTATION('',(#5780),#5784);
#5780 = LINE('',#5781,#5782);
#5781 = CARTESIAN_POINT('',(5.501585242055,0.));
#5782 = VECTOR('',#5783,1.);
#5783 = DIRECTION('',(0.,-1.));
#5784 = ( GEOMETRIC_REPRESENTATION_CONTEXT(2) 
PARAMETRIC_REPRESENTATION_CONTEXT() REPRESENTATION_CONTEXT('2D SPACE',''
  ) );
#5785 = PCURVE('',#5786,#5791);
#5786 = PLANE('',#5787);
#5787 = AXIS2_PLACEMENT_3D('',#5788,#5789,#5790);
#5788 = CARTESIAN_POINT('',(-8.,3.25,0.));
#5789 = DIRECTION('',(4.968351697092E-17,0.996194698092,
    8.715574274766E-02));
#5790 = DIRECTION('',(-1.,4.987329993433E-17,-3.851859888774E-33));
#5791 = DEFINITIONAL_REPRESENTATION('',(#5792),#5796);
#5792 = LINE('',#5793,#5794);
#5793 = CARTESIAN_POINT('',(-2.051304569609,0.104473190564));
#5794 = VECTOR('',#5795,1.);
#5795 = DIRECTION('',(8.682659386425E-02,-0.996223440097));
#5796 = ( GEOMETRIC_REPRESENTATION_CONTEXT(2) 
PARAMETRIC_REPRESENTATION_CONTEXT() REPRESENTATION_CONTEXT('2D SPACE',''
  ) );
#5797 = ORIENTED_EDGE('',*,*,#5798,.F.);
#5798 = EDGE_CURVE('',#5799,#5771,#5801,.T.);
#5799 = VERTEX_POINT('',#5800);
#5800 = CARTESIAN_POINT('',(-6.377709871064,3.310426490503,-1.));
#5801 = SURFACE_CURVE('',#5802,(#5807,#5813),.PCURVE_S1.);
#5802 = ELLIPSE('',#5803,2.92124429235,2.05);
#5803 = AXIS2_PLACEMENT_3D('',#5804,#5805,#5806);
#5804 = CARTESIAN_POINT('',(-6.133757286828,1.383757286828,
    -2.18986033242));
#5805 = DIRECTION('',(0.5,0.5,-0.707106781187));
#5806 = DIRECTION('',(-0.614393108083,-0.370641151082,-0.696524404357));
#5807 = PCURVE('',#5691,#5808);
#5808 = DEFINITIONAL_REPRESENTATION('',(#5809),#5812);
#5809 = B_SPLINE_CURVE_WITH_KNOTS('',1,(#5810,#5811),.UNSPECIFIED.,.F.,
  .F.,(2,2),(2.067860559733,2.230216659353),.PIECEWISE_BEZIER_KNOTS.);
#5810 = CARTESIAN_POINT('',(5.663941341675,-1.139007639392));
#5811 = CARTESIAN_POINT('',(5.501585242055,-0.856363640853));
#5812 = ( GEOMETRIC_REPRESENTATION_CONTEXT(2) 
PARAMETRIC_REPRESENTATION_CONTEXT() REPRESENTATION_CONTEXT('2D SPACE',''
  ) );
#5813 = PCURVE('',#5814,#5819);
#5814 = PLANE('',#5815);
#5815 = AXIS2_PLACEMENT_3D('',#5816,#5817,#5818);
#5816 = CARTESIAN_POINT('',(-3.351852759796,0.638122769828,-0.75));
#5817 = DIRECTION('',(0.5,0.5,-0.707106781187));
#5818 = DIRECTION('',(-0.816496580928,-1.387778780781E-16,-0.57735026919
    ));
#5819 = DEFINITIONAL_REPRESENTATION('',(#5820),#5824);
#5820 = ELLIPSE('',#5821,2.92124429235,2.05);
#5821 = AXIS2_PLACEMENT_2D('',#5822,#5823);
#5822 = CARTESIAN_POINT('',(3.102719285307,0.860984578214));
#5823 = DIRECTION('',(0.903788424448,-0.4279795367));
#5824 = ( GEOMETRIC_REPRESENTATION_CONTEXT(2) 
PARAMETRIC_REPRESENTATION_CONTEXT() REPRESENTATION_CONTEXT('2D SPACE',''
  ) );
#5825 = ORIENTED_EDGE('',*,*,#5826,.T.);
#5826 = EDGE_CURVE('',#5799,#5827,#5829,.T.);
#5827 = VERTEX_POINT('',#5828);
#5828 = CARTESIAN_POINT('',(-6.421454202827,3.354170822266,-1.5));
#5829 = SURFACE_CURVE('',#5830,(#5834,#5841),.PCURVE_S1.);
#5830 = LINE('',#5831,#5832);
#5831 = CARTESIAN_POINT('',(-6.27881371735,3.211530336789,0.13038820949)
  );
#5832 = VECTOR('',#5833,1.);
#5833 = DIRECTION('',(-8.682659386425E-02,8.682659386425E-02,
    -0.992432509139));
#5834 = PCURVE('',#5691,#5835);
#5835 = DEFINITIONAL_REPRESENTATION('',(#5836),#5840);
#5836 = LINE('',#5837,#5838);
#5837 = CARTESIAN_POINT('',(5.663941341675,-2.22044604925E-16));
#5838 = VECTOR('',#5839,1.);
#5839 = DIRECTION('',(0.,-1.));
#5840 = ( GEOMETRIC_REPRESENTATION_CONTEXT(2) 
PARAMETRIC_REPRESENTATION_CONTEXT() REPRESENTATION_CONTEXT('2D SPACE',''
  ) );
#5841 = PCURVE('',#5842,#5847);
#5842 = PLANE('',#5843);
#5843 = AXIS2_PLACEMENT_3D('',#5844,#5845,#5846);
#5844 = CARTESIAN_POINT('',(-5.523617219905,2.456333839344,-3.));
#5845 = DIRECTION('',(0.707106781187,0.707106781187,0.));
#5846 = DIRECTION('',(-0.707106781187,0.707106781187,0.));
#5847 = DEFINITIONAL_REPRESENTATION('',(#5848),#5852);
#5848 = LINE('',#5849,#5850);
#5849 = CARTESIAN_POINT('',(1.068009128944,3.13038820949));
#5850 = VECTOR('',#5851,1.);
#5851 = DIRECTION('',(0.122791346617,-0.992432509139));
#5852 = ( GEOMETRIC_REPRESENTATION_CONTEXT(2) 
PARAMETRIC_REPRESENTATION_CONTEXT() REPRESENTATION_CONTEXT('2D SPACE',''
  ) );
#5853 = ORIENTED_EDGE('',*,*,#5854,.T.);
#5854 = EDGE_CURVE('',#5827,#5675,#5855,.T.);
#5855 = SURFACE_CURVE('',#5856,(#5861,#5890),.PCURVE_S1.);
#5856 = ELLIPSE('',#5857,2.065631648623,2.05);
#5857 = AXIS2_PLACEMENT_3D('',#5858,#5859,#5860);
#5858 = CARTESIAN_POINT('',(-6.073402328325,1.323402328325,-1.5));
#5859 = DIRECTION('',(0.,0.,1.));
#5860 = DIRECTION('',(-0.707106781187,0.707106781187,0.));
#5861 = PCURVE('',#5691,#5862);
#5862 = DEFINITIONAL_REPRESENTATION('',(#5863),#5889);
#5863 = B_SPLINE_CURVE_WITH_KNOTS('',3,(#5864,#5865,#5866,#5867,#5868,
    #5869,#5870,#5871,#5872,#5873,#5874,#5875,#5876,#5877,#5878,#5879,
    #5880,#5881,#5882,#5883,#5884,#5885,#5886,#5887,#5888),
  .UNSPECIFIED.,.F.,.F.,(4,1,1,1,1,1,1,1,1,1,1,1,1,1,1,1,1,1,1,1,1,1,4),
  (5.663941341675,5.72023624763,5.776531153585,5.83282605954,
    5.889120965495,5.94541587145,6.001710777405,6.05800568336,
    6.114300589315,6.17059549527,6.226890401225,6.28318530718,
    6.339480213135,6.39577511909,6.452070025045,6.508364931,
    6.564659836955,6.62095474291,6.677249648865,6.73354455482,
    6.789839460775,6.84613436673,6.902429272685),.QUASI_UNIFORM_KNOTS.);
#5864 = CARTESIAN_POINT('',(5.663941341675,-1.642820236617));
#5865 = CARTESIAN_POINT('',(5.682706310326,-1.645582970283));
#5866 = CARTESIAN_POINT('',(5.72023624763,-1.650889565159));
#5867 = CARTESIAN_POINT('',(5.776531153585,-1.658170003098));
#5868 = CARTESIAN_POINT('',(5.83282605954,-1.664747281902));
#5869 = CARTESIAN_POINT('',(5.889120965495,-1.670600733945));
#5870 = CARTESIAN_POINT('',(5.94541587145,-1.675711768026));
#5871 = CARTESIAN_POINT('',(6.001710777405,-1.68006420324));
#5872 = CARTESIAN_POINT('',(6.05800568336,-1.683644246565));
#5873 = CARTESIAN_POINT('',(6.114300589315,-1.686440556305));
#5874 = CARTESIAN_POINT('',(6.17059549527,-1.688444272731));
#5875 = CARTESIAN_POINT('',(6.226890401225,-1.689649047575));
#5876 = CARTESIAN_POINT('',(6.28318530718,-1.690051063754));
#5877 = CARTESIAN_POINT('',(6.339480213135,-1.689649047575));
#5878 = CARTESIAN_POINT('',(6.39577511909,-1.688444272731));
#5879 = CARTESIAN_POINT('',(6.452070025045,-1.686440556305));
#5880 = CARTESIAN_POINT('',(6.508364931,-1.683644246565));
#5881 = CARTESIAN_POINT('',(6.564659836955,-1.68006420324));
#5882 = CARTESIAN_POINT('',(6.62095474291,-1.675711768026));
#5883 = CARTESIAN_POINT('',(6.677249648865,-1.670600733945));
#5884 = CARTESIAN_POINT('',(6.73354455482,-1.664747281902));
#5885 = CARTESIAN_POINT('',(6.789839460775,-1.658170003098));
#5886 = CARTESIAN_POINT('',(6.84613436673,-1.650889565159));
#5887 = CARTESIAN_POINT('',(6.883664304033,-1.645582970283));
#5888 = CARTESIAN_POINT('',(6.902429272685,-1.642820236617));
#5889 = ( GEOMETRIC_REPRESENTATION_CONTEXT(2) 
PARAMETRIC_REPRESENTATION_CONTEXT() REPRESENTATION_CONTEXT('2D SPACE',''
  ) );
#5890 = PCURVE('',#5891,#5896);
#5891 = PLANE('',#5892);
#5892 = AXIS2_PLACEMENT_3D('',#5893,#5894,#5895);
#5893 = CARTESIAN_POINT('',(-7.55760255977,2.80760255977,-1.5));
#5894 = DIRECTION('',(0.,0.,-1.));
#5895 = DIRECTION('',(1.,0.,0.));
#5896 = DEFINITIONAL_REPRESENTATION('',(#5897),#5905);
#5897 = ( BOUNDED_CURVE() B_SPLINE_CURVE(2,(#5898,#5899,#5900,#5901,
#5902,#5903,#5904),.UNSPECIFIED.,.T.,.F.) B_SPLINE_CURVE_WITH_KNOTS((1,2
    ,2,2,2,1),(-2.094395102393,0.,2.094395102393,4.188790204786,
6.28318530718,8.377580409573),.UNSPECIFIED.) CURVE() 
GEOMETRIC_REPRESENTATION_ITEM() RATIONAL_B_SPLINE_CURVE((1.,0.5,1.,0.5,
1.,0.5,1.)) REPRESENTATION_ITEM('') );
#5898 = CARTESIAN_POINT('',(2.357808527016E-02,2.357808527016E-02));
#5899 = CARTESIAN_POINT('',(-2.487148901083,2.534305071623));
#5900 = CARTESIAN_POINT('',(0.959147811356,3.469874797709));
#5901 = CARTESIAN_POINT('',(4.405444523795,4.405444523795));
#5902 = CARTESIAN_POINT('',(3.469874797709,0.959147811356));
#5903 = CARTESIAN_POINT('',(2.534305071623,-2.487148901083));
#5904 = CARTESIAN_POINT('',(2.357808527016E-02,2.357808527016E-02));
#5905 = ( GEOMETRIC_REPRESENTATION_CONTEXT(2) 
PARAMETRIC_REPRESENTATION_CONTEXT() REPRESENTATION_CONTEXT('2D SPACE',''
  ) );
#5906 = ORIENTED_EDGE('',*,*,#5672,.F.);
#5907 = ORIENTED_EDGE('',*,*,#5908,.T.);
#5908 = EDGE_CURVE('',#5673,#5909,#5911,.T.);
#5909 = VERTEX_POINT('',#5910);
#5910 = CARTESIAN_POINT('',(-7.955909166676,1.163710035588,
    0.503960530961));
#5911 = SURFACE_CURVE('',#5912,(#5916,#5923),.PCURVE_S1.);
#5912 = LINE('',#5913,#5914);
#5913 = CARTESIAN_POINT('',(-7.990894561479,1.198695430391,
    0.104075638533));
#5914 = VECTOR('',#5915,1.);
#5915 = DIRECTION('',(8.682659386425E-02,-8.682659386425E-02,
    0.992432509139));
#5916 = PCURVE('',#5691,#5917);
#5917 = DEFINITIONAL_REPRESENTATION('',(#5918),#5922);
#5918 = LINE('',#5919,#5920);
#5919 = CARTESIAN_POINT('',(7.064785372304,2.22044604925E-16));
#5920 = VECTOR('',#5921,1.);
#5921 = DIRECTION('',(0.,1.));
#5922 = ( GEOMETRIC_REPRESENTATION_CONTEXT(2) 
PARAMETRIC_REPRESENTATION_CONTEXT() REPRESENTATION_CONTEXT('2D SPACE',''
  ) );
#5923 = PCURVE('',#2285,#5924);
#5924 = DEFINITIONAL_REPRESENTATION('',(#5925),#5929);
#5925 = LINE('',#5926,#5927);
#5926 = CARTESIAN_POINT('',(-4.448695430391,0.104473190564));
#5927 = VECTOR('',#5928,1.);
#5928 = DIRECTION('',(8.682659386425E-02,0.996223440097));
#5929 = ( GEOMETRIC_REPRESENTATION_CONTEXT(2) 
PARAMETRIC_REPRESENTATION_CONTEXT() REPRESENTATION_CONTEXT('2D SPACE',''
  ) );
#5930 = ORIENTED_EDGE('',*,*,#5931,.F.);
#5931 = EDGE_CURVE('',#5769,#5909,#5932,.T.);
#5932 = SURFACE_CURVE('',#5933,(#5939,#5968),.PCURVE_S1.);
#5933 = B_SPLINE_CURVE_WITH_KNOTS('',3,(#5934,#5935,#5936,#5937,#5938),
  .UNSPECIFIED.,.F.,.F.,(4,1,4),(-0.740989609687,0.105855658527,
    0.740989609687),.QUASI_UNIFORM_KNOTS.);
#5934 = CARTESIAN_POINT('',(-5.913710035588,3.205909166676,
    0.503960530961));
#5935 = CARTESIAN_POINT('',(-6.520009322322,3.205718351627,
    0.506141556957));
#5936 = CARTESIAN_POINT('',(-7.588189773694,2.696884542958,
    0.509284282863));
#5937 = CARTESIAN_POINT('',(-7.955766055389,1.618434500639,
    0.505596300458));
#5938 = CARTESIAN_POINT('',(-7.955909166676,1.163710035588,
    0.503960530961));
#5939 = PCURVE('',#5691,#5940);
#5940 = DEFINITIONAL_REPRESENTATION('',(#5941),#5967);
#5941 = B_SPLINE_CURVE_WITH_KNOTS('',3,(#5942,#5943,#5944,#5945,#5946,
    #5947,#5948,#5949,#5950,#5951,#5952,#5953,#5954,#5955,#5956,#5957,
    #5958,#5959,#5960,#5961,#5962,#5963,#5964,#5965,#5966),
  .UNSPECIFIED.,.F.,.F.,(4,1,1,1,1,1,1,1,1,1,1,1,1,1,1,1,1,1,1,1,1,1,4),
  (-0.740989609687,-0.673626917897,-0.606264226108,-0.538901534318,
    -0.471538842528,-0.404176150738,-0.336813458949,-0.269450767159,
    -0.202088075369,-0.134725383579,-6.736269178973E-02,
    1.110223024625E-16,6.736269178973E-02,0.134725383579,0.202088075369,
    0.269450767159,0.336813458949,0.404176150738,0.471538842528,
    0.538901534318,0.606264226108,0.673626917897,0.740989609687),
  .UNSPECIFIED.);
#5942 = CARTESIAN_POINT('',(5.501585242055,0.402934092491));
#5943 = CARTESIAN_POINT('',(5.525026523214,0.398920084638));
#5944 = CARTESIAN_POINT('',(5.571960193143,0.391202013836));
#5945 = CARTESIAN_POINT('',(5.642540603864,0.380582849393));
#5946 = CARTESIAN_POINT('',(5.713341447942,0.370949733773));
#5947 = CARTESIAN_POINT('',(5.784354447001,0.362330773982));
#5948 = CARTESIAN_POINT('',(5.855548219779,0.354754077243));
#5949 = CARTESIAN_POINT('',(5.926871276458,0.34824774997));
#5950 = CARTESIAN_POINT('',(5.998261941004,0.342839901601));
#5951 = CARTESIAN_POINT('',(6.069656959836,0.338558630279));
#5952 = CARTESIAN_POINT('',(6.141000668345,0.335432076302));
#5953 = CARTESIAN_POINT('',(6.212253636993,0.333488222649));
#5954 = CARTESIAN_POINT('',(6.283401325343,0.332755639419));
#5955 = CARTESIAN_POINT('',(6.35446002402,0.333260705546));
#5956 = CARTESIAN_POINT('',(6.425489237546,0.335037977505));
#5957 = CARTESIAN_POINT('',(6.496572590896,0.338085871368));
#5958 = CARTESIAN_POINT('',(6.56773662121,0.342353472523));
#5959 = CARTESIAN_POINT('',(6.638972420035,0.347799514097));
#5960 = CARTESIAN_POINT('',(6.710241009766,0.354380144113));
#5961 = CARTESIAN_POINT('',(6.781483180204,0.362052203271));
#5962 = CARTESIAN_POINT('',(6.852628700988,0.370772346669));
#5963 = CARTESIAN_POINT('',(6.923607244088,0.380497279136));
#5964 = CARTESIAN_POINT('',(6.99435508081,0.391183692174));
#5965 = CARTESIAN_POINT('',(7.041342984623,0.398920084638));
#5966 = CARTESIAN_POINT('',(7.064785372304,0.402934092491));
#5967 = ( GEOMETRIC_REPRESENTATION_CONTEXT(2) 
PARAMETRIC_REPRESENTATION_CONTEXT() REPRESENTATION_CONTEXT('2D SPACE',''
  ) );
#5968 = PCURVE('',#5969,#5990);
#5969 = B_SPLINE_SURFACE_WITH_KNOTS('',3,3,(
    (#5970,#5971,#5972,#5973,#5974)
    ,(#5975,#5976,#5977,#5978,#5979)
    ,(#5980,#5981,#5982,#5983,#5984)
    ,(#5985,#5986,#5987,#5988,#5989
    )),.UNSPECIFIED.,.F.,.F.,.F.,(4,4),(4,1,4),(0.,1.),(-0.740989609687,
    -0.105855658527,0.740989609687),.UNSPECIFIED.);
#5970 = CARTESIAN_POINT('',(-7.955909166676,1.163710035588,
    0.503960530961));
#5971 = CARTESIAN_POINT('',(-7.955766055389,1.618434500639,
    0.505596300458));
#5972 = CARTESIAN_POINT('',(-7.588189773694,2.696884542958,
    0.509284282863));
#5973 = CARTESIAN_POINT('',(-6.520009322322,3.205718351627,
    0.506141556957));
#5974 = CARTESIAN_POINT('',(-5.913710035588,3.205909166676,
    0.503960530961));
#5975 = CARTESIAN_POINT('',(-7.593237907364,1.148968713341,
    0.835973687307));
#5976 = CARTESIAN_POINT('',(-7.590114514001,1.526613942581,
    0.837064200306));
#5977 = CARTESIAN_POINT('',(-7.281480024822,2.415510586318,
    0.839522855242));
#5978 = CARTESIAN_POINT('',(-6.402495685661,2.839073382879,
    0.837427704638));
#5979 = CARTESIAN_POINT('',(-5.898968713341,2.843237907364,
    0.835973687307));
#5980 = CARTESIAN_POINT('',(-7.230566648052,1.134227391094,
    1.167986843654));
#5981 = CARTESIAN_POINT('',(-7.224462972612,1.434793384524,
    1.168532100153));
#5982 = CARTESIAN_POINT('',(-6.97477027595,2.134136629678,1.169761427621
    ));
#5983 = CARTESIAN_POINT('',(-6.284982049001,2.472428414132,
    1.168713852319));
#5984 = CARTESIAN_POINT('',(-5.884227391094,2.480566648052,
    1.167986843654));
#5985 = CARTESIAN_POINT('',(-6.86789538874,1.119486068847,1.5));
#5986 = CARTESIAN_POINT('',(-6.858811431223,1.342972826467,1.5));
#5987 = CARTESIAN_POINT('',(-6.668060527078,1.852762673038,1.5));
#5988 = CARTESIAN_POINT('',(-6.16746841234,2.105783445385,1.5));
#5989 = CARTESIAN_POINT('',(-5.869486068847,2.11789538874,1.5));
#5990 = DEFINITIONAL_REPRESENTATION('',(#5991),#5995);
#5991 = LINE('',#5992,#5993);
#5992 = CARTESIAN_POINT('',(-1.826891423365E-16,-1.110223024625E-16));
#5993 = VECTOR('',#5994,1.);
#5994 = DIRECTION('',(1.839329404205E-16,-1.));
#5995 = ( GEOMETRIC_REPRESENTATION_CONTEXT(2) 
PARAMETRIC_REPRESENTATION_CONTEXT() REPRESENTATION_CONTEXT('2D SPACE',''
  ) );
#5996 = ADVANCED_FACE('',(#5997),#5969,.T.);
#5997 = FACE_BOUND('',#5998,.T.);
#5998 = EDGE_LOOP('',(#5999,#6037,#6064,#6100));
#5999 = ORIENTED_EDGE('',*,*,#6000,.T.);
#6000 = EDGE_CURVE('',#5909,#6001,#6003,.T.);
#6001 = VERTEX_POINT('',#6002);
#6002 = CARTESIAN_POINT('',(-6.86789538874,1.119486068847,1.5));
#6003 = SURFACE_CURVE('',#6004,(#6008,#6014),.PCURVE_S1.);
#6004 = LINE('',#6005,#6006);
#6005 = CARTESIAN_POINT('',(-7.955909166676,1.163710035588,
    0.503960530961));
#6006 = VECTOR('',#6007,1.);
#6007 = DIRECTION('',(0.737263899513,-2.9967207064E-02,0.674939929902));
#6008 = PCURVE('',#5969,#6009);
#6009 = DEFINITIONAL_REPRESENTATION('',(#6010),#6013);
#6010 = B_SPLINE_CURVE_WITH_KNOTS('',1,(#6011,#6012),.UNSPECIFIED.,.F.,
  .F.,(2,2),(0.,1.475745358826),.PIECEWISE_BEZIER_KNOTS.);
#6011 = CARTESIAN_POINT('',(-4.639674460579E-17,-0.740989609687));
#6012 = CARTESIAN_POINT('',(1.,-0.740989609687));
#6013 = ( GEOMETRIC_REPRESENTATION_CONTEXT(2) 
PARAMETRIC_REPRESENTATION_CONTEXT() REPRESENTATION_CONTEXT('2D SPACE',''
  ) );
#6014 = PCURVE('',#6015,#6032);
#6015 = B_SPLINE_SURFACE_WITH_KNOTS('',3,3,(
    (#6016,#6017,#6018,#6019)
    ,(#6020,#6021,#6022,#6023)
    ,(#6024,#6025,#6026,#6027)
    ,(#6028,#6029,#6030,#6031
    )),.UNSPECIFIED.,.F.,.F.,.F.,(4,4),(4,4),(0.,1.),(-0.781600065124,
    -0.740989609687),.PIECEWISE_BEZIER_KNOTS.);
#6016 = CARTESIAN_POINT('',(-7.955922747459,1.076567873623,
    0.503805301908));
#6017 = CARTESIAN_POINT('',(-7.955922747459,1.105603395645,
    0.503805301908));
#6018 = CARTESIAN_POINT('',(-7.95591831721,1.134634960023,0.503855939884
    ));
#6019 = CARTESIAN_POINT('',(-7.955909166676,1.163710035588,
    0.503960530961));
#6020 = CARTESIAN_POINT('',(-7.593537499876,1.076567873623,
    0.835870201272));
#6021 = CARTESIAN_POINT('',(-7.593537499876,1.100697710795,
    0.835870201272));
#6022 = CARTESIAN_POINT('',(-7.59343761709,1.124822082973,0.835903959922
    ));
#6023 = CARTESIAN_POINT('',(-7.593237907364,1.148968713341,
    0.835973687307));
#6024 = CARTESIAN_POINT('',(-7.231152252294,1.076567873623,
    1.167935100636));
#6025 = CARTESIAN_POINT('',(-7.231152252294,1.095792025945,
    1.167935100636));
#6026 = CARTESIAN_POINT('',(-7.230956916969,1.115009205922,
    1.167951979961));
#6027 = CARTESIAN_POINT('',(-7.230566648052,1.134227391094,
    1.167986843654));
#6028 = CARTESIAN_POINT('',(-6.868767004711,1.076567873623,1.5));
#6029 = CARTESIAN_POINT('',(-6.868767004711,1.090886341096,1.5));
#6030 = CARTESIAN_POINT('',(-6.868476216849,1.105196328872,1.5));
#6031 = CARTESIAN_POINT('',(-6.86789538874,1.119486068847,1.5));
#6032 = DEFINITIONAL_REPRESENTATION('',(#6033),#6036);
#6033 = B_SPLINE_CURVE_WITH_KNOTS('',1,(#6034,#6035),.UNSPECIFIED.,.F.,
  .F.,(2,2),(0.,1.475745358826),.PIECEWISE_BEZIER_KNOTS.);
#6034 = CARTESIAN_POINT('',(2.663457052333E-17,-0.740989609687));
#6035 = CARTESIAN_POINT('',(1.,-0.740989609687));
#6036 = ( GEOMETRIC_REPRESENTATION_CONTEXT(2) 
PARAMETRIC_REPRESENTATION_CONTEXT() REPRESENTATION_CONTEXT('2D SPACE',''
  ) );
#6037 = ORIENTED_EDGE('',*,*,#6038,.T.);
#6038 = EDGE_CURVE('',#6001,#6039,#6041,.T.);
#6039 = VERTEX_POINT('',#6040);
#6040 = CARTESIAN_POINT('',(-5.869486068847,2.11789538874,1.5));
#6041 = SURFACE_CURVE('',#6042,(#6048,#6055),.PCURVE_S1.);
#6042 = B_SPLINE_CURVE_WITH_KNOTS('',3,(#6043,#6044,#6045,#6046,#6047),
  .UNSPECIFIED.,.F.,.F.,(4,1,4),(-0.740989609687,-0.105855658527,
    0.740989609687),.QUASI_UNIFORM_KNOTS.);
#6043 = CARTESIAN_POINT('',(-6.86789538874,1.119486068847,1.5));
#6044 = CARTESIAN_POINT('',(-6.858811431223,1.342972826467,1.5));
#6045 = CARTESIAN_POINT('',(-6.668060527078,1.852762673038,1.5));
#6046 = CARTESIAN_POINT('',(-6.16746841234,2.105783445385,1.5));
#6047 = CARTESIAN_POINT('',(-5.869486068847,2.11789538874,1.5));
#6048 = PCURVE('',#5969,#6049);
#6049 = DEFINITIONAL_REPRESENTATION('',(#6050),#6054);
#6050 = LINE('',#6051,#6052);
#6051 = CARTESIAN_POINT('',(1.,0.));
#6052 = VECTOR('',#6053,1.);
#6053 = DIRECTION('',(-1.498297695556E-16,1.));
#6054 = ( GEOMETRIC_REPRESENTATION_CONTEXT(2) 
PARAMETRIC_REPRESENTATION_CONTEXT() REPRESENTATION_CONTEXT('2D SPACE',''
  ) );
#6055 = PCURVE('',#1734,#6056);
#6056 = DEFINITIONAL_REPRESENTATION('',(#6057),#6063);
#6057 = B_SPLINE_CURVE_WITH_KNOTS('',3,(#6058,#6059,#6060,#6061,#6062),
  .UNSPECIFIED.,.F.,.F.,(4,1,4),(-0.740989609687,-0.105855658527,
    0.740989609687),.QUASI_UNIFORM_KNOTS.);
#6058 = CARTESIAN_POINT('',(-6.86789538874,1.119486068847));
#6059 = CARTESIAN_POINT('',(-6.858811431223,1.342972826467));
#6060 = CARTESIAN_POINT('',(-6.668060527078,1.852762673038));
#6061 = CARTESIAN_POINT('',(-6.16746841234,2.105783445385));
#6062 = CARTESIAN_POINT('',(-5.869486068847,2.11789538874));
#6063 = ( GEOMETRIC_REPRESENTATION_CONTEXT(2) 
PARAMETRIC_REPRESENTATION_CONTEXT() REPRESENTATION_CONTEXT('2D SPACE',''
  ) );
#6064 = ORIENTED_EDGE('',*,*,#6065,.T.);
#6065 = EDGE_CURVE('',#6039,#5769,#6066,.T.);
#6066 = SURFACE_CURVE('',#6067,(#6071,#6077),.PCURVE_S1.);
#6067 = LINE('',#6068,#6069);
#6068 = CARTESIAN_POINT('',(-5.869486068847,2.11789538874,1.5));
#6069 = VECTOR('',#6070,1.);
#6070 = DIRECTION('',(-2.9967207064E-02,0.737263899513,-0.674939929902)
  );
#6071 = PCURVE('',#5969,#6072);
#6072 = DEFINITIONAL_REPRESENTATION('',(#6073),#6076);
#6073 = B_SPLINE_CURVE_WITH_KNOTS('',1,(#6074,#6075),.UNSPECIFIED.,.F.,
  .F.,(2,2),(0.,1.475745358826),.PIECEWISE_BEZIER_KNOTS.);
#6074 = CARTESIAN_POINT('',(1.,0.740989609687));
#6075 = CARTESIAN_POINT('',(-2.697619359623E-16,0.740989609687));
#6076 = ( GEOMETRIC_REPRESENTATION_CONTEXT(2) 
PARAMETRIC_REPRESENTATION_CONTEXT() REPRESENTATION_CONTEXT('2D SPACE',''
  ) );
#6077 = PCURVE('',#6078,#6095);
#6078 = B_SPLINE_SURFACE_WITH_KNOTS('',3,3,(
    (#6079,#6080,#6081,#6082)
    ,(#6083,#6084,#6085,#6086)
    ,(#6087,#6088,#6089,#6090)
    ,(#6091,#6092,#6093,#6094
    )),.UNSPECIFIED.,.F.,.F.,.F.,(4,4),(4,4),(0.,1.),(0.740989609687,
    0.781600065124),.PIECEWISE_BEZIER_KNOTS.);
#6079 = CARTESIAN_POINT('',(-5.913710035588,3.205909166676,
    0.503960530961));
#6080 = CARTESIAN_POINT('',(-5.884634960023,3.20591831721,0.503855939884
    ));
#6081 = CARTESIAN_POINT('',(-5.855603395645,3.205922747459,
    0.503805301908));
#6082 = CARTESIAN_POINT('',(-5.826567873623,3.205922747459,
    0.503805301908));
#6083 = CARTESIAN_POINT('',(-5.898968713341,2.843237907364,
    0.835973687307));
#6084 = CARTESIAN_POINT('',(-5.874822082973,2.84343761709,0.835903959922
    ));
#6085 = CARTESIAN_POINT('',(-5.850697710795,2.843537499876,
    0.835870201272));
#6086 = CARTESIAN_POINT('',(-5.826567873623,2.843537499876,
    0.835870201272));
#6087 = CARTESIAN_POINT('',(-5.884227391094,2.480566648052,
    1.167986843654));
#6088 = CARTESIAN_POINT('',(-5.865009205922,2.480956916969,
    1.167951979961));
#6089 = CARTESIAN_POINT('',(-5.845792025945,2.481152252294,
    1.167935100636));
#6090 = CARTESIAN_POINT('',(-5.826567873623,2.481152252294,
    1.167935100636));
#6091 = CARTESIAN_POINT('',(-5.869486068847,2.11789538874,1.5));
#6092 = CARTESIAN_POINT('',(-5.855196328872,2.118476216849,1.5));
#6093 = CARTESIAN_POINT('',(-5.840886341096,2.118767004711,1.5));
#6094 = CARTESIAN_POINT('',(-5.826567873623,2.118767004711,1.5));
#6095 = DEFINITIONAL_REPRESENTATION('',(#6096),#6099);
#6096 = B_SPLINE_CURVE_WITH_KNOTS('',1,(#6097,#6098),.UNSPECIFIED.,.F.,
  .F.,(2,2),(0.,1.475745358826),.PIECEWISE_BEZIER_KNOTS.);
#6097 = CARTESIAN_POINT('',(1.,0.740989609687));
#6098 = CARTESIAN_POINT('',(6.258194107893E-17,0.740989609687));
#6099 = ( GEOMETRIC_REPRESENTATION_CONTEXT(2) 
PARAMETRIC_REPRESENTATION_CONTEXT() REPRESENTATION_CONTEXT('2D SPACE',''
  ) );
#6100 = ORIENTED_EDGE('',*,*,#5931,.T.);
#6101 = ADVANCED_FACE('',(#6102),#6078,.T.);
#6102 = FACE_BOUND('',#6103,.T.);
#6103 = EDGE_LOOP('',(#6104,#6133,#6156,#6157));
#6104 = ORIENTED_EDGE('',*,*,#6105,.F.);
#6105 = EDGE_CURVE('',#6106,#6108,#6110,.T.);
#6106 = VERTEX_POINT('',#6107);
#6107 = CARTESIAN_POINT('',(-5.826567873623,3.205922747459,
    0.503805301908));
#6108 = VERTEX_POINT('',#6109);
#6109 = CARTESIAN_POINT('',(-5.826567873623,2.118767004711,1.5));
#6110 = SURFACE_CURVE('',#6111,(#6115,#6121),.PCURVE_S1.);
#6111 = LINE('',#6112,#6113);
#6112 = CARTESIAN_POINT('',(-5.826567873623,3.205922747459,
    0.503805301908));
#6113 = VECTOR('',#6114,1.);
#6114 = DIRECTION('',(0.,-0.73727733681,0.675590207616));
#6115 = PCURVE('',#6078,#6116);
#6116 = DEFINITIONAL_REPRESENTATION('',(#6117),#6120);
#6117 = B_SPLINE_CURVE_WITH_KNOTS('',1,(#6118,#6119),.UNSPECIFIED.,.F.,
  .F.,(2,2),(0.,1.47455467362),.PIECEWISE_BEZIER_KNOTS.);
#6118 = CARTESIAN_POINT('',(1.984945558862E-16,0.781600065124));
#6119 = CARTESIAN_POINT('',(1.,0.781600065124));
#6120 = ( GEOMETRIC_REPRESENTATION_CONTEXT(2) 
PARAMETRIC_REPRESENTATION_CONTEXT() REPRESENTATION_CONTEXT('2D SPACE',''
  ) );
#6121 = PCURVE('',#6122,#6127);
#6122 = PLANE('',#6123);
#6123 = AXIS2_PLACEMENT_3D('',#6124,#6125,#6126);
#6124 = CARTESIAN_POINT('',(-4.,2.662344876085,1.001902650954));
#6125 = DIRECTION('',(3.369391305711E-17,0.675590207616,0.73727733681));
#6126 = DIRECTION('',(1.,-4.314083075427E-32,-4.570045948095E-17));
#6127 = DEFINITIONAL_REPRESENTATION('',(#6128),#6132);
#6128 = LINE('',#6129,#6130);
#6129 = CARTESIAN_POINT('',(-1.826567873623,0.73727733681));
#6130 = VECTOR('',#6131,1.);
#6131 = DIRECTION('',(-3.087478290887E-17,-1.));
#6132 = ( GEOMETRIC_REPRESENTATION_CONTEXT(2) 
PARAMETRIC_REPRESENTATION_CONTEXT() REPRESENTATION_CONTEXT('2D SPACE',''
  ) );
#6133 = ORIENTED_EDGE('',*,*,#6134,.T.);
#6134 = EDGE_CURVE('',#6106,#5769,#6135,.T.);
#6135 = SURFACE_CURVE('',#6136,(#6141,#6148),.PCURVE_S1.);
#6136 = B_SPLINE_CURVE_WITH_KNOTS('',3,(#6137,#6138,#6139,#6140),
  .UNSPECIFIED.,.F.,.F.,(4,4),(-0.781600065124,-0.740989609687),
  .PIECEWISE_BEZIER_KNOTS.);
#6137 = CARTESIAN_POINT('',(-5.826567873623,3.205922747459,
    0.503805301908));
#6138 = CARTESIAN_POINT('',(-5.855603395645,3.205922747459,
    0.503805301908));
#6139 = CARTESIAN_POINT('',(-5.884634960023,3.20591831721,0.503855939884
    ));
#6140 = CARTESIAN_POINT('',(-5.913710035588,3.205909166676,
    0.503960530961));
#6141 = PCURVE('',#6078,#6142);
#6142 = DEFINITIONAL_REPRESENTATION('',(#6143),#6147);
#6143 = LINE('',#6144,#6145);
#6144 = CARTESIAN_POINT('',(-6.961476285127E-16,2.22044604925E-16));
#6145 = VECTOR('',#6146,1.);
#6146 = DIRECTION('',(-1.103175517E-15,-1.));
#6147 = ( GEOMETRIC_REPRESENTATION_CONTEXT(2) 
PARAMETRIC_REPRESENTATION_CONTEXT() REPRESENTATION_CONTEXT('2D SPACE',''
  ) );
#6148 = PCURVE('',#5786,#6149);
#6149 = DEFINITIONAL_REPRESENTATION('',(#6150),#6155);
#6150 = B_SPLINE_CURVE_WITH_KNOTS('',3,(#6151,#6152,#6153,#6154),
  .UNSPECIFIED.,.F.,.F.,(4,4),(-0.781600065124,-0.740989609687),
  .PIECEWISE_BEZIER_KNOTS.);
#6151 = CARTESIAN_POINT('',(-2.173432126377,0.505729756315));
#6152 = CARTESIAN_POINT('',(-2.144396604355,0.505729756315));
#6153 = CARTESIAN_POINT('',(-2.115365039977,0.505780587719));
#6154 = CARTESIAN_POINT('',(-2.086289964412,0.505885578318));
#6155 = ( GEOMETRIC_REPRESENTATION_CONTEXT(2) 
PARAMETRIC_REPRESENTATION_CONTEXT() REPRESENTATION_CONTEXT('2D SPACE',''
  ) );
#6156 = ORIENTED_EDGE('',*,*,#6065,.F.);
#6157 = ORIENTED_EDGE('',*,*,#6158,.T.);
#6158 = EDGE_CURVE('',#6039,#6108,#6159,.T.);
#6159 = SURFACE_CURVE('',#6160,(#6165,#6172),.PCURVE_S1.);
#6160 = B_SPLINE_CURVE_WITH_KNOTS('',3,(#6161,#6162,#6163,#6164),
  .UNSPECIFIED.,.F.,.F.,(4,4),(0.740989609687,0.781600065124),
  .PIECEWISE_BEZIER_KNOTS.);
#6161 = CARTESIAN_POINT('',(-5.869486068847,2.11789538874,1.5));
#6162 = CARTESIAN_POINT('',(-5.855196328872,2.118476216849,1.5));
#6163 = CARTESIAN_POINT('',(-5.840886341096,2.118767004711,1.5));
#6164 = CARTESIAN_POINT('',(-5.826567873623,2.118767004711,1.5));
#6165 = PCURVE('',#6078,#6166);
#6166 = DEFINITIONAL_REPRESENTATION('',(#6167),#6171);
#6167 = LINE('',#6168,#6169);
#6168 = CARTESIAN_POINT('',(1.,-2.22044604925E-16));
#6169 = VECTOR('',#6170,1.);
#6170 = DIRECTION('',(2.733835443791E-15,1.));
#6171 = ( GEOMETRIC_REPRESENTATION_CONTEXT(2) 
PARAMETRIC_REPRESENTATION_CONTEXT() REPRESENTATION_CONTEXT('2D SPACE',''
  ) );
#6172 = PCURVE('',#1734,#6173);
#6173 = DEFINITIONAL_REPRESENTATION('',(#6174),#6179);
#6174 = B_SPLINE_CURVE_WITH_KNOTS('',3,(#6175,#6176,#6177,#6178),
  .UNSPECIFIED.,.F.,.F.,(4,4),(0.740989609687,0.781600065124),
  .PIECEWISE_BEZIER_KNOTS.);
#6175 = CARTESIAN_POINT('',(-5.869486068847,2.11789538874));
#6176 = CARTESIAN_POINT('',(-5.855196328872,2.118476216849));
#6177 = CARTESIAN_POINT('',(-5.840886341096,2.118767004711));
#6178 = CARTESIAN_POINT('',(-5.826567873623,2.118767004711));
#6179 = ( GEOMETRIC_REPRESENTATION_CONTEXT(2) 
PARAMETRIC_REPRESENTATION_CONTEXT() REPRESENTATION_CONTEXT('2D SPACE',''
  ) );
#6180 = ADVANCED_FACE('',(#6181),#6122,.T.);
#6181 = FACE_BOUND('',#6182,.T.);
#6182 = EDGE_LOOP('',(#6183,#6224,#6245,#6246));
#6183 = ORIENTED_EDGE('',*,*,#6184,.T.);
#6184 = EDGE_CURVE('',#6185,#6187,#6189,.T.);
#6185 = VERTEX_POINT('',#6186);
#6186 = CARTESIAN_POINT('',(5.826567873623,2.118767004711,1.5));
#6187 = VERTEX_POINT('',#6188);
#6188 = CARTESIAN_POINT('',(5.826567873623,3.205922747459,0.503805301908
    ));
#6189 = SURFACE_CURVE('',#6190,(#6194,#6201),.PCURVE_S1.);
#6190 = LINE('',#6191,#6192);
#6191 = CARTESIAN_POINT('',(5.826567873623,2.118767004711,1.5));
#6192 = VECTOR('',#6193,1.);
#6193 = DIRECTION('',(0.,0.73727733681,-0.675590207616));
#6194 = PCURVE('',#6122,#6195);
#6195 = DEFINITIONAL_REPRESENTATION('',(#6196),#6200);
#6196 = LINE('',#6197,#6198);
#6197 = CARTESIAN_POINT('',(9.826567873623,-0.73727733681));
#6198 = VECTOR('',#6199,1.);
#6199 = DIRECTION('',(3.087478290887E-17,1.));
#6200 = ( GEOMETRIC_REPRESENTATION_CONTEXT(2) 
PARAMETRIC_REPRESENTATION_CONTEXT() REPRESENTATION_CONTEXT('2D SPACE',''
  ) );
#6201 = PCURVE('',#6202,#6219);
#6202 = B_SPLINE_SURFACE_WITH_KNOTS('',3,3,(
    (#6203,#6204,#6205,#6206)
    ,(#6207,#6208,#6209,#6210)
    ,(#6211,#6212,#6213,#6214)
    ,(#6215,#6216,#6217,#6218
    )),.UNSPECIFIED.,.F.,.F.,.F.,(4,4),(4,4),(0.,1.),(-0.781600065124,
    -0.740989609687),.PIECEWISE_BEZIER_KNOTS.);
#6203 = CARTESIAN_POINT('',(5.826567873623,3.205922747459,0.503805301908
    ));
#6204 = CARTESIAN_POINT('',(5.855603395645,3.205922747459,0.503805301908
    ));
#6205 = CARTESIAN_POINT('',(5.884634960023,3.20591831721,0.503855939884)
  );
#6206 = CARTESIAN_POINT('',(5.913710035588,3.205909166676,0.503960530961
    ));
#6207 = CARTESIAN_POINT('',(5.826567873623,2.843537499876,0.835870201272
    ));
#6208 = CARTESIAN_POINT('',(5.850697710795,2.843537499876,0.835870201272
    ));
#6209 = CARTESIAN_POINT('',(5.874822082973,2.84343761709,0.835903959922)
  );
#6210 = CARTESIAN_POINT('',(5.898968713341,2.843237907364,0.835973687307
    ));
#6211 = CARTESIAN_POINT('',(5.826567873623,2.481152252294,1.167935100636
    ));
#6212 = CARTESIAN_POINT('',(5.845792025945,2.481152252294,1.167935100636
    ));
#6213 = CARTESIAN_POINT('',(5.865009205922,2.480956916969,1.167951979961
    ));
#6214 = CARTESIAN_POINT('',(5.884227391094,2.480566648052,1.167986843654
    ));
#6215 = CARTESIAN_POINT('',(5.826567873623,2.118767004711,1.5));
#6216 = CARTESIAN_POINT('',(5.840886341095,2.118767004711,1.5));
#6217 = CARTESIAN_POINT('',(5.855196328872,2.118476216849,1.5));
#6218 = CARTESIAN_POINT('',(5.869486068847,2.11789538874,1.5));
#6219 = DEFINITIONAL_REPRESENTATION('',(#6220),#6223);
#6220 = B_SPLINE_CURVE_WITH_KNOTS('',1,(#6221,#6222),.UNSPECIFIED.,.F.,
  .F.,(2,2),(0.,1.47455467362),.PIECEWISE_BEZIER_KNOTS.);
#6221 = CARTESIAN_POINT('',(1.,-0.781600065124));
#6222 = CARTESIAN_POINT('',(4.796533098815E-17,-0.781600065124));
#6223 = ( GEOMETRIC_REPRESENTATION_CONTEXT(2) 
PARAMETRIC_REPRESENTATION_CONTEXT() REPRESENTATION_CONTEXT('2D SPACE',''
  ) );
#6224 = ORIENTED_EDGE('',*,*,#6225,.T.);
#6225 = EDGE_CURVE('',#6187,#6106,#6226,.T.);
#6226 = SURFACE_CURVE('',#6227,(#6231,#6238),.PCURVE_S1.);
#6227 = LINE('',#6228,#6229);
#6228 = CARTESIAN_POINT('',(-4.,3.205922747459,0.503805301908));
#6229 = VECTOR('',#6230,1.);
#6230 = DIRECTION('',(-1.,4.987329993433E-17,0.));
#6231 = PCURVE('',#6122,#6232);
#6232 = DEFINITIONAL_REPRESENTATION('',(#6233),#6237);
#6233 = LINE('',#6234,#6235);
#6234 = CARTESIAN_POINT('',(2.276327771764E-17,0.73727733681));
#6235 = VECTOR('',#6236,1.);
#6236 = DIRECTION('',(-1.,6.764523666238E-17));
#6237 = ( GEOMETRIC_REPRESENTATION_CONTEXT(2) 
PARAMETRIC_REPRESENTATION_CONTEXT() REPRESENTATION_CONTEXT('2D SPACE',''
  ) );
#6238 = PCURVE('',#5786,#6239);
#6239 = DEFINITIONAL_REPRESENTATION('',(#6240),#6244);
#6240 = LINE('',#6241,#6242);
#6241 = CARTESIAN_POINT('',(-4.,0.505729756315));
#6242 = VECTOR('',#6243,1.);
#6243 = DIRECTION('',(1.,-9.639929534866E-34));
#6244 = ( GEOMETRIC_REPRESENTATION_CONTEXT(2) 
PARAMETRIC_REPRESENTATION_CONTEXT() REPRESENTATION_CONTEXT('2D SPACE',''
  ) );
#6245 = ORIENTED_EDGE('',*,*,#6105,.T.);
#6246 = ORIENTED_EDGE('',*,*,#6247,.T.);
#6247 = EDGE_CURVE('',#6108,#6185,#6248,.T.);
#6248 = SURFACE_CURVE('',#6249,(#6253,#6260),.PCURVE_S1.);
#6249 = LINE('',#6250,#6251);
#6250 = CARTESIAN_POINT('',(-4.,2.118767004711,1.5));
#6251 = VECTOR('',#6252,1.);
#6252 = DIRECTION('',(1.,-4.987329993433E-17,0.));
#6253 = PCURVE('',#6122,#6254);
#6254 = DEFINITIONAL_REPRESENTATION('',(#6255),#6259);
#6255 = LINE('',#6256,#6257);
#6256 = CARTESIAN_POINT('',(-2.276327771764E-17,-0.73727733681));
#6257 = VECTOR('',#6258,1.);
#6258 = DIRECTION('',(1.,-6.764523666238E-17));
#6259 = ( GEOMETRIC_REPRESENTATION_CONTEXT(2) 
PARAMETRIC_REPRESENTATION_CONTEXT() REPRESENTATION_CONTEXT('2D SPACE',''
  ) );
#6260 = PCURVE('',#1734,#6261);
#6261 = DEFINITIONAL_REPRESENTATION('',(#6262),#6266);
#6262 = LINE('',#6263,#6264);
#6263 = CARTESIAN_POINT('',(-4.,2.118767004711));
#6264 = VECTOR('',#6265,1.);
#6265 = DIRECTION('',(1.,-4.987329993433E-17));
#6266 = ( GEOMETRIC_REPRESENTATION_CONTEXT(2) 
PARAMETRIC_REPRESENTATION_CONTEXT() REPRESENTATION_CONTEXT('2D SPACE',''
  ) );
#6267 = ADVANCED_FACE('',(#6268),#6202,.T.);
#6268 = FACE_BOUND('',#6269,.T.);
#6269 = EDGE_LOOP('',(#6270,#6314,#6337,#6338));
#6270 = ORIENTED_EDGE('',*,*,#6271,.F.);
#6271 = EDGE_CURVE('',#6272,#6274,#6276,.T.);
#6272 = VERTEX_POINT('',#6273);
#6273 = CARTESIAN_POINT('',(5.913710035588,3.205909166676,0.503960530961
    ));
#6274 = VERTEX_POINT('',#6275);
#6275 = CARTESIAN_POINT('',(5.869486068847,2.11789538874,1.5));
#6276 = SURFACE_CURVE('',#6277,(#6281,#6287),.PCURVE_S1.);
#6277 = LINE('',#6278,#6279);
#6278 = CARTESIAN_POINT('',(5.913710035588,3.205909166676,0.503960530961
    ));
#6279 = VECTOR('',#6280,1.);
#6280 = DIRECTION('',(-2.9967207064E-02,-0.737263899513,0.674939929902)
  );
#6281 = PCURVE('',#6202,#6282);
#6282 = DEFINITIONAL_REPRESENTATION('',(#6283),#6286);
#6283 = B_SPLINE_CURVE_WITH_KNOTS('',1,(#6284,#6285),.UNSPECIFIED.,.F.,
  .F.,(2,2),(0.,1.475745358826),.PIECEWISE_BEZIER_KNOTS.);
#6284 = CARTESIAN_POINT('',(-5.571756339871E-16,-0.740989609687));
#6285 = CARTESIAN_POINT('',(1.,-0.740989609687));
#6286 = ( GEOMETRIC_REPRESENTATION_CONTEXT(2) 
PARAMETRIC_REPRESENTATION_CONTEXT() REPRESENTATION_CONTEXT('2D SPACE',''
  ) );
#6287 = PCURVE('',#6288,#6309);
#6288 = B_SPLINE_SURFACE_WITH_KNOTS('',3,3,(
    (#6289,#6290,#6291,#6292,#6293)
    ,(#6294,#6295,#6296,#6297,#6298)
    ,(#6299,#6300,#6301,#6302,#6303)
    ,(#6304,#6305,#6306,#6307,#6308
    )),.UNSPECIFIED.,.F.,.F.,.F.,(4,4),(4,1,4),(0.,1.),(-0.740989609687,
    -0.105855658527,0.740989609687),.UNSPECIFIED.);
#6289 = CARTESIAN_POINT('',(5.913710035588,3.205909166676,0.503960530961
    ));
#6290 = CARTESIAN_POINT('',(6.368434500639,3.205766055389,0.505596300458
    ));
#6291 = CARTESIAN_POINT('',(7.446346716626,2.837502218885,0.50926966345)
  );
#6292 = CARTESIAN_POINT('',(7.955718351627,1.770009322322,0.506141556957
    ));
#6293 = CARTESIAN_POINT('',(7.955909166676,1.163710035588,0.503960530961
    ));
#6294 = CARTESIAN_POINT('',(5.898968713341,2.843237907364,0.835973687307
    ));
#6295 = CARTESIAN_POINT('',(6.276613942581,2.840114514001,0.837064200306
    ));
#6296 = CARTESIAN_POINT('',(7.165082730592,2.530943608841,0.839513108966
    ));
#6297 = CARTESIAN_POINT('',(7.589073382879,1.652495685661,0.837427704638
    ));
#6298 = CARTESIAN_POINT('',(7.593237907364,1.148968713341,0.835973687307
    ));
#6299 = CARTESIAN_POINT('',(5.884227391094,2.480566648052,1.167986843654
    ));
#6300 = CARTESIAN_POINT('',(6.184793384524,2.474462972612,1.168532100153
    ));
#6301 = CARTESIAN_POINT('',(6.883818744559,2.224384998796,1.169756554483
    ));
#6302 = CARTESIAN_POINT('',(7.222428414132,1.534982049001,1.168713852319
    ));
#6303 = CARTESIAN_POINT('',(7.230566648052,1.134227391094,1.167986843654
    ));
#6304 = CARTESIAN_POINT('',(5.869486068847,2.11789538874,1.5));
#6305 = CARTESIAN_POINT('',(6.092972826467,2.108811431223,1.5));
#6306 = CARTESIAN_POINT('',(6.602554758526,1.917826388752,1.5));
#6307 = CARTESIAN_POINT('',(6.855783445384,1.41746841234,1.5));
#6308 = CARTESIAN_POINT('',(6.86789538874,1.119486068847,1.5));
#6309 = DEFINITIONAL_REPRESENTATION('',(#6310),#6313);
#6310 = B_SPLINE_CURVE_WITH_KNOTS('',1,(#6311,#6312),.UNSPECIFIED.,.F.,
  .F.,(2,2),(0.,1.475745358826),.PIECEWISE_BEZIER_KNOTS.);
#6311 = CARTESIAN_POINT('',(4.629267208277E-17,-0.740989609687));
#6312 = CARTESIAN_POINT('',(1.,-0.740989609687));
#6313 = ( GEOMETRIC_REPRESENTATION_CONTEXT(2) 
PARAMETRIC_REPRESENTATION_CONTEXT() REPRESENTATION_CONTEXT('2D SPACE',''
  ) );
#6314 = ORIENTED_EDGE('',*,*,#6315,.T.);
#6315 = EDGE_CURVE('',#6272,#6187,#6316,.T.);
#6316 = SURFACE_CURVE('',#6317,(#6322,#6329),.PCURVE_S1.);
#6317 = B_SPLINE_CURVE_WITH_KNOTS('',3,(#6318,#6319,#6320,#6321),
  .UNSPECIFIED.,.F.,.F.,(4,4),(0.740989609687,0.781600065124),
  .PIECEWISE_BEZIER_KNOTS.);
#6318 = CARTESIAN_POINT('',(5.913710035588,3.205909166676,0.503960530961
    ));
#6319 = CARTESIAN_POINT('',(5.884634960023,3.20591831721,0.503855939884)
  );
#6320 = CARTESIAN_POINT('',(5.855603395645,3.205922747459,0.503805301908
    ));
#6321 = CARTESIAN_POINT('',(5.826567873623,3.205922747459,0.503805301908
    ));
#6322 = PCURVE('',#6202,#6323);
#6323 = DEFINITIONAL_REPRESENTATION('',(#6324),#6328);
#6324 = LINE('',#6325,#6326);
#6325 = CARTESIAN_POINT('',(-9.094145892888E-16,-3.330669073875E-16));
#6326 = VECTOR('',#6327,1.);
#6327 = DIRECTION('',(1.117934872221E-15,-1.));
#6328 = ( GEOMETRIC_REPRESENTATION_CONTEXT(2) 
PARAMETRIC_REPRESENTATION_CONTEXT() REPRESENTATION_CONTEXT('2D SPACE',''
  ) );
#6329 = PCURVE('',#5786,#6330);
#6330 = DEFINITIONAL_REPRESENTATION('',(#6331),#6336);
#6331 = B_SPLINE_CURVE_WITH_KNOTS('',3,(#6332,#6333,#6334,#6335),
  .UNSPECIFIED.,.F.,.F.,(4,4),(0.740989609687,0.781600065124),
  .PIECEWISE_BEZIER_KNOTS.);
#6332 = CARTESIAN_POINT('',(-13.91371003558,0.505885578318));
#6333 = CARTESIAN_POINT('',(-13.88463496002,0.505780587719));
#6334 = CARTESIAN_POINT('',(-13.85560339564,0.505729756315));
#6335 = CARTESIAN_POINT('',(-13.82656787362,0.505729756315));
#6336 = ( GEOMETRIC_REPRESENTATION_CONTEXT(2) 
PARAMETRIC_REPRESENTATION_CONTEXT() REPRESENTATION_CONTEXT('2D SPACE',''
  ) );
#6337 = ORIENTED_EDGE('',*,*,#6184,.F.);
#6338 = ORIENTED_EDGE('',*,*,#6339,.T.);
#6339 = EDGE_CURVE('',#6185,#6274,#6340,.T.);
#6340 = SURFACE_CURVE('',#6341,(#6346,#6353),.PCURVE_S1.);
#6341 = B_SPLINE_CURVE_WITH_KNOTS('',3,(#6342,#6343,#6344,#6345),
  .UNSPECIFIED.,.F.,.F.,(4,4),(-0.781600065124,-0.740989609687),
  .PIECEWISE_BEZIER_KNOTS.);
#6342 = CARTESIAN_POINT('',(5.826567873623,2.118767004711,1.5));
#6343 = CARTESIAN_POINT('',(5.840886341095,2.118767004711,1.5));
#6344 = CARTESIAN_POINT('',(5.855196328872,2.118476216849,1.5));
#6345 = CARTESIAN_POINT('',(5.869486068847,2.11789538874,1.5));
#6346 = PCURVE('',#6202,#6347);
#6347 = DEFINITIONAL_REPRESENTATION('',(#6348),#6352);
#6348 = LINE('',#6349,#6350);
#6349 = CARTESIAN_POINT('',(1.,1.110223024625E-16));
#6350 = VECTOR('',#6351,1.);
#6351 = DIRECTION('',(-5.467670887582E-15,1.));
#6352 = ( GEOMETRIC_REPRESENTATION_CONTEXT(2) 
PARAMETRIC_REPRESENTATION_CONTEXT() REPRESENTATION_CONTEXT('2D SPACE',''
  ) );
#6353 = PCURVE('',#1734,#6354);
#6354 = DEFINITIONAL_REPRESENTATION('',(#6355),#6360);
#6355 = B_SPLINE_CURVE_WITH_KNOTS('',3,(#6356,#6357,#6358,#6359),
  .UNSPECIFIED.,.F.,.F.,(4,4),(-0.781600065124,-0.740989609687),
  .PIECEWISE_BEZIER_KNOTS.);
#6356 = CARTESIAN_POINT('',(5.826567873623,2.118767004711));
#6357 = CARTESIAN_POINT('',(5.840886341095,2.118767004711));
#6358 = CARTESIAN_POINT('',(5.855196328872,2.118476216849));
#6359 = CARTESIAN_POINT('',(5.869486068847,2.11789538874));
#6360 = ( GEOMETRIC_REPRESENTATION_CONTEXT(2) 
PARAMETRIC_REPRESENTATION_CONTEXT() REPRESENTATION_CONTEXT('2D SPACE',''
  ) );
#6361 = ADVANCED_FACE('',(#6362),#6288,.T.);
#6362 = FACE_BOUND('',#6363,.T.);
#6363 = EDGE_LOOP('',(#6364,#6365,#6392,#6430));
#6364 = ORIENTED_EDGE('',*,*,#6271,.T.);
#6365 = ORIENTED_EDGE('',*,*,#6366,.T.);
#6366 = EDGE_CURVE('',#6274,#6367,#6369,.T.);
#6367 = VERTEX_POINT('',#6368);
#6368 = CARTESIAN_POINT('',(6.86789538874,1.119486068847,1.5));
#6369 = SURFACE_CURVE('',#6370,(#6376,#6383),.PCURVE_S1.);
#6370 = B_SPLINE_CURVE_WITH_KNOTS('',3,(#6371,#6372,#6373,#6374,#6375),
  .UNSPECIFIED.,.F.,.F.,(4,1,4),(-0.740989609687,-0.105855658527,
    0.740989609687),.UNSPECIFIED.);
#6371 = CARTESIAN_POINT('',(5.869486068847,2.11789538874,1.5));
#6372 = CARTESIAN_POINT('',(6.092972826467,2.108811431223,1.5));
#6373 = CARTESIAN_POINT('',(6.602554758526,1.917826388752,1.5));
#6374 = CARTESIAN_POINT('',(6.855783445384,1.41746841234,1.5));
#6375 = CARTESIAN_POINT('',(6.86789538874,1.119486068847,1.5));
#6376 = PCURVE('',#6288,#6377);
#6377 = DEFINITIONAL_REPRESENTATION('',(#6378),#6382);
#6378 = LINE('',#6379,#6380);
#6379 = CARTESIAN_POINT('',(1.,1.110223024625E-15));
#6380 = VECTOR('',#6381,1.);
#6381 = DIRECTION('',(-7.491488477781E-16,1.));
#6382 = ( GEOMETRIC_REPRESENTATION_CONTEXT(2) 
PARAMETRIC_REPRESENTATION_CONTEXT() REPRESENTATION_CONTEXT('2D SPACE',''
  ) );
#6383 = PCURVE('',#1734,#6384);
#6384 = DEFINITIONAL_REPRESENTATION('',(#6385),#6391);
#6385 = B_SPLINE_CURVE_WITH_KNOTS('',3,(#6386,#6387,#6388,#6389,#6390),
  .UNSPECIFIED.,.F.,.F.,(4,1,4),(-0.740989609687,-0.105855658527,
    0.740989609687),.UNSPECIFIED.);
#6386 = CARTESIAN_POINT('',(5.869486068847,2.11789538874));
#6387 = CARTESIAN_POINT('',(6.092972826467,2.108811431223));
#6388 = CARTESIAN_POINT('',(6.602554758526,1.917826388752));
#6389 = CARTESIAN_POINT('',(6.855783445384,1.41746841234));
#6390 = CARTESIAN_POINT('',(6.86789538874,1.119486068847));
#6391 = ( GEOMETRIC_REPRESENTATION_CONTEXT(2) 
PARAMETRIC_REPRESENTATION_CONTEXT() REPRESENTATION_CONTEXT('2D SPACE',''
  ) );
#6392 = ORIENTED_EDGE('',*,*,#6393,.T.);
#6393 = EDGE_CURVE('',#6367,#6394,#6396,.T.);
#6394 = VERTEX_POINT('',#6395);
#6395 = CARTESIAN_POINT('',(7.955909166676,1.163710035588,0.503960530961
    ));
#6396 = SURFACE_CURVE('',#6397,(#6401,#6407),.PCURVE_S1.);
#6397 = LINE('',#6398,#6399);
#6398 = CARTESIAN_POINT('',(6.86789538874,1.119486068847,1.5));
#6399 = VECTOR('',#6400,1.);
#6400 = DIRECTION('',(0.737263899513,2.9967207064E-02,-0.674939929902));
#6401 = PCURVE('',#6288,#6402);
#6402 = DEFINITIONAL_REPRESENTATION('',(#6403),#6406);
#6403 = B_SPLINE_CURVE_WITH_KNOTS('',1,(#6404,#6405),.UNSPECIFIED.,.F.,
  .F.,(2,2),(0.,1.475745358826),.PIECEWISE_BEZIER_KNOTS.);
#6404 = CARTESIAN_POINT('',(1.,0.740989609687));
#6405 = CARTESIAN_POINT('',(-8.615700145474E-17,0.740989609687));
#6406 = ( GEOMETRIC_REPRESENTATION_CONTEXT(2) 
PARAMETRIC_REPRESENTATION_CONTEXT() REPRESENTATION_CONTEXT('2D SPACE',''
  ) );
#6407 = PCURVE('',#6408,#6425);
#6408 = B_SPLINE_SURFACE_WITH_KNOTS('',3,3,(
    (#6409,#6410,#6411,#6412)
    ,(#6413,#6414,#6415,#6416)
    ,(#6417,#6418,#6419,#6420)
    ,(#6421,#6422,#6423,#6424
    )),.UNSPECIFIED.,.F.,.F.,.F.,(4,4),(4,4),(0.,1.),(0.740989609687,
    0.781600065124),.PIECEWISE_BEZIER_KNOTS.);
#6409 = CARTESIAN_POINT('',(7.955909166676,1.163710035588,0.503960530961
    ));
#6410 = CARTESIAN_POINT('',(7.95591831721,1.134634960023,0.503855939884)
  );
#6411 = CARTESIAN_POINT('',(7.955922747459,1.105603395645,0.503805301908
    ));
#6412 = CARTESIAN_POINT('',(7.955922747459,1.076567873623,0.503805301908
    ));
#6413 = CARTESIAN_POINT('',(7.593237907364,1.148968713341,0.835973687307
    ));
#6414 = CARTESIAN_POINT('',(7.59343761709,1.124822082973,0.835903959922)
  );
#6415 = CARTESIAN_POINT('',(7.593537499876,1.100697710795,0.835870201272
    ));
#6416 = CARTESIAN_POINT('',(7.593537499876,1.076567873623,0.835870201272
    ));
#6417 = CARTESIAN_POINT('',(7.230566648052,1.134227391094,1.167986843654
    ));
#6418 = CARTESIAN_POINT('',(7.230956916969,1.115009205922,1.167951979961
    ));
#6419 = CARTESIAN_POINT('',(7.231152252294,1.095792025945,1.167935100636
    ));
#6420 = CARTESIAN_POINT('',(7.231152252294,1.076567873623,1.167935100636
    ));
#6421 = CARTESIAN_POINT('',(6.86789538874,1.119486068847,1.5));
#6422 = CARTESIAN_POINT('',(6.868476216849,1.105196328872,1.5));
#6423 = CARTESIAN_POINT('',(6.868767004711,1.090886341096,1.5));
#6424 = CARTESIAN_POINT('',(6.868767004711,1.076567873623,1.5));
#6425 = DEFINITIONAL_REPRESENTATION('',(#6426),#6429);
#6426 = B_SPLINE_CURVE_WITH_KNOTS('',1,(#6427,#6428),.UNSPECIFIED.,.F.,
  .F.,(2,2),(0.,1.475745358826),.PIECEWISE_BEZIER_KNOTS.);
#6427 = CARTESIAN_POINT('',(1.,0.740989609687));
#6428 = CARTESIAN_POINT('',(1.499687286413E-16,0.740989609687));
#6429 = ( GEOMETRIC_REPRESENTATION_CONTEXT(2) 
PARAMETRIC_REPRESENTATION_CONTEXT() REPRESENTATION_CONTEXT('2D SPACE',''
  ) );
#6430 = ORIENTED_EDGE('',*,*,#6431,.T.);
#6431 = EDGE_CURVE('',#6394,#6272,#6432,.T.);
#6432 = SURFACE_CURVE('',#6433,(#6439,#6446),.PCURVE_S1.);
#6433 = B_SPLINE_CURVE_WITH_KNOTS('',3,(#6434,#6435,#6436,#6437,#6438),
  .UNSPECIFIED.,.F.,.F.,(4,1,4),(-0.740989609687,0.105855658527,
    0.740989609687),.UNSPECIFIED.);
#6434 = CARTESIAN_POINT('',(7.955909166676,1.163710035588,0.503960530961
    ));
#6435 = CARTESIAN_POINT('',(7.955718351627,1.770009322322,0.506141556957
    ));
#6436 = CARTESIAN_POINT('',(7.446346716626,2.837502218885,0.50926966345)
  );
#6437 = CARTESIAN_POINT('',(6.368434500639,3.205766055389,0.505596300458
    ));
#6438 = CARTESIAN_POINT('',(5.913710035588,3.205909166676,0.503960530961
    ));
#6439 = PCURVE('',#6288,#6440);
#6440 = DEFINITIONAL_REPRESENTATION('',(#6441),#6445);
#6441 = LINE('',#6442,#6443);
#6442 = CARTESIAN_POINT('',(-8.814376870659E-16,2.22044604925E-16));
#6443 = VECTOR('',#6444,1.);
#6444 = DIRECTION('',(1.252015341403E-15,-1.));
#6445 = ( GEOMETRIC_REPRESENTATION_CONTEXT(2) 
PARAMETRIC_REPRESENTATION_CONTEXT() REPRESENTATION_CONTEXT('2D SPACE',''
  ) );
#6446 = PCURVE('',#6447,#6452);
#6447 = CYLINDRICAL_SURFACE('',#6448,2.05);
#6448 = AXIS2_PLACEMENT_3D('',#6449,#6450,#6451);
#6449 = CARTESIAN_POINT('',(5.912885857731,1.162885857731,0.334711654341
    ));
#6450 = DIRECTION('',(8.682659386425E-02,8.682659386425E-02,
    -0.992432509139));
#6451 = DIRECTION('',(0.701755757082,0.701755757082,0.122791346617));
#6452 = DEFINITIONAL_REPRESENTATION('',(#6453),#6479);
#6453 = B_SPLINE_CURVE_WITH_KNOTS('',3,(#6454,#6455,#6456,#6457,#6458,
    #6459,#6460,#6461,#6462,#6463,#6464,#6465,#6466,#6467,#6468,#6469,
    #6470,#6471,#6472,#6473,#6474,#6475,#6476,#6477,#6478),
  .UNSPECIFIED.,.F.,.F.,(4,1,1,1,1,1,1,1,1,1,1,1,1,1,1,1,1,1,1,1,1,1,4),
  (-0.740989609687,-0.673626917897,-0.606264226108,-0.538901534318,
    -0.471538842528,-0.404176150738,-0.336813458949,-0.269450767159,
    -0.202088075369,-0.134725383579,-6.736269178973E-02,
    -9.992007221626E-16,6.736269178973E-02,0.134725383579,0.202088075369
    ,0.269450767159,0.336813458949,0.404176150738,0.471538842528,
    0.538901534318,0.606264226108,0.673626917897,0.740989609687),
  .UNSPECIFIED.);
#6454 = CARTESIAN_POINT('',(7.064785372304,9.49222836412E-03));
#6455 = CARTESIAN_POINT('',(7.041344103037,1.350623621691E-02));
#6456 = CARTESIAN_POINT('',(6.994412819663,2.122364254742E-02));
#6457 = CARTESIAN_POINT('',(6.923840845936,3.184015665667E-02));
#6458 = CARTESIAN_POINT('',(6.853050993842,4.146930810159E-02));
#6459 = CARTESIAN_POINT('',(6.782049488109,5.008332966216E-02));
#6460 = CARTESIAN_POINT('',(6.710865907626,5.765445390363E-02));
#6461 = CARTESIAN_POINT('',(6.639550279732,6.415491419239E-02));
#6462 = CARTESIAN_POINT('',(6.568163216447,6.955694090496E-02));
#6463 = CARTESIAN_POINT('',(6.496767357633,7.383277557627E-02));
#6464 = CARTESIAN_POINT('',(6.425418237442,7.695461809746E-02));
#6465 = CARTESIAN_POINT('',(6.354155652746,7.889482377639E-02));
#6466 = CARTESIAN_POINT('',(6.282995006283,7.962516789784E-02));
#6467 = CARTESIAN_POINT('',(6.211921347991,7.911959042225E-02));
#6468 = CARTESIAN_POINT('',(6.140876971188,7.734395263039E-02));
#6469 = CARTESIAN_POINT('',(6.069780469936,7.429981929922E-02));
#6470 = CARTESIAN_POINT('',(5.998607006867,7.003748953591E-02));
#6471 = CARTESIAN_POINT('',(5.927366444768,6.459773133689E-02));
#6472 = CARTESIAN_POINT('',(5.856097992455,5.802386655203E-02));
#6473 = CARTESIAN_POINT('',(5.784860354213,5.035853272814E-02));
#6474 = CARTESIAN_POINT('',(5.713722547564,4.16445507708E-02));
#6475 = CARTESIAN_POINT('',(5.642753015621,3.192469245358E-02));
#6476 = CARTESIAN_POINT('',(5.57201305737,2.124174271941E-02));
#6477 = CARTESIAN_POINT('',(5.525027594756,1.350623621691E-02));
#6478 = CARTESIAN_POINT('',(5.501585242055,9.492228364119E-03));
#6479 = ( GEOMETRIC_REPRESENTATION_CONTEXT(2) 
PARAMETRIC_REPRESENTATION_CONTEXT() REPRESENTATION_CONTEXT('2D SPACE',''
  ) );
#6480 = ADVANCED_FACE('',(#6481),#6447,.T.);
#6481 = FACE_BOUND('',#6482,.T.);
#6482 = EDGE_LOOP('',(#6483,#6506,#6507,#6530,#6553,#6608,#6636));
#6483 = ORIENTED_EDGE('',*,*,#6484,.T.);
#6484 = EDGE_CURVE('',#6485,#6272,#6487,.T.);
#6485 = VERTEX_POINT('',#6486);
#6486 = CARTESIAN_POINT('',(6.023050568436,3.315249699524,
    -0.745807478295));
#6487 = SURFACE_CURVE('',#6488,(#6492,#6499),.PCURVE_S1.);
#6488 = LINE('',#6489,#6490);
#6489 = CARTESIAN_POINT('',(5.912885857731,3.205084988819,0.513380926974
    ));
#6490 = VECTOR('',#6491,1.);
#6491 = DIRECTION('',(-8.682659386425E-02,-8.682659386425E-02,
    0.992432509139));
#6492 = PCURVE('',#6447,#6493);
#6493 = DEFINITIONAL_REPRESENTATION('',(#6494),#6498);
#6494 = LINE('',#6495,#6496);
#6495 = CARTESIAN_POINT('',(5.501585242055,8.881784197001E-16));
#6496 = VECTOR('',#6497,1.);
#6497 = DIRECTION('',(-7.052966079287E-16,-1.));
#6498 = ( GEOMETRIC_REPRESENTATION_CONTEXT(2) 
PARAMETRIC_REPRESENTATION_CONTEXT() REPRESENTATION_CONTEXT('2D SPACE',''
  ) );
#6499 = PCURVE('',#5786,#6500);
#6500 = DEFINITIONAL_REPRESENTATION('',(#6501),#6505);
#6501 = LINE('',#6502,#6503);
#6502 = CARTESIAN_POINT('',(-13.91288585773,0.515341958713));
#6503 = VECTOR('',#6504,1.);
#6504 = DIRECTION('',(8.682659386425E-02,0.996223440097));
#6505 = ( GEOMETRIC_REPRESENTATION_CONTEXT(2) 
PARAMETRIC_REPRESENTATION_CONTEXT() REPRESENTATION_CONTEXT('2D SPACE',''
  ) );
#6506 = ORIENTED_EDGE('',*,*,#6431,.F.);
#6507 = ORIENTED_EDGE('',*,*,#6508,.T.);
#6508 = EDGE_CURVE('',#6394,#6509,#6511,.T.);
#6509 = VERTEX_POINT('',#6510);
#6510 = CARTESIAN_POINT('',(8.108994031287,1.316794900199,
    -1.245807478295));
#6511 = SURFACE_CURVE('',#6512,(#6516,#6523),.PCURVE_S1.);
#6512 = LINE('',#6513,#6514);
#6513 = CARTESIAN_POINT('',(7.955084988819,1.162885857731,0.513380926974
    ));
#6514 = VECTOR('',#6515,1.);
#6515 = DIRECTION('',(8.682659386425E-02,8.682659386425E-02,
    -0.992432509139));
#6516 = PCURVE('',#6447,#6517);
#6517 = DEFINITIONAL_REPRESENTATION('',(#6518),#6522);
#6518 = LINE('',#6519,#6520);
#6519 = CARTESIAN_POINT('',(7.064785372304,2.083402894648E-15));
#6520 = VECTOR('',#6521,1.);
#6521 = DIRECTION('',(0.,1.));
#6522 = ( GEOMETRIC_REPRESENTATION_CONTEXT(2) 
PARAMETRIC_REPRESENTATION_CONTEXT() REPRESENTATION_CONTEXT('2D SPACE',''
  ) );
#6523 = PCURVE('',#1283,#6524);
#6524 = DEFINITIONAL_REPRESENTATION('',(#6525),#6529);
#6525 = LINE('',#6526,#6527);
#6526 = CARTESIAN_POINT('',(-2.087114142269,0.515341958713));
#6527 = VECTOR('',#6528,1.);
#6528 = DIRECTION('',(8.682659386425E-02,-0.996223440097));
#6529 = ( GEOMETRIC_REPRESENTATION_CONTEXT(2) 
PARAMETRIC_REPRESENTATION_CONTEXT() REPRESENTATION_CONTEXT('2D SPACE',''
  ) );
#6530 = ORIENTED_EDGE('',*,*,#6531,.F.);
#6531 = EDGE_CURVE('',#6532,#6509,#6534,.T.);
#6532 = VERTEX_POINT('',#6533);
#6533 = CARTESIAN_POINT('',(8.104170822266,1.671454202827,-1.5));
#6534 = SURFACE_CURVE('',#6535,(#6540,#6546),.PCURVE_S1.);
#6535 = ELLIPSE('',#6536,2.92124429235,2.05);
#6536 = AXIS2_PLACEMENT_3D('',#6537,#6538,#6539);
#6537 = CARTESIAN_POINT('',(6.177501618591,1.427501618591,
    -2.689860332421));
#6538 = DIRECTION('',(0.5,-0.5,-0.707106781187));
#6539 = DIRECTION('',(-0.370641151082,0.614393108083,-0.696524404357));
#6540 = PCURVE('',#6447,#6541);
#6541 = DEFINITIONAL_REPRESENTATION('',(#6542),#6545);
#6542 = B_SPLINE_CURVE_WITH_KNOTS('',1,(#6543,#6544),.UNSPECIFIED.,.F.,
  .F.,(2,2),(2.067860559733,2.230216659353),.PIECEWISE_BEZIER_KNOTS.);
#6543 = CARTESIAN_POINT('',(6.902429272684,2.055246557473));
#6544 = CARTESIAN_POINT('',(7.064785372304,1.772602558934));
#6545 = ( GEOMETRIC_REPRESENTATION_CONTEXT(2) 
PARAMETRIC_REPRESENTATION_CONTEXT() REPRESENTATION_CONTEXT('2D SPACE',''
  ) );
#6546 = PCURVE('',#1255,#6547);
#6547 = DEFINITIONAL_REPRESENTATION('',(#6548),#6552);
#6548 = ELLIPSE('',#6549,2.92124429235,2.05);
#6549 = AXIS2_PLACEMENT_2D('',#6550,#6551);
#6550 = CARTESIAN_POINT('',(0.186778619447,3.262778258521));
#6551 = DIRECTION('',(0.704765784962,0.70944005268));
#6552 = ( GEOMETRIC_REPRESENTATION_CONTEXT(2) 
PARAMETRIC_REPRESENTATION_CONTEXT() REPRESENTATION_CONTEXT('2D SPACE',''
  ) );
#6553 = ORIENTED_EDGE('',*,*,#6554,.T.);
#6554 = EDGE_CURVE('',#6532,#6555,#6557,.T.);
#6555 = VERTEX_POINT('',#6556);
#6556 = CARTESIAN_POINT('',(6.421454202827,3.354170822266,-1.5));
#6557 = SURFACE_CURVE('',#6558,(#6563,#6592),.PCURVE_S1.);
#6558 = ELLIPSE('',#6559,2.065631648623,2.05);
#6559 = AXIS2_PLACEMENT_3D('',#6560,#6561,#6562);
#6560 = CARTESIAN_POINT('',(6.073402328325,1.323402328325,-1.5));
#6561 = DIRECTION('',(0.,0.,1.));
#6562 = DIRECTION('',(0.707106781187,0.707106781187,-0.));
#6563 = PCURVE('',#6447,#6564);
#6564 = DEFINITIONAL_REPRESENTATION('',(#6565),#6591);
#6565 = B_SPLINE_CURVE_WITH_KNOTS('',3,(#6566,#6567,#6568,#6569,#6570,
    #6571,#6572,#6573,#6574,#6575,#6576,#6577,#6578,#6579,#6580,#6581,
    #6582,#6583,#6584,#6585,#6586,#6587,#6588,#6589,#6590),
  .UNSPECIFIED.,.F.,.F.,(4,1,1,1,1,1,1,1,1,1,1,1,1,1,1,1,1,1,1,1,1,1,4),
  (5.663941341675,5.72023624763,5.776531153585,5.83282605954,
    5.889120965495,5.94541587145,6.001710777405,6.05800568336,
    6.114300589315,6.17059549527,6.226890401225,6.28318530718,
    6.339480213135,6.39577511909,6.452070025045,6.508364931,
    6.564659836955,6.62095474291,6.677249648865,6.73354455482,
    6.789839460774,6.846134366729,6.902429272684),
  .QUASI_UNIFORM_KNOTS.);
#6566 = CARTESIAN_POINT('',(6.902429272685,2.055246557473));
#6567 = CARTESIAN_POINT('',(6.883664304033,2.058009291138));
#6568 = CARTESIAN_POINT('',(6.84613436673,2.063315886014));
#6569 = CARTESIAN_POINT('',(6.789839460775,2.070596323953));
#6570 = CARTESIAN_POINT('',(6.73354455482,2.077173602757));
#6571 = CARTESIAN_POINT('',(6.677249648865,2.0830270548));
#6572 = CARTESIAN_POINT('',(6.62095474291,2.088138088881));
#6573 = CARTESIAN_POINT('',(6.564659836955,2.092490524095));
#6574 = CARTESIAN_POINT('',(6.508364931,2.096070567421));
#6575 = CARTESIAN_POINT('',(6.452070025045,2.09886687716));
#6576 = CARTESIAN_POINT('',(6.39577511909,2.100870593587));
#6577 = CARTESIAN_POINT('',(6.339480213135,2.10207536843));
#6578 = CARTESIAN_POINT('',(6.28318530718,2.102477384609));
#6579 = CARTESIAN_POINT('',(6.226890401225,2.10207536843));
#6580 = CARTESIAN_POINT('',(6.17059549527,2.100870593587));
#6581 = CARTESIAN_POINT('',(6.114300589315,2.09886687716));
#6582 = CARTESIAN_POINT('',(6.05800568336,2.096070567421));
#6583 = CARTESIAN_POINT('',(6.001710777405,2.092490524095));
#6584 = CARTESIAN_POINT('',(5.94541587145,2.088138088881));
#6585 = CARTESIAN_POINT('',(5.889120965495,2.0830270548));
#6586 = CARTESIAN_POINT('',(5.83282605954,2.077173602757));
#6587 = CARTESIAN_POINT('',(5.776531153585,2.070596323953));
#6588 = CARTESIAN_POINT('',(5.72023624763,2.063315886014));
#6589 = CARTESIAN_POINT('',(5.682706310326,2.058009291138));
#6590 = CARTESIAN_POINT('',(5.663941341675,2.055246557473));
#6591 = ( GEOMETRIC_REPRESENTATION_CONTEXT(2) 
PARAMETRIC_REPRESENTATION_CONTEXT() REPRESENTATION_CONTEXT('2D SPACE',''
  ) );
#6592 = PCURVE('',#6593,#6598);
#6593 = PLANE('',#6594);
#6594 = AXIS2_PLACEMENT_3D('',#6595,#6596,#6597);
#6595 = CARTESIAN_POINT('',(7.55760255977,2.80760255977,-1.5));
#6596 = DIRECTION('',(0.,0.,-1.));
#6597 = DIRECTION('',(1.,0.,0.));
#6598 = DEFINITIONAL_REPRESENTATION('',(#6599),#6607);
#6599 = ( BOUNDED_CURVE() B_SPLINE_CURVE(2,(#6600,#6601,#6602,#6603,
#6604,#6605,#6606),.UNSPECIFIED.,.T.,.F.) B_SPLINE_CURVE_WITH_KNOTS((1,2
    ,2,2,2,1),(-2.094395102393,0.,2.094395102393,4.188790204786,
6.28318530718,8.377580409573),.UNSPECIFIED.) CURVE() 
GEOMETRIC_REPRESENTATION_ITEM() RATIONAL_B_SPLINE_CURVE((1.,0.5,1.,0.5,
1.,0.5,1.)) REPRESENTATION_ITEM('') );
#6600 = CARTESIAN_POINT('',(-2.357808527017E-02,2.357808527016E-02));
#6601 = CARTESIAN_POINT('',(-2.534305071623,-2.487148901083));
#6602 = CARTESIAN_POINT('',(-3.469874797709,0.959147811356));
#6603 = CARTESIAN_POINT('',(-4.405444523795,4.405444523795));
#6604 = CARTESIAN_POINT('',(-0.959147811356,3.469874797709));
#6605 = CARTESIAN_POINT('',(2.487148901083,2.534305071623));
#6606 = CARTESIAN_POINT('',(-2.357808527017E-02,2.357808527016E-02));
#6607 = ( GEOMETRIC_REPRESENTATION_CONTEXT(2) 
PARAMETRIC_REPRESENTATION_CONTEXT() REPRESENTATION_CONTEXT('2D SPACE',''
  ) );
#6608 = ORIENTED_EDGE('',*,*,#6609,.T.);
#6609 = EDGE_CURVE('',#6555,#6610,#6612,.T.);
#6610 = VERTEX_POINT('',#6611);
#6611 = CARTESIAN_POINT('',(6.377709871064,3.310426490503,-1.));
#6612 = SURFACE_CURVE('',#6613,(#6617,#6624),.PCURVE_S1.);
#6613 = LINE('',#6614,#6615);
#6614 = CARTESIAN_POINT('',(6.24300414469,3.175720764129,0.539693497932)
  );
#6615 = VECTOR('',#6616,1.);
#6616 = DIRECTION('',(-8.682659386425E-02,-8.682659386425E-02,
    0.992432509139));
#6617 = PCURVE('',#6447,#6618);
#6618 = DEFINITIONAL_REPRESENTATION('',(#6619),#6623);
#6619 = LINE('',#6620,#6621);
#6620 = CARTESIAN_POINT('',(5.663941341675,-2.22044604925E-15));
#6621 = VECTOR('',#6622,1.);
#6622 = DIRECTION('',(0.,-1.));
#6623 = ( GEOMETRIC_REPRESENTATION_CONTEXT(2) 
PARAMETRIC_REPRESENTATION_CONTEXT() REPRESENTATION_CONTEXT('2D SPACE',''
  ) );
#6624 = PCURVE('',#6625,#6630);
#6625 = PLANE('',#6626);
#6626 = AXIS2_PLACEMENT_3D('',#6627,#6628,#6629);
#6627 = CARTESIAN_POINT('',(6.742864431923,3.675581051361,-3.));
#6628 = DIRECTION('',(-0.707106781187,0.707106781187,0.));
#6629 = DIRECTION('',(-0.707106781187,-0.707106781187,0.));
#6630 = DEFINITIONAL_REPRESENTATION('',(#6631),#6635);
#6631 = LINE('',#6632,#6633);
#6632 = CARTESIAN_POINT('',(0.706909197496,3.539693497932));
#6633 = VECTOR('',#6634,1.);
#6634 = DIRECTION('',(0.122791346617,0.992432509139));
#6635 = ( GEOMETRIC_REPRESENTATION_CONTEXT(2) 
PARAMETRIC_REPRESENTATION_CONTEXT() REPRESENTATION_CONTEXT('2D SPACE',''
  ) );
#6636 = ORIENTED_EDGE('',*,*,#6637,.F.);
#6637 = EDGE_CURVE('',#6485,#6610,#6638,.T.);
#6638 = SURFACE_CURVE('',#6639,(#6644,#6650),.PCURVE_S1.);
#6639 = ELLIPSE('',#6640,2.92124429235,2.05);
#6640 = AXIS2_PLACEMENT_3D('',#6641,#6642,#6643);
#6641 = CARTESIAN_POINT('',(6.133757286828,1.383757286828,
    -2.189860332421));
#6642 = DIRECTION('',(-0.5,0.5,-0.707106781187));
#6643 = DIRECTION('',(0.614393108083,-0.370641151082,-0.696524404357));
#6644 = PCURVE('',#6447,#6645);
#6645 = DEFINITIONAL_REPRESENTATION('',(#6646),#6649);
#6646 = B_SPLINE_CURVE_WITH_KNOTS('',1,(#6647,#6648),.UNSPECIFIED.,.F.,
  .F.,(2,2),(4.052968647827,4.215324747446),.PIECEWISE_BEZIER_KNOTS.);
#6647 = CARTESIAN_POINT('',(5.501585242055,1.268789961709));
#6648 = CARTESIAN_POINT('',(5.663941341675,1.551433960247));
#6649 = ( GEOMETRIC_REPRESENTATION_CONTEXT(2) 
PARAMETRIC_REPRESENTATION_CONTEXT() REPRESENTATION_CONTEXT('2D SPACE',''
  ) );
#6650 = PCURVE('',#6651,#6656);
#6651 = PLANE('',#6652);
#6652 = AXIS2_PLACEMENT_3D('',#6653,#6654,#6655);
#6653 = CARTESIAN_POINT('',(3.961476365805,1.247746375837,-0.75));
#6654 = DIRECTION('',(-0.5,0.5,-0.707106781187));
#6655 = DIRECTION('',(-0.816496580928,-2.22044604925E-16,0.57735026919)
  );
#6656 = DEFINITIONAL_REPRESENTATION('',(#6657),#6661);
#6657 = ELLIPSE('',#6658,2.92124429235,2.05);
#6658 = AXIS2_PLACEMENT_2D('',#6659,#6660);
#6659 = CARTESIAN_POINT('',(-2.604963695348,0.157051872147));
#6660 = DIRECTION('',(-0.903788424448,-0.4279795367));
#6661 = ( GEOMETRIC_REPRESENTATION_CONTEXT(2) 
PARAMETRIC_REPRESENTATION_CONTEXT() REPRESENTATION_CONTEXT('2D SPACE',''
  ) );
#6662 = ADVANCED_FACE('',(#6663),#6651,.T.);
#6663 = FACE_BOUND('',#6664,.T.);
#6664 = EDGE_LOOP('',(#6665,#6666,#6689,#6728));
#6665 = ORIENTED_EDGE('',*,*,#6637,.T.);
#6666 = ORIENTED_EDGE('',*,*,#6667,.T.);
#6667 = EDGE_CURVE('',#6610,#6668,#6670,.T.);
#6668 = VERTEX_POINT('',#6669);
#6669 = CARTESIAN_POINT('',(6.146446609407,3.079163228846,-1.));
#6670 = SURFACE_CURVE('',#6671,(#6675,#6682),.PCURVE_S1.);
#6671 = LINE('',#6672,#6673);
#6672 = CARTESIAN_POINT('',(4.138253061102,1.07096968054,-1.));
#6673 = VECTOR('',#6674,1.);
#6674 = DIRECTION('',(-0.707106781187,-0.707106781187,0.));
#6675 = PCURVE('',#6651,#6676);
#6676 = DEFINITIONAL_REPRESENTATION('',(#6677),#6681);
#6677 = LINE('',#6678,#6679);
#6678 = CARTESIAN_POINT('',(-0.288675134595,-0.204124145232));
#6679 = VECTOR('',#6680,1.);
#6680 = DIRECTION('',(0.57735026919,-0.816496580928));
#6681 = ( GEOMETRIC_REPRESENTATION_CONTEXT(2) 
PARAMETRIC_REPRESENTATION_CONTEXT() REPRESENTATION_CONTEXT('2D SPACE',''
  ) );
#6682 = PCURVE('',#6625,#6683);
#6683 = DEFINITIONAL_REPRESENTATION('',(#6684),#6688);
#6684 = LINE('',#6685,#6686);
#6685 = CARTESIAN_POINT('',(3.683476725326,2.));
#6686 = VECTOR('',#6687,1.);
#6687 = DIRECTION('',(1.,0.));
#6688 = ( GEOMETRIC_REPRESENTATION_CONTEXT(2) 
PARAMETRIC_REPRESENTATION_CONTEXT() REPRESENTATION_CONTEXT('2D SPACE',''
  ) );
#6689 = ORIENTED_EDGE('',*,*,#6690,.F.);
#6690 = EDGE_CURVE('',#6691,#6668,#6693,.T.);
#6691 = VERTEX_POINT('',#6692);
#6692 = CARTESIAN_POINT('',(5.916564009612,3.30904582864,-0.674896909617
    ));
#6693 = SURFACE_CURVE('',#6694,(#6698,#6705),.PCURVE_S1.);
#6694 = LINE('',#6695,#6696);
#6695 = CARTESIAN_POINT('',(5.792893218814,3.432716619439,-0.5));
#6696 = VECTOR('',#6697,1.);
#6697 = DIRECTION('',(0.5,-0.5,-0.707106781187));
#6698 = PCURVE('',#6651,#6699);
#6699 = DEFINITIONAL_REPRESENTATION('',(#6700),#6704);
#6700 = LINE('',#6701,#6702);
#6701 = CARTESIAN_POINT('',(-1.351008031438,2.52298631663));
#6702 = VECTOR('',#6703,1.);
#6703 = DIRECTION('',(-0.816496580928,-0.57735026919));
#6704 = ( GEOMETRIC_REPRESENTATION_CONTEXT(2) 
PARAMETRIC_REPRESENTATION_CONTEXT() REPRESENTATION_CONTEXT('2D SPACE',''
  ) );
#6705 = PCURVE('',#6706,#6723);
#6706 = B_SPLINE_SURFACE_WITH_KNOTS('',3,3,(
    (#6707,#6708,#6709,#6710)
    ,(#6711,#6712,#6713,#6714)
    ,(#6715,#6716,#6717,#6718)
    ,(#6719,#6720,#6721,#6722
    )),.UNSPECIFIED.,.F.,.F.,.F.,(4,4),(4,4),(0.,1.),(0.211538102823,
    0.392699081699),.PIECEWISE_BEZIER_KNOTS.);
#6707 = CARTESIAN_POINT('',(6.088532140598,3.009677085008,-1.));
#6708 = CARTESIAN_POINT('',(6.105686107428,3.034524391736,-1.));
#6709 = CARTESIAN_POINT('',(6.125096583298,3.057813202737,-1.));
#6710 = CARTESIAN_POINT('',(6.146446609407,3.079163228846,-1.));
#6711 = CARTESIAN_POINT('',(5.951376187464,3.104366167259,
    -0.833333333333));
#6712 = CARTESIAN_POINT('',(5.974248143237,3.137495909564,
    -0.833333333333));
#6713 = CARTESIAN_POINT('',(6.000128777731,3.168547657566,
    -0.833333333333));
#6714 = CARTESIAN_POINT('',(6.028595479209,3.197014359043,
    -0.833333333333));
#6715 = CARTESIAN_POINT('',(5.81422023433,3.199055249511,-0.666666666667
    ));
#6716 = CARTESIAN_POINT('',(5.842810179046,3.240467427392,
    -0.666666666667));
#6717 = CARTESIAN_POINT('',(5.875160972164,3.279282112394,
    -0.666666666667));
#6718 = CARTESIAN_POINT('',(5.910744349011,3.314865489241,
    -0.666666666667));
#6719 = CARTESIAN_POINT('',(5.677064281196,3.293744331763,-0.5));
#6720 = CARTESIAN_POINT('',(5.711372214855,3.34343894522,-0.5));
#6721 = CARTESIAN_POINT('',(5.750193166597,3.390016567222,-0.5));
#6722 = CARTESIAN_POINT('',(5.792893218814,3.432716619439,-0.5));
#6723 = DEFINITIONAL_REPRESENTATION('',(#6724),#6727);
#6724 = B_SPLINE_CURVE_WITH_KNOTS('',1,(#6725,#6726),.UNSPECIFIED.,.F.,
  .F.,(2,2),(0.247341581597,0.707106781187),.PIECEWISE_BEZIER_KNOTS.);
#6725 = CARTESIAN_POINT('',(0.650206180766,0.392699081699));
#6726 = CARTESIAN_POINT('',(1.267741844884E-15,0.392699081699));
#6727 = ( GEOMETRIC_REPRESENTATION_CONTEXT(2) 
PARAMETRIC_REPRESENTATION_CONTEXT() REPRESENTATION_CONTEXT('2D SPACE',''
  ) );
#6728 = ORIENTED_EDGE('',*,*,#6729,.T.);
#6729 = EDGE_CURVE('',#6691,#6485,#6730,.T.);
#6730 = SURFACE_CURVE('',#6731,(#6735,#6742),.PCURVE_S1.);
#6731 = LINE('',#6732,#6733);
#6732 = CARTESIAN_POINT('',(0.25087654892,2.978964794369,3.097946576248)
  );
#6733 = VECTOR('',#6734,1.);
#6734 = DIRECTION('',(0.831363597074,4.843496184375E-02,-0.553614147156)
  );
#6735 = PCURVE('',#6651,#6736);
#6736 = DEFINITIONAL_REPRESENTATION('',(#6737),#6741);
#6737 = LINE('',#6738,#6739);
#6738 = CARTESIAN_POINT('',(5.251305055301,1.999038839931));
#6739 = VECTOR('',#6740,1.);
#6740 = DIRECTION('',(-0.998434811406,5.592787651736E-02));
#6741 = ( GEOMETRIC_REPRESENTATION_CONTEXT(2) 
PARAMETRIC_REPRESENTATION_CONTEXT() REPRESENTATION_CONTEXT('2D SPACE',''
  ) );
#6742 = PCURVE('',#5786,#6743);
#6743 = DEFINITIONAL_REPRESENTATION('',(#6744),#6748);
#6744 = LINE('',#6745,#6746);
#6745 = CARTESIAN_POINT('',(-8.25087654892,3.109780228887));
#6746 = VECTOR('',#6747,1.);
#6747 = DIRECTION('',(-0.831363597074,-0.55572886326));
#6748 = ( GEOMETRIC_REPRESENTATION_CONTEXT(2) 
PARAMETRIC_REPRESENTATION_CONTEXT() REPRESENTATION_CONTEXT('2D SPACE',''
  ) );
#6749 = ADVANCED_FACE('',(#6750),#6706,.T.);
#6750 = FACE_BOUND('',#6751,.T.);
#6751 = EDGE_LOOP('',(#6752,#6780,#6781,#6810));
#6752 = ORIENTED_EDGE('',*,*,#6753,.T.);
#6753 = EDGE_CURVE('',#6754,#6691,#6756,.T.);
#6754 = VERTEX_POINT('',#6755);
#6755 = CARTESIAN_POINT('',(5.677064281196,3.293744331763,-0.5));
#6756 = SURFACE_CURVE('',#6757,(#6764,#6770),.PCURVE_S1.);
#6757 = B_SPLINE_CURVE_WITH_KNOTS('',3,(#6758,#6759,#6760,#6761,#6762,
    #6763),.UNSPECIFIED.,.F.,.F.,(4,2,4),(0.,2.331724653457E-02,
    2.961920965374E-02),.UNSPECIFIED.);
#6758 = CARTESIAN_POINT('',(5.677064281196,3.293744331763,-0.5));
#6759 = CARTESIAN_POINT('',(5.738143140746,3.297933629366,
    -0.547883890715));
#6760 = CARTESIAN_POINT('',(5.801907397943,3.302125172657,
    -0.595793449759));
#6761 = CARTESIAN_POINT('',(5.883012985777,3.307067985049,
    -0.652290053924));
#6762 = CARTESIAN_POINT('',(5.899942067134,3.308077439896,
    -0.663828175622));
#6763 = CARTESIAN_POINT('',(5.916564009612,3.30904582864,-0.674896909617
    ));
#6764 = PCURVE('',#6706,#6765);
#6765 = DEFINITIONAL_REPRESENTATION('',(#6766),#6769);
#6766 = B_SPLINE_CURVE_WITH_KNOTS('',1,(#6767,#6768),.UNSPECIFIED.,.F.,
  .F.,(2,2),(0.,2.961920965374E-02),.PIECEWISE_BEZIER_KNOTS.);
#6767 = CARTESIAN_POINT('',(1.,0.211538102823));
#6768 = CARTESIAN_POINT('',(0.650206180767,0.392699081698));
#6769 = ( GEOMETRIC_REPRESENTATION_CONTEXT(2) 
PARAMETRIC_REPRESENTATION_CONTEXT() REPRESENTATION_CONTEXT('2D SPACE',''
  ) );
#6770 = PCURVE('',#5786,#6771);
#6771 = DEFINITIONAL_REPRESENTATION('',(#6772),#6779);
#6772 = B_SPLINE_CURVE_WITH_KNOTS('',3,(#6773,#6774,#6775,#6776,#6777,
    #6778),.UNSPECIFIED.,.F.,.F.,(4,2,4),(0.,2.331724653457E-02,
    2.961920965374E-02),.UNSPECIFIED.);
#6773 = CARTESIAN_POINT('',(-13.67706428119,-0.501909918772));
#6774 = CARTESIAN_POINT('',(-13.73814314074,-0.549976718171));
#6775 = CARTESIAN_POINT('',(-13.80190739794,-0.598069283946));
#6776 = CARTESIAN_POINT('',(-13.88301298577,-0.654781695962));
#6777 = CARTESIAN_POINT('',(-13.89994206713,-0.666363891409));
#6778 = CARTESIAN_POINT('',(-13.91656400961,-0.67747490617));
#6779 = ( GEOMETRIC_REPRESENTATION_CONTEXT(2) 
PARAMETRIC_REPRESENTATION_CONTEXT() REPRESENTATION_CONTEXT('2D SPACE',''
  ) );
#6780 = ORIENTED_EDGE('',*,*,#6690,.T.);
#6781 = ORIENTED_EDGE('',*,*,#6782,.T.);
#6782 = EDGE_CURVE('',#6668,#6783,#6785,.T.);
#6783 = VERTEX_POINT('',#6784);
#6784 = CARTESIAN_POINT('',(6.088532140598,3.009677085008,-1.));
#6785 = SURFACE_CURVE('',#6786,(#6791,#6798),.PCURVE_S1.);
#6786 = B_SPLINE_CURVE_WITH_KNOTS('',3,(#6787,#6788,#6789,#6790),
  .UNSPECIFIED.,.F.,.F.,(4,4),(-0.392699081699,-0.211538102823),
  .PIECEWISE_BEZIER_KNOTS.);
#6787 = CARTESIAN_POINT('',(6.146446609407,3.079163228846,-1.));
#6788 = CARTESIAN_POINT('',(6.125096583298,3.057813202737,-1.));
#6789 = CARTESIAN_POINT('',(6.105686107428,3.034524391736,-1.));
#6790 = CARTESIAN_POINT('',(6.088532140598,3.009677085008,-1.));
#6791 = PCURVE('',#6706,#6792);
#6792 = DEFINITIONAL_REPRESENTATION('',(#6793),#6797);
#6793 = LINE('',#6794,#6795);
#6794 = CARTESIAN_POINT('',(2.469423133993E-15,-2.553512956638E-15));
#6795 = VECTOR('',#6796,1.);
#6796 = DIRECTION('',(2.757248297788E-15,-1.));
#6797 = ( GEOMETRIC_REPRESENTATION_CONTEXT(2) 
PARAMETRIC_REPRESENTATION_CONTEXT() REPRESENTATION_CONTEXT('2D SPACE',''
  ) );
#6798 = PCURVE('',#6799,#6804);
#6799 = CYLINDRICAL_SURFACE('',#6800,0.5);
#6800 = AXIS2_PLACEMENT_3D('',#6801,#6802,#6803);
#6801 = CARTESIAN_POINT('',(6.5,2.725609838252,-2.));
#6802 = DIRECTION('',(0.,0.,-1.));
#6803 = DIRECTION('',(-0.923879532511,0.382683432365,0.));
#6804 = DEFINITIONAL_REPRESENTATION('',(#6805),#6809);
#6805 = LINE('',#6806,#6807);
#6806 = CARTESIAN_POINT('',(6.28318530718,-1.));
#6807 = VECTOR('',#6808,1.);
#6808 = DIRECTION('',(-1.,0.));
#6809 = ( GEOMETRIC_REPRESENTATION_CONTEXT(2) 
PARAMETRIC_REPRESENTATION_CONTEXT() REPRESENTATION_CONTEXT('2D SPACE',''
  ) );
#6810 = ORIENTED_EDGE('',*,*,#6811,.F.);
#6811 = EDGE_CURVE('',#6754,#6783,#6812,.T.);
#6812 = SURFACE_CURVE('',#6813,(#6817,#6823),.PCURVE_S1.);
#6813 = LINE('',#6814,#6815);
#6814 = CARTESIAN_POINT('',(5.677064281196,3.293744331763,-0.5));
#6815 = VECTOR('',#6816,1.);
#6816 = DIRECTION('',(0.581903427247,-0.401731752987,-0.707106781187));
#6817 = PCURVE('',#6706,#6818);
#6818 = DEFINITIONAL_REPRESENTATION('',(#6819),#6822);
#6819 = B_SPLINE_CURVE_WITH_KNOTS('',1,(#6820,#6821),.UNSPECIFIED.,.F.,
  .F.,(2,2),(0.,0.707106781187),.PIECEWISE_BEZIER_KNOTS.);
#6820 = CARTESIAN_POINT('',(1.,0.211538102823));
#6821 = CARTESIAN_POINT('',(1.53647001441E-15,0.211538102823));
#6822 = ( GEOMETRIC_REPRESENTATION_CONTEXT(2) 
PARAMETRIC_REPRESENTATION_CONTEXT() REPRESENTATION_CONTEXT('2D SPACE',''
  ) );
#6823 = PCURVE('',#6824,#6829);
#6824 = CONICAL_SURFACE('',#6825,0.75,0.785398163397);
#6825 = AXIS2_PLACEMENT_3D('',#6826,#6827,#6828);
#6826 = CARTESIAN_POINT('',(6.5,2.725609838252,-0.75));
#6827 = DIRECTION('',(0.,0.,1.));
#6828 = DIRECTION('',(-0.923879532511,0.382683432365,0.));
#6829 = DEFINITIONAL_REPRESENTATION('',(#6830),#6834);
#6830 = LINE('',#6831,#6832);
#6831 = CARTESIAN_POINT('',(-0.211538102823,0.25));
#6832 = VECTOR('',#6833,1.);
#6833 = DIRECTION('',(2.30926389122E-14,-1.));
#6834 = ( GEOMETRIC_REPRESENTATION_CONTEXT(2) 
PARAMETRIC_REPRESENTATION_CONTEXT() REPRESENTATION_CONTEXT('2D SPACE',''
  ) );
#6835 = ADVANCED_FACE('',(#6836),#6824,.T.);
#6836 = FACE_BOUND('',#6837,.T.);
#6837 = EDGE_LOOP('',(#6838,#6839,#6863,#6891));
#6838 = ORIENTED_EDGE('',*,*,#6811,.T.);
#6839 = ORIENTED_EDGE('',*,*,#6840,.T.);
#6840 = EDGE_CURVE('',#6783,#6841,#6843,.T.);
#6841 = VERTEX_POINT('',#6842);
#6842 = CARTESIAN_POINT('',(6.,2.725609838252,-1.));
#6843 = SURFACE_CURVE('',#6844,(#6849,#6856),.PCURVE_S1.);
#6844 = CIRCLE('',#6845,0.5);
#6845 = AXIS2_PLACEMENT_3D('',#6846,#6847,#6848);
#6846 = CARTESIAN_POINT('',(6.5,2.725609838252,-1.));
#6847 = DIRECTION('',(0.,0.,1.));
#6848 = DIRECTION('',(-0.923879532511,0.382683432365,0.));
#6849 = PCURVE('',#6824,#6850);
#6850 = DEFINITIONAL_REPRESENTATION('',(#6851),#6855);
#6851 = LINE('',#6852,#6853);
#6852 = CARTESIAN_POINT('',(-6.28318530718,-0.25));
#6853 = VECTOR('',#6854,1.);
#6854 = DIRECTION('',(1.,1.948852824981E-16));
#6855 = ( GEOMETRIC_REPRESENTATION_CONTEXT(2) 
PARAMETRIC_REPRESENTATION_CONTEXT() REPRESENTATION_CONTEXT('2D SPACE',''
  ) );
#6856 = PCURVE('',#6799,#6857);
#6857 = DEFINITIONAL_REPRESENTATION('',(#6858),#6862);
#6858 = LINE('',#6859,#6860);
#6859 = CARTESIAN_POINT('',(12.566370614359,-1.));
#6860 = VECTOR('',#6861,1.);
#6861 = DIRECTION('',(-1.,0.));
#6862 = ( GEOMETRIC_REPRESENTATION_CONTEXT(2) 
PARAMETRIC_REPRESENTATION_CONTEXT() REPRESENTATION_CONTEXT('2D SPACE',''
  ) );
#6863 = ORIENTED_EDGE('',*,*,#6864,.F.);
#6864 = EDGE_CURVE('',#6865,#6841,#6867,.T.);
#6865 = VERTEX_POINT('',#6866);
#6866 = CARTESIAN_POINT('',(5.5,2.725609838252,-0.5));
#6867 = SURFACE_CURVE('',#6868,(#6872,#6879),.PCURVE_S1.);
#6868 = LINE('',#6869,#6870);
#6869 = CARTESIAN_POINT('',(5.5,2.725609838252,-0.5));
#6870 = VECTOR('',#6871,1.);
#6871 = DIRECTION('',(0.707106781187,0.,-0.707106781187));
#6872 = PCURVE('',#6824,#6873);
#6873 = DEFINITIONAL_REPRESENTATION('',(#6874),#6878);
#6874 = LINE('',#6875,#6876);
#6875 = CARTESIAN_POINT('',(0.392699081699,0.25));
#6876 = VECTOR('',#6877,1.);
#6877 = DIRECTION('',(1.7763568394E-15,-1.));
#6878 = ( GEOMETRIC_REPRESENTATION_CONTEXT(2) 
PARAMETRIC_REPRESENTATION_CONTEXT() REPRESENTATION_CONTEXT('2D SPACE',''
  ) );
#6879 = PCURVE('',#6880,#6885);
#6880 = PLANE('',#6881);
#6881 = AXIS2_PLACEMENT_3D('',#6882,#6883,#6884);
#6882 = CARTESIAN_POINT('',(5.836288288755,1.679057949293,
    -0.836288288755));
#6883 = DIRECTION('',(-0.707106781187,1.110109824814E-16,-0.707106781187
    ));
#6884 = DIRECTION('',(-0.707106781187,1.700450159708E-17,0.707106781187)
  );
#6885 = DEFINITIONAL_REPRESENTATION('',(#6886),#6890);
#6886 = LINE('',#6887,#6888);
#6887 = CARTESIAN_POINT('',(0.475583458824,1.04655188896));
#6888 = VECTOR('',#6889,1.);
#6889 = DIRECTION('',(-1.,1.700450159707E-17));
#6890 = ( GEOMETRIC_REPRESENTATION_CONTEXT(2) 
PARAMETRIC_REPRESENTATION_CONTEXT() REPRESENTATION_CONTEXT('2D SPACE',''
  ) );
#6891 = ORIENTED_EDGE('',*,*,#6892,.T.);
#6892 = EDGE_CURVE('',#6865,#6754,#6893,.T.);
#6893 = SURFACE_CURVE('',#6894,(#6899,#6906),.PCURVE_S1.);
#6894 = CIRCLE('',#6895,1.);
#6895 = AXIS2_PLACEMENT_3D('',#6896,#6897,#6898);
#6896 = CARTESIAN_POINT('',(6.5,2.725609838252,-0.5));
#6897 = DIRECTION('',(0.,0.,-1.));
#6898 = DIRECTION('',(-0.923879532511,0.382683432365,0.));
#6899 = PCURVE('',#6824,#6900);
#6900 = DEFINITIONAL_REPRESENTATION('',(#6901),#6905);
#6901 = LINE('',#6902,#6903);
#6902 = CARTESIAN_POINT('',(6.28318530718,0.25));
#6903 = VECTOR('',#6904,1.);
#6904 = DIRECTION('',(-1.,-3.248088041635E-16));
#6905 = ( GEOMETRIC_REPRESENTATION_CONTEXT(2) 
PARAMETRIC_REPRESENTATION_CONTEXT() REPRESENTATION_CONTEXT('2D SPACE',''
  ) );
#6906 = PCURVE('',#6907,#6912);
#6907 = PLANE('',#6908);
#6908 = AXIS2_PLACEMENT_3D('',#6909,#6910,#6911);
#6909 = CARTESIAN_POINT('',(0.,0.,-0.5));
#6910 = DIRECTION('',(0.,0.,-1.));
#6911 = DIRECTION('',(1.,0.,0.));
#6912 = DEFINITIONAL_REPRESENTATION('',(#6913),#6917);
#6913 = CIRCLE('',#6914,1.);
#6914 = AXIS2_PLACEMENT_2D('',#6915,#6916);
#6915 = CARTESIAN_POINT('',(6.5,-2.725609838252));
#6916 = DIRECTION('',(-0.923879532511,-0.382683432365));
#6917 = ( GEOMETRIC_REPRESENTATION_CONTEXT(2) 
PARAMETRIC_REPRESENTATION_CONTEXT() REPRESENTATION_CONTEXT('2D SPACE',''
  ) );
#6918 = ADVANCED_FACE('',(#6919),#6907,.T.);
#6919 = FACE_BOUND('',#6920,.T.);
#6920 = EDGE_LOOP('',(#6921,#6944,#6972,#7000,#7029,#7050));
#6921 = ORIENTED_EDGE('',*,*,#6922,.F.);
#6922 = EDGE_CURVE('',#6923,#6865,#6925,.T.);
#6923 = VERTEX_POINT('',#6924);
#6924 = CARTESIAN_POINT('',(5.5,1.788014575448,-0.5));
#6925 = SURFACE_CURVE('',#6926,(#6930,#6937),.PCURVE_S1.);
#6926 = LINE('',#6927,#6928);
#6927 = CARTESIAN_POINT('',(5.5,-1.668744331763,-0.5));
#6928 = VECTOR('',#6929,1.);
#6929 = DIRECTION('',(0.,1.,0.));
#6930 = PCURVE('',#6907,#6931);
#6931 = DEFINITIONAL_REPRESENTATION('',(#6932),#6936);
#6932 = LINE('',#6933,#6934);
#6933 = CARTESIAN_POINT('',(5.5,1.668744331763));
#6934 = VECTOR('',#6935,1.);
#6935 = DIRECTION('',(0.,-1.));
#6936 = ( GEOMETRIC_REPRESENTATION_CONTEXT(2) 
PARAMETRIC_REPRESENTATION_CONTEXT() REPRESENTATION_CONTEXT('2D SPACE',''
  ) );
#6937 = PCURVE('',#6880,#6938);
#6938 = DEFINITIONAL_REPRESENTATION('',(#6939),#6943);
#6939 = LINE('',#6940,#6941);
#6940 = CARTESIAN_POINT('',(0.475583458824,-3.347802281056));
#6941 = VECTOR('',#6942,1.);
#6942 = DIRECTION('',(1.700450159708E-17,1.));
#6943 = ( GEOMETRIC_REPRESENTATION_CONTEXT(2) 
PARAMETRIC_REPRESENTATION_CONTEXT() REPRESENTATION_CONTEXT('2D SPACE',''
  ) );
#6944 = ORIENTED_EDGE('',*,*,#6945,.F.);
#6945 = EDGE_CURVE('',#6946,#6923,#6948,.T.);
#6946 = VERTEX_POINT('',#6947);
#6947 = CARTESIAN_POINT('',(-5.5,1.788014575448,-0.5));
#6948 = SURFACE_CURVE('',#6949,(#6953,#6960),.PCURVE_S1.);
#6949 = LINE('',#6950,#6951);
#6950 = CARTESIAN_POINT('',(-4.,1.788014575448,-0.5));
#6951 = VECTOR('',#6952,1.);
#6952 = DIRECTION('',(1.,-4.987329993433E-17,0.));
#6953 = PCURVE('',#6907,#6954);
#6954 = DEFINITIONAL_REPRESENTATION('',(#6955),#6959);
#6955 = LINE('',#6956,#6957);
#6956 = CARTESIAN_POINT('',(-4.,-1.788014575448));
#6957 = VECTOR('',#6958,1.);
#6958 = DIRECTION('',(1.,4.987329993433E-17));
#6959 = ( GEOMETRIC_REPRESENTATION_CONTEXT(2) 
PARAMETRIC_REPRESENTATION_CONTEXT() REPRESENTATION_CONTEXT('2D SPACE',''
  ) );
#6960 = PCURVE('',#6961,#6966);
#6961 = PLANE('',#6962);
#6962 = AXIS2_PLACEMENT_3D('',#6963,#6964,#6965);
#6963 = CARTESIAN_POINT('',(-8.,1.755707952862,-0.130733614121));
#6964 = DIRECTION('',(4.968351697092E-17,0.996194698092,
    8.715574274766E-02));
#6965 = DIRECTION('',(-1.,4.987329993433E-17,-3.851859888774E-33));
#6966 = DEFINITIONAL_REPRESENTATION('',(#6967),#6971);
#6967 = LINE('',#6968,#6969);
#6968 = CARTESIAN_POINT('',(-4.,-0.370676923483));
#6969 = VECTOR('',#6970,1.);
#6970 = DIRECTION('',(-1.,9.639929534866E-34));
#6971 = ( GEOMETRIC_REPRESENTATION_CONTEXT(2) 
PARAMETRIC_REPRESENTATION_CONTEXT() REPRESENTATION_CONTEXT('2D SPACE',''
  ) );
#6972 = ORIENTED_EDGE('',*,*,#6973,.F.);
#6973 = EDGE_CURVE('',#6974,#6946,#6976,.T.);
#6974 = VERTEX_POINT('',#6975);
#6975 = CARTESIAN_POINT('',(-5.5,2.725609838252,-0.5));
#6976 = SURFACE_CURVE('',#6977,(#6981,#6988),.PCURVE_S1.);
#6977 = LINE('',#6978,#6979);
#6978 = CARTESIAN_POINT('',(-5.5,1.668744331763,-0.5));
#6979 = VECTOR('',#6980,1.);
#6980 = DIRECTION('',(1.663261117196E-16,-1.,0.));
#6981 = PCURVE('',#6907,#6982);
#6982 = DEFINITIONAL_REPRESENTATION('',(#6983),#6987);
#6983 = LINE('',#6984,#6985);
#6984 = CARTESIAN_POINT('',(-5.5,-1.668744331763));
#6985 = VECTOR('',#6986,1.);
#6986 = DIRECTION('',(1.663261117196E-16,1.));
#6987 = ( GEOMETRIC_REPRESENTATION_CONTEXT(2) 
PARAMETRIC_REPRESENTATION_CONTEXT() REPRESENTATION_CONTEXT('2D SPACE',''
  ) );
#6988 = PCURVE('',#6989,#6994);
#6989 = PLANE('',#6990);
#6990 = AXIS2_PLACEMENT_3D('',#6991,#6992,#6993);
#6991 = CARTESIAN_POINT('',(-5.75,1.668744331763,-0.75));
#6992 = DIRECTION('',(0.707106781187,1.176103214853E-16,-0.707106781187)
  );
#6993 = DIRECTION('',(-0.707106781187,0.,-0.707106781187));
#6994 = DEFINITIONAL_REPRESENTATION('',(#6995),#6999);
#6995 = LINE('',#6996,#6997);
#6996 = CARTESIAN_POINT('',(-0.353553390593,1.232595164408E-32));
#6997 = VECTOR('',#6998,1.);
#6998 = DIRECTION('',(-1.176103214853E-16,-1.));
#6999 = ( GEOMETRIC_REPRESENTATION_CONTEXT(2) 
PARAMETRIC_REPRESENTATION_CONTEXT() REPRESENTATION_CONTEXT('2D SPACE',''
  ) );
#7000 = ORIENTED_EDGE('',*,*,#7001,.F.);
#7001 = EDGE_CURVE('',#7002,#6974,#7004,.T.);
#7002 = VERTEX_POINT('',#7003);
#7003 = CARTESIAN_POINT('',(-5.677064281196,3.293744331763,-0.5));
#7004 = SURFACE_CURVE('',#7005,(#7010,#7017),.PCURVE_S1.);
#7005 = CIRCLE('',#7006,1.);
#7006 = AXIS2_PLACEMENT_3D('',#7007,#7008,#7009);
#7007 = CARTESIAN_POINT('',(-6.5,2.725609838252,-0.5));
#7008 = DIRECTION('',(0.,0.,-1.));
#7009 = DIRECTION('',(0.923879532511,0.382683432365,0.));
#7010 = PCURVE('',#6907,#7011);
#7011 = DEFINITIONAL_REPRESENTATION('',(#7012),#7016);
#7012 = CIRCLE('',#7013,1.);
#7013 = AXIS2_PLACEMENT_2D('',#7014,#7015);
#7014 = CARTESIAN_POINT('',(-6.5,-2.725609838252));
#7015 = DIRECTION('',(0.923879532511,-0.382683432365));
#7016 = ( GEOMETRIC_REPRESENTATION_CONTEXT(2) 
PARAMETRIC_REPRESENTATION_CONTEXT() REPRESENTATION_CONTEXT('2D SPACE',''
  ) );
#7017 = PCURVE('',#7018,#7023);
#7018 = CONICAL_SURFACE('',#7019,0.75,0.785398163397);
#7019 = AXIS2_PLACEMENT_3D('',#7020,#7021,#7022);
#7020 = CARTESIAN_POINT('',(-6.5,2.725609838252,-0.75));
#7021 = DIRECTION('',(0.,0.,1.));
#7022 = DIRECTION('',(0.923879532511,0.382683432365,-0.));
#7023 = DEFINITIONAL_REPRESENTATION('',(#7024),#7028);
#7024 = LINE('',#7025,#7026);
#7025 = CARTESIAN_POINT('',(12.566370614359,0.25));
#7026 = VECTOR('',#7027,1.);
#7027 = DIRECTION('',(-1.,-3.897705649962E-16));
#7028 = ( GEOMETRIC_REPRESENTATION_CONTEXT(2) 
PARAMETRIC_REPRESENTATION_CONTEXT() REPRESENTATION_CONTEXT('2D SPACE',''
  ) );
#7029 = ORIENTED_EDGE('',*,*,#7030,.F.);
#7030 = EDGE_CURVE('',#6754,#7002,#7031,.T.);
#7031 = SURFACE_CURVE('',#7032,(#7036,#7043),.PCURVE_S1.);
#7032 = LINE('',#7033,#7034);
#7033 = CARTESIAN_POINT('',(-4.,3.293744331763,-0.5));
#7034 = VECTOR('',#7035,1.);
#7035 = DIRECTION('',(-1.,4.987329993433E-17,0.));
#7036 = PCURVE('',#6907,#7037);
#7037 = DEFINITIONAL_REPRESENTATION('',(#7038),#7042);
#7038 = LINE('',#7039,#7040);
#7039 = CARTESIAN_POINT('',(-4.,-3.293744331763));
#7040 = VECTOR('',#7041,1.);
#7041 = DIRECTION('',(-1.,-4.987329993433E-17));
#7042 = ( GEOMETRIC_REPRESENTATION_CONTEXT(2) 
PARAMETRIC_REPRESENTATION_CONTEXT() REPRESENTATION_CONTEXT('2D SPACE',''
  ) );
#7043 = PCURVE('',#5786,#7044);
#7044 = DEFINITIONAL_REPRESENTATION('',(#7045),#7049);
#7045 = LINE('',#7046,#7047);
#7046 = CARTESIAN_POINT('',(-4.,-0.501909918772));
#7047 = VECTOR('',#7048,1.);
#7048 = DIRECTION('',(1.,-9.639929534866E-34));
#7049 = ( GEOMETRIC_REPRESENTATION_CONTEXT(2) 
PARAMETRIC_REPRESENTATION_CONTEXT() REPRESENTATION_CONTEXT('2D SPACE',''
  ) );
#7050 = ORIENTED_EDGE('',*,*,#6892,.F.);
#7051 = ADVANCED_FACE('',(#7052),#7018,.T.);
#7052 = FACE_BOUND('',#7053,.T.);
#7053 = EDGE_LOOP('',(#7054,#7093,#7094,#7117));
#7054 = ORIENTED_EDGE('',*,*,#7055,.T.);
#7055 = EDGE_CURVE('',#7056,#7002,#7058,.T.);
#7056 = VERTEX_POINT('',#7057);
#7057 = CARTESIAN_POINT('',(-6.088532140598,3.009677085008,-1.));
#7058 = SURFACE_CURVE('',#7059,(#7063,#7070),.PCURVE_S1.);
#7059 = LINE('',#7060,#7061);
#7060 = CARTESIAN_POINT('',(-6.088532140598,3.009677085008,-1.));
#7061 = VECTOR('',#7062,1.);
#7062 = DIRECTION('',(0.581903427247,0.401731752987,0.707106781187));
#7063 = PCURVE('',#7018,#7064);
#7064 = DEFINITIONAL_REPRESENTATION('',(#7065),#7069);
#7065 = LINE('',#7066,#7067);
#7066 = CARTESIAN_POINT('',(6.494723410002,-0.25));
#7067 = VECTOR('',#7068,1.);
#7068 = DIRECTION('',(-3.164135620182E-15,1.));
#7069 = ( GEOMETRIC_REPRESENTATION_CONTEXT(2) 
PARAMETRIC_REPRESENTATION_CONTEXT() REPRESENTATION_CONTEXT('2D SPACE',''
  ) );
#7070 = PCURVE('',#7071,#7088);
#7071 = B_SPLINE_SURFACE_WITH_KNOTS('',3,3,(
    (#7072,#7073,#7074,#7075)
    ,(#7076,#7077,#7078,#7079)
    ,(#7080,#7081,#7082,#7083)
    ,(#7084,#7085,#7086,#7087
    )),.UNSPECIFIED.,.F.,.F.,.F.,(4,4),(4,4),(0.,1.),(-0.392699081699,
    -0.211538102823),.PIECEWISE_BEZIER_KNOTS.);
#7072 = CARTESIAN_POINT('',(-6.146446609407,3.079163228846,-1.));
#7073 = CARTESIAN_POINT('',(-6.125096583298,3.057813202737,-1.));
#7074 = CARTESIAN_POINT('',(-6.105686107428,3.034524391736,-1.));
#7075 = CARTESIAN_POINT('',(-6.088532140598,3.009677085008,-1.));
#7076 = CARTESIAN_POINT('',(-6.028595479209,3.197014359043,
    -0.833333333333));
#7077 = CARTESIAN_POINT('',(-6.000128777731,3.168547657566,
    -0.833333333333));
#7078 = CARTESIAN_POINT('',(-5.974248143237,3.137495909564,
    -0.833333333333));
#7079 = CARTESIAN_POINT('',(-5.951376187464,3.104366167259,
    -0.833333333333));
#7080 = CARTESIAN_POINT('',(-5.910744349011,3.314865489241,
    -0.666666666667));
#7081 = CARTESIAN_POINT('',(-5.875160972164,3.279282112394,
    -0.666666666667));
#7082 = CARTESIAN_POINT('',(-5.842810179046,3.240467427392,
    -0.666666666667));
#7083 = CARTESIAN_POINT('',(-5.81422023433,3.199055249511,
    -0.666666666667));
#7084 = CARTESIAN_POINT('',(-5.792893218813,3.432716619439,-0.5));
#7085 = CARTESIAN_POINT('',(-5.750193166597,3.390016567222,-0.5));
#7086 = CARTESIAN_POINT('',(-5.711372214855,3.34343894522,-0.5));
#7087 = CARTESIAN_POINT('',(-5.677064281196,3.293744331763,-0.5));
#7088 = DEFINITIONAL_REPRESENTATION('',(#7089),#7092);
#7089 = B_SPLINE_CURVE_WITH_KNOTS('',1,(#7090,#7091),.UNSPECIFIED.,.F.,
  .F.,(2,2),(0.,0.707106781187),.PIECEWISE_BEZIER_KNOTS.);
#7090 = CARTESIAN_POINT('',(2.291314899579E-16,-0.211538102823));
#7091 = CARTESIAN_POINT('',(1.,-0.211538102823));
#7092 = ( GEOMETRIC_REPRESENTATION_CONTEXT(2) 
PARAMETRIC_REPRESENTATION_CONTEXT() REPRESENTATION_CONTEXT('2D SPACE',''
  ) );
#7093 = ORIENTED_EDGE('',*,*,#7001,.T.);
#7094 = ORIENTED_EDGE('',*,*,#7095,.T.);
#7095 = EDGE_CURVE('',#6974,#7096,#7098,.T.);
#7096 = VERTEX_POINT('',#7097);
#7097 = CARTESIAN_POINT('',(-6.,2.725609838252,-1.));
#7098 = SURFACE_CURVE('',#7099,(#7103,#7110),.PCURVE_S1.);
#7099 = LINE('',#7100,#7101);
#7100 = CARTESIAN_POINT('',(-5.5,2.725609838252,-0.5));
#7101 = VECTOR('',#7102,1.);
#7102 = DIRECTION('',(-0.707106781187,-1.962615573355E-16,
    -0.707106781187));
#7103 = PCURVE('',#7018,#7104);
#7104 = DEFINITIONAL_REPRESENTATION('',(#7105),#7109);
#7105 = LINE('',#7106,#7107);
#7106 = CARTESIAN_POINT('',(5.890486225481,0.25));
#7107 = VECTOR('',#7108,1.);
#7108 = DIRECTION('',(-1.7763568394E-15,-1.));
#7109 = ( GEOMETRIC_REPRESENTATION_CONTEXT(2) 
PARAMETRIC_REPRESENTATION_CONTEXT() REPRESENTATION_CONTEXT('2D SPACE',''
  ) );
#7110 = PCURVE('',#6989,#7111);
#7111 = DEFINITIONAL_REPRESENTATION('',(#7112),#7116);
#7112 = LINE('',#7113,#7114);
#7113 = CARTESIAN_POINT('',(-0.353553390593,1.056865506489));
#7114 = VECTOR('',#7115,1.);
#7115 = DIRECTION('',(1.,-1.962615573355E-16));
#7116 = ( GEOMETRIC_REPRESENTATION_CONTEXT(2) 
PARAMETRIC_REPRESENTATION_CONTEXT() REPRESENTATION_CONTEXT('2D SPACE',''
  ) );
#7117 = ORIENTED_EDGE('',*,*,#7118,.T.);
#7118 = EDGE_CURVE('',#7096,#7056,#7119,.T.);
#7119 = SURFACE_CURVE('',#7120,(#7125,#7132),.PCURVE_S1.);
#7120 = CIRCLE('',#7121,0.5);
#7121 = AXIS2_PLACEMENT_3D('',#7122,#7123,#7124);
#7122 = CARTESIAN_POINT('',(-6.5,2.725609838252,-1.));
#7123 = DIRECTION('',(0.,0.,1.));
#7124 = DIRECTION('',(0.923879532511,0.382683432365,-0.));
#7125 = PCURVE('',#7018,#7126);
#7126 = DEFINITIONAL_REPRESENTATION('',(#7127),#7131);
#7127 = LINE('',#7128,#7129);
#7128 = CARTESIAN_POINT('',(-8.881784197001E-16,-0.25));
#7129 = VECTOR('',#7130,1.);
#7130 = DIRECTION('',(1.,6.496176083269E-17));
#7131 = ( GEOMETRIC_REPRESENTATION_CONTEXT(2) 
PARAMETRIC_REPRESENTATION_CONTEXT() REPRESENTATION_CONTEXT('2D SPACE',''
  ) );
#7132 = PCURVE('',#7133,#7138);
#7133 = CYLINDRICAL_SURFACE('',#7134,0.5);
#7134 = AXIS2_PLACEMENT_3D('',#7135,#7136,#7137);
#7135 = CARTESIAN_POINT('',(-6.5,2.725609838252,-2.));
#7136 = DIRECTION('',(0.,0.,-1.));
#7137 = DIRECTION('',(0.923879532511,0.382683432365,0.));
#7138 = DEFINITIONAL_REPRESENTATION('',(#7139),#7143);
#7139 = LINE('',#7140,#7141);
#7140 = CARTESIAN_POINT('',(12.566370614359,-1.));
#7141 = VECTOR('',#7142,1.);
#7142 = DIRECTION('',(-1.,0.));
#7143 = ( GEOMETRIC_REPRESENTATION_CONTEXT(2) 
PARAMETRIC_REPRESENTATION_CONTEXT() REPRESENTATION_CONTEXT('2D SPACE',''
  ) );
#7144 = ADVANCED_FACE('',(#7145),#7133,.T.);
#7145 = FACE_BOUND('',#7146,.T.);
#7146 = EDGE_LOOP('',(#7147,#7171,#7172,#7200,#7228));
#7147 = ORIENTED_EDGE('',*,*,#7148,.F.);
#7148 = EDGE_CURVE('',#7056,#7149,#7151,.T.);
#7149 = VERTEX_POINT('',#7150);
#7150 = CARTESIAN_POINT('',(-6.146446609407,3.079163228846,-1.));
#7151 = SURFACE_CURVE('',#7152,(#7157,#7164),.PCURVE_S1.);
#7152 = B_SPLINE_CURVE_WITH_KNOTS('',3,(#7153,#7154,#7155,#7156),
  .UNSPECIFIED.,.F.,.F.,(4,4),(0.211538102823,0.392699081699),
  .PIECEWISE_BEZIER_KNOTS.);
#7153 = CARTESIAN_POINT('',(-6.088532140598,3.009677085008,-1.));
#7154 = CARTESIAN_POINT('',(-6.105686107428,3.034524391736,-1.));
#7155 = CARTESIAN_POINT('',(-6.125096583298,3.057813202737,-1.));
#7156 = CARTESIAN_POINT('',(-6.146446609407,3.079163228846,-1.));
#7157 = PCURVE('',#7133,#7158);
#7158 = DEFINITIONAL_REPRESENTATION('',(#7159),#7163);
#7159 = LINE('',#7160,#7161);
#7160 = CARTESIAN_POINT('',(6.28318530718,-1.));
#7161 = VECTOR('',#7162,1.);
#7162 = DIRECTION('',(-1.,0.));
#7163 = ( GEOMETRIC_REPRESENTATION_CONTEXT(2) 
PARAMETRIC_REPRESENTATION_CONTEXT() REPRESENTATION_CONTEXT('2D SPACE',''
  ) );
#7164 = PCURVE('',#7071,#7165);
#7165 = DEFINITIONAL_REPRESENTATION('',(#7166),#7170);
#7166 = LINE('',#7167,#7168);
#7167 = CARTESIAN_POINT('',(5.258175712263E-16,2.498001805407E-16));
#7168 = VECTOR('',#7169,1.);
#7169 = DIRECTION('',(-1.629175924122E-15,-1.));
#7170 = ( GEOMETRIC_REPRESENTATION_CONTEXT(2) 
PARAMETRIC_REPRESENTATION_CONTEXT() REPRESENTATION_CONTEXT('2D SPACE',''
  ) );
#7171 = ORIENTED_EDGE('',*,*,#7118,.F.);
#7172 = ORIENTED_EDGE('',*,*,#7173,.T.);
#7173 = EDGE_CURVE('',#7096,#7174,#7176,.T.);
#7174 = VERTEX_POINT('',#7175);
#7175 = CARTESIAN_POINT('',(-6.,2.725609838252,-3.));
#7176 = SURFACE_CURVE('',#7177,(#7181,#7188),.PCURVE_S1.);
#7177 = LINE('',#7178,#7179);
#7178 = CARTESIAN_POINT('',(-6.,2.725609838252,-2.));
#7179 = VECTOR('',#7180,1.);
#7180 = DIRECTION('',(0.,0.,-1.));
#7181 = PCURVE('',#7133,#7182);
#7182 = DEFINITIONAL_REPRESENTATION('',(#7183),#7187);
#7183 = LINE('',#7184,#7185);
#7184 = CARTESIAN_POINT('',(6.675884388878,0.));
#7185 = VECTOR('',#7186,1.);
#7186 = DIRECTION('',(0.,1.));
#7187 = ( GEOMETRIC_REPRESENTATION_CONTEXT(2) 
PARAMETRIC_REPRESENTATION_CONTEXT() REPRESENTATION_CONTEXT('2D SPACE',''
  ) );
#7188 = PCURVE('',#7189,#7194);
#7189 = PLANE('',#7190);
#7190 = AXIS2_PLACEMENT_3D('',#7191,#7192,#7193);
#7191 = CARTESIAN_POINT('',(-6.,3.337488663526,-1.));
#7192 = DIRECTION('',(-1.,-1.663261117196E-16,0.));
#7193 = DIRECTION('',(1.663261117196E-16,-1.,0.));
#7194 = DEFINITIONAL_REPRESENTATION('',(#7195),#7199);
#7195 = LINE('',#7196,#7197);
#7196 = CARTESIAN_POINT('',(0.611878825274,-1.));
#7197 = VECTOR('',#7198,1.);
#7198 = DIRECTION('',(0.,-1.));
#7199 = ( GEOMETRIC_REPRESENTATION_CONTEXT(2) 
PARAMETRIC_REPRESENTATION_CONTEXT() REPRESENTATION_CONTEXT('2D SPACE',''
  ) );
#7200 = ORIENTED_EDGE('',*,*,#7201,.T.);
#7201 = EDGE_CURVE('',#7174,#7202,#7204,.T.);
#7202 = VERTEX_POINT('',#7203);
#7203 = CARTESIAN_POINT('',(-6.146446609407,3.079163228846,-3.));
#7204 = SURFACE_CURVE('',#7205,(#7210,#7217),.PCURVE_S1.);
#7205 = CIRCLE('',#7206,0.5);
#7206 = AXIS2_PLACEMENT_3D('',#7207,#7208,#7209);
#7207 = CARTESIAN_POINT('',(-6.5,2.725609838252,-3.));
#7208 = DIRECTION('',(0.,0.,1.));
#7209 = DIRECTION('',(0.923879532511,0.382683432365,-0.));
#7210 = PCURVE('',#7133,#7211);
#7211 = DEFINITIONAL_REPRESENTATION('',(#7212),#7216);
#7212 = LINE('',#7213,#7214);
#7213 = CARTESIAN_POINT('',(12.566370614359,1.));
#7214 = VECTOR('',#7215,1.);
#7215 = DIRECTION('',(-1.,0.));
#7216 = ( GEOMETRIC_REPRESENTATION_CONTEXT(2) 
PARAMETRIC_REPRESENTATION_CONTEXT() REPRESENTATION_CONTEXT('2D SPACE',''
  ) );
#7217 = PCURVE('',#4946,#7218);
#7218 = DEFINITIONAL_REPRESENTATION('',(#7219),#7227);
#7219 = ( BOUNDED_CURVE() B_SPLINE_CURVE(2,(#7220,#7221,#7222,#7223,
#7224,#7225,#7226),.UNSPECIFIED.,.T.,.F.) B_SPLINE_CURVE_WITH_KNOTS((1,2
    ,2,2,2,1),(-2.094395102393,0.,2.094395102393,4.188790204786,
6.28318530718,8.377580409573),.UNSPECIFIED.) CURVE() 
GEOMETRIC_REPRESENTATION_ITEM() RATIONAL_B_SPLINE_CURVE((1.,0.5,1.,0.5,
1.,0.5,1.)) REPRESENTATION_ITEM('') );
#7220 = CARTESIAN_POINT('',(1.519542326026,-0.109348994665));
#7221 = CARTESIAN_POINT('',(1.18812875199,-0.909452139856));
#7222 = CARTESIAN_POINT('',(0.660925889625,-0.222387992986));
#7223 = CARTESIAN_POINT('',(0.133723027259,0.464676153883));
#7224 = CARTESIAN_POINT('',(0.99233946366,0.577715152205));
#7225 = CARTESIAN_POINT('',(1.850955900061,0.690754150527));
#7226 = CARTESIAN_POINT('',(1.519542326026,-0.109348994665));
#7227 = ( GEOMETRIC_REPRESENTATION_CONTEXT(2) 
PARAMETRIC_REPRESENTATION_CONTEXT() REPRESENTATION_CONTEXT('2D SPACE',''
  ) );
#7228 = ORIENTED_EDGE('',*,*,#7229,.T.);
#7229 = EDGE_CURVE('',#7202,#7149,#7230,.T.);
#7230 = SURFACE_CURVE('',#7231,(#7235,#7242),.PCURVE_S1.);
#7231 = LINE('',#7232,#7233);
#7232 = CARTESIAN_POINT('',(-6.146446609407,3.079163228846,-2.));
#7233 = VECTOR('',#7234,1.);
#7234 = DIRECTION('',(0.,0.,1.));
#7235 = PCURVE('',#7133,#7236);
#7236 = DEFINITIONAL_REPRESENTATION('',(#7237),#7241);
#7237 = LINE('',#7238,#7239);
#7238 = CARTESIAN_POINT('',(5.890486225481,0.));
#7239 = VECTOR('',#7240,1.);
#7240 = DIRECTION('',(0.,-1.));
#7241 = ( GEOMETRIC_REPRESENTATION_CONTEXT(2) 
PARAMETRIC_REPRESENTATION_CONTEXT() REPRESENTATION_CONTEXT('2D SPACE',''
  ) );
#7242 = PCURVE('',#5842,#7243);
#7243 = DEFINITIONAL_REPRESENTATION('',(#7244),#7248);
#7244 = LINE('',#7245,#7246);
#7245 = CARTESIAN_POINT('',(0.880813769678,1.));
#7246 = VECTOR('',#7247,1.);
#7247 = DIRECTION('',(0.,1.));
#7248 = ( GEOMETRIC_REPRESENTATION_CONTEXT(2) 
PARAMETRIC_REPRESENTATION_CONTEXT() REPRESENTATION_CONTEXT('2D SPACE',''
  ) );
#7249 = ADVANCED_FACE('',(#7250),#7189,.F.);
#7250 = FACE_BOUND('',#7251,.T.);
#7251 = EDGE_LOOP('',(#7252,#7280,#7322,#7343,#7344));
#7252 = ORIENTED_EDGE('',*,*,#7253,.F.);
#7253 = EDGE_CURVE('',#7254,#7256,#7258,.T.);
#7254 = VERTEX_POINT('',#7255);
#7255 = CARTESIAN_POINT('',(-6.,1.570101323138,-1.));
#7256 = VERTEX_POINT('',#7257);
#7257 = CARTESIAN_POINT('',(-6.,1.788014575448,-1.));
#7258 = SURFACE_CURVE('',#7259,(#7264,#7272),.PCURVE_S1.);
#7259 = B_SPLINE_CURVE_WITH_KNOTS('',3,(#7260,#7261,#7262,#7263),
  .UNSPECIFIED.,.F.,.F.,(4,4),(-0.176738734039,-0.154947408808),
  .PIECEWISE_BEZIER_KNOTS.);
#7260 = CARTESIAN_POINT('',(-6.,1.570101323138,-1.));
#7261 = CARTESIAN_POINT('',(-6.,1.642739073908,-1.));
#7262 = CARTESIAN_POINT('',(-6.,1.715376824678,-1.));
#7263 = CARTESIAN_POINT('',(-6.,1.788014575448,-1.));
#7264 = PCURVE('',#7189,#7265);
#7265 = DEFINITIONAL_REPRESENTATION('',(#7266),#7271);
#7266 = B_SPLINE_CURVE_WITH_KNOTS('',3,(#7267,#7268,#7269,#7270),
  .UNSPECIFIED.,.F.,.F.,(4,4),(-0.176738734039,-0.154947408808),
  .PIECEWISE_BEZIER_KNOTS.);
#7267 = CARTESIAN_POINT('',(1.767387340388,0.));
#7268 = CARTESIAN_POINT('',(1.694749589618,0.));
#7269 = CARTESIAN_POINT('',(1.622111838848,0.));
#7270 = CARTESIAN_POINT('',(1.549474088078,0.));
#7271 = ( GEOMETRIC_REPRESENTATION_CONTEXT(2) 
PARAMETRIC_REPRESENTATION_CONTEXT() REPRESENTATION_CONTEXT('2D SPACE',''
  ) );
#7272 = PCURVE('',#6989,#7273);
#7273 = DEFINITIONAL_REPRESENTATION('',(#7274),#7279);
#7274 = B_SPLINE_CURVE_WITH_KNOTS('',3,(#7275,#7276,#7277,#7278),
  .UNSPECIFIED.,.F.,.F.,(4,4),(-0.176738734039,-0.154947408808),
  .PIECEWISE_BEZIER_KNOTS.);
#7275 = CARTESIAN_POINT('',(0.353553390593,-9.864300862529E-02));
#7276 = CARTESIAN_POINT('',(0.353553390593,-2.60052578552E-02));
#7277 = CARTESIAN_POINT('',(0.353553390593,4.663249291489E-02));
#7278 = CARTESIAN_POINT('',(0.353553390593,0.119270243685));
#7279 = ( GEOMETRIC_REPRESENTATION_CONTEXT(2) 
PARAMETRIC_REPRESENTATION_CONTEXT() REPRESENTATION_CONTEXT('2D SPACE',''
  ) );
#7280 = ORIENTED_EDGE('',*,*,#7281,.F.);
#7281 = EDGE_CURVE('',#7282,#7254,#7284,.T.);
#7282 = VERTEX_POINT('',#7283);
#7283 = CARTESIAN_POINT('',(-6.,1.81353127712,-2.999999966042));
#7284 = SURFACE_CURVE('',#7285,(#7290,#7298),.PCURVE_S1.);
#7285 = B_SPLINE_CURVE_WITH_KNOTS('',3,(#7286,#7287,#7288,#7289),
  .UNSPECIFIED.,.F.,.F.,(4,4),(4.608193934603E-02,0.247558525011),
  .PIECEWISE_BEZIER_KNOTS.);
#7286 = CARTESIAN_POINT('',(-6.,1.813531281339,-2.99999996551));
#7287 = CARTESIAN_POINT('',(-6.,1.729423641529,-2.333698750982));
#7288 = CARTESIAN_POINT('',(-6.,1.648667227958,-1.666977440677));
#7289 = CARTESIAN_POINT('',(-6.,1.570101102121,-1.000000033932));
#7290 = PCURVE('',#7189,#7291);
#7291 = DEFINITIONAL_REPRESENTATION('',(#7292),#7297);
#7292 = B_SPLINE_CURVE_WITH_KNOTS('',3,(#7293,#7294,#7295,#7296),
  .UNSPECIFIED.,.F.,.F.,(4,4),(4.608193934603E-02,0.247558525011),
  .PIECEWISE_BEZIER_KNOTS.);
#7293 = CARTESIAN_POINT('',(1.523957382187,-1.99999996551));
#7294 = CARTESIAN_POINT('',(1.608065021997,-1.333698750982));
#7295 = CARTESIAN_POINT('',(1.688821435568,-0.666977440677));
#7296 = CARTESIAN_POINT('',(1.767387561405,-3.393206005065E-08));
#7297 = ( GEOMETRIC_REPRESENTATION_CONTEXT(2) 
PARAMETRIC_REPRESENTATION_CONTEXT() REPRESENTATION_CONTEXT('2D SPACE',''
  ) );
#7298 = PCURVE('',#7299,#7316);
#7299 = B_SPLINE_SURFACE_WITH_KNOTS('',3,3,(
    (#7300,#7301,#7302,#7303)
    ,(#7304,#7305,#7306,#7307)
    ,(#7308,#7309,#7310,#7311)
    ,(#7312,#7313,#7314,#7315
    )),.UNSPECIFIED.,.F.,.F.,.F.,(4,4),(4,4),(0.,1.),(4.608193586964E-02
    ,0.254848613775),.PIECEWISE_BEZIER_KNOTS.);
#7300 = CARTESIAN_POINT('',(-6.,1.813531285693,-3.));
#7301 = CARTESIAN_POINT('',(-6.,1.726380351922,-2.309589793874));
#7302 = CARTESIAN_POINT('',(-6.,1.642827548944,-1.618728541043));
#7303 = CARTESIAN_POINT('',(-6.,1.561581303607,-0.927598694875));
#7304 = CARTESIAN_POINT('',(-6.,1.686256194862,-3.016066018308));
#7305 = CARTESIAN_POINT('',(-5.999932595411,1.594514608119,
    -2.325775853872));
#7306 = CARTESIAN_POINT('',(-6.000069538537,1.507006024658,
    -1.635019201615));
#7307 = CARTESIAN_POINT('',(-6.,1.422076322264,-0.943998299092));
#7308 = CARTESIAN_POINT('',(-6.051666823542,1.55970491962,
    -3.032040668899));
#7309 = CARTESIAN_POINT('',(-6.055414506939,1.463518478423,
    -2.341855133038));
#7310 = CARTESIAN_POINT('',(-6.059123690911,1.372151588405,
    -1.651193158932));
#7311 = CARTESIAN_POINT('',(-6.062451762612,1.283705314091,
    -0.960264598312));
#7312 = CARTESIAN_POINT('',(-6.140943939762,1.46830713426,
    -3.043577871374));
#7313 = CARTESIAN_POINT('',(-6.150423790266,1.371296525956,
    -2.353167665248));
#7314 = CARTESIAN_POINT('',(-6.159162813036,1.279439573072,
    -1.662306412416));
#7315 = CARTESIAN_POINT('',(-6.167310021869,1.190881495706,
    -0.971176566249));
#7316 = DEFINITIONAL_REPRESENTATION('',(#7317),#7321);
#7317 = LINE('',#7318,#7319);
#7318 = CARTESIAN_POINT('',(-1.004144110692E-14,-5.898059818321E-16));
#7319 = VECTOR('',#7320,1.);
#7320 = DIRECTION('',(2.761611718997E-14,1.));
#7321 = ( GEOMETRIC_REPRESENTATION_CONTEXT(2) 
PARAMETRIC_REPRESENTATION_CONTEXT() REPRESENTATION_CONTEXT('2D SPACE',''
  ) );
#7322 = ORIENTED_EDGE('',*,*,#7323,.F.);
#7323 = EDGE_CURVE('',#7174,#7282,#7324,.T.);
#7324 = SURFACE_CURVE('',#7325,(#7329,#7336),.PCURVE_S1.);
#7325 = LINE('',#7326,#7327);
#7326 = CARTESIAN_POINT('',(-6.,3.072545611648,-3.));
#7327 = VECTOR('',#7328,1.);
#7328 = DIRECTION('',(1.663261117196E-16,-1.,0.));
#7329 = PCURVE('',#7189,#7330);
#7330 = DEFINITIONAL_REPRESENTATION('',(#7331),#7335);
#7331 = LINE('',#7332,#7333);
#7332 = CARTESIAN_POINT('',(0.264943051878,-2.));
#7333 = VECTOR('',#7334,1.);
#7334 = DIRECTION('',(1.,0.));
#7335 = ( GEOMETRIC_REPRESENTATION_CONTEXT(2) 
PARAMETRIC_REPRESENTATION_CONTEXT() REPRESENTATION_CONTEXT('2D SPACE',''
  ) );
#7336 = PCURVE('',#4946,#7337);
#7337 = DEFINITIONAL_REPRESENTATION('',(#7338),#7342);
#7338 = LINE('',#7339,#7340);
#7339 = CARTESIAN_POINT('',(1.55760255977,-0.264943051878));
#7340 = VECTOR('',#7341,1.);
#7341 = DIRECTION('',(1.663261117196E-16,1.));
#7342 = ( GEOMETRIC_REPRESENTATION_CONTEXT(2) 
PARAMETRIC_REPRESENTATION_CONTEXT() REPRESENTATION_CONTEXT('2D SPACE',''
  ) );
#7343 = ORIENTED_EDGE('',*,*,#7173,.F.);
#7344 = ORIENTED_EDGE('',*,*,#7345,.F.);
#7345 = EDGE_CURVE('',#7256,#7096,#7346,.T.);
#7346 = SURFACE_CURVE('',#7347,(#7351,#7358),.PCURVE_S1.);
#7347 = LINE('',#7348,#7349);
#7348 = CARTESIAN_POINT('',(-6.,1.668744331763,-1.));
#7349 = VECTOR('',#7350,1.);
#7350 = DIRECTION('',(-1.663261117196E-16,1.,0.));
#7351 = PCURVE('',#7189,#7352);
#7352 = DEFINITIONAL_REPRESENTATION('',(#7353),#7357);
#7353 = LINE('',#7354,#7355);
#7354 = CARTESIAN_POINT('',(1.668744331763,0.));
#7355 = VECTOR('',#7356,1.);
#7356 = DIRECTION('',(-1.,0.));
#7357 = ( GEOMETRIC_REPRESENTATION_CONTEXT(2) 
PARAMETRIC_REPRESENTATION_CONTEXT() REPRESENTATION_CONTEXT('2D SPACE',''
  ) );
#7358 = PCURVE('',#6989,#7359);
#7359 = DEFINITIONAL_REPRESENTATION('',(#7360),#7364);
#7360 = LINE('',#7361,#7362);
#7361 = CARTESIAN_POINT('',(0.353553390593,-1.232595164408E-32));
#7362 = VECTOR('',#7363,1.);
#7363 = DIRECTION('',(1.176103214853E-16,1.));
#7364 = ( GEOMETRIC_REPRESENTATION_CONTEXT(2) 
PARAMETRIC_REPRESENTATION_CONTEXT() REPRESENTATION_CONTEXT('2D SPACE',''
  ) );
#7365 = ADVANCED_FACE('',(#7366),#7299,.F.);
#7366 = FACE_BOUND('',#7367,.F.);
#7367 = EDGE_LOOP('',(#7368,#7369,#7423,#7446));
#7368 = ORIENTED_EDGE('',*,*,#7281,.F.);
#7369 = ORIENTED_EDGE('',*,*,#7370,.F.);
#7370 = EDGE_CURVE('',#7371,#7282,#7373,.T.);
#7371 = VERTEX_POINT('',#7372);
#7372 = CARTESIAN_POINT('',(-6.141541302511,1.462190976615,
    -2.999999950949));
#7373 = SURFACE_CURVE('',#7374,(#7394,#7400),.PCURVE_S1.);
#7374 = B_SPLINE_CURVE_WITH_KNOTS('',3,(#7375,#7376,#7377,#7378,#7379,
    #7380,#7381,#7382,#7383,#7384,#7385,#7386,#7387,#7388,#7389,#7390,
    #7391,#7392,#7393),.UNSPECIFIED.,.F.,.F.,(4,3,3,3,3,3,4),(0.,
    7.813905907905E-03,1.583710945047E-02,1.94686038428E-02,
    2.751275535164E-02,3.542548636062E-02,3.893494974814E-02),
  .UNSPECIFIED.);
#7375 = CARTESIAN_POINT('',(-6.141541305838,1.462190852692,
    -3.000000015703));
#7376 = CARTESIAN_POINT('',(-6.12345577314,1.480934822137,
    -3.000000062692));
#7377 = CARTESIAN_POINT('',(-6.10698004603,1.501058024504,
    -2.999994788368));
#7378 = CARTESIAN_POINT('',(-6.092154123826,1.522313243265,
    -2.999990141431));
#7379 = CARTESIAN_POINT('',(-6.076931085187,1.544137788951,
    -2.999985370026));
#7380 = CARTESIAN_POINT('',(-6.06344673961,1.567156898704,
    -2.999981121276));
#7381 = CARTESIAN_POINT('',(-6.051785466843,1.591137934035,
    -2.999979466909));
#7382 = CARTESIAN_POINT('',(-6.046507295046,1.601992325908,
    -2.999978718102));
#7383 = CARTESIAN_POINT('',(-6.04160322492,1.613044150863,
    -2.999978455462));
#7384 = CARTESIAN_POINT('',(-6.037084331516,1.624273150132,
    -2.999978709102));
#7385 = CARTESIAN_POINT('',(-6.027074495545,1.649146593859,
    -2.999979270941));
#7386 = CARTESIAN_POINT('',(-6.019025319889,1.674704440182,
    -2.999982347231));
#7387 = CARTESIAN_POINT('',(-6.013007036901,1.700707211315,
    -2.999986475581));
#7388 = CARTESIAN_POINT('',(-6.007087076993,1.726285164843,
    -2.999990536484));
#7389 = CARTESIAN_POINT('',(-6.003131826306,1.752294879232,
    -2.999995456909));
#7390 = CARTESIAN_POINT('',(-6.001255152081,1.778522875897,
    -2.999998105987));
#7391 = CARTESIAN_POINT('',(-6.000422807411,1.790155546578,
    -2.999999280909));
#7392 = CARTESIAN_POINT('',(-6.,1.801831236338,-3.));
#7393 = CARTESIAN_POINT('',(-6.,1.813531285693,-3.));
#7394 = PCURVE('',#7299,#7395);
#7395 = DEFINITIONAL_REPRESENTATION('',(#7396),#7399);
#7396 = B_SPLINE_CURVE_WITH_KNOTS('',1,(#7397,#7398),.UNSPECIFIED.,.F.,
  .F.,(2,2),(9.148838235376E-09,3.893494974814E-02),
  .PIECEWISE_BEZIER_KNOTS.);
#7397 = CARTESIAN_POINT('',(0.999999764184,5.047424143217E-02));
#7398 = CARTESIAN_POINT('',(-1.386985125142E-15,4.608193586964E-02));
#7399 = ( GEOMETRIC_REPRESENTATION_CONTEXT(2) 
PARAMETRIC_REPRESENTATION_CONTEXT() REPRESENTATION_CONTEXT('2D SPACE',''
  ) );
#7400 = PCURVE('',#4946,#7401);
#7401 = DEFINITIONAL_REPRESENTATION('',(#7402),#7422);
#7402 = B_SPLINE_CURVE_WITH_KNOTS('',3,(#7403,#7404,#7405,#7406,#7407,
    #7408,#7409,#7410,#7411,#7412,#7413,#7414,#7415,#7416,#7417,#7418,
    #7419,#7420,#7421),.UNSPECIFIED.,.F.,.F.,(4,3,3,3,3,3,4),(0.,
    7.813905907905E-03,1.583710945047E-02,1.94686038428E-02,
    2.751275535164E-02,3.542548636062E-02,3.893494974814E-02),
  .UNSPECIFIED.);
#7403 = CARTESIAN_POINT('',(1.416061253932,1.345411707078));
#7404 = CARTESIAN_POINT('',(1.43414678663,1.326667737633));
#7405 = CARTESIAN_POINT('',(1.45062251374,1.306544535266));
#7406 = CARTESIAN_POINT('',(1.465448435945,1.285289316505));
#7407 = CARTESIAN_POINT('',(1.480671474583,1.26346477082));
#7408 = CARTESIAN_POINT('',(1.49415582016,1.240445661066));
#7409 = CARTESIAN_POINT('',(1.505817092927,1.216464625736));
#7410 = CARTESIAN_POINT('',(1.511095264724,1.205610233863));
#7411 = CARTESIAN_POINT('',(1.51599933485,1.194558408908));
#7412 = CARTESIAN_POINT('',(1.520518228255,1.183329409638));
#7413 = CARTESIAN_POINT('',(1.530528064226,1.158455965911));
#7414 = CARTESIAN_POINT('',(1.538577239881,1.132898119588));
#7415 = CARTESIAN_POINT('',(1.544595522869,1.106895348455));
#7416 = CARTESIAN_POINT('',(1.550515482777,1.081317394927));
#7417 = CARTESIAN_POINT('',(1.554470733464,1.055307680538));
#7418 = CARTESIAN_POINT('',(1.556347407689,1.029079683874));
#7419 = CARTESIAN_POINT('',(1.55717975236,1.017447013192));
#7420 = CARTESIAN_POINT('',(1.55760255977,1.005771323432));
#7421 = CARTESIAN_POINT('',(1.55760255977,0.994071274078));
#7422 = ( GEOMETRIC_REPRESENTATION_CONTEXT(2) 
PARAMETRIC_REPRESENTATION_CONTEXT() REPRESENTATION_CONTEXT('2D SPACE',''
  ) );
#7423 = ORIENTED_EDGE('',*,*,#7424,.F.);
#7424 = EDGE_CURVE('',#7425,#7371,#7427,.T.);
#7425 = VERTEX_POINT('',#7426);
#7426 = CARTESIAN_POINT('',(-6.167310021869,1.190881495706,
    -0.971176566249));
#7427 = SURFACE_CURVE('',#7428,(#7433,#7440),.PCURVE_S1.);
#7428 = B_SPLINE_CURVE_WITH_KNOTS('',3,(#7429,#7430,#7431,#7432),
  .UNSPECIFIED.,.F.,.F.,(4,4),(-0.254848613775,-5.047424713092E-02),
  .PIECEWISE_BEZIER_KNOTS.);
#7429 = CARTESIAN_POINT('',(-6.167310021869,1.190881495706,
    -0.971176566249));
#7430 = CARTESIAN_POINT('',(-6.15933422486,1.27757637036,-1.647765502743
    ));
#7431 = CARTESIAN_POINT('',(-6.150791254685,1.367432768522,
    -2.324097029055));
#7432 = CARTESIAN_POINT('',(-6.1415413065,1.462190845908,-2.999999967315
    ));
#7433 = PCURVE('',#7299,#7434);
#7434 = DEFINITIONAL_REPRESENTATION('',(#7435),#7439);
#7435 = LINE('',#7436,#7437);
#7436 = CARTESIAN_POINT('',(1.,0.));
#7437 = VECTOR('',#7438,1.);
#7438 = DIRECTION('',(2.444535336228E-14,-1.));
#7439 = ( GEOMETRIC_REPRESENTATION_CONTEXT(2) 
PARAMETRIC_REPRESENTATION_CONTEXT() REPRESENTATION_CONTEXT('2D SPACE',''
  ) );
#7440 = PCURVE('',#4816,#7441);
#7441 = DEFINITIONAL_REPRESENTATION('',(#7442),#7445);
#7442 = B_SPLINE_CURVE_WITH_KNOTS('',1,(#7443,#7444),.UNSPECIFIED.,.F.,
  .F.,(2,2),(-0.254848613775,-5.047424713092E-02),
  .PIECEWISE_BEZIER_KNOTS.);
#7443 = CARTESIAN_POINT('',(5.443801576264,2.028823433751));
#7444 = CARTESIAN_POINT('',(5.515695556464,4.081241767898E-08));
#7445 = ( GEOMETRIC_REPRESENTATION_CONTEXT(2) 
PARAMETRIC_REPRESENTATION_CONTEXT() REPRESENTATION_CONTEXT('2D SPACE',''
  ) );
#7446 = ORIENTED_EDGE('',*,*,#7447,.T.);
#7447 = EDGE_CURVE('',#7425,#7254,#7448,.T.);
#7448 = SURFACE_CURVE('',#7449,(#7456,#7485),.PCURVE_S1.);
#7449 = B_SPLINE_CURVE_WITH_KNOTS('',3,(#7450,#7451,#7452,#7453,#7454,
    #7455),.UNSPECIFIED.,.F.,.F.,(4,1,1,4),(-0.214660716782,
    -0.20382586457,-0.19569972541,-0.176738734039),.UNSPECIFIED.);
#7450 = CARTESIAN_POINT('',(-6.167310021869,1.190881495706,
    -0.971176566249));
#7451 = CARTESIAN_POINT('',(-6.128856140078,1.226997669747,
    -0.984831149826));
#7452 = CARTESIAN_POINT('',(-6.079060905534,1.290200974319,
    -0.99499614222));
#7453 = CARTESIAN_POINT('',(-6.015977167577,1.416607583463,
    -1.001085393072));
#7454 = CARTESIAN_POINT('',(-6.,1.506898018566,-1.));
#7455 = CARTESIAN_POINT('',(-6.,1.570101323138,-1.));
#7456 = PCURVE('',#7299,#7457);
#7457 = DEFINITIONAL_REPRESENTATION('',(#7458),#7484);
#7458 = B_SPLINE_CURVE_WITH_KNOTS('',3,(#7459,#7460,#7461,#7462,#7463,
    #7464,#7465,#7466,#7467,#7468,#7469,#7470,#7471,#7472,#7473,#7474,
    #7475,#7476,#7477,#7478,#7479,#7480,#7481,#7482,#7483),
  .UNSPECIFIED.,.F.,.F.,(4,1,1,1,1,1,1,1,1,1,1,1,1,1,1,1,1,1,1,1,1,1,4),
  (-0.214660716782,-0.212936990294,-0.211213263805,-0.209489537317,
    -0.207765810829,-0.20604208434,-0.204318357852,-0.202594631364,
    -0.200870904875,-0.199147178387,-0.197423451899,-0.19569972541,
    -0.193975998922,-0.192252272434,-0.190528545945,-0.188804819457,
    -0.187081092969,-0.18535736648,-0.183633639992,-0.181909913504,
    -0.180186187015,-0.178462460527,-0.176738734039),
  .QUASI_UNIFORM_KNOTS.);
#7459 = CARTESIAN_POINT('',(1.,0.254848613775));
#7460 = CARTESIAN_POINT('',(0.980656893226,0.254566131097));
#7461 = CARTESIAN_POINT('',(0.942752784908,0.254040532843));
#7462 = CARTESIAN_POINT('',(0.888024825924,0.253357020864));
#7463 = CARTESIAN_POINT('',(0.83520787553,0.252765173044));
#7464 = CARTESIAN_POINT('',(0.784081528302,0.252251786848));
#7465 = CARTESIAN_POINT('',(0.734434752165,0.251803577297));
#7466 = CARTESIAN_POINT('',(0.686072214028,0.251407554977));
#7467 = CARTESIAN_POINT('',(0.638811615351,0.251049613947));
#7468 = CARTESIAN_POINT('',(0.592527789351,0.250722929928));
#7469 = CARTESIAN_POINT('',(0.547114371047,0.250423385118));
#7470 = CARTESIAN_POINT('',(0.502467500118,0.250146188831));
#7471 = CARTESIAN_POINT('',(0.45849156278,0.249886729389));
#7472 = CARTESIAN_POINT('',(0.415099841978,0.249640345845));
#7473 = CARTESIAN_POINT('',(0.372227289741,0.2494055114));
#7474 = CARTESIAN_POINT('',(0.329809370663,0.24918069548));
#7475 = CARTESIAN_POINT('',(0.287783571356,0.248964368091));
#7476 = CARTESIAN_POINT('',(0.246089813408,0.248754998682));
#7477 = CARTESIAN_POINT('',(0.204671088307,0.248551056462));
#7478 = CARTESIAN_POINT('',(0.163474024402,0.248351010323));
#7479 = CARTESIAN_POINT('',(0.122449404222,0.248153328858));
#7480 = CARTESIAN_POINT('',(8.155298498156E-02,0.247956480315));
#7481 = CARTESIAN_POINT('',(4.074528826813E-02,0.247758932631));
#7482 = CARTESIAN_POINT('',(1.357869280575E-02,0.247625746324));
#7483 = CARTESIAN_POINT('',(-5.317640731787E-07,0.247558525795));
#7484 = ( GEOMETRIC_REPRESENTATION_CONTEXT(2) 
PARAMETRIC_REPRESENTATION_CONTEXT() REPRESENTATION_CONTEXT('2D SPACE',''
  ) );
#7485 = PCURVE('',#7486,#7511);
#7486 = B_SPLINE_SURFACE_WITH_KNOTS('',3,3,(
    (#7487,#7488,#7489,#7490,#7491,#7492)
    ,(#7493,#7494,#7495,#7496,#7497,#7498)
    ,(#7499,#7500,#7501,#7502,#7503,#7504)
    ,(#7505,#7506,#7507,#7508,#7509,#7510
    )),.UNSPECIFIED.,.F.,.F.,.F.,(4,4),(4,1,1,4),(0.,0.406974732586),(
    0.176738734039,0.19569972541,0.20382586457,0.214660716782),
  .UNSPECIFIED.);
#7487 = CARTESIAN_POINT('',(-6.,1.570101323138,-1.));
#7488 = CARTESIAN_POINT('',(-6.,1.506898018566,-1.));
#7489 = CARTESIAN_POINT('',(-6.015977167577,1.416607583463,
    -1.001085393072));
#7490 = CARTESIAN_POINT('',(-6.079060905534,1.290200974319,
    -0.99499614222));
#7491 = CARTESIAN_POINT('',(-6.128856140078,1.226997669747,
    -0.984831149826));
#7492 = CARTESIAN_POINT('',(-6.167310021869,1.190881495706,
    -0.971176566249));
#7493 = CARTESIAN_POINT('',(-5.932170877902,1.570101323138,
    -0.932170877902));
#7494 = CARTESIAN_POINT('',(-5.932170877902,1.506898018566,
    -0.932170877902));
#7495 = CARTESIAN_POINT('',(-5.945980610979,1.416607583463,
    -0.933109028456));
#7496 = CARTESIAN_POINT('',(-6.000506519807,1.290200974319,
    -0.927845834683));
#7497 = CARTESIAN_POINT('',(-6.043546620263,1.226997669747,
    -0.91905980731));
#7498 = CARTESIAN_POINT('',(-6.076783915969,1.190881495706,
    -0.907257580566));
#7499 = CARTESIAN_POINT('',(-5.864341755805,1.570101323138,
    -0.864341755805));
#7500 = CARTESIAN_POINT('',(-5.864341755805,1.506898018566,
    -0.864341755805));
#7501 = CARTESIAN_POINT('',(-5.875984054381,1.416607583463,
    -0.86513266384));
#7502 = CARTESIAN_POINT('',(-5.92195213408,1.290200974319,
    -0.860695527146));
#7503 = CARTESIAN_POINT('',(-5.958237100449,1.226997669747,
    -0.853288464793));
#7504 = CARTESIAN_POINT('',(-5.986257810068,1.190881495706,
    -0.843338594882));
#7505 = CARTESIAN_POINT('',(-5.796512633707,1.570101323138,
    -0.796512633707));
#7506 = CARTESIAN_POINT('',(-5.796512633707,1.506898018566,
    -0.796512633707));
#7507 = CARTESIAN_POINT('',(-5.805987497782,1.416607583463,
    -0.797156299224));
#7508 = CARTESIAN_POINT('',(-5.843397748354,1.290200974319,
    -0.793545219609));
#7509 = CARTESIAN_POINT('',(-5.872927580635,1.226997669747,
    -0.787517122277));
#7510 = CARTESIAN_POINT('',(-5.895731704167,1.190881495706,
    -0.779419609199));
#7511 = DEFINITIONAL_REPRESENTATION('',(#7512),#7516);
#7512 = LINE('',#7513,#7514);
#7513 = CARTESIAN_POINT('',(1.75114888942E-15,2.775557561563E-17));
#7514 = VECTOR('',#7515,1.);
#7515 = DIRECTION('',(9.21891954466E-15,-1.));
#7516 = ( GEOMETRIC_REPRESENTATION_CONTEXT(2) 
PARAMETRIC_REPRESENTATION_CONTEXT() REPRESENTATION_CONTEXT('2D SPACE',''
  ) );
#7517 = ADVANCED_FACE('',(#7518),#7486,.T.);
#7518 = FACE_BOUND('',#7519,.T.);
#7519 = EDGE_LOOP('',(#7520,#7594,#7595,#7617));
#7520 = ORIENTED_EDGE('',*,*,#7521,.T.);
#7521 = EDGE_CURVE('',#7522,#7425,#7524,.T.);
#7522 = VERTEX_POINT('',#7523);
#7523 = CARTESIAN_POINT('',(-5.851395017086,1.504869620785,
    -0.848445529125));
#7524 = SURFACE_CURVE('',#7525,(#7536,#7565),.PCURVE_S1.);
#7525 = B_SPLINE_CURVE_WITH_KNOTS('',3,(#7526,#7527,#7528,#7529,#7530,
    #7531,#7532,#7533,#7534,#7535),.UNSPECIFIED.,.F.,.F.,(4,2,2,2,4),(
    1.022353201441E-02,2.314344658135E-02,4.524860783026E-02,
    5.048863025364E-02,5.443253465227E-02),.UNSPECIFIED.);
#7526 = CARTESIAN_POINT('',(-5.851395017086,1.504869620785,
    -0.848445529125));
#7527 = CARTESIAN_POINT('',(-5.87685728673,1.47711143498,-0.871183934015
    ));
#7528 = CARTESIAN_POINT('',(-5.903313309041,1.449114931749,
    -0.892730763889));
#7529 = CARTESIAN_POINT('',(-5.976606601154,1.373598240457,
    -0.943717476408));
#7530 = CARTESIAN_POINT('',(-6.034257501032,1.316774937228,
    -0.974608176394));
#7531 = CARTESIAN_POINT('',(-6.107647422529,1.247023898361,
    -0.981070553666));
#7532 = CARTESIAN_POINT('',(-6.121820660187,1.23364342294,
    -0.980866123143));
#7533 = CARTESIAN_POINT('',(-6.146496936795,1.210423643032,
    -0.977357379252));
#7534 = CARTESIAN_POINT('',(-6.156999603593,1.200565117841,
    -0.974837691251));
#7535 = CARTESIAN_POINT('',(-6.167310021869,1.190881495706,
    -0.971176566249));
#7536 = PCURVE('',#7486,#7537);
#7537 = DEFINITIONAL_REPRESENTATION('',(#7538),#7564);
#7538 = B_SPLINE_CURVE_WITH_KNOTS('',3,(#7539,#7540,#7541,#7542,#7543,
    #7544,#7545,#7546,#7547,#7548,#7549,#7550,#7551,#7552,#7553,#7554,
    #7555,#7556,#7557,#7558,#7559,#7560,#7561,#7562,#7563),
  .UNSPECIFIED.,.F.,.F.,(4,1,1,1,1,1,1,1,1,1,1,1,1,1,1,1,1,1,1,1,1,1,4),
  (1.022353201441E-02,1.223303213431E-02,1.424253225421E-02,
    1.625203237411E-02,1.826153249402E-02,2.027103261392E-02,
    2.228053273382E-02,2.429003285373E-02,2.629953297363E-02,
    2.830903309353E-02,3.031853321343E-02,3.232803333334E-02,
    3.433753345324E-02,3.634703357314E-02,3.835653369305E-02,
    4.036603381295E-02,4.237553393285E-02,4.438503405275E-02,
    4.639453417266E-02,4.840403429256E-02,5.041353441246E-02,
    5.242303453237E-02,5.443253465227E-02),.QUASI_UNIFORM_KNOTS.);
#7539 = CARTESIAN_POINT('',(0.303104805941,0.183262711744));
#7540 = CARTESIAN_POINT('',(0.296026881523,0.183694589622));
#7541 = CARTESIAN_POINT('',(0.28198241809,0.184559545653));
#7542 = CARTESIAN_POINT('',(0.261311170791,0.185859685258));
#7543 = CARTESIAN_POINT('',(0.241097651087,0.187161626557));
#7544 = CARTESIAN_POINT('',(0.221400680358,0.188464495782));
#7545 = CARTESIAN_POINT('',(0.20227868716,0.189767224249));
#7546 = CARTESIAN_POINT('',(0.18378034372,0.19106947456));
#7547 = CARTESIAN_POINT('',(0.165977633113,0.192368257712));
#7548 = CARTESIAN_POINT('',(0.148199711579,0.19371646665));
#7549 = CARTESIAN_POINT('',(0.130759415616,0.1951016285));
#7550 = CARTESIAN_POINT('',(0.113803430723,0.196521850801));
#7551 = CARTESIAN_POINT('',(9.751276716608E-02,0.197972290314));
#7552 = CARTESIAN_POINT('',(8.204648647147E-02,0.199448533642));
#7553 = CARTESIAN_POINT('',(6.755672968518E-02,0.200946066134));
#7554 = CARTESIAN_POINT('',(5.418374921844E-02,0.202460567496));
#7555 = CARTESIAN_POINT('',(4.205768723138E-02,0.203988070399));
#7556 = CARTESIAN_POINT('',(3.129624418176E-02,0.205525047836));
#7557 = CARTESIAN_POINT('',(2.198045585803E-02,0.207065633288));
#7558 = CARTESIAN_POINT('',(1.417514267337E-02,0.208604295258));
#7559 = CARTESIAN_POINT('',(7.961630472718E-03,0.210138615573));
#7560 = CARTESIAN_POINT('',(3.419315883941E-03,0.211664120541));
#7561 = CARTESIAN_POINT('',(6.343188657966E-04,0.213174083226));
#7562 = CARTESIAN_POINT('',(-8.293890865781E-07,0.214167835128));
#7563 = CARTESIAN_POINT('',(0.,0.214660716782));
#7564 = ( GEOMETRIC_REPRESENTATION_CONTEXT(2) 
PARAMETRIC_REPRESENTATION_CONTEXT() REPRESENTATION_CONTEXT('2D SPACE',''
  ) );
#7565 = PCURVE('',#4816,#7566);
#7566 = DEFINITIONAL_REPRESENTATION('',(#7567),#7593);
#7567 = B_SPLINE_CURVE_WITH_KNOTS('',3,(#7568,#7569,#7570,#7571,#7572,
    #7573,#7574,#7575,#7576,#7577,#7578,#7579,#7580,#7581,#7582,#7583,
    #7584,#7585,#7586,#7587,#7588,#7589,#7590,#7591,#7592),
  .UNSPECIFIED.,.F.,.F.,(4,1,1,1,1,1,1,1,1,1,1,1,1,1,1,1,1,1,1,1,1,1,4),
  (1.022353201441E-02,1.223303213431E-02,1.424253225421E-02,
    1.625203237411E-02,1.826153249402E-02,2.027103261392E-02,
    2.228053273382E-02,2.429003285373E-02,2.629953297363E-02,
    2.830903309353E-02,3.031853321343E-02,3.232803333334E-02,
    3.433753345324E-02,3.634703357314E-02,3.835653369305E-02,
    4.036603381295E-02,4.237553393285E-02,4.438503405275E-02,
    4.639453417266E-02,4.840403429256E-02,5.041353441246E-02,
    5.242303453237E-02,5.443253465227E-02),.QUASI_UNIFORM_KNOTS.);
#7568 = CARTESIAN_POINT('',(5.593738164942,2.151554470875));
#7569 = CARTESIAN_POINT('',(5.591773581457,2.148017848936));
#7570 = CARTESIAN_POINT('',(5.587829925225,2.141002237337));
#7571 = CARTESIAN_POINT('',(5.581875047159,2.130686675298));
#7572 = CARTESIAN_POINT('',(5.57588491018,2.120614003059));
#7573 = CARTESIAN_POINT('',(5.569863436515,2.110818989321));
#7574 = CARTESIAN_POINT('',(5.563815496841,2.101337242957));
#7575 = CARTESIAN_POINT('',(5.557742531078,2.092201128489));
#7576 = CARTESIAN_POINT('',(5.551658894965,2.083454996024));
#7577 = CARTESIAN_POINT('',(5.545312275567,2.074785317729));
#7578 = CARTESIAN_POINT('',(5.538762049299,2.066364908108));
#7579 = CARTESIAN_POINT('',(5.532018174303,2.05828738632));
#7580 = CARTESIAN_POINT('',(5.525103987934,2.050667451824));
#7581 = CARTESIAN_POINT('',(5.518039376198,2.043614002134));
#7582 = CARTESIAN_POINT('',(5.510845276936,2.037237326947));
#7583 = CARTESIAN_POINT('',(5.503542457509,2.031647161131));
#7584 = CARTESIAN_POINT('',(5.496151843817,2.026953232491));
#7585 = CARTESIAN_POINT('',(5.488694354577,2.023264978267));
#7586 = CARTESIAN_POINT('',(5.481191150468,2.020692098782));
#7587 = CARTESIAN_POINT('',(5.473662708204,2.019342600658));
#7588 = CARTESIAN_POINT('',(5.466122457992,2.019333862617));
#7589 = CARTESIAN_POINT('',(5.45859712055,2.020787855643));
#7590 = CARTESIAN_POINT('',(5.451132706671,2.02381997205));
#7591 = CARTESIAN_POINT('',(5.446228165345,2.02695812786));
#7592 = CARTESIAN_POINT('',(5.443801576264,2.028823433751));
#7593 = ( GEOMETRIC_REPRESENTATION_CONTEXT(2) 
PARAMETRIC_REPRESENTATION_CONTEXT() REPRESENTATION_CONTEXT('2D SPACE',''
  ) );
#7594 = ORIENTED_EDGE('',*,*,#7447,.T.);
#7595 = ORIENTED_EDGE('',*,*,#7596,.F.);
#7596 = EDGE_CURVE('',#7597,#7254,#7599,.T.);
#7597 = VERTEX_POINT('',#7598);
#7598 = CARTESIAN_POINT('',(-5.796512633707,1.570101323138,
    -0.796512633707));
#7599 = SURFACE_CURVE('',#7600,(#7604,#7610),.PCURVE_S1.);
#7600 = LINE('',#7601,#7602);
#7601 = CARTESIAN_POINT('',(-5.5,1.570101323138,-0.5));
#7602 = VECTOR('',#7603,1.);
#7603 = DIRECTION('',(-0.707106781187,0.,-0.707106781187));
#7604 = PCURVE('',#7486,#7605);
#7605 = DEFINITIONAL_REPRESENTATION('',(#7606),#7609);
#7606 = B_SPLINE_CURVE_WITH_KNOTS('',1,(#7607,#7608),.UNSPECIFIED.,.F.,
  .F.,(2,2),(0.419332188004,0.707106781187),.PIECEWISE_BEZIER_KNOTS.);
#7607 = CARTESIAN_POINT('',(0.406974732586,0.176738734039));
#7608 = CARTESIAN_POINT('',(1.218087198909E-16,0.176738734039));
#7609 = ( GEOMETRIC_REPRESENTATION_CONTEXT(2) 
PARAMETRIC_REPRESENTATION_CONTEXT() REPRESENTATION_CONTEXT('2D SPACE',''
  ) );
#7610 = PCURVE('',#6989,#7611);
#7611 = DEFINITIONAL_REPRESENTATION('',(#7612),#7616);
#7612 = LINE('',#7613,#7614);
#7613 = CARTESIAN_POINT('',(-0.353553390593,-9.864300862529E-02));
#7614 = VECTOR('',#7615,1.);
#7615 = DIRECTION('',(1.,-8.628166150855E-32));
#7616 = ( GEOMETRIC_REPRESENTATION_CONTEXT(2) 
PARAMETRIC_REPRESENTATION_CONTEXT() REPRESENTATION_CONTEXT('2D SPACE',''
  ) );
#7617 = ORIENTED_EDGE('',*,*,#7618,.T.);
#7618 = EDGE_CURVE('',#7597,#7522,#7619,.T.);
#7619 = SURFACE_CURVE('',#7620,(#7628,#7634),.PCURVE_S1.);
#7620 = B_SPLINE_CURVE_WITH_KNOTS('',3,(#7621,#7622,#7623,#7624,#7625,
    #7626,#7627),.UNSPECIFIED.,.F.,.F.,(4,3,4),(0.,8.146884402185E-03,
    9.974932361832E-03),.UNSPECIFIED.);
#7621 = CARTESIAN_POINT('',(-5.796512633707,1.570101323138,
    -0.796512633707));
#7622 = CARTESIAN_POINT('',(-5.810655097311,1.551731645332,
    -0.810655097311));
#7623 = CARTESIAN_POINT('',(-5.825432457487,1.533853833555,
    -0.824907450804));
#7624 = CARTESIAN_POINT('',(-5.840843597267,1.516484740814,
    -0.839048835408));
#7625 = CARTESIAN_POINT('',(-5.844301643465,1.512587357106,
    -0.842221966141));
#7626 = CARTESIAN_POINT('',(-5.847791399493,1.508715586964,
    -0.845389467913));
#7627 = CARTESIAN_POINT('',(-5.851312471825,1.504869620787,
    -0.848548786164));
#7628 = PCURVE('',#7486,#7629);
#7629 = DEFINITIONAL_REPRESENTATION('',(#7630),#7633);
#7630 = B_SPLINE_CURVE_WITH_KNOTS('',1,(#7631,#7632),.UNSPECIFIED.,.F.,
  .F.,(2,2),(0.,9.974349151838E-03),.PIECEWISE_BEZIER_KNOTS.);
#7631 = CARTESIAN_POINT('',(0.406974732586,0.176738734039));
#7632 = CARTESIAN_POINT('',(0.303090221239,0.183261536175));
#7633 = ( GEOMETRIC_REPRESENTATION_CONTEXT(2) 
PARAMETRIC_REPRESENTATION_CONTEXT() REPRESENTATION_CONTEXT('2D SPACE',''
  ) );
#7634 = PCURVE('',#7635,#7652);
#7635 = B_SPLINE_SURFACE_WITH_KNOTS('',3,3,(
    (#7636,#7637,#7638,#7639)
    ,(#7640,#7641,#7642,#7643)
    ,(#7644,#7645,#7646,#7647)
    ,(#7648,#7649,#7650,#7651
    )),.UNSPECIFIED.,.F.,.F.,.F.,(4,4),(4,4),(0.,0.241712663387),(
    9.452509121775E-02,0.17687763965),.PIECEWISE_BEZIER_KNOTS.);
#7636 = CARTESIAN_POINT('',(-5.802553564542,1.45131081091,
    -2.808165259829E-02));
#7637 = CARTESIAN_POINT('',(-5.818855008768,1.469129750998,
    -0.30153660532));
#7638 = CARTESIAN_POINT('',(-5.835136202386,1.486981406862,
    -0.574991242818));
#7639 = CARTESIAN_POINT('',(-5.851395017084,1.504869620787,
    -0.848445529125));
#7640 = CARTESIAN_POINT('',(-5.7264034118,1.542918468478,
    -2.712127873854E-02));
#7641 = CARTESIAN_POINT('',(-5.742858849274,1.560752430895,
    -0.300565634482));
#7642 = CARTESIAN_POINT('',(-5.759299052117,1.578618948932,
    -0.574009363798));
#7643 = CARTESIAN_POINT('',(-5.775723081787,1.596522544007,
    -0.847452315496));
#7644 = CARTESIAN_POINT('',(-5.666762804502,1.648188399115,
    -2.428633158086E-02));
#7645 = CARTESIAN_POINT('',(-5.683362568857,1.665999338684,
    -0.297722865948));
#7646 = CARTESIAN_POINT('',(-5.69995198711,1.683841789965,
    -0.571158517762));
#7647 = CARTESIAN_POINT('',(-5.716530702806,1.701720076706,
    -0.844593108925));
#7648 = CARTESIAN_POINT('',(-5.62736896464,1.76052413914,
    -1.975445564207E-02));
#7649 = CARTESIAN_POINT('',(-5.644088979435,1.7782849097,-0.293186180242
    ));
#7650 = CARTESIAN_POINT('',(-5.660803023944,1.796075578079,
    -0.566616826626));
#7651 = CARTESIAN_POINT('',(-5.677510538418,1.813899574393,
    -0.840046278198));
#7652 = DEFINITIONAL_REPRESENTATION('',(#7653),#7656);
#7653 = B_SPLINE_CURVE_WITH_KNOTS('',1,(#7654,#7655),.UNSPECIFIED.,.F.,
  .F.,(2,2),(0.,9.974349151838E-03),.PIECEWISE_BEZIER_KNOTS.);
#7654 = CARTESIAN_POINT('',(5.82863653813E-02,0.171768545806));
#7655 = CARTESIAN_POINT('',(3.816088377903E-05,0.176887115025));
#7656 = ( GEOMETRIC_REPRESENTATION_CONTEXT(2) 
PARAMETRIC_REPRESENTATION_CONTEXT() REPRESENTATION_CONTEXT('2D SPACE',''
  ) );
#7657 = ADVANCED_FACE('',(#7658),#7635,.F.);
#7658 = FACE_BOUND('',#7659,.F.);
#7659 = EDGE_LOOP('',(#7660,#7686,#7710,#7734,#7762,#7763,#7809));
#7660 = ORIENTED_EDGE('',*,*,#7661,.T.);
#7661 = EDGE_CURVE('',#7662,#7664,#7666,.T.);
#7662 = VERTEX_POINT('',#7663);
#7663 = CARTESIAN_POINT('',(-5.655708168045,1.784202005722,
    -0.456422128626));
#7664 = VERTEX_POINT('',#7665);
#7665 = CARTESIAN_POINT('',(-5.658028679708,1.788014575448,-0.5));
#7666 = SURFACE_CURVE('',#7667,(#7672,#7678),.PCURVE_S1.);
#7667 = B_SPLINE_CURVE_WITH_KNOTS('',3,(#7668,#7669,#7670,#7671),
  .UNSPECIFIED.,.F.,.F.,(4,4),(0.138297039081,0.142672543923),
  .PIECEWISE_BEZIER_KNOTS.);
#7668 = CARTESIAN_POINT('',(-5.655708282061,1.784202056248,
    -0.456422118231));
#7669 = CARTESIAN_POINT('',(-5.656481515879,1.785472902342,
    -0.47094804687));
#7670 = CARTESIAN_POINT('',(-5.657255002221,1.78674376066,
    -0.485473999044));
#7671 = CARTESIAN_POINT('',(-5.658028751754,1.788014604546,
    -0.499999993552));
#7672 = PCURVE('',#7635,#7673);
#7673 = DEFINITIONAL_REPRESENTATION('',(#7674),#7677);
#7674 = B_SPLINE_CURVE_WITH_KNOTS('',1,(#7675,#7676),.UNSPECIFIED.,.F.,
  .F.,(2,2),(0.138297039081,0.142672543923),.PIECEWISE_BEZIER_KNOTS.);
#7675 = CARTESIAN_POINT('',(0.238336591763,0.138344912594));
#7676 = CARTESIAN_POINT('',(0.239036515356,0.142723800452));
#7677 = ( GEOMETRIC_REPRESENTATION_CONTEXT(2) 
PARAMETRIC_REPRESENTATION_CONTEXT() REPRESENTATION_CONTEXT('2D SPACE',''
  ) );
#7678 = PCURVE('',#6961,#7679);
#7679 = DEFINITIONAL_REPRESENTATION('',(#7680),#7685);
#7680 = B_SPLINE_CURVE_WITH_KNOTS('',3,(#7681,#7682,#7683,#7684),
  .UNSPECIFIED.,.F.,.F.,(4,4),(0.138297039081,0.142672543923),
  .PIECEWISE_BEZIER_KNOTS.);
#7681 = CARTESIAN_POINT('',(-2.344291717939,-0.326932585768));
#7682 = CARTESIAN_POINT('',(-2.343518484121,-0.341514000398));
#7683 = CARTESIAN_POINT('',(-2.342744997779,-0.356095439539));
#7684 = CARTESIAN_POINT('',(-2.341971248246,-0.370676919595));
#7685 = ( GEOMETRIC_REPRESENTATION_CONTEXT(2) 
PARAMETRIC_REPRESENTATION_CONTEXT() REPRESENTATION_CONTEXT('2D SPACE',''
  ) );
#7686 = ORIENTED_EDGE('',*,*,#7687,.T.);
#7687 = EDGE_CURVE('',#7664,#7688,#7690,.T.);
#7688 = VERTEX_POINT('',#7689);
#7689 = CARTESIAN_POINT('',(-5.666931763383,1.802619222654,
    -0.666931764273));
#7690 = SURFACE_CURVE('',#7691,(#7696,#7702),.PCURVE_S1.);
#7691 = B_SPLINE_CURVE_WITH_KNOTS('',3,(#7692,#7693,#7694,#7695),
  .UNSPECIFIED.,.F.,.F.,(4,4),(0.245481400472,0.262204330516),
  .PIECEWISE_BEZIER_KNOTS.);
#7692 = CARTESIAN_POINT('',(-5.658028751754,1.788014604546,
    -0.499999993552));
#7693 = CARTESIAN_POINT('',(-5.66099267944,1.792882761596,-0.55564356126
    ));
#7694 = CARTESIAN_POINT('',(-5.663960370921,1.79775098585,
    -0.611287742946));
#7695 = CARTESIAN_POINT('',(-5.66693177098,1.802619208971,
    -0.666931764896));
#7696 = PCURVE('',#7635,#7697);
#7697 = DEFINITIONAL_REPRESENTATION('',(#7698),#7701);
#7698 = B_SPLINE_CURVE_WITH_KNOTS('',1,(#7699,#7700),.UNSPECIFIED.,.F.,
  .F.,(2,2),(0.245481400472,0.262204330516),.PIECEWISE_BEZIER_KNOTS.);
#7699 = CARTESIAN_POINT('',(0.239036515356,0.142723800452));
#7700 = CARTESIAN_POINT('',(0.241712654734,0.159497887466));
#7701 = ( GEOMETRIC_REPRESENTATION_CONTEXT(2) 
PARAMETRIC_REPRESENTATION_CONTEXT() REPRESENTATION_CONTEXT('2D SPACE',''
  ) );
#7702 = PCURVE('',#6961,#7703);
#7703 = DEFINITIONAL_REPRESENTATION('',(#7704),#7709);
#7704 = B_SPLINE_CURVE_WITH_KNOTS('',3,(#7705,#7706,#7707,#7708),
  .UNSPECIFIED.,.F.,.F.,(4,4),(0.245481400472,0.262204330516),
  .PIECEWISE_BEZIER_KNOTS.);
#7705 = CARTESIAN_POINT('',(-2.341971248246,-0.370676919595));
#7706 = CARTESIAN_POINT('',(-2.33900732056,-0.426533034573));
#7707 = CARTESIAN_POINT('',(-2.336039629079,-0.482389767048));
#7708 = CARTESIAN_POINT('',(-2.33306822902,-0.538246340298));
#7709 = ( GEOMETRIC_REPRESENTATION_CONTEXT(2) 
PARAMETRIC_REPRESENTATION_CONTEXT() REPRESENTATION_CONTEXT('2D SPACE',''
  ) );
#7710 = ORIENTED_EDGE('',*,*,#7711,.T.);
#7711 = EDGE_CURVE('',#7688,#7712,#7714,.T.);
#7712 = VERTEX_POINT('',#7713);
#7713 = CARTESIAN_POINT('',(-5.67257657751,1.788014575448,-0.67257657751
    ));
#7714 = SURFACE_CURVE('',#7715,(#7720,#7726),.PCURVE_S1.);
#7715 = B_SPLINE_CURVE_WITH_KNOTS('',3,(#7716,#7717,#7718,#7719),
  .UNSPECIFIED.,.F.,.F.,(4,4),(-4.00306610554E-02,-3.835483541099E-02),
  .PIECEWISE_BEZIER_KNOTS.);
#7716 = CARTESIAN_POINT('',(-5.666931767015,1.802619220275,
    -0.666931764119));
#7717 = CARTESIAN_POINT('',(-5.66877377084,1.797727360874,
    -0.668773826325));
#7718 = CARTESIAN_POINT('',(-5.67065593009,1.792859226727,
    -0.670655324466));
#7719 = CARTESIAN_POINT('',(-5.672577649765,1.788015125986,
    -0.67257647657));
#7720 = PCURVE('',#7635,#7721);
#7721 = DEFINITIONAL_REPRESENTATION('',(#7722),#7725);
#7722 = B_SPLINE_CURVE_WITH_KNOTS('',1,(#7723,#7724),.UNSPECIFIED.,.F.,
  .F.,(2,2),(-4.00306610554E-02,-3.835483541099E-02),
  .PIECEWISE_BEZIER_KNOTS.);
#7723 = CARTESIAN_POINT('',(0.241712662865,0.159497887434));
#7724 = CARTESIAN_POINT('',(0.230960266206,0.160004717903));
#7725 = ( GEOMETRIC_REPRESENTATION_CONTEXT(2) 
PARAMETRIC_REPRESENTATION_CONTEXT() REPRESENTATION_CONTEXT('2D SPACE',''
  ) );
#7726 = PCURVE('',#6989,#7727);
#7727 = DEFINITIONAL_REPRESENTATION('',(#7728),#7733);
#7728 = B_SPLINE_CURVE_WITH_KNOTS('',3,(#7729,#7730,#7731,#7732),
  .UNSPECIFIED.,.F.,.F.,(4,4),(-4.00306610554E-02,-3.835483541099E-02),
  .PIECEWISE_BEZIER_KNOTS.);
#7729 = CARTESIAN_POINT('',(-0.117476223738,0.133874888512));
#7730 = CARTESIAN_POINT('',(-0.114871195665,0.128983029111));
#7731 = CARTESIAN_POINT('',(-0.112209888001,0.124114894964));
#7732 = CARTESIAN_POINT('',(-0.109492567308,0.119270794223));
#7733 = ( GEOMETRIC_REPRESENTATION_CONTEXT(2) 
PARAMETRIC_REPRESENTATION_CONTEXT() REPRESENTATION_CONTEXT('2D SPACE',''
  ) );
#7734 = ORIENTED_EDGE('',*,*,#7735,.T.);
#7735 = EDGE_CURVE('',#7712,#7597,#7736,.T.);
#7736 = SURFACE_CURVE('',#7737,(#7745,#7751),.PCURVE_S1.);
#7737 = B_SPLINE_CURVE_WITH_KNOTS('',3,(#7738,#7739,#7740,#7741,#7742,
    #7743,#7744),.UNSPECIFIED.,.F.,.F.,(4,3,4),(-3.826473125216E-02,
    -1.972484307366E-02,-1.014661289677E-02),.UNSPECIFIED.);
#7738 = CARTESIAN_POINT('',(-5.67257657751,1.788014575448,-0.67257657751
    ));
#7739 = CARTESIAN_POINT('',(-5.693929474182,1.734166605252,
    -0.693929474182));
#7740 = CARTESIAN_POINT('',(-5.719772015088,1.684161738215,
    -0.719772015088));
#7741 = CARTESIAN_POINT('',(-5.748911247629,1.638151129915,
    -0.748911247629));
#7742 = CARTESIAN_POINT('',(-5.763965465887,1.614380643216,
    -0.763965465887));
#7743 = CARTESIAN_POINT('',(-5.779882830004,1.591701444834,
    -0.779882830004));
#7744 = CARTESIAN_POINT('',(-5.796512633707,1.570101323138,
    -0.796512633707));
#7745 = PCURVE('',#7635,#7746);
#7746 = DEFINITIONAL_REPRESENTATION('',(#7747),#7750);
#7747 = B_SPLINE_CURVE_WITH_KNOTS('',1,(#7748,#7749),.UNSPECIFIED.,.F.,
  .F.,(2,2),(-3.826473125216E-02,-1.014661289677E-02),
  .PIECEWISE_BEZIER_KNOTS.);
#7748 = CARTESIAN_POINT('',(0.230960163479,0.160004717912));
#7749 = CARTESIAN_POINT('',(5.82863653813E-02,0.171768545806));
#7750 = ( GEOMETRIC_REPRESENTATION_CONTEXT(2) 
PARAMETRIC_REPRESENTATION_CONTEXT() REPRESENTATION_CONTEXT('2D SPACE',''
  ) );
#7751 = PCURVE('',#6989,#7752);
#7752 = DEFINITIONAL_REPRESENTATION('',(#7753),#7761);
#7753 = B_SPLINE_CURVE_WITH_KNOTS('',3,(#7754,#7755,#7756,#7757,#7758,
    #7759,#7760),.UNSPECIFIED.,.F.,.F.,(4,3,4),(-3.826473125216E-02,
    -1.972484307366E-02,-1.014661289677E-02),.UNSPECIFIED.);
#7754 = CARTESIAN_POINT('',(-0.109493254131,0.119270243685));
#7755 = CARTESIAN_POINT('',(-7.929569806094E-02,6.542227348906E-02));
#7756 = CARTESIAN_POINT('',(-4.274882622508E-02,1.541740645219E-02));
#7757 = CARTESIAN_POINT('',(-1.539728368824E-03,-3.059320184773E-02));
#7758 = CARTESIAN_POINT('',(1.975015126245E-02,-5.436368854668E-02));
#7759 = CARTESIAN_POINT('',(4.226070347364E-02,-7.704288692911E-02));
#7760 = CARTESIAN_POINT('',(6.577879741038E-02,-9.864300862529E-02));
#7761 = ( GEOMETRIC_REPRESENTATION_CONTEXT(2) 
PARAMETRIC_REPRESENTATION_CONTEXT() REPRESENTATION_CONTEXT('2D SPACE',''
  ) );
#7762 = ORIENTED_EDGE('',*,*,#7618,.T.);
#7763 = ORIENTED_EDGE('',*,*,#7764,.T.);
#7764 = EDGE_CURVE('',#7522,#7765,#7767,.T.);
#7765 = VERTEX_POINT('',#7766);
#7766 = CARTESIAN_POINT('',(-5.802553564541,1.451310810906,
    -2.808165259856E-02));
#7767 = SURFACE_CURVE('',#7768,(#7773,#7780),.PCURVE_S1.);
#7768 = B_SPLINE_CURVE_WITH_KNOTS('',3,(#7769,#7770,#7771,#7772),
  .UNSPECIFIED.,.F.,.F.,(4,4),(0.141898774378,0.22425132281),
  .PIECEWISE_BEZIER_KNOTS.);
#7769 = CARTESIAN_POINT('',(-5.851395017084,1.504869620787,
    -0.848445529125));
#7770 = CARTESIAN_POINT('',(-5.835136202386,1.486981406862,
    -0.574991242818));
#7771 = CARTESIAN_POINT('',(-5.818855008768,1.469129750998,
    -0.30153660532));
#7772 = CARTESIAN_POINT('',(-5.802553564542,1.45131081091,
    -2.808165259829E-02));
#7773 = PCURVE('',#7635,#7774);
#7774 = DEFINITIONAL_REPRESENTATION('',(#7775),#7779);
#7775 = LINE('',#7776,#7777);
#7776 = CARTESIAN_POINT('',(5.701773563594E-17,0.318776414028));
#7777 = VECTOR('',#7778,1.);
#7778 = DIRECTION('',(1.633080135562E-15,-1.));
#7779 = ( GEOMETRIC_REPRESENTATION_CONTEXT(2) 
PARAMETRIC_REPRESENTATION_CONTEXT() REPRESENTATION_CONTEXT('2D SPACE',''
  ) );
#7780 = PCURVE('',#4816,#7781);
#7781 = DEFINITIONAL_REPRESENTATION('',(#7782),#7808);
#7782 = B_SPLINE_CURVE_WITH_KNOTS('',3,(#7783,#7784,#7785,#7786,#7787,
    #7788,#7789,#7790,#7791,#7792,#7793,#7794,#7795,#7796,#7797,#7798,
    #7799,#7800,#7801,#7802,#7803,#7804,#7805,#7806,#7807),
  .UNSPECIFIED.,.F.,.F.,(4,1,1,1,1,1,1,1,1,1,1,1,1,1,1,1,1,1,1,1,1,1,4),
  (0.141898774378,0.145642072034,0.14938536969,0.153128667346,
    0.156871965002,0.160615262658,0.164358560314,0.16810185797,
    0.171845155626,0.175588453282,0.179331750938,0.183075048594,
    0.18681834625,0.190561643906,0.194304941562,0.198048239218,
    0.201791536874,0.20553483453,0.209278132186,0.213021429842,
    0.216764727498,0.220508025154,0.22425132281),.QUASI_UNIFORM_KNOTS.);
#7783 = CARTESIAN_POINT('',(5.593738164943,2.151554470875));
#7784 = CARTESIAN_POINT('',(5.593685351089,2.163984211162));
#7785 = CARTESIAN_POINT('',(5.59357989799,2.188843693191));
#7786 = CARTESIAN_POINT('',(5.593422239641,2.226132920577));
#7787 = CARTESIAN_POINT('',(5.59326510006,2.263422152283));
#7788 = CARTESIAN_POINT('',(5.593108476735,2.300711388286));
#7789 = CARTESIAN_POINT('',(5.592952367162,2.338000628563));
#7790 = CARTESIAN_POINT('',(5.592796768847,2.375289873091));
#7791 = CARTESIAN_POINT('',(5.592641679309,2.412579121848));
#7792 = CARTESIAN_POINT('',(5.592487096077,2.449868374813));
#7793 = CARTESIAN_POINT('',(5.59233301669,2.487157631965));
#7794 = CARTESIAN_POINT('',(5.592179438698,2.524446893281));
#7795 = CARTESIAN_POINT('',(5.592026359662,2.561736158743));
#7796 = CARTESIAN_POINT('',(5.591873777155,2.599025428328));
#7797 = CARTESIAN_POINT('',(5.591721688758,2.636314702018));
#7798 = CARTESIAN_POINT('',(5.591570092064,2.673603979791));
#7799 = CARTESIAN_POINT('',(5.591418984675,2.71089326163));
#7800 = CARTESIAN_POINT('',(5.591268364206,2.748182547514));
#7801 = CARTESIAN_POINT('',(5.591118228281,2.785471837425));
#7802 = CARTESIAN_POINT('',(5.590968574532,2.822761131345));
#7803 = CARTESIAN_POINT('',(5.590819400605,2.860050429255));
#7804 = CARTESIAN_POINT('',(5.590670704154,2.897339731137));
#7805 = CARTESIAN_POINT('',(5.590522482842,2.934629036974));
#7806 = CARTESIAN_POINT('',(5.590423983846,2.959488576823));
#7807 = CARTESIAN_POINT('',(5.590374812763,2.971918347402));
#7808 = ( GEOMETRIC_REPRESENTATION_CONTEXT(2) 
PARAMETRIC_REPRESENTATION_CONTEXT() REPRESENTATION_CONTEXT('2D SPACE',''
  ) );
#7809 = ORIENTED_EDGE('',*,*,#7810,.F.);
#7810 = EDGE_CURVE('',#7662,#7765,#7811,.T.);
#7811 = SURFACE_CURVE('',#7812,(#7825,#7854),.PCURVE_S1.);
#7812 = B_SPLINE_CURVE_WITH_KNOTS('',3,(#7813,#7814,#7815,#7816,#7817,
    #7818,#7819,#7820,#7821,#7822,#7823,#7824),.UNSPECIFIED.,.F.,.F.,(4,
    2,2,2,2,4),(-6.102116961806E-02,-5.794970753302E-02,
    -5.011258770516E-02,-3.550431282258E-02,-1.848916830522E-02,0.),
  .UNSPECIFIED.);
#7813 = CARTESIAN_POINT('',(-5.655708168045,1.784202005722,
    -0.456422128626));
#7814 = CARTESIAN_POINT('',(-5.655168977422,1.783315833035,
    -0.446293128459));
#7815 = CARTESIAN_POINT('',(-5.654740246117,1.782120064728,
    -0.436184537517));
#7816 = CARTESIAN_POINT('',(-5.653620930948,1.776775573956,
    -0.400414903326));
#7817 = CARTESIAN_POINT('',(-5.653553196008,1.770933012692,
    -0.375033791198));
#7818 = CARTESIAN_POINT('',(-5.655734286212,1.748645331923,
    -0.304036540708));
#7819 = CARTESIAN_POINT('',(-5.659981165104,1.727542439394,
    -0.260390519915));
#7820 = CARTESIAN_POINT('',(-5.677545335982,1.669818567367,
    -0.174643484238));
#7821 = CARTESIAN_POINT('',(-5.692002662737,1.632164595094,
    -0.135322939559));
#7822 = CARTESIAN_POINT('',(-5.736020936497,1.545420890319,
    -6.872460915143E-02));
#7823 = CARTESIAN_POINT('',(-5.765705498523,1.49793812124,
    -4.4404642942E-02));
#7824 = CARTESIAN_POINT('',(-5.802553564543,1.45131081091,
    -2.808165261017E-02));
#7825 = PCURVE('',#7635,#7826);
#7826 = DEFINITIONAL_REPRESENTATION('',(#7827),#7853);
#7827 = B_SPLINE_CURVE_WITH_KNOTS('',3,(#7828,#7829,#7830,#7831,#7832,
    #7833,#7834,#7835,#7836,#7837,#7838,#7839,#7840,#7841,#7842,#7843,
    #7844,#7845,#7846,#7847,#7848,#7849,#7850,#7851,#7852),
  .UNSPECIFIED.,.F.,.F.,(4,1,1,1,1,1,1,1,1,1,1,1,1,1,1,1,1,1,1,1,1,1,4),
  (-6.102116961806E-02,-5.824748008996E-02,-5.547379056187E-02,
    -5.270010103378E-02,-4.992641150568E-02,-4.715272197759E-02,
    -4.43790324495E-02,-4.16053429214E-02,-3.883165339331E-02,
    -3.605796386522E-02,-3.328427433712E-02,-3.051058480903E-02,
    -2.773689528094E-02,-2.496320575284E-02,-2.218951622475E-02,
    -1.941582669665E-02,-1.664213716856E-02,-1.386844764047E-02,
    -1.109475811237E-02,-8.321068584281E-03,-5.547379056187E-03,
    -2.773689528094E-03,0.),.UNSPECIFIED.);
#7828 = CARTESIAN_POINT('',(0.238336585076,0.138344912611));
#7829 = CARTESIAN_POINT('',(0.238190053136,0.137425785783));
#7830 = CARTESIAN_POINT('',(0.237531681854,0.135588521479));
#7831 = CARTESIAN_POINT('',(0.235451550013,0.132845862706));
#7832 = CARTESIAN_POINT('',(0.232283950109,0.130129171872));
#7833 = CARTESIAN_POINT('',(0.228027830503,0.127442567007));
#7834 = CARTESIAN_POINT('',(0.222701632449,0.12480234965));
#7835 = CARTESIAN_POINT('',(0.216330504165,0.12222042454));
#7836 = CARTESIAN_POINT('',(0.208925706963,0.119701811738));
#7837 = CARTESIAN_POINT('',(0.200503226849,0.117253874605));
#7838 = CARTESIAN_POINT('',(0.191069387041,0.114881487813));
#7839 = CARTESIAN_POINT('',(0.180659661091,0.112597137325));
#7840 = CARTESIAN_POINT('',(0.169397516623,0.110425410908));
#7841 = CARTESIAN_POINT('',(0.157287936939,0.108363252086));
#7842 = CARTESIAN_POINT('',(0.144362179787,0.10641425313));
#7843 = CARTESIAN_POINT('',(0.130643251571,0.104580390961));
#7844 = CARTESIAN_POINT('',(0.116150348877,0.102863455011));
#7845 = CARTESIAN_POINT('',(0.100915055123,0.101267599892));
#7846 = CARTESIAN_POINT('',(8.521796858595E-02,9.981613142095E-02));
#7847 = CARTESIAN_POINT('',(6.90374406446E-02,9.84994342968E-02));
#7848 = CARTESIAN_POINT('',(5.241082688874E-02,9.731460178027E-02));
#7849 = CARTESIAN_POINT('',(3.535789138198E-02,9.6256929537E-02));
#7850 = CARTESIAN_POINT('',(1.790139097545E-02,9.532219506668E-02));
#7851 = CARTESIAN_POINT('',(6.00756672794E-03,9.477809578972E-02));
#7852 = CARTESIAN_POINT('',(0.,9.452509121775E-02));
#7853 = ( GEOMETRIC_REPRESENTATION_CONTEXT(2) 
PARAMETRIC_REPRESENTATION_CONTEXT() REPRESENTATION_CONTEXT('2D SPACE',''
  ) );
#7854 = PCURVE('',#7855,#7860);
#7855 = CYLINDRICAL_SURFACE('',#7856,0.5);
#7856 = AXIS2_PLACEMENT_3D('',#7857,#7858,#7859);
#7857 = CARTESIAN_POINT('',(-4.,1.286104656676,-0.5));
#7858 = DIRECTION('',(1.,-4.987329993433E-17,0.));
#7859 = DIRECTION('',(3.369391305711E-17,0.675590207616,0.73727733681));
#7860 = DEFINITIONAL_REPRESENTATION('',(#7861),#7887);
#7861 = B_SPLINE_CURVE_WITH_KNOTS('',3,(#7862,#7863,#7864,#7865,#7866,
    #7867,#7868,#7869,#7870,#7871,#7872,#7873,#7874,#7875,#7876,#7877,
    #7878,#7879,#7880,#7881,#7882,#7883,#7884,#7885,#7886),
  .UNSPECIFIED.,.F.,.F.,(4,1,1,1,1,1,1,1,1,1,1,1,1,1,1,1,1,1,1,1,1,1,4),
  (-6.102116961806E-02,-5.824748008996E-02,-5.547379056187E-02,
    -5.270010103378E-02,-4.992641150568E-02,-4.715272197759E-02,
    -4.43790324495E-02,-4.16053429214E-02,-3.883165339331E-02,
    -3.605796386522E-02,-3.328427433712E-02,-3.051058480903E-02,
    -2.773689528094E-02,-2.496320575284E-02,-2.218951622475E-02,
    -1.941582669665E-02,-1.664213716856E-02,-1.386844764047E-02,
    -1.109475811237E-02,-8.321068584281E-03,-5.547379056187E-03,
    -2.773689528094E-03,0.),.UNSPECIFIED.);
#7862 = CARTESIAN_POINT('',(5.541420375082,-1.655708168045));
#7863 = CARTESIAN_POINT('',(5.559784182218,-1.655221976833));
#7864 = CARTESIAN_POINT('',(5.596539940476,-1.654427436186));
#7865 = CARTESIAN_POINT('',(5.651721405726,-1.653790703001));
#7866 = CARTESIAN_POINT('',(5.706864557955,-1.65372793122));
#7867 = CARTESIAN_POINT('',(5.762056635029,-1.65426734539));
#7868 = CARTESIAN_POINT('',(5.817135260455,-1.655425133043));
#7869 = CARTESIAN_POINT('',(5.872015525187,-1.657238959069));
#7870 = CARTESIAN_POINT('',(5.926749935471,-1.659753031258));
#7871 = CARTESIAN_POINT('',(5.981338019082,-1.663008997367));
#7872 = CARTESIAN_POINT('',(6.035833042897,-1.667052202392));
#7873 = CARTESIAN_POINT('',(6.090114104171,-1.6719157624));
#7874 = CARTESIAN_POINT('',(6.143713338708,-1.67760458718));
#7875 = CARTESIAN_POINT('',(6.196798296191,-1.684169876368));
#7876 = CARTESIAN_POINT('',(6.24937206944,-1.691651747292));
#7877 = CARTESIAN_POINT('',(6.301466134407,-1.700092911567));
#7878 = CARTESIAN_POINT('',(6.35311006021,-1.709536785973));
#7879 = CARTESIAN_POINT('',(6.404265074799,-1.72002137234));
#7880 = CARTESIAN_POINT('',(6.454135585438,-1.731402169784));
#7881 = CARTESIAN_POINT('',(6.502960180184,-1.743715520566));
#7882 = CARTESIAN_POINT('',(6.550752284668,-1.756962007557));
#7883 = CARTESIAN_POINT('',(6.597567482962,-1.771151795564));
#7884 = CARTESIAN_POINT('',(6.643433411561,-1.786292481039));
#7885 = CARTESIAN_POINT('',(6.673386499521,-1.797025728289));
#7886 = CARTESIAN_POINT('',(6.688209854491,-1.802553564543));
#7887 = ( GEOMETRIC_REPRESENTATION_CONTEXT(2) 
PARAMETRIC_REPRESENTATION_CONTEXT() REPRESENTATION_CONTEXT('2D SPACE',''
  ) );
#7888 = ADVANCED_FACE('',(#7889),#7855,.F.);
#7889 = FACE_BOUND('',#7890,.F.);
#7890 = EDGE_LOOP('',(#7891,#7922,#8078,#8099,#8100,#8124,#8152,#8287,
    #8315,#8347,#8379));
#7891 = ORIENTED_EDGE('',*,*,#7892,.T.);
#7892 = EDGE_CURVE('',#7893,#7895,#7897,.T.);
#7893 = VERTEX_POINT('',#7894);
#7894 = CARTESIAN_POINT('',(5.946737269315,1.286104656676,0.));
#7895 = VERTEX_POINT('',#7896);
#7896 = CARTESIAN_POINT('',(5.802553564541,1.451310810906,
    -2.808165259858E-02));
#7897 = SURFACE_CURVE('',#7898,(#7905,#7911),.PCURVE_S1.);
#7898 = B_SPLINE_CURVE_WITH_KNOTS('',3,(#7899,#7900,#7901,#7902,#7903,
    #7904),.UNSPECIFIED.,.F.,.F.,(4,2,4),(0.107669524411,0.127171470376,
    0.128642517948),.UNSPECIFIED.);
#7899 = CARTESIAN_POINT('',(5.946737269315,1.286104656676,
    -1.387778780781E-16));
#7900 = CARTESIAN_POINT('',(5.900518835828,1.334277787459,
    -1.120364185965E-16));
#7901 = CARTESIAN_POINT('',(5.854035192635,1.387011273084,
    -7.198469799336E-03));
#7902 = CARTESIAN_POINT('',(5.808822066869,1.443407192824,
    -2.537047635983E-02));
#7903 = CARTESIAN_POINT('',(5.805674963873,1.447361011885,
    -2.669893225078E-02));
#7904 = CARTESIAN_POINT('',(5.802553564546,1.451310810906,
    -2.808165260868E-02));
#7905 = PCURVE('',#7855,#7906);
#7906 = DEFINITIONAL_REPRESENTATION('',(#7907),#7910);
#7907 = B_SPLINE_CURVE_WITH_KNOTS('',1,(#7908,#7909),.UNSPECIFIED.,.F.,
  .F.,(2,2),(0.107669524411,0.128642517948),.PIECEWISE_BEZIER_KNOTS.);
#7908 = CARTESIAN_POINT('',(7.024950239277,9.946737269315));
#7909 = CARTESIAN_POINT('',(6.6882098545,9.802553564546));
#7910 = ( GEOMETRIC_REPRESENTATION_CONTEXT(2) 
PARAMETRIC_REPRESENTATION_CONTEXT() REPRESENTATION_CONTEXT('2D SPACE',''
  ) );
#7911 = PCURVE('',#7912,#7917);
#7912 = CONICAL_SURFACE('',#7913,2.789718885006,8.726646259972E-02);
#7913 = AXIS2_PLACEMENT_3D('',#7914,#7915,#7916);
#7914 = CARTESIAN_POINT('',(8.149178971877,3.399178971877,-3.));
#7915 = DIRECTION('',(0.,0.,1.));
#7916 = DIRECTION('',(1.,0.,-0.));
#7917 = DEFINITIONAL_REPRESENTATION('',(#7918),#7921);
#7918 = B_SPLINE_CURVE_WITH_KNOTS('',1,(#7919,#7920),.UNSPECIFIED.,.F.,
  .F.,(2,2),(0.107669524411,0.128642517948),.PIECEWISE_BEZIER_KNOTS.);
#7919 = CARTESIAN_POINT('',(3.906285386724,3.));
#7920 = CARTESIAN_POINT('',(3.834403148008,2.971918347391));
#7921 = ( GEOMETRIC_REPRESENTATION_CONTEXT(2) 
PARAMETRIC_REPRESENTATION_CONTEXT() REPRESENTATION_CONTEXT('2D SPACE',''
  ) );
#7922 = ORIENTED_EDGE('',*,*,#7923,.T.);
#7923 = EDGE_CURVE('',#7895,#7924,#7926,.T.);
#7924 = VERTEX_POINT('',#7925);
#7925 = CARTESIAN_POINT('',(5.655708168045,1.784202005722,
    -0.456422128626));
#7926 = SURFACE_CURVE('',#7927,(#7959,#8010),.PCURVE_S1.);
#7927 = B_SPLINE_CURVE_WITH_KNOTS('',3,(#7928,#7929,#7930,#7931,#7932,
    #7933,#7934,#7935,#7936,#7937,#7938,#7939,#7940,#7941,#7942,#7943,
    #7944,#7945,#7946,#7947,#7948,#7949,#7950,#7951,#7952,#7953,#7954,
    #7955,#7956,#7957,#7958),.UNSPECIFIED.,.F.,.F.,(4,3,3,3,3,3,3,3,3,3,
    4),(-6.504912127255E-02,-5.639564421771E-02,-5.552064935397E-02,
    -4.679620875177E-02,-4.559891062957E-02,-3.666425141003E-02,
    -2.772959219049E-02,-2.042574703085E-02,-1.319342881035E-02,
    -6.253707608241E-03,-4.386233256036E-03),.UNSPECIFIED.);
#7928 = CARTESIAN_POINT('',(5.802553564542,1.451310810911,
    -2.80816526102E-02));
#7929 = CARTESIAN_POINT('',(5.785275913405,1.473173841685,
    -3.573532247536E-02));
#7930 = CARTESIAN_POINT('',(5.769465665282,1.495363182112,
    -4.520107663015E-02));
#7931 = CARTESIAN_POINT('',(5.75514030796,1.517562889357,
    -5.679161891524E-02));
#7932 = CARTESIAN_POINT('',(5.753691801886,1.519807608987,
    -5.796359463127E-02));
#7933 = CARTESIAN_POINT('',(5.75225843387,1.522052434403,
    -5.915729735649E-02));
#7934 = CARTESIAN_POINT('',(5.750840192733,1.524297039675,
    -6.037305214379E-02));
#7935 = CARTESIAN_POINT('',(5.736699126233,1.546677657193,
    -7.249515807626E-02));
#7936 = CARTESIAN_POINT('',(5.724242296393,1.568755824215,
    -8.66607729874E-02));
#7937 = CARTESIAN_POINT('',(5.71337265716,1.590144486436,-0.103042423197
    ));
#7938 = CARTESIAN_POINT('',(5.711880962822,1.593079758309,
    -0.105290558055));
#7939 = CARTESIAN_POINT('',(5.710419089741,1.596002081468,-0.10758043057
    ));
#7940 = CARTESIAN_POINT('',(5.708986722721,1.598910492586,
    -0.109912488352));
#7941 = CARTESIAN_POINT('',(5.698297896807,1.62061407813,-0.127315122816
    ));
#7942 = CARTESIAN_POINT('',(5.689440610732,1.641158541093,
    -0.146769462949));
#7943 = CARTESIAN_POINT('',(5.68217147296,1.66012138568,-0.168142343325)
  );
#7944 = CARTESIAN_POINT('',(5.674902335188,1.679084230267,-0.1895152237)
  );
#7945 = CARTESIAN_POINT('',(5.669219137108,1.696465672246,
    -0.212806768067));
#7946 = CARTESIAN_POINT('',(5.664887928889,1.711898070211,
    -0.237879820602));
#7947 = CARTESIAN_POINT('',(5.661347281908,1.724513643161,
    -0.258376371046));
#7948 = CARTESIAN_POINT('',(5.658753010569,1.73567197773,-0.279821820605
    ));
#7949 = CARTESIAN_POINT('',(5.656959145441,1.745243386138,
    -0.302021770161));
#7950 = CARTESIAN_POINT('',(5.655182847728,1.754721061242,
    -0.324004314446));
#7951 = CARTESIAN_POINT('',(5.654190854348,1.762643055346,
    -0.346726664978));
#7952 = CARTESIAN_POINT('',(5.653885006737,1.768908378573,
    -0.369995824463));
#7953 = CARTESIAN_POINT('',(5.653591533822,1.774920204744,
    -0.392323506041));
#7954 = CARTESIAN_POINT('',(5.653931660258,1.779371085781,
    -0.415026870373));
#7955 = CARTESIAN_POINT('',(5.654845574776,1.782234882403,
    -0.437911712058));
#7956 = CARTESIAN_POINT('',(5.655091508563,1.783005528166,-0.44407000771
    ));
#7957 = CARTESIAN_POINT('',(5.655379265151,1.78366134864,-0.450241421657
    ));
#7958 = CARTESIAN_POINT('',(5.65570828206,1.784202056247,-0.456422118231
    ));
#7959 = PCURVE('',#7855,#7960);
#7960 = DEFINITIONAL_REPRESENTATION('',(#7961),#8009);
#7961 = B_SPLINE_CURVE_WITH_KNOTS('',3,(#7962,#7963,#7964,#7965,#7966,
    #7967,#7968,#7969,#7970,#7971,#7972,#7973,#7974,#7975,#7976,#7977,
    #7978,#7979,#7980,#7981,#7982,#7983,#7984,#7985,#7986,#7987,#7988,
    #7989,#7990,#7991,#7992,#7993,#7994,#7995,#7996,#7997,#7998,#7999,
    #8000,#8001,#8002,#8003,#8004,#8005,#8006,#8007,#8008),
  .UNSPECIFIED.,.F.,.F.,(4,1,1,1,1,1,1,1,1,1,1,1,1,1,1,1,1,1,1,1,1,1,1,1
    ,1,1,1,1,1,1,1,1,1,1,1,1,1,1,1,1,1,1,1,1,4),(-6.504912127255E-02,
    -6.367041927239E-02,-6.229171727223E-02,-6.091301527207E-02,
    -5.953431327191E-02,-5.815561127175E-02,-5.677690927159E-02,
    -5.539820727143E-02,-5.401950527127E-02,-5.26408032711E-02,
    -5.126210127094E-02,-4.988339927078E-02,-4.850469727062E-02,
    -4.712599527046E-02,-4.57472932703E-02,-4.436859127014E-02,
    -4.298988926998E-02,-4.161118726982E-02,-4.023248526966E-02,
    -3.885378326949E-02,-3.747508126933E-02,-3.609637926917E-02,
    -3.471767726901E-02,-3.333897526885E-02,-3.196027326869E-02,
    -3.058157126853E-02,-2.920286926837E-02,-2.782416726821E-02,
    -2.644546526804E-02,-2.506676326788E-02,-2.368806126772E-02,
    -2.230935926756E-02,-2.09306572674E-02,-1.955195526724E-02,
    -1.817325326708E-02,-1.679455126692E-02,-1.541584926676E-02,
    -1.40371472666E-02,-1.265844526643E-02,-1.127974326627E-02,
    -9.901041266112E-03,-8.522339265951E-03,-7.14363726579E-03,
    -5.764935265629E-03,-4.386233265468E-03),.UNSPECIFIED.);
#7962 = CARTESIAN_POINT('',(6.688209854491,9.802553564542));
#7963 = CARTESIAN_POINT('',(6.680828640939,9.799800829193));
#7964 = CARTESIAN_POINT('',(6.665974436031,9.794369854412));
#7965 = CARTESIAN_POINT('',(6.643415114731,9.786447314302));
#7966 = CARTESIAN_POINT('',(6.620575320992,9.778749090721));
#7967 = CARTESIAN_POINT('',(6.597451819252,9.771275717602));
#7968 = CARTESIAN_POINT('',(6.574038690201,9.764027210847));
#7969 = CARTESIAN_POINT('',(6.550335910249,9.757005519023));
#7970 = CARTESIAN_POINT('',(6.526316922255,9.750205378072));
#7971 = CARTESIAN_POINT('',(6.50205196421,9.743647795806));
#7972 = CARTESIAN_POINT('',(6.47758191812,9.73734264588));
#7973 = CARTESIAN_POINT('',(6.452892095423,9.73128435436));
#7974 = CARTESIAN_POINT('',(6.427981988662,9.72547155604));
#7975 = CARTESIAN_POINT('',(6.402844924697,9.719901498391));
#7976 = CARTESIAN_POINT('',(6.377479616588,9.714572769444));
#7977 = CARTESIAN_POINT('',(6.351864245156,9.70947998232));
#7978 = CARTESIAN_POINT('',(6.326047473273,9.704631068853));
#7979 = CARTESIAN_POINT('',(6.300146836211,9.700043707657));
#7980 = CARTESIAN_POINT('',(6.274132941709,9.695706609894));
#7981 = CARTESIAN_POINT('',(6.248013988487,9.691615996185));
#7982 = CARTESIAN_POINT('',(6.221787567018,9.687766078118));
#7983 = CARTESIAN_POINT('',(6.195453461035,9.684151593963));
#7984 = CARTESIAN_POINT('',(6.169010359598,9.68076718429));
#7985 = CARTESIAN_POINT('',(6.142455801293,9.677607207734));
#7986 = CARTESIAN_POINT('',(6.115785766483,9.674666531395));
#7987 = CARTESIAN_POINT('',(6.088996409026,9.67194001263));
#7988 = CARTESIAN_POINT('',(6.062081905657,9.669422409057));
#7989 = CARTESIAN_POINT('',(6.035041419034,9.667108886996));
#7990 = CARTESIAN_POINT('',(6.007853268375,9.664993077691));
#7991 = CARTESIAN_POINT('',(5.980571172974,9.663074343995));
#7992 = CARTESIAN_POINT('',(5.953288414966,9.661353929747));
#7993 = CARTESIAN_POINT('',(5.925978617013,9.659824070763));
#7994 = CARTESIAN_POINT('',(5.89864690999,9.658479365195));
#7995 = CARTESIAN_POINT('',(5.871289804433,9.657313840193));
#7996 = CARTESIAN_POINT('',(5.843905973726,9.656321444576));
#7997 = CARTESIAN_POINT('',(5.816492774071,9.65549734061));
#7998 = CARTESIAN_POINT('',(5.78904783538,9.654837619066));
#7999 = CARTESIAN_POINT('',(5.761567605753,9.654338141748));
#8000 = CARTESIAN_POINT('',(5.734052425212,9.653994890788));
#8001 = CARTESIAN_POINT('',(5.706487437366,9.653803595972));
#8002 = CARTESIAN_POINT('',(5.678942266994,9.653761149382));
#8003 = CARTESIAN_POINT('',(5.651413760247,9.65386487522));
#8004 = CARTESIAN_POINT('',(5.623899626269,9.65411190031));
#8005 = CARTESIAN_POINT('',(5.596397446157,9.654499509339));
#8006 = CARTESIAN_POINT('',(5.568904830867,9.655024552918));
#8007 = CARTESIAN_POINT('',(5.550581307207,9.655465424748));
#8008 = CARTESIAN_POINT('',(5.541420387174,9.655708282055));
#8009 = ( GEOMETRIC_REPRESENTATION_CONTEXT(2) 
PARAMETRIC_REPRESENTATION_CONTEXT() REPRESENTATION_CONTEXT('2D SPACE',''
  ) );
#8010 = PCURVE('',#8011,#8028);
#8011 = B_SPLINE_SURFACE_WITH_KNOTS('',3,3,(
    (#8012,#8013,#8014,#8015)
    ,(#8016,#8017,#8018,#8019)
    ,(#8020,#8021,#8022,#8023)
    ,(#8024,#8025,#8026,#8027
    )),.UNSPECIFIED.,.F.,.F.,.F.,(4,4),(4,4),(0.,0.241712654831),(
    0.316442349119,0.398794897551),.PIECEWISE_BEZIER_KNOTS.);
#8012 = CARTESIAN_POINT('',(5.851395017084,1.504869620787,
    -0.848445529123));
#8013 = CARTESIAN_POINT('',(5.835136202386,1.486981406862,
    -0.574991242817));
#8014 = CARTESIAN_POINT('',(5.818855008768,1.469129750998,
    -0.301536605319));
#8015 = CARTESIAN_POINT('',(5.802553564542,1.45131081091,
    -2.808165259831E-02));
#8016 = CARTESIAN_POINT('',(5.775723084465,1.596522540763,
    -0.847452315529));
#8017 = CARTESIAN_POINT('',(5.759299054801,1.578618945688,
    -0.574009363832));
#8018 = CARTESIAN_POINT('',(5.742858851963,1.560752427652,
    -0.300565634515));
#8019 = CARTESIAN_POINT('',(5.726403414496,1.542918465235,
    -2.712127877255E-02));
#8020 = CARTESIAN_POINT('',(5.716530706982,1.701720069252,
    -0.844593109127));
#8021 = CARTESIAN_POINT('',(5.699951991296,1.683841782509,
    -0.571158517964));
#8022 = CARTESIAN_POINT('',(5.683362573054,1.665999331226,-0.29772286615
    ));
#8023 = CARTESIAN_POINT('',(5.66676280871,1.648188391656,
    -2.428633178289E-02));
#8024 = CARTESIAN_POINT('',(5.677510542561,1.813899562481,
    -0.840046278679));
#8025 = CARTESIAN_POINT('',(5.6608030281,1.796075566162,-0.566616827107)
  );
#8026 = CARTESIAN_POINT('',(5.644088983605,1.778284897777,
    -0.293186180723));
#8027 = CARTESIAN_POINT('',(5.627368968823,1.760524127212,
    -1.975445612329E-02));
#8028 = DEFINITIONAL_REPRESENTATION('',(#8029),#8077);
#8029 = B_SPLINE_CURVE_WITH_KNOTS('',3,(#8030,#8031,#8032,#8033,#8034,
    #8035,#8036,#8037,#8038,#8039,#8040,#8041,#8042,#8043,#8044,#8045,
    #8046,#8047,#8048,#8049,#8050,#8051,#8052,#8053,#8054,#8055,#8056,
    #8057,#8058,#8059,#8060,#8061,#8062,#8063,#8064,#8065,#8066,#8067,
    #8068,#8069,#8070,#8071,#8072,#8073,#8074,#8075,#8076),
  .UNSPECIFIED.,.F.,.F.,(4,1,1,1,1,1,1,1,1,1,1,1,1,1,1,1,1,1,1,1,1,1,1,1
    ,1,1,1,1,1,1,1,1,1,1,1,1,1,1,1,1,1,1,1,1,4),(-6.504912127255E-02,
    -6.367041927239E-02,-6.229171727223E-02,-6.091301527207E-02,
    -5.953431327191E-02,-5.815561127175E-02,-5.677690927159E-02,
    -5.539820727143E-02,-5.401950527127E-02,-5.26408032711E-02,
    -5.126210127094E-02,-4.988339927078E-02,-4.850469727062E-02,
    -4.712599527046E-02,-4.57472932703E-02,-4.436859127014E-02,
    -4.298988926998E-02,-4.161118726982E-02,-4.023248526966E-02,
    -3.885378326949E-02,-3.747508126933E-02,-3.609637926917E-02,
    -3.471767726901E-02,-3.333897526885E-02,-3.196027326869E-02,
    -3.058157126853E-02,-2.920286926837E-02,-2.782416726821E-02,
    -2.644546526804E-02,-2.506676326788E-02,-2.368806126772E-02,
    -2.230935926756E-02,-2.09306572674E-02,-1.955195526724E-02,
    -1.817325326708E-02,-1.679455126692E-02,-1.541584926676E-02,
    -1.40371472666E-02,-1.265844526643E-02,-1.127974326627E-02,
    -9.901041266112E-03,-8.522339265951E-03,-7.14363726579E-03,
    -5.764935265629E-03,-4.386233265468E-03),.UNSPECIFIED.);
#8030 = CARTESIAN_POINT('',(0.,0.398794897551));
#8031 = CARTESIAN_POINT('',(2.991693920065E-03,0.398668907091));
#8032 = CARTESIAN_POINT('',(8.950878928516E-03,0.398407198504));
#8033 = CARTESIAN_POINT('',(1.781424521316E-02,0.397984742441));
#8034 = CARTESIAN_POINT('',(2.659948075737E-02,0.397531679546));
#8035 = CARTESIAN_POINT('',(3.530357477669E-02,0.397047308312));
#8036 = CARTESIAN_POINT('',(4.392408922871E-02,0.396530882142));
#8037 = CARTESIAN_POINT('',(5.245610283124E-02,0.395981822658));
#8038 = CARTESIAN_POINT('',(6.090359604946E-02,0.39539892369));
#8039 = CARTESIAN_POINT('',(6.923669193299E-02,0.394783377045));
#8040 = CARTESIAN_POINT('',(7.743725571252E-02,0.394135906813));
#8041 = CARTESIAN_POINT('',(8.550621144663E-02,0.393455890656));
#8042 = CARTESIAN_POINT('',(9.34391222512E-02,0.392743077829));
#8043 = CARTESIAN_POINT('',(0.101233224644,0.391997077654));
#8044 = CARTESIAN_POINT('',(0.108883736578,0.39121768759));
#8045 = CARTESIAN_POINT('',(0.116391616238,0.390404092475));
#8046 = CARTESIAN_POINT('',(0.123737048679,0.389557739499));
#8047 = CARTESIAN_POINT('',(0.130882925993,0.388682677301));
#8048 = CARTESIAN_POINT('',(0.137835180377,0.387778347829));
#8049 = CARTESIAN_POINT('',(0.144588429607,0.386845386611));
#8050 = CARTESIAN_POINT('',(0.151140159591,0.385884109335));
#8051 = CARTESIAN_POINT('',(0.157486959276,0.384894917472));
#8052 = CARTESIAN_POINT('',(0.163625418467,0.383878189211));
#8053 = CARTESIAN_POINT('',(0.169552426347,0.382834310098));
#8054 = CARTESIAN_POINT('',(0.17526515293,0.381763659515));
#8055 = CARTESIAN_POINT('',(0.180760518086,0.38066663412));
#8056 = CARTESIAN_POINT('',(0.186035639538,0.379543567637));
#8057 = CARTESIAN_POINT('',(0.19108656479,0.37839502826));
#8058 = CARTESIAN_POINT('',(0.195912908471,0.37722070925));
#8059 = CARTESIAN_POINT('',(0.200500585426,0.376023569137));
#8060 = CARTESIAN_POINT('',(0.204831322528,0.374808534422));
#8061 = CARTESIAN_POINT('',(0.208908200213,0.373575383217));
#8062 = CARTESIAN_POINT('',(0.212728586443,0.372325253229));
#8063 = CARTESIAN_POINT('',(0.216291316182,0.371058917609));
#8064 = CARTESIAN_POINT('',(0.219594734294,0.369777248142));
#8065 = CARTESIAN_POINT('',(0.222637491541,0.368481086644));
#8066 = CARTESIAN_POINT('',(0.225418161672,0.367171296148));
#8067 = CARTESIAN_POINT('',(0.227935363946,0.365848684788));
#8068 = CARTESIAN_POINT('',(0.23018743996,0.364514259076));
#8069 = CARTESIAN_POINT('',(0.232173639861,0.363168286928));
#8070 = CARTESIAN_POINT('',(0.233887688408,0.361815192429));
#8071 = CARTESIAN_POINT('',(0.235329909549,0.360455888272));
#8072 = CARTESIAN_POINT('',(0.236500339292,0.359091315696));
#8073 = CARTESIAN_POINT('',(0.237399082907,0.357722408289));
#8074 = CARTESIAN_POINT('',(0.238026213243,0.356350101693));
#8075 = CARTESIAN_POINT('',(0.238263290399,0.355433587893));
#8076 = CARTESIAN_POINT('',(0.238336591761,0.354975076184));
#8077 = ( GEOMETRIC_REPRESENTATION_CONTEXT(2) 
PARAMETRIC_REPRESENTATION_CONTEXT() REPRESENTATION_CONTEXT('2D SPACE',''
  ) );
#8078 = ORIENTED_EDGE('',*,*,#8079,.F.);
#8079 = EDGE_CURVE('',#7662,#7924,#8080,.T.);
#8080 = SURFACE_CURVE('',#8081,(#8085,#8092),.PCURVE_S1.);
#8081 = LINE('',#8082,#8083);
#8082 = CARTESIAN_POINT('',(-4.,1.784202005722,-0.456422128626));
#8083 = VECTOR('',#8084,1.);
#8084 = DIRECTION('',(1.,-4.987329993433E-17,0.));
#8085 = PCURVE('',#7855,#8086);
#8086 = DEFINITIONAL_REPRESENTATION('',(#8087),#8091);
#8087 = LINE('',#8088,#8089);
#8088 = CARTESIAN_POINT('',(5.541420375082,0.));
#8089 = VECTOR('',#8090,1.);
#8090 = DIRECTION('',(0.,1.));
#8091 = ( GEOMETRIC_REPRESENTATION_CONTEXT(2) 
PARAMETRIC_REPRESENTATION_CONTEXT() REPRESENTATION_CONTEXT('2D SPACE',''
  ) );
#8092 = PCURVE('',#6961,#8093);
#8093 = DEFINITIONAL_REPRESENTATION('',(#8094),#8098);
#8094 = LINE('',#8095,#8096);
#8095 = CARTESIAN_POINT('',(-4.,-0.32693259172));
#8096 = VECTOR('',#8097,1.);
#8097 = DIRECTION('',(-1.,9.639929534866E-34));
#8098 = ( GEOMETRIC_REPRESENTATION_CONTEXT(2) 
PARAMETRIC_REPRESENTATION_CONTEXT() REPRESENTATION_CONTEXT('2D SPACE',''
  ) );
#8099 = ORIENTED_EDGE('',*,*,#7810,.T.);
#8100 = ORIENTED_EDGE('',*,*,#8101,.T.);
#8101 = EDGE_CURVE('',#7765,#8102,#8104,.T.);
#8102 = VERTEX_POINT('',#8103);
#8103 = CARTESIAN_POINT('',(-5.946737269315,1.286104656676,0.));
#8104 = SURFACE_CURVE('',#8105,(#8112,#8118),.PCURVE_S1.);
#8105 = B_SPLINE_CURVE_WITH_KNOTS('',3,(#8106,#8107,#8108,#8109,#8110,
    #8111),.UNSPECIFIED.,.F.,.F.,(4,2,4),(0.247266928329,0.248737975901,
    0.268239921865),.UNSPECIFIED.);
#8106 = CARTESIAN_POINT('',(-5.802553564546,1.451310810906,
    -2.808165260866E-02));
#8107 = CARTESIAN_POINT('',(-5.805674963873,1.447361011885,
    -2.669893225077E-02));
#8108 = CARTESIAN_POINT('',(-5.808822066869,1.443407192824,
    -2.537047635982E-02));
#8109 = CARTESIAN_POINT('',(-5.854035192635,1.387011273084,
    -7.198469799336E-03));
#8110 = CARTESIAN_POINT('',(-5.900518835828,1.334277787459,
    6.6853648704E-18));
#8111 = CARTESIAN_POINT('',(-5.946737269315,1.286104656676,0.));
#8112 = PCURVE('',#7855,#8113);
#8113 = DEFINITIONAL_REPRESENTATION('',(#8114),#8117);
#8114 = B_SPLINE_CURVE_WITH_KNOTS('',1,(#8115,#8116),.UNSPECIFIED.,.F.,
  .F.,(2,2),(0.247266928329,0.268239921865),.PIECEWISE_BEZIER_KNOTS.);
#8115 = CARTESIAN_POINT('',(6.6882098545,-1.802553564546));
#8116 = CARTESIAN_POINT('',(7.024950239277,-1.946737269315));
#8117 = ( GEOMETRIC_REPRESENTATION_CONTEXT(2) 
PARAMETRIC_REPRESENTATION_CONTEXT() REPRESENTATION_CONTEXT('2D SPACE',''
  ) );
#8118 = PCURVE('',#4816,#8119);
#8119 = DEFINITIONAL_REPRESENTATION('',(#8120),#8123);
#8120 = B_SPLINE_CURVE_WITH_KNOTS('',1,(#8121,#8122),.UNSPECIFIED.,.F.,
  .F.,(2,2),(0.247266928329,0.268239921865),.PIECEWISE_BEZIER_KNOTS.);
#8121 = CARTESIAN_POINT('',(5.590374812761,2.971918347391));
#8122 = CARTESIAN_POINT('',(5.518492574045,3.));
#8123 = ( GEOMETRIC_REPRESENTATION_CONTEXT(2) 
PARAMETRIC_REPRESENTATION_CONTEXT() REPRESENTATION_CONTEXT('2D SPACE',''
  ) );
#8124 = ORIENTED_EDGE('',*,*,#8125,.F.);
#8125 = EDGE_CURVE('',#8126,#8102,#8128,.T.);
#8126 = VERTEX_POINT('',#8127);
#8127 = CARTESIAN_POINT('',(-2.191871106637,1.286104656676,0.));
#8128 = SURFACE_CURVE('',#8129,(#8133,#8140),.PCURVE_S1.);
#8129 = LINE('',#8130,#8131);
#8130 = CARTESIAN_POINT('',(-4.,1.286104656676,0.));
#8131 = VECTOR('',#8132,1.);
#8132 = DIRECTION('',(-1.,4.987329993433E-17,0.));
#8133 = PCURVE('',#7855,#8134);
#8134 = DEFINITIONAL_REPRESENTATION('',(#8135),#8139);
#8135 = LINE('',#8136,#8137);
#8136 = CARTESIAN_POINT('',(7.024950239277,0.));
#8137 = VECTOR('',#8138,1.);
#8138 = DIRECTION('',(0.,-1.));
#8139 = ( GEOMETRIC_REPRESENTATION_CONTEXT(2) 
PARAMETRIC_REPRESENTATION_CONTEXT() REPRESENTATION_CONTEXT('2D SPACE',''
  ) );
#8140 = PCURVE('',#8141,#8146);
#8141 = PLANE('',#8142);
#8142 = AXIS2_PLACEMENT_3D('',#8143,#8144,#8145);
#8143 = CARTESIAN_POINT('',(0.,0.,0.));
#8144 = DIRECTION('',(0.,0.,1.));
#8145 = DIRECTION('',(1.,0.,-0.));
#8146 = DEFINITIONAL_REPRESENTATION('',(#8147),#8151);
#8147 = LINE('',#8148,#8149);
#8148 = CARTESIAN_POINT('',(-4.,1.286104656676));
#8149 = VECTOR('',#8150,1.);
#8150 = DIRECTION('',(-1.,4.987329993433E-17));
#8151 = ( GEOMETRIC_REPRESENTATION_CONTEXT(2) 
PARAMETRIC_REPRESENTATION_CONTEXT() REPRESENTATION_CONTEXT('2D SPACE',''
  ) );
#8152 = ORIENTED_EDGE('',*,*,#8153,.T.);
#8153 = EDGE_CURVE('',#8126,#8154,#8156,.T.);
#8154 = VERTEX_POINT('',#8155);
#8155 = CARTESIAN_POINT('',(2.191871106637,1.286104656676,0.));
#8156 = SURFACE_CURVE('',#8157,(#8180,#8231),.PCURVE_S1.);
#8157 = B_SPLINE_CURVE_WITH_KNOTS('',3,(#8158,#8159,#8160,#8161,#8162,
    #8163,#8164,#8165,#8166,#8167,#8168,#8169,#8170,#8171,#8172,#8173,
    #8174,#8175,#8176,#8177,#8178,#8179),.UNSPECIFIED.,.F.,.F.,(4,2,2,2,
    2,2,2,2,2,2,4),(-0.470452213102,-0.469597855494,-0.318530910064,
    -0.273182741183,-0.240658277967,-0.222005590631,-0.203768526091,
    -0.173911588386,-8.478704985192E-02,0.,7.517244778875E-04),
  .UNSPECIFIED.);
#8158 = CARTESIAN_POINT('',(-2.191871106637,1.286104656676,0.));
#8159 = CARTESIAN_POINT('',(-2.1895853307,1.287131303023,
    7.336749368685E-19));
#8160 = CARTESIAN_POINT('',(-2.18729907246,1.288156884008,
    -3.162004380503E-06));
#8161 = CARTESIAN_POINT('',(-1.780674353918,1.470333023748,
    -1.124196315792E-03));
#8162 = CARTESIAN_POINT('',(-1.361324645985,1.617834254241,
    -0.100356443885));
#8163 = CARTESIAN_POINT('',(-0.75880439988,1.721622952089,-0.25079250819
    ));
#8164 = CARTESIAN_POINT('',(-0.621715987223,1.738461533393,
    -0.284926554113));
#8165 = CARTESIAN_POINT('',(-0.384249170998,1.75760272677,
    -0.332238397778));
#8166 = CARTESIAN_POINT('',(-0.283911133285,1.762709713597,
    -0.348540851362));
#8167 = CARTESIAN_POINT('',(-0.124139411621,1.767009475365,
    -0.363029573975));
#8168 = CARTESIAN_POINT('',(-6.629318294367E-02,1.767791385763,
    -0.365918107031));
#8169 = CARTESIAN_POINT('',(4.947682377982E-02,1.767919983513,
    -0.366380962339));
#8170 = CARTESIAN_POINT('',(0.106059596294,1.767296829937,
    -0.364067631104));
#8171 = CARTESIAN_POINT('',(0.256358696635,1.763701034767,
    -0.351794971185));
#8172 = CARTESIAN_POINT('',(0.348452954345,1.759509602636,
    -0.338059333474));
#8173 = CARTESIAN_POINT('',(0.712538032231,1.73330709815,-0.269754418919
    ));
#8174 = CARTESIAN_POINT('',(1.006581370625,1.690133407442,
    -0.183451548376));
#8175 = CARTESIAN_POINT('',(1.648402332981,1.513983273566,
    -4.14839916702E-02));
#8176 = CARTESIAN_POINT('',(1.927091985338,1.404734948507,
    -7.205337219012E-04));
#8177 = CARTESIAN_POINT('',(2.187299072458,1.288156884009,
    -3.16200438595E-06));
#8178 = CARTESIAN_POINT('',(2.189585330702,1.287131303022,
    2.345604621482E-18));
#8179 = CARTESIAN_POINT('',(2.191871106637,1.286104656676,0.));
#8180 = PCURVE('',#7855,#8181);
#8181 = DEFINITIONAL_REPRESENTATION('',(#8182),#8230);
#8182 = B_SPLINE_CURVE_WITH_KNOTS('',3,(#8183,#8184,#8185,#8186,#8187,
    #8188,#8189,#8190,#8191,#8192,#8193,#8194,#8195,#8196,#8197,#8198,
    #8199,#8200,#8201,#8202,#8203,#8204,#8205,#8206,#8207,#8208,#8209,
    #8210,#8211,#8212,#8213,#8214,#8215,#8216,#8217,#8218,#8219,#8220,
    #8221,#8222,#8223,#8224,#8225,#8226,#8227,#8228,#8229),
  .UNSPECIFIED.,.F.,.F.,(4,1,1,1,1,1,1,1,1,1,1,1,1,1,1,1,1,1,1,1,1,1,1,1
    ,1,1,1,1,1,1,1,1,1,1,1,1,1,1,1,1,1,1,1,1,4),(-0.470452213102,
    -0.459743032703,-0.449033852303,-0.438324671904,-0.427615491504,
    -0.416906311105,-0.406197130705,-0.395487950305,-0.384778769906,
    -0.374069589506,-0.363360409107,-0.352651228707,-0.341942048308,
    -0.331232867908,-0.320523687509,-0.309814507109,-0.29910532671,
    -0.28839614631,-0.27768696591,-0.266977785511,-0.256268605111,
    -0.245559424712,-0.234850244312,-0.224141063913,-0.213431883513,
    -0.202722703114,-0.192013522714,-0.181304342314,-0.170595161915,
    -0.159885981515,-0.149176801116,-0.138467620716,-0.127758440317,
    -0.117049259917,-0.106340079518,-9.563089911807E-02,
    -8.492171871852E-02,-7.421253831897E-02,-6.350335791942E-02,
    -5.279417751987E-02,-4.208499712031E-02,-3.137581672076E-02,
    -2.066663632121E-02,-9.957455921663E-03,7.517244778875E-04),
  .UNSPECIFIED.);
#8183 = CARTESIAN_POINT('',(7.024950239277,1.808128893363));
#8184 = CARTESIAN_POINT('',(6.999216310908,1.836780568124));
#8185 = CARTESIAN_POINT('',(6.9484072049,1.894233140419));
#8186 = CARTESIAN_POINT('',(6.873926013448,1.980921770212));
#8187 = CARTESIAN_POINT('',(6.800915207103,2.068182279453));
#8188 = CARTESIAN_POINT('',(6.729176745817,2.156076758513));
#8189 = CARTESIAN_POINT('',(6.658557127359,2.244667301245));
#8190 = CARTESIAN_POINT('',(6.588952301436,2.334016005297));
#8191 = CARTESIAN_POINT('',(6.520303764084,2.424184949657));
#8192 = CARTESIAN_POINT('',(6.452595029903,2.515236284162));
#8193 = CARTESIAN_POINT('',(6.385846657487,2.607231893902));
#8194 = CARTESIAN_POINT('',(6.320109317238,2.700234652119));
#8195 = CARTESIAN_POINT('',(6.255460169245,2.794303744183));
#8196 = CARTESIAN_POINT('',(6.191983612022,2.889512118807));
#8197 = CARTESIAN_POINT('',(6.129808794663,2.985881359203));
#8198 = CARTESIAN_POINT('',(6.068935375455,3.083624747243));
#8199 = CARTESIAN_POINT('',(6.009851355768,3.182240135657));
#8200 = CARTESIAN_POINT('',(5.954438774653,3.280014701045));
#8201 = CARTESIAN_POINT('',(5.902891423893,3.377674534993));
#8202 = CARTESIAN_POINT('',(5.855929539782,3.475344547279));
#8203 = CARTESIAN_POINT('',(5.814125740273,3.573324955592));
#8204 = CARTESIAN_POINT('',(5.778626234167,3.672122804236));
#8205 = CARTESIAN_POINT('',(5.750798482031,3.771684435809));
#8206 = CARTESIAN_POINT('',(5.732108231191,3.871979150412));
#8207 = CARTESIAN_POINT('',(5.723737218806,3.972070140328));
#8208 = CARTESIAN_POINT('',(5.726164629153,4.072727077872));
#8209 = CARTESIAN_POINT('',(5.739239301542,4.172879216858));
#8210 = CARTESIAN_POINT('',(5.762187715341,4.272873740562));
#8211 = CARTESIAN_POINT('',(5.793577849213,4.371977240561));
#8212 = CARTESIAN_POINT('',(5.831890857558,4.470065091718));
#8213 = CARTESIAN_POINT('',(5.877018172237,4.569861392061));
#8214 = CARTESIAN_POINT('',(5.928456067672,4.671738571129));
#8215 = CARTESIAN_POINT('',(5.985599752394,4.775774366132));
#8216 = CARTESIAN_POINT('',(6.047990758724,4.882131685364));
#8217 = CARTESIAN_POINT('',(6.115248784241,4.990927445106));
#8218 = CARTESIAN_POINT('',(6.187196153384,5.10237735861));
#8219 = CARTESIAN_POINT('',(6.263534915888,5.216347943257));
#8220 = CARTESIAN_POINT('',(6.345115202764,5.334003702934));
#8221 = CARTESIAN_POINT('',(6.429263694262,5.451666391387));
#8222 = CARTESIAN_POINT('',(6.51290294405,5.565335137932));
#8223 = CARTESIAN_POINT('',(6.59697090081,5.676287316465));
#8224 = CARTESIAN_POINT('',(6.681332459249,5.78438682853));
#8225 = CARTESIAN_POINT('',(6.766154405227,5.889876207437));
#8226 = CARTESIAN_POINT('',(6.851550655061,5.992896931777));
#8227 = CARTESIAN_POINT('',(6.937681136177,6.093616067248));
#8228 = CARTESIAN_POINT('',(6.995733227599,6.159338279646));
#8229 = CARTESIAN_POINT('',(7.024950239277,6.191871106637));
#8230 = ( GEOMETRIC_REPRESENTATION_CONTEXT(2) 
PARAMETRIC_REPRESENTATION_CONTEXT() REPRESENTATION_CONTEXT('2D SPACE',''
  ) );
#8231 = PCURVE('',#8232,#8237);
#8232 = TOROIDAL_SURFACE('',#8233,2.541331174017,1.);
#8233 = AXIS2_PLACEMENT_3D('',#8234,#8235,#8236);
#8234 = CARTESIAN_POINT('',(0.,0.,-1.));
#8235 = DIRECTION('',(0.,0.,1.));
#8236 = DIRECTION('',(1.,0.,-0.));
#8237 = DEFINITIONAL_REPRESENTATION('',(#8238),#8286);
#8238 = B_SPLINE_CURVE_WITH_KNOTS('',3,(#8239,#8240,#8241,#8242,#8243,
    #8244,#8245,#8246,#8247,#8248,#8249,#8250,#8251,#8252,#8253,#8254,
    #8255,#8256,#8257,#8258,#8259,#8260,#8261,#8262,#8263,#8264,#8265,
    #8266,#8267,#8268,#8269,#8270,#8271,#8272,#8273,#8274,#8275,#8276,
    #8277,#8278,#8279,#8280,#8281,#8282,#8283,#8284,#8285),
  .UNSPECIFIED.,.F.,.F.,(4,1,1,1,1,1,1,1,1,1,1,1,1,1,1,1,1,1,1,1,1,1,1,1
    ,1,1,1,1,1,1,1,1,1,1,1,1,1,1,1,1,1,1,1,1,4),(-0.470452213102,
    -0.459743032703,-0.449033852303,-0.438324671904,-0.427615491504,
    -0.416906311105,-0.406197130705,-0.395487950305,-0.384778769906,
    -0.374069589506,-0.363360409107,-0.352651228707,-0.341942048308,
    -0.331232867908,-0.320523687509,-0.309814507109,-0.29910532671,
    -0.28839614631,-0.27768696591,-0.266977785511,-0.256268605111,
    -0.245559424712,-0.234850244312,-0.224141063913,-0.213431883513,
    -0.202722703114,-0.192013522714,-0.181304342314,-0.170595161915,
    -0.159885981515,-0.149176801116,-0.138467620716,-0.127758440317,
    -0.117049259917,-0.106340079518,-9.563089911807E-02,
    -8.492171871852E-02,-7.421253831897E-02,-6.350335791942E-02,
    -5.279417751987E-02,-4.208499712031E-02,-3.137581672076E-02,
    -2.066663632121E-02,-9.957455921663E-03,7.517244778875E-04),
  .UNSPECIFIED.);
#8239 = CARTESIAN_POINT('',(8.894149838274,1.570796326795));
#8240 = CARTESIAN_POINT('',(8.884076499451,1.588993837655));
#8241 = CARTESIAN_POINT('',(8.863582287183,1.624920438883));
#8242 = CARTESIAN_POINT('',(8.831762193921,1.677535211753));
#8243 = CARTESIAN_POINT('',(8.798828276616,1.72901354678));
#8244 = CARTESIAN_POINT('',(8.764741559757,1.779464179905));
#8245 = CARTESIAN_POINT('',(8.729460327911,1.828973380329));
#8246 = CARTESIAN_POINT('',(8.692939724287,1.877600993882));
#8247 = CARTESIAN_POINT('',(8.655131903535,1.925380329758));
#8248 = CARTESIAN_POINT('',(8.615986138425,1.972317808323));
#8249 = CARTESIAN_POINT('',(8.575449336846,2.018393233321));
#8250 = CARTESIAN_POINT('',(8.533465979004,2.063561279));
#8251 = CARTESIAN_POINT('',(8.489981253358,2.107750953581));
#8252 = CARTESIAN_POINT('',(8.444933579105,2.1508753045));
#8253 = CARTESIAN_POINT('',(8.398288326964,2.192805261985));
#8254 = CARTESIAN_POINT('',(8.349919659093,2.233479233815));
#8255 = CARTESIAN_POINT('',(8.300061336233,2.272507272594));
#8256 = CARTESIAN_POINT('',(8.249615456314,2.308786877488));
#8257 = CARTESIAN_POINT('',(8.19826860895,2.342249179733));
#8258 = CARTESIAN_POINT('',(8.146009190755,2.37248245187));
#8259 = CARTESIAN_POINT('',(8.092748078997,2.399136567251));
#8260 = CARTESIAN_POINT('',(8.03829000443,2.421593270902));
#8261 = CARTESIAN_POINT('',(7.982773933815,2.439069054165));
#8262 = CARTESIAN_POINT('',(7.926366621926,2.450740339793));
#8263 = CARTESIAN_POINT('',(7.869789989664,2.455958483295));
#8264 = CARTESIAN_POINT('',(7.812830280294,2.454441845007));
#8265 = CARTESIAN_POINT('',(7.756319762222,2.44629630372));
#8266 = CARTESIAN_POINT('',(7.700274156661,2.431927648316));
#8267 = CARTESIAN_POINT('',(7.645280249324,2.412153413467));
#8268 = CARTESIAN_POINT('',(7.591529779244,2.387836179677));
#8269 = CARTESIAN_POINT('',(7.537646198469,2.358960111783));
#8270 = CARTESIAN_POINT('',(7.48357382355,2.325749660816));
#8271 = CARTESIAN_POINT('',(7.429406747904,2.288500617404));
#8272 = CARTESIAN_POINT('',(7.375191267894,2.247424817187));
#8273 = CARTESIAN_POINT('',(7.320994938626,2.202696067117));
#8274 = CARTESIAN_POINT('',(7.266840285709,2.154375107815));
#8275 = CARTESIAN_POINT('',(7.212912625926,2.102617554806));
#8276 = CARTESIAN_POINT('',(7.158805366534,2.046875755831));
#8277 = CARTESIAN_POINT('',(7.106339189063,1.9888526856));
#8278 = CARTESIAN_POINT('',(7.057214575419,1.930696264017));
#8279 = CARTESIAN_POINT('',(7.010719838592,1.871962654652));
#8280 = CARTESIAN_POINT('',(6.966806246512,1.812834398866));
#8281 = CARTESIAN_POINT('',(6.925267329624,1.753257487953));
#8282 = CARTESIAN_POINT('',(6.885960218029,1.69317274007));
#8283 = CARTESIAN_POINT('',(6.848745201459,1.632463717563));
#8284 = CARTESIAN_POINT('',(6.825251686421,1.591458443734));
#8285 = CARTESIAN_POINT('',(6.813813429675,1.570796326795));
#8286 = ( GEOMETRIC_REPRESENTATION_CONTEXT(2) 
PARAMETRIC_REPRESENTATION_CONTEXT() REPRESENTATION_CONTEXT('2D SPACE',''
  ) );
#8287 = ORIENTED_EDGE('',*,*,#8288,.F.);
#8288 = EDGE_CURVE('',#8289,#8154,#8291,.T.);
#8289 = VERTEX_POINT('',#8290);
#8290 = CARTESIAN_POINT('',(4.142532869738,1.286104656676,0.));
#8291 = SURFACE_CURVE('',#8292,(#8296,#8303),.PCURVE_S1.);
#8292 = LINE('',#8293,#8294);
#8293 = CARTESIAN_POINT('',(-4.,1.286104656676,0.));
#8294 = VECTOR('',#8295,1.);
#8295 = DIRECTION('',(-1.,4.987329993433E-17,0.));
#8296 = PCURVE('',#7855,#8297);
#8297 = DEFINITIONAL_REPRESENTATION('',(#8298),#8302);
#8298 = LINE('',#8299,#8300);
#8299 = CARTESIAN_POINT('',(7.024950239277,0.));
#8300 = VECTOR('',#8301,1.);
#8301 = DIRECTION('',(0.,-1.));
#8302 = ( GEOMETRIC_REPRESENTATION_CONTEXT(2) 
PARAMETRIC_REPRESENTATION_CONTEXT() REPRESENTATION_CONTEXT('2D SPACE',''
  ) );
#8303 = PCURVE('',#8304,#8309);
#8304 = PLANE('',#8305);
#8305 = AXIS2_PLACEMENT_3D('',#8306,#8307,#8308);
#8306 = CARTESIAN_POINT('',(0.,0.,0.));
#8307 = DIRECTION('',(0.,0.,1.));
#8308 = DIRECTION('',(1.,0.,-0.));
#8309 = DEFINITIONAL_REPRESENTATION('',(#8310),#8314);
#8310 = LINE('',#8311,#8312);
#8311 = CARTESIAN_POINT('',(-4.,1.286104656676));
#8312 = VECTOR('',#8313,1.);
#8313 = DIRECTION('',(-1.,4.987329993433E-17));
#8314 = ( GEOMETRIC_REPRESENTATION_CONTEXT(2) 
PARAMETRIC_REPRESENTATION_CONTEXT() REPRESENTATION_CONTEXT('2D SPACE',''
  ) );
#8315 = ORIENTED_EDGE('',*,*,#8316,.F.);
#8316 = EDGE_CURVE('',#8317,#8289,#8319,.T.);
#8317 = VERTEX_POINT('',#8318);
#8318 = CARTESIAN_POINT('',(4.2,1.385640646055,-1.000756452943E-02));
#8319 = SURFACE_CURVE('',#8320,(#8325,#8335),.PCURVE_S1.);
#8320 = ELLIPSE('',#8321,0.57735026919,0.5);
#8321 = AXIS2_PLACEMENT_3D('',#8322,#8323,#8324);
#8322 = CARTESIAN_POINT('',(4.142532869738,1.286104656676,-0.5));
#8323 = DIRECTION('',(0.866025403784,-0.5,0.));
#8324 = DIRECTION('',(0.5,0.866025403784,0.));
#8325 = PCURVE('',#7855,#8326);
#8326 = DEFINITIONAL_REPRESENTATION('',(#8327),#8334);
#8327 = B_SPLINE_CURVE_WITH_KNOTS('',5,(#8328,#8329,#8330,#8331,#8332,
    #8333),.UNSPECIFIED.,.F.,.F.,(6,6),(0.908709398752,1.570796326795),
  .PIECEWISE_BEZIER_KNOTS.);
#8328 = CARTESIAN_POINT('',(6.362863311235,8.32));
#8329 = CARTESIAN_POINT('',(6.495280696843,8.289851044295));
#8330 = CARTESIAN_POINT('',(6.627698082452,8.255812636754));
#8331 = CARTESIAN_POINT('',(6.76011546806,8.218984295918));
#8332 = CARTESIAN_POINT('',(6.892532853669,8.180758476351));
#8333 = CARTESIAN_POINT('',(7.024950239277,8.142532869738));
#8334 = ( GEOMETRIC_REPRESENTATION_CONTEXT(2) 
PARAMETRIC_REPRESENTATION_CONTEXT() REPRESENTATION_CONTEXT('2D SPACE',''
  ) );
#8335 = PCURVE('',#8336,#8341);
#8336 = PLANE('',#8337);
#8337 = AXIS2_PLACEMENT_3D('',#8338,#8339,#8340);
#8338 = CARTESIAN_POINT('',(4.2,1.385640646055,-0.210007564529));
#8339 = DIRECTION('',(0.866025403784,-0.5,0.));
#8340 = DIRECTION('',(-0.5,-0.866025403784,0.));
#8341 = DEFINITIONAL_REPRESENTATION('',(#8342),#8346);
#8342 = ELLIPSE('',#8343,0.57735026919,0.5);
#8343 = AXIS2_PLACEMENT_2D('',#8344,#8345);
#8344 = CARTESIAN_POINT('',(0.114934260524,0.289992435471));
#8345 = DIRECTION('',(-1.,0.));
#8346 = ( GEOMETRIC_REPRESENTATION_CONTEXT(2) 
PARAMETRIC_REPRESENTATION_CONTEXT() REPRESENTATION_CONTEXT('2D SPACE',''
  ) );
#8347 = ORIENTED_EDGE('',*,*,#8348,.F.);
#8348 = EDGE_CURVE('',#8349,#8317,#8351,.T.);
#8349 = VERTEX_POINT('',#8350);
#8350 = CARTESIAN_POINT('',(4.257467130262,1.286104656676,0.));
#8351 = SURFACE_CURVE('',#8352,(#8357,#8367),.PCURVE_S1.);
#8352 = ELLIPSE('',#8353,0.57735026919,0.5);
#8353 = AXIS2_PLACEMENT_3D('',#8354,#8355,#8356);
#8354 = CARTESIAN_POINT('',(4.257467130262,1.286104656676,-0.5));
#8355 = DIRECTION('',(-0.866025403784,-0.5,0.));
#8356 = DIRECTION('',(0.5,-0.866025403784,0.));
#8357 = PCURVE('',#7855,#8358);
#8358 = DEFINITIONAL_REPRESENTATION('',(#8359),#8366);
#8359 = B_SPLINE_CURVE_WITH_KNOTS('',5,(#8360,#8361,#8362,#8363,#8364,
    #8365),.UNSPECIFIED.,.F.,.F.,(6,6),(1.570796326795,2.232883254837),
  .PIECEWISE_BEZIER_KNOTS.);
#8360 = CARTESIAN_POINT('',(7.024950239277,8.257467130262));
#8361 = CARTESIAN_POINT('',(6.892532853669,8.219241523649));
#8362 = CARTESIAN_POINT('',(6.76011546806,8.181015704082));
#8363 = CARTESIAN_POINT('',(6.627698082452,8.144187363246));
#8364 = CARTESIAN_POINT('',(6.495280696843,8.110148955705));
#8365 = CARTESIAN_POINT('',(6.362863311235,8.08));
#8366 = ( GEOMETRIC_REPRESENTATION_CONTEXT(2) 
PARAMETRIC_REPRESENTATION_CONTEXT() REPRESENTATION_CONTEXT('2D SPACE',''
  ) );
#8367 = PCURVE('',#8368,#8373);
#8368 = PLANE('',#8369);
#8369 = AXIS2_PLACEMENT_3D('',#8370,#8371,#8372);
#8370 = CARTESIAN_POINT('',(5.4,-0.692820323028,-0.210007564529));
#8371 = DIRECTION('',(-0.866025403784,-0.5,0.));
#8372 = DIRECTION('',(-0.5,0.866025403784,0.));
#8373 = DEFINITIONAL_REPRESENTATION('',(#8374),#8378);
#8374 = ELLIPSE('',#8375,0.57735026919,0.5);
#8375 = AXIS2_PLACEMENT_2D('',#8376,#8377);
#8376 = CARTESIAN_POINT('',(2.285065739476,0.289992435471));
#8377 = DIRECTION('',(-1.,-0.));
#8378 = ( GEOMETRIC_REPRESENTATION_CONTEXT(2) 
PARAMETRIC_REPRESENTATION_CONTEXT() REPRESENTATION_CONTEXT('2D SPACE',''
  ) );
#8379 = ORIENTED_EDGE('',*,*,#8380,.F.);
#8380 = EDGE_CURVE('',#7893,#8349,#8381,.T.);
#8381 = SURFACE_CURVE('',#8382,(#8386,#8393),.PCURVE_S1.);
#8382 = LINE('',#8383,#8384);
#8383 = CARTESIAN_POINT('',(-4.,1.286104656676,0.));
#8384 = VECTOR('',#8385,1.);
#8385 = DIRECTION('',(-1.,4.987329993433E-17,0.));
#8386 = PCURVE('',#7855,#8387);
#8387 = DEFINITIONAL_REPRESENTATION('',(#8388),#8392);
#8388 = LINE('',#8389,#8390);
#8389 = CARTESIAN_POINT('',(7.024950239277,0.));
#8390 = VECTOR('',#8391,1.);
#8391 = DIRECTION('',(0.,-1.));
#8392 = ( GEOMETRIC_REPRESENTATION_CONTEXT(2) 
PARAMETRIC_REPRESENTATION_CONTEXT() REPRESENTATION_CONTEXT('2D SPACE',''
  ) );
#8393 = PCURVE('',#8304,#8394);
#8394 = DEFINITIONAL_REPRESENTATION('',(#8395),#8399);
#8395 = LINE('',#8396,#8397);
#8396 = CARTESIAN_POINT('',(-4.,1.286104656676));
#8397 = VECTOR('',#8398,1.);
#8398 = DIRECTION('',(-1.,4.987329993433E-17));
#8399 = ( GEOMETRIC_REPRESENTATION_CONTEXT(2) 
PARAMETRIC_REPRESENTATION_CONTEXT() REPRESENTATION_CONTEXT('2D SPACE',''
  ) );
#8400 = ADVANCED_FACE('',(#8401),#8011,.F.);
#8401 = FACE_BOUND('',#8402,.F.);
#8402 = EDGE_LOOP('',(#8403,#8449,#8499,#8529,#8553,#8577,#8599));
#8403 = ORIENTED_EDGE('',*,*,#8404,.T.);
#8404 = EDGE_CURVE('',#7895,#8405,#8407,.T.);
#8405 = VERTEX_POINT('',#8406);
#8406 = CARTESIAN_POINT('',(5.851395017084,1.504869620787,
    -0.848445529123));
#8407 = SURFACE_CURVE('',#8408,(#8413,#8420),.PCURVE_S1.);
#8408 = B_SPLINE_CURVE_WITH_KNOTS('',3,(#8409,#8410,#8411,#8412),
  .UNSPECIFIED.,.F.,.F.,(4,4),(0.35142121439,0.433773762822),
  .PIECEWISE_BEZIER_KNOTS.);
#8409 = CARTESIAN_POINT('',(5.802553564542,1.45131081091,
    -2.808165259831E-02));
#8410 = CARTESIAN_POINT('',(5.818855008768,1.469129750998,
    -0.301536605319));
#8411 = CARTESIAN_POINT('',(5.835136202385,1.486981406862,
    -0.574991242817));
#8412 = CARTESIAN_POINT('',(5.851395017084,1.504869620787,
    -0.848445529123));
#8413 = PCURVE('',#8011,#8414);
#8414 = DEFINITIONAL_REPRESENTATION('',(#8415),#8419);
#8415 = LINE('',#8416,#8417);
#8416 = CARTESIAN_POINT('',(-5.653157465294E-16,0.750216111941));
#8417 = VECTOR('',#8418,1.);
#8418 = DIRECTION('',(8.65404086148E-16,-1.));
#8419 = ( GEOMETRIC_REPRESENTATION_CONTEXT(2) 
PARAMETRIC_REPRESENTATION_CONTEXT() REPRESENTATION_CONTEXT('2D SPACE',''
  ) );
#8420 = PCURVE('',#7912,#8421);
#8421 = DEFINITIONAL_REPRESENTATION('',(#8422),#8448);
#8422 = B_SPLINE_CURVE_WITH_KNOTS('',3,(#8423,#8424,#8425,#8426,#8427,
    #8428,#8429,#8430,#8431,#8432,#8433,#8434,#8435,#8436,#8437,#8438,
    #8439,#8440,#8441,#8442,#8443,#8444,#8445,#8446,#8447),
  .UNSPECIFIED.,.F.,.F.,(4,1,1,1,1,1,1,1,1,1,1,1,1,1,1,1,1,1,1,1,1,1,4),
  (0.35142121439,0.355164512046,0.358907809702,0.362651107358,
    0.366394405014,0.37013770267,0.373881000326,0.377624297982,
    0.381367595638,0.385110893294,0.38885419095,0.392597488606,
    0.396340786262,0.400084083918,0.403827381574,0.40757067923,
    0.411313976886,0.415057274542,0.418800572198,0.422543869854,
    0.42628716751,0.430030465166,0.433773762822),.QUASI_UNIFORM_KNOTS.);
#8423 = CARTESIAN_POINT('',(3.834403148006,2.971918347402));
#8424 = CARTESIAN_POINT('',(3.834353976923,2.959488576823));
#8425 = CARTESIAN_POINT('',(3.834255477927,2.934629036974));
#8426 = CARTESIAN_POINT('',(3.834107256616,2.897339731137));
#8427 = CARTESIAN_POINT('',(3.833958560164,2.860050429255));
#8428 = CARTESIAN_POINT('',(3.833809386237,2.822761131345));
#8429 = CARTESIAN_POINT('',(3.833659732489,2.785471837426));
#8430 = CARTESIAN_POINT('',(3.833509596563,2.748182547514));
#8431 = CARTESIAN_POINT('',(3.833358976094,2.71089326163));
#8432 = CARTESIAN_POINT('',(3.833207868706,2.673603979792));
#8433 = CARTESIAN_POINT('',(3.833056272012,2.636314702018));
#8434 = CARTESIAN_POINT('',(3.832904183614,2.599025428329));
#8435 = CARTESIAN_POINT('',(3.832751601107,2.561736158744));
#8436 = CARTESIAN_POINT('',(3.832598522072,2.524446893282));
#8437 = CARTESIAN_POINT('',(3.83244494408,2.487157631966));
#8438 = CARTESIAN_POINT('',(3.832290864693,2.449868374814));
#8439 = CARTESIAN_POINT('',(3.83213628146,2.412579121849));
#8440 = CARTESIAN_POINT('',(3.831981191922,2.375289873092));
#8441 = CARTESIAN_POINT('',(3.831825593607,2.338000628564));
#8442 = CARTESIAN_POINT('',(3.831669484034,2.300711388287));
#8443 = CARTESIAN_POINT('',(3.831512860709,2.263422152285));
#8444 = CARTESIAN_POINT('',(3.831355721129,2.226132920579));
#8445 = CARTESIAN_POINT('',(3.831198062779,2.188843693192));
#8446 = CARTESIAN_POINT('',(3.83109260968,2.163984211164));
#8447 = CARTESIAN_POINT('',(3.831039795826,2.151554470877));
#8448 = ( GEOMETRIC_REPRESENTATION_CONTEXT(2) 
PARAMETRIC_REPRESENTATION_CONTEXT() REPRESENTATION_CONTEXT('2D SPACE',''
  ) );
#8449 = ORIENTED_EDGE('',*,*,#8450,.T.);
#8450 = EDGE_CURVE('',#8405,#8451,#8453,.T.);
#8451 = VERTEX_POINT('',#8452);
#8452 = CARTESIAN_POINT('',(5.796512633707,1.570101323138,
    -0.796512633707));
#8453 = SURFACE_CURVE('',#8454,(#8462,#8468),.PCURVE_S1.);
#8454 = B_SPLINE_CURVE_WITH_KNOTS('',3,(#8455,#8456,#8457,#8458,#8459,
    #8460,#8461),.UNSPECIFIED.,.F.,.F.,(4,3,4),(0.,8.150674614125E-03,
    9.979232191175E-03),.UNSPECIFIED.);
#8455 = CARTESIAN_POINT('',(5.851312229685,1.504869620787,
    -0.848549143357));
#8456 = CARTESIAN_POINT('',(5.835619792147,1.522010151426,
    -0.834468656319));
#8457 = CARTESIAN_POINT('',(5.820553786676,1.539663217694,
    -0.820226323908));
#8458 = CARTESIAN_POINT('',(5.806126796408,1.557811964856,
    -0.806045327449));
#8459 = CARTESIAN_POINT('',(5.802890183046,1.561883533249,
    -0.802863901401));
#8460 = CARTESIAN_POINT('',(5.799685523498,1.565980049447,
    -0.799685523498));
#8461 = CARTESIAN_POINT('',(5.796512633707,1.570101323138,
    -0.796512633707));
#8462 = PCURVE('',#8011,#8463);
#8463 = DEFINITIONAL_REPRESENTATION('',(#8464),#8467);
#8464 = B_SPLINE_CURVE_WITH_KNOTS('',1,(#8465,#8466),.UNSPECIFIED.,.F.,
  .F.,(2,2),(5.880907758321E-07,9.979232191175E-03),
  .PIECEWISE_BEZIER_KNOTS.);
#8465 = CARTESIAN_POINT('',(3.828936702743E-05,0.31643284204));
#8466 = CARTESIAN_POINT('',(5.828636538107E-02,0.321551442963));
#8467 = ( GEOMETRIC_REPRESENTATION_CONTEXT(2) 
PARAMETRIC_REPRESENTATION_CONTEXT() REPRESENTATION_CONTEXT('2D SPACE',''
  ) );
#8468 = PCURVE('',#8469,#8494);
#8469 = B_SPLINE_SURFACE_WITH_KNOTS('',3,3,(
    (#8470,#8471,#8472,#8473,#8474,#8475)
    ,(#8476,#8477,#8478,#8479,#8480,#8481)
    ,(#8482,#8483,#8484,#8485,#8486,#8487)
    ,(#8488,#8489,#8490,#8491,#8492,#8493
    )),.UNSPECIFIED.,.F.,.F.,.F.,(4,4),(4,1,1,4),(0.,0.406974732586),(
    0.452837015923,0.463671868136,0.471798007295,0.490758998666),
  .UNSPECIFIED.);
#8470 = CARTESIAN_POINT('',(6.167310021869,1.190881495706,
    -0.971176566249));
#8471 = CARTESIAN_POINT('',(6.128856140078,1.226997669747,
    -0.984831149826));
#8472 = CARTESIAN_POINT('',(6.079059431129,1.290200974319,
    -0.994998381304));
#8473 = CARTESIAN_POINT('',(6.015975411085,1.416607583463,
    -1.001087979245));
#8474 = CARTESIAN_POINT('',(6.,1.506898018566,-1.));
#8475 = CARTESIAN_POINT('',(6.,1.570101323138,-1.));
#8476 = CARTESIAN_POINT('',(6.076783915969,1.190881495706,
    -0.907257580566));
#8477 = CARTESIAN_POINT('',(6.043546620263,1.226997669747,-0.91905980731
    ));
#8478 = CARTESIAN_POINT('',(6.000505245418,1.290200974319,
    -0.927847770017));
#8479 = CARTESIAN_POINT('',(5.94597909277,1.416607583463,-0.933111263793
    ));
#8480 = CARTESIAN_POINT('',(5.932170877902,1.506898018566,
    -0.932170877902));
#8481 = CARTESIAN_POINT('',(5.932170877902,1.570101323138,
    -0.932170877902));
#8482 = CARTESIAN_POINT('',(5.986257810068,1.190881495706,
    -0.843338594882));
#8483 = CARTESIAN_POINT('',(5.958237100449,1.226997669747,
    -0.853288464793));
#8484 = CARTESIAN_POINT('',(5.921951059706,1.290200974319,-0.86069715873
    ));
#8485 = CARTESIAN_POINT('',(5.875982774454,1.416607583463,
    -0.865134548341));
#8486 = CARTESIAN_POINT('',(5.864341755805,1.506898018566,
    -0.864341755805));
#8487 = CARTESIAN_POINT('',(5.864341755805,1.570101323138,
    -0.864341755805));
#8488 = CARTESIAN_POINT('',(5.895731704167,1.190881495706,
    -0.779419609199));
#8489 = CARTESIAN_POINT('',(5.872927580635,1.226997669747,
    -0.787517122277));
#8490 = CARTESIAN_POINT('',(5.843396873994,1.290200974319,
    -0.793546547443));
#8491 = CARTESIAN_POINT('',(5.805986456138,1.416607583463,-0.79715783289
    ));
#8492 = CARTESIAN_POINT('',(5.796512633707,1.506898018566,
    -0.796512633707));
#8493 = CARTESIAN_POINT('',(5.796512633707,1.570101323138,
    -0.796512633707));
#8494 = DEFINITIONAL_REPRESENTATION('',(#8495),#8498);
#8495 = B_SPLINE_CURVE_WITH_KNOTS('',1,(#8496,#8497),.UNSPECIFIED.,.F.,
  .F.,(2,2),(5.880907758321E-07,9.979232191175E-03),
  .PIECEWISE_BEZIER_KNOTS.);
#8496 = CARTESIAN_POINT('',(0.303090269134,0.484236199451));
#8497 = CARTESIAN_POINT('',(0.406974732586,0.490758998666));
#8498 = ( GEOMETRIC_REPRESENTATION_CONTEXT(2) 
PARAMETRIC_REPRESENTATION_CONTEXT() REPRESENTATION_CONTEXT('2D SPACE',''
  ) );
#8499 = ORIENTED_EDGE('',*,*,#8500,.T.);
#8500 = EDGE_CURVE('',#8451,#8501,#8503,.T.);
#8501 = VERTEX_POINT('',#8502);
#8502 = CARTESIAN_POINT('',(5.67257657751,1.788014575448,-0.67257657751)
  );
#8503 = SURFACE_CURVE('',#8504,(#8512,#8518),.PCURVE_S1.);
#8504 = B_SPLINE_CURVE_WITH_KNOTS('',3,(#8505,#8506,#8507,#8508,#8509,
    #8510,#8511),.UNSPECIFIED.,.F.,.F.,(4,3,4),(-2.808975628898E-02,
    -1.85139501373E-02,0.),.UNSPECIFIED.);
#8505 = CARTESIAN_POINT('',(5.796512633707,1.570101323138,
    -0.796512633707));
#8506 = CARTESIAN_POINT('',(5.779870258868,1.591717772519,
    -0.779870258868));
#8507 = CARTESIAN_POINT('',(5.763941403266,1.614414927817,
    -0.763941403266));
#8508 = CARTESIAN_POINT('',(5.748877118379,1.638205023928,
    -0.748877118379));
#8509 = CARTESIAN_POINT('',(5.719751824069,1.684200805081,
    -0.719751824069));
#8510 = CARTESIAN_POINT('',(5.693921121605,1.734187668874,
    -0.693921121605));
#8511 = CARTESIAN_POINT('',(5.67257657751,1.788014575448,-0.67257657751)
  );
#8512 = PCURVE('',#8011,#8513);
#8513 = DEFINITIONAL_REPRESENTATION('',(#8514),#8517);
#8514 = B_SPLINE_CURVE_WITH_KNOTS('',1,(#8515,#8516),.UNSPECIFIED.,.F.,
  .F.,(2,2),(-2.808975628898E-02,0.),.PIECEWISE_BEZIER_KNOTS.);
#8515 = CARTESIAN_POINT('',(5.828636538107E-02,0.321551442963));
#8516 = CARTESIAN_POINT('',(0.230960163479,0.333315270857));
#8517 = ( GEOMETRIC_REPRESENTATION_CONTEXT(2) 
PARAMETRIC_REPRESENTATION_CONTEXT() REPRESENTATION_CONTEXT('2D SPACE',''
  ) );
#8518 = PCURVE('',#6880,#8519);
#8519 = DEFINITIONAL_REPRESENTATION('',(#8520),#8528);
#8520 = B_SPLINE_CURVE_WITH_KNOTS('',3,(#8521,#8522,#8523,#8524,#8525,
    #8526,#8527),.UNSPECIFIED.,.F.,.F.,(4,3,4),(-2.808975628898E-02,
    -1.85139501373E-02,0.),.UNSPECIFIED.);
#8521 = CARTESIAN_POINT('',(5.625127082061E-02,-0.108956626155));
#8522 = CARTESIAN_POINT('',(7.978714302899E-02,-8.734017677361E-02));
#8523 = CARTESIAN_POINT('',(0.102313946653,-6.46430214763E-02));
#8524 = CARTESIAN_POINT('',(0.123618062649,-4.085292536478E-02));
#8525 = CARTESIAN_POINT('',(0.16480744887,5.142855788606E-03));
#8526 = CARTESIAN_POINT('',(0.201337578621,5.512971958159E-02));
#8527 = CARTESIAN_POINT('',(0.231523322362,0.108956626155));
#8528 = ( GEOMETRIC_REPRESENTATION_CONTEXT(2) 
PARAMETRIC_REPRESENTATION_CONTEXT() REPRESENTATION_CONTEXT('2D SPACE',''
  ) );
#8529 = ORIENTED_EDGE('',*,*,#8530,.T.);
#8530 = EDGE_CURVE('',#8501,#8531,#8533,.T.);
#8531 = VERTEX_POINT('',#8532);
#8532 = CARTESIAN_POINT('',(5.666931770856,1.80261921298,-0.666931770856
    ));
#8533 = SURFACE_CURVE('',#8534,(#8539,#8545),.PCURVE_S1.);
#8534 = B_SPLINE_CURVE_WITH_KNOTS('',3,(#8535,#8536,#8537,#8538),
  .UNSPECIFIED.,.F.,.F.,(4,4),(-0.14175467957,-0.139797547026),
  .PIECEWISE_BEZIER_KNOTS.);
#8535 = CARTESIAN_POINT('',(5.672577649763,1.788015125985,-0.67257647657
    ));
#8536 = CARTESIAN_POINT('',(5.670656823175,1.792857016982,
    -0.670656395038));
#8537 = CARTESIAN_POINT('',(5.66877460272,1.797725138685,-0.668774604005
    ));
#8538 = CARTESIAN_POINT('',(5.666931771305,1.802619209502,
    -0.666931770968));
#8539 = PCURVE('',#8011,#8540);
#8540 = DEFINITIONAL_REPRESENTATION('',(#8541),#8544);
#8541 = B_SPLINE_CURVE_WITH_KNOTS('',1,(#8542,#8543),.UNSPECIFIED.,.F.,
  .F.,(2,2),(-0.14175467957,-0.139797547026),.PIECEWISE_BEZIER_KNOTS.);
#8542 = CARTESIAN_POINT('',(0.230960266205,0.333315270866));
#8543 = CARTESIAN_POINT('',(0.241712654831,0.333822100692));
#8544 = ( GEOMETRIC_REPRESENTATION_CONTEXT(2) 
PARAMETRIC_REPRESENTATION_CONTEXT() REPRESENTATION_CONTEXT('2D SPACE',''
  ) );
#8545 = PCURVE('',#6880,#8546);
#8546 = DEFINITIONAL_REPRESENTATION('',(#8547),#8552);
#8547 = B_SPLINE_CURVE_WITH_KNOTS('',3,(#8548,#8549,#8550,#8551),
  .UNSPECIFIED.,.F.,.F.,(4,4),(-0.14175467957,-0.139797547026),
  .PIECEWISE_BEZIER_KNOTS.);
#8548 = CARTESIAN_POINT('',(0.23152263554,0.108957176692));
#8549 = CARTESIAN_POINT('',(0.234238567717,0.113799067689));
#8550 = CARTESIAN_POINT('',(0.236900125765,0.118667189392));
#8551 = CARTESIAN_POINT('',(0.239506284092,0.12356126021));
#8552 = ( GEOMETRIC_REPRESENTATION_CONTEXT(2) 
PARAMETRIC_REPRESENTATION_CONTEXT() REPRESENTATION_CONTEXT('2D SPACE',''
  ) );
#8553 = ORIENTED_EDGE('',*,*,#8554,.F.);
#8554 = EDGE_CURVE('',#8555,#8531,#8557,.T.);
#8555 = VERTEX_POINT('',#8556);
#8556 = CARTESIAN_POINT('',(5.658028679708,1.788014575448,-0.5));
#8557 = SURFACE_CURVE('',#8558,(#8563,#8569),.PCURVE_S1.);
#8558 = B_SPLINE_CURVE_WITH_KNOTS('',3,(#8559,#8560,#8561,#8562),
  .UNSPECIFIED.,.F.,.F.,(4,4),(-0.279429307406,-0.262709919048),
  .PIECEWISE_BEZIER_KNOTS.);
#8559 = CARTESIAN_POINT('',(5.658028751753,1.788014604545,
    -0.499999993552));
#8560 = CARTESIAN_POINT('',(5.66099270029,1.792882795842,-0.555643952699
    ));
#8561 = CARTESIAN_POINT('',(5.663960391975,1.797751020345,-0.61128813722
    ));
#8562 = CARTESIAN_POINT('',(5.666931771305,1.802619209502,
    -0.666931770968));
#8563 = PCURVE('',#8011,#8564);
#8564 = DEFINITIONAL_REPRESENTATION('',(#8565),#8568);
#8565 = B_SPLINE_CURVE_WITH_KNOTS('',1,(#8566,#8567),.UNSPECIFIED.,.F.,
  .F.,(2,2),(-0.279429307406,-0.262709919048),.PIECEWISE_BEZIER_KNOTS.);
#8566 = CARTESIAN_POINT('',(0.239036515356,0.350596188317));
#8567 = CARTESIAN_POINT('',(0.241712654831,0.333822100692));
#8568 = ( GEOMETRIC_REPRESENTATION_CONTEXT(2) 
PARAMETRIC_REPRESENTATION_CONTEXT() REPRESENTATION_CONTEXT('2D SPACE',''
  ) );
#8569 = PCURVE('',#6961,#8570);
#8570 = DEFINITIONAL_REPRESENTATION('',(#8571),#8576);
#8571 = B_SPLINE_CURVE_WITH_KNOTS('',3,(#8572,#8573,#8574,#8575),
  .UNSPECIFIED.,.F.,.F.,(4,4),(-0.279429307406,-0.262709919048),
  .PIECEWISE_BEZIER_KNOTS.);
#8572 = CARTESIAN_POINT('',(-13.65802875175,-0.370676919595));
#8573 = CARTESIAN_POINT('',(-13.66099270029,-0.426533427507));
#8574 = CARTESIAN_POINT('',(-13.66396039197,-0.482390162829));
#8575 = CARTESIAN_POINT('',(-13.6669317713,-0.538246346393));
#8576 = ( GEOMETRIC_REPRESENTATION_CONTEXT(2) 
PARAMETRIC_REPRESENTATION_CONTEXT() REPRESENTATION_CONTEXT('2D SPACE',''
  ) );
#8577 = ORIENTED_EDGE('',*,*,#8578,.T.);
#8578 = EDGE_CURVE('',#8555,#7924,#8579,.T.);
#8579 = SURFACE_CURVE('',#8580,(#8585,#8591),.PCURVE_S1.);
#8580 = B_SPLINE_CURVE_WITH_KNOTS('',3,(#8581,#8582,#8583,#8584),
  .UNSPECIFIED.,.F.,.F.,(4,4),(0.47705217338,0.481427204973),
  .PIECEWISE_BEZIER_KNOTS.);
#8581 = CARTESIAN_POINT('',(5.658028751753,1.788014604545,
    -0.499999993552));
#8582 = CARTESIAN_POINT('',(5.657255002029,1.786743759281,
    -0.485473991013));
#8583 = CARTESIAN_POINT('',(5.656481515414,1.785472901562,
    -0.470948038077));
#8584 = CARTESIAN_POINT('',(5.65570828206,1.784202056247,-0.456422118231
    ));
#8585 = PCURVE('',#8011,#8586);
#8586 = DEFINITIONAL_REPRESENTATION('',(#8587),#8590);
#8587 = B_SPLINE_CURVE_WITH_KNOTS('',1,(#8588,#8589),.UNSPECIFIED.,.F.,
  .F.,(2,2),(0.47705217338,0.481427204973),.PIECEWISE_BEZIER_KNOTS.);
#8588 = CARTESIAN_POINT('',(0.239036515356,0.350596188317));
#8589 = CARTESIAN_POINT('',(0.238336591762,0.354975076174));
#8590 = ( GEOMETRIC_REPRESENTATION_CONTEXT(2) 
PARAMETRIC_REPRESENTATION_CONTEXT() REPRESENTATION_CONTEXT('2D SPACE',''
  ) );
#8591 = PCURVE('',#6961,#8592);
#8592 = DEFINITIONAL_REPRESENTATION('',(#8593),#8598);
#8593 = B_SPLINE_CURVE_WITH_KNOTS('',3,(#8594,#8595,#8596,#8597),
  .UNSPECIFIED.,.F.,.F.,(4,4),(0.47705217338,0.481427204973),
  .PIECEWISE_BEZIER_KNOTS.);
#8594 = CARTESIAN_POINT('',(-13.65802875175,-0.370676919595));
#8595 = CARTESIAN_POINT('',(-13.65725500202,-0.356095431419));
#8596 = CARTESIAN_POINT('',(-13.65648151541,-0.341513991571));
#8597 = CARTESIAN_POINT('',(-13.65570828206,-0.326932585768));
#8598 = ( GEOMETRIC_REPRESENTATION_CONTEXT(2) 
PARAMETRIC_REPRESENTATION_CONTEXT() REPRESENTATION_CONTEXT('2D SPACE',''
  ) );
#8599 = ORIENTED_EDGE('',*,*,#7923,.F.);
#8600 = ADVANCED_FACE('',(#8601),#8469,.T.);
#8601 = FACE_BOUND('',#8602,.T.);
#8602 = EDGE_LOOP('',(#8603,#8604,#8626,#8691));
#8603 = ORIENTED_EDGE('',*,*,#8450,.T.);
#8604 = ORIENTED_EDGE('',*,*,#8605,.F.);
#8605 = EDGE_CURVE('',#8606,#8451,#8608,.T.);
#8606 = VERTEX_POINT('',#8607);
#8607 = CARTESIAN_POINT('',(6.,1.570101323138,-1.));
#8608 = SURFACE_CURVE('',#8609,(#8613,#8619),.PCURVE_S1.);
#8609 = LINE('',#8610,#8611);
#8610 = CARTESIAN_POINT('',(6.,1.570101323138,-1.));
#8611 = VECTOR('',#8612,1.);
#8612 = DIRECTION('',(-0.707106781187,-7.850462293419E-16,0.707106781187
    ));
#8613 = PCURVE('',#8469,#8614);
#8614 = DEFINITIONAL_REPRESENTATION('',(#8615),#8618);
#8615 = B_SPLINE_CURVE_WITH_KNOTS('',1,(#8616,#8617),.UNSPECIFIED.,.F.,
  .F.,(2,2),(0.,0.287774593183),.PIECEWISE_BEZIER_KNOTS.);
#8616 = CARTESIAN_POINT('',(1.422214356948E-15,0.490758998666));
#8617 = CARTESIAN_POINT('',(0.406974732586,0.490758998666));
#8618 = ( GEOMETRIC_REPRESENTATION_CONTEXT(2) 
PARAMETRIC_REPRESENTATION_CONTEXT() REPRESENTATION_CONTEXT('2D SPACE',''
  ) );
#8619 = PCURVE('',#6880,#8620);
#8620 = DEFINITIONAL_REPRESENTATION('',(#8621),#8625);
#8621 = LINE('',#8622,#8623);
#8622 = CARTESIAN_POINT('',(-0.231523322362,-0.108956626155));
#8623 = VECTOR('',#8624,1.);
#8624 = DIRECTION('',(1.,-8.02050730939E-16));
#8625 = ( GEOMETRIC_REPRESENTATION_CONTEXT(2) 
PARAMETRIC_REPRESENTATION_CONTEXT() REPRESENTATION_CONTEXT('2D SPACE',''
  ) );
#8626 = ORIENTED_EDGE('',*,*,#8627,.T.);
#8627 = EDGE_CURVE('',#8606,#8628,#8630,.T.);
#8628 = VERTEX_POINT('',#8629);
#8629 = CARTESIAN_POINT('',(6.167310021869,1.190881495706,
    -0.971176566249));
#8630 = SURFACE_CURVE('',#8631,(#8638,#8645),.PCURVE_S1.);
#8631 = B_SPLINE_CURVE_WITH_KNOTS('',3,(#8632,#8633,#8634,#8635,#8636,
    #8637),.UNSPECIFIED.,.F.,.F.,(4,1,1,4),(-0.490758998666,
    -0.471798007295,-0.463671868136,-0.452837015923),.UNSPECIFIED.);
#8632 = CARTESIAN_POINT('',(6.,1.570101323138,-1.));
#8633 = CARTESIAN_POINT('',(6.,1.506898018566,-1.));
#8634 = CARTESIAN_POINT('',(6.015975411085,1.416607583463,
    -1.001087979245));
#8635 = CARTESIAN_POINT('',(6.079059431129,1.290200974319,
    -0.994998381304));
#8636 = CARTESIAN_POINT('',(6.128856140078,1.226997669747,
    -0.984831149826));
#8637 = CARTESIAN_POINT('',(6.167310021869,1.190881495706,
    -0.971176566249));
#8638 = PCURVE('',#8469,#8639);
#8639 = DEFINITIONAL_REPRESENTATION('',(#8640),#8644);
#8640 = LINE('',#8641,#8642);
#8641 = CARTESIAN_POINT('',(1.95105023393E-15,0.));
#8642 = VECTOR('',#8643,1.);
#8643 = DIRECTION('',(2.887393405996E-15,-1.));
#8644 = ( GEOMETRIC_REPRESENTATION_CONTEXT(2) 
PARAMETRIC_REPRESENTATION_CONTEXT() REPRESENTATION_CONTEXT('2D SPACE',''
  ) );
#8645 = PCURVE('',#8646,#8663);
#8646 = B_SPLINE_SURFACE_WITH_KNOTS('',3,3,(
    (#8647,#8648,#8649,#8650)
    ,(#8651,#8652,#8653,#8654)
    ,(#8655,#8656,#8657,#8658)
    ,(#8659,#8660,#8661,#8662
    )),.UNSPECIFIED.,.F.,.F.,.F.,(4,4),(4,4),(0.,1.),(0.143777053854,
    0.352543731644),.PIECEWISE_BEZIER_KNOTS.);
#8647 = CARTESIAN_POINT('',(6.,1.561581303607,-0.927598694875));
#8648 = CARTESIAN_POINT('',(6.,1.642827548717,-1.61872853911));
#8649 = CARTESIAN_POINT('',(6.,1.726380352153,-2.309589795705));
#8650 = CARTESIAN_POINT('',(6.,1.813531285693,-3.));
#8651 = CARTESIAN_POINT('',(6.,1.422076322264,-0.943998299092));
#8652 = CARTESIAN_POINT('',(6.000069538537,1.507006024421,
    -1.635019199683));
#8653 = CARTESIAN_POINT('',(5.999932595411,1.594514608362,
    -2.325775855703));
#8654 = CARTESIAN_POINT('',(6.,1.686256194862,-3.016066018308));
#8655 = CARTESIAN_POINT('',(6.062451762612,1.283705314091,
    -0.960264598312));
#8656 = CARTESIAN_POINT('',(6.05912369092,1.372151588158,-1.651193157));
#8657 = CARTESIAN_POINT('',(6.055414506929,1.463518478678,
    -2.341855134868));
#8658 = CARTESIAN_POINT('',(6.051666823542,1.55970491962,-3.032040668899
    ));
#8659 = CARTESIAN_POINT('',(6.167310021869,1.190881495706,
    -0.971176566249));
#8660 = CARTESIAN_POINT('',(6.159162813059,1.279439572824,
    -1.662306410484));
#8661 = CARTESIAN_POINT('',(6.150423790241,1.371296526214,
    -2.353167667079));
#8662 = CARTESIAN_POINT('',(6.140943939762,1.46830713426,-3.043577871374
    ));
#8663 = DEFINITIONAL_REPRESENTATION('',(#8664),#8690);
#8664 = B_SPLINE_CURVE_WITH_KNOTS('',3,(#8665,#8666,#8667,#8668,#8669,
    #8670,#8671,#8672,#8673,#8674,#8675,#8676,#8677,#8678,#8679,#8680,
    #8681,#8682,#8683,#8684,#8685,#8686,#8687,#8688,#8689),
  .UNSPECIFIED.,.F.,.F.,(4,1,1,1,1,1,1,1,1,1,1,1,1,1,1,1,1,1,1,1,1,1,4),
  (-0.490758998666,-0.489035272178,-0.48731154569,-0.485587819201,
    -0.483864092713,-0.482140366225,-0.480416639736,-0.478692913248,
    -0.47696918676,-0.475245460271,-0.473521733783,-0.471798007295,
    -0.470074280806,-0.468350554318,-0.46662682783,-0.464903101341,
    -0.463179374853,-0.461455648365,-0.459731921877,-0.458008195388,
    -0.4562844689,-0.454560742412,-0.452837015923),
  .QUASI_UNIFORM_KNOTS.);
#8665 = CARTESIAN_POINT('',(-5.317638350745E-07,0.151067141848));
#8666 = CARTESIAN_POINT('',(1.357869308847E-02,0.150999921319));
#8667 = CARTESIAN_POINT('',(4.074529637129E-02,0.150866737983));
#8668 = CARTESIAN_POINT('',(8.155301270645E-02,0.150669202238));
#8669 = CARTESIAN_POINT('',(0.122449444257,0.150472371683));
#8670 = CARTESIAN_POINT('',(0.163474058879,0.150274712819));
#8671 = CARTESIAN_POINT('',(0.204671091787,0.150074692466));
#8672 = CARTESIAN_POINT('',(0.24608975623,0.149870777783));
#8673 = CARTESIAN_POINT('',(0.287783422795,0.149661436229));
#8674 = CARTESIAN_POINT('',(0.329809102072,0.149445135583));
#8675 = CARTESIAN_POINT('',(0.372226877651,0.149220343862));
#8676 = CARTESIAN_POINT('',(0.415099271211,0.148985529642));
#8677 = CARTESIAN_POINT('',(0.458490829557,0.148739160917));
#8678 = CARTESIAN_POINT('',(0.502466615416,0.148479709458));
#8679 = CARTESIAN_POINT('',(0.547113359459,0.148202513616));
#8680 = CARTESIAN_POINT('',(0.592526690561,0.147902960986));
#8681 = CARTESIAN_POINT('',(0.638810485148,0.147576260266));
#8682 = CARTESIAN_POINT('',(0.686071128311,0.147218292614));
#8683 = CARTESIAN_POINT('',(0.734433799616,0.146822234415));
#8684 = CARTESIAN_POINT('',(0.784080777511,0.146373984965));
#8685 = CARTESIAN_POINT('',(0.835207368237,0.145860559388));
#8686 = CARTESIAN_POINT('',(0.888024565021,0.145268677424));
#8687 = CARTESIAN_POINT('',(0.942752724491,0.144585141213));
#8688 = CARTESIAN_POINT('',(0.980656892209,0.144059536532));
#8689 = CARTESIAN_POINT('',(1.,0.143777053854));
#8690 = ( GEOMETRIC_REPRESENTATION_CONTEXT(2) 
PARAMETRIC_REPRESENTATION_CONTEXT() REPRESENTATION_CONTEXT('2D SPACE',''
  ) );
#8691 = ORIENTED_EDGE('',*,*,#8692,.T.);
#8692 = EDGE_CURVE('',#8628,#8405,#8693,.T.);
#8693 = SURFACE_CURVE('',#8694,(#8705,#8734),.PCURVE_S1.);
#8694 = B_SPLINE_CURVE_WITH_KNOTS('',3,(#8695,#8696,#8697,#8698,#8699,
    #8700,#8701,#8702,#8703,#8704),.UNSPECIFIED.,.F.,.F.,(4,2,2,2,4),(
    5.003285749481E-02,5.326547735852E-02,6.38336343998E-02,
    8.002797267324E-02,9.33429993974E-02),.UNSPECIFIED.);
#8695 = CARTESIAN_POINT('',(6.167310021869,1.190881495706,
    -0.971176566249));
#8696 = CARTESIAN_POINT('',(6.15909054985,1.198601285442,-0.974095217434
    ));
#8697 = CARTESIAN_POINT('',(6.150741277202,1.206439204455,
    -0.976291048068));
#8698 = CARTESIAN_POINT('',(6.114754036302,1.240273631692,
    -0.982842222857));
#8699 = CARTESIAN_POINT('',(6.086719136444,1.266787467862,
    -0.980741524471));
#8700 = CARTESIAN_POINT('',(6.018010502014,1.332891000337,
    -0.964022181528));
#8701 = CARTESIAN_POINT('',(5.977421365594,1.37303252147,-0.943070323229
    ));
#8702 = CARTESIAN_POINT('',(5.909757260983,1.44230957597,-0.897951723306
    ));
#8703 = CARTESIAN_POINT('',(5.879926016267,1.473766000111,
    -0.873924381575));
#8704 = CARTESIAN_POINT('',(5.851395017084,1.504869620787,
    -0.848445529123));
#8705 = PCURVE('',#8469,#8706);
#8706 = DEFINITIONAL_REPRESENTATION('',(#8707),#8733);
#8707 = B_SPLINE_CURVE_WITH_KNOTS('',3,(#8708,#8709,#8710,#8711,#8712,
    #8713,#8714,#8715,#8716,#8717,#8718,#8719,#8720,#8721,#8722,#8723,
    #8724,#8725,#8726,#8727,#8728,#8729,#8730,#8731,#8732),
  .UNSPECIFIED.,.F.,.F.,(4,1,1,1,1,1,1,1,1,1,1,1,1,1,1,1,1,1,1,1,1,1,4),
  (5.003285749481E-02,5.200150030856E-02,5.397014312232E-02,
    5.593878593607E-02,5.790742874982E-02,5.987607156358E-02,
    6.184471437733E-02,6.381335719109E-02,6.578200000484E-02,
    6.775064281859E-02,6.971928563235E-02,7.16879284461E-02,
    7.365657125986E-02,7.562521407361E-02,7.759385688736E-02,
    7.956249970112E-02,8.153114251487E-02,8.349978532863E-02,
    8.546842814238E-02,8.743707095613E-02,8.940571376989E-02,
    9.137435658364E-02,9.33429993974E-02),.QUASI_UNIFORM_KNOTS.);
#8708 = CARTESIAN_POINT('',(0.,0.452837015923));
#8709 = CARTESIAN_POINT('',(-1.605194075075E-06,0.453306539129));
#8710 = CARTESIAN_POINT('',(5.761321496647E-04,0.454253774109));
#8711 = CARTESIAN_POINT('',(3.114126824632E-03,0.455693684857));
#8712 = CARTESIAN_POINT('',(7.248931379343E-03,0.457146066806));
#8713 = CARTESIAN_POINT('',(1.291690188574E-02,0.458608111631));
#8714 = CARTESIAN_POINT('',(2.005585891851E-02,0.460076311003));
#8715 = CARTESIAN_POINT('',(2.86016084335E-02,0.461546367734));
#8716 = CARTESIAN_POINT('',(3.846690006168E-02,0.463011456156));
#8717 = CARTESIAN_POINT('',(4.960775906641E-02,0.464471844727));
#8718 = CARTESIAN_POINT('',(6.200839510563E-02,0.465931560504));
#8719 = CARTESIAN_POINT('',(7.557950554481E-02,0.467387136755));
#8720 = CARTESIAN_POINT('',(9.024242179077E-02,0.468836703088));
#8721 = CARTESIAN_POINT('',(0.105906836067,0.47027769565));
#8722 = CARTESIAN_POINT('',(0.122475097795,0.47170749194));
#8723 = CARTESIAN_POINT('',(0.139846633674,0.473123788268));
#8724 = CARTESIAN_POINT('',(0.157895262931,0.474523369474));
#8725 = CARTESIAN_POINT('',(0.176553429207,0.475907912552));
#8726 = CARTESIAN_POINT('',(0.196053275074,0.47729823841));
#8727 = CARTESIAN_POINT('',(0.216267583125,0.478688389537));
#8728 = CARTESIAN_POINT('',(0.237147586178,0.480078549335));
#8729 = CARTESIAN_POINT('',(0.258618855955,0.481467222277));
#8730 = CARTESIAN_POINT('',(0.28060987442,0.482853358602));
#8731 = CARTESIAN_POINT('',(0.295565750204,0.483774997715));
#8732 = CARTESIAN_POINT('',(0.303104920549,0.484235018503));
#8733 = ( GEOMETRIC_REPRESENTATION_CONTEXT(2) 
PARAMETRIC_REPRESENTATION_CONTEXT() REPRESENTATION_CONTEXT('2D SPACE',''
  ) );
#8734 = PCURVE('',#7912,#8735);
#8735 = DEFINITIONAL_REPRESENTATION('',(#8736),#8762);
#8736 = B_SPLINE_CURVE_WITH_KNOTS('',3,(#8737,#8738,#8739,#8740,#8741,
    #8742,#8743,#8744,#8745,#8746,#8747,#8748,#8749,#8750,#8751,#8752,
    #8753,#8754,#8755,#8756,#8757,#8758,#8759,#8760,#8761),
  .UNSPECIFIED.,.F.,.F.,(4,1,1,1,1,1,1,1,1,1,1,1,1,1,1,1,1,1,1,1,1,1,4),
  (5.003285749481E-02,5.200150030856E-02,5.397014312232E-02,
    5.593878593607E-02,5.790742874982E-02,5.987607156358E-02,
    6.184471437733E-02,6.381335719109E-02,6.578200000484E-02,
    6.775064281859E-02,6.971928563235E-02,7.16879284461E-02,
    7.365657125986E-02,7.562521407361E-02,7.759385688736E-02,
    7.956249970112E-02,8.153114251487E-02,8.349978532863E-02,
    8.546842814238E-02,8.743707095613E-02,8.940571376989E-02,
    9.137435658364E-02,9.33429993974E-02),.QUASI_UNIFORM_KNOTS.);
#8737 = CARTESIAN_POINT('',(3.980976384506,2.028823433751));
#8738 = CARTESIAN_POINT('',(3.978664931771,2.027045933294));
#8739 = CARTESIAN_POINT('',(3.97399040239,2.024027379201));
#8740 = CARTESIAN_POINT('',(3.966872307994,2.021023962591));
#8741 = CARTESIAN_POINT('',(3.959705852775,2.019467173372));
#8742 = CARTESIAN_POINT('',(3.952516187917,2.019254238602));
#8743 = CARTESIAN_POINT('',(3.945325880127,2.020284025116));
#8744 = CARTESIAN_POINT('',(3.938155652651,2.022455943311));
#8745 = CARTESIAN_POINT('',(3.931035700819,2.025664597839));
#8746 = CARTESIAN_POINT('',(3.923959573831,2.029822287008));
#8747 = CARTESIAN_POINT('',(3.916908641347,2.034868741694));
#8748 = CARTESIAN_POINT('',(3.909903504339,2.040724398055));
#8749 = CARTESIAN_POINT('',(3.902954231944,2.047314710362));
#8750 = CARTESIAN_POINT('',(3.896073535164,2.054563829405));
#8751 = CARTESIAN_POINT('',(3.889273773054,2.062395593756));
#8752 = CARTESIAN_POINT('',(3.882565711745,2.070735898986));
#8753 = CARTESIAN_POINT('',(3.875966445108,2.079502244574));
#8754 = CARTESIAN_POINT('',(3.869468922136,2.088643194388));
#8755 = CARTESIAN_POINT('',(3.86297474206,2.098257424512));
#8756 = CARTESIAN_POINT('',(3.856512360815,2.10827041316));
#8757 = CARTESIAN_POINT('',(3.850080762891,2.118647655166));
#8758 = CARTESIAN_POINT('',(3.843686789921,2.129343879015));
#8759 = CARTESIAN_POINT('',(3.837335139085,2.140316659795));
#8760 = CARTESIAN_POINT('',(3.833132398214,2.147787389045));
#8761 = CARTESIAN_POINT('',(3.831039795826,2.151554470877));
#8762 = ( GEOMETRIC_REPRESENTATION_CONTEXT(2) 
PARAMETRIC_REPRESENTATION_CONTEXT() REPRESENTATION_CONTEXT('2D SPACE',''
  ) );
#8763 = ADVANCED_FACE('',(#8764),#8646,.F.);
#8764 = FACE_BOUND('',#8765,.F.);
#8765 = EDGE_LOOP('',(#8766,#8789,#8848,#8876));
#8766 = ORIENTED_EDGE('',*,*,#8767,.F.);
#8767 = EDGE_CURVE('',#8768,#8628,#8770,.T.);
#8768 = VERTEX_POINT('',#8769);
#8769 = CARTESIAN_POINT('',(6.141541302489,1.462190976847,
    -2.999999951778));
#8770 = SURFACE_CURVE('',#8771,(#8776,#8783),.PCURVE_S1.);
#8771 = B_SPLINE_CURVE_WITH_KNOTS('',3,(#8772,#8773,#8774,#8775),
  .UNSPECIFIED.,.F.,.F.,(4,4),(-0.34815142046,-0.143777053854),
  .PIECEWISE_BEZIER_KNOTS.);
#8772 = CARTESIAN_POINT('',(6.141541306489,1.462190846027,-2.99999996816
    ));
#8773 = CARTESIAN_POINT('',(6.150791254656,1.367432768824,
    -2.324097031221));
#8774 = CARTESIAN_POINT('',(6.159334224879,1.277576370149,
    -1.647765501096));
#8775 = CARTESIAN_POINT('',(6.167310021869,1.190881495706,
    -0.971176566249));
#8776 = PCURVE('',#8646,#8777);
#8777 = DEFINITIONAL_REPRESENTATION('',(#8778),#8782);
#8778 = LINE('',#8779,#8780);
#8779 = CARTESIAN_POINT('',(1.,-1.110223024625E-15));
#8780 = VECTOR('',#8781,1.);
#8781 = DIRECTION('',(6.203687454443E-13,-1.));
#8782 = ( GEOMETRIC_REPRESENTATION_CONTEXT(2) 
PARAMETRIC_REPRESENTATION_CONTEXT() REPRESENTATION_CONTEXT('2D SPACE',''
  ) );
#8783 = PCURVE('',#7912,#8784);
#8784 = DEFINITIONAL_REPRESENTATION('',(#8785),#8788);
#8785 = B_SPLINE_CURVE_WITH_KNOTS('',1,(#8786,#8787),.UNSPECIFIED.,.F.,
  .F.,(2,2),(-0.34815142046,-0.143777053854),.PIECEWISE_BEZIER_KNOTS.);
#8786 = CARTESIAN_POINT('',(3.909082404272,3.996761380636E-08));
#8787 = CARTESIAN_POINT('',(3.980976384506,2.028823433751));
#8788 = ( GEOMETRIC_REPRESENTATION_CONTEXT(2) 
PARAMETRIC_REPRESENTATION_CONTEXT() REPRESENTATION_CONTEXT('2D SPACE',''
  ) );
#8789 = ORIENTED_EDGE('',*,*,#8790,.F.);
#8790 = EDGE_CURVE('',#8791,#8768,#8793,.T.);
#8791 = VERTEX_POINT('',#8792);
#8792 = CARTESIAN_POINT('',(6.,1.813531277247,-2.999999966547));
#8793 = SURFACE_CURVE('',#8794,(#8814,#8820),.PCURVE_S1.);
#8794 = B_SPLINE_CURVE_WITH_KNOTS('',3,(#8795,#8796,#8797,#8798,#8799,
    #8800,#8801,#8802,#8803,#8804,#8805,#8806,#8807,#8808,#8809,#8810,
    #8811,#8812,#8813),.UNSPECIFIED.,.F.,.F.,(4,3,3,3,3,3,4),(0.,
    7.883423163604E-03,1.593414665679E-02,1.94665944801E-02,
    2.749149984311E-02,3.534011992076E-02,3.89410679646E-02),
  .UNSPECIFIED.);
#8795 = CARTESIAN_POINT('',(6.,1.813531285693,-3.));
#8796 = CARTESIAN_POINT('',(6.,1.787253208481,-3.));
#8797 = CARTESIAN_POINT('',(6.002129254036,1.761098218067,
    -2.999996338925));
#8798 = CARTESIAN_POINT('',(6.006252276449,1.735276704087,-2.99999215222
    ));
#8799 = CARTESIAN_POINT('',(6.010462796768,1.708907211429,
    -2.999987876666));
#8800 = CARTESIAN_POINT('',(6.016752958121,1.682884227384,
    -2.999983213469));
#8801 = CARTESIAN_POINT('',(6.025031402902,1.65743862001,-2.999980735445
    ));
#8802 = CARTESIAN_POINT('',(6.028663768896,1.646273750112,
    -2.999979648153));
#8803 = CARTESIAN_POINT('',(6.032679568651,1.635220241206,
    -2.999978957112));
#8804 = CARTESIAN_POINT('',(6.037073935542,1.624298985091,
    -2.999978709684));
#8805 = CARTESIAN_POINT('',(6.0470569219,1.599488414303,-2.999978147586)
  );
#8806 = CARTESIAN_POINT('',(6.058916985668,1.575541577307,
    -2.999980239261));
#8807 = CARTESIAN_POINT('',(6.072548287506,1.552681370399,
    -2.999984122545));
#8808 = CARTESIAN_POINT('',(6.085880146818,1.530323339893,
    -2.999987920525));
#8809 = CARTESIAN_POINT('',(6.100906934638,1.50900363077,-2.999993570952
    ));
#8810 = CARTESIAN_POINT('',(6.117571462817,1.488955498858,
    -2.999997194584));
#8811 = CARTESIAN_POINT('',(6.125217150792,1.479757412993,
    -2.999998857108));
#8812 = CARTESIAN_POINT('',(6.133208107041,1.470827436764,
    -3.000000037348));
#8813 = CARTESIAN_POINT('',(6.141541305838,1.462190852691,
    -3.000000015697));
#8814 = PCURVE('',#8646,#8815);
#8815 = DEFINITIONAL_REPRESENTATION('',(#8816),#8819);
#8816 = B_SPLINE_CURVE_WITH_KNOTS('',1,(#8817,#8818),.UNSPECIFIED.,.F.,
  .F.,(2,2),(0.,3.894105879595E-02),.PIECEWISE_BEZIER_KNOTS.);
#8817 = CARTESIAN_POINT('',(8.296521533564E-16,0.352543731644));
#8818 = CARTESIAN_POINT('',(0.99999976371,0.348151426074));
#8819 = ( GEOMETRIC_REPRESENTATION_CONTEXT(2) 
PARAMETRIC_REPRESENTATION_CONTEXT() REPRESENTATION_CONTEXT('2D SPACE',''
  ) );
#8820 = PCURVE('',#8821,#8826);
#8821 = PLANE('',#8822);
#8822 = AXIS2_PLACEMENT_3D('',#8823,#8824,#8825);
#8823 = CARTESIAN_POINT('',(7.55760255977,2.80760255977,-3.));
#8824 = DIRECTION('',(0.,0.,-1.));
#8825 = DIRECTION('',(1.,0.,0.));
#8826 = DEFINITIONAL_REPRESENTATION('',(#8827),#8847);
#8827 = B_SPLINE_CURVE_WITH_KNOTS('',3,(#8828,#8829,#8830,#8831,#8832,
    #8833,#8834,#8835,#8836,#8837,#8838,#8839,#8840,#8841,#8842,#8843,
    #8844,#8845,#8846),.UNSPECIFIED.,.F.,.F.,(4,3,3,3,3,3,4),(0.,
    7.883423163604E-03,1.593414665679E-02,1.94665944801E-02,
    2.749149984311E-02,3.534011992076E-02,3.89410679646E-02),
  .UNSPECIFIED.);
#8828 = CARTESIAN_POINT('',(-1.55760255977,0.994071274078));
#8829 = CARTESIAN_POINT('',(-1.55760255977,1.02034935129));
#8830 = CARTESIAN_POINT('',(-1.555473305734,1.046504341703));
#8831 = CARTESIAN_POINT('',(-1.551350283321,1.072325855683));
#8832 = CARTESIAN_POINT('',(-1.547139763002,1.098695348341));
#8833 = CARTESIAN_POINT('',(-1.540849601649,1.124718332386));
#8834 = CARTESIAN_POINT('',(-1.532571156869,1.15016393976));
#8835 = CARTESIAN_POINT('',(-1.528938790874,1.161328809658));
#8836 = CARTESIAN_POINT('',(-1.524922991119,1.172382318564));
#8837 = CARTESIAN_POINT('',(-1.520528624228,1.18330357468));
#8838 = CARTESIAN_POINT('',(-1.51054563787,1.208114145467));
#8839 = CARTESIAN_POINT('',(-1.498685574102,1.232060982463));
#8840 = CARTESIAN_POINT('',(-1.485054272264,1.254921189371));
#8841 = CARTESIAN_POINT('',(-1.471722412952,1.277279219877));
#8842 = CARTESIAN_POINT('',(-1.456695625132,1.298598929));
#8843 = CARTESIAN_POINT('',(-1.440031096953,1.318647060912));
#8844 = CARTESIAN_POINT('',(-1.432385408978,1.327845146777));
#8845 = CARTESIAN_POINT('',(-1.42439445273,1.336775123006));
#8846 = CARTESIAN_POINT('',(-1.416061253932,1.345411707079));
#8847 = ( GEOMETRIC_REPRESENTATION_CONTEXT(2) 
PARAMETRIC_REPRESENTATION_CONTEXT() REPRESENTATION_CONTEXT('2D SPACE',''
  ) );
#8848 = ORIENTED_EDGE('',*,*,#8849,.F.);
#8849 = EDGE_CURVE('',#8606,#8791,#8850,.T.);
#8850 = SURFACE_CURVE('',#8851,(#8856,#8863),.PCURVE_S1.);
#8851 = B_SPLINE_CURVE_WITH_KNOTS('',3,(#8852,#8853,#8854,#8855),
  .UNSPECIFIED.,.F.,.F.,(4,4),(0.151067142634,0.352543728219),
  .PIECEWISE_BEZIER_KNOTS.);
#8852 = CARTESIAN_POINT('',(6.,1.570101102123,-1.000000033948));
#8853 = CARTESIAN_POINT('',(6.,1.648667227798,-1.666977439303));
#8854 = CARTESIAN_POINT('',(6.,1.729423641802,-2.333698753157));
#8855 = CARTESIAN_POINT('',(6.,1.813531281404,-2.999999966022));
#8856 = PCURVE('',#8646,#8857);
#8857 = DEFINITIONAL_REPRESENTATION('',(#8858),#8862);
#8858 = LINE('',#8859,#8860);
#8859 = CARTESIAN_POINT('',(-2.195346323844E-15,7.49400541622E-16));
#8860 = VECTOR('',#8861,1.);
#8861 = DIRECTION('',(1.848172049059E-14,1.));
#8862 = ( GEOMETRIC_REPRESENTATION_CONTEXT(2) 
PARAMETRIC_REPRESENTATION_CONTEXT() REPRESENTATION_CONTEXT('2D SPACE',''
  ) );
#8863 = PCURVE('',#8864,#8869);
#8864 = PLANE('',#8865);
#8865 = AXIS2_PLACEMENT_3D('',#8866,#8867,#8868);
#8866 = CARTESIAN_POINT('',(6.,-3.337488663526,-1.));
#8867 = DIRECTION('',(1.,0.,0.));
#8868 = DIRECTION('',(-0.,1.,0.));
#8869 = DEFINITIONAL_REPRESENTATION('',(#8870),#8875);
#8870 = B_SPLINE_CURVE_WITH_KNOTS('',3,(#8871,#8872,#8873,#8874),
  .UNSPECIFIED.,.F.,.F.,(4,4),(0.151067142634,0.352543728219),
  .PIECEWISE_BEZIER_KNOTS.);
#8871 = CARTESIAN_POINT('',(4.907589765649,-3.394802994272E-08));
#8872 = CARTESIAN_POINT('',(4.986155891324,-0.666977439303));
#8873 = CARTESIAN_POINT('',(5.066912305328,-1.333698753157));
#8874 = CARTESIAN_POINT('',(5.15101994493,-1.999999966022));
#8875 = ( GEOMETRIC_REPRESENTATION_CONTEXT(2) 
PARAMETRIC_REPRESENTATION_CONTEXT() REPRESENTATION_CONTEXT('2D SPACE',''
  ) );
#8876 = ORIENTED_EDGE('',*,*,#8627,.T.);
#8877 = ADVANCED_FACE('',(#8878),#8864,.F.);
#8878 = FACE_BOUND('',#8879,.T.);
#8879 = EDGE_LOOP('',(#8880,#8906,#8927,#8950,#8971));
#8880 = ORIENTED_EDGE('',*,*,#8881,.F.);
#8881 = EDGE_CURVE('',#8882,#8606,#8884,.T.);
#8882 = VERTEX_POINT('',#8883);
#8883 = CARTESIAN_POINT('',(6.,1.788014575448,-1.));
#8884 = SURFACE_CURVE('',#8885,(#8890,#8898),.PCURVE_S1.);
#8885 = B_SPLINE_CURVE_WITH_KNOTS('',3,(#8886,#8887,#8888,#8889),
  .UNSPECIFIED.,.F.,.F.,(4,4),(-0.512550323897,-0.490758998666),
  .PIECEWISE_BEZIER_KNOTS.);
#8886 = CARTESIAN_POINT('',(6.,1.788014575448,-1.));
#8887 = CARTESIAN_POINT('',(6.,1.715376824678,-1.));
#8888 = CARTESIAN_POINT('',(6.,1.642739073908,-1.));
#8889 = CARTESIAN_POINT('',(6.,1.570101323138,-1.));
#8890 = PCURVE('',#8864,#8891);
#8891 = DEFINITIONAL_REPRESENTATION('',(#8892),#8897);
#8892 = B_SPLINE_CURVE_WITH_KNOTS('',3,(#8893,#8894,#8895,#8896),
  .UNSPECIFIED.,.F.,.F.,(4,4),(-0.512550323897,-0.490758998666),
  .PIECEWISE_BEZIER_KNOTS.);
#8893 = CARTESIAN_POINT('',(5.125503238974,0.));
#8894 = CARTESIAN_POINT('',(5.052865488204,0.));
#8895 = CARTESIAN_POINT('',(4.980227737434,0.));
#8896 = CARTESIAN_POINT('',(4.907589986664,0.));
#8897 = ( GEOMETRIC_REPRESENTATION_CONTEXT(2) 
PARAMETRIC_REPRESENTATION_CONTEXT() REPRESENTATION_CONTEXT('2D SPACE',''
  ) );
#8898 = PCURVE('',#6880,#8899);
#8899 = DEFINITIONAL_REPRESENTATION('',(#8900),#8905);
#8900 = B_SPLINE_CURVE_WITH_KNOTS('',3,(#8901,#8902,#8903,#8904),
  .UNSPECIFIED.,.F.,.F.,(4,4),(-0.512550323897,-0.490758998666),
  .PIECEWISE_BEZIER_KNOTS.);
#8901 = CARTESIAN_POINT('',(-0.231523322362,0.108956626155));
#8902 = CARTESIAN_POINT('',(-0.231523322362,3.631887538505E-02));
#8903 = CARTESIAN_POINT('',(-0.231523322362,-3.631887538504E-02));
#8904 = CARTESIAN_POINT('',(-0.231523322362,-0.108956626155));
#8905 = ( GEOMETRIC_REPRESENTATION_CONTEXT(2) 
PARAMETRIC_REPRESENTATION_CONTEXT() REPRESENTATION_CONTEXT('2D SPACE',''
  ) );
#8906 = ORIENTED_EDGE('',*,*,#8907,.F.);
#8907 = EDGE_CURVE('',#6841,#8882,#8908,.T.);
#8908 = SURFACE_CURVE('',#8909,(#8913,#8920),.PCURVE_S1.);
#8909 = LINE('',#8910,#8911);
#8910 = CARTESIAN_POINT('',(6.,-1.668744331763,-1.));
#8911 = VECTOR('',#8912,1.);
#8912 = DIRECTION('',(0.,-1.,0.));
#8913 = PCURVE('',#8864,#8914);
#8914 = DEFINITIONAL_REPRESENTATION('',(#8915),#8919);
#8915 = LINE('',#8916,#8917);
#8916 = CARTESIAN_POINT('',(1.668744331763,0.));
#8917 = VECTOR('',#8918,1.);
#8918 = DIRECTION('',(-1.,0.));
#8919 = ( GEOMETRIC_REPRESENTATION_CONTEXT(2) 
PARAMETRIC_REPRESENTATION_CONTEXT() REPRESENTATION_CONTEXT('2D SPACE',''
  ) );
#8920 = PCURVE('',#6880,#8921);
#8921 = DEFINITIONAL_REPRESENTATION('',(#8922),#8926);
#8922 = LINE('',#8923,#8924);
#8923 = CARTESIAN_POINT('',(-0.231523322362,-3.347802281056));
#8924 = VECTOR('',#8925,1.);
#8925 = DIRECTION('',(-1.700450159708E-17,-1.));
#8926 = ( GEOMETRIC_REPRESENTATION_CONTEXT(2) 
PARAMETRIC_REPRESENTATION_CONTEXT() REPRESENTATION_CONTEXT('2D SPACE',''
  ) );
#8927 = ORIENTED_EDGE('',*,*,#8928,.F.);
#8928 = EDGE_CURVE('',#8929,#6841,#8931,.T.);
#8929 = VERTEX_POINT('',#8930);
#8930 = CARTESIAN_POINT('',(6.,2.725609838252,-3.));
#8931 = SURFACE_CURVE('',#8932,(#8936,#8943),.PCURVE_S1.);
#8932 = LINE('',#8933,#8934);
#8933 = CARTESIAN_POINT('',(6.,2.725609838252,-2.));
#8934 = VECTOR('',#8935,1.);
#8935 = DIRECTION('',(0.,0.,1.));
#8936 = PCURVE('',#8864,#8937);
#8937 = DEFINITIONAL_REPRESENTATION('',(#8938),#8942);
#8938 = LINE('',#8939,#8940);
#8939 = CARTESIAN_POINT('',(6.063098501778,-1.));
#8940 = VECTOR('',#8941,1.);
#8941 = DIRECTION('',(0.,1.));
#8942 = ( GEOMETRIC_REPRESENTATION_CONTEXT(2) 
PARAMETRIC_REPRESENTATION_CONTEXT() REPRESENTATION_CONTEXT('2D SPACE',''
  ) );
#8943 = PCURVE('',#6799,#8944);
#8944 = DEFINITIONAL_REPRESENTATION('',(#8945),#8949);
#8945 = LINE('',#8946,#8947);
#8946 = CARTESIAN_POINT('',(5.890486225481,0.));
#8947 = VECTOR('',#8948,1.);
#8948 = DIRECTION('',(0.,-1.));
#8949 = ( GEOMETRIC_REPRESENTATION_CONTEXT(2) 
PARAMETRIC_REPRESENTATION_CONTEXT() REPRESENTATION_CONTEXT('2D SPACE',''
  ) );
#8950 = ORIENTED_EDGE('',*,*,#8951,.F.);
#8951 = EDGE_CURVE('',#8791,#8929,#8952,.T.);
#8952 = SURFACE_CURVE('',#8953,(#8957,#8964),.PCURVE_S1.);
#8953 = LINE('',#8954,#8955);
#8954 = CARTESIAN_POINT('',(6.,-0.264943051878,-3.));
#8955 = VECTOR('',#8956,1.);
#8956 = DIRECTION('',(0.,1.,0.));
#8957 = PCURVE('',#8864,#8958);
#8958 = DEFINITIONAL_REPRESENTATION('',(#8959),#8963);
#8959 = LINE('',#8960,#8961);
#8960 = CARTESIAN_POINT('',(3.072545611648,-2.));
#8961 = VECTOR('',#8962,1.);
#8962 = DIRECTION('',(1.,0.));
#8963 = ( GEOMETRIC_REPRESENTATION_CONTEXT(2) 
PARAMETRIC_REPRESENTATION_CONTEXT() REPRESENTATION_CONTEXT('2D SPACE',''
  ) );
#8964 = PCURVE('',#8821,#8965);
#8965 = DEFINITIONAL_REPRESENTATION('',(#8966),#8970);
#8966 = LINE('',#8967,#8968);
#8967 = CARTESIAN_POINT('',(-1.55760255977,3.072545611648));
#8968 = VECTOR('',#8969,1.);
#8969 = DIRECTION('',(0.,-1.));
#8970 = ( GEOMETRIC_REPRESENTATION_CONTEXT(2) 
PARAMETRIC_REPRESENTATION_CONTEXT() REPRESENTATION_CONTEXT('2D SPACE',''
  ) );
#8971 = ORIENTED_EDGE('',*,*,#8849,.F.);
#8972 = ADVANCED_FACE('',(#8973),#8821,.T.);
#8973 = FACE_BOUND('',#8974,.T.);
#8974 = EDGE_LOOP('',(#8975,#8976,#8977,#9005,#9028,#9061,#9090,#9123,
    #9151,#9335));
#8975 = ORIENTED_EDGE('',*,*,#8790,.F.);
#8976 = ORIENTED_EDGE('',*,*,#8951,.T.);
#8977 = ORIENTED_EDGE('',*,*,#8978,.F.);
#8978 = EDGE_CURVE('',#8979,#8929,#8981,.T.);
#8979 = VERTEX_POINT('',#8980);
#8980 = CARTESIAN_POINT('',(6.146446609407,3.079163228846,-3.));
#8981 = SURFACE_CURVE('',#8982,(#8987,#8998),.PCURVE_S1.);
#8982 = CIRCLE('',#8983,0.5);
#8983 = AXIS2_PLACEMENT_3D('',#8984,#8985,#8986);
#8984 = CARTESIAN_POINT('',(6.5,2.725609838252,-3.));
#8985 = DIRECTION('',(0.,0.,1.));
#8986 = DIRECTION('',(-0.923879532511,0.382683432365,0.));
#8987 = PCURVE('',#8821,#8988);
#8988 = DEFINITIONAL_REPRESENTATION('',(#8989),#8997);
#8989 = ( BOUNDED_CURVE() B_SPLINE_CURVE(2,(#8990,#8991,#8992,#8993,
#8994,#8995,#8996),.UNSPECIFIED.,.T.,.F.) B_SPLINE_CURVE_WITH_KNOTS((1,2
    ,2,2,2,1),(-2.094395102393,0.,2.094395102393,4.188790204786,
6.28318530718,8.377580409573),.UNSPECIFIED.) CURVE() 
GEOMETRIC_REPRESENTATION_ITEM() RATIONAL_B_SPLINE_CURVE((1.,0.5,1.,0.5,
1.,0.5,1.)) REPRESENTATION_ITEM('') );
#8990 = CARTESIAN_POINT('',(-1.519542326026,-0.109348994665));
#8991 = CARTESIAN_POINT('',(-1.850955900061,0.690754150527));
#8992 = CARTESIAN_POINT('',(-0.99233946366,0.577715152205));
#8993 = CARTESIAN_POINT('',(-0.133723027259,0.464676153883));
#8994 = CARTESIAN_POINT('',(-0.660925889625,-0.222387992986));
#8995 = CARTESIAN_POINT('',(-1.18812875199,-0.909452139856));
#8996 = CARTESIAN_POINT('',(-1.519542326026,-0.109348994665));
#8997 = ( GEOMETRIC_REPRESENTATION_CONTEXT(2) 
PARAMETRIC_REPRESENTATION_CONTEXT() REPRESENTATION_CONTEXT('2D SPACE',''
  ) );
#8998 = PCURVE('',#6799,#8999);
#8999 = DEFINITIONAL_REPRESENTATION('',(#9000),#9004);
#9000 = LINE('',#9001,#9002);
#9001 = CARTESIAN_POINT('',(12.566370614359,1.));
#9002 = VECTOR('',#9003,1.);
#9003 = DIRECTION('',(-1.,0.));
#9004 = ( GEOMETRIC_REPRESENTATION_CONTEXT(2) 
PARAMETRIC_REPRESENTATION_CONTEXT() REPRESENTATION_CONTEXT('2D SPACE',''
  ) );
#9005 = ORIENTED_EDGE('',*,*,#9006,.F.);
#9006 = EDGE_CURVE('',#9007,#8979,#9009,.T.);
#9007 = VERTEX_POINT('',#9008);
#9008 = CARTESIAN_POINT('',(6.742864431923,3.675581051361,-3.));
#9009 = SURFACE_CURVE('',#9010,(#9014,#9021),.PCURVE_S1.);
#9010 = LINE('',#9011,#9012);
#9011 = CARTESIAN_POINT('',(6.742864431923,3.675581051361,-3.));
#9012 = VECTOR('',#9013,1.);
#9013 = DIRECTION('',(-0.707106781187,-0.707106781187,0.));
#9014 = PCURVE('',#8821,#9015);
#9015 = DEFINITIONAL_REPRESENTATION('',(#9016),#9020);
#9016 = LINE('',#9017,#9018);
#9017 = CARTESIAN_POINT('',(-0.814738127848,-0.867978491591));
#9018 = VECTOR('',#9019,1.);
#9019 = DIRECTION('',(-0.707106781187,0.707106781187));
#9020 = ( GEOMETRIC_REPRESENTATION_CONTEXT(2) 
PARAMETRIC_REPRESENTATION_CONTEXT() REPRESENTATION_CONTEXT('2D SPACE',''
  ) );
#9021 = PCURVE('',#6625,#9022);
#9022 = DEFINITIONAL_REPRESENTATION('',(#9023),#9027);
#9023 = LINE('',#9024,#9025);
#9024 = CARTESIAN_POINT('',(0.,0.));
#9025 = VECTOR('',#9026,1.);
#9026 = DIRECTION('',(1.,0.));
#9027 = ( GEOMETRIC_REPRESENTATION_CONTEXT(2) 
PARAMETRIC_REPRESENTATION_CONTEXT() REPRESENTATION_CONTEXT('2D SPACE',''
  ) );
#9028 = ORIENTED_EDGE('',*,*,#9029,.F.);
#9029 = EDGE_CURVE('',#9030,#9007,#9032,.T.);
#9030 = VERTEX_POINT('',#9031);
#9031 = CARTESIAN_POINT('',(7.673904215637,3.779231831168,-3.));
#9032 = SURFACE_CURVE('',#9033,(#9038,#9049),.PCURVE_S1.);
#9033 = CIRCLE('',#9034,0.75);
#9034 = AXIS2_PLACEMENT_3D('',#9035,#9036,#9037);
#9035 = CARTESIAN_POINT('',(7.273194517813,3.145250965472,-3.));
#9036 = DIRECTION('',(0.,0.,1.));
#9037 = DIRECTION('',(-0.402220844067,0.915542676557,0.));
#9038 = PCURVE('',#8821,#9039);
#9039 = DEFINITIONAL_REPRESENTATION('',(#9040),#9048);
#9040 = ( BOUNDED_CURVE() B_SPLINE_CURVE(2,(#9041,#9042,#9043,#9044,
#9045,#9046,#9047),.UNSPECIFIED.,.T.,.F.) B_SPLINE_CURVE_WITH_KNOTS((1,2
    ,2,2,2,1),(-2.094395102393,0.,2.094395102393,4.188790204786,
6.28318530718,8.377580409573),.UNSPECIFIED.) CURVE() 
GEOMETRIC_REPRESENTATION_ITEM() RATIONAL_B_SPLINE_CURVE((1.,0.5,1.,0.5,
1.,0.5,1.)) REPRESENTATION_ITEM('') );
#9041 = CARTESIAN_POINT('',(-0.586073675008,-1.024305413119));
#9042 = CARTESIAN_POINT('',(-1.775398499229,-0.501805209779));
#9043 = CARTESIAN_POINT('',(-0.728237637543,0.266930199678));
#9044 = CARTESIAN_POINT('',(0.318923224143,1.035665609135));
#9045 = CARTESIAN_POINT('',(0.461087186678,-0.255570003663));
#9046 = CARTESIAN_POINT('',(0.603251149213,-1.54680561646));
#9047 = CARTESIAN_POINT('',(-0.586073675008,-1.024305413119));
#9048 = ( GEOMETRIC_REPRESENTATION_CONTEXT(2) 
PARAMETRIC_REPRESENTATION_CONTEXT() REPRESENTATION_CONTEXT('2D SPACE',''
  ) );
#9049 = PCURVE('',#9050,#9055);
#9050 = CYLINDRICAL_SURFACE('',#9051,0.75);
#9051 = AXIS2_PLACEMENT_3D('',#9052,#9053,#9054);
#9052 = CARTESIAN_POINT('',(7.273194517813,3.145250965472,-3.));
#9053 = DIRECTION('',(0.,0.,1.));
#9054 = DIRECTION('',(-0.402220844067,0.915542676557,0.));
#9055 = DEFINITIONAL_REPRESENTATION('',(#9056),#9060);
#9056 = LINE('',#9057,#9058);
#9057 = CARTESIAN_POINT('',(0.,0.));
#9058 = VECTOR('',#9059,1.);
#9059 = DIRECTION('',(1.,0.));
#9060 = ( GEOMETRIC_REPRESENTATION_CONTEXT(2) 
PARAMETRIC_REPRESENTATION_CONTEXT() REPRESENTATION_CONTEXT('2D SPACE',''
  ) );
#9061 = ORIENTED_EDGE('',*,*,#9062,.T.);
#9062 = EDGE_CURVE('',#9030,#9063,#9065,.T.);
#9063 = VERTEX_POINT('',#9064);
#9064 = CARTESIAN_POINT('',(8.529231831168,2.923904215637,-3.));
#9065 = SURFACE_CURVE('',#9066,(#9071,#9078),.PCURVE_S1.);
#9066 = CIRCLE('',#9067,2.75);
#9067 = AXIS2_PLACEMENT_3D('',#9068,#9069,#9070);
#9068 = CARTESIAN_POINT('',(6.204635323614,1.454635323614,-3.));
#9069 = DIRECTION('',(0.,0.,-1.));
#9070 = DIRECTION('',(1.,0.,0.));
#9071 = PCURVE('',#8821,#9072);
#9072 = DEFINITIONAL_REPRESENTATION('',(#9073),#9077);
#9073 = CIRCLE('',#9074,2.75);
#9074 = AXIS2_PLACEMENT_2D('',#9075,#9076);
#9075 = CARTESIAN_POINT('',(-1.352967236156,1.352967236156));
#9076 = DIRECTION('',(1.,0.));
#9077 = ( GEOMETRIC_REPRESENTATION_CONTEXT(2) 
PARAMETRIC_REPRESENTATION_CONTEXT() REPRESENTATION_CONTEXT('2D SPACE',''
  ) );
#9078 = PCURVE('',#9079,#9084);
#9079 = CYLINDRICAL_SURFACE('',#9080,2.75);
#9080 = AXIS2_PLACEMENT_3D('',#9081,#9082,#9083);
#9081 = CARTESIAN_POINT('',(6.204635323614,1.454635323614,-3.));
#9082 = DIRECTION('',(0.,0.,1.));
#9083 = DIRECTION('',(1.,0.,-0.));
#9084 = DEFINITIONAL_REPRESENTATION('',(#9085),#9089);
#9085 = LINE('',#9086,#9087);
#9086 = CARTESIAN_POINT('',(6.28318530718,0.));
#9087 = VECTOR('',#9088,1.);
#9088 = DIRECTION('',(-1.,0.));
#9089 = ( GEOMETRIC_REPRESENTATION_CONTEXT(2) 
PARAMETRIC_REPRESENTATION_CONTEXT() REPRESENTATION_CONTEXT('2D SPACE',''
  ) );
#9090 = ORIENTED_EDGE('',*,*,#9091,.F.);
#9091 = EDGE_CURVE('',#9092,#9063,#9094,.T.);
#9092 = VERTEX_POINT('',#9093);
#9093 = CARTESIAN_POINT('',(8.425581051362,1.992864431923,-3.));
#9094 = SURFACE_CURVE('',#9095,(#9100,#9111),.PCURVE_S1.);
#9095 = CIRCLE('',#9096,0.75);
#9096 = AXIS2_PLACEMENT_3D('',#9097,#9098,#9099);
#9097 = CARTESIAN_POINT('',(7.895250965472,2.523194517812,-3.));
#9098 = DIRECTION('',(0.,0.,1.));
#9099 = DIRECTION('',(0.915542676557,-0.402220844067,0.));
#9100 = PCURVE('',#8821,#9101);
#9101 = DEFINITIONAL_REPRESENTATION('',(#9102),#9110);
#9102 = ( BOUNDED_CURVE() B_SPLINE_CURVE(2,(#9103,#9104,#9105,#9106,
#9107,#9108,#9109),.UNSPECIFIED.,.T.,.F.) B_SPLINE_CURVE_WITH_KNOTS((1,2
    ,2,2,2,1),(-2.094395102393,0.,2.094395102393,4.188790204786,
6.28318530718,8.377580409573),.UNSPECIFIED.) CURVE() 
GEOMETRIC_REPRESENTATION_ITEM() RATIONAL_B_SPLINE_CURVE((1.,0.5,1.,0.5,
1.,0.5,1.)) REPRESENTATION_ITEM('') );
#9103 = CARTESIAN_POINT('',(1.024305413119,0.586073675008));
#9104 = CARTESIAN_POINT('',(1.54680561646,-0.603251149213));
#9105 = CARTESIAN_POINT('',(0.255570003663,-0.461087186678));
#9106 = CARTESIAN_POINT('',(-1.035665609135,-0.318923224143));
#9107 = CARTESIAN_POINT('',(-0.266930199678,0.728237637543));
#9108 = CARTESIAN_POINT('',(0.501805209779,1.775398499229));
#9109 = CARTESIAN_POINT('',(1.024305413119,0.586073675008));
#9110 = ( GEOMETRIC_REPRESENTATION_CONTEXT(2) 
PARAMETRIC_REPRESENTATION_CONTEXT() REPRESENTATION_CONTEXT('2D SPACE',''
  ) );
#9111 = PCURVE('',#9112,#9117);
#9112 = CYLINDRICAL_SURFACE('',#9113,0.75);
#9113 = AXIS2_PLACEMENT_3D('',#9114,#9115,#9116);
#9114 = CARTESIAN_POINT('',(7.895250965472,2.523194517812,-3.));
#9115 = DIRECTION('',(0.,0.,1.));
#9116 = DIRECTION('',(0.915542676557,-0.402220844067,0.));
#9117 = DEFINITIONAL_REPRESENTATION('',(#9118),#9122);
#9118 = LINE('',#9119,#9120);
#9119 = CARTESIAN_POINT('',(-6.28318530718,0.));
#9120 = VECTOR('',#9121,1.);
#9121 = DIRECTION('',(1.,0.));
#9122 = ( GEOMETRIC_REPRESENTATION_CONTEXT(2) 
PARAMETRIC_REPRESENTATION_CONTEXT() REPRESENTATION_CONTEXT('2D SPACE',''
  ) );
#9123 = ORIENTED_EDGE('',*,*,#9124,.T.);
#9124 = EDGE_CURVE('',#9092,#9125,#9127,.T.);
#9125 = VERTEX_POINT('',#9126);
#9126 = CARTESIAN_POINT('',(7.734872425454,1.302155806015,
    -2.999999999997));
#9127 = SURFACE_CURVE('',#9128,(#9132,#9139),.PCURVE_S1.);
#9128 = LINE('',#9129,#9130);
#9129 = CARTESIAN_POINT('',(8.425581051362,1.992864431923,-3.));
#9130 = VECTOR('',#9131,1.);
#9131 = DIRECTION('',(-0.707106781187,-0.707106781187,0.));
#9132 = PCURVE('',#8821,#9133);
#9133 = DEFINITIONAL_REPRESENTATION('',(#9134),#9138);
#9134 = LINE('',#9135,#9136);
#9135 = CARTESIAN_POINT('',(0.867978491591,0.814738127848));
#9136 = VECTOR('',#9137,1.);
#9137 = DIRECTION('',(-0.707106781187,0.707106781187));
#9138 = ( GEOMETRIC_REPRESENTATION_CONTEXT(2) 
PARAMETRIC_REPRESENTATION_CONTEXT() REPRESENTATION_CONTEXT('2D SPACE',''
  ) );
#9139 = PCURVE('',#9140,#9145);
#9140 = PLANE('',#9141);
#9141 = AXIS2_PLACEMENT_3D('',#9142,#9143,#9144);
#9142 = CARTESIAN_POINT('',(7.206333839344,0.773617219905,-3.));
#9143 = DIRECTION('',(0.707106781187,-0.707106781187,0.));
#9144 = DIRECTION('',(0.707106781187,0.707106781187,0.));
#9145 = DEFINITIONAL_REPRESENTATION('',(#9146),#9150);
#9146 = LINE('',#9147,#9148);
#9147 = CARTESIAN_POINT('',(1.724275943121,0.));
#9148 = VECTOR('',#9149,1.);
#9149 = DIRECTION('',(-1.,0.));
#9150 = ( GEOMETRIC_REPRESENTATION_CONTEXT(2) 
PARAMETRIC_REPRESENTATION_CONTEXT() REPRESENTATION_CONTEXT('2D SPACE',''
  ) );
#9151 = ORIENTED_EDGE('',*,*,#9152,.F.);
#9152 = EDGE_CURVE('',#9153,#9125,#9155,.T.);
#9153 = VERTEX_POINT('',#9154);
#9154 = CARTESIAN_POINT('',(6.396453866323,1.228813527575,-2.9999999999)
  );
#9155 = SURFACE_CURVE('',#9156,(#9197,#9241),.PCURVE_S1.);
#9156 = B_SPLINE_CURVE_WITH_KNOTS('',3,(#9157,#9158,#9159,#9160,#9161,
    #9162,#9163,#9164,#9165,#9166,#9167,#9168,#9169,#9170,#9171,#9172,
    #9173,#9174,#9175,#9176,#9177,#9178,#9179,#9180,#9181,#9182,#9183,
    #9184,#9185,#9186,#9187,#9188,#9189,#9190,#9191,#9192,#9193,#9194,
    #9195,#9196),.UNSPECIFIED.,.F.,.F.,(4,3,3,3,3,3,3,3,3,3,3,3,3,4),(0.
    ,1.317720838076E-02,2.657223110425E-02,3.893517776095E-02,
    5.233128929972E-02,6.304953323734E-02,7.646529276617E-02,
    7.797375604849E-02,9.12826017042E-02,0.10475517714,0.112588097002,
    0.126076728701,0.139282104636,0.147220308473),.UNSPECIFIED.);
#9157 = CARTESIAN_POINT('',(6.396453836825,1.228813541651,
    -3.000000000268));
#9158 = CARTESIAN_POINT('',(6.43062597007,1.201216921917,-3.00000001342)
  );
#9159 = CARTESIAN_POINT('',(6.466575686298,1.176027070648,
    -2.999992475492));
#9160 = CARTESIAN_POINT('',(6.50399143607,1.153306615489,-2.999985289571
    ));
#9161 = CARTESIAN_POINT('',(6.542025654238,1.130210599674,-2.99997798487
    ));
#9162 = CARTESIAN_POINT('',(6.581575803225,1.109665742389,
    -2.999971013913));
#9163 = CARTESIAN_POINT('',(6.622347311675,1.091780090431,
    -2.999968014431));
#9164 = CARTESIAN_POINT('',(6.659977407158,1.075272514024,
    -2.999965246056));
#9165 = CARTESIAN_POINT('',(6.698648930127,1.061030307423,
    -2.999965787045));
#9166 = CARTESIAN_POINT('',(6.738142678472,1.049175697573,
    -2.999969406411));
#9167 = CARTESIAN_POINT('',(6.780936898377,1.036330404277,
    -2.999973328245));
#9168 = CARTESIAN_POINT('',(6.82441481852,1.026372455541,-2.999980724621
    ));
#9169 = CARTESIAN_POINT('',(6.868279634955,1.019393559089,
    -2.999987430568));
#9170 = CARTESIAN_POINT('',(6.903375924015,1.013809736173,
    -2.999992796004));
#9171 = CARTESIAN_POINT('',(6.938720697171,1.0101337439,-2.999997622201)
  );
#9172 = CARTESIAN_POINT('',(6.974168589638,1.008435590703,
    -2.999997928376));
#9173 = CARTESIAN_POINT('',(7.018537835561,1.006310054555,
    -2.999998311608));
#9174 = CARTESIAN_POINT('',(7.0630694711,1.007281704901,-2.999991653285)
  );
#9175 = CARTESIAN_POINT('',(7.10749146911,1.011248249445,-2.999984241454
    ));
#9176 = CARTESIAN_POINT('',(7.112486262941,1.011694246319,
    -2.999983408071));
#9177 = CARTESIAN_POINT('',(7.117479660431,1.012178159746,
    -2.999982562495));
#9178 = CARTESIAN_POINT('',(7.122471265278,1.012699884067,
    -2.999981711789));
#9179 = CARTESIAN_POINT('',(7.166511116476,1.017302945038,
    -2.999974206201));
#9180 = CARTESIAN_POINT('',(7.210146044239,1.024817121319,
    -2.999966394447));
#9181 = CARTESIAN_POINT('',(7.253114265476,1.03509372853,-2.999961350683
    ));
#9182 = CARTESIAN_POINT('',(7.296611095851,1.045496761931,-2.99995624487
    ));
#9183 = CARTESIAN_POINT('',(7.339425825038,1.058730916476,
    -2.999953887604));
#9184 = CARTESIAN_POINT('',(7.38127908141,1.074694034985,-2.999954714002
    ));
#9185 = CARTESIAN_POINT('',(7.405612454392,1.083974950027,
    -2.999955194469));
#9186 = CARTESIAN_POINT('',(7.429620596759,1.094179261174,
    -2.999956706739));
#9187 = CARTESIAN_POINT('',(7.453245115108,1.105294221019,
    -2.999959097582));
#9188 = CARTESIAN_POINT('',(7.493927572312,1.124434669578,
    -2.999963214718));
#9189 = CARTESIAN_POINT('',(7.533243973676,1.146164998078,
    -2.999969838254));
#9190 = CARTESIAN_POINT('',(7.570921566629,1.170368522862,
    -2.999976911456));
#9191 = CARTESIAN_POINT('',(7.607807945499,1.194063783498,
    -2.999983836123));
#9192 = CARTESIAN_POINT('',(7.643124568976,1.220129994542,
    -2.999991099516));
#9193 = CARTESIAN_POINT('',(7.676591649306,1.24850035695,-2.999995601521
    ));
#9194 = CARTESIAN_POINT('',(7.696709857739,1.265554753647,
    -2.999998307831));
#9195 = CARTESIAN_POINT('',(7.716159188124,1.283442568685,-3.));
#9196 = CARTESIAN_POINT('',(7.734872425454,1.302155806015,-3.));
#9197 = PCURVE('',#8821,#9198);
#9198 = DEFINITIONAL_REPRESENTATION('',(#9199),#9240);
#9199 = B_SPLINE_CURVE_WITH_KNOTS('',3,(#9200,#9201,#9202,#9203,#9204,
    #9205,#9206,#9207,#9208,#9209,#9210,#9211,#9212,#9213,#9214,#9215,
    #9216,#9217,#9218,#9219,#9220,#9221,#9222,#9223,#9224,#9225,#9226,
    #9227,#9228,#9229,#9230,#9231,#9232,#9233,#9234,#9235,#9236,#9237,
    #9238,#9239),.UNSPECIFIED.,.F.,.F.,(4,3,3,3,3,3,3,3,3,3,3,3,3,4),(0.
    ,1.317720838076E-02,2.657223110425E-02,3.893517776095E-02,
    5.233128929972E-02,6.304953323734E-02,7.646529276617E-02,
    7.797375604849E-02,9.12826017042E-02,0.10475517714,0.112588097002,
    0.126076728701,0.139282104636,0.147220308473),.UNSPECIFIED.);
#9200 = CARTESIAN_POINT('',(-1.161148722945,1.57878901812));
#9201 = CARTESIAN_POINT('',(-1.1269765897,1.606385637853));
#9202 = CARTESIAN_POINT('',(-1.091026873472,1.631575489122));
#9203 = CARTESIAN_POINT('',(-1.0536111237,1.654295944282));
#9204 = CARTESIAN_POINT('',(-1.015576905532,1.677391960096));
#9205 = CARTESIAN_POINT('',(-0.976026756545,1.697936817382));
#9206 = CARTESIAN_POINT('',(-0.935255248095,1.715822469339));
#9207 = CARTESIAN_POINT('',(-0.897625152613,1.732330045746));
#9208 = CARTESIAN_POINT('',(-0.858953629643,1.746572252347));
#9209 = CARTESIAN_POINT('',(-0.819459881299,1.758426862197));
#9210 = CARTESIAN_POINT('',(-0.776665661393,1.771272155493));
#9211 = CARTESIAN_POINT('',(-0.733187741251,1.78123010423));
#9212 = CARTESIAN_POINT('',(-0.689322924815,1.788209000682));
#9213 = CARTESIAN_POINT('',(-0.654226635755,1.793792823597));
#9214 = CARTESIAN_POINT('',(-0.618881862599,1.79746881587));
#9215 = CARTESIAN_POINT('',(-0.583433970133,1.799166969067));
#9216 = CARTESIAN_POINT('',(-0.539064724209,1.801292505215));
#9217 = CARTESIAN_POINT('',(-0.49453308867,1.800320854869));
#9218 = CARTESIAN_POINT('',(-0.45011109066,1.796354310325));
#9219 = CARTESIAN_POINT('',(-0.445116296829,1.795908313452));
#9220 = CARTESIAN_POINT('',(-0.440122899339,1.795424400024));
#9221 = CARTESIAN_POINT('',(-0.435131294492,1.794902675703));
#9222 = CARTESIAN_POINT('',(-0.391091443294,1.790299614732));
#9223 = CARTESIAN_POINT('',(-0.347456515531,1.782785438452));
#9224 = CARTESIAN_POINT('',(-0.304488294294,1.77250883124));
#9225 = CARTESIAN_POINT('',(-0.260991463919,1.762105797839));
#9226 = CARTESIAN_POINT('',(-0.218176734732,1.748871643294));
#9227 = CARTESIAN_POINT('',(-0.176323478361,1.732908524785));
#9228 = CARTESIAN_POINT('',(-0.151990105378,1.723627609743));
#9229 = CARTESIAN_POINT('',(-0.127981963012,1.713423298596));
#9230 = CARTESIAN_POINT('',(-0.104357444662,1.702308338752));
#9231 = CARTESIAN_POINT('',(-6.36749874578E-02,1.683167890192));
#9232 = CARTESIAN_POINT('',(-2.43585860939E-02,1.661437561692));
#9233 = CARTESIAN_POINT('',(1.3319006859E-02,1.637234036908));
#9234 = CARTESIAN_POINT('',(5.02053857285E-02,1.613538776272));
#9235 = CARTESIAN_POINT('',(8.55220092057E-02,1.587472565228));
#9236 = CARTESIAN_POINT('',(0.118989089536,1.55910220282));
#9237 = CARTESIAN_POINT('',(0.139107297969,1.542047806123));
#9238 = CARTESIAN_POINT('',(0.158556628354,1.524159991085));
#9239 = CARTESIAN_POINT('',(0.177269865684,1.505446753755));
#9240 = ( GEOMETRIC_REPRESENTATION_CONTEXT(2) 
PARAMETRIC_REPRESENTATION_CONTEXT() REPRESENTATION_CONTEXT('2D SPACE',''
  ) );
#9241 = PCURVE('',#9242,#9263);
#9242 = B_SPLINE_SURFACE_WITH_KNOTS('',3,3,(
    (#9243,#9244,#9245,#9246)
    ,(#9247,#9248,#9249,#9250)
    ,(#9251,#9252,#9253,#9254)
    ,(#9255,#9256,#9257,#9258)
    ,(#9259,#9260,#9261,#9262
  )),.UNSPECIFIED.,.F.,.F.,.F.,(4,1,4),(4,4),(0.,0.571428571429,1.),(
    9.163728418106E-02,0.398724787646),.UNSPECIFIED.);
#9243 = CARTESIAN_POINT('',(7.734872425454,1.302155806015,-3.));
#9244 = CARTESIAN_POINT('',(7.671431251127,1.238714631688,
    -1.980314460703));
#9245 = CARTESIAN_POINT('',(7.608043063385,1.175326443946,
    -0.960622328924));
#9246 = CARTESIAN_POINT('',(7.544689385234,1.111972765795,
    5.907409019194E-02));
#9247 = CARTESIAN_POINT('',(7.538356788426,1.105640168987,
    -3.024452995176));
#9248 = CARTESIAN_POINT('',(7.474213536113,1.041448329049,
    -2.004843831469));
#9249 = CARTESIAN_POINT('',(7.41019431823,0.977515379927,-0.985213913789
    ));
#9250 = CARTESIAN_POINT('',(7.346310593734,0.913593974295,
    3.442356504926E-02));
#9251 = CARTESIAN_POINT('',(7.044065492092,0.917565061218,
    -3.066907383641));
#9252 = CARTESIAN_POINT('',(6.977534763688,0.853393152657,
    -2.047421347241));
#9253 = CARTESIAN_POINT('',(6.911512619983,0.789356391483,
    -1.027903262281));
#9254 = CARTESIAN_POINT('',(6.84581707061,0.725462737731,
    -8.360650501774E-03));
#9255 = CARTESIAN_POINT('',(6.564961831355,1.102436617027,
    -3.085213449131));
#9256 = CARTESIAN_POINT('',(6.497262801671,1.040994289124,
    -2.065619768201));
#9257 = CARTESIAN_POINT('',(6.430290434199,0.979340132802,
    -1.046004675392));
#9258 = CARTESIAN_POINT('',(6.363736825837,0.91753465701,
    -2.637885059545E-02));
#9259 = CARTESIAN_POINT('',(6.402228600099,1.233951499393,
    -3.087155742748));
#9260 = CARTESIAN_POINT('',(6.334646641245,1.173851195788,-2.06747020345
    ));
#9261 = CARTESIAN_POINT('',(6.267756524249,1.113340630703,
    -1.047778071671));
#9262 = CARTESIAN_POINT('',(6.201310810907,1.052553564539,
    -2.808165255572E-02));
#9263 = DEFINITIONAL_REPRESENTATION('',(#9264),#9334);
#9264 = B_SPLINE_CURVE_WITH_KNOTS('',3,(#9265,#9266,#9267,#9268,#9269,
    #9270,#9271,#9272,#9273,#9274,#9275,#9276,#9277,#9278,#9279,#9280,
    #9281,#9282,#9283,#9284,#9285,#9286,#9287,#9288,#9289,#9290,#9291,
    #9292,#9293,#9294,#9295,#9296,#9297,#9298,#9299,#9300,#9301,#9302,
    #9303,#9304,#9305,#9306,#9307,#9308,#9309,#9310,#9311,#9312,#9313,
    #9314,#9315,#9316,#9317,#9318,#9319,#9320,#9321,#9322,#9323,#9324,
    #9325,#9326,#9327,#9328,#9329,#9330,#9331,#9332,#9333),
  .UNSPECIFIED.,.F.,.F.,(4,1,1,1,1,1,1,1,1,1,1,1,1,1,1,1,1,1,1,1,1,1,1,1
    ,1,1,1,1,1,1,1,1,1,1,1,1,1,1,1,1,1,1,1,1,1,1,1,1,1,1,1,1,1,1,1,1,1,1
    ,1,1,1,1,1,1,1,1,4),(0.,2.230610734436E-03,4.461221468873E-03,
    6.691832203309E-03,8.922442937745E-03,1.115305367218E-02,
    1.338366440662E-02,1.561427514105E-02,1.784488587549E-02,
    2.007549660993E-02,2.230610734436E-02,2.45367180788E-02,
    2.676732881324E-02,2.899793954767E-02,3.122855028211E-02,
    3.345916101655E-02,3.568977175098E-02,3.792038248542E-02,
    4.015099321985E-02,4.238160395429E-02,4.461221468873E-02,
    4.684282542316E-02,4.90734361576E-02,5.130404689204E-02,
    5.353465762647E-02,5.576526836091E-02,5.799587909535E-02,
    6.022648982978E-02,6.245710056422E-02,6.468771129865E-02,
    6.691832203309E-02,6.914893276753E-02,7.137954350196E-02,
    7.36101542364E-02,7.584076497084E-02,7.807137570527E-02,
    8.030198643971E-02,8.253259717415E-02,8.476320790858E-02,
    8.699381864302E-02,8.922442937745E-02,9.145504011189E-02,
    9.368565084633E-02,9.591626158076E-02,9.81468723152E-02,
    0.10037748305,0.102608093784,0.104838704519,0.107069315253,
    0.109299925987,0.111530536722,0.113761147456,0.115991758191,
    0.118222368925,0.12045297966,0.122683590394,0.124914201128,
    0.127144811863,0.129375422597,0.131606033332,0.133836644066,
    0.136067254801,0.138297865535,0.140528476269,0.142759087004,
    0.144989697738,0.147220308473),.QUASI_UNIFORM_KNOTS.);
#9265 = CARTESIAN_POINT('',(1.,0.100386528736));
#9266 = CARTESIAN_POINT('',(0.99492562361,0.100379630577));
#9267 = CARTESIAN_POINT('',(0.984782609516,0.100364391267));
#9268 = CARTESIAN_POINT('',(0.969583379762,0.100337225307));
#9269 = CARTESIAN_POINT('',(0.954397506703,0.100305774331));
#9270 = CARTESIAN_POINT('',(0.939223090728,0.100270060319));
#9271 = CARTESIAN_POINT('',(0.924058257675,0.10023010525));
#9272 = CARTESIAN_POINT('',(0.908901217424,0.100185931103));
#9273 = CARTESIAN_POINT('',(0.893750095122,0.100137559855));
#9274 = CARTESIAN_POINT('',(0.878602965999,0.100085013487));
#9275 = CARTESIAN_POINT('',(0.863457965611,0.100028313979));
#9276 = CARTESIAN_POINT('',(0.848313205188,9.996748331032E-02));
#9277 = CARTESIAN_POINT('',(0.833166796767,9.99025434619E-02));
#9278 = CARTESIAN_POINT('',(0.818016888634,9.983351640478E-02));
#9279 = CARTESIAN_POINT('',(0.802861545599,9.976042414293E-02));
#9280 = CARTESIAN_POINT('',(0.787698917217,9.968328856202E-02));
#9281 = CARTESIAN_POINT('',(0.77252722542,9.960213199677E-02));
#9282 = CARTESIAN_POINT('',(0.757344404336,9.951697510125E-02));
#9283 = CARTESIAN_POINT('',(0.742149232889,9.942784479985E-02));
#9284 = CARTESIAN_POINT('',(0.726937214335,9.933474461416E-02));
#9285 = CARTESIAN_POINT('',(0.711745678015,9.923795311058E-02));
#9286 = CARTESIAN_POINT('',(0.696567711778,9.913748851409E-02));
#9287 = CARTESIAN_POINT('',(0.681402739191,9.903340513907E-02));
#9288 = CARTESIAN_POINT('',(0.666248524651,9.892574762965E-02));
#9289 = CARTESIAN_POINT('',(0.651103316592,9.881456322113E-02));
#9290 = CARTESIAN_POINT('',(0.635965319378,9.869989845442E-02));
#9291 = CARTESIAN_POINT('',(0.620832587707,9.858180005652E-02));
#9292 = CARTESIAN_POINT('',(0.605703251982,9.846031470513E-02));
#9293 = CARTESIAN_POINT('',(0.590575429187,9.833548908936E-02));
#9294 = CARTESIAN_POINT('',(0.575447249945,9.820736990222E-02));
#9295 = CARTESIAN_POINT('',(0.560316832233,9.807600380913E-02));
#9296 = CARTESIAN_POINT('',(0.545182279097,9.794143758025E-02));
#9297 = CARTESIAN_POINT('',(0.530041759511,9.780371759543E-02));
#9298 = CARTESIAN_POINT('',(0.514893517717,9.766289169319E-02));
#9299 = CARTESIAN_POINT('',(0.499735242698,9.751900226822E-02));
#9300 = CARTESIAN_POINT('',(0.484566619223,9.737211203026E-02));
#9301 = CARTESIAN_POINT('',(0.469379812114,9.722220787016E-02));
#9302 = CARTESIAN_POINT('',(0.45419530063,9.70695614165E-02));
#9303 = CARTESIAN_POINT('',(0.439027763438,9.69144034265E-02));
#9304 = CARTESIAN_POINT('',(0.423870840001,9.67567521995E-02));
#9305 = CARTESIAN_POINT('',(0.408723834255,9.659668296252E-02));
#9306 = CARTESIAN_POINT('',(0.393584561143,9.643425568864E-02));
#9307 = CARTESIAN_POINT('',(0.378451315166,9.626953443801E-02));
#9308 = CARTESIAN_POINT('',(0.363322201338,9.610258217628E-02));
#9309 = CARTESIAN_POINT('',(0.348195319822,9.593346216151E-02));
#9310 = CARTESIAN_POINT('',(0.333068821346,9.576223757697E-02));
#9311 = CARTESIAN_POINT('',(0.31794082722,9.558897161126E-02));
#9312 = CARTESIAN_POINT('',(0.302809464051,9.5413727506E-02));
#9313 = CARTESIAN_POINT('',(0.287672853696,9.5236568286E-02));
#9314 = CARTESIAN_POINT('',(0.272529166785,9.505755779219E-02));
#9315 = CARTESIAN_POINT('',(0.257376364571,9.48767568179E-02));
#9316 = CARTESIAN_POINT('',(0.242213303037,9.469423752729E-02));
#9317 = CARTESIAN_POINT('',(0.227035417137,9.451002965008E-02));
#9318 = CARTESIAN_POINT('',(0.211874273188,9.432460980914E-02));
#9319 = CARTESIAN_POINT('',(0.196724118418,9.413800273431E-02));
#9320 = CARTESIAN_POINT('',(0.181584095367,9.395029187627E-02));
#9321 = CARTESIAN_POINT('',(0.16645206245,9.376154495223E-02));
#9322 = CARTESIAN_POINT('',(0.151326250601,9.357183389597E-02));
#9323 = CARTESIAN_POINT('',(0.136204864967,9.338122951299E-02));
#9324 = CARTESIAN_POINT('',(0.12108597634,9.318980290976E-02));
#9325 = CARTESIAN_POINT('',(0.105967753385,9.299762510952E-02));
#9326 = CARTESIAN_POINT('',(9.084833670669E-02,9.280476715853E-02));
#9327 = CARTESIAN_POINT('',(7.57258582126E-02,9.261130009791E-02));
#9328 = CARTESIAN_POINT('',(6.059844884684E-02,9.241729497108E-02));
#9329 = CARTESIAN_POINT('',(4.546424892782E-02,9.22228228222E-02));
#9330 = CARTESIAN_POINT('',(3.032139708513E-02,9.20279546922E-02));
#9331 = CARTESIAN_POINT('',(1.516806425263E-02,9.183276162278E-02));
#9332 = CARTESIAN_POINT('',(5.057602037599E-03,9.170246364542E-02));
#9333 = CARTESIAN_POINT('',(0.,9.163728418106E-02));
#9334 = ( GEOMETRIC_REPRESENTATION_CONTEXT(2) 
PARAMETRIC_REPRESENTATION_CONTEXT() REPRESENTATION_CONTEXT('2D SPACE',''
  ) );
#9335 = ORIENTED_EDGE('',*,*,#9336,.T.);
#9336 = EDGE_CURVE('',#9153,#8768,#9337,.T.);
#9337 = SURFACE_CURVE('',#9338,(#9343,#9350),.PCURVE_S1.);
#9338 = CIRCLE('',#9339,2.789718885006);
#9339 = AXIS2_PLACEMENT_3D('',#9340,#9341,#9342);
#9340 = CARTESIAN_POINT('',(8.149178971877,3.399178971877,-3.));
#9341 = DIRECTION('',(0.,0.,-1.));
#9342 = DIRECTION('',(1.,0.,0.));
#9343 = PCURVE('',#8821,#9344);
#9344 = DEFINITIONAL_REPRESENTATION('',(#9345),#9349);
#9345 = CIRCLE('',#9346,2.789718885006);
#9346 = AXIS2_PLACEMENT_2D('',#9347,#9348);
#9347 = CARTESIAN_POINT('',(0.591576412107,-0.591576412107));
#9348 = DIRECTION('',(1.,0.));
#9349 = ( GEOMETRIC_REPRESENTATION_CONTEXT(2) 
PARAMETRIC_REPRESENTATION_CONTEXT() REPRESENTATION_CONTEXT('2D SPACE',''
  ) );
#9350 = PCURVE('',#7912,#9351);
#9351 = DEFINITIONAL_REPRESENTATION('',(#9352),#9356);
#9352 = LINE('',#9353,#9354);
#9353 = CARTESIAN_POINT('',(6.28318530718,3.855764100601E-17));
#9354 = VECTOR('',#9355,1.);
#9355 = DIRECTION('',(-1.,0.));
#9356 = ( GEOMETRIC_REPRESENTATION_CONTEXT(2) 
PARAMETRIC_REPRESENTATION_CONTEXT() REPRESENTATION_CONTEXT('2D SPACE',''
  ) );
#9357 = ADVANCED_FACE('',(#9358),#9242,.F.);
#9358 = FACE_BOUND('',#9359,.F.);
#9359 = EDGE_LOOP('',(#9360,#9384,#9429,#9454,#9477,#9500,#9501,#9524,
    #9600));
#9360 = ORIENTED_EDGE('',*,*,#9361,.F.);
#9361 = EDGE_CURVE('',#9362,#9364,#9366,.T.);
#9362 = VERTEX_POINT('',#9363);
#9363 = CARTESIAN_POINT('',(6.684235437722,0.925569006128,
    -1.251111318166));
#9364 = VERTEX_POINT('',#9365);
#9365 = CARTESIAN_POINT('',(6.578803712466,0.932949441366,
    -0.966221969504));
#9366 = SURFACE_CURVE('',#9367,(#9372,#9378),.PCURVE_S1.);
#9367 = B_SPLINE_CURVE_WITH_KNOTS('',3,(#9368,#9369,#9370,#9371),
  .UNSPECIFIED.,.F.,.F.,(4,4),(-3.034839427932E-02,0.),
  .PIECEWISE_BEZIER_KNOTS.);
#9368 = CARTESIAN_POINT('',(6.684672284661,0.925512442988,
    -1.251087641316));
#9369 = CARTESIAN_POINT('',(6.650125416434,0.926449355988,
    -1.156007588272));
#9370 = CARTESIAN_POINT('',(6.614888329203,0.928878903538,
    -1.060781401003));
#9371 = CARTESIAN_POINT('',(6.579250705576,0.933040033038,
    -0.966188527013));
#9372 = PCURVE('',#9242,#9373);
#9373 = DEFINITIONAL_REPRESENTATION('',(#9374),#9377);
#9374 = B_SPLINE_CURVE_WITH_KNOTS('',1,(#9375,#9376),.UNSPECIFIED.,.F.,
  .F.,(2,2),(-3.033564975263E-02,0.),.PIECEWISE_BEZIER_KNOTS.);
#9375 = CARTESIAN_POINT('',(0.692284486841,0.274704099119));
#9376 = CARTESIAN_POINT('',(0.753509274052,0.303677587789));
#9377 = ( GEOMETRIC_REPRESENTATION_CONTEXT(2) 
PARAMETRIC_REPRESENTATION_CONTEXT() REPRESENTATION_CONTEXT('2D SPACE',''
  ) );
#9378 = PCURVE('',#80,#9379);
#9379 = DEFINITIONAL_REPRESENTATION('',(#9380),#9383);
#9380 = B_SPLINE_CURVE_WITH_KNOTS('',1,(#9381,#9382),.UNSPECIFIED.,.F.,
  .F.,(2,2),(-3.033564975263E-02,0.),.PIECEWISE_BEZIER_KNOTS.);
#9381 = CARTESIAN_POINT('',(-4.167627649793E-04,5.424004629586E-02));
#9382 = CARTESIAN_POINT('',(0.999572413049,3.527227418628E-02));
#9383 = ( GEOMETRIC_REPRESENTATION_CONTEXT(2) 
PARAMETRIC_REPRESENTATION_CONTEXT() REPRESENTATION_CONTEXT('2D SPACE',''
  ) );
#9384 = ORIENTED_EDGE('',*,*,#9385,.F.);
#9385 = EDGE_CURVE('',#9386,#9362,#9388,.T.);
#9386 = VERTEX_POINT('',#9387);
#9387 = CARTESIAN_POINT('',(6.871872961635,0.915699125908,
    -1.498952973715));
#9388 = SURFACE_CURVE('',#9389,(#9394,#9400),.PCURVE_S1.);
#9389 = B_SPLINE_CURVE_WITH_KNOTS('',3,(#9390,#9391,#9392,#9393),
  .UNSPECIFIED.,.F.,.F.,(4,4),(-4.477952701213E-02,-1.399864163737E-02),
  .PIECEWISE_BEZIER_KNOTS.);
#9390 = CARTESIAN_POINT('',(6.871872961635,0.915699125908,
    -1.498952973715));
#9391 = CARTESIAN_POINT('',(6.812352917751,0.913671162957,
    -1.415064520529));
#9392 = CARTESIAN_POINT('',(6.749299636805,0.916309746024,
    -1.331373487531));
#9393 = CARTESIAN_POINT('',(6.684235437722,0.925569006128,
    -1.251111318166));
#9394 = PCURVE('',#9242,#9395);
#9395 = DEFINITIONAL_REPRESENTATION('',(#9396),#9399);
#9396 = B_SPLINE_CURVE_WITH_KNOTS('',1,(#9397,#9398),.UNSPECIFIED.,.F.,
  .F.,(2,2),(-4.477952701213E-02,-1.399864163737E-02),
  .PIECEWISE_BEZIER_KNOTS.);
#9397 = CARTESIAN_POINT('',(0.574703885492,0.248902918589));
#9398 = CARTESIAN_POINT('',(0.692557213061,0.274691901153));
#9399 = ( GEOMETRIC_REPRESENTATION_CONTEXT(2) 
PARAMETRIC_REPRESENTATION_CONTEXT() REPRESENTATION_CONTEXT('2D SPACE',''
  ) );
#9400 = PCURVE('',#145,#9401);
#9401 = DEFINITIONAL_REPRESENTATION('',(#9402),#9428);
#9402 = B_SPLINE_CURVE_WITH_KNOTS('',3,(#9403,#9404,#9405,#9406,#9407,
    #9408,#9409,#9410,#9411,#9412,#9413,#9414,#9415,#9416,#9417,#9418,
    #9419,#9420,#9421,#9422,#9423,#9424,#9425,#9426,#9427),
  .UNSPECIFIED.,.F.,.F.,(4,1,1,1,1,1,1,1,1,1,1,1,1,1,1,1,1,1,1,1,1,1,4),
  (-4.477952701213E-02,-4.338039585873E-02,-4.198126470533E-02,
    -4.058213355193E-02,-3.918300239853E-02,-3.778387124514E-02,
    -3.638474009174E-02,-3.498560893834E-02,-3.358647778494E-02,
    -3.218734663155E-02,-3.078821547815E-02,-2.938908432475E-02,
    -2.798995317135E-02,-2.659082201795E-02,-2.519169086456E-02,
    -2.379255971116E-02,-2.239342855776E-02,-2.099429740436E-02,
    -1.959516625096E-02,-1.819603509757E-02,-1.679690394417E-02,
    -1.539777279077E-02,-1.399864163737E-02),.QUASI_UNIFORM_KNOTS.);
#9403 = CARTESIAN_POINT('',(0.,7.087234815883E-02));
#9404 = CARTESIAN_POINT('',(9.665541009849E-03,7.059806286784E-02));
#9405 = CARTESIAN_POINT('',(2.90528816223E-02,7.00508464368E-02));
#9406 = CARTESIAN_POINT('',(5.830006266992E-02,6.923428524362E-02));
#9407 = CARTESIAN_POINT('',(8.771081086256E-02,6.842218846514E-02));
#9408 = CARTESIAN_POINT('',(0.117282513887,6.761475720007E-02));
#9409 = CARTESIAN_POINT('',(0.147012553716,6.681219264555E-02));
#9410 = CARTESIAN_POINT('',(0.176898306022,6.601469611596E-02));
#9411 = CARTESIAN_POINT('',(0.206937140711,6.522246904641E-02));
#9412 = CARTESIAN_POINT('',(0.237126422141,6.443571300028E-02));
#9413 = CARTESIAN_POINT('',(0.26746350941,6.365462967575E-02));
#9414 = CARTESIAN_POINT('',(0.29794575661,6.287942091248E-02));
#9415 = CARTESIAN_POINT('',(0.328570513083,6.211028869833E-02));
#9416 = CARTESIAN_POINT('',(0.359335123656,6.13474351759E-02));
#9417 = CARTESIAN_POINT('',(0.390236928869,6.059106264904E-02));
#9418 = CARTESIAN_POINT('',(0.421273265192,5.984137358927E-02));
#9419 = CARTESIAN_POINT('',(0.452441465228,5.909857064201E-02));
#9420 = CARTESIAN_POINT('',(0.483738857902,5.836285663281E-02));
#9421 = CARTESIAN_POINT('',(0.515162768651,5.763443457309E-02));
#9422 = CARTESIAN_POINT('',(0.546710519579,5.691350766649E-02));
#9423 = CARTESIAN_POINT('',(0.57837942964,5.620027931246E-02));
#9424 = CARTESIAN_POINT('',(0.610166814697,5.549495311889E-02));
#9425 = CARTESIAN_POINT('',(0.642069987986,5.479773287984E-02));
#9426 = CARTESIAN_POINT('',(0.663414168646,5.433845941498E-02));
#9427 = CARTESIAN_POINT('',(0.674104660351,5.411024169009E-02));
#9428 = ( GEOMETRIC_REPRESENTATION_CONTEXT(2) 
PARAMETRIC_REPRESENTATION_CONTEXT() REPRESENTATION_CONTEXT('2D SPACE',''
  ) );
#9429 = ORIENTED_EDGE('',*,*,#9430,.T.);
#9430 = EDGE_CURVE('',#9386,#9431,#9433,.T.);
#9431 = VERTEX_POINT('',#9432);
#9432 = CARTESIAN_POINT('',(7.609824823883,1.178464566265,-1.49999908014
    ));
#9433 = SURFACE_CURVE('',#9434,(#9441,#9447),.PCURVE_S1.);
#9434 = B_SPLINE_CURVE_WITH_KNOTS('',3,(#9435,#9436,#9437,#9438,#9439,
    #9440),.UNSPECIFIED.,.F.,.F.,(4,2,4),(6.613805926973E-02,
    7.796500804039E-02,0.148168924519),.UNSPECIFIED.);
#9435 = CARTESIAN_POINT('',(6.871873308022,0.915700483933,-1.49895295688
    ));
#9436 = CARTESIAN_POINT('',(6.909827892865,0.913483271508,
    -1.499026685503));
#9437 = CARTESIAN_POINT('',(6.948024505716,0.91343346921,-1.4991011537)
  );
#9438 = CARTESIAN_POINT('',(7.213302247984,0.927979895451,
    -1.499615512627));
#9439 = CARTESIAN_POINT('',(7.437267275384,1.020344368735,
    -1.499979497833));
#9440 = CARTESIAN_POINT('',(7.609824823883,1.178464566265,-1.49999908014
    ));
#9441 = PCURVE('',#9242,#9442);
#9442 = DEFINITIONAL_REPRESENTATION('',(#9443),#9446);
#9443 = B_SPLINE_CURVE_WITH_KNOTS('',1,(#9444,#9445),.UNSPECIFIED.,.F.,
  .F.,(2,2),(6.613805926973E-02,0.148168924519),
  .PIECEWISE_BEZIER_KNOTS.);
#9444 = CARTESIAN_POINT('',(0.574703706117,0.248902909711));
#9445 = CARTESIAN_POINT('',(2.97654574886E-02,0.242601411785));
#9446 = ( GEOMETRIC_REPRESENTATION_CONTEXT(2) 
PARAMETRIC_REPRESENTATION_CONTEXT() REPRESENTATION_CONTEXT('2D SPACE',''
  ) );
#9447 = PCURVE('',#1165,#9448);
#9448 = DEFINITIONAL_REPRESENTATION('',(#9449),#9453);
#9449 = LINE('',#9450,#9451);
#9450 = CARTESIAN_POINT('',(1.292325332671E-14,8.923417560425E-15));
#9451 = VECTOR('',#9452,1.);
#9452 = DIRECTION('',(-9.642830162544E-14,-1.));
#9453 = ( GEOMETRIC_REPRESENTATION_CONTEXT(2) 
PARAMETRIC_REPRESENTATION_CONTEXT() REPRESENTATION_CONTEXT('2D SPACE',''
  ) );
#9454 = ORIENTED_EDGE('',*,*,#9455,.T.);
#9455 = EDGE_CURVE('',#9431,#9456,#9458,.T.);
#9456 = VERTEX_POINT('',#9457);
#9457 = CARTESIAN_POINT('',(7.641584294339,1.2088676749,-1.499999999784)
  );
#9458 = SURFACE_CURVE('',#9459,(#9464,#9470),.PCURVE_S1.);
#9459 = B_SPLINE_CURVE_WITH_KNOTS('',3,(#9460,#9461,#9462,#9463),
  .UNSPECIFIED.,.F.,.F.,(4,4),(0.339292026904,0.343687585025),
  .PIECEWISE_BEZIER_KNOTS.);
#9460 = CARTESIAN_POINT('',(7.609824823883,1.178464566265,-1.49999908014
    ));
#9461 = CARTESIAN_POINT('',(7.620637588864,1.188372660981,
    -1.500000307203));
#9462 = CARTESIAN_POINT('',(7.63122386449,1.198507245052,-1.5));
#9463 = CARTESIAN_POINT('',(7.641584294339,1.2088676749,-1.5));
#9464 = PCURVE('',#9242,#9465);
#9465 = DEFINITIONAL_REPRESENTATION('',(#9466),#9469);
#9466 = B_SPLINE_CURVE_WITH_KNOTS('',1,(#9467,#9468),.UNSPECIFIED.,.F.,
  .F.,(2,2),(0.339292026904,0.343687585025),.PIECEWISE_BEZIER_KNOTS.);
#9467 = CARTESIAN_POINT('',(2.97654574886E-02,0.242601411785));
#9468 = CARTESIAN_POINT('',(-1.572570609838E-07,0.24221634488));
#9469 = ( GEOMETRIC_REPRESENTATION_CONTEXT(2) 
PARAMETRIC_REPRESENTATION_CONTEXT() REPRESENTATION_CONTEXT('2D SPACE',''
  ) );
#9470 = PCURVE('',#1215,#9471);
#9471 = DEFINITIONAL_REPRESENTATION('',(#9472),#9476);
#9472 = LINE('',#9473,#9474);
#9473 = CARTESIAN_POINT('',(-1.223384124828E-13,-5.551115123126E-17));
#9474 = VECTOR('',#9475,1.);
#9475 = DIRECTION('',(3.569468484125E-13,-1.));
#9476 = ( GEOMETRIC_REPRESENTATION_CONTEXT(2) 
PARAMETRIC_REPRESENTATION_CONTEXT() REPRESENTATION_CONTEXT('2D SPACE',''
  ) );
#9477 = ORIENTED_EDGE('',*,*,#9478,.F.);
#9478 = EDGE_CURVE('',#9125,#9456,#9479,.T.);
#9479 = SURFACE_CURVE('',#9480,(#9485,#9492),.PCURVE_S1.);
#9480 = B_SPLINE_CURVE_WITH_KNOTS('',3,(#9481,#9482,#9483,#9484),
  .UNSPECIFIED.,.F.,.F.,(4,4),(9.163728418106E-02,0.242216344886),
  .PIECEWISE_BEZIER_KNOTS.);
#9481 = CARTESIAN_POINT('',(7.734872425454,1.302155806015,-3.));
#9482 = CARTESIAN_POINT('',(7.703764313491,1.271047694052,
    -2.500001501235));
#9483 = CARTESIAN_POINT('',(7.672668941569,1.23995232213,-2.000001417381
    ));
#9484 = CARTESIAN_POINT('',(7.641584131282,1.208867511843,
    -1.500000020209));
#9485 = PCURVE('',#9242,#9486);
#9486 = DEFINITIONAL_REPRESENTATION('',(#9487),#9491);
#9487 = LINE('',#9488,#9489);
#9488 = CARTESIAN_POINT('',(1.528768895672E-14,8.326672684689E-17));
#9489 = VECTOR('',#9490,1.);
#9490 = DIRECTION('',(-1.666695604553E-13,1.));
#9491 = ( GEOMETRIC_REPRESENTATION_CONTEXT(2) 
PARAMETRIC_REPRESENTATION_CONTEXT() REPRESENTATION_CONTEXT('2D SPACE',''
  ) );
#9492 = PCURVE('',#9140,#9493);
#9493 = DEFINITIONAL_REPRESENTATION('',(#9494),#9499);
#9494 = B_SPLINE_CURVE_WITH_KNOTS('',3,(#9495,#9496,#9497,#9498),
  .UNSPECIFIED.,.F.,.F.,(4,4),(9.163728418106E-02,0.242216344886),
  .PIECEWISE_BEZIER_KNOTS.);
#9495 = CARTESIAN_POINT('',(0.747466436715,0.));
#9496 = CARTESIAN_POINT('',(0.703472922877,0.499998498765));
#9497 = CARTESIAN_POINT('',(0.659497426177,0.999998582619));
#9498 = CARTESIAN_POINT('',(0.615536865886,1.499999979791));
#9499 = ( GEOMETRIC_REPRESENTATION_CONTEXT(2) 
PARAMETRIC_REPRESENTATION_CONTEXT() REPRESENTATION_CONTEXT('2D SPACE',''
  ) );
#9500 = ORIENTED_EDGE('',*,*,#9152,.F.);
#9501 = ORIENTED_EDGE('',*,*,#9502,.F.);
#9502 = EDGE_CURVE('',#9503,#9153,#9505,.T.);
#9503 = VERTEX_POINT('',#9504);
#9504 = CARTESIAN_POINT('',(6.20131081089,1.052553564537,
    -2.808165255697E-02));
#9505 = SURFACE_CURVE('',#9506,(#9511,#9518),.PCURVE_S1.);
#9506 = B_SPLINE_CURVE_WITH_KNOTS('',3,(#9507,#9508,#9509,#9510),
  .UNSPECIFIED.,.F.,.F.,(4,4),(-0.398724787646,-0.100386528677),
  .PIECEWISE_BEZIER_KNOTS.);
#9507 = CARTESIAN_POINT('',(6.201310810907,1.052553564539,
    -2.808165255572E-02));
#9508 = CARTESIAN_POINT('',(6.265863416306,1.111608743543,
    -1.018725853063));
#9509 = CARTESIAN_POINT('',(6.33083546305,1.170402952633,-2.009366007056
    ));
#9510 = CARTESIAN_POINT('',(6.396453836864,1.228813541685,
    -3.000000000855));
#9511 = PCURVE('',#9242,#9512);
#9512 = DEFINITIONAL_REPRESENTATION('',(#9513),#9517);
#9513 = LINE('',#9514,#9515);
#9514 = CARTESIAN_POINT('',(1.,5.551115123126E-17));
#9515 = VECTOR('',#9516,1.);
#9516 = DIRECTION('',(-6.177451820105E-14,-1.));
#9517 = ( GEOMETRIC_REPRESENTATION_CONTEXT(2) 
PARAMETRIC_REPRESENTATION_CONTEXT() REPRESENTATION_CONTEXT('2D SPACE',''
  ) );
#9518 = PCURVE('',#7912,#9519);
#9519 = DEFINITIONAL_REPRESENTATION('',(#9520),#9523);
#9520 = B_SPLINE_CURVE_WITH_KNOTS('',1,(#9521,#9522),.UNSPECIFIED.,.F.,
  .F.,(2,2),(-0.398724787646,-0.100386528677),.PIECEWISE_BEZIER_KNOTS.);
#9521 = CARTESIAN_POINT('',(4.019578485968,2.971918347444));
#9522 = CARTESIAN_POINT('',(4.033048327733,-1.93494668098E-10));
#9523 = ( GEOMETRIC_REPRESENTATION_CONTEXT(2) 
PARAMETRIC_REPRESENTATION_CONTEXT() REPRESENTATION_CONTEXT('2D SPACE',''
  ) );
#9524 = ORIENTED_EDGE('',*,*,#9525,.F.);
#9525 = EDGE_CURVE('',#9526,#9503,#9528,.T.);
#9526 = VERTEX_POINT('',#9527);
#9527 = CARTESIAN_POINT('',(6.534202005722,0.905708168045,
    -0.456422128626));
#9528 = SURFACE_CURVE('',#9529,(#9542,#9571),.PCURVE_S1.);
#9529 = B_SPLINE_CURVE_WITH_KNOTS('',3,(#9530,#9531,#9532,#9533,#9534,
    #9535,#9536,#9537,#9538,#9539,#9540,#9541),.UNSPECIFIED.,.F.,.F.,(4,
    2,2,2,2,4),(-6.104900513079E-02,-5.962478577143E-02,
    -4.984863895189E-02,-3.652391766264E-02,-1.890921812918E-02,0.),
  .UNSPECIFIED.);
#9530 = CARTESIAN_POINT('',(6.534202005722,0.905708168045,
    -0.456422128626));
#9531 = CARTESIAN_POINT('',(6.533791172812,0.905458197293,
    -0.451726286976));
#9532 = CARTESIAN_POINT('',(6.533313737894,0.905231951117,
    -0.447034032733));
#9533 = CARTESIAN_POINT('',(6.529035055791,0.903641509842,
    -0.410174332439));
#9534 = CARTESIAN_POINT('',(6.522172209434,0.903375652048,
    -0.378394528172));
#9535 = CARTESIAN_POINT('',(6.49882966911,0.905799028212,-0.305486895555
    ));
#9536 = CARTESIAN_POINT('',(6.479888763238,0.909568402759,
    -0.265568160788));
#9537 = CARTESIAN_POINT('',(6.424977248646,0.925648365733,
    -0.180464294877));
#9538 = CARTESIAN_POINT('',(6.386442743954,0.940069789861,
    -0.139141391831));
#9539 = CARTESIAN_POINT('',(6.297547383346,0.984702834854,
    -6.982118858525E-02));
#9540 = CARTESIAN_POINT('',(6.248997433004,1.014868358453,
    -4.477548002363E-02));
#9541 = CARTESIAN_POINT('',(6.201310810911,1.052553564542,
    -2.80816526102E-02));
#9542 = PCURVE('',#9242,#9543);
#9543 = DEFINITIONAL_REPRESENTATION('',(#9544),#9570);
#9544 = B_SPLINE_CURVE_WITH_KNOTS('',3,(#9545,#9546,#9547,#9548,#9549,
    #9550,#9551,#9552,#9553,#9554,#9555,#9556,#9557,#9558,#9559,#9560,
    #9561,#9562,#9563,#9564,#9565,#9566,#9567,#9568,#9569),
  .UNSPECIFIED.,.F.,.F.,(4,1,1,1,1,1,1,1,1,1,1,1,1,1,1,1,1,1,1,1,1,1,4),
  (-6.104900513079E-02,-5.827405035212E-02,-5.549909557345E-02,
    -5.272414079478E-02,-4.99491860161E-02,-4.717423123743E-02,
    -4.439927645876E-02,-4.162432168009E-02,-3.884936690141E-02,
    -3.607441212274E-02,-3.329945734407E-02,-3.05245025654E-02,
    -2.774954778672E-02,-2.497459300805E-02,-2.219963822938E-02,
    -1.942468345071E-02,-1.664972867203E-02,-1.387477389336E-02,
    -1.109981911469E-02,-8.324864336017E-03,-5.549909557345E-03,
    -2.774954778672E-03,0.),.UNSPECIFIED.);
#9545 = CARTESIAN_POINT('',(0.76192407705,0.354904965503));
#9546 = CARTESIAN_POINT('',(0.762070924174,0.355824967749));
#9547 = CARTESIAN_POINT('',(0.762728792965,0.357662540487));
#9548 = CARTESIAN_POINT('',(0.764805426115,0.360403420192));
#9549 = CARTESIAN_POINT('',(0.767968063533,0.363119584828));
#9550 = CARTESIAN_POINT('',(0.772216841618,0.365805479063));
#9551 = CARTESIAN_POINT('',(0.777538656391,0.368447421687));
#9552 = CARTESIAN_POINT('',(0.783904859104,0.371030931877));
#9553 = CARTESIAN_POINT('',(0.791306640677,0.373551790104));
#9554 = CARTESIAN_POINT('',(0.799723995194,0.376001516517));
#9555 = CARTESIAN_POINT('',(0.809166709991,0.378378454463));
#9556 = CARTESIAN_POINT('',(0.819534210238,0.380656223326));
#9557 = CARTESIAN_POINT('',(0.830768230141,0.38282585054));
#9558 = CARTESIAN_POINT('',(0.842850560293,0.384886570317));
#9559 = CARTESIAN_POINT('',(0.855755875505,0.386835576892));
#9560 = CARTESIAN_POINT('',(0.869457771113,0.388670017788));
#9561 = CARTESIAN_POINT('',(0.883952340688,0.390389267485));
#9562 = CARTESIAN_POINT('',(0.899158276635,0.391983839465));
#9563 = CARTESIAN_POINT('',(0.914826457391,0.393434179726));
#9564 = CARTESIAN_POINT('',(0.930984892956,0.394750254884));
#9565 = CARTESIAN_POINT('',(0.947595279046,0.395934787333));
#9566 = CARTESIAN_POINT('',(0.964638738104,0.396992440599));
#9567 = CARTESIAN_POINT('',(0.982092758475,0.397927357899));
#9568 = CARTESIAN_POINT('',(0.993989674751,0.398471667661));
#9569 = CARTESIAN_POINT('',(1.,0.398724787646));
#9570 = ( GEOMETRIC_REPRESENTATION_CONTEXT(2) 
PARAMETRIC_REPRESENTATION_CONTEXT() REPRESENTATION_CONTEXT('2D SPACE',''
  ) );
#9571 = PCURVE('',#552,#9572);
#9572 = DEFINITIONAL_REPRESENTATION('',(#9573),#9599);
#9573 = B_SPLINE_CURVE_WITH_KNOTS('',3,(#9574,#9575,#9576,#9577,#9578,
    #9579,#9580,#9581,#9582,#9583,#9584,#9585,#9586,#9587,#9588,#9589,
    #9590,#9591,#9592,#9593,#9594,#9595,#9596,#9597,#9598),
  .UNSPECIFIED.,.F.,.F.,(4,1,1,1,1,1,1,1,1,1,1,1,1,1,1,1,1,1,1,1,1,1,4),
  (-6.104900513079E-02,-5.827405035212E-02,-5.549909557345E-02,
    -5.272414079478E-02,-4.99491860161E-02,-4.717423123743E-02,
    -4.439927645876E-02,-4.162432168009E-02,-3.884936690141E-02,
    -3.607441212274E-02,-3.329945734407E-02,-3.05245025654E-02,
    -2.774954778672E-02,-2.497459300805E-02,-2.219963822938E-02,
    -1.942468345071E-02,-1.664972867203E-02,-1.387477389336E-02,
    -1.109981911469E-02,-8.324864336017E-03,-5.549909557345E-03,
    -2.774954778672E-03,0.),.UNSPECIFIED.);
#9574 = CARTESIAN_POINT('',(7.024950239277,-0.719291831955));
#9575 = CARTESIAN_POINT('',(7.006568904108,-0.719778168082));
#9576 = CARTESIAN_POINT('',(6.969806961539,-0.720573440499));
#9577 = CARTESIAN_POINT('',(6.914661233001,-0.721211547238));
#9578 = CARTESIAN_POINT('',(6.85952884545,-0.721273074652));
#9579 = CARTESIAN_POINT('',(6.804351916739,-0.720733358011));
#9580 = CARTESIAN_POINT('',(6.749237995085,-0.719573635347));
#9581 = CARTESIAN_POINT('',(6.694324281833,-0.717757109573));
#9582 = CARTESIAN_POINT('',(6.639539951061,-0.715239196859));
#9583 = CARTESIAN_POINT('',(6.584910329602,-0.711980053447));
#9584 = CARTESIAN_POINT('',(6.530302168333,-0.707928632891));
#9585 = CARTESIAN_POINT('',(6.476170548882,-0.703076867889));
#9586 = CARTESIAN_POINT('',(6.422621056269,-0.69739318951));
#9587 = CARTESIAN_POINT('',(6.369571997268,-0.690831580396));
#9588 = CARTESIAN_POINT('',(6.316998577407,-0.6833490541));
#9589 = CARTESIAN_POINT('',(6.264890165975,-0.67490494895));
#9590 = CARTESIAN_POINT('',(6.213172345489,-0.665446273266));
#9591 = CARTESIAN_POINT('',(6.16205576777,-0.654967030628));
#9592 = CARTESIAN_POINT('',(6.112223822174,-0.643594186918));
#9593 = CARTESIAN_POINT('',(6.063421863151,-0.631286608195));
#9594 = CARTESIAN_POINT('',(6.015642036629,-0.618044216656));
#9595 = CARTESIAN_POINT('',(5.968828500936,-0.603855933269));
#9596 = CARTESIAN_POINT('',(5.922954865618,-0.588713627786));
#9597 = CARTESIAN_POINT('',(5.892990868303,-0.577976793297));
#9598 = CARTESIAN_POINT('',(5.878160759868,-0.572446435458));
#9599 = ( GEOMETRIC_REPRESENTATION_CONTEXT(2) 
PARAMETRIC_REPRESENTATION_CONTEXT() REPRESENTATION_CONTEXT('2D SPACE',''
  ) );
#9600 = ORIENTED_EDGE('',*,*,#9601,.T.);
#9601 = EDGE_CURVE('',#9526,#9364,#9602,.T.);
#9602 = SURFACE_CURVE('',#9603,(#9608,#9614),.PCURVE_S1.);
#9603 = B_SPLINE_CURVE_WITH_KNOTS('',3,(#9604,#9605,#9606,#9607),
  .UNSPECIFIED.,.F.,.F.,(4,4),(0.138227000377,0.189415144094),
  .PIECEWISE_BEZIER_KNOTS.);
#9604 = CARTESIAN_POINT('',(6.534647773133,0.905814257386,
    -0.456387828327));
#9605 = CARTESIAN_POINT('',(6.549516356769,0.914855263965,-0.6263238593)
  );
#9606 = CARTESIAN_POINT('',(6.5643845694,0.923931044884,-0.796264714487)
  );
#9607 = CARTESIAN_POINT('',(6.579250705576,0.933040033038,
    -0.966188527013));
#9608 = PCURVE('',#9242,#9609);
#9609 = DEFINITIONAL_REPRESENTATION('',(#9610),#9613);
#9610 = B_SPLINE_CURVE_WITH_KNOTS('',1,(#9611,#9612),.UNSPECIFIED.,.F.,
  .F.,(2,2),(0.138227000377,0.189414098753),.PIECEWISE_BEZIER_KNOTS.);
#9611 = CARTESIAN_POINT('',(0.761663408238,0.354904966266));
#9612 = CARTESIAN_POINT('',(0.753509439797,0.303678633883));
#9613 = ( GEOMETRIC_REPRESENTATION_CONTEXT(2) 
PARAMETRIC_REPRESENTATION_CONTEXT() REPRESENTATION_CONTEXT('2D SPACE',''
  ) );
#9614 = PCURVE('',#44,#9615);
#9615 = DEFINITIONAL_REPRESENTATION('',(#9616),#9621);
#9616 = B_SPLINE_CURVE_WITH_KNOTS('',3,(#9617,#9618,#9619,#9620),
  .UNSPECIFIED.,.F.,.F.,(4,4),(0.138227000377,0.189415144094),
  .PIECEWISE_BEZIER_KNOTS.);
#9617 = CARTESIAN_POINT('',(-2.344185742614,-0.326937273134));
#9618 = CARTESIAN_POINT('',(-2.335144736035,-0.497522528654));
#9619 = CARTESIAN_POINT('',(-2.326068955116,-0.668112557696));
#9620 = CARTESIAN_POINT('',(-2.316959966962,-0.838685427954));
#9621 = ( GEOMETRIC_REPRESENTATION_CONTEXT(2) 
PARAMETRIC_REPRESENTATION_CONTEXT() REPRESENTATION_CONTEXT('2D SPACE',''
  ) );
#9622 = ADVANCED_FACE('',(#9623),#9140,.T.);
#9623 = FACE_BOUND('',#9624,.T.);
#9624 = EDGE_LOOP('',(#9625,#9646,#9647,#9648,#9671));
#9625 = ORIENTED_EDGE('',*,*,#9626,.F.);
#9626 = EDGE_CURVE('',#9456,#6532,#9627,.T.);
#9627 = SURFACE_CURVE('',#9628,(#9632,#9639),.PCURVE_S1.);
#9628 = LINE('',#9629,#9630);
#9629 = CARTESIAN_POINT('',(5.211346074532,-1.221370544907,-1.5));
#9630 = VECTOR('',#9631,1.);
#9631 = DIRECTION('',(0.707106781187,0.707106781187,0.));
#9632 = PCURVE('',#9140,#9633);
#9633 = DEFINITIONAL_REPRESENTATION('',(#9634),#9638);
#9634 = LINE('',#9635,#9636);
#9635 = CARTESIAN_POINT('',(-2.821338753766,1.5));
#9636 = VECTOR('',#9637,1.);
#9637 = DIRECTION('',(1.,0.));
#9638 = ( GEOMETRIC_REPRESENTATION_CONTEXT(2) 
PARAMETRIC_REPRESENTATION_CONTEXT() REPRESENTATION_CONTEXT('2D SPACE',''
  ) );
#9639 = PCURVE('',#1255,#9640);
#9640 = DEFINITIONAL_REPRESENTATION('',(#9641),#9645);
#9641 = LINE('',#9642,#9643);
#9642 = CARTESIAN_POINT('',(0.288675134595,0.204124145232));
#9643 = VECTOR('',#9644,1.);
#9644 = DIRECTION('',(-0.57735026919,0.816496580928));
#9645 = ( GEOMETRIC_REPRESENTATION_CONTEXT(2) 
PARAMETRIC_REPRESENTATION_CONTEXT() REPRESENTATION_CONTEXT('2D SPACE',''
  ) );
#9646 = ORIENTED_EDGE('',*,*,#9478,.F.);
#9647 = ORIENTED_EDGE('',*,*,#9124,.F.);
#9648 = ORIENTED_EDGE('',*,*,#9649,.T.);
#9649 = EDGE_CURVE('',#9092,#9650,#9652,.T.);
#9650 = VERTEX_POINT('',#9651);
#9651 = CARTESIAN_POINT('',(8.425581051362,1.992864431923,-1.5));
#9652 = SURFACE_CURVE('',#9653,(#9657,#9664),.PCURVE_S1.);
#9653 = LINE('',#9654,#9655);
#9654 = CARTESIAN_POINT('',(8.425581051362,1.992864431923,-3.));
#9655 = VECTOR('',#9656,1.);
#9656 = DIRECTION('',(0.,0.,1.));
#9657 = PCURVE('',#9140,#9658);
#9658 = DEFINITIONAL_REPRESENTATION('',(#9659),#9663);
#9659 = LINE('',#9660,#9661);
#9660 = CARTESIAN_POINT('',(1.724275943121,0.));
#9661 = VECTOR('',#9662,1.);
#9662 = DIRECTION('',(0.,1.));
#9663 = ( GEOMETRIC_REPRESENTATION_CONTEXT(2) 
PARAMETRIC_REPRESENTATION_CONTEXT() REPRESENTATION_CONTEXT('2D SPACE',''
  ) );
#9664 = PCURVE('',#9112,#9665);
#9665 = DEFINITIONAL_REPRESENTATION('',(#9666),#9670);
#9666 = LINE('',#9667,#9668);
#9667 = CARTESIAN_POINT('',(-0.371456892772,0.));
#9668 = VECTOR('',#9669,1.);
#9669 = DIRECTION('',(0.,1.));
#9670 = ( GEOMETRIC_REPRESENTATION_CONTEXT(2) 
PARAMETRIC_REPRESENTATION_CONTEXT() REPRESENTATION_CONTEXT('2D SPACE',''
  ) );
#9671 = ORIENTED_EDGE('',*,*,#9672,.F.);
#9672 = EDGE_CURVE('',#6532,#9650,#9673,.T.);
#9673 = SURFACE_CURVE('',#9674,(#9678,#9685),.PCURVE_S1.);
#9674 = LINE('',#9675,#9676);
#9675 = CARTESIAN_POINT('',(8.425581051362,1.992864431923,-1.5));
#9676 = VECTOR('',#9677,1.);
#9677 = DIRECTION('',(0.707106781187,0.707106781187,0.));
#9678 = PCURVE('',#9140,#9679);
#9679 = DEFINITIONAL_REPRESENTATION('',(#9680),#9684);
#9680 = LINE('',#9681,#9682);
#9681 = CARTESIAN_POINT('',(1.724275943121,1.5));
#9682 = VECTOR('',#9683,1.);
#9683 = DIRECTION('',(1.,0.));
#9684 = ( GEOMETRIC_REPRESENTATION_CONTEXT(2) 
PARAMETRIC_REPRESENTATION_CONTEXT() REPRESENTATION_CONTEXT('2D SPACE',''
  ) );
#9685 = PCURVE('',#6593,#9686);
#9686 = DEFINITIONAL_REPRESENTATION('',(#9687),#9691);
#9687 = LINE('',#9688,#9689);
#9688 = CARTESIAN_POINT('',(0.867978491591,0.814738127848));
#9689 = VECTOR('',#9690,1.);
#9690 = DIRECTION('',(0.707106781187,-0.707106781187));
#9691 = ( GEOMETRIC_REPRESENTATION_CONTEXT(2) 
PARAMETRIC_REPRESENTATION_CONTEXT() REPRESENTATION_CONTEXT('2D SPACE',''
  ) );
#9692 = ADVANCED_FACE('',(#9693),#9112,.T.);
#9693 = FACE_BOUND('',#9694,.T.);
#9694 = EDGE_LOOP('',(#9695,#9696,#9697,#9720));
#9695 = ORIENTED_EDGE('',*,*,#9649,.F.);
#9696 = ORIENTED_EDGE('',*,*,#9091,.T.);
#9697 = ORIENTED_EDGE('',*,*,#9698,.T.);
#9698 = EDGE_CURVE('',#9063,#9699,#9701,.T.);
#9699 = VERTEX_POINT('',#9700);
#9700 = CARTESIAN_POINT('',(8.529231831168,2.923904215637,-1.5));
#9701 = SURFACE_CURVE('',#9702,(#9706,#9713),.PCURVE_S1.);
#9702 = LINE('',#9703,#9704);
#9703 = CARTESIAN_POINT('',(8.529231831168,2.923904215637,-3.));
#9704 = VECTOR('',#9705,1.);
#9705 = DIRECTION('',(0.,0.,1.));
#9706 = PCURVE('',#9112,#9707);
#9707 = DEFINITIONAL_REPRESENTATION('',(#9708),#9712);
#9708 = LINE('',#9709,#9710);
#9709 = CARTESIAN_POINT('',(0.977596550645,0.));
#9710 = VECTOR('',#9711,1.);
#9711 = DIRECTION('',(0.,1.));
#9712 = ( GEOMETRIC_REPRESENTATION_CONTEXT(2) 
PARAMETRIC_REPRESENTATION_CONTEXT() REPRESENTATION_CONTEXT('2D SPACE',''
  ) );
#9713 = PCURVE('',#9079,#9714);
#9714 = DEFINITIONAL_REPRESENTATION('',(#9715),#9719);
#9715 = LINE('',#9716,#9717);
#9716 = CARTESIAN_POINT('',(0.56365528002,0.));
#9717 = VECTOR('',#9718,1.);
#9718 = DIRECTION('',(0.,1.));
#9719 = ( GEOMETRIC_REPRESENTATION_CONTEXT(2) 
PARAMETRIC_REPRESENTATION_CONTEXT() REPRESENTATION_CONTEXT('2D SPACE',''
  ) );
#9720 = ORIENTED_EDGE('',*,*,#9721,.T.);
#9721 = EDGE_CURVE('',#9699,#9650,#9722,.T.);
#9722 = SURFACE_CURVE('',#9723,(#9728,#9735),.PCURVE_S1.);
#9723 = CIRCLE('',#9724,0.75);
#9724 = AXIS2_PLACEMENT_3D('',#9725,#9726,#9727);
#9725 = CARTESIAN_POINT('',(7.895250965472,2.523194517812,-1.5));
#9726 = DIRECTION('',(0.,0.,-1.));
#9727 = DIRECTION('',(0.915542676557,-0.402220844067,0.));
#9728 = PCURVE('',#9112,#9729);
#9729 = DEFINITIONAL_REPRESENTATION('',(#9730),#9734);
#9730 = LINE('',#9731,#9732);
#9731 = CARTESIAN_POINT('',(6.28318530718,1.5));
#9732 = VECTOR('',#9733,1.);
#9733 = DIRECTION('',(-1.,0.));
#9734 = ( GEOMETRIC_REPRESENTATION_CONTEXT(2) 
PARAMETRIC_REPRESENTATION_CONTEXT() REPRESENTATION_CONTEXT('2D SPACE',''
  ) );
#9735 = PCURVE('',#6593,#9736);
#9736 = DEFINITIONAL_REPRESENTATION('',(#9737),#9741);
#9737 = CIRCLE('',#9738,0.75);
#9738 = AXIS2_PLACEMENT_2D('',#9739,#9740);
#9739 = CARTESIAN_POINT('',(0.337648405701,0.284408041958));
#9740 = DIRECTION('',(0.915542676557,0.402220844067));
#9741 = ( GEOMETRIC_REPRESENTATION_CONTEXT(2) 
PARAMETRIC_REPRESENTATION_CONTEXT() REPRESENTATION_CONTEXT('2D SPACE',''
  ) );
#9742 = ADVANCED_FACE('',(#9743),#9079,.T.);
#9743 = FACE_BOUND('',#9744,.T.);
#9744 = EDGE_LOOP('',(#9745,#9746,#9747,#9770));
#9745 = ORIENTED_EDGE('',*,*,#9698,.F.);
#9746 = ORIENTED_EDGE('',*,*,#9062,.F.);
#9747 = ORIENTED_EDGE('',*,*,#9748,.F.);
#9748 = EDGE_CURVE('',#9749,#9030,#9751,.T.);
#9749 = VERTEX_POINT('',#9750);
#9750 = CARTESIAN_POINT('',(7.673904215637,3.779231831168,-1.5));
#9751 = SURFACE_CURVE('',#9752,(#9756,#9763),.PCURVE_S1.);
#9752 = LINE('',#9753,#9754);
#9753 = CARTESIAN_POINT('',(7.673904215637,3.779231831168,-3.));
#9754 = VECTOR('',#9755,1.);
#9755 = DIRECTION('',(0.,0.,-1.));
#9756 = PCURVE('',#9079,#9757);
#9757 = DEFINITIONAL_REPRESENTATION('',(#9758),#9762);
#9758 = LINE('',#9759,#9760);
#9759 = CARTESIAN_POINT('',(1.007141046775,0.));
#9760 = VECTOR('',#9761,1.);
#9761 = DIRECTION('',(0.,-1.));
#9762 = ( GEOMETRIC_REPRESENTATION_CONTEXT(2) 
PARAMETRIC_REPRESENTATION_CONTEXT() REPRESENTATION_CONTEXT('2D SPACE',''
  ) );
#9763 = PCURVE('',#9050,#9764);
#9764 = DEFINITIONAL_REPRESENTATION('',(#9765),#9769);
#9765 = LINE('',#9766,#9767);
#9766 = CARTESIAN_POINT('',(5.305588756534,0.));
#9767 = VECTOR('',#9768,1.);
#9768 = DIRECTION('',(0.,-1.));
#9769 = ( GEOMETRIC_REPRESENTATION_CONTEXT(2) 
PARAMETRIC_REPRESENTATION_CONTEXT() REPRESENTATION_CONTEXT('2D SPACE',''
  ) );
#9770 = ORIENTED_EDGE('',*,*,#9771,.F.);
#9771 = EDGE_CURVE('',#9699,#9749,#9772,.T.);
#9772 = SURFACE_CURVE('',#9773,(#9778,#9785),.PCURVE_S1.);
#9773 = CIRCLE('',#9774,2.75);
#9774 = AXIS2_PLACEMENT_3D('',#9775,#9776,#9777);
#9775 = CARTESIAN_POINT('',(6.204635323614,1.454635323614,-1.5));
#9776 = DIRECTION('',(0.,0.,1.));
#9777 = DIRECTION('',(1.,0.,-0.));
#9778 = PCURVE('',#9079,#9779);
#9779 = DEFINITIONAL_REPRESENTATION('',(#9780),#9784);
#9780 = LINE('',#9781,#9782);
#9781 = CARTESIAN_POINT('',(1.110223024625E-16,1.5));
#9782 = VECTOR('',#9783,1.);
#9783 = DIRECTION('',(1.,0.));
#9784 = ( GEOMETRIC_REPRESENTATION_CONTEXT(2) 
PARAMETRIC_REPRESENTATION_CONTEXT() REPRESENTATION_CONTEXT('2D SPACE',''
  ) );
#9785 = PCURVE('',#6593,#9786);
#9786 = DEFINITIONAL_REPRESENTATION('',(#9787),#9795);
#9787 = ( BOUNDED_CURVE() B_SPLINE_CURVE(2,(#9788,#9789,#9790,#9791,
#9792,#9793,#9794),.UNSPECIFIED.,.T.,.F.) B_SPLINE_CURVE_WITH_KNOTS((1,2
    ,2,2,2,1),(-2.094395102393,0.,2.094395102393,4.188790204786,
6.28318530718,8.377580409573),.UNSPECIFIED.) CURVE() 
GEOMETRIC_REPRESENTATION_ITEM() RATIONAL_B_SPLINE_CURVE((1.,0.5,1.,0.5,
1.,0.5,1.)) REPRESENTATION_ITEM('') );
#9788 = CARTESIAN_POINT('',(1.397032763844,1.352967236156));
#9789 = CARTESIAN_POINT('',(1.397032763844,-3.410172484658));
#9790 = CARTESIAN_POINT('',(-2.727967236156,-1.028602624251));
#9791 = CARTESIAN_POINT('',(-6.852967236156,1.352967236156));
#9792 = CARTESIAN_POINT('',(-2.727967236156,3.734537096564));
#9793 = CARTESIAN_POINT('',(1.397032763844,6.116106956971));
#9794 = CARTESIAN_POINT('',(1.397032763844,1.352967236156));
#9795 = ( GEOMETRIC_REPRESENTATION_CONTEXT(2) 
PARAMETRIC_REPRESENTATION_CONTEXT() REPRESENTATION_CONTEXT('2D SPACE',''
  ) );
#9796 = ADVANCED_FACE('',(#9797),#9050,.T.);
#9797 = FACE_BOUND('',#9798,.T.);
#9798 = EDGE_LOOP('',(#9799,#9822,#9844,#9845));
#9799 = ORIENTED_EDGE('',*,*,#9800,.T.);
#9800 = EDGE_CURVE('',#9007,#9801,#9803,.T.);
#9801 = VERTEX_POINT('',#9802);
#9802 = CARTESIAN_POINT('',(6.742864431923,3.675581051361,-1.5));
#9803 = SURFACE_CURVE('',#9804,(#9808,#9815),.PCURVE_S1.);
#9804 = LINE('',#9805,#9806);
#9805 = CARTESIAN_POINT('',(6.742864431923,3.675581051361,-3.));
#9806 = VECTOR('',#9807,1.);
#9807 = DIRECTION('',(0.,0.,1.));
#9808 = PCURVE('',#9050,#9809);
#9809 = DEFINITIONAL_REPRESENTATION('',(#9810),#9814);
#9810 = LINE('',#9811,#9812);
#9811 = CARTESIAN_POINT('',(6.654642199952,0.));
#9812 = VECTOR('',#9813,1.);
#9813 = DIRECTION('',(0.,1.));
#9814 = ( GEOMETRIC_REPRESENTATION_CONTEXT(2) 
PARAMETRIC_REPRESENTATION_CONTEXT() REPRESENTATION_CONTEXT('2D SPACE',''
  ) );
#9815 = PCURVE('',#6625,#9816);
#9816 = DEFINITIONAL_REPRESENTATION('',(#9817),#9821);
#9817 = LINE('',#9818,#9819);
#9818 = CARTESIAN_POINT('',(3.140184917368E-16,0.));
#9819 = VECTOR('',#9820,1.);
#9820 = DIRECTION('',(0.,1.));
#9821 = ( GEOMETRIC_REPRESENTATION_CONTEXT(2) 
PARAMETRIC_REPRESENTATION_CONTEXT() REPRESENTATION_CONTEXT('2D SPACE',''
  ) );
#9822 = ORIENTED_EDGE('',*,*,#9823,.T.);
#9823 = EDGE_CURVE('',#9801,#9749,#9824,.T.);
#9824 = SURFACE_CURVE('',#9825,(#9830,#9837),.PCURVE_S1.);
#9825 = CIRCLE('',#9826,0.75);
#9826 = AXIS2_PLACEMENT_3D('',#9827,#9828,#9829);
#9827 = CARTESIAN_POINT('',(7.273194517813,3.145250965472,-1.5));
#9828 = DIRECTION('',(0.,0.,-1.));
#9829 = DIRECTION('',(-0.402220844067,0.915542676557,0.));
#9830 = PCURVE('',#9050,#9831);
#9831 = DEFINITIONAL_REPRESENTATION('',(#9832),#9836);
#9832 = LINE('',#9833,#9834);
#9833 = CARTESIAN_POINT('',(12.566370614359,1.5));
#9834 = VECTOR('',#9835,1.);
#9835 = DIRECTION('',(-1.,0.));
#9836 = ( GEOMETRIC_REPRESENTATION_CONTEXT(2) 
PARAMETRIC_REPRESENTATION_CONTEXT() REPRESENTATION_CONTEXT('2D SPACE',''
  ) );
#9837 = PCURVE('',#6593,#9838);
#9838 = DEFINITIONAL_REPRESENTATION('',(#9839),#9843);
#9839 = CIRCLE('',#9840,0.75);
#9840 = AXIS2_PLACEMENT_2D('',#9841,#9842);
#9841 = CARTESIAN_POINT('',(-0.284408041958,-0.337648405701));
#9842 = DIRECTION('',(-0.402220844067,-0.915542676557));
#9843 = ( GEOMETRIC_REPRESENTATION_CONTEXT(2) 
PARAMETRIC_REPRESENTATION_CONTEXT() REPRESENTATION_CONTEXT('2D SPACE',''
  ) );
#9844 = ORIENTED_EDGE('',*,*,#9748,.T.);
#9845 = ORIENTED_EDGE('',*,*,#9029,.T.);
#9846 = ADVANCED_FACE('',(#9847),#8141,.F.);
#9847 = FACE_BOUND('',#9848,.T.);
#9848 = EDGE_LOOP('',(#9849,#9874,#9898,#9921,#9943,#9944,#9972));
#9849 = ORIENTED_EDGE('',*,*,#9850,.F.);
#9850 = EDGE_CURVE('',#9851,#9853,#9855,.T.);
#9851 = VERTEX_POINT('',#9852);
#9852 = CARTESIAN_POINT('',(-5.946737269315,-1.286104656676,0.));
#9853 = VERTEX_POINT('',#9854);
#9854 = CARTESIAN_POINT('',(-2.191871106637,-1.286104656676,0.));
#9855 = SURFACE_CURVE('',#9856,(#9860,#9867),.PCURVE_S1.);
#9856 = LINE('',#9857,#9858);
#9857 = CARTESIAN_POINT('',(4.,-1.286104656676,0.));
#9858 = VECTOR('',#9859,1.);
#9859 = DIRECTION('',(1.,0.,0.));
#9860 = PCURVE('',#8141,#9861);
#9861 = DEFINITIONAL_REPRESENTATION('',(#9862),#9866);
#9862 = LINE('',#9863,#9864);
#9863 = CARTESIAN_POINT('',(4.,-1.286104656676));
#9864 = VECTOR('',#9865,1.);
#9865 = DIRECTION('',(1.,0.));
#9866 = ( GEOMETRIC_REPRESENTATION_CONTEXT(2) 
PARAMETRIC_REPRESENTATION_CONTEXT() REPRESENTATION_CONTEXT('2D SPACE',''
  ) );
#9867 = PCURVE('',#2844,#9868);
#9868 = DEFINITIONAL_REPRESENTATION('',(#9869),#9873);
#9869 = LINE('',#9870,#9871);
#9870 = CARTESIAN_POINT('',(7.024950239277,0.));
#9871 = VECTOR('',#9872,1.);
#9872 = DIRECTION('',(0.,-1.));
#9873 = ( GEOMETRIC_REPRESENTATION_CONTEXT(2) 
PARAMETRIC_REPRESENTATION_CONTEXT() REPRESENTATION_CONTEXT('2D SPACE',''
  ) );
#9874 = ORIENTED_EDGE('',*,*,#9875,.T.);
#9875 = EDGE_CURVE('',#9851,#9876,#9878,.T.);
#9876 = VERTEX_POINT('',#9877);
#9877 = CARTESIAN_POINT('',(-6.036104656676,-1.196737269315,0.));
#9878 = SURFACE_CURVE('',#9879,(#9884,#9891),.PCURVE_S1.);
#9879 = CIRCLE('',#9880,3.052184875584);
#9880 = AXIS2_PLACEMENT_3D('',#9881,#9882,#9883);
#9881 = CARTESIAN_POINT('',(-8.149178971877,-3.399178971877,0.));
#9882 = DIRECTION('',(0.,0.,1.));
#9883 = DIRECTION('',(1.,0.,-0.));
#9884 = PCURVE('',#8141,#9885);
#9885 = DEFINITIONAL_REPRESENTATION('',(#9886),#9890);
#9886 = CIRCLE('',#9887,3.052184875584);
#9887 = AXIS2_PLACEMENT_2D('',#9888,#9889);
#9888 = CARTESIAN_POINT('',(-8.149178971877,-3.399178971877));
#9889 = DIRECTION('',(1.,0.));
#9890 = ( GEOMETRIC_REPRESENTATION_CONTEXT(2) 
PARAMETRIC_REPRESENTATION_CONTEXT() REPRESENTATION_CONTEXT('2D SPACE',''
  ) );
#9891 = PCURVE('',#3051,#9892);
#9892 = DEFINITIONAL_REPRESENTATION('',(#9893),#9897);
#9893 = LINE('',#9894,#9895);
#9894 = CARTESIAN_POINT('',(1.110223024625E-16,3.));
#9895 = VECTOR('',#9896,1.);
#9896 = DIRECTION('',(1.,0.));
#9897 = ( GEOMETRIC_REPRESENTATION_CONTEXT(2) 
PARAMETRIC_REPRESENTATION_CONTEXT() REPRESENTATION_CONTEXT('2D SPACE',''
  ) );
#9898 = ORIENTED_EDGE('',*,*,#9899,.F.);
#9899 = EDGE_CURVE('',#9900,#9876,#9902,.T.);
#9900 = VERTEX_POINT('',#9901);
#9901 = CARTESIAN_POINT('',(-6.036104656676,1.196737269315,0.));
#9902 = SURFACE_CURVE('',#9903,(#9907,#9914),.PCURVE_S1.);
#9903 = LINE('',#9904,#9905);
#9904 = CARTESIAN_POINT('',(-6.036104656676,-1.625,0.));
#9905 = VECTOR('',#9906,1.);
#9906 = DIRECTION('',(-5.871371764845E-17,-1.,0.));
#9907 = PCURVE('',#8141,#9908);
#9908 = DEFINITIONAL_REPRESENTATION('',(#9909),#9913);
#9909 = LINE('',#9910,#9911);
#9910 = CARTESIAN_POINT('',(-6.036104656676,-1.625));
#9911 = VECTOR('',#9912,1.);
#9912 = DIRECTION('',(-5.871371764845E-17,-1.));
#9913 = ( GEOMETRIC_REPRESENTATION_CONTEXT(2) 
PARAMETRIC_REPRESENTATION_CONTEXT() REPRESENTATION_CONTEXT('2D SPACE',''
  ) );
#9914 = PCURVE('',#4387,#9915);
#9915 = DEFINITIONAL_REPRESENTATION('',(#9916),#9920);
#9916 = LINE('',#9917,#9918);
#9917 = CARTESIAN_POINT('',(7.024950239277,0.));
#9918 = VECTOR('',#9919,1.);
#9919 = DIRECTION('',(3.710832955876E-16,-1.));
#9920 = ( GEOMETRIC_REPRESENTATION_CONTEXT(2) 
PARAMETRIC_REPRESENTATION_CONTEXT() REPRESENTATION_CONTEXT('2D SPACE',''
  ) );
#9921 = ORIENTED_EDGE('',*,*,#9922,.T.);
#9922 = EDGE_CURVE('',#9900,#8102,#9923,.T.);
#9923 = SURFACE_CURVE('',#9924,(#9929,#9936),.PCURVE_S1.);
#9924 = CIRCLE('',#9925,3.052184875584);
#9925 = AXIS2_PLACEMENT_3D('',#9926,#9927,#9928);
#9926 = CARTESIAN_POINT('',(-8.149178971877,3.399178971877,0.));
#9927 = DIRECTION('',(0.,0.,1.));
#9928 = DIRECTION('',(1.,0.,-0.));
#9929 = PCURVE('',#8141,#9930);
#9930 = DEFINITIONAL_REPRESENTATION('',(#9931),#9935);
#9931 = CIRCLE('',#9932,3.052184875584);
#9932 = AXIS2_PLACEMENT_2D('',#9933,#9934);
#9933 = CARTESIAN_POINT('',(-8.149178971877,3.399178971877));
#9934 = DIRECTION('',(1.,0.));
#9935 = ( GEOMETRIC_REPRESENTATION_CONTEXT(2) 
PARAMETRIC_REPRESENTATION_CONTEXT() REPRESENTATION_CONTEXT('2D SPACE',''
  ) );
#9936 = PCURVE('',#4816,#9937);
#9937 = DEFINITIONAL_REPRESENTATION('',(#9938),#9942);
#9938 = LINE('',#9939,#9940);
#9939 = CARTESIAN_POINT('',(0.,3.));
#9940 = VECTOR('',#9941,1.);
#9941 = DIRECTION('',(1.,0.));
#9942 = ( GEOMETRIC_REPRESENTATION_CONTEXT(2) 
PARAMETRIC_REPRESENTATION_CONTEXT() REPRESENTATION_CONTEXT('2D SPACE',''
  ) );
#9943 = ORIENTED_EDGE('',*,*,#8125,.F.);
#9944 = ORIENTED_EDGE('',*,*,#9945,.F.);
#9945 = EDGE_CURVE('',#9946,#8126,#9948,.T.);
#9946 = VERTEX_POINT('',#9947);
#9947 = CARTESIAN_POINT('',(-2.541331174017,0.,0.));
#9948 = SURFACE_CURVE('',#9949,(#9954,#9965),.PCURVE_S1.);
#9949 = CIRCLE('',#9950,2.541331174017);
#9950 = AXIS2_PLACEMENT_3D('',#9951,#9952,#9953);
#9951 = CARTESIAN_POINT('',(0.,0.,0.));
#9952 = DIRECTION('',(0.,0.,-1.));
#9953 = DIRECTION('',(1.,0.,0.));
#9954 = PCURVE('',#8141,#9955);
#9955 = DEFINITIONAL_REPRESENTATION('',(#9956),#9964);
#9956 = ( BOUNDED_CURVE() B_SPLINE_CURVE(2,(#9957,#9958,#9959,#9960,
#9961,#9962,#9963),.UNSPECIFIED.,.T.,.F.) B_SPLINE_CURVE_WITH_KNOTS((1,2
    ,2,2,2,1),(-2.094395102393,0.,2.094395102393,4.188790204786,
6.28318530718,8.377580409573),.UNSPECIFIED.) CURVE() 
GEOMETRIC_REPRESENTATION_ITEM() RATIONAL_B_SPLINE_CURVE((1.,0.5,1.,0.5,
1.,0.5,1.)) REPRESENTATION_ITEM('') );
#9957 = CARTESIAN_POINT('',(2.541331174017,0.));
#9958 = CARTESIAN_POINT('',(2.541331174017,-4.401714712257));
#9959 = CARTESIAN_POINT('',(-1.270665587009,-2.200857356128));
#9960 = CARTESIAN_POINT('',(-5.082662348035,-6.224466175668E-16));
#9961 = CARTESIAN_POINT('',(-1.270665587009,2.200857356128));
#9962 = CARTESIAN_POINT('',(2.541331174017,4.401714712257));
#9963 = CARTESIAN_POINT('',(2.541331174017,0.));
#9964 = ( GEOMETRIC_REPRESENTATION_CONTEXT(2) 
PARAMETRIC_REPRESENTATION_CONTEXT() REPRESENTATION_CONTEXT('2D SPACE',''
  ) );
#9965 = PCURVE('',#8232,#9966);
#9966 = DEFINITIONAL_REPRESENTATION('',(#9967),#9971);
#9967 = LINE('',#9968,#9969);
#9968 = CARTESIAN_POINT('',(12.566370614359,1.570796326795));
#9969 = VECTOR('',#9970,1.);
#9970 = DIRECTION('',(-1.,1.25536847094E-15));
#9971 = ( GEOMETRIC_REPRESENTATION_CONTEXT(2) 
PARAMETRIC_REPRESENTATION_CONTEXT() REPRESENTATION_CONTEXT('2D SPACE',''
  ) );
#9972 = ORIENTED_EDGE('',*,*,#9973,.F.);
#9973 = EDGE_CURVE('',#9853,#9946,#9974,.T.);
#9974 = SURFACE_CURVE('',#9975,(#9980,#9991),.PCURVE_S1.);
#9975 = CIRCLE('',#9976,2.541331174017);
#9976 = AXIS2_PLACEMENT_3D('',#9977,#9978,#9979);
#9977 = CARTESIAN_POINT('',(0.,0.,0.));
#9978 = DIRECTION('',(0.,0.,-1.));
#9979 = DIRECTION('',(1.,0.,0.));
#9980 = PCURVE('',#8141,#9981);
#9981 = DEFINITIONAL_REPRESENTATION('',(#9982),#9990);
#9982 = ( BOUNDED_CURVE() B_SPLINE_CURVE(2,(#9983,#9984,#9985,#9986,
#9987,#9988,#9989),.UNSPECIFIED.,.T.,.F.) B_SPLINE_CURVE_WITH_KNOTS((1,2
    ,2,2,2,1),(-2.094395102393,0.,2.094395102393,4.188790204786,
6.28318530718,8.377580409573),.UNSPECIFIED.) CURVE() 
GEOMETRIC_REPRESENTATION_ITEM() RATIONAL_B_SPLINE_CURVE((1.,0.5,1.,0.5,
1.,0.5,1.)) REPRESENTATION_ITEM('') );
#9983 = CARTESIAN_POINT('',(2.541331174017,0.));
#9984 = CARTESIAN_POINT('',(2.541331174017,-4.401714712257));
#9985 = CARTESIAN_POINT('',(-1.270665587009,-2.200857356128));
#9986 = CARTESIAN_POINT('',(-5.082662348035,-6.224466175668E-16));
#9987 = CARTESIAN_POINT('',(-1.270665587009,2.200857356128));
#9988 = CARTESIAN_POINT('',(2.541331174017,4.401714712257));
#9989 = CARTESIAN_POINT('',(2.541331174017,0.));
#9990 = ( GEOMETRIC_REPRESENTATION_CONTEXT(2) 
PARAMETRIC_REPRESENTATION_CONTEXT() REPRESENTATION_CONTEXT('2D SPACE',''
  ) );
#9991 = PCURVE('',#8232,#9992);
#9992 = DEFINITIONAL_REPRESENTATION('',(#9993),#9997);
#9993 = LINE('',#9994,#9995);
#9994 = CARTESIAN_POINT('',(6.28318530718,1.570796326795));
#9995 = VECTOR('',#9996,1.);
#9996 = DIRECTION('',(-1.,-1.67382462792E-15));
#9997 = ( GEOMETRIC_REPRESENTATION_CONTEXT(2) 
PARAMETRIC_REPRESENTATION_CONTEXT() REPRESENTATION_CONTEXT('2D SPACE',''
  ) );
#9998 = ADVANCED_FACE('',(#9999),#8232,.F.);
#9999 = FACE_BOUND('',#10000,.F.);
#10000 = EDGE_LOOP('',(#10001,#10025,#10026,#10156,#10182,#10183,#10184,
    #10185));
#10001 = ORIENTED_EDGE('',*,*,#10002,.T.);
#10002 = EDGE_CURVE('',#10003,#9946,#10005,.T.);
#10003 = VERTEX_POINT('',#10004);
#10004 = CARTESIAN_POINT('',(-1.545136475926,0.,-0.912844257252));
#10005 = SEAM_CURVE('',#10006,(#10011,#10018),.PCURVE_S1.);
#10006 = CIRCLE('',#10007,1.);
#10007 = AXIS2_PLACEMENT_3D('',#10008,#10009,#10010);
#10008 = CARTESIAN_POINT('',(-2.541331174017,0.,-1.));
#10009 = DIRECTION('',(1.567522169023E-16,-1.,0.));
#10010 = DIRECTION('',(-1.,-1.567522169023E-16,0.));
#10011 = PCURVE('',#8232,#10012);
#10012 = DEFINITIONAL_REPRESENTATION('',(#10013),#10017);
#10013 = LINE('',#10014,#10015);
#10014 = CARTESIAN_POINT('',(3.14159265359,6.28318530718));
#10015 = VECTOR('',#10016,1.);
#10016 = DIRECTION('',(0.,-1.));
#10017 = ( GEOMETRIC_REPRESENTATION_CONTEXT(2) 
PARAMETRIC_REPRESENTATION_CONTEXT() REPRESENTATION_CONTEXT('2D SPACE',''
  ) );
#10018 = PCURVE('',#8232,#10019);
#10019 = DEFINITIONAL_REPRESENTATION('',(#10020),#10024);
#10020 = LINE('',#10021,#10022);
#10021 = CARTESIAN_POINT('',(9.424777960769,6.28318530718));
#10022 = VECTOR('',#10023,1.);
#10023 = DIRECTION('',(0.,-1.));
#10024 = ( GEOMETRIC_REPRESENTATION_CONTEXT(2) 
PARAMETRIC_REPRESENTATION_CONTEXT() REPRESENTATION_CONTEXT('2D SPACE',''
  ) );
#10025 = ORIENTED_EDGE('',*,*,#9973,.F.);
#10026 = ORIENTED_EDGE('',*,*,#10027,.F.);
#10027 = EDGE_CURVE('',#10028,#9853,#10030,.T.);
#10028 = VERTEX_POINT('',#10029);
#10029 = CARTESIAN_POINT('',(2.191871106637,-1.286104656676,0.));
#10030 = SURFACE_CURVE('',#10031,(#10054,#10105),.PCURVE_S1.);
#10031 = B_SPLINE_CURVE_WITH_KNOTS('',3,(#10032,#10033,#10034,#10035,
    #10036,#10037,#10038,#10039,#10040,#10041,#10042,#10043,#10044,
    #10045,#10046,#10047,#10048,#10049,#10050,#10051,#10052,#10053),
  .UNSPECIFIED.,.F.,.F.,(4,2,2,2,2,2,2,2,2,2,4),(-0.470452214289,
    -0.469597856682,-0.318530910868,-0.273182741856,-0.240658278546,
    -0.222005591155,-0.203768526562,-0.173911588771,-8.478704997947E-02,
    0.,7.517244746687E-04),.UNSPECIFIED.);
#10032 = CARTESIAN_POINT('',(2.191871106637,-1.286104656676,0.));
#10033 = CARTESIAN_POINT('',(2.18958533071,-1.287131303019,
    2.52194704962E-16));
#10034 = CARTESIAN_POINT('',(2.18729907245,-1.288156884013,
    -3.162004408279E-06));
#10035 = CARTESIAN_POINT('',(1.780674353726,-1.470333023833,
    -1.124196316321E-03));
#10036 = CARTESIAN_POINT('',(1.361324645826,-1.617834254268,
    -0.100356443925));
#10037 = CARTESIAN_POINT('',(0.75880439988,-1.721622952089,
    -0.25079250819));
#10038 = CARTESIAN_POINT('',(0.621715987223,-1.738461533393,
    -0.284926554113));
#10039 = CARTESIAN_POINT('',(0.384249170998,-1.75760272677,
    -0.332238397778));
#10040 = CARTESIAN_POINT('',(0.283911133285,-1.762709713597,
    -0.348540851362));
#10041 = CARTESIAN_POINT('',(0.124139411621,-1.767009475365,
    -0.363029573975));
#10042 = CARTESIAN_POINT('',(6.629318294368E-02,-1.767791385763,
    -0.365918107031));
#10043 = CARTESIAN_POINT('',(-4.94768237798E-02,-1.767919983513,
    -0.366380962339));
#10044 = CARTESIAN_POINT('',(-0.106059596294,-1.767296829937,
    -0.364067631104));
#10045 = CARTESIAN_POINT('',(-0.256358696635,-1.763701034767,
    -0.351794971185));
#10046 = CARTESIAN_POINT('',(-0.348452954345,-1.759509602636,
    -0.338059333474));
#10047 = CARTESIAN_POINT('',(-0.712538032231,-1.73330709815,
    -0.269754418919));
#10048 = CARTESIAN_POINT('',(-1.006581370625,-1.690133407442,
    -0.183451548376));
#10049 = CARTESIAN_POINT('',(-1.648402332546,-1.513983273685,
    -4.148399176625E-02));
#10050 = CARTESIAN_POINT('',(-1.92709198495,-1.404734948681,
    -7.205337229931E-04));
#10051 = CARTESIAN_POINT('',(-2.187299072448,-1.288156884014,
    -3.162004413309E-06));
#10052 = CARTESIAN_POINT('',(-2.189585330712,-1.287131303018,
    2.499380032117E-16));
#10053 = CARTESIAN_POINT('',(-2.191871106637,-1.286104656676,0.));
#10054 = PCURVE('',#8232,#10055);
#10055 = DEFINITIONAL_REPRESENTATION('',(#10056),#10104);
#10056 = B_SPLINE_CURVE_WITH_KNOTS('',3,(#10057,#10058,#10059,#10060,
    #10061,#10062,#10063,#10064,#10065,#10066,#10067,#10068,#10069,
    #10070,#10071,#10072,#10073,#10074,#10075,#10076,#10077,#10078,
    #10079,#10080,#10081,#10082,#10083,#10084,#10085,#10086,#10087,
    #10088,#10089,#10090,#10091,#10092,#10093,#10094,#10095,#10096,
    #10097,#10098,#10099,#10100,#10101,#10102,#10103),.UNSPECIFIED.,.F.,
  .F.,(4,1,1,1,1,1,1,1,1,1,1,1,1,1,1,1,1,1,1,1,1,1,1,1,1,1,1,1,1,1,1,1,1
    ,1,1,1,1,1,1,1,1,1,1,1,4),(-0.470452214289,-0.459743033862,
    -0.449033853436,-0.43832467301,-0.427615492583,-0.416906312157,
    -0.40619713173,-0.395487951304,-0.384778770877,-0.374069590451,
    -0.363360410024,-0.352651229598,-0.341942049172,-0.331232868745,
    -0.320523688319,-0.309814507892,-0.299105327466,-0.288396147039,
    -0.277686966613,-0.266977786186,-0.25626860576,-0.245559425334,
    -0.234850244907,-0.224141064481,-0.213431884054,-0.202722703628,
    -0.192013523201,-0.181304342775,-0.170595162348,-0.159885981922,
    -0.149176801496,-0.138467621069,-0.127758440643,-0.117049260216,
    -0.10634007979,-9.563089936334E-02,-8.49217189369E-02,
    -7.421253851045E-02,-6.3503358084E-02,-5.279417765756E-02,
    -4.208499723111E-02,-3.137581680467E-02,-2.066663637822E-02,
    -9.957455951777E-03,7.517244746687E-04),.UNSPECIFIED.);
#10057 = CARTESIAN_POINT('',(5.752557184684,1.570796326795));
#10058 = CARTESIAN_POINT('',(5.742483845851,1.588993837674));
#10059 = CARTESIAN_POINT('',(5.721989633568,1.624920438927));
#10060 = CARTESIAN_POINT('',(5.690169540297,1.677535211809));
#10061 = CARTESIAN_POINT('',(5.657235622982,1.729013546848));
#10062 = CARTESIAN_POINT('',(5.623148906116,1.779464179979));
#10063 = CARTESIAN_POINT('',(5.587867674264,1.828973380406));
#10064 = CARTESIAN_POINT('',(5.551347070638,1.877600993958));
#10065 = CARTESIAN_POINT('',(5.513539249884,1.925380329831));
#10066 = CARTESIAN_POINT('',(5.474393484776,1.972317808389));
#10067 = CARTESIAN_POINT('',(5.433856683201,2.01839323338));
#10068 = CARTESIAN_POINT('',(5.391873325364,2.063561279049));
#10069 = CARTESIAN_POINT('',(5.348388599728,2.107750953619));
#10070 = CARTESIAN_POINT('',(5.303340925486,2.150875304526));
#10071 = CARTESIAN_POINT('',(5.25669567336,2.192805261997));
#10072 = CARTESIAN_POINT('',(5.208327005506,2.233479233813));
#10073 = CARTESIAN_POINT('',(5.158468682665,2.272507272577));
#10074 = CARTESIAN_POINT('',(5.108022802766,2.308786877459));
#10075 = CARTESIAN_POINT('',(5.056675955423,2.342249179694));
#10076 = CARTESIAN_POINT('',(5.004416537249,2.372482451824));
#10077 = CARTESIAN_POINT('',(4.951155425513,2.399136567202));
#10078 = CARTESIAN_POINT('',(4.896697350969,2.421593270855));
#10079 = CARTESIAN_POINT('',(4.841181280379,2.439069054124));
#10080 = CARTESIAN_POINT('',(4.784773968512,2.450740339766));
#10081 = CARTESIAN_POINT('',(4.728197336274,2.455958483288));
#10082 = CARTESIAN_POINT('',(4.671237626923,2.454441845025));
#10083 = CARTESIAN_POINT('',(4.614727108874,2.446296303768));
#10084 = CARTESIAN_POINT('',(4.558681503329,2.431927648395));
#10085 = CARTESIAN_POINT('',(4.503687596008,2.412153413578));
#10086 = CARTESIAN_POINT('',(4.449937125943,2.38783617982));
#10087 = CARTESIAN_POINT('',(4.396053545191,2.358960111962));
#10088 = CARTESIAN_POINT('',(4.341981170293,2.325749661033));
#10089 = CARTESIAN_POINT('',(4.287814094669,2.28850061766));
#10090 = CARTESIAN_POINT('',(4.233598614679,2.247424817484));
#10091 = CARTESIAN_POINT('',(4.179402285432,2.202696067456));
#10092 = CARTESIAN_POINT('',(4.125247632536,2.1543751082));
#10093 = CARTESIAN_POINT('',(4.071319972768,2.102617555235));
#10094 = CARTESIAN_POINT('',(4.017212713406,2.046875756323));
#10095 = CARTESIAN_POINT('',(3.964746535913,1.988852686105));
#10096 = CARTESIAN_POINT('',(3.915621922241,1.930696264523));
#10097 = CARTESIAN_POINT('',(3.869127185369,1.871962655136));
#10098 = CARTESIAN_POINT('',(3.825213593235,1.812834399307));
#10099 = CARTESIAN_POINT('',(3.783674676282,1.753257488327));
#10100 = CARTESIAN_POINT('',(3.744367564614,1.693172740352));
#10101 = CARTESIAN_POINT('',(3.707152547968,1.632463717733));
#10102 = CARTESIAN_POINT('',(3.683659032866,1.591458443798));
#10103 = CARTESIAN_POINT('',(3.672220776085,1.570796326795));
#10104 = ( GEOMETRIC_REPRESENTATION_CONTEXT(2) 
PARAMETRIC_REPRESENTATION_CONTEXT() REPRESENTATION_CONTEXT('2D SPACE',''
  ) );
#10105 = PCURVE('',#2844,#10106);
#10106 = DEFINITIONAL_REPRESENTATION('',(#10107),#10155);
#10107 = B_SPLINE_CURVE_WITH_KNOTS('',3,(#10108,#10109,#10110,#10111,
    #10112,#10113,#10114,#10115,#10116,#10117,#10118,#10119,#10120,
    #10121,#10122,#10123,#10124,#10125,#10126,#10127,#10128,#10129,
    #10130,#10131,#10132,#10133,#10134,#10135,#10136,#10137,#10138,
    #10139,#10140,#10141,#10142,#10143,#10144,#10145,#10146,#10147,
    #10148,#10149,#10150,#10151,#10152,#10153,#10154),.UNSPECIFIED.,.F.,
  .F.,(4,1,1,1,1,1,1,1,1,1,1,1,1,1,1,1,1,1,1,1,1,1,1,1,1,1,1,1,1,1,1,1,1
    ,1,1,1,1,1,1,1,1,1,1,1,4),(-0.470452214289,-0.459743033862,
    -0.449033853436,-0.43832467301,-0.427615492583,-0.416906312157,
    -0.40619713173,-0.395487951304,-0.384778770877,-0.374069590451,
    -0.363360410024,-0.352651229598,-0.341942049172,-0.331232868745,
    -0.320523688319,-0.309814507892,-0.299105327466,-0.288396147039,
    -0.277686966613,-0.266977786186,-0.25626860576,-0.245559425334,
    -0.234850244907,-0.224141064481,-0.213431884054,-0.202722703628,
    -0.192013523201,-0.181304342775,-0.170595162348,-0.159885981922,
    -0.149176801496,-0.138467621069,-0.127758440643,-0.117049260216,
    -0.10634007979,-9.563089936334E-02,-8.49217189369E-02,
    -7.421253851045E-02,-6.3503358084E-02,-5.279417765756E-02,
    -4.208499723111E-02,-3.137581680467E-02,-2.066663637822E-02,
    -9.957455951777E-03,7.517244746687E-04),.UNSPECIFIED.);
#10108 = CARTESIAN_POINT('',(7.024950239277,1.808128893363));
#10109 = CARTESIAN_POINT('',(6.999216310881,1.836780568155));
#10110 = CARTESIAN_POINT('',(6.948407204837,1.894233140491));
#10111 = CARTESIAN_POINT('',(6.873926013371,1.980921770305));
#10112 = CARTESIAN_POINT('',(6.80091520701,2.06818227957));
#10113 = CARTESIAN_POINT('',(6.729176745716,2.156076758645));
#10114 = CARTESIAN_POINT('',(6.658557127254,2.244667301387));
#10115 = CARTESIAN_POINT('',(6.588952301333,2.334016005444));
#10116 = CARTESIAN_POINT('',(6.520303763986,2.424184949801));
#10117 = CARTESIAN_POINT('',(6.452595029813,2.5152362843));
#10118 = CARTESIAN_POINT('',(6.385846657407,2.607231894027));
#10119 = CARTESIAN_POINT('',(6.320109317171,2.700234652227));
#10120 = CARTESIAN_POINT('',(6.255460169193,2.79430374427));
#10121 = CARTESIAN_POINT('',(6.191983611986,2.889512118867));
#10122 = CARTESIAN_POINT('',(6.129808794646,2.985881359232));
#10123 = CARTESIAN_POINT('',(6.068935375458,3.083624747237));
#10124 = CARTESIAN_POINT('',(6.009851355794,3.182240135613));
#10125 = CARTESIAN_POINT('',(5.954438774698,3.280014700965));
#10126 = CARTESIAN_POINT('',(5.902891423953,3.377674534876));
#10127 = CARTESIAN_POINT('',(5.855929539853,3.475344547124));
#10128 = CARTESIAN_POINT('',(5.81412574035,3.573324955399));
#10129 = CARTESIAN_POINT('',(5.778626234243,3.672122804003));
#10130 = CARTESIAN_POINT('',(5.750798482097,3.771684435535));
#10131 = CARTESIAN_POINT('',(5.732108231235,3.871979150102));
#10132 = CARTESIAN_POINT('',(5.723737218818,3.972070139975));
#10133 = CARTESIAN_POINT('',(5.726164629124,4.072727077485));
#10134 = CARTESIAN_POINT('',(5.739239301466,4.17287921643));
#10135 = CARTESIAN_POINT('',(5.762187715215,4.272873740101));
#10136 = CARTESIAN_POINT('',(5.793577849038,4.371977240066));
#10137 = CARTESIAN_POINT('',(5.831890857334,4.470065091187));
#10138 = CARTESIAN_POINT('',(5.877018171958,4.569861391478));
#10139 = CARTESIAN_POINT('',(5.928456067338,4.671738570496));
#10140 = CARTESIAN_POINT('',(5.985599752003,4.775774365445));
#10141 = CARTESIAN_POINT('',(6.047990758275,4.88213168462));
#10142 = CARTESIAN_POINT('',(6.115248783734,4.990927444303));
#10143 = CARTESIAN_POINT('',(6.187196152814,5.102377357742));
#10144 = CARTESIAN_POINT('',(6.263534915257,5.216347942331));
#10145 = CARTESIAN_POINT('',(6.345115202045,5.334003701915));
#10146 = CARTESIAN_POINT('',(6.429263693536,5.451666390383));
#10147 = CARTESIAN_POINT('',(6.512902943333,5.565335136962));
#10148 = CARTESIAN_POINT('',(6.596970900133,5.67628731557));
#10149 = CARTESIAN_POINT('',(6.681332458638,5.784386827743));
#10150 = CARTESIAN_POINT('',(6.76615440471,5.88987620679));
#10151 = CARTESIAN_POINT('',(6.85155065467,5.992896931306));
#10152 = CARTESIAN_POINT('',(6.937681135939,6.093616066974));
#10153 = CARTESIAN_POINT('',(6.995733227509,6.159338279545));
#10154 = CARTESIAN_POINT('',(7.024950239277,6.191871106637));
#10155 = ( GEOMETRIC_REPRESENTATION_CONTEXT(2) 
PARAMETRIC_REPRESENTATION_CONTEXT() REPRESENTATION_CONTEXT('2D SPACE',''
  ) );
#10156 = ORIENTED_EDGE('',*,*,#10157,.F.);
#10157 = EDGE_CURVE('',#8154,#10028,#10158,.T.);
#10158 = SURFACE_CURVE('',#10159,(#10164,#10171),.PCURVE_S1.);
#10159 = CIRCLE('',#10160,2.541331174017);
#10160 = AXIS2_PLACEMENT_3D('',#10161,#10162,#10163);
#10161 = CARTESIAN_POINT('',(0.,0.,0.));
#10162 = DIRECTION('',(0.,0.,-1.));
#10163 = DIRECTION('',(1.,0.,0.));
#10164 = PCURVE('',#8232,#10165);
#10165 = DEFINITIONAL_REPRESENTATION('',(#10166),#10170);
#10166 = LINE('',#10167,#10168);
#10167 = CARTESIAN_POINT('',(12.566370614359,1.570796326795));
#10168 = VECTOR('',#10169,1.);
#10169 = DIRECTION('',(-1.,-1.04614039245E-15));
#10170 = ( GEOMETRIC_REPRESENTATION_CONTEXT(2) 
PARAMETRIC_REPRESENTATION_CONTEXT() REPRESENTATION_CONTEXT('2D SPACE',''
  ) );
#10171 = PCURVE('',#8304,#10172);
#10172 = DEFINITIONAL_REPRESENTATION('',(#10173),#10181);
#10173 = ( BOUNDED_CURVE() B_SPLINE_CURVE(2,(#10174,#10175,#10176,#10177
    ,#10178,#10179,#10180),.UNSPECIFIED.,.T.,.F.) 
B_SPLINE_CURVE_WITH_KNOTS((1,2,2,2,2,1),(-2.094395102393,0.,
    2.094395102393,4.188790204786,6.28318530718,8.377580409573),
.UNSPECIFIED.) CURVE() GEOMETRIC_REPRESENTATION_ITEM() 
RATIONAL_B_SPLINE_CURVE((1.,0.5,1.,0.5,1.,0.5,1.)) REPRESENTATION_ITEM(
  '') );
#10174 = CARTESIAN_POINT('',(2.541331174017,0.));
#10175 = CARTESIAN_POINT('',(2.541331174017,-4.401714712257));
#10176 = CARTESIAN_POINT('',(-1.270665587009,-2.200857356128));
#10177 = CARTESIAN_POINT('',(-5.082662348035,-6.224466175668E-16));
#10178 = CARTESIAN_POINT('',(-1.270665587009,2.200857356128));
#10179 = CARTESIAN_POINT('',(2.541331174017,4.401714712257));
#10180 = CARTESIAN_POINT('',(2.541331174017,0.));
#10181 = ( GEOMETRIC_REPRESENTATION_CONTEXT(2) 
PARAMETRIC_REPRESENTATION_CONTEXT() REPRESENTATION_CONTEXT('2D SPACE',''
  ) );
#10182 = ORIENTED_EDGE('',*,*,#8153,.F.);
#10183 = ORIENTED_EDGE('',*,*,#9945,.F.);
#10184 = ORIENTED_EDGE('',*,*,#10002,.F.);
#10185 = ORIENTED_EDGE('',*,*,#10186,.F.);
#10186 = EDGE_CURVE('',#10003,#10003,#10187,.T.);
#10187 = SURFACE_CURVE('',#10188,(#10193,#10200),.PCURVE_S1.);
#10188 = CIRCLE('',#10189,1.545136475926);
#10189 = AXIS2_PLACEMENT_3D('',#10190,#10191,#10192);
#10190 = CARTESIAN_POINT('',(0.,0.,-0.912844257252));
#10191 = DIRECTION('',(0.,0.,1.));
#10192 = DIRECTION('',(1.,0.,-0.));
#10193 = PCURVE('',#8232,#10194);
#10194 = DEFINITIONAL_REPRESENTATION('',(#10195),#10199);
#10195 = LINE('',#10196,#10197);
#10196 = CARTESIAN_POINT('',(0.,3.05432619099));
#10197 = VECTOR('',#10198,1.);
#10198 = DIRECTION('',(1.,0.));
#10199 = ( GEOMETRIC_REPRESENTATION_CONTEXT(2) 
PARAMETRIC_REPRESENTATION_CONTEXT() REPRESENTATION_CONTEXT('2D SPACE',''
  ) );
#10200 = PCURVE('',#10201,#10206);
#10201 = CONICAL_SURFACE('',#10202,1.625,8.726646259972E-02);
#10202 = AXIS2_PLACEMENT_3D('',#10203,#10204,#10205);
#10203 = CARTESIAN_POINT('',(0.,0.,0.));
#10204 = DIRECTION('',(0.,0.,1.));
#10205 = DIRECTION('',(1.,0.,-0.));
#10206 = DEFINITIONAL_REPRESENTATION('',(#10207),#10211);
#10207 = LINE('',#10208,#10209);
#10208 = CARTESIAN_POINT('',(-6.28318530718,-0.912844257252));
#10209 = VECTOR('',#10210,1.);
#10210 = DIRECTION('',(1.,0.));
#10211 = ( GEOMETRIC_REPRESENTATION_CONTEXT(2) 
PARAMETRIC_REPRESENTATION_CONTEXT() REPRESENTATION_CONTEXT('2D SPACE',''
  ) );
#10212 = ADVANCED_FACE('',(#10213),#10201,.T.);
#10213 = FACE_BOUND('',#10214,.T.);
#10214 = EDGE_LOOP('',(#10215,#10248,#10269,#10270));
#10215 = ORIENTED_EDGE('',*,*,#10216,.T.);
#10216 = EDGE_CURVE('',#10217,#10217,#10219,.T.);
#10217 = VERTEX_POINT('',#10218);
#10218 = CARTESIAN_POINT('',(-1.537511336474,0.,-1.));
#10219 = SURFACE_CURVE('',#10220,(#10225,#10232),.PCURVE_S1.);
#10220 = CIRCLE('',#10221,1.537511336474);
#10221 = AXIS2_PLACEMENT_3D('',#10222,#10223,#10224);
#10222 = CARTESIAN_POINT('',(0.,0.,-1.));
#10223 = DIRECTION('',(0.,0.,1.));
#10224 = DIRECTION('',(1.,0.,-0.));
#10225 = PCURVE('',#10201,#10226);
#10226 = DEFINITIONAL_REPRESENTATION('',(#10227),#10231);
#10227 = LINE('',#10228,#10229);
#10228 = CARTESIAN_POINT('',(-6.28318530718,-1.));
#10229 = VECTOR('',#10230,1.);
#10230 = DIRECTION('',(1.,0.));
#10231 = ( GEOMETRIC_REPRESENTATION_CONTEXT(2) 
PARAMETRIC_REPRESENTATION_CONTEXT() REPRESENTATION_CONTEXT('2D SPACE',''
  ) );
#10232 = PCURVE('',#10233,#10238);
#10233 = PLANE('',#10234);
#10234 = AXIS2_PLACEMENT_3D('',#10235,#10236,#10237);
#10235 = CARTESIAN_POINT('',(0.,0.,-1.));
#10236 = DIRECTION('',(0.,0.,-1.));
#10237 = DIRECTION('',(1.,0.,0.));
#10238 = DEFINITIONAL_REPRESENTATION('',(#10239),#10247);
#10239 = ( BOUNDED_CURVE() B_SPLINE_CURVE(2,(#10240,#10241,#10242,#10243
    ,#10244,#10245,#10246),.UNSPECIFIED.,.T.,.F.) 
B_SPLINE_CURVE_WITH_KNOTS((1,2,2,2,2,1),(-2.094395102393,0.,
    2.094395102393,4.188790204786,6.28318530718,8.377580409573),
.UNSPECIFIED.) CURVE() GEOMETRIC_REPRESENTATION_ITEM() 
RATIONAL_B_SPLINE_CURVE((1.,0.5,1.,0.5,1.,0.5,1.)) REPRESENTATION_ITEM(
  '') );
#10240 = CARTESIAN_POINT('',(1.537511336474,0.));
#10241 = CARTESIAN_POINT('',(1.537511336474,-2.663047751986));
#10242 = CARTESIAN_POINT('',(-0.768755668237,-1.331523875993));
#10243 = CARTESIAN_POINT('',(-3.075022672948,-3.765816673732E-16));
#10244 = CARTESIAN_POINT('',(-0.768755668237,1.331523875993));
#10245 = CARTESIAN_POINT('',(1.537511336474,2.663047751986));
#10246 = CARTESIAN_POINT('',(1.537511336474,0.));
#10247 = ( GEOMETRIC_REPRESENTATION_CONTEXT(2) 
PARAMETRIC_REPRESENTATION_CONTEXT() REPRESENTATION_CONTEXT('2D SPACE',''
  ) );
#10248 = ORIENTED_EDGE('',*,*,#10249,.T.);
#10249 = EDGE_CURVE('',#10217,#10003,#10250,.T.);
#10250 = SEAM_CURVE('',#10251,(#10255,#10262),.PCURVE_S1.);
#10251 = LINE('',#10252,#10253);
#10252 = CARTESIAN_POINT('',(-1.625,0.,0.));
#10253 = VECTOR('',#10254,1.);
#10254 = DIRECTION('',(-8.715574274766E-02,1.067350013832E-17,
    0.996194698092));
#10255 = PCURVE('',#10201,#10256);
#10256 = DEFINITIONAL_REPRESENTATION('',(#10257),#10261);
#10257 = LINE('',#10258,#10259);
#10258 = CARTESIAN_POINT('',(3.14159265359,0.));
#10259 = VECTOR('',#10260,1.);
#10260 = DIRECTION('',(0.,1.));
#10261 = ( GEOMETRIC_REPRESENTATION_CONTEXT(2) 
PARAMETRIC_REPRESENTATION_CONTEXT() REPRESENTATION_CONTEXT('2D SPACE',''
  ) );
#10262 = PCURVE('',#10201,#10263);
#10263 = DEFINITIONAL_REPRESENTATION('',(#10264),#10268);
#10264 = LINE('',#10265,#10266);
#10265 = CARTESIAN_POINT('',(-3.14159265359,0.));
#10266 = VECTOR('',#10267,1.);
#10267 = DIRECTION('',(0.,1.));
#10268 = ( GEOMETRIC_REPRESENTATION_CONTEXT(2) 
PARAMETRIC_REPRESENTATION_CONTEXT() REPRESENTATION_CONTEXT('2D SPACE',''
  ) );
#10269 = ORIENTED_EDGE('',*,*,#10186,.F.);
#10270 = ORIENTED_EDGE('',*,*,#10249,.F.);
#10271 = ADVANCED_FACE('',(#10272),#10233,.T.);
#10272 = FACE_BOUND('',#10273,.T.);
#10273 = EDGE_LOOP('',(#10274));
#10274 = ORIENTED_EDGE('',*,*,#10216,.F.);
#10275 = ADVANCED_FACE('',(#10276),#8336,.T.);
#10276 = FACE_BOUND('',#10277,.T.);
#10277 = EDGE_LOOP('',(#10278,#10279,#10302,#10330,#10358));
#10278 = ORIENTED_EDGE('',*,*,#8316,.F.);
#10279 = ORIENTED_EDGE('',*,*,#10280,.T.);
#10280 = EDGE_CURVE('',#8317,#10281,#10283,.T.);
#10281 = VERTEX_POINT('',#10282);
#10282 = CARTESIAN_POINT('',(4.2,1.385640646055,0.489992435471));
#10283 = SURFACE_CURVE('',#10284,(#10288,#10295),.PCURVE_S1.);
#10284 = LINE('',#10285,#10286);
#10285 = CARTESIAN_POINT('',(4.2,1.385640646055,-0.210007564529));
#10286 = VECTOR('',#10287,1.);
#10287 = DIRECTION('',(0.,0.,1.));
#10288 = PCURVE('',#8336,#10289);
#10289 = DEFINITIONAL_REPRESENTATION('',(#10290),#10294);
#10290 = LINE('',#10291,#10292);
#10291 = CARTESIAN_POINT('',(0.,0.));
#10292 = VECTOR('',#10293,1.);
#10293 = DIRECTION('',(0.,-1.));
#10294 = ( GEOMETRIC_REPRESENTATION_CONTEXT(2) 
PARAMETRIC_REPRESENTATION_CONTEXT() REPRESENTATION_CONTEXT('2D SPACE',''
  ) );
#10295 = PCURVE('',#8368,#10296);
#10296 = DEFINITIONAL_REPRESENTATION('',(#10297),#10301);
#10297 = LINE('',#10298,#10299);
#10298 = CARTESIAN_POINT('',(2.4,0.));
#10299 = VECTOR('',#10300,1.);
#10300 = DIRECTION('',(0.,-1.));
#10301 = ( GEOMETRIC_REPRESENTATION_CONTEXT(2) 
PARAMETRIC_REPRESENTATION_CONTEXT() REPRESENTATION_CONTEXT('2D SPACE',''
  ) );
#10302 = ORIENTED_EDGE('',*,*,#10303,.T.);
#10303 = EDGE_CURVE('',#10281,#10304,#10306,.T.);
#10304 = VERTEX_POINT('',#10305);
#10305 = CARTESIAN_POINT('',(3.,-0.692820323028,0.489992435471));
#10306 = SURFACE_CURVE('',#10307,(#10311,#10318),.PCURVE_S1.);
#10307 = LINE('',#10308,#10309);
#10308 = CARTESIAN_POINT('',(4.2,1.385640646055,0.489992435471));
#10309 = VECTOR('',#10310,1.);
#10310 = DIRECTION('',(-0.5,-0.866025403784,0.));
#10311 = PCURVE('',#8336,#10312);
#10312 = DEFINITIONAL_REPRESENTATION('',(#10313),#10317);
#10313 = LINE('',#10314,#10315);
#10314 = CARTESIAN_POINT('',(0.,-0.7));
#10315 = VECTOR('',#10316,1.);
#10316 = DIRECTION('',(1.,0.));
#10317 = ( GEOMETRIC_REPRESENTATION_CONTEXT(2) 
PARAMETRIC_REPRESENTATION_CONTEXT() REPRESENTATION_CONTEXT('2D SPACE',''
  ) );
#10318 = PCURVE('',#10319,#10324);
#10319 = PLANE('',#10320);
#10320 = AXIS2_PLACEMENT_3D('',#10321,#10322,#10323);
#10321 = CARTESIAN_POINT('',(4.2,-3.083952846181E-17,0.489992435471));
#10322 = DIRECTION('',(0.,0.,1.));
#10323 = DIRECTION('',(1.,0.,-0.));
#10324 = DEFINITIONAL_REPRESENTATION('',(#10325),#10329);
#10325 = LINE('',#10326,#10327);
#10326 = CARTESIAN_POINT('',(8.881784197001E-16,1.385640646055));
#10327 = VECTOR('',#10328,1.);
#10328 = DIRECTION('',(-0.5,-0.866025403784));
#10329 = ( GEOMETRIC_REPRESENTATION_CONTEXT(2) 
PARAMETRIC_REPRESENTATION_CONTEXT() REPRESENTATION_CONTEXT('2D SPACE',''
  ) );
#10330 = ORIENTED_EDGE('',*,*,#10331,.F.);
#10331 = EDGE_CURVE('',#10332,#10304,#10334,.T.);
#10332 = VERTEX_POINT('',#10333);
#10333 = CARTESIAN_POINT('',(3.,-0.692820323028,0.));
#10334 = SURFACE_CURVE('',#10335,(#10339,#10346),.PCURVE_S1.);
#10335 = LINE('',#10336,#10337);
#10336 = CARTESIAN_POINT('',(3.,-0.692820323028,-0.210007564529));
#10337 = VECTOR('',#10338,1.);
#10338 = DIRECTION('',(0.,0.,1.));
#10339 = PCURVE('',#8336,#10340);
#10340 = DEFINITIONAL_REPRESENTATION('',(#10341),#10345);
#10341 = LINE('',#10342,#10343);
#10342 = CARTESIAN_POINT('',(2.4,0.));
#10343 = VECTOR('',#10344,1.);
#10344 = DIRECTION('',(0.,-1.));
#10345 = ( GEOMETRIC_REPRESENTATION_CONTEXT(2) 
PARAMETRIC_REPRESENTATION_CONTEXT() REPRESENTATION_CONTEXT('2D SPACE',''
  ) );
#10346 = PCURVE('',#10347,#10352);
#10347 = PLANE('',#10348);
#10348 = AXIS2_PLACEMENT_3D('',#10349,#10350,#10351);
#10349 = CARTESIAN_POINT('',(3.,-0.692820323028,-0.210007564529));
#10350 = DIRECTION('',(0.,1.,0.));
#10351 = DIRECTION('',(1.,0.,0.));
#10352 = DEFINITIONAL_REPRESENTATION('',(#10353),#10357);
#10353 = LINE('',#10354,#10355);
#10354 = CARTESIAN_POINT('',(0.,0.));
#10355 = VECTOR('',#10356,1.);
#10356 = DIRECTION('',(0.,-1.));
#10357 = ( GEOMETRIC_REPRESENTATION_CONTEXT(2) 
PARAMETRIC_REPRESENTATION_CONTEXT() REPRESENTATION_CONTEXT('2D SPACE',''
  ) );
#10358 = ORIENTED_EDGE('',*,*,#10359,.T.);
#10359 = EDGE_CURVE('',#10332,#8289,#10360,.T.);
#10360 = SURFACE_CURVE('',#10361,(#10365,#10371),.PCURVE_S1.);
#10361 = LINE('',#10362,#10363);
#10362 = CARTESIAN_POINT('',(3.375,-4.330127018922E-02,0.));
#10363 = VECTOR('',#10364,1.);
#10364 = DIRECTION('',(0.5,0.866025403784,-0.));
#10365 = PCURVE('',#8336,#10366);
#10366 = DEFINITIONAL_REPRESENTATION('',(#10367),#10370);
#10367 = B_SPLINE_CURVE_WITH_KNOTS('',1,(#10368,#10369),.UNSPECIFIED.,
  .F.,.F.,(2,2),(-0.75,1.535065739476),.PIECEWISE_BEZIER_KNOTS.);
#10368 = CARTESIAN_POINT('',(2.4,-0.210007564529));
#10369 = CARTESIAN_POINT('',(0.114934260524,-0.210007564529));
#10370 = ( GEOMETRIC_REPRESENTATION_CONTEXT(2) 
PARAMETRIC_REPRESENTATION_CONTEXT() REPRESENTATION_CONTEXT('2D SPACE',''
  ) );
#10371 = PCURVE('',#8304,#10372);
#10372 = DEFINITIONAL_REPRESENTATION('',(#10373),#10376);
#10373 = B_SPLINE_CURVE_WITH_KNOTS('',1,(#10374,#10375),.UNSPECIFIED.,
  .F.,.F.,(2,2),(-0.75,1.535065739476),.PIECEWISE_BEZIER_KNOTS.);
#10374 = CARTESIAN_POINT('',(3.,-0.692820323028));
#10375 = CARTESIAN_POINT('',(4.142532869738,1.286104656676));
#10376 = ( GEOMETRIC_REPRESENTATION_CONTEXT(2) 
PARAMETRIC_REPRESENTATION_CONTEXT() REPRESENTATION_CONTEXT('2D SPACE',''
  ) );
#10377 = ADVANCED_FACE('',(#10378),#10319,.F.);
#10378 = FACE_BOUND('',#10379,.F.);
#10379 = EDGE_LOOP('',(#10380,#10403,#10424));
#10380 = ORIENTED_EDGE('',*,*,#10381,.T.);
#10381 = EDGE_CURVE('',#10304,#10382,#10384,.T.);
#10382 = VERTEX_POINT('',#10383);
#10383 = CARTESIAN_POINT('',(5.4,-0.692820323028,0.489992435471));
#10384 = SURFACE_CURVE('',#10385,(#10389,#10396),.PCURVE_S1.);
#10385 = LINE('',#10386,#10387);
#10386 = CARTESIAN_POINT('',(3.,-0.692820323028,0.489992435471));
#10387 = VECTOR('',#10388,1.);
#10388 = DIRECTION('',(1.,0.,0.));
#10389 = PCURVE('',#10319,#10390);
#10390 = DEFINITIONAL_REPRESENTATION('',(#10391),#10395);
#10391 = LINE('',#10392,#10393);
#10392 = CARTESIAN_POINT('',(-1.2,-0.692820323028));
#10393 = VECTOR('',#10394,1.);
#10394 = DIRECTION('',(1.,0.));
#10395 = ( GEOMETRIC_REPRESENTATION_CONTEXT(2) 
PARAMETRIC_REPRESENTATION_CONTEXT() REPRESENTATION_CONTEXT('2D SPACE',''
  ) );
#10396 = PCURVE('',#10347,#10397);
#10397 = DEFINITIONAL_REPRESENTATION('',(#10398),#10402);
#10398 = LINE('',#10399,#10400);
#10399 = CARTESIAN_POINT('',(0.,-0.7));
#10400 = VECTOR('',#10401,1.);
#10401 = DIRECTION('',(1.,0.));
#10402 = ( GEOMETRIC_REPRESENTATION_CONTEXT(2) 
PARAMETRIC_REPRESENTATION_CONTEXT() REPRESENTATION_CONTEXT('2D SPACE',''
  ) );
#10403 = ORIENTED_EDGE('',*,*,#10404,.T.);
#10404 = EDGE_CURVE('',#10382,#10281,#10405,.T.);
#10405 = SURFACE_CURVE('',#10406,(#10410,#10417),.PCURVE_S1.);
#10406 = LINE('',#10407,#10408);
#10407 = CARTESIAN_POINT('',(5.4,-0.692820323028,0.489992435471));
#10408 = VECTOR('',#10409,1.);
#10409 = DIRECTION('',(-0.5,0.866025403784,0.));
#10410 = PCURVE('',#10319,#10411);
#10411 = DEFINITIONAL_REPRESENTATION('',(#10412),#10416);
#10412 = LINE('',#10413,#10414);
#10413 = CARTESIAN_POINT('',(1.2,-0.692820323028));
#10414 = VECTOR('',#10415,1.);
#10415 = DIRECTION('',(-0.5,0.866025403784));
#10416 = ( GEOMETRIC_REPRESENTATION_CONTEXT(2) 
PARAMETRIC_REPRESENTATION_CONTEXT() REPRESENTATION_CONTEXT('2D SPACE',''
  ) );
#10417 = PCURVE('',#8368,#10418);
#10418 = DEFINITIONAL_REPRESENTATION('',(#10419),#10423);
#10419 = LINE('',#10420,#10421);
#10420 = CARTESIAN_POINT('',(0.,-0.7));
#10421 = VECTOR('',#10422,1.);
#10422 = DIRECTION('',(1.,0.));
#10423 = ( GEOMETRIC_REPRESENTATION_CONTEXT(2) 
PARAMETRIC_REPRESENTATION_CONTEXT() REPRESENTATION_CONTEXT('2D SPACE',''
  ) );
#10424 = ORIENTED_EDGE('',*,*,#10303,.T.);
#10425 = ADVANCED_FACE('',(#10426),#10347,.T.);
#10426 = FACE_BOUND('',#10427,.T.);
#10427 = EDGE_LOOP('',(#10428,#10449,#10450,#10451));
#10428 = ORIENTED_EDGE('',*,*,#10429,.T.);
#10429 = EDGE_CURVE('',#10430,#10332,#10432,.T.);
#10430 = VERTEX_POINT('',#10431);
#10431 = CARTESIAN_POINT('',(5.4,-0.692820323028,0.));
#10432 = SURFACE_CURVE('',#10433,(#10437,#10443),.PCURVE_S1.);
#10433 = LINE('',#10434,#10435);
#10434 = CARTESIAN_POINT('',(1.5,-0.692820323028,0.));
#10435 = VECTOR('',#10436,1.);
#10436 = DIRECTION('',(-1.,0.,0.));
#10437 = PCURVE('',#10347,#10438);
#10438 = DEFINITIONAL_REPRESENTATION('',(#10439),#10442);
#10439 = B_SPLINE_CURVE_WITH_KNOTS('',1,(#10440,#10441),.UNSPECIFIED.,
  .F.,.F.,(2,2),(-3.9,-1.5),.PIECEWISE_BEZIER_KNOTS.);
#10440 = CARTESIAN_POINT('',(2.4,-0.210007564529));
#10441 = CARTESIAN_POINT('',(0.,-0.210007564529));
#10442 = ( GEOMETRIC_REPRESENTATION_CONTEXT(2) 
PARAMETRIC_REPRESENTATION_CONTEXT() REPRESENTATION_CONTEXT('2D SPACE',''
  ) );
#10443 = PCURVE('',#8304,#10444);
#10444 = DEFINITIONAL_REPRESENTATION('',(#10445),#10448);
#10445 = B_SPLINE_CURVE_WITH_KNOTS('',1,(#10446,#10447),.UNSPECIFIED.,
  .F.,.F.,(2,2),(-3.9,-1.5),.PIECEWISE_BEZIER_KNOTS.);
#10446 = CARTESIAN_POINT('',(5.4,-0.692820323028));
#10447 = CARTESIAN_POINT('',(3.,-0.692820323028));
#10448 = ( GEOMETRIC_REPRESENTATION_CONTEXT(2) 
PARAMETRIC_REPRESENTATION_CONTEXT() REPRESENTATION_CONTEXT('2D SPACE',''
  ) );
#10449 = ORIENTED_EDGE('',*,*,#10331,.T.);
#10450 = ORIENTED_EDGE('',*,*,#10381,.T.);
#10451 = ORIENTED_EDGE('',*,*,#10452,.F.);
#10452 = EDGE_CURVE('',#10430,#10382,#10453,.T.);
#10453 = SURFACE_CURVE('',#10454,(#10458,#10465),.PCURVE_S1.);
#10454 = LINE('',#10455,#10456);
#10455 = CARTESIAN_POINT('',(5.4,-0.692820323028,-0.210007564529));
#10456 = VECTOR('',#10457,1.);
#10457 = DIRECTION('',(0.,0.,1.));
#10458 = PCURVE('',#10347,#10459);
#10459 = DEFINITIONAL_REPRESENTATION('',(#10460),#10464);
#10460 = LINE('',#10461,#10462);
#10461 = CARTESIAN_POINT('',(2.4,0.));
#10462 = VECTOR('',#10463,1.);
#10463 = DIRECTION('',(0.,-1.));
#10464 = ( GEOMETRIC_REPRESENTATION_CONTEXT(2) 
PARAMETRIC_REPRESENTATION_CONTEXT() REPRESENTATION_CONTEXT('2D SPACE',''
  ) );
#10465 = PCURVE('',#8368,#10466);
#10466 = DEFINITIONAL_REPRESENTATION('',(#10467),#10471);
#10467 = LINE('',#10468,#10469);
#10468 = CARTESIAN_POINT('',(0.,0.));
#10469 = VECTOR('',#10470,1.);
#10470 = DIRECTION('',(0.,-1.));
#10471 = ( GEOMETRIC_REPRESENTATION_CONTEXT(2) 
PARAMETRIC_REPRESENTATION_CONTEXT() REPRESENTATION_CONTEXT('2D SPACE',''
  ) );
#10472 = ADVANCED_FACE('',(#10473),#8368,.T.);
#10473 = FACE_BOUND('',#10474,.T.);
#10474 = EDGE_LOOP('',(#10475,#10494,#10495,#10496,#10497));
#10475 = ORIENTED_EDGE('',*,*,#10476,.T.);
#10476 = EDGE_CURVE('',#8349,#10430,#10477,.T.);
#10477 = SURFACE_CURVE('',#10478,(#10482,#10488),.PCURVE_S1.);
#10478 = LINE('',#10479,#10480);
#10479 = CARTESIAN_POINT('',(4.575,0.736121593217,0.));
#10480 = VECTOR('',#10481,1.);
#10481 = DIRECTION('',(0.5,-0.866025403784,0.));
#10482 = PCURVE('',#8368,#10483);
#10483 = DEFINITIONAL_REPRESENTATION('',(#10484),#10487);
#10484 = B_SPLINE_CURVE_WITH_KNOTS('',1,(#10485,#10486),.UNSPECIFIED.,
  .F.,.F.,(2,2),(-0.635065739476,1.65),.PIECEWISE_BEZIER_KNOTS.);
#10485 = CARTESIAN_POINT('',(2.285065739476,-0.210007564529));
#10486 = CARTESIAN_POINT('',(0.,-0.210007564529));
#10487 = ( GEOMETRIC_REPRESENTATION_CONTEXT(2) 
PARAMETRIC_REPRESENTATION_CONTEXT() REPRESENTATION_CONTEXT('2D SPACE',''
  ) );
#10488 = PCURVE('',#8304,#10489);
#10489 = DEFINITIONAL_REPRESENTATION('',(#10490),#10493);
#10490 = B_SPLINE_CURVE_WITH_KNOTS('',1,(#10491,#10492),.UNSPECIFIED.,
  .F.,.F.,(2,2),(-0.635065739476,1.65),.PIECEWISE_BEZIER_KNOTS.);
#10491 = CARTESIAN_POINT('',(4.257467130262,1.286104656676));
#10492 = CARTESIAN_POINT('',(5.4,-0.692820323028));
#10493 = ( GEOMETRIC_REPRESENTATION_CONTEXT(2) 
PARAMETRIC_REPRESENTATION_CONTEXT() REPRESENTATION_CONTEXT('2D SPACE',''
  ) );
#10494 = ORIENTED_EDGE('',*,*,#10452,.T.);
#10495 = ORIENTED_EDGE('',*,*,#10404,.T.);
#10496 = ORIENTED_EDGE('',*,*,#10280,.F.);
#10497 = ORIENTED_EDGE('',*,*,#8348,.F.);
#10498 = ADVANCED_FACE('',(#10499),#8304,.F.);
#10499 = FACE_BOUND('',#10500,.F.);
#10500 = EDGE_LOOP('',(#10501,#10502,#10525,#10549,#10572,#10594,#10595,
    #10596,#10597,#10598));
#10501 = ORIENTED_EDGE('',*,*,#10157,.T.);
#10502 = ORIENTED_EDGE('',*,*,#10503,.T.);
#10503 = EDGE_CURVE('',#10028,#10504,#10506,.T.);
#10504 = VERTEX_POINT('',#10505);
#10505 = CARTESIAN_POINT('',(5.946737269315,-1.286104656676,0.));
#10506 = SURFACE_CURVE('',#10507,(#10511,#10518),.PCURVE_S1.);
#10507 = LINE('',#10508,#10509);
#10508 = CARTESIAN_POINT('',(4.,-1.286104656676,0.));
#10509 = VECTOR('',#10510,1.);
#10510 = DIRECTION('',(1.,0.,0.));
#10511 = PCURVE('',#8304,#10512);
#10512 = DEFINITIONAL_REPRESENTATION('',(#10513),#10517);
#10513 = LINE('',#10514,#10515);
#10514 = CARTESIAN_POINT('',(4.,-1.286104656676));
#10515 = VECTOR('',#10516,1.);
#10516 = DIRECTION('',(1.,0.));
#10517 = ( GEOMETRIC_REPRESENTATION_CONTEXT(2) 
PARAMETRIC_REPRESENTATION_CONTEXT() REPRESENTATION_CONTEXT('2D SPACE',''
  ) );
#10518 = PCURVE('',#2844,#10519);
#10519 = DEFINITIONAL_REPRESENTATION('',(#10520),#10524);
#10520 = LINE('',#10521,#10522);
#10521 = CARTESIAN_POINT('',(7.024950239277,0.));
#10522 = VECTOR('',#10523,1.);
#10523 = DIRECTION('',(0.,-1.));
#10524 = ( GEOMETRIC_REPRESENTATION_CONTEXT(2) 
PARAMETRIC_REPRESENTATION_CONTEXT() REPRESENTATION_CONTEXT('2D SPACE',''
  ) );
#10525 = ORIENTED_EDGE('',*,*,#10526,.F.);
#10526 = EDGE_CURVE('',#10527,#10504,#10529,.T.);
#10527 = VERTEX_POINT('',#10528);
#10528 = CARTESIAN_POINT('',(6.036104656676,-1.196737269315,0.));
#10529 = SURFACE_CURVE('',#10530,(#10535,#10542),.PCURVE_S1.);
#10530 = CIRCLE('',#10531,3.052184875584);
#10531 = AXIS2_PLACEMENT_3D('',#10532,#10533,#10534);
#10532 = CARTESIAN_POINT('',(8.149178971877,-3.399178971877,0.));
#10533 = DIRECTION('',(0.,0.,1.));
#10534 = DIRECTION('',(1.,0.,-0.));
#10535 = PCURVE('',#8304,#10536);
#10536 = DEFINITIONAL_REPRESENTATION('',(#10537),#10541);
#10537 = CIRCLE('',#10538,3.052184875584);
#10538 = AXIS2_PLACEMENT_2D('',#10539,#10540);
#10539 = CARTESIAN_POINT('',(8.149178971877,-3.399178971877));
#10540 = DIRECTION('',(1.,0.));
#10541 = ( GEOMETRIC_REPRESENTATION_CONTEXT(2) 
PARAMETRIC_REPRESENTATION_CONTEXT() REPRESENTATION_CONTEXT('2D SPACE',''
  ) );
#10542 = PCURVE('',#625,#10543);
#10543 = DEFINITIONAL_REPRESENTATION('',(#10544),#10548);
#10544 = LINE('',#10545,#10546);
#10545 = CARTESIAN_POINT('',(0.,3.));
#10546 = VECTOR('',#10547,1.);
#10547 = DIRECTION('',(1.,0.));
#10548 = ( GEOMETRIC_REPRESENTATION_CONTEXT(2) 
PARAMETRIC_REPRESENTATION_CONTEXT() REPRESENTATION_CONTEXT('2D SPACE',''
  ) );
#10549 = ORIENTED_EDGE('',*,*,#10550,.T.);
#10550 = EDGE_CURVE('',#10527,#10551,#10553,.T.);
#10551 = VERTEX_POINT('',#10552);
#10552 = CARTESIAN_POINT('',(6.036104656676,1.196737269315,0.));
#10553 = SURFACE_CURVE('',#10554,(#10558,#10565),.PCURVE_S1.);
#10554 = LINE('',#10555,#10556);
#10555 = CARTESIAN_POINT('',(6.036104656676,1.625,0.));
#10556 = VECTOR('',#10557,1.);
#10557 = DIRECTION('',(0.,1.,0.));
#10558 = PCURVE('',#8304,#10559);
#10559 = DEFINITIONAL_REPRESENTATION('',(#10560),#10564);
#10560 = LINE('',#10561,#10562);
#10561 = CARTESIAN_POINT('',(6.036104656676,1.625));
#10562 = VECTOR('',#10563,1.);
#10563 = DIRECTION('',(0.,1.));
#10564 = ( GEOMETRIC_REPRESENTATION_CONTEXT(2) 
PARAMETRIC_REPRESENTATION_CONTEXT() REPRESENTATION_CONTEXT('2D SPACE',''
  ) );
#10565 = PCURVE('',#552,#10566);
#10566 = DEFINITIONAL_REPRESENTATION('',(#10567),#10571);
#10567 = LINE('',#10568,#10569);
#10568 = CARTESIAN_POINT('',(5.541420375082,0.));
#10569 = VECTOR('',#10570,1.);
#10570 = DIRECTION('',(0.,1.));
#10571 = ( GEOMETRIC_REPRESENTATION_CONTEXT(2) 
PARAMETRIC_REPRESENTATION_CONTEXT() REPRESENTATION_CONTEXT('2D SPACE',''
  ) );
#10572 = ORIENTED_EDGE('',*,*,#10573,.F.);
#10573 = EDGE_CURVE('',#7893,#10551,#10574,.T.);
#10574 = SURFACE_CURVE('',#10575,(#10580,#10587),.PCURVE_S1.);
#10575 = CIRCLE('',#10576,3.052184875584);
#10576 = AXIS2_PLACEMENT_3D('',#10577,#10578,#10579);
#10577 = CARTESIAN_POINT('',(8.149178971877,3.399178971877,0.));
#10578 = DIRECTION('',(0.,0.,1.));
#10579 = DIRECTION('',(1.,0.,-0.));
#10580 = PCURVE('',#8304,#10581);
#10581 = DEFINITIONAL_REPRESENTATION('',(#10582),#10586);
#10582 = CIRCLE('',#10583,3.052184875584);
#10583 = AXIS2_PLACEMENT_2D('',#10584,#10585);
#10584 = CARTESIAN_POINT('',(8.149178971877,3.399178971877));
#10585 = DIRECTION('',(1.,0.));
#10586 = ( GEOMETRIC_REPRESENTATION_CONTEXT(2) 
PARAMETRIC_REPRESENTATION_CONTEXT() REPRESENTATION_CONTEXT('2D SPACE',''
  ) );
#10587 = PCURVE('',#7912,#10588);
#10588 = DEFINITIONAL_REPRESENTATION('',(#10589),#10593);
#10589 = LINE('',#10590,#10591);
#10590 = CARTESIAN_POINT('',(-4.440892098501E-16,3.));
#10591 = VECTOR('',#10592,1.);
#10592 = DIRECTION('',(1.,0.));
#10593 = ( GEOMETRIC_REPRESENTATION_CONTEXT(2) 
PARAMETRIC_REPRESENTATION_CONTEXT() REPRESENTATION_CONTEXT('2D SPACE',''
  ) );
#10594 = ORIENTED_EDGE('',*,*,#8380,.T.);
#10595 = ORIENTED_EDGE('',*,*,#10476,.T.);
#10596 = ORIENTED_EDGE('',*,*,#10429,.T.);
#10597 = ORIENTED_EDGE('',*,*,#10359,.T.);
#10598 = ORIENTED_EDGE('',*,*,#8288,.T.);
#10599 = ADVANCED_FACE('',(#10600),#7912,.T.);
#10600 = FACE_BOUND('',#10601,.T.);
#10601 = EDGE_LOOP('',(#10602,#10624,#10625,#10626,#10627,#10628,#10629,
    #10630));
#10602 = ORIENTED_EDGE('',*,*,#10603,.T.);
#10603 = EDGE_CURVE('',#9503,#10551,#10604,.T.);
#10604 = SURFACE_CURVE('',#10605,(#10612,#10618),.PCURVE_S1.);
#10605 = B_SPLINE_CURVE_WITH_KNOTS('',3,(#10606,#10607,#10608,#10609,
    #10610,#10611),.UNSPECIFIED.,.F.,.F.,(4,2,4),(6.172031035302E-02,
    6.319135792293E-02,8.269330388757E-02),.UNSPECIFIED.);
#10606 = CARTESIAN_POINT('',(6.201310810891,1.052553564558,
    -2.808165260324E-02));
#10607 = CARTESIAN_POINT('',(6.197361011875,1.055674963881,
    -2.66989322473E-02));
#10608 = CARTESIAN_POINT('',(6.193407192819,1.058822066874,
    -2.537047635816E-02));
#10609 = CARTESIAN_POINT('',(6.137011273084,1.104035192635,
    -7.198469799336E-03));
#10610 = CARTESIAN_POINT('',(6.084277787459,1.150518835828,
    1.387778780781E-16));
#10611 = CARTESIAN_POINT('',(6.036104656676,1.196737269315,
    1.387778780781E-16));
#10612 = PCURVE('',#7912,#10613);
#10613 = DEFINITIONAL_REPRESENTATION('',(#10614),#10617);
#10614 = B_SPLINE_CURVE_WITH_KNOTS('',1,(#10615,#10616),.UNSPECIFIED.,
  .F.,.F.,(2,2),(6.172031035302E-02,8.269330388757E-02),
  .PIECEWISE_BEZIER_KNOTS.);
#10615 = CARTESIAN_POINT('',(4.01957848596,2.971918347397));
#10616 = CARTESIAN_POINT('',(3.94769624725,3.));
#10617 = ( GEOMETRIC_REPRESENTATION_CONTEXT(2) 
PARAMETRIC_REPRESENTATION_CONTEXT() REPRESENTATION_CONTEXT('2D SPACE',''
  ) );
#10618 = PCURVE('',#552,#10619);
#10619 = DEFINITIONAL_REPRESENTATION('',(#10620),#10623);
#10620 = B_SPLINE_CURVE_WITH_KNOTS('',1,(#10621,#10622),.UNSPECIFIED.,
  .F.,.F.,(2,2),(6.172031035302E-02,8.269330388757E-02),
  .PIECEWISE_BEZIER_KNOTS.);
#10621 = CARTESIAN_POINT('',(5.878160759826,-0.572446435442));
#10622 = CARTESIAN_POINT('',(5.541420375082,-0.428262730685));
#10623 = ( GEOMETRIC_REPRESENTATION_CONTEXT(2) 
PARAMETRIC_REPRESENTATION_CONTEXT() REPRESENTATION_CONTEXT('2D SPACE',''
  ) );
#10624 = ORIENTED_EDGE('',*,*,#10573,.F.);
#10625 = ORIENTED_EDGE('',*,*,#7892,.T.);
#10626 = ORIENTED_EDGE('',*,*,#8404,.T.);
#10627 = ORIENTED_EDGE('',*,*,#8692,.F.);
#10628 = ORIENTED_EDGE('',*,*,#8767,.F.);
#10629 = ORIENTED_EDGE('',*,*,#9336,.F.);
#10630 = ORIENTED_EDGE('',*,*,#9502,.F.);
#10631 = ADVANCED_FACE('',(#10632),#7071,.T.);
#10632 = FACE_BOUND('',#10633,.T.);
#10633 = EDGE_LOOP('',(#10634,#10681,#10682,#10683));
#10634 = ORIENTED_EDGE('',*,*,#10635,.T.);
#10635 = EDGE_CURVE('',#10636,#7002,#10638,.T.);
#10636 = VERTEX_POINT('',#10637);
#10637 = CARTESIAN_POINT('',(-5.916564009612,3.30904582864,
    -0.674896909617));
#10638 = SURFACE_CURVE('',#10639,(#10644,#10673),.PCURVE_S1.);
#10639 = B_SPLINE_CURVE_WITH_KNOTS('',3,(#10640,#10641,#10642,#10643),
  .UNSPECIFIED.,.F.,.F.,(4,4),(3.221641283183E-02,6.127312290112E-02),
  .PIECEWISE_BEZIER_KNOTS.);
#10640 = CARTESIAN_POINT('',(-5.916564009612,3.30904582864,
    -0.674896909617));
#10641 = CARTESIAN_POINT('',(-5.833514506541,3.304207392694,
    -0.619593333689));
#10642 = CARTESIAN_POINT('',(-5.751619115076,3.298857924079,
    -0.558448627629));
#10643 = CARTESIAN_POINT('',(-5.677064281196,3.293744331763,-0.5));
#10644 = PCURVE('',#7071,#10645);
#10645 = DEFINITIONAL_REPRESENTATION('',(#10646),#10672);
#10646 = B_SPLINE_CURVE_WITH_KNOTS('',3,(#10647,#10648,#10649,#10650,
    #10651,#10652,#10653,#10654,#10655,#10656,#10657,#10658,#10659,
    #10660,#10661,#10662,#10663,#10664,#10665,#10666,#10667,#10668,
    #10669,#10670,#10671),.UNSPECIFIED.,.F.,.F.,(4,1,1,1,1,1,1,1,1,1,1,1
    ,1,1,1,1,1,1,1,1,1,1,4),(3.221641283183E-02,3.353717238043E-02,
    3.485793192904E-02,3.617869147764E-02,3.749945102625E-02,
    3.882021057485E-02,4.014097012345E-02,4.146172967206E-02,
    4.278248922066E-02,4.410324876927E-02,4.542400831787E-02,
    4.674476786647E-02,4.806552741508E-02,4.938628696368E-02,
    5.070704651229E-02,5.202780606089E-02,5.334856560949E-02,
    5.46693251581E-02,5.59900847067E-02,5.731084425531E-02,
    5.863160380391E-02,5.995236335251E-02,6.127312290112E-02),
  .QUASI_UNIFORM_KNOTS.);
#10647 = CARTESIAN_POINT('',(0.650206180766,-0.392699081699));
#10648 = CARTESIAN_POINT('',(0.655233777141,-0.389275460177));
#10649 = CARTESIAN_POINT('',(0.665337339275,-0.382493141754));
#10650 = CARTESIAN_POINT('',(0.680628135186,-0.372513721658));
#10651 = CARTESIAN_POINT('',(0.696044734064,-0.36272772597));
#10652 = CARTESIAN_POINT('',(0.711577466218,-0.353134230403));
#10653 = CARTESIAN_POINT('',(0.727216654335,-0.343732143134));
#10654 = CARTESIAN_POINT('',(0.742952615185,-0.334520194034));
#10655 = CARTESIAN_POINT('',(0.758775663748,-0.325496958912));
#10656 = CARTESIAN_POINT('',(0.774676116303,-0.316660873364));
#10657 = CARTESIAN_POINT('',(0.790644293424,-0.308010248379));
#10658 = CARTESIAN_POINT('',(0.806670522655,-0.299543284459));
#10659 = CARTESIAN_POINT('',(0.822745140952,-0.291258085109));
#10660 = CARTESIAN_POINT('',(0.838858496882,-0.283152669506));
#10661 = CARTESIAN_POINT('',(0.85500095261,-0.275224984402));
#10662 = CARTESIAN_POINT('',(0.871162885687,-0.267472915278));
#10663 = CARTESIAN_POINT('',(0.887334690648,-0.259894296774));
#10664 = CARTESIAN_POINT('',(0.903506780444,-0.252486922425));
#10665 = CARTESIAN_POINT('',(0.919669587693,-0.245248553711));
#10666 = CARTESIAN_POINT('',(0.93581356587,-0.238176928506));
#10667 = CARTESIAN_POINT('',(0.95192919007,-0.231269768802));
#10668 = CARTESIAN_POINT('',(0.968006958708,-0.224524788234));
#10669 = CARTESIAN_POINT('',(0.984037391174,-0.217939697656));
#10670 = CARTESIAN_POINT('',(0.994686490441,-0.213654709487));
#10671 = CARTESIAN_POINT('',(1.,-0.211538102823));
#10672 = ( GEOMETRIC_REPRESENTATION_CONTEXT(2) 
PARAMETRIC_REPRESENTATION_CONTEXT() REPRESENTATION_CONTEXT('2D SPACE',''
  ) );
#10673 = PCURVE('',#5786,#10674);
#10674 = DEFINITIONAL_REPRESENTATION('',(#10675),#10680);
#10675 = B_SPLINE_CURVE_WITH_KNOTS('',3,(#10676,#10677,#10678,#10679),
  .UNSPECIFIED.,.F.,.F.,(4,4),(3.221641283183E-02,6.127312290112E-02),
  .PIECEWISE_BEZIER_KNOTS.);
#10676 = CARTESIAN_POINT('',(-2.083435990388,-0.67747490617));
#10677 = CARTESIAN_POINT('',(-2.166485493459,-0.621960079567));
#10678 = CARTESIAN_POINT('',(-2.248380884924,-0.560581810663));
#10679 = CARTESIAN_POINT('',(-2.322935718804,-0.501909918772));
#10680 = ( GEOMETRIC_REPRESENTATION_CONTEXT(2) 
PARAMETRIC_REPRESENTATION_CONTEXT() REPRESENTATION_CONTEXT('2D SPACE',''
  ) );
#10681 = ORIENTED_EDGE('',*,*,#7055,.F.);
#10682 = ORIENTED_EDGE('',*,*,#7148,.T.);
#10683 = ORIENTED_EDGE('',*,*,#10684,.T.);
#10684 = EDGE_CURVE('',#7149,#10636,#10685,.T.);
#10685 = SURFACE_CURVE('',#10686,(#10690,#10696),.PCURVE_S1.);
#10686 = LINE('',#10687,#10688);
#10687 = CARTESIAN_POINT('',(-6.146446609407,3.079163228846,-1.));
#10688 = VECTOR('',#10689,1.);
#10689 = DIRECTION('',(0.5,0.5,0.707106781187));
#10690 = PCURVE('',#7071,#10691);
#10691 = DEFINITIONAL_REPRESENTATION('',(#10692),#10695);
#10692 = B_SPLINE_CURVE_WITH_KNOTS('',1,(#10693,#10694),.UNSPECIFIED.,
  .F.,.F.,(2,2),(0.,0.459765199589),.PIECEWISE_BEZIER_KNOTS.);
#10693 = CARTESIAN_POINT('',(-1.53210629569E-16,-0.392699081699));
#10694 = CARTESIAN_POINT('',(0.650206180766,-0.392699081699));
#10695 = ( GEOMETRIC_REPRESENTATION_CONTEXT(2) 
PARAMETRIC_REPRESENTATION_CONTEXT() REPRESENTATION_CONTEXT('2D SPACE',''
  ) );
#10696 = PCURVE('',#5814,#10697);
#10697 = DEFINITIONAL_REPRESENTATION('',(#10698),#10702);
#10698 = LINE('',#10699,#10700);
#10699 = CARTESIAN_POINT('',(2.426113890586,2.818670732233));
#10700 = VECTOR('',#10701,1.);
#10701 = DIRECTION('',(-0.816496580928,0.57735026919));
#10702 = ( GEOMETRIC_REPRESENTATION_CONTEXT(2) 
PARAMETRIC_REPRESENTATION_CONTEXT() REPRESENTATION_CONTEXT('2D SPACE',''
  ) );
#10703 = ADVANCED_FACE('',(#10704),#6989,.T.);
#10704 = FACE_BOUND('',#10705,.T.);
#10705 = EDGE_LOOP('',(#10706,#10707,#10708,#10709,#10710,#10711,#10712,
    #10713));
#10706 = ORIENTED_EDGE('',*,*,#7711,.T.);
#10707 = ORIENTED_EDGE('',*,*,#7735,.T.);
#10708 = ORIENTED_EDGE('',*,*,#7596,.T.);
#10709 = ORIENTED_EDGE('',*,*,#7253,.T.);
#10710 = ORIENTED_EDGE('',*,*,#7345,.T.);
#10711 = ORIENTED_EDGE('',*,*,#7095,.F.);
#10712 = ORIENTED_EDGE('',*,*,#6973,.T.);
#10713 = ORIENTED_EDGE('',*,*,#10714,.T.);
#10714 = EDGE_CURVE('',#6946,#7688,#10715,.T.);
#10715 = SURFACE_CURVE('',#10716,(#10720,#10727),.PCURVE_S1.);
#10716 = LINE('',#10717,#10718);
#10717 = CARTESIAN_POINT('',(-6.151873283333,1.845046097795,
    -1.151873283333));
#10718 = VECTOR('',#10719,1.);
#10719 = DIRECTION('',(-0.705757556808,6.174578541845E-02,
    -0.705757556808));
#10720 = PCURVE('',#6989,#10721);
#10721 = DEFINITIONAL_REPRESENTATION('',(#10722),#10726);
#10722 = LINE('',#10723,#10724);
#10723 = CARTESIAN_POINT('',(0.568334647645,0.176301766032));
#10724 = VECTOR('',#10725,1.);
#10725 = DIRECTION('',(0.998091908585,6.174578541845E-02));
#10726 = ( GEOMETRIC_REPRESENTATION_CONTEXT(2) 
PARAMETRIC_REPRESENTATION_CONTEXT() REPRESENTATION_CONTEXT('2D SPACE',''
  ) );
#10727 = PCURVE('',#6961,#10728);
#10728 = DEFINITIONAL_REPRESENTATION('',(#10729),#10733);
#10729 = LINE('',#10730,#10731);
#10730 = CARTESIAN_POINT('',(-1.848126716667,-1.025040256857));
#10731 = VECTOR('',#10732,1.);
#10732 = DIRECTION('',(0.705757556808,-0.70845343602));
#10733 = ( GEOMETRIC_REPRESENTATION_CONTEXT(2) 
PARAMETRIC_REPRESENTATION_CONTEXT() REPRESENTATION_CONTEXT('2D SPACE',''
  ) );
#10734 = ADVANCED_FACE('',(#10735),#6961,.F.);
#10735 = FACE_BOUND('',#10736,.T.);
#10736 = EDGE_LOOP('',(#10737,#10738,#10739,#10740,#10741,#10742,#10763,
    #10764));
#10737 = ORIENTED_EDGE('',*,*,#8079,.F.);
#10738 = ORIENTED_EDGE('',*,*,#7661,.T.);
#10739 = ORIENTED_EDGE('',*,*,#7687,.T.);
#10740 = ORIENTED_EDGE('',*,*,#10714,.F.);
#10741 = ORIENTED_EDGE('',*,*,#6945,.T.);
#10742 = ORIENTED_EDGE('',*,*,#10743,.F.);
#10743 = EDGE_CURVE('',#8531,#6923,#10744,.T.);
#10744 = SURFACE_CURVE('',#10745,(#10749,#10756),.PCURVE_S1.);
#10745 = LINE('',#10746,#10747);
#10746 = CARTESIAN_POINT('',(2.09440365407,1.490063502634,2.90559634593)
  );
#10747 = VECTOR('',#10748,1.);
#10748 = DIRECTION('',(-0.705757556808,-6.174578541845E-02,
    0.705757556808));
#10749 = PCURVE('',#6961,#10750);
#10750 = DEFINITIONAL_REPRESENTATION('',(#10751),#10755);
#10751 = LINE('',#10752,#10753);
#10752 = CARTESIAN_POINT('',(-10.09440365407,3.047928247227));
#10753 = VECTOR('',#10754,1.);
#10754 = DIRECTION('',(0.705757556808,0.70845343602));
#10755 = ( GEOMETRIC_REPRESENTATION_CONTEXT(2) 
PARAMETRIC_REPRESENTATION_CONTEXT() REPRESENTATION_CONTEXT('2D SPACE',''
  ) );
#10756 = PCURVE('',#6880,#10757);
#10757 = DEFINITIONAL_REPRESENTATION('',(#10758),#10762);
#10758 = LINE('',#10759,#10760);
#10759 = CARTESIAN_POINT('',(5.291823999207,-0.188994446659));
#10760 = VECTOR('',#10761,1.);
#10761 = DIRECTION('',(0.998091908585,-6.174578541845E-02));
#10762 = ( GEOMETRIC_REPRESENTATION_CONTEXT(2) 
PARAMETRIC_REPRESENTATION_CONTEXT() REPRESENTATION_CONTEXT('2D SPACE',''
  ) );
#10763 = ORIENTED_EDGE('',*,*,#8554,.F.);
#10764 = ORIENTED_EDGE('',*,*,#8578,.T.);
#10765 = ADVANCED_FACE('',(#10766),#6880,.T.);
#10766 = FACE_BOUND('',#10767,.T.);
#10767 = EDGE_LOOP('',(#10768,#10769,#10770,#10771,#10772,#10773,#10774,
    #10775));
#10768 = ORIENTED_EDGE('',*,*,#8500,.T.);
#10769 = ORIENTED_EDGE('',*,*,#8530,.T.);
#10770 = ORIENTED_EDGE('',*,*,#10743,.T.);
#10771 = ORIENTED_EDGE('',*,*,#6922,.T.);
#10772 = ORIENTED_EDGE('',*,*,#6864,.T.);
#10773 = ORIENTED_EDGE('',*,*,#8907,.T.);
#10774 = ORIENTED_EDGE('',*,*,#8881,.T.);
#10775 = ORIENTED_EDGE('',*,*,#8605,.T.);
#10776 = ADVANCED_FACE('',(#10777),#6799,.T.);
#10777 = FACE_BOUND('',#10778,.T.);
#10778 = EDGE_LOOP('',(#10779,#10780,#10801,#10802,#10803));
#10779 = ORIENTED_EDGE('',*,*,#6782,.F.);
#10780 = ORIENTED_EDGE('',*,*,#10781,.T.);
#10781 = EDGE_CURVE('',#6668,#8979,#10782,.T.);
#10782 = SURFACE_CURVE('',#10783,(#10787,#10794),.PCURVE_S1.);
#10783 = LINE('',#10784,#10785);
#10784 = CARTESIAN_POINT('',(6.146446609407,3.079163228846,-2.));
#10785 = VECTOR('',#10786,1.);
#10786 = DIRECTION('',(0.,0.,-1.));
#10787 = PCURVE('',#6799,#10788);
#10788 = DEFINITIONAL_REPRESENTATION('',(#10789),#10793);
#10789 = LINE('',#10790,#10791);
#10790 = CARTESIAN_POINT('',(6.675884388878,0.));
#10791 = VECTOR('',#10792,1.);
#10792 = DIRECTION('',(0.,1.));
#10793 = ( GEOMETRIC_REPRESENTATION_CONTEXT(2) 
PARAMETRIC_REPRESENTATION_CONTEXT() REPRESENTATION_CONTEXT('2D SPACE',''
  ) );
#10794 = PCURVE('',#6625,#10795);
#10795 = DEFINITIONAL_REPRESENTATION('',(#10796),#10800);
#10796 = LINE('',#10797,#10798);
#10797 = CARTESIAN_POINT('',(0.843462173443,1.));
#10798 = VECTOR('',#10799,1.);
#10799 = DIRECTION('',(-0.,-1.));
#10800 = ( GEOMETRIC_REPRESENTATION_CONTEXT(2) 
PARAMETRIC_REPRESENTATION_CONTEXT() REPRESENTATION_CONTEXT('2D SPACE',''
  ) );
#10801 = ORIENTED_EDGE('',*,*,#8978,.T.);
#10802 = ORIENTED_EDGE('',*,*,#8928,.T.);
#10803 = ORIENTED_EDGE('',*,*,#6840,.F.);
#10804 = ADVANCED_FACE('',(#10805),#6625,.T.);
#10805 = FACE_BOUND('',#10806,.T.);
#10806 = EDGE_LOOP('',(#10807,#10808,#10809,#10830,#10831,#10832));
#10807 = ORIENTED_EDGE('',*,*,#6667,.F.);
#10808 = ORIENTED_EDGE('',*,*,#6609,.F.);
#10809 = ORIENTED_EDGE('',*,*,#10810,.F.);
#10810 = EDGE_CURVE('',#9801,#6555,#10811,.T.);
#10811 = SURFACE_CURVE('',#10812,(#10816,#10823),.PCURVE_S1.);
#10812 = LINE('',#10813,#10814);
#10813 = CARTESIAN_POINT('',(6.742864431923,3.675581051361,-1.5));
#10814 = VECTOR('',#10815,1.);
#10815 = DIRECTION('',(-0.707106781187,-0.707106781187,0.));
#10816 = PCURVE('',#6625,#10817);
#10817 = DEFINITIONAL_REPRESENTATION('',(#10818),#10822);
#10818 = LINE('',#10819,#10820);
#10819 = CARTESIAN_POINT('',(0.,1.5));
#10820 = VECTOR('',#10821,1.);
#10821 = DIRECTION('',(1.,0.));
#10822 = ( GEOMETRIC_REPRESENTATION_CONTEXT(2) 
PARAMETRIC_REPRESENTATION_CONTEXT() REPRESENTATION_CONTEXT('2D SPACE',''
  ) );
#10823 = PCURVE('',#6593,#10824);
#10824 = DEFINITIONAL_REPRESENTATION('',(#10825),#10829);
#10825 = LINE('',#10826,#10827);
#10826 = CARTESIAN_POINT('',(-0.814738127848,-0.867978491591));
#10827 = VECTOR('',#10828,1.);
#10828 = DIRECTION('',(-0.707106781187,0.707106781187));
#10829 = ( GEOMETRIC_REPRESENTATION_CONTEXT(2) 
PARAMETRIC_REPRESENTATION_CONTEXT() REPRESENTATION_CONTEXT('2D SPACE',''
  ) );
#10830 = ORIENTED_EDGE('',*,*,#9800,.F.);
#10831 = ORIENTED_EDGE('',*,*,#9006,.T.);
#10832 = ORIENTED_EDGE('',*,*,#10781,.F.);
#10833 = ADVANCED_FACE('',(#10834),#6593,.F.);
#10834 = FACE_BOUND('',#10835,.T.);
#10835 = EDGE_LOOP('',(#10836,#10837,#10838,#10839,#10840,#10841));
#10836 = ORIENTED_EDGE('',*,*,#9721,.F.);
#10837 = ORIENTED_EDGE('',*,*,#9771,.T.);
#10838 = ORIENTED_EDGE('',*,*,#9823,.F.);
#10839 = ORIENTED_EDGE('',*,*,#10810,.T.);
#10840 = ORIENTED_EDGE('',*,*,#6554,.F.);
#10841 = ORIENTED_EDGE('',*,*,#9672,.T.);
#10842 = ADVANCED_FACE('',(#10843),#6408,.T.);
#10843 = FACE_BOUND('',#10844,.T.);
#10844 = EDGE_LOOP('',(#10845,#10874,#10897,#10898));
#10845 = ORIENTED_EDGE('',*,*,#10846,.F.);
#10846 = EDGE_CURVE('',#10847,#10849,#10851,.T.);
#10847 = VERTEX_POINT('',#10848);
#10848 = CARTESIAN_POINT('',(7.955922747459,1.076567873623,
    0.503805301908));
#10849 = VERTEX_POINT('',#10850);
#10850 = CARTESIAN_POINT('',(6.868767004711,1.076567873623,1.5));
#10851 = SURFACE_CURVE('',#10852,(#10856,#10862),.PCURVE_S1.);
#10852 = LINE('',#10853,#10854);
#10853 = CARTESIAN_POINT('',(7.955922747459,1.076567873623,
    0.503805301908));
#10854 = VECTOR('',#10855,1.);
#10855 = DIRECTION('',(-0.73727733681,0.,0.675590207616));
#10856 = PCURVE('',#6408,#10857);
#10857 = DEFINITIONAL_REPRESENTATION('',(#10858),#10861);
#10858 = B_SPLINE_CURVE_WITH_KNOTS('',1,(#10859,#10860),.UNSPECIFIED.,
  .F.,.F.,(2,2),(0.,1.47455467362),.PIECEWISE_BEZIER_KNOTS.);
#10859 = CARTESIAN_POINT('',(-1.401136937509E-15,0.781600065124));
#10860 = CARTESIAN_POINT('',(1.,0.781600065124));
#10861 = ( GEOMETRIC_REPRESENTATION_CONTEXT(2) 
PARAMETRIC_REPRESENTATION_CONTEXT() REPRESENTATION_CONTEXT('2D SPACE',''
  ) );
#10862 = PCURVE('',#10863,#10868);
#10863 = PLANE('',#10864);
#10864 = AXIS2_PLACEMENT_3D('',#10865,#10866,#10867);
#10865 = CARTESIAN_POINT('',(7.412344876085,1.625,1.001902650954));
#10866 = DIRECTION('',(0.675590207616,0.,0.73727733681));
#10867 = DIRECTION('',(0.73727733681,0.,-0.675590207616));
#10868 = DEFINITIONAL_REPRESENTATION('',(#10869),#10873);
#10869 = LINE('',#10870,#10871);
#10870 = CARTESIAN_POINT('',(0.73727733681,-0.548432126377));
#10871 = VECTOR('',#10872,1.);
#10872 = DIRECTION('',(-1.,0.));
#10873 = ( GEOMETRIC_REPRESENTATION_CONTEXT(2) 
PARAMETRIC_REPRESENTATION_CONTEXT() REPRESENTATION_CONTEXT('2D SPACE',''
  ) );
#10874 = ORIENTED_EDGE('',*,*,#10875,.T.);
#10875 = EDGE_CURVE('',#10847,#6394,#10876,.T.);
#10876 = SURFACE_CURVE('',#10877,(#10882,#10889),.PCURVE_S1.);
#10877 = B_SPLINE_CURVE_WITH_KNOTS('',3,(#10878,#10879,#10880,#10881),
  .UNSPECIFIED.,.F.,.F.,(4,4),(-0.781600065124,-0.740989609687),
  .PIECEWISE_BEZIER_KNOTS.);
#10878 = CARTESIAN_POINT('',(7.955922747459,1.076567873623,
    0.503805301908));
#10879 = CARTESIAN_POINT('',(7.955922747459,1.105603395645,
    0.503805301908));
#10880 = CARTESIAN_POINT('',(7.95591831721,1.134634960023,0.503855939884
    ));
#10881 = CARTESIAN_POINT('',(7.955909166676,1.163710035588,
    0.503960530961));
#10882 = PCURVE('',#6408,#10883);
#10883 = DEFINITIONAL_REPRESENTATION('',(#10884),#10888);
#10884 = LINE('',#10885,#10886);
#10885 = CARTESIAN_POINT('',(-9.828370800923E-15,0.));
#10886 = VECTOR('',#10887,1.);
#10887 = DIRECTION('',(-1.175822936713E-14,-1.));
#10888 = ( GEOMETRIC_REPRESENTATION_CONTEXT(2) 
PARAMETRIC_REPRESENTATION_CONTEXT() REPRESENTATION_CONTEXT('2D SPACE',''
  ) );
#10889 = PCURVE('',#1283,#10890);
#10890 = DEFINITIONAL_REPRESENTATION('',(#10891),#10896);
#10891 = B_SPLINE_CURVE_WITH_KNOTS('',3,(#10892,#10893,#10894,#10895),
  .UNSPECIFIED.,.F.,.F.,(4,4),(-0.781600065124,-0.740989609687),
  .PIECEWISE_BEZIER_KNOTS.);
#10892 = CARTESIAN_POINT('',(-2.173432126377,0.505729756315));
#10893 = CARTESIAN_POINT('',(-2.144396604355,0.505729756315));
#10894 = CARTESIAN_POINT('',(-2.115365039977,0.505780587719));
#10895 = CARTESIAN_POINT('',(-2.086289964412,0.505885578318));
#10896 = ( GEOMETRIC_REPRESENTATION_CONTEXT(2) 
PARAMETRIC_REPRESENTATION_CONTEXT() REPRESENTATION_CONTEXT('2D SPACE',''
  ) );
#10897 = ORIENTED_EDGE('',*,*,#6393,.F.);
#10898 = ORIENTED_EDGE('',*,*,#10899,.T.);
#10899 = EDGE_CURVE('',#6367,#10849,#10900,.T.);
#10900 = SURFACE_CURVE('',#10901,(#10906,#10913),.PCURVE_S1.);
#10901 = B_SPLINE_CURVE_WITH_KNOTS('',3,(#10902,#10903,#10904,#10905),
  .UNSPECIFIED.,.F.,.F.,(4,4),(0.740989609687,0.781600065124),
  .PIECEWISE_BEZIER_KNOTS.);
#10902 = CARTESIAN_POINT('',(6.86789538874,1.119486068847,1.5));
#10903 = CARTESIAN_POINT('',(6.868476216849,1.105196328872,1.5));
#10904 = CARTESIAN_POINT('',(6.868767004711,1.090886341096,1.5));
#10905 = CARTESIAN_POINT('',(6.868767004711,1.076567873623,1.5));
#10906 = PCURVE('',#6408,#10907);
#10907 = DEFINITIONAL_REPRESENTATION('',(#10908),#10912);
#10908 = LINE('',#10909,#10910);
#10909 = CARTESIAN_POINT('',(1.,2.22044604925E-16));
#10910 = VECTOR('',#10911,1.);
#10911 = DIRECTION('',(2.187068355033E-14,1.));
#10912 = ( GEOMETRIC_REPRESENTATION_CONTEXT(2) 
PARAMETRIC_REPRESENTATION_CONTEXT() REPRESENTATION_CONTEXT('2D SPACE',''
  ) );
#10913 = PCURVE('',#1734,#10914);
#10914 = DEFINITIONAL_REPRESENTATION('',(#10915),#10920);
#10915 = B_SPLINE_CURVE_WITH_KNOTS('',3,(#10916,#10917,#10918,#10919),
  .UNSPECIFIED.,.F.,.F.,(4,4),(0.740989609687,0.781600065124),
  .PIECEWISE_BEZIER_KNOTS.);
#10916 = CARTESIAN_POINT('',(6.86789538874,1.119486068847));
#10917 = CARTESIAN_POINT('',(6.868476216849,1.105196328872));
#10918 = CARTESIAN_POINT('',(6.868767004711,1.090886341096));
#10919 = CARTESIAN_POINT('',(6.868767004711,1.076567873623));
#10920 = ( GEOMETRIC_REPRESENTATION_CONTEXT(2) 
PARAMETRIC_REPRESENTATION_CONTEXT() REPRESENTATION_CONTEXT('2D SPACE',''
  ) );
#10921 = ADVANCED_FACE('',(#10922),#10863,.T.);
#10922 = FACE_BOUND('',#10923,.T.);
#10923 = EDGE_LOOP('',(#10924,#10948,#10969,#10970));
#10924 = ORIENTED_EDGE('',*,*,#10925,.T.);
#10925 = EDGE_CURVE('',#10926,#10928,#10930,.T.);
#10926 = VERTEX_POINT('',#10927);
#10927 = CARTESIAN_POINT('',(6.868767004711,-1.076567873623,1.5));
#10928 = VERTEX_POINT('',#10929);
#10929 = CARTESIAN_POINT('',(7.955922747459,-1.076567873623,
    0.503805301908));
#10930 = SURFACE_CURVE('',#10931,(#10935,#10942),.PCURVE_S1.);
#10931 = LINE('',#10932,#10933);
#10932 = CARTESIAN_POINT('',(6.868767004711,-1.076567873623,1.5));
#10933 = VECTOR('',#10934,1.);
#10934 = DIRECTION('',(0.73727733681,0.,-0.675590207616));
#10935 = PCURVE('',#10863,#10936);
#10936 = DEFINITIONAL_REPRESENTATION('',(#10937),#10941);
#10937 = LINE('',#10938,#10939);
#10938 = CARTESIAN_POINT('',(-0.73727733681,-2.701567873623));
#10939 = VECTOR('',#10940,1.);
#10940 = DIRECTION('',(1.,0.));
#10941 = ( GEOMETRIC_REPRESENTATION_CONTEXT(2) 
PARAMETRIC_REPRESENTATION_CONTEXT() REPRESENTATION_CONTEXT('2D SPACE',''
  ) );
#10942 = PCURVE('',#1693,#10943);
#10943 = DEFINITIONAL_REPRESENTATION('',(#10944),#10947);
#10944 = B_SPLINE_CURVE_WITH_KNOTS('',1,(#10945,#10946),.UNSPECIFIED.,
  .F.,.F.,(2,2),(0.,1.47455467362),.PIECEWISE_BEZIER_KNOTS.);
#10945 = CARTESIAN_POINT('',(1.,-0.781600065124));
#10946 = CARTESIAN_POINT('',(3.242494014742E-16,-0.781600065124));
#10947 = ( GEOMETRIC_REPRESENTATION_CONTEXT(2) 
PARAMETRIC_REPRESENTATION_CONTEXT() REPRESENTATION_CONTEXT('2D SPACE',''
  ) );
#10948 = ORIENTED_EDGE('',*,*,#10949,.T.);
#10949 = EDGE_CURVE('',#10928,#10847,#10950,.T.);
#10950 = SURFACE_CURVE('',#10951,(#10955,#10962),.PCURVE_S1.);
#10951 = LINE('',#10952,#10953);
#10952 = CARTESIAN_POINT('',(7.955922747459,1.625,0.503805301908));
#10953 = VECTOR('',#10954,1.);
#10954 = DIRECTION('',(0.,1.,0.));
#10955 = PCURVE('',#10863,#10956);
#10956 = DEFINITIONAL_REPRESENTATION('',(#10957),#10961);
#10957 = LINE('',#10958,#10959);
#10958 = CARTESIAN_POINT('',(0.73727733681,0.));
#10959 = VECTOR('',#10960,1.);
#10960 = DIRECTION('',(0.,1.));
#10961 = ( GEOMETRIC_REPRESENTATION_CONTEXT(2) 
PARAMETRIC_REPRESENTATION_CONTEXT() REPRESENTATION_CONTEXT('2D SPACE',''
  ) );
#10962 = PCURVE('',#1283,#10963);
#10963 = DEFINITIONAL_REPRESENTATION('',(#10964),#10968);
#10964 = LINE('',#10965,#10966);
#10965 = CARTESIAN_POINT('',(-1.625,0.505729756315));
#10966 = VECTOR('',#10967,1.);
#10967 = DIRECTION('',(1.,0.));
#10968 = ( GEOMETRIC_REPRESENTATION_CONTEXT(2) 
PARAMETRIC_REPRESENTATION_CONTEXT() REPRESENTATION_CONTEXT('2D SPACE',''
  ) );
#10969 = ORIENTED_EDGE('',*,*,#10846,.T.);
#10970 = ORIENTED_EDGE('',*,*,#10971,.T.);
#10971 = EDGE_CURVE('',#10849,#10926,#10972,.T.);
#10972 = SURFACE_CURVE('',#10973,(#10977,#10984),.PCURVE_S1.);
#10973 = LINE('',#10974,#10975);
#10974 = CARTESIAN_POINT('',(6.868767004711,1.625,1.5));
#10975 = VECTOR('',#10976,1.);
#10976 = DIRECTION('',(0.,-1.,0.));
#10977 = PCURVE('',#10863,#10978);
#10978 = DEFINITIONAL_REPRESENTATION('',(#10979),#10983);
#10979 = LINE('',#10980,#10981);
#10980 = CARTESIAN_POINT('',(-0.73727733681,0.));
#10981 = VECTOR('',#10982,1.);
#10982 = DIRECTION('',(0.,-1.));
#10983 = ( GEOMETRIC_REPRESENTATION_CONTEXT(2) 
PARAMETRIC_REPRESENTATION_CONTEXT() REPRESENTATION_CONTEXT('2D SPACE',''
  ) );
#10984 = PCURVE('',#1734,#10985);
#10985 = DEFINITIONAL_REPRESENTATION('',(#10986),#10990);
#10986 = LINE('',#10987,#10988);
#10987 = CARTESIAN_POINT('',(6.868767004711,1.625));
#10988 = VECTOR('',#10989,1.);
#10989 = DIRECTION('',(0.,-1.));
#10990 = ( GEOMETRIC_REPRESENTATION_CONTEXT(2) 
PARAMETRIC_REPRESENTATION_CONTEXT() REPRESENTATION_CONTEXT('2D SPACE',''
  ) );
#10991 = ADVANCED_FACE('',(#10992),#6015,.T.);
#10992 = FACE_BOUND('',#10993,.T.);
#10993 = EDGE_LOOP('',(#10994,#10995,#11020,#11047));
#10994 = ORIENTED_EDGE('',*,*,#6000,.F.);
#10995 = ORIENTED_EDGE('',*,*,#10996,.T.);
#10996 = EDGE_CURVE('',#5909,#10997,#10999,.T.);
#10997 = VERTEX_POINT('',#10998);
#10998 = CARTESIAN_POINT('',(-7.955922747459,1.076567873623,
    0.503805301908));
#10999 = SURFACE_CURVE('',#11000,(#11005,#11012),.PCURVE_S1.);
#11000 = B_SPLINE_CURVE_WITH_KNOTS('',3,(#11001,#11002,#11003,#11004),
  .UNSPECIFIED.,.F.,.F.,(4,4),(0.740989609687,0.781600065124),
  .PIECEWISE_BEZIER_KNOTS.);
#11001 = CARTESIAN_POINT('',(-7.955909166676,1.163710035588,
    0.503960530961));
#11002 = CARTESIAN_POINT('',(-7.95591831721,1.134634960023,
    0.503855939884));
#11003 = CARTESIAN_POINT('',(-7.955922747459,1.105603395645,
    0.503805301908));
#11004 = CARTESIAN_POINT('',(-7.955922747459,1.076567873623,
    0.503805301908));
#11005 = PCURVE('',#6015,#11006);
#11006 = DEFINITIONAL_REPRESENTATION('',(#11007),#11011);
#11007 = LINE('',#11008,#11009);
#11008 = CARTESIAN_POINT('',(1.44565575043E-16,-1.110223024625E-16));
#11009 = VECTOR('',#11010,1.);
#11010 = DIRECTION('',(-1.528301299347E-16,-1.));
#11011 = ( GEOMETRIC_REPRESENTATION_CONTEXT(2) 
PARAMETRIC_REPRESENTATION_CONTEXT() REPRESENTATION_CONTEXT('2D SPACE',''
  ) );
#11012 = PCURVE('',#2285,#11013);
#11013 = DEFINITIONAL_REPRESENTATION('',(#11014),#11019);
#11014 = B_SPLINE_CURVE_WITH_KNOTS('',3,(#11015,#11016,#11017,#11018),
  .UNSPECIFIED.,.F.,.F.,(4,4),(0.740989609687,0.781600065124),
  .PIECEWISE_BEZIER_KNOTS.);
#11015 = CARTESIAN_POINT('',(-4.413710035588,0.505885578318));
#11016 = CARTESIAN_POINT('',(-4.384634960023,0.505780587719));
#11017 = CARTESIAN_POINT('',(-4.355603395645,0.505729756315));
#11018 = CARTESIAN_POINT('',(-4.326567873623,0.505729756315));
#11019 = ( GEOMETRIC_REPRESENTATION_CONTEXT(2) 
PARAMETRIC_REPRESENTATION_CONTEXT() REPRESENTATION_CONTEXT('2D SPACE',''
  ) );
#11020 = ORIENTED_EDGE('',*,*,#11021,.F.);
#11021 = EDGE_CURVE('',#11022,#10997,#11024,.T.);
#11022 = VERTEX_POINT('',#11023);
#11023 = CARTESIAN_POINT('',(-6.868767004711,1.076567873623,1.5));
#11024 = SURFACE_CURVE('',#11025,(#11029,#11035),.PCURVE_S1.);
#11025 = LINE('',#11026,#11027);
#11026 = CARTESIAN_POINT('',(-6.868767004711,1.076567873623,1.5));
#11027 = VECTOR('',#11028,1.);
#11028 = DIRECTION('',(-0.73727733681,0.,-0.675590207616));
#11029 = PCURVE('',#6015,#11030);
#11030 = DEFINITIONAL_REPRESENTATION('',(#11031),#11034);
#11031 = B_SPLINE_CURVE_WITH_KNOTS('',1,(#11032,#11033),.UNSPECIFIED.,
  .F.,.F.,(2,2),(0.,1.47455467362),.PIECEWISE_BEZIER_KNOTS.);
#11032 = CARTESIAN_POINT('',(1.,-0.781600065124));
#11033 = CARTESIAN_POINT('',(2.659598348662E-16,-0.781600065124));
#11034 = ( GEOMETRIC_REPRESENTATION_CONTEXT(2) 
PARAMETRIC_REPRESENTATION_CONTEXT() REPRESENTATION_CONTEXT('2D SPACE',''
  ) );
#11035 = PCURVE('',#11036,#11041);
#11036 = PLANE('',#11037);
#11037 = AXIS2_PLACEMENT_3D('',#11038,#11039,#11040);
#11038 = CARTESIAN_POINT('',(-7.412344876085,-1.625,1.001902650954));
#11039 = DIRECTION('',(-0.675590207616,3.9666412696E-17,0.73727733681));
#11040 = DIRECTION('',(0.73727733681,0.,0.675590207616));
#11041 = DEFINITIONAL_REPRESENTATION('',(#11042),#11046);
#11042 = LINE('',#11043,#11044);
#11043 = CARTESIAN_POINT('',(0.73727733681,2.701567873623));
#11044 = VECTOR('',#11045,1.);
#11045 = DIRECTION('',(-1.,0.));
#11046 = ( GEOMETRIC_REPRESENTATION_CONTEXT(2) 
PARAMETRIC_REPRESENTATION_CONTEXT() REPRESENTATION_CONTEXT('2D SPACE',''
  ) );
#11047 = ORIENTED_EDGE('',*,*,#11048,.T.);
#11048 = EDGE_CURVE('',#11022,#6001,#11049,.T.);
#11049 = SURFACE_CURVE('',#11050,(#11055,#11062),.PCURVE_S1.);
#11050 = B_SPLINE_CURVE_WITH_KNOTS('',3,(#11051,#11052,#11053,#11054),
  .UNSPECIFIED.,.F.,.F.,(4,4),(-0.781600065124,-0.740989609687),
  .PIECEWISE_BEZIER_KNOTS.);
#11051 = CARTESIAN_POINT('',(-6.868767004711,1.076567873623,1.5));
#11052 = CARTESIAN_POINT('',(-6.868767004711,1.090886341096,1.5));
#11053 = CARTESIAN_POINT('',(-6.868476216849,1.105196328872,1.5));
#11054 = CARTESIAN_POINT('',(-6.86789538874,1.119486068847,1.5));
#11055 = PCURVE('',#6015,#11056);
#11056 = DEFINITIONAL_REPRESENTATION('',(#11057),#11061);
#11057 = LINE('',#11058,#11059);
#11058 = CARTESIAN_POINT('',(1.,-2.22044604925E-16));
#11059 = VECTOR('',#11060,1.);
#11060 = DIRECTION('',(-8.201506331374E-15,1.));
#11061 = ( GEOMETRIC_REPRESENTATION_CONTEXT(2) 
PARAMETRIC_REPRESENTATION_CONTEXT() REPRESENTATION_CONTEXT('2D SPACE',''
  ) );
#11062 = PCURVE('',#1734,#11063);
#11063 = DEFINITIONAL_REPRESENTATION('',(#11064),#11069);
#11064 = B_SPLINE_CURVE_WITH_KNOTS('',3,(#11065,#11066,#11067,#11068),
  .UNSPECIFIED.,.F.,.F.,(4,4),(-0.781600065124,-0.740989609687),
  .PIECEWISE_BEZIER_KNOTS.);
#11065 = CARTESIAN_POINT('',(-6.868767004711,1.076567873623));
#11066 = CARTESIAN_POINT('',(-6.868767004711,1.090886341096));
#11067 = CARTESIAN_POINT('',(-6.868476216849,1.105196328872));
#11068 = CARTESIAN_POINT('',(-6.86789538874,1.119486068847));
#11069 = ( GEOMETRIC_REPRESENTATION_CONTEXT(2) 
PARAMETRIC_REPRESENTATION_CONTEXT() REPRESENTATION_CONTEXT('2D SPACE',''
  ) );
#11070 = ADVANCED_FACE('',(#11071),#11036,.T.);
#11071 = FACE_BOUND('',#11072,.T.);
#11072 = EDGE_LOOP('',(#11073,#11074,#11097,#11119));
#11073 = ORIENTED_EDGE('',*,*,#11021,.T.);
#11074 = ORIENTED_EDGE('',*,*,#11075,.T.);
#11075 = EDGE_CURVE('',#10997,#11076,#11078,.T.);
#11076 = VERTEX_POINT('',#11077);
#11077 = CARTESIAN_POINT('',(-7.955922747459,-1.076567873623,
    0.503805301908));
#11078 = SURFACE_CURVE('',#11079,(#11083,#11090),.PCURVE_S1.);
#11079 = LINE('',#11080,#11081);
#11080 = CARTESIAN_POINT('',(-7.955922747459,-1.625,0.503805301908));
#11081 = VECTOR('',#11082,1.);
#11082 = DIRECTION('',(-5.871371764845E-17,-1.,0.));
#11083 = PCURVE('',#11036,#11084);
#11084 = DEFINITIONAL_REPRESENTATION('',(#11085),#11089);
#11085 = LINE('',#11086,#11087);
#11086 = CARTESIAN_POINT('',(-0.73727733681,9.244463733059E-33));
#11087 = VECTOR('',#11088,1.);
#11088 = DIRECTION('',(-4.328829338207E-17,-1.));
#11089 = ( GEOMETRIC_REPRESENTATION_CONTEXT(2) 
PARAMETRIC_REPRESENTATION_CONTEXT() REPRESENTATION_CONTEXT('2D SPACE',''
  ) );
#11090 = PCURVE('',#2285,#11091);
#11091 = DEFINITIONAL_REPRESENTATION('',(#11092),#11096);
#11092 = LINE('',#11093,#11094);
#11093 = CARTESIAN_POINT('',(-1.625,0.505729756315));
#11094 = VECTOR('',#11095,1.);
#11095 = DIRECTION('',(1.,1.753137089542E-33));
#11096 = ( GEOMETRIC_REPRESENTATION_CONTEXT(2) 
PARAMETRIC_REPRESENTATION_CONTEXT() REPRESENTATION_CONTEXT('2D SPACE',''
  ) );
#11097 = ORIENTED_EDGE('',*,*,#11098,.T.);
#11098 = EDGE_CURVE('',#11076,#11099,#11101,.T.);
#11099 = VERTEX_POINT('',#11100);
#11100 = CARTESIAN_POINT('',(-6.868767004711,-1.076567873623,1.5));
#11101 = SURFACE_CURVE('',#11102,(#11106,#11113),.PCURVE_S1.);
#11102 = LINE('',#11103,#11104);
#11103 = CARTESIAN_POINT('',(-7.955922747459,-1.076567873623,
    0.503805301908));
#11104 = VECTOR('',#11105,1.);
#11105 = DIRECTION('',(0.73727733681,0.,0.675590207616));
#11106 = PCURVE('',#11036,#11107);
#11107 = DEFINITIONAL_REPRESENTATION('',(#11108),#11112);
#11108 = LINE('',#11109,#11110);
#11109 = CARTESIAN_POINT('',(-0.73727733681,0.548432126377));
#11110 = VECTOR('',#11111,1.);
#11111 = DIRECTION('',(1.,0.));
#11112 = ( GEOMETRIC_REPRESENTATION_CONTEXT(2) 
PARAMETRIC_REPRESENTATION_CONTEXT() REPRESENTATION_CONTEXT('2D SPACE',''
  ) );
#11113 = PCURVE('',#2169,#11114);
#11114 = DEFINITIONAL_REPRESENTATION('',(#11115),#11118);
#11115 = B_SPLINE_CURVE_WITH_KNOTS('',1,(#11116,#11117),.UNSPECIFIED.,
  .F.,.F.,(2,2),(0.,1.47455467362),.PIECEWISE_BEZIER_KNOTS.);
#11116 = CARTESIAN_POINT('',(1.432359263524E-16,0.781600065124));
#11117 = CARTESIAN_POINT('',(1.,0.781600065124));
#11118 = ( GEOMETRIC_REPRESENTATION_CONTEXT(2) 
PARAMETRIC_REPRESENTATION_CONTEXT() REPRESENTATION_CONTEXT('2D SPACE',''
  ) );
#11119 = ORIENTED_EDGE('',*,*,#11120,.T.);
#11120 = EDGE_CURVE('',#11099,#11022,#11121,.T.);
#11121 = SURFACE_CURVE('',#11122,(#11126,#11133),.PCURVE_S1.);
#11122 = LINE('',#11123,#11124);
#11123 = CARTESIAN_POINT('',(-6.868767004711,-1.625,1.5));
#11124 = VECTOR('',#11125,1.);
#11125 = DIRECTION('',(5.871371764845E-17,1.,0.));
#11126 = PCURVE('',#11036,#11127);
#11127 = DEFINITIONAL_REPRESENTATION('',(#11128),#11132);
#11128 = LINE('',#11129,#11130);
#11129 = CARTESIAN_POINT('',(0.73727733681,-3.08148791102E-33));
#11130 = VECTOR('',#11131,1.);
#11131 = DIRECTION('',(4.328829338207E-17,1.));
#11132 = ( GEOMETRIC_REPRESENTATION_CONTEXT(2) 
PARAMETRIC_REPRESENTATION_CONTEXT() REPRESENTATION_CONTEXT('2D SPACE',''
  ) );
#11133 = PCURVE('',#1734,#11134);
#11134 = DEFINITIONAL_REPRESENTATION('',(#11135),#11139);
#11135 = LINE('',#11136,#11137);
#11136 = CARTESIAN_POINT('',(-6.868767004711,-1.625));
#11137 = VECTOR('',#11138,1.);
#11138 = DIRECTION('',(5.871371764845E-17,1.));
#11139 = ( GEOMETRIC_REPRESENTATION_CONTEXT(2) 
PARAMETRIC_REPRESENTATION_CONTEXT() REPRESENTATION_CONTEXT('2D SPACE',''
  ) );
#11140 = ADVANCED_FACE('',(#11141),#5891,.F.);
#11141 = FACE_BOUND('',#11142,.T.);
#11142 = EDGE_LOOP('',(#11143,#11144,#11167,#11196,#11229,#11258));
#11143 = ORIENTED_EDGE('',*,*,#5854,.F.);
#11144 = ORIENTED_EDGE('',*,*,#11145,.T.);
#11145 = EDGE_CURVE('',#5827,#11146,#11148,.T.);
#11146 = VERTEX_POINT('',#11147);
#11147 = CARTESIAN_POINT('',(-6.742864431923,3.675581051361,-1.5));
#11148 = SURFACE_CURVE('',#11149,(#11153,#11160),.PCURVE_S1.);
#11149 = LINE('',#11150,#11151);
#11150 = CARTESIAN_POINT('',(-6.742864431923,3.675581051361,-1.5));
#11151 = VECTOR('',#11152,1.);
#11152 = DIRECTION('',(-0.707106781187,0.707106781187,0.));
#11153 = PCURVE('',#5891,#11154);
#11154 = DEFINITIONAL_REPRESENTATION('',(#11155),#11159);
#11155 = LINE('',#11156,#11157);
#11156 = CARTESIAN_POINT('',(0.814738127848,-0.867978491591));
#11157 = VECTOR('',#11158,1.);
#11158 = DIRECTION('',(-0.707106781187,-0.707106781187));
#11159 = ( GEOMETRIC_REPRESENTATION_CONTEXT(2) 
PARAMETRIC_REPRESENTATION_CONTEXT() REPRESENTATION_CONTEXT('2D SPACE',''
  ) );
#11160 = PCURVE('',#5842,#11161);
#11161 = DEFINITIONAL_REPRESENTATION('',(#11162),#11166);
#11162 = LINE('',#11163,#11164);
#11163 = CARTESIAN_POINT('',(1.724275943121,1.5));
#11164 = VECTOR('',#11165,1.);
#11165 = DIRECTION('',(1.,0.));
#11166 = ( GEOMETRIC_REPRESENTATION_CONTEXT(2) 
PARAMETRIC_REPRESENTATION_CONTEXT() REPRESENTATION_CONTEXT('2D SPACE',''
  ) );
#11167 = ORIENTED_EDGE('',*,*,#11168,.F.);
#11168 = EDGE_CURVE('',#11169,#11146,#11171,.T.);
#11169 = VERTEX_POINT('',#11170);
#11170 = CARTESIAN_POINT('',(-7.673904215637,3.779231831168,-1.5));
#11171 = SURFACE_CURVE('',#11172,(#11177,#11184),.PCURVE_S1.);
#11172 = CIRCLE('',#11173,0.75);
#11173 = AXIS2_PLACEMENT_3D('',#11174,#11175,#11176);
#11174 = CARTESIAN_POINT('',(-7.273194517812,3.145250965472,-1.5));
#11175 = DIRECTION('',(0.,0.,-1.));
#11176 = DIRECTION('',(0.402220844067,0.915542676557,0.));
#11177 = PCURVE('',#5891,#11178);
#11178 = DEFINITIONAL_REPRESENTATION('',(#11179),#11183);
#11179 = CIRCLE('',#11180,0.75);
#11180 = AXIS2_PLACEMENT_2D('',#11181,#11182);
#11181 = CARTESIAN_POINT('',(0.284408041958,-0.337648405701));
#11182 = DIRECTION('',(0.402220844067,-0.915542676557));
#11183 = ( GEOMETRIC_REPRESENTATION_CONTEXT(2) 
PARAMETRIC_REPRESENTATION_CONTEXT() REPRESENTATION_CONTEXT('2D SPACE',''
  ) );
#11184 = PCURVE('',#11185,#11190);
#11185 = CYLINDRICAL_SURFACE('',#11186,0.75);
#11186 = AXIS2_PLACEMENT_3D('',#11187,#11188,#11189);
#11187 = CARTESIAN_POINT('',(-7.273194517812,3.145250965472,-3.));
#11188 = DIRECTION('',(0.,0.,1.));
#11189 = DIRECTION('',(0.402220844067,0.915542676557,-0.));
#11190 = DEFINITIONAL_REPRESENTATION('',(#11191),#11195);
#11191 = LINE('',#11192,#11193);
#11192 = CARTESIAN_POINT('',(6.28318530718,1.5));
#11193 = VECTOR('',#11194,1.);
#11194 = DIRECTION('',(-1.,0.));
#11195 = ( GEOMETRIC_REPRESENTATION_CONTEXT(2) 
PARAMETRIC_REPRESENTATION_CONTEXT() REPRESENTATION_CONTEXT('2D SPACE',''
  ) );
#11196 = ORIENTED_EDGE('',*,*,#11197,.T.);
#11197 = EDGE_CURVE('',#11169,#11198,#11200,.T.);
#11198 = VERTEX_POINT('',#11199);
#11199 = CARTESIAN_POINT('',(-8.529231831168,2.923904215637,-1.5));
#11200 = SURFACE_CURVE('',#11201,(#11206,#11217),.PCURVE_S1.);
#11201 = CIRCLE('',#11202,2.75);
#11202 = AXIS2_PLACEMENT_3D('',#11203,#11204,#11205);
#11203 = CARTESIAN_POINT('',(-6.204635323614,1.454635323614,-1.5));
#11204 = DIRECTION('',(0.,0.,1.));
#11205 = DIRECTION('',(1.,0.,-0.));
#11206 = PCURVE('',#5891,#11207);
#11207 = DEFINITIONAL_REPRESENTATION('',(#11208),#11216);
#11208 = ( BOUNDED_CURVE() B_SPLINE_CURVE(2,(#11209,#11210,#11211,#11212
    ,#11213,#11214,#11215),.UNSPECIFIED.,.T.,.F.) 
B_SPLINE_CURVE_WITH_KNOTS((1,2,2,2,2,1),(-2.094395102393,0.,
    2.094395102393,4.188790204786,6.28318530718,8.377580409573),
.UNSPECIFIED.) CURVE() GEOMETRIC_REPRESENTATION_ITEM() 
RATIONAL_B_SPLINE_CURVE((1.,0.5,1.,0.5,1.,0.5,1.)) REPRESENTATION_ITEM(
  '') );
#11209 = CARTESIAN_POINT('',(4.102967236156,1.352967236156));
#11210 = CARTESIAN_POINT('',(4.102967236156,-3.410172484658));
#11211 = CARTESIAN_POINT('',(-2.20327638437E-02,-1.028602624251));
#11212 = CARTESIAN_POINT('',(-4.147032763844,1.352967236156));
#11213 = CARTESIAN_POINT('',(-2.20327638437E-02,3.734537096564));
#11214 = CARTESIAN_POINT('',(4.102967236156,6.116106956971));
#11215 = CARTESIAN_POINT('',(4.102967236156,1.352967236156));
#11216 = ( GEOMETRIC_REPRESENTATION_CONTEXT(2) 
PARAMETRIC_REPRESENTATION_CONTEXT() REPRESENTATION_CONTEXT('2D SPACE',''
  ) );
#11217 = PCURVE('',#11218,#11223);
#11218 = CYLINDRICAL_SURFACE('',#11219,2.75);
#11219 = AXIS2_PLACEMENT_3D('',#11220,#11221,#11222);
#11220 = CARTESIAN_POINT('',(-6.204635323614,1.454635323614,-3.));
#11221 = DIRECTION('',(0.,0.,1.));
#11222 = DIRECTION('',(1.,0.,-0.));
#11223 = DEFINITIONAL_REPRESENTATION('',(#11224),#11228);
#11224 = LINE('',#11225,#11226);
#11225 = CARTESIAN_POINT('',(0.,1.5));
#11226 = VECTOR('',#11227,1.);
#11227 = DIRECTION('',(1.,0.));
#11228 = ( GEOMETRIC_REPRESENTATION_CONTEXT(2) 
PARAMETRIC_REPRESENTATION_CONTEXT() REPRESENTATION_CONTEXT('2D SPACE',''
  ) );
#11229 = ORIENTED_EDGE('',*,*,#11230,.F.);
#11230 = EDGE_CURVE('',#11231,#11198,#11233,.T.);
#11231 = VERTEX_POINT('',#11232);
#11232 = CARTESIAN_POINT('',(-8.425581051361,1.992864431923,-1.5));
#11233 = SURFACE_CURVE('',#11234,(#11239,#11246),.PCURVE_S1.);
#11234 = CIRCLE('',#11235,0.75);
#11235 = AXIS2_PLACEMENT_3D('',#11236,#11237,#11238);
#11236 = CARTESIAN_POINT('',(-7.895250965472,2.523194517812,-1.5));
#11237 = DIRECTION('',(0.,0.,-1.));
#11238 = DIRECTION('',(-0.915542676557,-0.402220844067,-0.));
#11239 = PCURVE('',#5891,#11240);
#11240 = DEFINITIONAL_REPRESENTATION('',(#11241),#11245);
#11241 = CIRCLE('',#11242,0.75);
#11242 = AXIS2_PLACEMENT_2D('',#11243,#11244);
#11243 = CARTESIAN_POINT('',(-0.337648405701,0.284408041958));
#11244 = DIRECTION('',(-0.915542676557,0.402220844067));
#11245 = ( GEOMETRIC_REPRESENTATION_CONTEXT(2) 
PARAMETRIC_REPRESENTATION_CONTEXT() REPRESENTATION_CONTEXT('2D SPACE',''
  ) );
#11246 = PCURVE('',#11247,#11252);
#11247 = CYLINDRICAL_SURFACE('',#11248,0.75);
#11248 = AXIS2_PLACEMENT_3D('',#11249,#11250,#11251);
#11249 = CARTESIAN_POINT('',(-7.895250965472,2.523194517812,-3.));
#11250 = DIRECTION('',(0.,0.,1.));
#11251 = DIRECTION('',(-0.915542676557,-0.402220844067,0.));
#11252 = DEFINITIONAL_REPRESENTATION('',(#11253),#11257);
#11253 = LINE('',#11254,#11255);
#11254 = CARTESIAN_POINT('',(12.566370614359,1.5));
#11255 = VECTOR('',#11256,1.);
#11256 = DIRECTION('',(-1.,0.));
#11257 = ( GEOMETRIC_REPRESENTATION_CONTEXT(2) 
PARAMETRIC_REPRESENTATION_CONTEXT() REPRESENTATION_CONTEXT('2D SPACE',''
  ) );
#11258 = ORIENTED_EDGE('',*,*,#11259,.T.);
#11259 = EDGE_CURVE('',#11231,#5675,#11260,.T.);
#11260 = SURFACE_CURVE('',#11261,(#11265,#11272),.PCURVE_S1.);
#11261 = LINE('',#11262,#11263);
#11262 = CARTESIAN_POINT('',(-8.425581051361,1.992864431923,-1.5));
#11263 = VECTOR('',#11264,1.);
#11264 = DIRECTION('',(0.707106781187,-0.707106781187,0.));
#11265 = PCURVE('',#5891,#11266);
#11266 = DEFINITIONAL_REPRESENTATION('',(#11267),#11271);
#11267 = LINE('',#11268,#11269);
#11268 = CARTESIAN_POINT('',(-0.867978491591,0.814738127848));
#11269 = VECTOR('',#11270,1.);
#11270 = DIRECTION('',(0.707106781187,0.707106781187));
#11271 = ( GEOMETRIC_REPRESENTATION_CONTEXT(2) 
PARAMETRIC_REPRESENTATION_CONTEXT() REPRESENTATION_CONTEXT('2D SPACE',''
  ) );
#11272 = PCURVE('',#5012,#11273);
#11273 = DEFINITIONAL_REPRESENTATION('',(#11274),#11278);
#11274 = LINE('',#11275,#11276);
#11275 = CARTESIAN_POINT('',(0.,1.5));
#11276 = VECTOR('',#11277,1.);
#11277 = DIRECTION('',(1.,0.));
#11278 = ( GEOMETRIC_REPRESENTATION_CONTEXT(2) 
PARAMETRIC_REPRESENTATION_CONTEXT() REPRESENTATION_CONTEXT('2D SPACE',''
  ) );
#11279 = ADVANCED_FACE('',(#11280),#11247,.T.);
#11280 = FACE_BOUND('',#11281,.T.);
#11281 = EDGE_LOOP('',(#11282,#11305,#11306,#11329));
#11282 = ORIENTED_EDGE('',*,*,#11283,.T.);
#11283 = EDGE_CURVE('',#11284,#11231,#11286,.T.);
#11284 = VERTEX_POINT('',#11285);
#11285 = CARTESIAN_POINT('',(-8.425581051361,1.992864431923,-3.));
#11286 = SURFACE_CURVE('',#11287,(#11291,#11298),.PCURVE_S1.);
#11287 = LINE('',#11288,#11289);
#11288 = CARTESIAN_POINT('',(-8.425581051361,1.992864431923,-3.));
#11289 = VECTOR('',#11290,1.);
#11290 = DIRECTION('',(0.,0.,1.));
#11291 = PCURVE('',#11247,#11292);
#11292 = DEFINITIONAL_REPRESENTATION('',(#11293),#11297);
#11293 = LINE('',#11294,#11295);
#11294 = CARTESIAN_POINT('',(6.654642199952,0.));
#11295 = VECTOR('',#11296,1.);
#11296 = DIRECTION('',(0.,1.));
#11297 = ( GEOMETRIC_REPRESENTATION_CONTEXT(2) 
PARAMETRIC_REPRESENTATION_CONTEXT() REPRESENTATION_CONTEXT('2D SPACE',''
  ) );
#11298 = PCURVE('',#5012,#11299);
#11299 = DEFINITIONAL_REPRESENTATION('',(#11300),#11304);
#11300 = LINE('',#11301,#11302);
#11301 = CARTESIAN_POINT('',(1.884110950421E-15,0.));
#11302 = VECTOR('',#11303,1.);
#11303 = DIRECTION('',(0.,1.));
#11304 = ( GEOMETRIC_REPRESENTATION_CONTEXT(2) 
PARAMETRIC_REPRESENTATION_CONTEXT() REPRESENTATION_CONTEXT('2D SPACE',''
  ) );
#11305 = ORIENTED_EDGE('',*,*,#11230,.T.);
#11306 = ORIENTED_EDGE('',*,*,#11307,.T.);
#11307 = EDGE_CURVE('',#11198,#11308,#11310,.T.);
#11308 = VERTEX_POINT('',#11309);
#11309 = CARTESIAN_POINT('',(-8.529231831168,2.923904215637,-3.));
#11310 = SURFACE_CURVE('',#11311,(#11315,#11322),.PCURVE_S1.);
#11311 = LINE('',#11312,#11313);
#11312 = CARTESIAN_POINT('',(-8.529231831168,2.923904215637,-3.));
#11313 = VECTOR('',#11314,1.);
#11314 = DIRECTION('',(0.,0.,-1.));
#11315 = PCURVE('',#11247,#11316);
#11316 = DEFINITIONAL_REPRESENTATION('',(#11317),#11321);
#11317 = LINE('',#11318,#11319);
#11318 = CARTESIAN_POINT('',(5.305588756534,0.));
#11319 = VECTOR('',#11320,1.);
#11320 = DIRECTION('',(0.,-1.));
#11321 = ( GEOMETRIC_REPRESENTATION_CONTEXT(2) 
PARAMETRIC_REPRESENTATION_CONTEXT() REPRESENTATION_CONTEXT('2D SPACE',''
  ) );
#11322 = PCURVE('',#11218,#11323);
#11323 = DEFINITIONAL_REPRESENTATION('',(#11324),#11328);
#11324 = LINE('',#11325,#11326);
#11325 = CARTESIAN_POINT('',(2.577937373569,0.));
#11326 = VECTOR('',#11327,1.);
#11327 = DIRECTION('',(0.,-1.));
#11328 = ( GEOMETRIC_REPRESENTATION_CONTEXT(2) 
PARAMETRIC_REPRESENTATION_CONTEXT() REPRESENTATION_CONTEXT('2D SPACE',''
  ) );
#11329 = ORIENTED_EDGE('',*,*,#11330,.T.);
#11330 = EDGE_CURVE('',#11308,#11284,#11331,.T.);
#11331 = SURFACE_CURVE('',#11332,(#11337,#11344),.PCURVE_S1.);
#11332 = CIRCLE('',#11333,0.75);
#11333 = AXIS2_PLACEMENT_3D('',#11334,#11335,#11336);
#11334 = CARTESIAN_POINT('',(-7.895250965472,2.523194517812,-3.));
#11335 = DIRECTION('',(0.,0.,1.));
#11336 = DIRECTION('',(-0.915542676557,-0.402220844067,0.));
#11337 = PCURVE('',#11247,#11338);
#11338 = DEFINITIONAL_REPRESENTATION('',(#11339),#11343);
#11339 = LINE('',#11340,#11341);
#11340 = CARTESIAN_POINT('',(0.,0.));
#11341 = VECTOR('',#11342,1.);
#11342 = DIRECTION('',(1.,0.));
#11343 = ( GEOMETRIC_REPRESENTATION_CONTEXT(2) 
PARAMETRIC_REPRESENTATION_CONTEXT() REPRESENTATION_CONTEXT('2D SPACE',''
  ) );
#11344 = PCURVE('',#4946,#11345);
#11345 = DEFINITIONAL_REPRESENTATION('',(#11346),#11354);
#11346 = ( BOUNDED_CURVE() B_SPLINE_CURVE(2,(#11347,#11348,#11349,#11350
    ,#11351,#11352,#11353),.UNSPECIFIED.,.T.,.F.) 
B_SPLINE_CURVE_WITH_KNOTS((1,2,2,2,2,1),(-2.094395102393,0.,
    2.094395102393,4.188790204786,6.28318530718,8.377580409573),
.UNSPECIFIED.) CURVE() GEOMETRIC_REPRESENTATION_ITEM() 
RATIONAL_B_SPLINE_CURVE((1.,0.5,1.,0.5,1.,0.5,1.)) REPRESENTATION_ITEM(
  '') );
#11347 = CARTESIAN_POINT('',(-1.024305413119,0.586073675008));
#11348 = CARTESIAN_POINT('',(-0.501805209779,1.775398499229));
#11349 = CARTESIAN_POINT('',(0.266930199678,0.728237637543));
#11350 = CARTESIAN_POINT('',(1.035665609135,-0.318923224143));
#11351 = CARTESIAN_POINT('',(-0.255570003663,-0.461087186678));
#11352 = CARTESIAN_POINT('',(-1.54680561646,-0.603251149213));
#11353 = CARTESIAN_POINT('',(-1.024305413119,0.586073675008));
#11354 = ( GEOMETRIC_REPRESENTATION_CONTEXT(2) 
PARAMETRIC_REPRESENTATION_CONTEXT() REPRESENTATION_CONTEXT('2D SPACE',''
  ) );
#11355 = ADVANCED_FACE('',(#11356),#11218,.T.);
#11356 = FACE_BOUND('',#11357,.T.);
#11357 = EDGE_LOOP('',(#11358,#11359,#11360,#11383));
#11358 = ORIENTED_EDGE('',*,*,#11307,.F.);
#11359 = ORIENTED_EDGE('',*,*,#11197,.F.);
#11360 = ORIENTED_EDGE('',*,*,#11361,.F.);
#11361 = EDGE_CURVE('',#11362,#11169,#11364,.T.);
#11362 = VERTEX_POINT('',#11363);
#11363 = CARTESIAN_POINT('',(-7.673904215637,3.779231831168,-3.));
#11364 = SURFACE_CURVE('',#11365,(#11369,#11376),.PCURVE_S1.);
#11365 = LINE('',#11366,#11367);
#11366 = CARTESIAN_POINT('',(-7.673904215637,3.779231831168,-3.));
#11367 = VECTOR('',#11368,1.);
#11368 = DIRECTION('',(0.,0.,1.));
#11369 = PCURVE('',#11218,#11370);
#11370 = DEFINITIONAL_REPRESENTATION('',(#11371),#11375);
#11371 = LINE('',#11372,#11373);
#11372 = CARTESIAN_POINT('',(2.134451606815,0.));
#11373 = VECTOR('',#11374,1.);
#11374 = DIRECTION('',(0.,1.));
#11375 = ( GEOMETRIC_REPRESENTATION_CONTEXT(2) 
PARAMETRIC_REPRESENTATION_CONTEXT() REPRESENTATION_CONTEXT('2D SPACE',''
  ) );
#11376 = PCURVE('',#11185,#11377);
#11377 = DEFINITIONAL_REPRESENTATION('',(#11378),#11382);
#11378 = LINE('',#11379,#11380);
#11379 = CARTESIAN_POINT('',(0.977596550645,0.));
#11380 = VECTOR('',#11381,1.);
#11381 = DIRECTION('',(0.,1.));
#11382 = ( GEOMETRIC_REPRESENTATION_CONTEXT(2) 
PARAMETRIC_REPRESENTATION_CONTEXT() REPRESENTATION_CONTEXT('2D SPACE',''
  ) );
#11383 = ORIENTED_EDGE('',*,*,#11384,.F.);
#11384 = EDGE_CURVE('',#11308,#11362,#11385,.T.);
#11385 = SURFACE_CURVE('',#11386,(#11391,#11398),.PCURVE_S1.);
#11386 = CIRCLE('',#11387,2.75);
#11387 = AXIS2_PLACEMENT_3D('',#11388,#11389,#11390);
#11388 = CARTESIAN_POINT('',(-6.204635323614,1.454635323614,-3.));
#11389 = DIRECTION('',(0.,0.,-1.));
#11390 = DIRECTION('',(1.,0.,0.));
#11391 = PCURVE('',#11218,#11392);
#11392 = DEFINITIONAL_REPRESENTATION('',(#11393),#11397);
#11393 = LINE('',#11394,#11395);
#11394 = CARTESIAN_POINT('',(6.28318530718,0.));
#11395 = VECTOR('',#11396,1.);
#11396 = DIRECTION('',(-1.,0.));
#11397 = ( GEOMETRIC_REPRESENTATION_CONTEXT(2) 
PARAMETRIC_REPRESENTATION_CONTEXT() REPRESENTATION_CONTEXT('2D SPACE',''
  ) );
#11398 = PCURVE('',#4946,#11399);
#11399 = DEFINITIONAL_REPRESENTATION('',(#11400),#11404);
#11400 = CIRCLE('',#11401,2.75);
#11401 = AXIS2_PLACEMENT_2D('',#11402,#11403);
#11402 = CARTESIAN_POINT('',(1.352967236156,1.352967236156));
#11403 = DIRECTION('',(1.,0.));
#11404 = ( GEOMETRIC_REPRESENTATION_CONTEXT(2) 
PARAMETRIC_REPRESENTATION_CONTEXT() REPRESENTATION_CONTEXT('2D SPACE',''
  ) );
#11405 = ADVANCED_FACE('',(#11406),#11185,.T.);
#11406 = FACE_BOUND('',#11407,.T.);
#11407 = EDGE_LOOP('',(#11408,#11431,#11457,#11458));
#11408 = ORIENTED_EDGE('',*,*,#11409,.F.);
#11409 = EDGE_CURVE('',#11410,#11146,#11412,.T.);
#11410 = VERTEX_POINT('',#11411);
#11411 = CARTESIAN_POINT('',(-6.742864431923,3.675581051361,-3.));
#11412 = SURFACE_CURVE('',#11413,(#11417,#11424),.PCURVE_S1.);
#11413 = LINE('',#11414,#11415);
#11414 = CARTESIAN_POINT('',(-6.742864431923,3.675581051361,-3.));
#11415 = VECTOR('',#11416,1.);
#11416 = DIRECTION('',(0.,0.,1.));
#11417 = PCURVE('',#11185,#11418);
#11418 = DEFINITIONAL_REPRESENTATION('',(#11419),#11423);
#11419 = LINE('',#11420,#11421);
#11420 = CARTESIAN_POINT('',(-0.371456892773,0.));
#11421 = VECTOR('',#11422,1.);
#11422 = DIRECTION('',(0.,1.));
#11423 = ( GEOMETRIC_REPRESENTATION_CONTEXT(2) 
PARAMETRIC_REPRESENTATION_CONTEXT() REPRESENTATION_CONTEXT('2D SPACE',''
  ) );
#11424 = PCURVE('',#5842,#11425);
#11425 = DEFINITIONAL_REPRESENTATION('',(#11426),#11430);
#11426 = LINE('',#11427,#11428);
#11427 = CARTESIAN_POINT('',(1.724275943121,0.));
#11428 = VECTOR('',#11429,1.);
#11429 = DIRECTION('',(0.,1.));
#11430 = ( GEOMETRIC_REPRESENTATION_CONTEXT(2) 
PARAMETRIC_REPRESENTATION_CONTEXT() REPRESENTATION_CONTEXT('2D SPACE',''
  ) );
#11431 = ORIENTED_EDGE('',*,*,#11432,.T.);
#11432 = EDGE_CURVE('',#11410,#11362,#11433,.T.);
#11433 = SURFACE_CURVE('',#11434,(#11439,#11446),.PCURVE_S1.);
#11434 = CIRCLE('',#11435,0.75);
#11435 = AXIS2_PLACEMENT_3D('',#11436,#11437,#11438);
#11436 = CARTESIAN_POINT('',(-7.273194517812,3.145250965472,-3.));
#11437 = DIRECTION('',(0.,0.,1.));
#11438 = DIRECTION('',(0.402220844067,0.915542676557,-0.));
#11439 = PCURVE('',#11185,#11440);
#11440 = DEFINITIONAL_REPRESENTATION('',(#11441),#11445);
#11441 = LINE('',#11442,#11443);
#11442 = CARTESIAN_POINT('',(-6.28318530718,0.));
#11443 = VECTOR('',#11444,1.);
#11444 = DIRECTION('',(1.,0.));
#11445 = ( GEOMETRIC_REPRESENTATION_CONTEXT(2) 
PARAMETRIC_REPRESENTATION_CONTEXT() REPRESENTATION_CONTEXT('2D SPACE',''
  ) );
#11446 = PCURVE('',#4946,#11447);
#11447 = DEFINITIONAL_REPRESENTATION('',(#11448),#11456);
#11448 = ( BOUNDED_CURVE() B_SPLINE_CURVE(2,(#11449,#11450,#11451,#11452
    ,#11453,#11454,#11455),.UNSPECIFIED.,.T.,.F.) 
B_SPLINE_CURVE_WITH_KNOTS((1,2,2,2,2,1),(-2.094395102393,0.,
    2.094395102393,4.188790204786,6.28318530718,8.377580409573),
.UNSPECIFIED.) CURVE() GEOMETRIC_REPRESENTATION_ITEM() 
RATIONAL_B_SPLINE_CURVE((1.,0.5,1.,0.5,1.,0.5,1.)) REPRESENTATION_ITEM(
  '') );
#11449 = CARTESIAN_POINT('',(0.586073675008,-1.024305413119));
#11450 = CARTESIAN_POINT('',(-0.603251149213,-1.54680561646));
#11451 = CARTESIAN_POINT('',(-0.461087186678,-0.255570003663));
#11452 = CARTESIAN_POINT('',(-0.318923224143,1.035665609135));
#11453 = CARTESIAN_POINT('',(0.728237637543,0.266930199678));
#11454 = CARTESIAN_POINT('',(1.775398499229,-0.501805209779));
#11455 = CARTESIAN_POINT('',(0.586073675008,-1.024305413119));
#11456 = ( GEOMETRIC_REPRESENTATION_CONTEXT(2) 
PARAMETRIC_REPRESENTATION_CONTEXT() REPRESENTATION_CONTEXT('2D SPACE',''
  ) );
#11457 = ORIENTED_EDGE('',*,*,#11361,.T.);
#11458 = ORIENTED_EDGE('',*,*,#11168,.T.);
#11459 = ADVANCED_FACE('',(#11460),#5842,.T.);
#11460 = FACE_BOUND('',#11461,.T.);
#11461 = EDGE_LOOP('',(#11462,#11483,#11484,#11505,#11506,#11507));
#11462 = ORIENTED_EDGE('',*,*,#11463,.F.);
#11463 = EDGE_CURVE('',#7149,#5799,#11464,.T.);
#11464 = SURFACE_CURVE('',#11465,(#11469,#11476),.PCURVE_S1.);
#11465 = LINE('',#11466,#11467);
#11466 = CARTESIAN_POINT('',(-3.528629455093,0.461346074532,-1.));
#11467 = VECTOR('',#11468,1.);
#11468 = DIRECTION('',(-0.707106781187,0.707106781187,0.));
#11469 = PCURVE('',#5842,#11470);
#11470 = DEFINITIONAL_REPRESENTATION('',(#11471),#11475);
#11471 = LINE('',#11472,#11473);
#11472 = CARTESIAN_POINT('',(-2.821338753766,2.));
#11473 = VECTOR('',#11474,1.);
#11474 = DIRECTION('',(1.,0.));
#11475 = ( GEOMETRIC_REPRESENTATION_CONTEXT(2) 
PARAMETRIC_REPRESENTATION_CONTEXT() REPRESENTATION_CONTEXT('2D SPACE',''
  ) );
#11476 = PCURVE('',#5814,#11477);
#11477 = DEFINITIONAL_REPRESENTATION('',(#11478),#11482);
#11478 = LINE('',#11479,#11480);
#11479 = CARTESIAN_POINT('',(0.288675134595,-0.204124145232));
#11480 = VECTOR('',#11481,1.);
#11481 = DIRECTION('',(0.57735026919,0.816496580928));
#11482 = ( GEOMETRIC_REPRESENTATION_CONTEXT(2) 
PARAMETRIC_REPRESENTATION_CONTEXT() REPRESENTATION_CONTEXT('2D SPACE',''
  ) );
#11483 = ORIENTED_EDGE('',*,*,#7229,.F.);
#11484 = ORIENTED_EDGE('',*,*,#11485,.F.);
#11485 = EDGE_CURVE('',#11410,#7202,#11486,.T.);
#11486 = SURFACE_CURVE('',#11487,(#11491,#11498),.PCURVE_S1.);
#11487 = LINE('',#11488,#11489);
#11488 = CARTESIAN_POINT('',(-6.742864431923,3.675581051361,-3.));
#11489 = VECTOR('',#11490,1.);
#11490 = DIRECTION('',(0.707106781187,-0.707106781187,0.));
#11491 = PCURVE('',#5842,#11492);
#11492 = DEFINITIONAL_REPRESENTATION('',(#11493),#11497);
#11493 = LINE('',#11494,#11495);
#11494 = CARTESIAN_POINT('',(1.724275943121,0.));
#11495 = VECTOR('',#11496,1.);
#11496 = DIRECTION('',(-1.,0.));
#11497 = ( GEOMETRIC_REPRESENTATION_CONTEXT(2) 
PARAMETRIC_REPRESENTATION_CONTEXT() REPRESENTATION_CONTEXT('2D SPACE',''
  ) );
#11498 = PCURVE('',#4946,#11499);
#11499 = DEFINITIONAL_REPRESENTATION('',(#11500),#11504);
#11500 = LINE('',#11501,#11502);
#11501 = CARTESIAN_POINT('',(0.814738127848,-0.867978491591));
#11502 = VECTOR('',#11503,1.);
#11503 = DIRECTION('',(0.707106781187,0.707106781187));
#11504 = ( GEOMETRIC_REPRESENTATION_CONTEXT(2) 
PARAMETRIC_REPRESENTATION_CONTEXT() REPRESENTATION_CONTEXT('2D SPACE',''
  ) );
#11505 = ORIENTED_EDGE('',*,*,#11409,.T.);
#11506 = ORIENTED_EDGE('',*,*,#11145,.F.);
#11507 = ORIENTED_EDGE('',*,*,#5826,.F.);
#11508 = ADVANCED_FACE('',(#11509),#5814,.T.);
#11509 = FACE_BOUND('',#11510,.T.);
#11510 = EDGE_LOOP('',(#11511,#11532,#11533,#11534));
#11511 = ORIENTED_EDGE('',*,*,#11512,.T.);
#11512 = EDGE_CURVE('',#5771,#10636,#11513,.T.);
#11513 = SURFACE_CURVE('',#11514,(#11518,#11525),.PCURVE_S1.);
#11514 = LINE('',#11515,#11516);
#11515 = CARTESIAN_POINT('',(-5.557250735769,3.288112358893,
    -0.435626255524));
#11516 = VECTOR('',#11517,1.);
#11517 = DIRECTION('',(0.831363597074,-4.843496184375E-02,0.553614147156
    ));
#11518 = PCURVE('',#5814,#11519);
#11519 = DEFINITIONAL_REPRESENTATION('',(#11520),#11524);
#11520 = LINE('',#11521,#11522);
#11521 = CARTESIAN_POINT('',(1.619196140968,3.059944405192));
#11522 = VECTOR('',#11523,1.);
#11523 = DIRECTION('',(-0.998434811406,-5.592787651736E-02));
#11524 = ( GEOMETRIC_REPRESENTATION_CONTEXT(2) 
PARAMETRIC_REPRESENTATION_CONTEXT() REPRESENTATION_CONTEXT('2D SPACE',''
  ) );
#11525 = PCURVE('',#5786,#11526);
#11526 = DEFINITIONAL_REPRESENTATION('',(#11527),#11531);
#11527 = LINE('',#11528,#11529);
#11528 = CARTESIAN_POINT('',(-2.442749264231,-0.43729027705));
#11529 = VECTOR('',#11530,1.);
#11530 = DIRECTION('',(-0.831363597074,0.55572886326));
#11531 = ( GEOMETRIC_REPRESENTATION_CONTEXT(2) 
PARAMETRIC_REPRESENTATION_CONTEXT() REPRESENTATION_CONTEXT('2D SPACE',''
  ) );
#11532 = ORIENTED_EDGE('',*,*,#10684,.F.);
#11533 = ORIENTED_EDGE('',*,*,#11463,.T.);
#11534 = ORIENTED_EDGE('',*,*,#5798,.T.);
#11535 = ADVANCED_FACE('',(#11536),#5786,.T.);
#11536 = FACE_BOUND('',#11537,.T.);
#11537 = EDGE_LOOP('',(#11538,#11539,#11540,#11541,#11542,#11543,#11544,
    #11545,#11546,#11547));
#11538 = ORIENTED_EDGE('',*,*,#7030,.T.);
#11539 = ORIENTED_EDGE('',*,*,#10635,.F.);
#11540 = ORIENTED_EDGE('',*,*,#11512,.F.);
#11541 = ORIENTED_EDGE('',*,*,#5768,.F.);
#11542 = ORIENTED_EDGE('',*,*,#6134,.F.);
#11543 = ORIENTED_EDGE('',*,*,#6225,.F.);
#11544 = ORIENTED_EDGE('',*,*,#6315,.F.);
#11545 = ORIENTED_EDGE('',*,*,#6484,.F.);
#11546 = ORIENTED_EDGE('',*,*,#6729,.F.);
#11547 = ORIENTED_EDGE('',*,*,#6753,.F.);
#11548 = ADVANCED_FACE('',(#11549),#5081,.T.);
#11549 = FACE_BOUND('',#11550,.T.);
#11550 = EDGE_LOOP('',(#11551,#11552,#11553,#11554,#11555,#11574));
#11551 = ORIENTED_EDGE('',*,*,#5319,.F.);
#11552 = ORIENTED_EDGE('',*,*,#5297,.T.);
#11553 = ORIENTED_EDGE('',*,*,#5470,.F.);
#11554 = ORIENTED_EDGE('',*,*,#5646,.T.);
#11555 = ORIENTED_EDGE('',*,*,#11556,.T.);
#11556 = EDGE_CURVE('',#5622,#5026,#11557,.T.);
#11557 = SURFACE_CURVE('',#11558,(#11562,#11568),.PCURVE_S1.);
#11558 = LINE('',#11559,#11560);
#11559 = CARTESIAN_POINT('',(-7.964056395387,0.824232994761,-1.));
#11560 = VECTOR('',#11561,1.);
#11561 = DIRECTION('',(0.500479316576,0.500479316576,-0.706428274745));
#11562 = PCURVE('',#5081,#11563);
#11563 = DEFINITIONAL_REPRESENTATION('',(#11564),#11567);
#11564 = B_SPLINE_CURVE_WITH_KNOTS('',1,(#11565,#11566),.UNSPECIFIED.,
  .F.,.F.,(2,2),(0.,0.707784637189),.PIECEWISE_BEZIER_KNOTS.);
#11565 = CARTESIAN_POINT('',(1.,1.129322697089E-16));
#11566 = CARTESIAN_POINT('',(-5.834622094462E-16,3.766232126186E-16));
#11567 = ( GEOMETRIC_REPRESENTATION_CONTEXT(2) 
PARAMETRIC_REPRESENTATION_CONTEXT() REPRESENTATION_CONTEXT('2D SPACE',''
  ) );
#11568 = PCURVE('',#5041,#11569);
#11569 = DEFINITIONAL_REPRESENTATION('',(#11570),#11573);
#11570 = B_SPLINE_CURVE_WITH_KNOTS('',1,(#11571,#11572),.UNSPECIFIED.,
  .F.,.F.,(2,2),(0.,0.707784637189),.PIECEWISE_BEZIER_KNOTS.);
#11571 = CARTESIAN_POINT('',(1.,0.253078229748));
#11572 = CARTESIAN_POINT('',(-1.364179316679E-15,0.253078229748));
#11573 = ( GEOMETRIC_REPRESENTATION_CONTEXT(2) 
PARAMETRIC_REPRESENTATION_CONTEXT() REPRESENTATION_CONTEXT('2D SPACE',''
  ) );
#11574 = ORIENTED_EDGE('',*,*,#5065,.T.);
#11575 = ADVANCED_FACE('',(#11576),#5041,.T.);
#11576 = FACE_BOUND('',#11577,.T.);
#11577 = EDGE_LOOP('',(#11578,#11579,#11580,#11581));
#11578 = ORIENTED_EDGE('',*,*,#5723,.F.);
#11579 = ORIENTED_EDGE('',*,*,#5025,.T.);
#11580 = ORIENTED_EDGE('',*,*,#11556,.F.);
#11581 = ORIENTED_EDGE('',*,*,#5621,.T.);
#11582 = ADVANCED_FACE('',(#11583),#5012,.T.);
#11583 = FACE_BOUND('',#11584,.T.);
#11584 = EDGE_LOOP('',(#11585,#11586,#11587,#11588,#11609));
#11585 = ORIENTED_EDGE('',*,*,#5702,.F.);
#11586 = ORIENTED_EDGE('',*,*,#11259,.F.);
#11587 = ORIENTED_EDGE('',*,*,#11283,.F.);
#11588 = ORIENTED_EDGE('',*,*,#11589,.T.);
#11589 = EDGE_CURVE('',#11284,#4828,#11590,.T.);
#11590 = SURFACE_CURVE('',#11591,(#11595,#11602),.PCURVE_S1.);
#11591 = LINE('',#11592,#11593);
#11592 = CARTESIAN_POINT('',(-8.425581051361,1.992864431923,-3.));
#11593 = VECTOR('',#11594,1.);
#11594 = DIRECTION('',(0.707106781187,-0.707106781187,0.));
#11595 = PCURVE('',#5012,#11596);
#11596 = DEFINITIONAL_REPRESENTATION('',(#11597),#11601);
#11597 = LINE('',#11598,#11599);
#11598 = CARTESIAN_POINT('',(0.,0.));
#11599 = VECTOR('',#11600,1.);
#11600 = DIRECTION('',(1.,0.));
#11601 = ( GEOMETRIC_REPRESENTATION_CONTEXT(2) 
PARAMETRIC_REPRESENTATION_CONTEXT() REPRESENTATION_CONTEXT('2D SPACE',''
  ) );
#11602 = PCURVE('',#4946,#11603);
#11603 = DEFINITIONAL_REPRESENTATION('',(#11604),#11608);
#11604 = LINE('',#11605,#11606);
#11605 = CARTESIAN_POINT('',(-0.867978491591,0.814738127848));
#11606 = VECTOR('',#11607,1.);
#11607 = DIRECTION('',(0.707106781187,0.707106781187));
#11608 = ( GEOMETRIC_REPRESENTATION_CONTEXT(2) 
PARAMETRIC_REPRESENTATION_CONTEXT() REPRESENTATION_CONTEXT('2D SPACE',''
  ) );
#11609 = ORIENTED_EDGE('',*,*,#4995,.F.);
#11610 = ADVANCED_FACE('',(#11611),#4946,.T.);
#11611 = FACE_BOUND('',#11612,.T.);
#11612 = EDGE_LOOP('',(#11613,#11614,#11615,#11616,#11638,#11639,#11640,
    #11641,#11642,#11643));
#11613 = ORIENTED_EDGE('',*,*,#7201,.F.);
#11614 = ORIENTED_EDGE('',*,*,#7323,.T.);
#11615 = ORIENTED_EDGE('',*,*,#7370,.F.);
#11616 = ORIENTED_EDGE('',*,*,#11617,.T.);
#11617 = EDGE_CURVE('',#7371,#4800,#11618,.T.);
#11618 = SURFACE_CURVE('',#11619,(#11624,#11631),.PCURVE_S1.);
#11619 = CIRCLE('',#11620,2.789718885006);
#11620 = AXIS2_PLACEMENT_3D('',#11621,#11622,#11623);
#11621 = CARTESIAN_POINT('',(-8.149178971877,3.399178971877,-3.));
#11622 = DIRECTION('',(0.,0.,-1.));
#11623 = DIRECTION('',(1.,0.,0.));
#11624 = PCURVE('',#4946,#11625);
#11625 = DEFINITIONAL_REPRESENTATION('',(#11626),#11630);
#11626 = CIRCLE('',#11627,2.789718885006);
#11627 = AXIS2_PLACEMENT_2D('',#11628,#11629);
#11628 = CARTESIAN_POINT('',(-0.591576412107,-0.591576412107));
#11629 = DIRECTION('',(1.,0.));
#11630 = ( GEOMETRIC_REPRESENTATION_CONTEXT(2) 
PARAMETRIC_REPRESENTATION_CONTEXT() REPRESENTATION_CONTEXT('2D SPACE',''
  ) );
#11631 = PCURVE('',#4816,#11632);
#11632 = DEFINITIONAL_REPRESENTATION('',(#11633),#11637);
#11633 = LINE('',#11634,#11635);
#11634 = CARTESIAN_POINT('',(6.28318530718,-2.387154560034E-16));
#11635 = VECTOR('',#11636,1.);
#11636 = DIRECTION('',(-1.,3.110340777541E-16));
#11637 = ( GEOMETRIC_REPRESENTATION_CONTEXT(2) 
PARAMETRIC_REPRESENTATION_CONTEXT() REPRESENTATION_CONTEXT('2D SPACE',''
  ) );
#11638 = ORIENTED_EDGE('',*,*,#4827,.F.);
#11639 = ORIENTED_EDGE('',*,*,#11589,.F.);
#11640 = ORIENTED_EDGE('',*,*,#11330,.F.);
#11641 = ORIENTED_EDGE('',*,*,#11384,.T.);
#11642 = ORIENTED_EDGE('',*,*,#11432,.F.);
#11643 = ORIENTED_EDGE('',*,*,#11485,.T.);
#11644 = ADVANCED_FACE('',(#11645),#4816,.T.);
#11645 = FACE_BOUND('',#11646,.T.);
#11646 = EDGE_LOOP('',(#11647,#11669,#11670,#11671,#11672,#11673,#11674,
    #11675));
#11647 = ORIENTED_EDGE('',*,*,#11648,.T.);
#11648 = EDGE_CURVE('',#9900,#4658,#11649,.T.);
#11649 = SURFACE_CURVE('',#11650,(#11657,#11663),.PCURVE_S1.);
#11650 = B_SPLINE_CURVE_WITH_KNOTS('',3,(#11651,#11652,#11653,#11654,
    #11655,#11656),.UNSPECIFIED.,.F.,.F.,(4,2,4),(0.107669524411,
    0.127171470376,0.128642517946),.UNSPECIFIED.);
#11651 = CARTESIAN_POINT('',(-6.036104656676,1.196737269315,
    -6.938893903907E-17));
#11652 = CARTESIAN_POINT('',(-6.084277787459,1.150518835828,
    -4.933284442787E-17));
#11653 = CARTESIAN_POINT('',(-6.137011273084,1.104035192635,
    -7.198469799336E-03));
#11654 = CARTESIAN_POINT('',(-6.193407192819,1.058822066874,
    -2.537047635816E-02));
#11655 = CARTESIAN_POINT('',(-6.197361011875,1.055674963881,
    -2.66989322473E-02));
#11656 = CARTESIAN_POINT('',(-6.201310810891,1.052553564558,
    -2.808165260324E-02));
#11657 = PCURVE('',#4816,#11658);
#11658 = DEFINITIONAL_REPRESENTATION('',(#11659),#11662);
#11659 = B_SPLINE_CURVE_WITH_KNOTS('',1,(#11660,#11661),.UNSPECIFIED.,
  .F.,.F.,(2,2),(0.107669524411,0.128642517946),
  .PIECEWISE_BEZIER_KNOTS.);
#11660 = CARTESIAN_POINT('',(5.477081713519,3.));
#11661 = CARTESIAN_POINT('',(5.405199474809,2.971918347397));
#11662 = ( GEOMETRIC_REPRESENTATION_CONTEXT(2) 
PARAMETRIC_REPRESENTATION_CONTEXT() REPRESENTATION_CONTEXT('2D SPACE',''
  ) );
#11663 = PCURVE('',#4387,#11664);
#11664 = DEFINITIONAL_REPRESENTATION('',(#11665),#11668);
#11665 = B_SPLINE_CURVE_WITH_KNOTS('',1,(#11666,#11667),.UNSPECIFIED.,
  .F.,.F.,(2,2),(0.107669524411,0.128642517946),
  .PIECEWISE_BEZIER_KNOTS.);
#11666 = CARTESIAN_POINT('',(7.024950239277,2.821737269315));
#11667 = CARTESIAN_POINT('',(6.688209854533,2.677553564558));
#11668 = ( GEOMETRIC_REPRESENTATION_CONTEXT(2) 
PARAMETRIC_REPRESENTATION_CONTEXT() REPRESENTATION_CONTEXT('2D SPACE',''
  ) );
#11669 = ORIENTED_EDGE('',*,*,#4799,.F.);
#11670 = ORIENTED_EDGE('',*,*,#11617,.F.);
#11671 = ORIENTED_EDGE('',*,*,#7424,.F.);
#11672 = ORIENTED_EDGE('',*,*,#7521,.F.);
#11673 = ORIENTED_EDGE('',*,*,#7764,.T.);
#11674 = ORIENTED_EDGE('',*,*,#8101,.T.);
#11675 = ORIENTED_EDGE('',*,*,#9922,.F.);
#11676 = ADVANCED_FACE('',(#11677),#4538,.T.);
#11677 = FACE_BOUND('',#11678,.T.);
#11678 = EDGE_LOOP('',(#11679,#11680,#11681,#11682,#11710));
#11679 = ORIENTED_EDGE('',*,*,#5190,.T.);
#11680 = ORIENTED_EDGE('',*,*,#5167,.F.);
#11681 = ORIENTED_EDGE('',*,*,#4512,.T.);
#11682 = ORIENTED_EDGE('',*,*,#11683,.F.);
#11683 = EDGE_CURVE('',#5218,#4485,#11684,.T.);
#11684 = SURFACE_CURVE('',#11685,(#11693,#11699),.PCURVE_S1.);
#11685 = B_SPLINE_CURVE_WITH_KNOTS('',3,(#11686,#11687,#11688,#11689,
    #11690,#11691,#11692),.UNSPECIFIED.,.F.,.F.,(4,3,4),(0.,
    1.224034010886E-02,2.45014209792E-02),.UNSPECIFIED.);
#11686 = CARTESIAN_POINT('',(-6.648554617685,0.466947314747,
    -0.828150679439));
#11687 = CARTESIAN_POINT('',(-6.632003143199,0.483204667753,
    -0.794587609795));
#11688 = CARTESIAN_POINT('',(-6.615443218113,0.499425263557,
    -0.761007401828));
#11689 = CARTESIAN_POINT('',(-6.598877821536,0.515607896596,
    -0.727416100526));
#11690 = CARTESIAN_POINT('',(-6.582284355565,0.531817950453,
    -0.693767880122));
#11691 = CARTESIAN_POINT('',(-6.565682635913,0.547992608323,
    -0.660102921025));
#11692 = CARTESIAN_POINT('',(-6.549075503681,0.564130768637,
    -0.626426988216));
#11693 = PCURVE('',#4538,#11694);
#11694 = DEFINITIONAL_REPRESENTATION('',(#11695),#11698);
#11695 = B_SPLINE_CURVE_WITH_KNOTS('',1,(#11696,#11697),.UNSPECIFIED.,
  .F.,.F.,(2,2),(0.,2.45014209792E-02),.PIECEWISE_BEZIER_KNOTS.);
#11696 = CARTESIAN_POINT('',(7.23639610936E-15,8.097511560094E-02));
#11697 = CARTESIAN_POINT('',(1.,8.81709691994E-02));
#11698 = ( GEOMETRIC_REPRESENTATION_CONTEXT(2) 
PARAMETRIC_REPRESENTATION_CONTEXT() REPRESENTATION_CONTEXT('2D SPACE',''
  ) );
#11699 = PCURVE('',#4500,#11700);
#11700 = DEFINITIONAL_REPRESENTATION('',(#11701),#11709);
#11701 = B_SPLINE_CURVE_WITH_KNOTS('',3,(#11702,#11703,#11704,#11705,
    #11706,#11707,#11708),.UNSPECIFIED.,.F.,.F.,(4,3,4),(0.,
    1.224034010886E-02,2.45014209792E-02),.UNSPECIFIED.);
#11702 = CARTESIAN_POINT('',(0.108417983356,2.904447314747));
#11703 = CARTESIAN_POINT('',(7.099565109889E-02,2.920704667753));
#11704 = CARTESIAN_POINT('',(3.355421034191E-02,2.936925263557));
#11705 = CARTESIAN_POINT('',(-3.899599703187E-03,2.953107896596));
#11706 = CARTESIAN_POINT('',(-4.141687371527E-02,2.969317950453));
#11707 = CARTESIAN_POINT('',(-7.895281071493E-02,2.985492608323));
#11708 = CARTESIAN_POINT('',(-0.11650098366,3.001630768637));
#11709 = ( GEOMETRIC_REPRESENTATION_CONTEXT(2) 
PARAMETRIC_REPRESENTATION_CONTEXT() REPRESENTATION_CONTEXT('2D SPACE',''
  ) );
#11710 = ORIENTED_EDGE('',*,*,#5217,.F.);
#11711 = ADVANCED_FACE('',(#11712),#4500,.T.);
#11712 = FACE_BOUND('',#11713,.T.);
#11713 = EDGE_LOOP('',(#11714,#11715,#11745,#11767,#11768,#11769));
#11714 = ORIENTED_EDGE('',*,*,#4484,.T.);
#11715 = ORIENTED_EDGE('',*,*,#11716,.T.);
#11716 = EDGE_CURVE('',#4452,#11717,#11719,.T.);
#11717 = VERTEX_POINT('',#11718);
#11718 = CARTESIAN_POINT('',(-6.648554617383,-0.466947307609,
    -0.828150675648));
#11719 = SURFACE_CURVE('',#11720,(#11728,#11739),.PCURVE_S1.);
#11720 = B_SPLINE_CURVE_WITH_KNOTS('',3,(#11721,#11722,#11723,#11724,
    #11725,#11726,#11727),.UNSPECIFIED.,.F.,.F.,(4,3,4),(0.,
    1.224534248956E-02,2.450088283015E-02),.UNSPECIFIED.);
#11721 = CARTESIAN_POINT('',(-6.549075503681,-0.564130768637,
    -0.626426988216));
#11722 = CARTESIAN_POINT('',(-6.565661683463,-0.548012969093,
    -0.660060433659));
#11723 = CARTESIAN_POINT('',(-6.582242462711,-0.531858765578,
    -0.693682929822));
#11724 = CARTESIAN_POINT('',(-6.598815011003,-0.515669255592,
    -0.727288733377));
#11725 = CARTESIAN_POINT('',(-6.615401360819,-0.499466263075,
    -0.760922523653));
#11726 = CARTESIAN_POINT('',(-6.631982226004,-0.483225213169,
    -0.794545193898));
#11727 = CARTESIAN_POINT('',(-6.648554617706,-0.46694731466,
    -0.828150679475));
#11728 = PCURVE('',#4500,#11729);
#11729 = DEFINITIONAL_REPRESENTATION('',(#11730),#11738);
#11730 = B_SPLINE_CURVE_WITH_KNOTS('',3,(#11731,#11732,#11733,#11734,
    #11735,#11736,#11737),.UNSPECIFIED.,.F.,.F.,(4,3,4),(0.,
    1.224534248956E-02,2.450088283015E-02),.UNSPECIFIED.);
#11731 = CARTESIAN_POINT('',(-0.11650098366,1.873369231363));
#11732 = CARTESIAN_POINT('',(-7.900018350678E-02,1.889487030907));
#11733 = CARTESIAN_POINT('',(-4.151159205966E-02,1.905641234422));
#11734 = CARTESIAN_POINT('',(-4.041612215604E-03,1.921830744408));
#11735 = CARTESIAN_POINT('',(3.345957241286E-02,1.938033736925));
#11736 = CARTESIAN_POINT('',(7.094835799871E-02,1.954274786831));
#11737 = CARTESIAN_POINT('',(0.108417983398,1.97055268534));
#11738 = ( GEOMETRIC_REPRESENTATION_CONTEXT(2) 
PARAMETRIC_REPRESENTATION_CONTEXT() REPRESENTATION_CONTEXT('2D SPACE',''
  ) );
#11739 = PCURVE('',#4104,#11740);
#11740 = DEFINITIONAL_REPRESENTATION('',(#11741),#11744);
#11741 = B_SPLINE_CURVE_WITH_KNOTS('',1,(#11742,#11743),.UNSPECIFIED.,
  .F.,.F.,(2,2),(0.,2.450088283015E-02),.PIECEWISE_BEZIER_KNOTS.);
#11742 = CARTESIAN_POINT('',(1.,-1.471604187111E-02));
#11743 = CARTESIAN_POINT('',(-1.167550593532E-14,-7.575240409943E-03));
#11744 = ( GEOMETRIC_REPRESENTATION_CONTEXT(2) 
PARAMETRIC_REPRESENTATION_CONTEXT() REPRESENTATION_CONTEXT('2D SPACE',''
  ) );
#11745 = ORIENTED_EDGE('',*,*,#11746,.T.);
#11746 = EDGE_CURVE('',#11717,#5368,#11747,.T.);
#11747 = SURFACE_CURVE('',#11748,(#11753,#11761),.PCURVE_S1.);
#11748 = B_SPLINE_CURVE_WITH_KNOTS('',3,(#11749,#11750,#11751,#11752),
  .UNSPECIFIED.,.F.,.F.,(4,4),(2.605847714711E-03,3.466409345624E-03),
  .PIECEWISE_BEZIER_KNOTS.);
#11749 = CARTESIAN_POINT('',(-6.648554617485,-0.466947307373,
    -0.828150675698));
#11750 = CARTESIAN_POINT('',(-6.649745422908,-0.467973562888,
    -0.830565390222));
#11751 = CARTESIAN_POINT('',(-6.650937148273,-0.469000713588,
    -0.83298234469));
#11752 = CARTESIAN_POINT('',(-6.652129766645,-0.470028754857,
    -0.83540150255));
#11753 = PCURVE('',#4500,#11754);
#11754 = DEFINITIONAL_REPRESENTATION('',(#11755),#11760);
#11755 = B_SPLINE_CURVE_WITH_KNOTS('',3,(#11756,#11757,#11758,#11759),
  .UNSPECIFIED.,.F.,.F.,(4,4),(2.605847714711E-03,3.466409345624E-03),
  .PIECEWISE_BEZIER_KNOTS.);
#11756 = CARTESIAN_POINT('',(0.108417979913,1.970552692627));
#11757 = CARTESIAN_POINT('',(0.111110351319,1.969526437112));
#11758 = CARTESIAN_POINT('',(0.11380513855,1.968499286412));
#11759 = CARTESIAN_POINT('',(0.116502296909,1.967471245143));
#11760 = ( GEOMETRIC_REPRESENTATION_CONTEXT(2) 
PARAMETRIC_REPRESENTATION_CONTEXT() REPRESENTATION_CONTEXT('2D SPACE',''
  ) );
#11761 = PCURVE('',#4167,#11762);
#11762 = DEFINITIONAL_REPRESENTATION('',(#11763),#11766);
#11763 = B_SPLINE_CURVE_WITH_KNOTS('',1,(#11764,#11765),.UNSPECIFIED.,
  .F.,.F.,(2,2),(2.605847714711E-03,3.466235740105E-03),
  .PIECEWISE_BEZIER_KNOTS.);
#11764 = CARTESIAN_POINT('',(0.67022252056,-7.57524042325E-03));
#11765 = CARTESIAN_POINT('',(0.658361548244,-6.837740047758E-03));
#11766 = ( GEOMETRIC_REPRESENTATION_CONTEXT(2) 
PARAMETRIC_REPRESENTATION_CONTEXT() REPRESENTATION_CONTEXT('2D SPACE',''
  ) );
#11767 = ORIENTED_EDGE('',*,*,#5367,.T.);
#11768 = ORIENTED_EDGE('',*,*,#5240,.T.);
#11769 = ORIENTED_EDGE('',*,*,#11683,.T.);
#11770 = ADVANCED_FACE('',(#11771),#4387,.F.);
#11771 = FACE_BOUND('',#11772,.F.);
#11772 = EDGE_LOOP('',(#11773,#11774,#11775,#11776,#11798,#11799));
#11773 = ORIENTED_EDGE('',*,*,#4657,.T.);
#11774 = ORIENTED_EDGE('',*,*,#4631,.F.);
#11775 = ORIENTED_EDGE('',*,*,#4340,.T.);
#11776 = ORIENTED_EDGE('',*,*,#11777,.T.);
#11777 = EDGE_CURVE('',#4318,#9876,#11778,.T.);
#11778 = SURFACE_CURVE('',#11779,(#11786,#11792),.PCURVE_S1.);
#11779 = B_SPLINE_CURVE_WITH_KNOTS('',3,(#11780,#11781,#11782,#11783,
    #11784,#11785),.UNSPECIFIED.,.F.,.F.,(4,2,4),(0.247266928331,
    0.248737975901,0.268239921865),.UNSPECIFIED.);
#11780 = CARTESIAN_POINT('',(-6.20131081089,-1.052553564559,
    -2.808165260295E-02));
#11781 = CARTESIAN_POINT('',(-6.197361011875,-1.055674963882,
    -2.669893224711E-02));
#11782 = CARTESIAN_POINT('',(-6.193407192819,-1.058822066874,
    -2.537047635807E-02));
#11783 = CARTESIAN_POINT('',(-6.137011273084,-1.104035192635,
    -7.198469799336E-03));
#11784 = CARTESIAN_POINT('',(-6.084277787459,-1.150518835828,
    -1.028157633911E-16));
#11785 = CARTESIAN_POINT('',(-6.036104656676,-1.196737269315,
    -6.938893903907E-17));
#11786 = PCURVE('',#4387,#11787);
#11787 = DEFINITIONAL_REPRESENTATION('',(#11788),#11791);
#11788 = B_SPLINE_CURVE_WITH_KNOTS('',1,(#11789,#11790),.UNSPECIFIED.,
  .F.,.F.,(2,2),(0.247266928331,0.268239921865),
  .PIECEWISE_BEZIER_KNOTS.);
#11789 = CARTESIAN_POINT('',(6.688209854534,0.572446435441));
#11790 = CARTESIAN_POINT('',(7.024950239277,0.428262730685));
#11791 = ( GEOMETRIC_REPRESENTATION_CONTEXT(2) 
PARAMETRIC_REPRESENTATION_CONTEXT() REPRESENTATION_CONTEXT('2D SPACE',''
  ) );
#11792 = PCURVE('',#3051,#11793);
#11793 = DEFINITIONAL_REPRESENTATION('',(#11794),#11797);
#11794 = B_SPLINE_CURVE_WITH_KNOTS('',1,(#11795,#11796),.UNSPECIFIED.,
  .F.,.F.,(2,2),(0.247266928331,0.268239921865),
  .PIECEWISE_BEZIER_KNOTS.);
#11795 = CARTESIAN_POINT('',(0.87798583237,2.971918347397));
#11796 = CARTESIAN_POINT('',(0.80610359366,3.));
#11797 = ( GEOMETRIC_REPRESENTATION_CONTEXT(2) 
PARAMETRIC_REPRESENTATION_CONTEXT() REPRESENTATION_CONTEXT('2D SPACE',''
  ) );
#11798 = ORIENTED_EDGE('',*,*,#9899,.F.);
#11799 = ORIENTED_EDGE('',*,*,#11648,.T.);
#11800 = ADVANCED_FACE('',(#11801),#4269,.T.);
#11801 = FACE_BOUND('',#11802,.T.);
#11802 = EDGE_LOOP('',(#11803,#11822,#11823,#11843));
#11803 = ORIENTED_EDGE('',*,*,#11804,.F.);
#11804 = EDGE_CURVE('',#4214,#5498,#11805,.T.);
#11805 = SURFACE_CURVE('',#11806,(#11810,#11816),.PCURVE_S1.);
#11806 = LINE('',#11807,#11808);
#11807 = CARTESIAN_POINT('',(-7.609824823883,-1.178464566265,
    -1.49999908014));
#11808 = VECTOR('',#11809,1.);
#11809 = DIRECTION('',(-0.500479316576,0.500479316576,0.706428274745));
#11810 = PCURVE('',#4269,#11811);
#11811 = DEFINITIONAL_REPRESENTATION('',(#11812),#11815);
#11812 = B_SPLINE_CURVE_WITH_KNOTS('',1,(#11813,#11814),.UNSPECIFIED.,
  .F.,.F.,(2,2),(0.,0.707784637189),.PIECEWISE_BEZIER_KNOTS.);
#11813 = CARTESIAN_POINT('',(-3.228071182435E-17,-0.339292026904));
#11814 = CARTESIAN_POINT('',(1.,-0.339292026904));
#11815 = ( GEOMETRIC_REPRESENTATION_CONTEXT(2) 
PARAMETRIC_REPRESENTATION_CONTEXT() REPRESENTATION_CONTEXT('2D SPACE',''
  ) );
#11816 = PCURVE('',#4229,#11817);
#11817 = DEFINITIONAL_REPRESENTATION('',(#11818),#11821);
#11818 = B_SPLINE_CURVE_WITH_KNOTS('',1,(#11819,#11820),.UNSPECIFIED.,
  .F.,.F.,(2,2),(0.,0.707784637189),.PIECEWISE_BEZIER_KNOTS.);
#11819 = CARTESIAN_POINT('',(-4.334758496448E-16,-0.148168924519));
#11820 = CARTESIAN_POINT('',(1.,-0.148168924519));
#11821 = ( GEOMETRIC_REPRESENTATION_CONTEXT(2) 
PARAMETRIC_REPRESENTATION_CONTEXT() REPRESENTATION_CONTEXT('2D SPACE',''
  ) );
#11822 = ORIENTED_EDGE('',*,*,#4253,.T.);
#11823 = ORIENTED_EDGE('',*,*,#11824,.F.);
#11824 = EDGE_CURVE('',#5523,#4254,#11825,.T.);
#11825 = SURFACE_CURVE('',#11826,(#11830,#11836),.PCURVE_S1.);
#11826 = LINE('',#11827,#11828);
#11827 = CARTESIAN_POINT('',(-7.99513768493,-0.855314284305,-1.));
#11828 = VECTOR('',#11829,1.);
#11829 = DIRECTION('',(0.500000000114,-0.500000000114,-0.707106781025));
#11830 = PCURVE('',#4269,#11831);
#11831 = DEFINITIONAL_REPRESENTATION('',(#11832),#11835);
#11832 = B_SPLINE_CURVE_WITH_KNOTS('',1,(#11833,#11834),.UNSPECIFIED.,
  .F.,.F.,(2,2),(0.,0.707106781025),.PIECEWISE_BEZIER_KNOTS.);
#11833 = CARTESIAN_POINT('',(1.,-0.343687585025));
#11834 = CARTESIAN_POINT('',(2.28640857496E-10,-0.343687585025));
#11835 = ( GEOMETRIC_REPRESENTATION_CONTEXT(2) 
PARAMETRIC_REPRESENTATION_CONTEXT() REPRESENTATION_CONTEXT('2D SPACE',''
  ) );
#11836 = PCURVE('',#2313,#11837);
#11837 = DEFINITIONAL_REPRESENTATION('',(#11838),#11842);
#11838 = LINE('',#11839,#11840);
#11839 = CARTESIAN_POINT('',(2.272956331906,-2.602073235567));
#11840 = VECTOR('',#11841,1.);
#11841 = DIRECTION('',(-0.816496580928,-0.57735026919));
#11842 = ( GEOMETRIC_REPRESENTATION_CONTEXT(2) 
PARAMETRIC_REPRESENTATION_CONTEXT() REPRESENTATION_CONTEXT('2D SPACE',''
  ) );
#11843 = ORIENTED_EDGE('',*,*,#5522,.T.);
#11844 = ADVANCED_FACE('',(#11845),#4229,.T.);
#11845 = FACE_BOUND('',#11846,.T.);
#11846 = EDGE_LOOP('',(#11847,#11893,#11894,#11895,#11896,#11897));
#11847 = ORIENTED_EDGE('',*,*,#11848,.F.);
#11848 = EDGE_CURVE('',#4152,#11849,#11851,.T.);
#11849 = VERTEX_POINT('',#11850);
#11850 = CARTESIAN_POINT('',(-6.829816026411,-0.384582902327,-1.));
#11851 = SURFACE_CURVE('',#11852,(#11857,#11886),.PCURVE_S1.);
#11852 = B_SPLINE_CURVE_WITH_KNOTS('',3,(#11853,#11854,#11855,#11856),
  .UNSPECIFIED.,.F.,.F.,(4,4),(-7.087234815872E-02,9.251707548492E-04),
  .PIECEWISE_BEZIER_KNOTS.);
#11853 = CARTESIAN_POINT('',(-6.871872961635,-0.915699125908,
    -1.498952973715));
#11854 = CARTESIAN_POINT('',(-6.858256524169,-0.739248039035,
    -1.333014397645));
#11855 = CARTESIAN_POINT('',(-6.843920448166,-0.559915104667,
    -1.164598151034));
#11856 = CARTESIAN_POINT('',(-6.829817308858,-0.384583065306,
    -0.999999723454));
#11857 = PCURVE('',#4229,#11858);
#11858 = DEFINITIONAL_REPRESENTATION('',(#11859),#11885);
#11859 = B_SPLINE_CURVE_WITH_KNOTS('',3,(#11860,#11861,#11862,#11863,
    #11864,#11865,#11866,#11867,#11868,#11869,#11870,#11871,#11872,
    #11873,#11874,#11875,#11876,#11877,#11878,#11879,#11880,#11881,
    #11882,#11883,#11884),.UNSPECIFIED.,.F.,.F.,(4,1,1,1,1,1,1,1,1,1,1,1
    ,1,1,1,1,1,1,1,1,1,1,4),(-7.087234815872E-02,-6.760882457174E-02,
    -6.434530098476E-02,-6.108177739778E-02,-5.78182538108E-02,
    -5.455473022382E-02,-5.129120663684E-02,-4.802768304986E-02,
    -4.476415946288E-02,-4.15006358759E-02,-3.823711228892E-02,
    -3.497358870194E-02,-3.171006511496E-02,-2.844654152798E-02,
    -2.518301794099E-02,-2.191949435401E-02,-1.865597076703E-02,
    -1.539244718005E-02,-1.212892359307E-02,-8.865400006092E-03,
    -5.601876419112E-03,-2.338352832131E-03,9.251707548492E-04),
  .UNSPECIFIED.);
#11860 = CARTESIAN_POINT('',(7.386353649181E-06,-6.613827247009E-02));
#11861 = CARTESIAN_POINT('',(1.512259086517E-02,-6.609783626359E-02));
#11862 = CARTESIAN_POINT('',(4.537359593795E-02,-6.601869161894E-02));
#11863 = CARTESIAN_POINT('',(9.080485637837E-02,-6.590487140486E-02));
#11864 = CARTESIAN_POINT('',(0.136283840442,-6.579565191206E-02));
#11865 = CARTESIAN_POINT('',(0.181803497536,-6.569077028716E-02));
#11866 = CARTESIAN_POINT('',(0.227356765096,-6.558998234311E-02));
#11867 = CARTESIAN_POINT('',(0.272936567854,-6.549306373026E-02));
#11868 = CARTESIAN_POINT('',(0.31853581962,-6.539980722055E-02));
#11869 = CARTESIAN_POINT('',(0.364147424195,-6.531002130684E-02));
#11870 = CARTESIAN_POINT('',(0.409764276364,-6.522352868793E-02));
#11871 = CARTESIAN_POINT('',(0.455379262726,-6.514016499194E-02));
#11872 = CARTESIAN_POINT('',(0.500985262448,-6.505977761758E-02));
#11873 = CARTESIAN_POINT('',(0.546575147929,-6.498222470296E-02));
#11874 = CARTESIAN_POINT('',(0.5921417854,-6.490737420033E-02));
#11875 = CARTESIAN_POINT('',(0.637678035461,-6.483510304566E-02));
#11876 = CARTESIAN_POINT('',(0.683176753555,-6.476529641143E-02));
#11877 = CARTESIAN_POINT('',(0.728630790407,-6.469784703432E-02));
#11878 = CARTESIAN_POINT('',(0.77403299241,-6.463265460467E-02));
#11879 = CARTESIAN_POINT('',(0.81937620197,-6.456962522792E-02));
#11880 = CARTESIAN_POINT('',(0.864653257848,-6.450867088692E-02));
#11881 = CARTESIAN_POINT('',(0.90985699536,-6.444970914041E-02));
#11882 = CARTESIAN_POINT('',(0.954980246974,-6.439266215405E-02));
#11883 = CARTESIAN_POINT('',(0.985003976507,-6.435585966045E-02));
#11884 = CARTESIAN_POINT('',(1.000000036669,-6.433775340133E-02));
#11885 = ( GEOMETRIC_REPRESENTATION_CONTEXT(2) 
PARAMETRIC_REPRESENTATION_CONTEXT() REPRESENTATION_CONTEXT('2D SPACE',''
  ) );
#11886 = PCURVE('',#4167,#11887);
#11887 = DEFINITIONAL_REPRESENTATION('',(#11888),#11892);
#11888 = LINE('',#11889,#11890);
#11889 = CARTESIAN_POINT('',(2.876040684804E-15,2.775557561563E-17));
#11890 = VECTOR('',#11891,1.);
#11891 = DIRECTION('',(5.434207906891E-14,-1.));
#11892 = ( GEOMETRIC_REPRESENTATION_CONTEXT(2) 
PARAMETRIC_REPRESENTATION_CONTEXT() REPRESENTATION_CONTEXT('2D SPACE',''
  ) );
#11893 = ORIENTED_EDGE('',*,*,#4213,.T.);
#11894 = ORIENTED_EDGE('',*,*,#11804,.T.);
#11895 = ORIENTED_EDGE('',*,*,#5497,.T.);
#11896 = ORIENTED_EDGE('',*,*,#5418,.F.);
#11897 = ORIENTED_EDGE('',*,*,#11898,.T.);
#11898 = EDGE_CURVE('',#5391,#11849,#11899,.T.);
#11899 = SURFACE_CURVE('',#11900,(#11905,#11911),.PCURVE_S1.);
#11900 = B_SPLINE_CURVE_WITH_KNOTS('',3,(#11901,#11902,#11903,#11904),
  .UNSPECIFIED.,.F.,.F.,(4,4),(-1.189394979797E-03,-9.068654023702E-04),
  .PIECEWISE_BEZIER_KNOTS.);
#11901 = CARTESIAN_POINT('',(-6.829651342726,-0.382525507488,
    -0.998067519974));
#11902 = CARTESIAN_POINT('',(-6.829706516795,-0.38321140507,
    -0.998711425848));
#11903 = CARTESIAN_POINT('',(-6.829761694488,-0.383897364315,
    -0.999355390547));
#11904 = CARTESIAN_POINT('',(-6.829816875747,-0.38458338481,
    -0.999999413694));
#11905 = PCURVE('',#4229,#11906);
#11906 = DEFINITIONAL_REPRESENTATION('',(#11907),#11910);
#11907 = B_SPLINE_CURVE_WITH_KNOTS('',1,(#11908,#11909),.UNSPECIFIED.,
  .F.,.F.,(2,2),(-1.189394979797E-03,-9.068654304989E-04),
  .PIECEWISE_BEZIER_KNOTS.);
#11908 = CARTESIAN_POINT('',(1.003872224392,-6.433305441186E-02));
#11909 = CARTESIAN_POINT('',(1.000000028038,-6.433772342913E-02));
#11910 = ( GEOMETRIC_REPRESENTATION_CONTEXT(2) 
PARAMETRIC_REPRESENTATION_CONTEXT() REPRESENTATION_CONTEXT('2D SPACE',''
  ) );
#11911 = PCURVE('',#4167,#11912);
#11912 = DEFINITIONAL_REPRESENTATION('',(#11913),#11916);
#11913 = B_SPLINE_CURVE_WITH_KNOTS('',1,(#11914,#11915),.UNSPECIFIED.,
  .F.,.F.,(2,2),(-1.189394979797E-03,-9.068654304989E-04),
  .PIECEWISE_BEZIER_KNOTS.);
#11914 = CARTESIAN_POINT('',(1.636757438305E-06,-1.206092530428E-03));
#11915 = CARTESIAN_POINT('',(1.636757438302E-06,-9.251708900726E-04));
#11916 = ( GEOMETRIC_REPRESENTATION_CONTEXT(2) 
PARAMETRIC_REPRESENTATION_CONTEXT() REPRESENTATION_CONTEXT('2D SPACE',''
  ) );
#11917 = ADVANCED_FACE('',(#11918),#4167,.T.);
#11918 = FACE_BOUND('',#11919,.T.);
#11919 = EDGE_LOOP('',(#11920,#11947,#11948,#11949,#11950,#11951,#11952)
  );
#11920 = ORIENTED_EDGE('',*,*,#11921,.F.);
#11921 = EDGE_CURVE('',#4087,#11922,#11924,.T.);
#11922 = VERTEX_POINT('',#11923);
#11923 = CARTESIAN_POINT('',(-6.648922203615,-0.471598978564,
    -0.832461028741));
#11924 = SURFACE_CURVE('',#11925,(#11934,#11940),.PCURVE_S1.);
#11925 = B_SPLINE_CURVE_WITH_KNOTS('',3,(#11926,#11927,#11928,#11929,
    #11930,#11931,#11932,#11933),.UNSPECIFIED.,.F.,.F.,(4,2,2,4),(
    -5.425131368669E-02,-3.642173209248E-02,0.,6.940415007814E-03),
  .UNSPECIFIED.);
#11926 = CARTESIAN_POINT('',(-6.684235437722,-0.925569006128,
    -1.251111318166));
#11927 = CARTESIAN_POINT('',(-6.680819785275,-0.880666009391,
    -1.209977141167));
#11928 = CARTESIAN_POINT('',(-6.677380420785,-0.835873263632,
    -1.168830198026));
#11929 = CARTESIAN_POINT('',(-6.667109908916,-0.702952765135,
    -1.046498826562));
#11930 = CARTESIAN_POINT('',(-6.65993452403,-0.611267574589,
    -0.961792688186));
#11931 = CARTESIAN_POINT('',(-6.651599508853,-0.505504120204,
    -0.863871298617));
#11932 = CARTESIAN_POINT('',(-6.650261647149,-0.488551068092,
    -0.848168703971));
#11933 = CARTESIAN_POINT('',(-6.648922203996,-0.471598986132,
    -0.832461032713));
#11934 = PCURVE('',#4167,#11935);
#11935 = DEFINITIONAL_REPRESENTATION('',(#11936),#11939);
#11936 = B_SPLINE_CURVE_WITH_KNOTS('',1,(#11937,#11938),.UNSPECIFIED.,
  .F.,.F.,(2,2),(-5.425131368669E-02,6.940415007814E-03),
  .PIECEWISE_BEZIER_KNOTS.);
#11937 = CARTESIAN_POINT('',(0.674104660351,5.411024169E-02));
#11938 = CARTESIAN_POINT('',(0.670250973881,-6.940563833301E-03));
#11939 = ( GEOMETRIC_REPRESENTATION_CONTEXT(2) 
PARAMETRIC_REPRESENTATION_CONTEXT() REPRESENTATION_CONTEXT('2D SPACE',''
  ) );
#11940 = PCURVE('',#4104,#11941);
#11941 = DEFINITIONAL_REPRESENTATION('',(#11942),#11946);
#11942 = LINE('',#11943,#11944);
#11943 = CARTESIAN_POINT('',(-1.815502205771E-15,2.081668171172E-17));
#11944 = VECTOR('',#11945,1.);
#11945 = DIRECTION('',(-7.621521131668E-14,-1.));
#11946 = ( GEOMETRIC_REPRESENTATION_CONTEXT(2) 
PARAMETRIC_REPRESENTATION_CONTEXT() REPRESENTATION_CONTEXT('2D SPACE',''
  ) );
#11947 = ORIENTED_EDGE('',*,*,#4151,.F.);
#11948 = ORIENTED_EDGE('',*,*,#11848,.T.);
#11949 = ORIENTED_EDGE('',*,*,#11898,.F.);
#11950 = ORIENTED_EDGE('',*,*,#5390,.F.);
#11951 = ORIENTED_EDGE('',*,*,#11746,.F.);
#11952 = ORIENTED_EDGE('',*,*,#11953,.T.);
#11953 = EDGE_CURVE('',#11717,#11922,#11954,.T.);
#11954 = SURFACE_CURVE('',#11955,(#11960,#11966),.PCURVE_S1.);
#11955 = B_SPLINE_CURVE_WITH_KNOTS('',3,(#11956,#11957,#11958,#11959),
  .UNSPECIFIED.,.F.,.F.,(4,4),(-7.575240409942E-03,-6.940415007814E-03),
  .PIECEWISE_BEZIER_KNOTS.);
#11956 = CARTESIAN_POINT('',(-6.648554617256,-0.466947308963,
    -0.828150674196));
#11957 = CARTESIAN_POINT('',(-6.648677158117,-0.468497844703,
    -0.829587488466));
#11958 = CARTESIAN_POINT('',(-6.648799687433,-0.470048408334,
    -0.831024279023));
#11959 = CARTESIAN_POINT('',(-6.648922203518,-0.471598980082,
    -0.832461027108));
#11960 = PCURVE('',#4167,#11961);
#11961 = DEFINITIONAL_REPRESENTATION('',(#11962),#11965);
#11962 = B_SPLINE_CURVE_WITH_KNOTS('',1,(#11963,#11964),.UNSPECIFIED.,
  .F.,.F.,(2,2),(-7.575240409942E-03,-6.940415007814E-03),
  .PIECEWISE_BEZIER_KNOTS.);
#11963 = CARTESIAN_POINT('',(0.670222525115,-7.575240410069E-03));
#11964 = CARTESIAN_POINT('',(0.670250973844,-6.940564658517E-03));
#11965 = ( GEOMETRIC_REPRESENTATION_CONTEXT(2) 
PARAMETRIC_REPRESENTATION_CONTEXT() REPRESENTATION_CONTEXT('2D SPACE',''
  ) );
#11966 = PCURVE('',#4104,#11967);
#11967 = DEFINITIONAL_REPRESENTATION('',(#11968),#11972);
#11968 = LINE('',#11969,#11970);
#11969 = CARTESIAN_POINT('',(5.355775065062E-14,-7.775441488583E-10));
#11970 = VECTOR('',#11971,1.);
#11971 = DIRECTION('',(8.243176748154E-12,1.));
#11972 = ( GEOMETRIC_REPRESENTATION_CONTEXT(2) 
PARAMETRIC_REPRESENTATION_CONTEXT() REPRESENTATION_CONTEXT('2D SPACE',''
  ) );
#11973 = ADVANCED_FACE('',(#11974),#4104,.T.);
#11974 = FACE_BOUND('',#11975,.T.);
#11975 = EDGE_LOOP('',(#11976,#11977,#11978,#11979,#11980));
#11976 = ORIENTED_EDGE('',*,*,#4451,.T.);
#11977 = ORIENTED_EDGE('',*,*,#4086,.F.);
#11978 = ORIENTED_EDGE('',*,*,#11921,.T.);
#11979 = ORIENTED_EDGE('',*,*,#11953,.F.);
#11980 = ORIENTED_EDGE('',*,*,#11716,.F.);
#11981 = ADVANCED_FACE('',(#11982),#3863,.T.);
#11982 = FACE_BOUND('',#11983,.T.);
#11983 = EDGE_LOOP('',(#11984,#12005,#12006,#12007,#12030));
#11984 = ORIENTED_EDGE('',*,*,#11985,.F.);
#11985 = EDGE_CURVE('',#4254,#2298,#11986,.T.);
#11986 = SURFACE_CURVE('',#11987,(#11991,#11998),.PCURVE_S1.);
#11987 = LINE('',#11988,#11989);
#11988 = CARTESIAN_POINT('',(-5.211346074532,1.221370544907,-1.5));
#11989 = VECTOR('',#11990,1.);
#11990 = DIRECTION('',(-0.707106781187,-0.707106781187,0.));
#11991 = PCURVE('',#3863,#11992);
#11992 = DEFINITIONAL_REPRESENTATION('',(#11993),#11997);
#11993 = LINE('',#11994,#11995);
#11994 = CARTESIAN_POINT('',(-2.821338753766,1.5));
#11995 = VECTOR('',#11996,1.);
#11996 = DIRECTION('',(1.,0.));
#11997 = ( GEOMETRIC_REPRESENTATION_CONTEXT(2) 
PARAMETRIC_REPRESENTATION_CONTEXT() REPRESENTATION_CONTEXT('2D SPACE',''
  ) );
#11998 = PCURVE('',#2313,#11999);
#11999 = DEFINITIONAL_REPRESENTATION('',(#12000),#12004);
#12000 = LINE('',#12001,#12002);
#12001 = CARTESIAN_POINT('',(-0.288675134595,-0.204124145232));
#12002 = VECTOR('',#12003,1.);
#12003 = DIRECTION('',(0.57735026919,-0.816496580928));
#12004 = ( GEOMETRIC_REPRESENTATION_CONTEXT(2) 
PARAMETRIC_REPRESENTATION_CONTEXT() REPRESENTATION_CONTEXT('2D SPACE',''
  ) );
#12005 = ORIENTED_EDGE('',*,*,#4293,.F.);
#12006 = ORIENTED_EDGE('',*,*,#3847,.F.);
#12007 = ORIENTED_EDGE('',*,*,#12008,.T.);
#12008 = EDGE_CURVE('',#3815,#12009,#12011,.T.);
#12009 = VERTEX_POINT('',#12010);
#12010 = CARTESIAN_POINT('',(-8.425581049306,-1.992864429868,-1.5));
#12011 = SURFACE_CURVE('',#12012,(#12016,#12023),.PCURVE_S1.);
#12012 = LINE('',#12013,#12014);
#12013 = CARTESIAN_POINT('',(-8.425581051361,-1.992864431923,-3.));
#12014 = VECTOR('',#12015,1.);
#12015 = DIRECTION('',(0.,0.,1.));
#12016 = PCURVE('',#3863,#12017);
#12017 = DEFINITIONAL_REPRESENTATION('',(#12018),#12022);
#12018 = LINE('',#12019,#12020);
#12019 = CARTESIAN_POINT('',(1.724275943121,0.));
#12020 = VECTOR('',#12021,1.);
#12021 = DIRECTION('',(0.,1.));
#12022 = ( GEOMETRIC_REPRESENTATION_CONTEXT(2) 
PARAMETRIC_REPRESENTATION_CONTEXT() REPRESENTATION_CONTEXT('2D SPACE',''
  ) );
#12023 = PCURVE('',#3835,#12024);
#12024 = DEFINITIONAL_REPRESENTATION('',(#12025),#12029);
#12025 = LINE('',#12026,#12027);
#12026 = CARTESIAN_POINT('',(-0.371456892773,0.));
#12027 = VECTOR('',#12028,1.);
#12028 = DIRECTION('',(0.,1.));
#12029 = ( GEOMETRIC_REPRESENTATION_CONTEXT(2) 
PARAMETRIC_REPRESENTATION_CONTEXT() REPRESENTATION_CONTEXT('2D SPACE',''
  ) );
#12030 = ORIENTED_EDGE('',*,*,#12031,.F.);
#12031 = EDGE_CURVE('',#2298,#12009,#12032,.T.);
#12032 = SURFACE_CURVE('',#12033,(#12037,#12044),.PCURVE_S1.);
#12033 = LINE('',#12034,#12035);
#12034 = CARTESIAN_POINT('',(-8.425581051361,-1.992864431923,-1.5));
#12035 = VECTOR('',#12036,1.);
#12036 = DIRECTION('',(-0.707106781187,-0.707106781187,0.));
#12037 = PCURVE('',#3863,#12038);
#12038 = DEFINITIONAL_REPRESENTATION('',(#12039),#12043);
#12039 = LINE('',#12040,#12041);
#12040 = CARTESIAN_POINT('',(1.724275943121,1.5));
#12041 = VECTOR('',#12042,1.);
#12042 = DIRECTION('',(1.,0.));
#12043 = ( GEOMETRIC_REPRESENTATION_CONTEXT(2) 
PARAMETRIC_REPRESENTATION_CONTEXT() REPRESENTATION_CONTEXT('2D SPACE',''
  ) );
#12044 = PCURVE('',#2364,#12045);
#12045 = DEFINITIONAL_REPRESENTATION('',(#12046),#12050);
#12046 = LINE('',#12047,#12048);
#12047 = CARTESIAN_POINT('',(-0.867978491591,-0.814738127848));
#12048 = VECTOR('',#12049,1.);
#12049 = DIRECTION('',(-0.707106781187,0.707106781187));
#12050 = ( GEOMETRIC_REPRESENTATION_CONTEXT(2) 
PARAMETRIC_REPRESENTATION_CONTEXT() REPRESENTATION_CONTEXT('2D SPACE',''
  ) );
#12051 = ADVANCED_FACE('',(#12052),#3835,.T.);
#12052 = FACE_BOUND('',#12053,.T.);
#12053 = EDGE_LOOP('',(#12054,#12055,#12056,#12079));
#12054 = ORIENTED_EDGE('',*,*,#12008,.F.);
#12055 = ORIENTED_EDGE('',*,*,#3814,.T.);
#12056 = ORIENTED_EDGE('',*,*,#12057,.T.);
#12057 = EDGE_CURVE('',#3786,#12058,#12060,.T.);
#12058 = VERTEX_POINT('',#12059);
#12059 = CARTESIAN_POINT('',(-8.529231831168,-2.923904215637,-1.5));
#12060 = SURFACE_CURVE('',#12061,(#12065,#12072),.PCURVE_S1.);
#12061 = LINE('',#12062,#12063);
#12062 = CARTESIAN_POINT('',(-8.529231831168,-2.923904215637,-3.));
#12063 = VECTOR('',#12064,1.);
#12064 = DIRECTION('',(0.,0.,1.));
#12065 = PCURVE('',#3835,#12066);
#12066 = DEFINITIONAL_REPRESENTATION('',(#12067),#12071);
#12067 = LINE('',#12068,#12069);
#12068 = CARTESIAN_POINT('',(0.977596550645,0.));
#12069 = VECTOR('',#12070,1.);
#12070 = DIRECTION('',(0.,1.));
#12071 = ( GEOMETRIC_REPRESENTATION_CONTEXT(2) 
PARAMETRIC_REPRESENTATION_CONTEXT() REPRESENTATION_CONTEXT('2D SPACE',''
  ) );
#12072 = PCURVE('',#3802,#12073);
#12073 = DEFINITIONAL_REPRESENTATION('',(#12074),#12078);
#12074 = LINE('',#12075,#12076);
#12075 = CARTESIAN_POINT('',(3.70524793361,0.));
#12076 = VECTOR('',#12077,1.);
#12077 = DIRECTION('',(0.,1.));
#12078 = ( GEOMETRIC_REPRESENTATION_CONTEXT(2) 
PARAMETRIC_REPRESENTATION_CONTEXT() REPRESENTATION_CONTEXT('2D SPACE',''
  ) );
#12079 = ORIENTED_EDGE('',*,*,#12080,.T.);
#12080 = EDGE_CURVE('',#12058,#12009,#12081,.T.);
#12081 = SURFACE_CURVE('',#12082,(#12087,#12094),.PCURVE_S1.);
#12082 = CIRCLE('',#12083,0.75);
#12083 = AXIS2_PLACEMENT_3D('',#12084,#12085,#12086);
#12084 = CARTESIAN_POINT('',(-7.895250965472,-2.523194517812,-1.5));
#12085 = DIRECTION('',(0.,0.,-1.));
#12086 = DIRECTION('',(-0.915542676557,0.402220844067,0.));
#12087 = PCURVE('',#3835,#12088);
#12088 = DEFINITIONAL_REPRESENTATION('',(#12089),#12093);
#12089 = LINE('',#12090,#12091);
#12090 = CARTESIAN_POINT('',(6.28318530718,1.5));
#12091 = VECTOR('',#12092,1.);
#12092 = DIRECTION('',(-1.,0.));
#12093 = ( GEOMETRIC_REPRESENTATION_CONTEXT(2) 
PARAMETRIC_REPRESENTATION_CONTEXT() REPRESENTATION_CONTEXT('2D SPACE',''
  ) );
#12094 = PCURVE('',#2364,#12095);
#12095 = DEFINITIONAL_REPRESENTATION('',(#12096),#12100);
#12096 = CIRCLE('',#12097,0.75);
#12097 = AXIS2_PLACEMENT_2D('',#12098,#12099);
#12098 = CARTESIAN_POINT('',(-0.337648405701,-0.284408041958));
#12099 = DIRECTION('',(-0.915542676557,-0.402220844067));
#12100 = ( GEOMETRIC_REPRESENTATION_CONTEXT(2) 
PARAMETRIC_REPRESENTATION_CONTEXT() REPRESENTATION_CONTEXT('2D SPACE',''
  ) );
#12101 = ADVANCED_FACE('',(#12102),#3802,.T.);
#12102 = FACE_BOUND('',#12103,.T.);
#12103 = EDGE_LOOP('',(#12104,#12127,#12153,#12154));
#12104 = ORIENTED_EDGE('',*,*,#12105,.F.);
#12105 = EDGE_CURVE('',#12106,#3753,#12108,.T.);
#12106 = VERTEX_POINT('',#12107);
#12107 = CARTESIAN_POINT('',(-7.673904215637,-3.779231831168,-1.5));
#12108 = SURFACE_CURVE('',#12109,(#12113,#12120),.PCURVE_S1.);
#12109 = LINE('',#12110,#12111);
#12110 = CARTESIAN_POINT('',(-7.673904215637,-3.779231831168,-3.));
#12111 = VECTOR('',#12112,1.);
#12112 = DIRECTION('',(0.,0.,-1.));
#12113 = PCURVE('',#3802,#12114);
#12114 = DEFINITIONAL_REPRESENTATION('',(#12115),#12119);
#12115 = LINE('',#12116,#12117);
#12116 = CARTESIAN_POINT('',(4.148733700364,0.));
#12117 = VECTOR('',#12118,1.);
#12118 = DIRECTION('',(0.,-1.));
#12119 = ( GEOMETRIC_REPRESENTATION_CONTEXT(2) 
PARAMETRIC_REPRESENTATION_CONTEXT() REPRESENTATION_CONTEXT('2D SPACE',''
  ) );
#12120 = PCURVE('',#3773,#12121);
#12121 = DEFINITIONAL_REPRESENTATION('',(#12122),#12126);
#12122 = LINE('',#12123,#12124);
#12123 = CARTESIAN_POINT('',(5.305588756534,0.));
#12124 = VECTOR('',#12125,1.);
#12125 = DIRECTION('',(0.,-1.));
#12126 = ( GEOMETRIC_REPRESENTATION_CONTEXT(2) 
PARAMETRIC_REPRESENTATION_CONTEXT() REPRESENTATION_CONTEXT('2D SPACE',''
  ) );
#12127 = ORIENTED_EDGE('',*,*,#12128,.F.);
#12128 = EDGE_CURVE('',#12058,#12106,#12129,.T.);
#12129 = SURFACE_CURVE('',#12130,(#12135,#12142),.PCURVE_S1.);
#12130 = CIRCLE('',#12131,2.75);
#12131 = AXIS2_PLACEMENT_3D('',#12132,#12133,#12134);
#12132 = CARTESIAN_POINT('',(-6.204635323614,-1.454635323614,-1.5));
#12133 = DIRECTION('',(0.,0.,1.));
#12134 = DIRECTION('',(1.,0.,-0.));
#12135 = PCURVE('',#3802,#12136);
#12136 = DEFINITIONAL_REPRESENTATION('',(#12137),#12141);
#12137 = LINE('',#12138,#12139);
#12138 = CARTESIAN_POINT('',(0.,1.5));
#12139 = VECTOR('',#12140,1.);
#12140 = DIRECTION('',(1.,0.));
#12141 = ( GEOMETRIC_REPRESENTATION_CONTEXT(2) 
PARAMETRIC_REPRESENTATION_CONTEXT() REPRESENTATION_CONTEXT('2D SPACE',''
  ) );
#12142 = PCURVE('',#2364,#12143);
#12143 = DEFINITIONAL_REPRESENTATION('',(#12144),#12152);
#12144 = ( BOUNDED_CURVE() B_SPLINE_CURVE(2,(#12145,#12146,#12147,#12148
    ,#12149,#12150,#12151),.UNSPECIFIED.,.T.,.F.) 
B_SPLINE_CURVE_WITH_KNOTS((1,2,2,2,2,1),(-2.094395102393,0.,
    2.094395102393,4.188790204786,6.28318530718,8.377580409573),
.UNSPECIFIED.) CURVE() GEOMETRIC_REPRESENTATION_ITEM() 
RATIONAL_B_SPLINE_CURVE((1.,0.5,1.,0.5,1.,0.5,1.)) REPRESENTATION_ITEM(
  '') );
#12145 = CARTESIAN_POINT('',(4.102967236156,-1.352967236156));
#12146 = CARTESIAN_POINT('',(4.102967236156,-6.116106956971));
#12147 = CARTESIAN_POINT('',(-2.203276384371E-02,-3.734537096564));
#12148 = CARTESIAN_POINT('',(-4.147032763844,-1.352967236156));
#12149 = CARTESIAN_POINT('',(-2.203276384371E-02,1.028602624251));
#12150 = CARTESIAN_POINT('',(4.102967236156,3.410172484658));
#12151 = CARTESIAN_POINT('',(4.102967236156,-1.352967236156));
#12152 = ( GEOMETRIC_REPRESENTATION_CONTEXT(2) 
PARAMETRIC_REPRESENTATION_CONTEXT() REPRESENTATION_CONTEXT('2D SPACE',''
  ) );
#12153 = ORIENTED_EDGE('',*,*,#12057,.F.);
#12154 = ORIENTED_EDGE('',*,*,#3785,.F.);
#12155 = ADVANCED_FACE('',(#12156),#3773,.T.);
#12156 = FACE_BOUND('',#12157,.T.);
#12157 = EDGE_LOOP('',(#12158,#12181,#12203,#12204));
#12158 = ORIENTED_EDGE('',*,*,#12159,.T.);
#12159 = EDGE_CURVE('',#3730,#12160,#12162,.T.);
#12160 = VERTEX_POINT('',#12161);
#12161 = CARTESIAN_POINT('',(-6.742864431923,-3.675581051361,-1.5));
#12162 = SURFACE_CURVE('',#12163,(#12167,#12174),.PCURVE_S1.);
#12163 = LINE('',#12164,#12165);
#12164 = CARTESIAN_POINT('',(-6.742864431923,-3.675581051361,-3.));
#12165 = VECTOR('',#12166,1.);
#12166 = DIRECTION('',(0.,0.,1.));
#12167 = PCURVE('',#3773,#12168);
#12168 = DEFINITIONAL_REPRESENTATION('',(#12169),#12173);
#12169 = LINE('',#12170,#12171);
#12170 = CARTESIAN_POINT('',(6.654642199952,0.));
#12171 = VECTOR('',#12172,1.);
#12172 = DIRECTION('',(0.,1.));
#12173 = ( GEOMETRIC_REPRESENTATION_CONTEXT(2) 
PARAMETRIC_REPRESENTATION_CONTEXT() REPRESENTATION_CONTEXT('2D SPACE',''
  ) );
#12174 = PCURVE('',#2396,#12175);
#12175 = DEFINITIONAL_REPRESENTATION('',(#12176),#12180);
#12176 = LINE('',#12177,#12178);
#12177 = CARTESIAN_POINT('',(7.536443801682E-15,0.));
#12178 = VECTOR('',#12179,1.);
#12179 = DIRECTION('',(0.,1.));
#12180 = ( GEOMETRIC_REPRESENTATION_CONTEXT(2) 
PARAMETRIC_REPRESENTATION_CONTEXT() REPRESENTATION_CONTEXT('2D SPACE',''
  ) );
#12181 = ORIENTED_EDGE('',*,*,#12182,.T.);
#12182 = EDGE_CURVE('',#12160,#12106,#12183,.T.);
#12183 = SURFACE_CURVE('',#12184,(#12189,#12196),.PCURVE_S1.);
#12184 = CIRCLE('',#12185,0.75);
#12185 = AXIS2_PLACEMENT_3D('',#12186,#12187,#12188);
#12186 = CARTESIAN_POINT('',(-7.273194517812,-3.145250965472,-1.5));
#12187 = DIRECTION('',(0.,0.,-1.));
#12188 = DIRECTION('',(0.402220844067,-0.915542676557,0.));
#12189 = PCURVE('',#3773,#12190);
#12190 = DEFINITIONAL_REPRESENTATION('',(#12191),#12195);
#12191 = LINE('',#12192,#12193);
#12192 = CARTESIAN_POINT('',(12.566370614359,1.5));
#12193 = VECTOR('',#12194,1.);
#12194 = DIRECTION('',(-1.,0.));
#12195 = ( GEOMETRIC_REPRESENTATION_CONTEXT(2) 
PARAMETRIC_REPRESENTATION_CONTEXT() REPRESENTATION_CONTEXT('2D SPACE',''
  ) );
#12196 = PCURVE('',#2364,#12197);
#12197 = DEFINITIONAL_REPRESENTATION('',(#12198),#12202);
#12198 = CIRCLE('',#12199,0.75);
#12199 = AXIS2_PLACEMENT_2D('',#12200,#12201);
#12200 = CARTESIAN_POINT('',(0.284408041958,0.337648405701));
#12201 = DIRECTION('',(0.402220844067,0.915542676557));
#12202 = ( GEOMETRIC_REPRESENTATION_CONTEXT(2) 
PARAMETRIC_REPRESENTATION_CONTEXT() REPRESENTATION_CONTEXT('2D SPACE',''
  ) );
#12203 = ORIENTED_EDGE('',*,*,#12105,.T.);
#12204 = ORIENTED_EDGE('',*,*,#3752,.T.);
#12205 = ADVANCED_FACE('',(#12206),#3051,.T.);
#12206 = FACE_BOUND('',#12207,.T.);
#12207 = EDGE_LOOP('',(#12208,#12230,#12231,#12232,#12233,#12234,#12235,
    #12236));
#12208 = ORIENTED_EDGE('',*,*,#12209,.T.);
#12209 = EDGE_CURVE('',#9851,#3035,#12210,.T.);
#12210 = SURFACE_CURVE('',#12211,(#12218,#12224),.PCURVE_S1.);
#12211 = B_SPLINE_CURVE_WITH_KNOTS('',3,(#12212,#12213,#12214,#12215,
    #12216,#12217),.UNSPECIFIED.,.F.,.F.,(4,2,4),(0.107669524411,
    0.127171470376,0.128642517948),.UNSPECIFIED.);
#12212 = CARTESIAN_POINT('',(-5.946737269315,-1.286104656676,0.));
#12213 = CARTESIAN_POINT('',(-5.900518835828,-1.334277787459,
    5.34829189632E-17));
#12214 = CARTESIAN_POINT('',(-5.854035192635,-1.387011273084,
    -7.198469799336E-03));
#12215 = CARTESIAN_POINT('',(-5.808822066869,-1.443407192824,
    -2.537047635982E-02));
#12216 = CARTESIAN_POINT('',(-5.805674963873,-1.447361011885,
    -2.669893225078E-02));
#12217 = CARTESIAN_POINT('',(-5.802553564546,-1.451310810906,
    -2.808165260867E-02));
#12218 = PCURVE('',#3051,#12219);
#12219 = DEFINITIONAL_REPRESENTATION('',(#12220),#12223);
#12220 = B_SPLINE_CURVE_WITH_KNOTS('',1,(#12221,#12222),.UNSPECIFIED.,
  .F.,.F.,(2,2),(0.107669524411,0.128642517948),
  .PIECEWISE_BEZIER_KNOTS.);
#12221 = CARTESIAN_POINT('',(0.764692733135,3.));
#12222 = CARTESIAN_POINT('',(0.692810494418,2.971918347391));
#12223 = ( GEOMETRIC_REPRESENTATION_CONTEXT(2) 
PARAMETRIC_REPRESENTATION_CONTEXT() REPRESENTATION_CONTEXT('2D SPACE',''
  ) );
#12224 = PCURVE('',#2844,#12225);
#12225 = DEFINITIONAL_REPRESENTATION('',(#12226),#12229);
#12226 = B_SPLINE_CURVE_WITH_KNOTS('',1,(#12227,#12228),.UNSPECIFIED.,
  .F.,.F.,(2,2),(0.107669524411,0.128642517948),
  .PIECEWISE_BEZIER_KNOTS.);
#12227 = CARTESIAN_POINT('',(7.024950239277,9.946737269315));
#12228 = CARTESIAN_POINT('',(6.6882098545,9.802553564546));
#12229 = ( GEOMETRIC_REPRESENTATION_CONTEXT(2) 
PARAMETRIC_REPRESENTATION_CONTEXT() REPRESENTATION_CONTEXT('2D SPACE',''
  ) );
#12230 = ORIENTED_EDGE('',*,*,#3032,.F.);
#12231 = ORIENTED_EDGE('',*,*,#3417,.F.);
#12232 = ORIENTED_EDGE('',*,*,#3492,.F.);
#12233 = ORIENTED_EDGE('',*,*,#4059,.F.);
#12234 = ORIENTED_EDGE('',*,*,#4317,.F.);
#12235 = ORIENTED_EDGE('',*,*,#11777,.T.);
#12236 = ORIENTED_EDGE('',*,*,#9875,.F.);
#12237 = ADVANCED_FACE('',(#12238),#2874,.F.);
#12238 = FACE_BOUND('',#12239,.F.);
#12239 = EDGE_LOOP('',(#12240,#12241,#12242,#12266,#12296,#12346,#12392)
  );
#12240 = ORIENTED_EDGE('',*,*,#2856,.T.);
#12241 = ORIENTED_EDGE('',*,*,#2897,.T.);
#12242 = ORIENTED_EDGE('',*,*,#12243,.T.);
#12243 = EDGE_CURVE('',#2898,#12244,#12246,.T.);
#12244 = VERTEX_POINT('',#12245);
#12245 = CARTESIAN_POINT('',(5.67257657751,-1.788014575448,
    -0.67257657751));
#12246 = SURFACE_CURVE('',#12247,(#12252,#12258),.PCURVE_S1.);
#12247 = B_SPLINE_CURVE_WITH_KNOTS('',3,(#12248,#12249,#12250,#12251),
  .UNSPECIFIED.,.F.,.F.,(4,4),(-4.003066105539E-02,-3.835483541098E-02),
  .PIECEWISE_BEZIER_KNOTS.);
#12248 = CARTESIAN_POINT('',(5.666931767015,-1.802619220275,
    -0.666931764119));
#12249 = CARTESIAN_POINT('',(5.66877377084,-1.797727360874,
    -0.668773826325));
#12250 = CARTESIAN_POINT('',(5.67065593009,-1.792859226727,
    -0.670655324466));
#12251 = CARTESIAN_POINT('',(5.672577649765,-1.788015125986,
    -0.67257647657));
#12252 = PCURVE('',#2874,#12253);
#12253 = DEFINITIONAL_REPRESENTATION('',(#12254),#12257);
#12254 = B_SPLINE_CURVE_WITH_KNOTS('',1,(#12255,#12256),.UNSPECIFIED.,
  .F.,.F.,(2,2),(-4.003066105539E-02,-3.835483541098E-02),
  .PIECEWISE_BEZIER_KNOTS.);
#12255 = CARTESIAN_POINT('',(0.241712662865,0.159497900441));
#12256 = CARTESIAN_POINT('',(0.230960266205,0.16000473091));
#12257 = ( GEOMETRIC_REPRESENTATION_CONTEXT(2) 
PARAMETRIC_REPRESENTATION_CONTEXT() REPRESENTATION_CONTEXT('2D SPACE',''
  ) );
#12258 = PCURVE('',#2711,#12259);
#12259 = DEFINITIONAL_REPRESENTATION('',(#12260),#12265);
#12260 = B_SPLINE_CURVE_WITH_KNOTS('',3,(#12261,#12262,#12263,#12264),
  .UNSPECIFIED.,.F.,.F.,(4,4),(-4.003066105539E-02,-3.835483541098E-02),
  .PIECEWISE_BEZIER_KNOTS.);
#12261 = CARTESIAN_POINT('',(0.239506291969,-0.123561270982));
#12262 = CARTESIAN_POINT('',(0.236901263896,-0.118669411581));
#12263 = CARTESIAN_POINT('',(0.234239956232,-0.113801277434));
#12264 = CARTESIAN_POINT('',(0.231522635539,-0.108957176693));
#12265 = ( GEOMETRIC_REPRESENTATION_CONTEXT(2) 
PARAMETRIC_REPRESENTATION_CONTEXT() REPRESENTATION_CONTEXT('2D SPACE',''
  ) );
#12266 = ORIENTED_EDGE('',*,*,#12267,.T.);
#12267 = EDGE_CURVE('',#12244,#12268,#12270,.T.);
#12268 = VERTEX_POINT('',#12269);
#12269 = CARTESIAN_POINT('',(5.796512633707,-1.570101323138,
    -0.796512633707));
#12270 = SURFACE_CURVE('',#12271,(#12279,#12285),.PCURVE_S1.);
#12271 = B_SPLINE_CURVE_WITH_KNOTS('',3,(#12272,#12273,#12274,#12275,
    #12276,#12277,#12278),.UNSPECIFIED.,.F.,.F.,(4,3,4),(
    -3.826473125215E-02,-1.972484307352E-02,-1.014661289676E-02),
  .UNSPECIFIED.);
#12272 = CARTESIAN_POINT('',(5.67257657751,-1.788014575448,
    -0.67257657751));
#12273 = CARTESIAN_POINT('',(5.693929474182,-1.734166605252,
    -0.693929474182));
#12274 = CARTESIAN_POINT('',(5.719772015089,-1.684161738214,
    -0.719772015089));
#12275 = CARTESIAN_POINT('',(5.74891124763,-1.638151129914,
    -0.74891124763));
#12276 = CARTESIAN_POINT('',(5.763965465888,-1.614380643216,
    -0.763965465888));
#12277 = CARTESIAN_POINT('',(5.779882830004,-1.591701444834,
    -0.779882830004));
#12278 = CARTESIAN_POINT('',(5.796512633707,-1.570101323138,
    -0.796512633707));
#12279 = PCURVE('',#2874,#12280);
#12280 = DEFINITIONAL_REPRESENTATION('',(#12281),#12284);
#12281 = B_SPLINE_CURVE_WITH_KNOTS('',1,(#12282,#12283),.UNSPECIFIED.,
  .F.,.F.,(2,2),(-3.826473125215E-02,-1.014661289676E-02),
  .PIECEWISE_BEZIER_KNOTS.);
#12282 = CARTESIAN_POINT('',(0.230960163479,0.160004730919));
#12283 = CARTESIAN_POINT('',(5.828636538124E-02,0.171768558813));
#12284 = ( GEOMETRIC_REPRESENTATION_CONTEXT(2) 
PARAMETRIC_REPRESENTATION_CONTEXT() REPRESENTATION_CONTEXT('2D SPACE',''
  ) );
#12285 = PCURVE('',#2711,#12286);
#12286 = DEFINITIONAL_REPRESENTATION('',(#12287),#12295);
#12287 = B_SPLINE_CURVE_WITH_KNOTS('',3,(#12288,#12289,#12290,#12291,
    #12292,#12293,#12294),.UNSPECIFIED.,.F.,.F.,(4,3,4),(
    -3.826473125215E-02,-1.972484307352E-02,-1.014661289676E-02),
  .UNSPECIFIED.);
#12288 = CARTESIAN_POINT('',(0.231523322362,-0.108956626155));
#12289 = CARTESIAN_POINT('',(0.201325766292,-5.510865595885E-02));
#12290 = CARTESIAN_POINT('',(0.164778894456,-5.103788921669E-03));
#12291 = CARTESIAN_POINT('',(0.123569796599,4.090681937852E-02));
#12292 = CARTESIAN_POINT('',(0.102279916968,6.467730607713E-02));
#12293 = CARTESIAN_POINT('',(7.976936475709E-02,8.735650445925E-02));
#12294 = CARTESIAN_POINT('',(5.625127082061E-02,0.108956626155));
#12295 = ( GEOMETRIC_REPRESENTATION_CONTEXT(2) 
PARAMETRIC_REPRESENTATION_CONTEXT() REPRESENTATION_CONTEXT('2D SPACE',''
  ) );
#12296 = ORIENTED_EDGE('',*,*,#12297,.T.);
#12297 = EDGE_CURVE('',#12268,#12298,#12300,.T.);
#12298 = VERTEX_POINT('',#12299);
#12299 = CARTESIAN_POINT('',(5.851395017086,-1.504869620785,
    -0.848445529125));
#12300 = SURFACE_CURVE('',#12301,(#12309,#12315),.PCURVE_S1.);
#12301 = B_SPLINE_CURVE_WITH_KNOTS('',3,(#12302,#12303,#12304,#12305,
    #12306,#12307,#12308),.UNSPECIFIED.,.F.,.F.,(4,3,4),(0.,
    8.147178753189E-03,9.974932361824E-03),.UNSPECIFIED.);
#12302 = CARTESIAN_POINT('',(5.796512633707,-1.570101323138,
    -0.796512633707));
#12303 = CARTESIAN_POINT('',(5.810655608285,-1.551730981627,
    -0.810655608285));
#12304 = CARTESIAN_POINT('',(5.825433459466,-1.533852541687,
    -0.824908578154));
#12305 = CARTESIAN_POINT('',(5.840845091668,-1.516482858154,
    -0.839050627792));
#12306 = CARTESIAN_POINT('',(5.844302566608,-1.512586110247,
    -0.842223282161));
#12307 = CARTESIAN_POINT('',(5.847791738956,-1.508714967689,
    -0.845390312165));
#12308 = CARTESIAN_POINT('',(5.851312215685,-1.504869620787,
    -0.848549164011));
#12309 = PCURVE('',#2874,#12310);
#12310 = DEFINITIONAL_REPRESENTATION('',(#12311),#12314);
#12311 = B_SPLINE_CURVE_WITH_KNOTS('',1,(#12312,#12313),.UNSPECIFIED.,
  .F.,.F.,(2,2),(0.,9.974344257295E-03),.PIECEWISE_BEZIER_KNOTS.);
#12312 = CARTESIAN_POINT('',(5.828636538124E-02,0.171768558813));
#12313 = CARTESIAN_POINT('',(3.829679315866E-05,0.176887161569));
#12314 = ( GEOMETRIC_REPRESENTATION_CONTEXT(2) 
PARAMETRIC_REPRESENTATION_CONTEXT() REPRESENTATION_CONTEXT('2D SPACE',''
  ) );
#12315 = PCURVE('',#12316,#12341);
#12316 = B_SPLINE_SURFACE_WITH_KNOTS('',3,3,(
    (#12317,#12318,#12319,#12320,#12321,#12322)
    ,(#12323,#12324,#12325,#12326,#12327,#12328)
    ,(#12329,#12330,#12331,#12332,#12333,#12334)
    ,(#12335,#12336,#12337,#12338,#12339,#12340
  )),.UNSPECIFIED.,.F.,.F.,.F.,(4,4),(4,1,1,4),(0.,0.406974732586),(
    0.176738734039,0.19569972541,0.20382586457,0.214660716782),
  .UNSPECIFIED.);
#12317 = CARTESIAN_POINT('',(6.,-1.570101323138,-1.));
#12318 = CARTESIAN_POINT('',(6.,-1.506898018566,-1.));
#12319 = CARTESIAN_POINT('',(6.015975309529,-1.416607583463,
    -1.001088128786));
#12320 = CARTESIAN_POINT('',(6.079059345926,-1.290200974319,
    -0.994998510684));
#12321 = CARTESIAN_POINT('',(6.128856140078,-1.226997669747,
    -0.984831149826));
#12322 = CARTESIAN_POINT('',(6.167310021869,-1.190881495706,
    -0.971176566249));
#12323 = CARTESIAN_POINT('',(5.932170877902,-1.570101323138,
    -0.932170877902));
#12324 = CARTESIAN_POINT('',(5.932170877902,-1.506898018566,
    -0.932170877902));
#12325 = CARTESIAN_POINT('',(5.94597900499,-1.416607583463,
    -0.933111393048));
#12326 = CARTESIAN_POINT('',(6.000505171773,-1.290200974319,
    -0.927847881846));
#12327 = CARTESIAN_POINT('',(6.043546620263,-1.226997669747,
    -0.91905980731));
#12328 = CARTESIAN_POINT('',(6.076783915969,-1.190881495706,
    -0.907257580566));
#12329 = CARTESIAN_POINT('',(5.864341755805,-1.570101323138,
    -0.864341755805));
#12330 = CARTESIAN_POINT('',(5.864341755805,-1.506898018566,
    -0.864341755805));
#12331 = CARTESIAN_POINT('',(5.875982700452,-1.416607583463,
    -0.86513465731));
#12332 = CARTESIAN_POINT('',(5.92195099762,-1.290200974319,
    -0.860697253007));
#12333 = CARTESIAN_POINT('',(5.958237100449,-1.226997669747,
    -0.853288464793));
#12334 = CARTESIAN_POINT('',(5.986257810068,-1.190881495706,
    -0.843338594882));
#12335 = CARTESIAN_POINT('',(5.796512633707,-1.570101323138,
    -0.796512633707));
#12336 = CARTESIAN_POINT('',(5.796512633707,-1.506898018566,
    -0.796512633707));
#12337 = CARTESIAN_POINT('',(5.805986395913,-1.416607583463,
    -0.797157921572));
#12338 = CARTESIAN_POINT('',(5.843396823466,-1.290200974319,
    -0.793546624168));
#12339 = CARTESIAN_POINT('',(5.872927580635,-1.226997669747,
    -0.787517122277));
#12340 = CARTESIAN_POINT('',(5.895731704167,-1.190881495706,
    -0.779419609199));
#12341 = DEFINITIONAL_REPRESENTATION('',(#12342),#12345);
#12342 = B_SPLINE_CURVE_WITH_KNOTS('',1,(#12343,#12344),.UNSPECIFIED.,
  .F.,.F.,(2,2),(0.,9.974344257295E-03),.PIECEWISE_BEZIER_KNOTS.);
#12343 = CARTESIAN_POINT('',(0.406974732586,0.176738734039));
#12344 = CARTESIAN_POINT('',(0.3030902719,0.183261533085));
#12345 = ( GEOMETRIC_REPRESENTATION_CONTEXT(2) 
PARAMETRIC_REPRESENTATION_CONTEXT() REPRESENTATION_CONTEXT('2D SPACE',''
  ) );
#12346 = ORIENTED_EDGE('',*,*,#12347,.T.);
#12347 = EDGE_CURVE('',#12298,#12348,#12350,.T.);
#12348 = VERTEX_POINT('',#12349);
#12349 = CARTESIAN_POINT('',(5.802553564541,-1.451310810906,
    -2.808165259858E-02));
#12350 = SURFACE_CURVE('',#12351,(#12356,#12363),.PCURVE_S1.);
#12351 = B_SPLINE_CURVE_WITH_KNOTS('',3,(#12352,#12353,#12354,#12355),
  .UNSPECIFIED.,.F.,.F.,(4,4),(0.141898787385,0.224251335817),
  .PIECEWISE_BEZIER_KNOTS.);
#12352 = CARTESIAN_POINT('',(5.851395017084,-1.504869620787,
    -0.848445529125));
#12353 = CARTESIAN_POINT('',(5.835136202385,-1.486981406862,
    -0.574991242818));
#12354 = CARTESIAN_POINT('',(5.818855008768,-1.469129750998,
    -0.30153660532));
#12355 = CARTESIAN_POINT('',(5.802553564542,-1.45131081091,
    -2.808165259831E-02));
#12356 = PCURVE('',#2874,#12357);
#12357 = DEFINITIONAL_REPRESENTATION('',(#12358),#12362);
#12358 = LINE('',#12359,#12360);
#12359 = CARTESIAN_POINT('',(5.742802349502E-16,0.318776440042));
#12360 = VECTOR('',#12361,1.);
#12361 = DIRECTION('',(-3.205837692326E-15,-1.));
#12362 = ( GEOMETRIC_REPRESENTATION_CONTEXT(2) 
PARAMETRIC_REPRESENTATION_CONTEXT() REPRESENTATION_CONTEXT('2D SPACE',''
  ) );
#12363 = PCURVE('',#625,#12364);
#12364 = DEFINITIONAL_REPRESENTATION('',(#12365),#12391);
#12365 = B_SPLINE_CURVE_WITH_KNOTS('',3,(#12366,#12367,#12368,#12369,
    #12370,#12371,#12372,#12373,#12374,#12375,#12376,#12377,#12378,
    #12379,#12380,#12381,#12382,#12383,#12384,#12385,#12386,#12387,
    #12388,#12389,#12390),.UNSPECIFIED.,.F.,.F.,(4,1,1,1,1,1,1,1,1,1,1,1
    ,1,1,1,1,1,1,1,1,1,1,4),(0.141898787385,0.145642085041,
    0.149385382697,0.153128680353,0.156871978009,0.160615275665,
    0.164358573321,0.168101870977,0.171845168633,0.175588466289,
    0.179331763945,0.183075061601,0.186818359257,0.190561656913,
    0.194304954569,0.198048252225,0.201791549881,0.205534847537,
    0.209278145193,0.213021442849,0.216764740505,0.220508038161,
    0.224251335817),.QUASI_UNIFORM_KNOTS.);
#12366 = CARTESIAN_POINT('',(2.452145511353,2.151554470875));
#12367 = CARTESIAN_POINT('',(2.4520926975,2.163984211162));
#12368 = CARTESIAN_POINT('',(2.451987244401,2.188843693191));
#12369 = CARTESIAN_POINT('',(2.451829586051,2.226132920577));
#12370 = CARTESIAN_POINT('',(2.45167244647,2.263422152284));
#12371 = CARTESIAN_POINT('',(2.451515823146,2.300711388286));
#12372 = CARTESIAN_POINT('',(2.451359713572,2.338000628563));
#12373 = CARTESIAN_POINT('',(2.451204115258,2.375289873091));
#12374 = CARTESIAN_POINT('',(2.45104902572,2.412579121848));
#12375 = CARTESIAN_POINT('',(2.450894442487,2.449868374813));
#12376 = CARTESIAN_POINT('',(2.4507403631,2.487157631965));
#12377 = CARTESIAN_POINT('',(2.450586785108,2.524446893281));
#12378 = CARTESIAN_POINT('',(2.450433706072,2.561736158743));
#12379 = CARTESIAN_POINT('',(2.450281123565,2.599025428328));
#12380 = CARTESIAN_POINT('',(2.450129035168,2.636314702018));
#12381 = CARTESIAN_POINT('',(2.449977438474,2.673603979791));
#12382 = CARTESIAN_POINT('',(2.449826331086,2.71089326163));
#12383 = CARTESIAN_POINT('',(2.449675710617,2.748182547514));
#12384 = CARTESIAN_POINT('',(2.449525574691,2.785471837425));
#12385 = CARTESIAN_POINT('',(2.449375920942,2.822761131345));
#12386 = CARTESIAN_POINT('',(2.449226747015,2.860050429255));
#12387 = CARTESIAN_POINT('',(2.449078050564,2.897339731137));
#12388 = CARTESIAN_POINT('',(2.448929829253,2.934629036974));
#12389 = CARTESIAN_POINT('',(2.448831330256,2.959488576823));
#12390 = CARTESIAN_POINT('',(2.448782159173,2.971918347402));
#12391 = ( GEOMETRIC_REPRESENTATION_CONTEXT(2) 
PARAMETRIC_REPRESENTATION_CONTEXT() REPRESENTATION_CONTEXT('2D SPACE',''
  ) );
#12392 = ORIENTED_EDGE('',*,*,#12393,.F.);
#12393 = EDGE_CURVE('',#2827,#12348,#12394,.T.);
#12394 = SURFACE_CURVE('',#12395,(#12408,#12437),.PCURVE_S1.);
#12395 = B_SPLINE_CURVE_WITH_KNOTS('',3,(#12396,#12397,#12398,#12399,
    #12400,#12401,#12402,#12403,#12404,#12405,#12406,#12407),
  .UNSPECIFIED.,.F.,.F.,(4,2,2,2,2,4),(-6.102116961805E-02,
    -5.794970753301E-02,-5.011258770515E-02,-3.550431282257E-02,
    -1.848916830522E-02,0.),.UNSPECIFIED.);
#12396 = CARTESIAN_POINT('',(5.655708168045,-1.784202005722,
    -0.456422128626));
#12397 = CARTESIAN_POINT('',(5.655168977422,-1.783315833035,
    -0.446293128459));
#12398 = CARTESIAN_POINT('',(5.654740246117,-1.782120064728,
    -0.436184537517));
#12399 = CARTESIAN_POINT('',(5.653620930949,-1.776775573956,
    -0.400414903326));
#12400 = CARTESIAN_POINT('',(5.653553196008,-1.770933012692,
    -0.375033791198));
#12401 = CARTESIAN_POINT('',(5.655734286212,-1.748645331923,
    -0.304036540708));
#12402 = CARTESIAN_POINT('',(5.659981165104,-1.727542439394,
    -0.260390519915));
#12403 = CARTESIAN_POINT('',(5.677545335982,-1.669818567367,
    -0.174643484238));
#12404 = CARTESIAN_POINT('',(5.692002662737,-1.632164595094,
    -0.135322939559));
#12405 = CARTESIAN_POINT('',(5.736020936497,-1.545420890319,
    -6.872460915146E-02));
#12406 = CARTESIAN_POINT('',(5.765705498523,-1.49793812124,
    -4.440464294203E-02));
#12407 = CARTESIAN_POINT('',(5.802553564542,-1.451310810911,
    -2.808165261019E-02));
#12408 = PCURVE('',#2874,#12409);
#12409 = DEFINITIONAL_REPRESENTATION('',(#12410),#12436);
#12410 = B_SPLINE_CURVE_WITH_KNOTS('',3,(#12411,#12412,#12413,#12414,
    #12415,#12416,#12417,#12418,#12419,#12420,#12421,#12422,#12423,
    #12424,#12425,#12426,#12427,#12428,#12429,#12430,#12431,#12432,
    #12433,#12434,#12435),.UNSPECIFIED.,.F.,.F.,(4,1,1,1,1,1,1,1,1,1,1,1
    ,1,1,1,1,1,1,1,1,1,1,4),(-6.102116961805E-02,-5.824748008995E-02,
    -5.547379056186E-02,-5.270010103377E-02,-4.992641150567E-02,
    -4.715272197758E-02,-4.437903244949E-02,-4.160534292139E-02,
    -3.88316533933E-02,-3.605796386521E-02,-3.328427433712E-02,
    -3.051058480902E-02,-2.773689528093E-02,-2.496320575284E-02,
    -2.218951622474E-02,-1.941582669665E-02,-1.664213716856E-02,
    -1.386844764046E-02,-1.109475811237E-02,-8.321068584279E-03,
    -5.547379056186E-03,-2.773689528093E-03,0.),.UNSPECIFIED.);
#12411 = CARTESIAN_POINT('',(0.238336585076,0.138344925618));
#12412 = CARTESIAN_POINT('',(0.238190053136,0.13742579879));
#12413 = CARTESIAN_POINT('',(0.237531681854,0.135588534486));
#12414 = CARTESIAN_POINT('',(0.235451550013,0.132845875713));
#12415 = CARTESIAN_POINT('',(0.232283950108,0.130129184879));
#12416 = CARTESIAN_POINT('',(0.228027830503,0.127442580014));
#12417 = CARTESIAN_POINT('',(0.222701632449,0.124802362657));
#12418 = CARTESIAN_POINT('',(0.216330504165,0.122220437547));
#12419 = CARTESIAN_POINT('',(0.208925706963,0.119701824745));
#12420 = CARTESIAN_POINT('',(0.200503226849,0.117253887612));
#12421 = CARTESIAN_POINT('',(0.191069387041,0.11488150082));
#12422 = CARTESIAN_POINT('',(0.180659661091,0.112597150332));
#12423 = CARTESIAN_POINT('',(0.169397516623,0.110425423915));
#12424 = CARTESIAN_POINT('',(0.157287936939,0.108363265093));
#12425 = CARTESIAN_POINT('',(0.144362179787,0.106414266137));
#12426 = CARTESIAN_POINT('',(0.130643251571,0.104580403968));
#12427 = CARTESIAN_POINT('',(0.116150348877,0.102863468018));
#12428 = CARTESIAN_POINT('',(0.100915055123,0.101267612899));
#12429 = CARTESIAN_POINT('',(8.521796858594E-02,9.981614442795E-02));
#12430 = CARTESIAN_POINT('',(6.90374406446E-02,9.84994473038E-02));
#12431 = CARTESIAN_POINT('',(5.241082688873E-02,9.731461478727E-02));
#12432 = CARTESIAN_POINT('',(3.535789138198E-02,9.625694254401E-02));
#12433 = CARTESIAN_POINT('',(1.790139097545E-02,9.532220807368E-02));
#12434 = CARTESIAN_POINT('',(6.007566727939E-03,9.477810879672E-02));
#12435 = CARTESIAN_POINT('',(0.,9.452510422475E-02));
#12436 = ( GEOMETRIC_REPRESENTATION_CONTEXT(2) 
PARAMETRIC_REPRESENTATION_CONTEXT() REPRESENTATION_CONTEXT('2D SPACE',''
  ) );
#12437 = PCURVE('',#2844,#12438);
#12438 = DEFINITIONAL_REPRESENTATION('',(#12439),#12465);
#12439 = B_SPLINE_CURVE_WITH_KNOTS('',3,(#12440,#12441,#12442,#12443,
    #12444,#12445,#12446,#12447,#12448,#12449,#12450,#12451,#12452,
    #12453,#12454,#12455,#12456,#12457,#12458,#12459,#12460,#12461,
    #12462,#12463,#12464),.UNSPECIFIED.,.F.,.F.,(4,1,1,1,1,1,1,1,1,1,1,1
    ,1,1,1,1,1,1,1,1,1,1,4),(-6.102116961805E-02,-5.824748008995E-02,
    -5.547379056186E-02,-5.270010103377E-02,-4.992641150567E-02,
    -4.715272197758E-02,-4.437903244949E-02,-4.160534292139E-02,
    -3.88316533933E-02,-3.605796386521E-02,-3.328427433712E-02,
    -3.051058480902E-02,-2.773689528093E-02,-2.496320575284E-02,
    -2.218951622474E-02,-1.941582669665E-02,-1.664213716856E-02,
    -1.386844764046E-02,-1.109475811237E-02,-8.321068584279E-03,
    -5.547379056186E-03,-2.773689528093E-03,0.),.UNSPECIFIED.);
#12440 = CARTESIAN_POINT('',(5.541420375082,-1.655708168045));
#12441 = CARTESIAN_POINT('',(5.559784182218,-1.655221976833));
#12442 = CARTESIAN_POINT('',(5.596539940476,-1.654427436186));
#12443 = CARTESIAN_POINT('',(5.651721405726,-1.653790703001));
#12444 = CARTESIAN_POINT('',(5.706864557956,-1.65372793122));
#12445 = CARTESIAN_POINT('',(5.762056635029,-1.654267345389));
#12446 = CARTESIAN_POINT('',(5.817135260455,-1.655425133043));
#12447 = CARTESIAN_POINT('',(5.872015525187,-1.657238959069));
#12448 = CARTESIAN_POINT('',(5.926749935471,-1.659753031258));
#12449 = CARTESIAN_POINT('',(5.981338019082,-1.663008997367));
#12450 = CARTESIAN_POINT('',(6.035833042897,-1.667052202392));
#12451 = CARTESIAN_POINT('',(6.090114104171,-1.6719157624));
#12452 = CARTESIAN_POINT('',(6.143713338708,-1.67760458718));
#12453 = CARTESIAN_POINT('',(6.196798296191,-1.684169876368));
#12454 = CARTESIAN_POINT('',(6.24937206944,-1.691651747292));
#12455 = CARTESIAN_POINT('',(6.301466134407,-1.700092911567));
#12456 = CARTESIAN_POINT('',(6.35311006021,-1.709536785972));
#12457 = CARTESIAN_POINT('',(6.404265074799,-1.72002137234));
#12458 = CARTESIAN_POINT('',(6.454135585438,-1.731402169784));
#12459 = CARTESIAN_POINT('',(6.502960180184,-1.743715520566));
#12460 = CARTESIAN_POINT('',(6.550752284668,-1.756962007557));
#12461 = CARTESIAN_POINT('',(6.597567482962,-1.771151795564));
#12462 = CARTESIAN_POINT('',(6.643433411561,-1.786292481039));
#12463 = CARTESIAN_POINT('',(6.673386499521,-1.797025728289));
#12464 = CARTESIAN_POINT('',(6.688209854491,-1.802553564542));
#12465 = ( GEOMETRIC_REPRESENTATION_CONTEXT(2) 
PARAMETRIC_REPRESENTATION_CONTEXT() REPRESENTATION_CONTEXT('2D SPACE',''
  ) );
#12466 = ADVANCED_FACE('',(#12467),#12316,.T.);
#12467 = FACE_BOUND('',#12468,.T.);
#12468 = EDGE_LOOP('',(#12469,#12543,#12608,#12628));
#12469 = ORIENTED_EDGE('',*,*,#12470,.T.);
#12470 = EDGE_CURVE('',#12298,#12471,#12473,.T.);
#12471 = VERTEX_POINT('',#12472);
#12472 = CARTESIAN_POINT('',(6.167310021869,-1.190881495706,
    -0.971176566249));
#12473 = SURFACE_CURVE('',#12474,(#12485,#12514),.PCURVE_S1.);
#12474 = B_SPLINE_CURVE_WITH_KNOTS('',3,(#12475,#12476,#12477,#12478,
    #12479,#12480,#12481,#12482,#12483,#12484),.UNSPECIFIED.,.F.,.F.,(4,
    2,2,2,4),(1.02235320144E-02,2.314344658134E-02,4.524860783026E-02,
    5.048863025365E-02,5.443253465228E-02),.UNSPECIFIED.);
#12475 = CARTESIAN_POINT('',(5.851395017086,-1.504869620785,
    -0.848445529125));
#12476 = CARTESIAN_POINT('',(5.87685728673,-1.47711143498,
    -0.871183934015));
#12477 = CARTESIAN_POINT('',(5.903313309041,-1.449114931749,
    -0.892730763889));
#12478 = CARTESIAN_POINT('',(5.976606601154,-1.373598240457,
    -0.943717476408));
#12479 = CARTESIAN_POINT('',(6.034257501032,-1.316774937228,
    -0.974608176394));
#12480 = CARTESIAN_POINT('',(6.107647422529,-1.247023898361,
    -0.981070553666));
#12481 = CARTESIAN_POINT('',(6.121820660187,-1.23364342294,
    -0.980866123143));
#12482 = CARTESIAN_POINT('',(6.146496936795,-1.210423643032,
    -0.977357379252));
#12483 = CARTESIAN_POINT('',(6.156999603593,-1.200565117841,
    -0.974837691251));
#12484 = CARTESIAN_POINT('',(6.167310021869,-1.190881495706,
    -0.971176566249));
#12485 = PCURVE('',#12316,#12486);
#12486 = DEFINITIONAL_REPRESENTATION('',(#12487),#12513);
#12487 = B_SPLINE_CURVE_WITH_KNOTS('',3,(#12488,#12489,#12490,#12491,
    #12492,#12493,#12494,#12495,#12496,#12497,#12498,#12499,#12500,
    #12501,#12502,#12503,#12504,#12505,#12506,#12507,#12508,#12509,
    #12510,#12511,#12512),.UNSPECIFIED.,.F.,.F.,(4,1,1,1,1,1,1,1,1,1,1,1
    ,1,1,1,1,1,1,1,1,1,1,4),(1.02235320144E-02,1.22330321343E-02,
    1.42425322542E-02,1.625203237411E-02,1.826153249401E-02,
    2.027103261391E-02,2.228053273382E-02,2.429003285372E-02,
    2.629953297363E-02,2.830903309353E-02,3.031853321343E-02,
    3.232803333334E-02,3.433753345324E-02,3.634703357314E-02,
    3.835653369305E-02,4.036603381295E-02,4.237553393285E-02,
    4.438503405276E-02,4.639453417266E-02,4.840403429257E-02,
    5.041353441247E-02,5.242303453237E-02,5.443253465228E-02),
  .QUASI_UNIFORM_KNOTS.);
#12488 = CARTESIAN_POINT('',(0.303104927173,0.183262714345));
#12489 = CARTESIAN_POINT('',(0.296027018015,0.18369459277));
#12490 = CARTESIAN_POINT('',(0.281982587632,0.184559550144));
#12491 = CARTESIAN_POINT('',(0.261311396433,0.185859692635));
#12492 = CARTESIAN_POINT('',(0.241097938324,0.187161637827));
#12493 = CARTESIAN_POINT('',(0.221401033517,0.188464512027));
#12494 = CARTESIAN_POINT('',(0.202279109292,0.189767246566));
#12495 = CARTESIAN_POINT('',(0.183780836482,0.191069503983));
#12496 = CARTESIAN_POINT('',(0.165978196452,0.192368295093));
#12497 = CARTESIAN_POINT('',(0.148200346432,0.193716512949));
#12498 = CARTESIAN_POINT('',(0.130760119577,0.195101684273));
#12499 = CARTESIAN_POINT('',(0.113804197459,0.19652191601));
#12500 = CARTESIAN_POINT('',(9.751358701695E-02,0.197972364567));
#12501 = CARTESIAN_POINT('',(8.204734460668E-02,0.19944861568));
#12502 = CARTESIAN_POINT('',(6.755760477378E-02,0.200946153653));
#12503 = CARTESIAN_POINT('',(5.418461235114E-02,0.202460657033));
#12504 = CARTESIAN_POINT('',(4.205850007453E-02,0.20398815713));
#12505 = CARTESIAN_POINT('',(3.1296961794E-02,0.205525126259));
#12506 = CARTESIAN_POINT('',(2.19810426637E-02,0.207065698651));
#12507 = CARTESIAN_POINT('',(1.417557537115E-02,0.208604344104));
#12508 = CARTESIAN_POINT('',(7.96190327364E-03,0.210138646614));
#12509 = CARTESIAN_POINT('',(3.419445159255E-03,0.211664135296));
#12510 = CARTESIAN_POINT('',(6.343456308758E-04,0.213174086283));
#12511 = CARTESIAN_POINT('',(-8.297655817851E-07,0.214167835074));
#12512 = CARTESIAN_POINT('',(0.,0.214660716782));
#12513 = ( GEOMETRIC_REPRESENTATION_CONTEXT(2) 
PARAMETRIC_REPRESENTATION_CONTEXT() REPRESENTATION_CONTEXT('2D SPACE',''
  ) );
#12514 = PCURVE('',#625,#12515);
#12515 = DEFINITIONAL_REPRESENTATION('',(#12516),#12542);
#12516 = B_SPLINE_CURVE_WITH_KNOTS('',3,(#12517,#12518,#12519,#12520,
    #12521,#12522,#12523,#12524,#12525,#12526,#12527,#12528,#12529,
    #12530,#12531,#12532,#12533,#12534,#12535,#12536,#12537,#12538,
    #12539,#12540,#12541),.UNSPECIFIED.,.F.,.F.,(4,1,1,1,1,1,1,1,1,1,1,1
    ,1,1,1,1,1,1,1,1,1,1,4),(1.02235320144E-02,1.22330321343E-02,
    1.42425322542E-02,1.625203237411E-02,1.826153249401E-02,
    2.027103261391E-02,2.228053273382E-02,2.429003285372E-02,
    2.629953297363E-02,2.830903309353E-02,3.031853321343E-02,
    3.232803333334E-02,3.433753345324E-02,3.634703357314E-02,
    3.835653369305E-02,4.036603381295E-02,4.237553393285E-02,
    4.438503405276E-02,4.639453417266E-02,4.840403429257E-02,
    5.041353441247E-02,5.242303453237E-02,5.443253465228E-02),
  .QUASI_UNIFORM_KNOTS.);
#12517 = CARTESIAN_POINT('',(2.452145511352,2.151554470875));
#12518 = CARTESIAN_POINT('',(2.450180927867,2.148017848936));
#12519 = CARTESIAN_POINT('',(2.446237271635,2.141002237337));
#12520 = CARTESIAN_POINT('',(2.440282393569,2.130686675298));
#12521 = CARTESIAN_POINT('',(2.43429225659,2.120614003059));
#12522 = CARTESIAN_POINT('',(2.428270782925,2.110818989321));
#12523 = CARTESIAN_POINT('',(2.422222843251,2.101337242957));
#12524 = CARTESIAN_POINT('',(2.416149877489,2.092201128489));
#12525 = CARTESIAN_POINT('',(2.410066241376,2.083454996024));
#12526 = CARTESIAN_POINT('',(2.403719621977,2.074785317729));
#12527 = CARTESIAN_POINT('',(2.397169395709,2.066364908108));
#12528 = CARTESIAN_POINT('',(2.390425520713,2.05828738632));
#12529 = CARTESIAN_POINT('',(2.383511334344,2.050667451824));
#12530 = CARTESIAN_POINT('',(2.376446722608,2.043614002134));
#12531 = CARTESIAN_POINT('',(2.369252623346,2.037237326947));
#12532 = CARTESIAN_POINT('',(2.361949803919,2.031647161131));
#12533 = CARTESIAN_POINT('',(2.354559190227,2.026953232491));
#12534 = CARTESIAN_POINT('',(2.347101700987,2.023264978267));
#12535 = CARTESIAN_POINT('',(2.339598496878,2.020692098782));
#12536 = CARTESIAN_POINT('',(2.332070054614,2.019342600658));
#12537 = CARTESIAN_POINT('',(2.324529804402,2.019333862617));
#12538 = CARTESIAN_POINT('',(2.31700446696,2.020787855643));
#12539 = CARTESIAN_POINT('',(2.309540053082,2.02381997205));
#12540 = CARTESIAN_POINT('',(2.304635511755,2.02695812786));
#12541 = CARTESIAN_POINT('',(2.302208922674,2.028823433751));
#12542 = ( GEOMETRIC_REPRESENTATION_CONTEXT(2) 
PARAMETRIC_REPRESENTATION_CONTEXT() REPRESENTATION_CONTEXT('2D SPACE',''
  ) );
#12543 = ORIENTED_EDGE('',*,*,#12544,.T.);
#12544 = EDGE_CURVE('',#12471,#12545,#12547,.T.);
#12545 = VERTEX_POINT('',#12546);
#12546 = CARTESIAN_POINT('',(6.,-1.570101323138,-1.));
#12547 = SURFACE_CURVE('',#12548,(#12555,#12562),.PCURVE_S1.);
#12548 = B_SPLINE_CURVE_WITH_KNOTS('',3,(#12549,#12550,#12551,#12552,
    #12553,#12554),.UNSPECIFIED.,.F.,.F.,(4,1,1,4),(-0.214660716782,
    -0.20382586457,-0.19569972541,-0.176738734039),.UNSPECIFIED.);
#12549 = CARTESIAN_POINT('',(6.167310021869,-1.190881495706,
    -0.971176566249));
#12550 = CARTESIAN_POINT('',(6.128856140078,-1.226997669747,
    -0.984831149826));
#12551 = CARTESIAN_POINT('',(6.079059345926,-1.290200974319,
    -0.994998510684));
#12552 = CARTESIAN_POINT('',(6.015975309529,-1.416607583463,
    -1.001088128786));
#12553 = CARTESIAN_POINT('',(6.,-1.506898018566,-1.));
#12554 = CARTESIAN_POINT('',(6.,-1.570101323138,-1.));
#12555 = PCURVE('',#12316,#12556);
#12556 = DEFINITIONAL_REPRESENTATION('',(#12557),#12561);
#12557 = LINE('',#12558,#12559);
#12558 = CARTESIAN_POINT('',(-2.675756480609E-15,-5.551115123126E-17));
#12559 = VECTOR('',#12560,1.);
#12560 = DIRECTION('',(-1.937558867726E-14,-1.));
#12561 = ( GEOMETRIC_REPRESENTATION_CONTEXT(2) 
PARAMETRIC_REPRESENTATION_CONTEXT() REPRESENTATION_CONTEXT('2D SPACE',''
  ) );
#12562 = PCURVE('',#12563,#12580);
#12563 = B_SPLINE_SURFACE_WITH_KNOTS('',3,3,(
    (#12564,#12565,#12566,#12567)
    ,(#12568,#12569,#12570,#12571)
    ,(#12572,#12573,#12574,#12575)
    ,(#12576,#12577,#12578,#12579
    )),.UNSPECIFIED.,.F.,.F.,.F.,(4,4),(4,4),(0.,1.),(4.608194889203E-02
    ,0.254848626798),.PIECEWISE_BEZIER_KNOTS.);
#12564 = CARTESIAN_POINT('',(6.,-1.813531285693,-3.));
#12565 = CARTESIAN_POINT('',(6.,-1.726380351922,-2.309589793874));
#12566 = CARTESIAN_POINT('',(6.,-1.642827548944,-1.618728541043));
#12567 = CARTESIAN_POINT('',(6.,-1.561581303607,-0.927598694875));
#12568 = CARTESIAN_POINT('',(6.,-1.686256194862,-3.016066018308));
#12569 = CARTESIAN_POINT('',(5.999932595411,-1.594514608119,
    -2.325775853872));
#12570 = CARTESIAN_POINT('',(6.000069538537,-1.507006024658,
    -1.635019201615));
#12571 = CARTESIAN_POINT('',(6.,-1.422076322264,-0.943998299092));
#12572 = CARTESIAN_POINT('',(6.051666823542,-1.55970491962,
    -3.032040668899));
#12573 = CARTESIAN_POINT('',(6.055414506939,-1.463518478423,
    -2.341855133038));
#12574 = CARTESIAN_POINT('',(6.059123690911,-1.372151588405,
    -1.651193158932));
#12575 = CARTESIAN_POINT('',(6.062451762612,-1.283705314091,
    -0.960264598312));
#12576 = CARTESIAN_POINT('',(6.140943939762,-1.46830713426,
    -3.043577871374));
#12577 = CARTESIAN_POINT('',(6.150423790266,-1.371296525956,
    -2.353167665248));
#12578 = CARTESIAN_POINT('',(6.159162813036,-1.279439573072,
    -1.662306412416));
#12579 = CARTESIAN_POINT('',(6.167310021869,-1.190881495706,
    -0.971176566249));
#12580 = DEFINITIONAL_REPRESENTATION('',(#12581),#12607);
#12581 = B_SPLINE_CURVE_WITH_KNOTS('',3,(#12582,#12583,#12584,#12585,
    #12586,#12587,#12588,#12589,#12590,#12591,#12592,#12593,#12594,
    #12595,#12596,#12597,#12598,#12599,#12600,#12601,#12602,#12603,
    #12604,#12605,#12606),.UNSPECIFIED.,.F.,.F.,(4,1,1,1,1,1,1,1,1,1,1,1
    ,1,1,1,1,1,1,1,1,1,1,4),(-0.214660716782,-0.212936990294,
    -0.211213263805,-0.209489537317,-0.207765810829,-0.20604208434,
    -0.204318357852,-0.202594631364,-0.200870904875,-0.199147178387,
    -0.197423451899,-0.19569972541,-0.193975998922,-0.192252272434,
    -0.190528545945,-0.188804819457,-0.187081092969,-0.18535736648,
    -0.183633639992,-0.181909913504,-0.180186187015,-0.178462460527,
    -0.176738734039),.QUASI_UNIFORM_KNOTS.);
#12582 = CARTESIAN_POINT('',(1.,0.254848626798));
#12583 = CARTESIAN_POINT('',(0.980656892151,0.25456614412));
#12584 = CARTESIAN_POINT('',(0.942752721,0.254040539069));
#12585 = CARTESIAN_POINT('',(0.888024549943,0.253357001459));
#12586 = CARTESIAN_POINT('',(0.835207338919,0.252765117524));
#12587 = CARTESIAN_POINT('',(0.78408073412,0.252251689671));
#12588 = CARTESIAN_POINT('',(0.734433744564,0.251803437917));
#12589 = CARTESIAN_POINT('',(0.686071065561,0.251407377645));
#12590 = CARTESIAN_POINT('',(0.638810419824,0.251049408455));
#12591 = CARTESIAN_POINT('',(0.59252662705,0.250722706769));
#12592 = CARTESIAN_POINT('',(0.547113300986,0.250423153687));
#12593 = CARTESIAN_POINT('',(0.502466564276,0.250145957871));
#12594 = CARTESIAN_POINT('',(0.458490787172,0.249886506872));
#12595 = CARTESIAN_POINT('',(0.415099238217,0.249640139004));
#12596 = CARTESIAN_POINT('',(0.372226853829,0.249405325953));
#12597 = CARTESIAN_POINT('',(0.329809086546,0.249180535631));
#12598 = CARTESIAN_POINT('',(0.287783414207,0.248964236532));
#12599 = CARTESIAN_POINT('',(0.246089752925,0.248754896589));
#12600 = CARTESIAN_POINT('',(0.204671091989,0.248550983498));
#12601 = CARTESIAN_POINT('',(0.163474060873,0.248350964636));
#12602 = CARTESIAN_POINT('',(0.122449446572,0.24815330708));
#12603 = CARTESIAN_POINT('',(8.155301430943E-02,0.247956477564));
#12604 = CARTESIAN_POINT('',(4.07452968396E-02,0.24775894251));
#12605 = CARTESIAN_POINT('',(1.357869310457E-02,0.247625759346));
#12606 = CARTESIAN_POINT('',(-5.317640714636E-07,0.247558538817));
#12607 = ( GEOMETRIC_REPRESENTATION_CONTEXT(2) 
PARAMETRIC_REPRESENTATION_CONTEXT() REPRESENTATION_CONTEXT('2D SPACE',''
  ) );
#12608 = ORIENTED_EDGE('',*,*,#12609,.F.);
#12609 = EDGE_CURVE('',#12268,#12545,#12610,.T.);
#12610 = SURFACE_CURVE('',#12611,(#12615,#12621),.PCURVE_S1.);
#12611 = LINE('',#12612,#12613);
#12612 = CARTESIAN_POINT('',(5.5,-1.570101323138,-0.5));
#12613 = VECTOR('',#12614,1.);
#12614 = DIRECTION('',(0.707106781187,-3.140184917368E-15,
    -0.707106781187));
#12615 = PCURVE('',#12316,#12616);
#12616 = DEFINITIONAL_REPRESENTATION('',(#12617),#12620);
#12617 = B_SPLINE_CURVE_WITH_KNOTS('',1,(#12618,#12619),.UNSPECIFIED.,
  .F.,.F.,(2,2),(0.419332188004,0.707106781187),
  .PIECEWISE_BEZIER_KNOTS.);
#12618 = CARTESIAN_POINT('',(0.406974732586,0.176738734039));
#12619 = CARTESIAN_POINT('',(8.596828359299E-16,0.176738734039));
#12620 = ( GEOMETRIC_REPRESENTATION_CONTEXT(2) 
PARAMETRIC_REPRESENTATION_CONTEXT() REPRESENTATION_CONTEXT('2D SPACE',''
  ) );
#12621 = PCURVE('',#2711,#12622);
#12622 = DEFINITIONAL_REPRESENTATION('',(#12623),#12627);
#12623 = LINE('',#12624,#12625);
#12624 = CARTESIAN_POINT('',(0.475583458824,0.108956626155));
#12625 = VECTOR('',#12626,1.);
#12626 = DIRECTION('',(-1.,-3.081883769035E-15));
#12627 = ( GEOMETRIC_REPRESENTATION_CONTEXT(2) 
PARAMETRIC_REPRESENTATION_CONTEXT() REPRESENTATION_CONTEXT('2D SPACE',''
  ) );
#12628 = ORIENTED_EDGE('',*,*,#12297,.T.);
#12629 = ADVANCED_FACE('',(#12630),#12563,.F.);
#12630 = FACE_BOUND('',#12631,.F.);
#12631 = EDGE_LOOP('',(#12632,#12662,#12716,#12737));
#12632 = ORIENTED_EDGE('',*,*,#12633,.F.);
#12633 = EDGE_CURVE('',#12634,#12545,#12636,.T.);
#12634 = VERTEX_POINT('',#12635);
#12635 = CARTESIAN_POINT('',(6.,-1.81353127712,-2.999999966042));
#12636 = SURFACE_CURVE('',#12637,(#12642,#12649),.PCURVE_S1.);
#12637 = B_SPLINE_CURVE_WITH_KNOTS('',3,(#12638,#12639,#12640,#12641),
  .UNSPECIFIED.,.F.,.F.,(4,4),(4.608195236841E-02,0.247558538033),
  .PIECEWISE_BEZIER_KNOTS.);
#12638 = CARTESIAN_POINT('',(6.,-1.813531281339,-2.99999996551));
#12639 = CARTESIAN_POINT('',(6.,-1.729423641529,-2.333698750982));
#12640 = CARTESIAN_POINT('',(6.,-1.648667227958,-1.666977440677));
#12641 = CARTESIAN_POINT('',(6.,-1.570101102121,-1.000000033932));
#12642 = PCURVE('',#12563,#12643);
#12643 = DEFINITIONAL_REPRESENTATION('',(#12644),#12648);
#12644 = LINE('',#12645,#12646);
#12645 = CARTESIAN_POINT('',(1.882672808769E-14,-1.595945597899E-16));
#12646 = VECTOR('',#12647,1.);
#12647 = DIRECTION('',(-7.383798397794E-14,1.));
#12648 = ( GEOMETRIC_REPRESENTATION_CONTEXT(2) 
PARAMETRIC_REPRESENTATION_CONTEXT() REPRESENTATION_CONTEXT('2D SPACE',''
  ) );
#12649 = PCURVE('',#12650,#12655);
#12650 = PLANE('',#12651);
#12651 = AXIS2_PLACEMENT_3D('',#12652,#12653,#12654);
#12652 = CARTESIAN_POINT('',(6.,-3.337488663526,-1.));
#12653 = DIRECTION('',(1.,0.,0.));
#12654 = DIRECTION('',(-0.,1.,0.));
#12655 = DEFINITIONAL_REPRESENTATION('',(#12656),#12661);
#12656 = B_SPLINE_CURVE_WITH_KNOTS('',3,(#12657,#12658,#12659,#12660),
  .UNSPECIFIED.,.F.,.F.,(4,4),(4.608195236841E-02,0.247558538033),
  .PIECEWISE_BEZIER_KNOTS.);
#12657 = CARTESIAN_POINT('',(1.523957382187,-1.99999996551));
#12658 = CARTESIAN_POINT('',(1.608065021997,-1.333698750982));
#12659 = CARTESIAN_POINT('',(1.688821435568,-0.666977440677));
#12660 = CARTESIAN_POINT('',(1.767387561405,-3.393206005065E-08));
#12661 = ( GEOMETRIC_REPRESENTATION_CONTEXT(2) 
PARAMETRIC_REPRESENTATION_CONTEXT() REPRESENTATION_CONTEXT('2D SPACE',''
  ) );
#12662 = ORIENTED_EDGE('',*,*,#12663,.F.);
#12663 = EDGE_CURVE('',#12664,#12634,#12666,.T.);
#12664 = VERTEX_POINT('',#12665);
#12665 = CARTESIAN_POINT('',(6.141541302511,-1.462190976615,
    -2.999999950949));
#12666 = SURFACE_CURVE('',#12667,(#12687,#12693),.PCURVE_S1.);
#12667 = B_SPLINE_CURVE_WITH_KNOTS('',3,(#12668,#12669,#12670,#12671,
    #12672,#12673,#12674,#12675,#12676,#12677,#12678,#12679,#12680,
    #12681,#12682,#12683,#12684,#12685,#12686),.UNSPECIFIED.,.F.,.F.,(4,
    3,3,3,3,3,4),(0.,7.813905907892E-03,1.583710945044E-02,
    1.946860384281E-02,2.751275535166E-02,3.542548636066E-02,
    3.893494974814E-02),.UNSPECIFIED.);
#12668 = CARTESIAN_POINT('',(6.141541305838,-1.462190852692,
    -3.000000015703));
#12669 = CARTESIAN_POINT('',(6.12345577314,-1.480934822137,
    -3.000000062692));
#12670 = CARTESIAN_POINT('',(6.10698004603,-1.501058024504,
    -2.999994788368));
#12671 = CARTESIAN_POINT('',(6.092154123826,-1.522313243265,
    -2.999990141431));
#12672 = CARTESIAN_POINT('',(6.076931085187,-1.54413778895,
    -2.999985370026));
#12673 = CARTESIAN_POINT('',(6.06344673961,-1.567156898704,
    -2.999981121276));
#12674 = CARTESIAN_POINT('',(6.051785466843,-1.591137934034,
    -2.999979466909));
#12675 = CARTESIAN_POINT('',(6.046507295046,-1.601992325907,
    -2.999978718102));
#12676 = CARTESIAN_POINT('',(6.04160322492,-1.613044150863,
    -2.999978455462));
#12677 = CARTESIAN_POINT('',(6.037084331515,-1.624273150132,
    -2.999978709102));
#12678 = CARTESIAN_POINT('',(6.027074495545,-1.649146593859,
    -2.999979270941));
#12679 = CARTESIAN_POINT('',(6.019025319889,-1.674704440182,
    -2.999982347231));
#12680 = CARTESIAN_POINT('',(6.013007036901,-1.700707211315,
    -2.999986475581));
#12681 = CARTESIAN_POINT('',(6.007087076993,-1.726285164844,
    -2.999990536484));
#12682 = CARTESIAN_POINT('',(6.003131826306,-1.752294879232,
    -2.999995456909));
#12683 = CARTESIAN_POINT('',(6.001255152081,-1.778522875897,
    -2.999998105987));
#12684 = CARTESIAN_POINT('',(6.000422807411,-1.790155546579,
    -2.999999280909));
#12685 = CARTESIAN_POINT('',(6.,-1.801831236338,-3.));
#12686 = CARTESIAN_POINT('',(6.,-1.813531285693,-3.));
#12687 = PCURVE('',#12563,#12688);
#12688 = DEFINITIONAL_REPRESENTATION('',(#12689),#12692);
#12689 = B_SPLINE_CURVE_WITH_KNOTS('',1,(#12690,#12691),.UNSPECIFIED.,
  .F.,.F.,(2,2),(9.148840369083E-09,3.893494974814E-02),
  .PIECEWISE_BEZIER_KNOTS.);
#12690 = CARTESIAN_POINT('',(0.999999764184,5.047425445455E-02));
#12691 = CARTESIAN_POINT('',(-1.629478684353E-15,4.608194889203E-02));
#12692 = ( GEOMETRIC_REPRESENTATION_CONTEXT(2) 
PARAMETRIC_REPRESENTATION_CONTEXT() REPRESENTATION_CONTEXT('2D SPACE',''
  ) );
#12693 = PCURVE('',#755,#12694);
#12694 = DEFINITIONAL_REPRESENTATION('',(#12695),#12715);
#12695 = B_SPLINE_CURVE_WITH_KNOTS('',3,(#12696,#12697,#12698,#12699,
    #12700,#12701,#12702,#12703,#12704,#12705,#12706,#12707,#12708,
    #12709,#12710,#12711,#12712,#12713,#12714),.UNSPECIFIED.,.F.,.F.,(4,
    3,3,3,3,3,4),(0.,7.813905907892E-03,1.583710945044E-02,
    1.946860384281E-02,2.751275535166E-02,3.542548636066E-02,
    3.893494974814E-02),.UNSPECIFIED.);
#12696 = CARTESIAN_POINT('',(-1.416061253932,-1.345411707078));
#12697 = CARTESIAN_POINT('',(-1.43414678663,-1.326667737633));
#12698 = CARTESIAN_POINT('',(-1.45062251374,-1.306544535266));
#12699 = CARTESIAN_POINT('',(-1.465448435945,-1.285289316505));
#12700 = CARTESIAN_POINT('',(-1.480671474583,-1.26346477082));
#12701 = CARTESIAN_POINT('',(-1.49415582016,-1.240445661067));
#12702 = CARTESIAN_POINT('',(-1.505817092927,-1.216464625736));
#12703 = CARTESIAN_POINT('',(-1.511095264724,-1.205610233863));
#12704 = CARTESIAN_POINT('',(-1.51599933485,-1.194558408908));
#12705 = CARTESIAN_POINT('',(-1.520518228255,-1.183329409638));
#12706 = CARTESIAN_POINT('',(-1.530528064226,-1.158455965911));
#12707 = CARTESIAN_POINT('',(-1.538577239881,-1.132898119588));
#12708 = CARTESIAN_POINT('',(-1.544595522869,-1.106895348455));
#12709 = CARTESIAN_POINT('',(-1.550515482777,-1.081317394927));
#12710 = CARTESIAN_POINT('',(-1.554470733465,-1.055307680538));
#12711 = CARTESIAN_POINT('',(-1.556347407689,-1.029079683873));
#12712 = CARTESIAN_POINT('',(-1.55717975236,-1.017447013192));
#12713 = CARTESIAN_POINT('',(-1.55760255977,-1.005771323432));
#12714 = CARTESIAN_POINT('',(-1.55760255977,-0.994071274078));
#12715 = ( GEOMETRIC_REPRESENTATION_CONTEXT(2) 
PARAMETRIC_REPRESENTATION_CONTEXT() REPRESENTATION_CONTEXT('2D SPACE',''
  ) );
#12716 = ORIENTED_EDGE('',*,*,#12717,.F.);
#12717 = EDGE_CURVE('',#12471,#12664,#12718,.T.);
#12718 = SURFACE_CURVE('',#12719,(#12724,#12731),.PCURVE_S1.);
#12719 = B_SPLINE_CURVE_WITH_KNOTS('',3,(#12720,#12721,#12722,#12723),
  .UNSPECIFIED.,.F.,.F.,(4,4),(-0.254848626798,-5.04742601533E-02),
  .PIECEWISE_BEZIER_KNOTS.);
#12720 = CARTESIAN_POINT('',(6.167310021869,-1.190881495706,
    -0.971176566249));
#12721 = CARTESIAN_POINT('',(6.15933422486,-1.27757637036,
    -1.647765502743));
#12722 = CARTESIAN_POINT('',(6.150791254685,-1.367432768522,
    -2.324097029055));
#12723 = CARTESIAN_POINT('',(6.1415413065,-1.462190845908,
    -2.999999967315));
#12724 = PCURVE('',#12563,#12725);
#12725 = DEFINITIONAL_REPRESENTATION('',(#12726),#12730);
#12726 = LINE('',#12727,#12728);
#12727 = CARTESIAN_POINT('',(1.,0.));
#12728 = VECTOR('',#12729,1.);
#12729 = DIRECTION('',(-3.21048974158E-13,-1.));
#12730 = ( GEOMETRIC_REPRESENTATION_CONTEXT(2) 
PARAMETRIC_REPRESENTATION_CONTEXT() REPRESENTATION_CONTEXT('2D SPACE',''
  ) );
#12731 = PCURVE('',#625,#12732);
#12732 = DEFINITIONAL_REPRESENTATION('',(#12733),#12736);
#12733 = B_SPLINE_CURVE_WITH_KNOTS('',1,(#12734,#12735),.UNSPECIFIED.,
  .F.,.F.,(2,2),(-0.254848626798,-5.04742601533E-02),
  .PIECEWISE_BEZIER_KNOTS.);
#12734 = CARTESIAN_POINT('',(2.302208922674,2.028823433751));
#12735 = CARTESIAN_POINT('',(2.374102902874,4.081242606377E-08));
#12736 = ( GEOMETRIC_REPRESENTATION_CONTEXT(2) 
PARAMETRIC_REPRESENTATION_CONTEXT() REPRESENTATION_CONTEXT('2D SPACE',''
  ) );
#12737 = ORIENTED_EDGE('',*,*,#12544,.T.);
#12738 = ADVANCED_FACE('',(#12739),#12650,.F.);
#12739 = FACE_BOUND('',#12740,.T.);
#12740 = EDGE_LOOP('',(#12741,#12767,#12768,#12791,#12819));
#12741 = ORIENTED_EDGE('',*,*,#12742,.F.);
#12742 = EDGE_CURVE('',#12545,#12743,#12745,.T.);
#12743 = VERTEX_POINT('',#12744);
#12744 = CARTESIAN_POINT('',(6.,-1.788014575448,-1.));
#12745 = SURFACE_CURVE('',#12746,(#12751,#12759),.PCURVE_S1.);
#12746 = B_SPLINE_CURVE_WITH_KNOTS('',3,(#12747,#12748,#12749,#12750),
  .UNSPECIFIED.,.F.,.F.,(4,4),(-0.176738734039,-0.154947408808),
  .PIECEWISE_BEZIER_KNOTS.);
#12747 = CARTESIAN_POINT('',(6.,-1.570101323138,-1.));
#12748 = CARTESIAN_POINT('',(6.,-1.642739073908,-1.));
#12749 = CARTESIAN_POINT('',(6.,-1.715376824678,-1.));
#12750 = CARTESIAN_POINT('',(6.,-1.788014575448,-1.));
#12751 = PCURVE('',#12650,#12752);
#12752 = DEFINITIONAL_REPRESENTATION('',(#12753),#12758);
#12753 = B_SPLINE_CURVE_WITH_KNOTS('',3,(#12754,#12755,#12756,#12757),
  .UNSPECIFIED.,.F.,.F.,(4,4),(-0.176738734039,-0.154947408808),
  .PIECEWISE_BEZIER_KNOTS.);
#12754 = CARTESIAN_POINT('',(1.767387340388,0.));
#12755 = CARTESIAN_POINT('',(1.694749589618,0.));
#12756 = CARTESIAN_POINT('',(1.622111838848,0.));
#12757 = CARTESIAN_POINT('',(1.549474088078,0.));
#12758 = ( GEOMETRIC_REPRESENTATION_CONTEXT(2) 
PARAMETRIC_REPRESENTATION_CONTEXT() REPRESENTATION_CONTEXT('2D SPACE',''
  ) );
#12759 = PCURVE('',#2711,#12760);
#12760 = DEFINITIONAL_REPRESENTATION('',(#12761),#12766);
#12761 = B_SPLINE_CURVE_WITH_KNOTS('',3,(#12762,#12763,#12764,#12765),
  .UNSPECIFIED.,.F.,.F.,(4,4),(-0.176738734039,-0.154947408808),
  .PIECEWISE_BEZIER_KNOTS.);
#12762 = CARTESIAN_POINT('',(-0.231523322362,0.108956626155));
#12763 = CARTESIAN_POINT('',(-0.231523322362,3.631887538505E-02));
#12764 = CARTESIAN_POINT('',(-0.231523322362,-3.631887538505E-02));
#12765 = CARTESIAN_POINT('',(-0.231523322362,-0.108956626155));
#12766 = ( GEOMETRIC_REPRESENTATION_CONTEXT(2) 
PARAMETRIC_REPRESENTATION_CONTEXT() REPRESENTATION_CONTEXT('2D SPACE',''
  ) );
#12767 = ORIENTED_EDGE('',*,*,#12633,.F.);
#12768 = ORIENTED_EDGE('',*,*,#12769,.F.);
#12769 = EDGE_CURVE('',#12770,#12634,#12772,.T.);
#12770 = VERTEX_POINT('',#12771);
#12771 = CARTESIAN_POINT('',(6.,-2.725609838252,-3.));
#12772 = SURFACE_CURVE('',#12773,(#12777,#12784),.PCURVE_S1.);
#12773 = LINE('',#12774,#12775);
#12774 = CARTESIAN_POINT('',(6.,-3.072545611648,-3.));
#12775 = VECTOR('',#12776,1.);
#12776 = DIRECTION('',(0.,1.,0.));
#12777 = PCURVE('',#12650,#12778);
#12778 = DEFINITIONAL_REPRESENTATION('',(#12779),#12783);
#12779 = LINE('',#12780,#12781);
#12780 = CARTESIAN_POINT('',(0.264943051878,-2.));
#12781 = VECTOR('',#12782,1.);
#12782 = DIRECTION('',(1.,0.));
#12783 = ( GEOMETRIC_REPRESENTATION_CONTEXT(2) 
PARAMETRIC_REPRESENTATION_CONTEXT() REPRESENTATION_CONTEXT('2D SPACE',''
  ) );
#12784 = PCURVE('',#755,#12785);
#12785 = DEFINITIONAL_REPRESENTATION('',(#12786),#12790);
#12786 = LINE('',#12787,#12788);
#12787 = CARTESIAN_POINT('',(-1.55760255977,0.264943051878));
#12788 = VECTOR('',#12789,1.);
#12789 = DIRECTION('',(0.,-1.));
#12790 = ( GEOMETRIC_REPRESENTATION_CONTEXT(2) 
PARAMETRIC_REPRESENTATION_CONTEXT() REPRESENTATION_CONTEXT('2D SPACE',''
  ) );
#12791 = ORIENTED_EDGE('',*,*,#12792,.F.);
#12792 = EDGE_CURVE('',#12793,#12770,#12795,.T.);
#12793 = VERTEX_POINT('',#12794);
#12794 = CARTESIAN_POINT('',(6.,-2.725609838252,-1.));
#12795 = SURFACE_CURVE('',#12796,(#12800,#12807),.PCURVE_S1.);
#12796 = LINE('',#12797,#12798);
#12797 = CARTESIAN_POINT('',(6.,-2.725609838252,-2.));
#12798 = VECTOR('',#12799,1.);
#12799 = DIRECTION('',(0.,0.,-1.));
#12800 = PCURVE('',#12650,#12801);
#12801 = DEFINITIONAL_REPRESENTATION('',(#12802),#12806);
#12802 = LINE('',#12803,#12804);
#12803 = CARTESIAN_POINT('',(0.611878825274,-1.));
#12804 = VECTOR('',#12805,1.);
#12805 = DIRECTION('',(0.,-1.));
#12806 = ( GEOMETRIC_REPRESENTATION_CONTEXT(2) 
PARAMETRIC_REPRESENTATION_CONTEXT() REPRESENTATION_CONTEXT('2D SPACE',''
  ) );
#12807 = PCURVE('',#12808,#12813);
#12808 = CYLINDRICAL_SURFACE('',#12809,0.5);
#12809 = AXIS2_PLACEMENT_3D('',#12810,#12811,#12812);
#12810 = CARTESIAN_POINT('',(6.5,-2.725609838252,-2.));
#12811 = DIRECTION('',(0.,0.,-1.));
#12812 = DIRECTION('',(-0.923879532511,-0.382683432365,-0.));
#12813 = DEFINITIONAL_REPRESENTATION('',(#12814),#12818);
#12814 = LINE('',#12815,#12816);
#12815 = CARTESIAN_POINT('',(0.392699081699,0.));
#12816 = VECTOR('',#12817,1.);
#12817 = DIRECTION('',(0.,1.));
#12818 = ( GEOMETRIC_REPRESENTATION_CONTEXT(2) 
PARAMETRIC_REPRESENTATION_CONTEXT() REPRESENTATION_CONTEXT('2D SPACE',''
  ) );
#12819 = ORIENTED_EDGE('',*,*,#12820,.F.);
#12820 = EDGE_CURVE('',#12743,#12793,#12821,.T.);
#12821 = SURFACE_CURVE('',#12822,(#12826,#12833),.PCURVE_S1.);
#12822 = LINE('',#12823,#12824);
#12823 = CARTESIAN_POINT('',(6.,-1.668744331763,-1.));
#12824 = VECTOR('',#12825,1.);
#12825 = DIRECTION('',(0.,-1.,0.));
#12826 = PCURVE('',#12650,#12827);
#12827 = DEFINITIONAL_REPRESENTATION('',(#12828),#12832);
#12828 = LINE('',#12829,#12830);
#12829 = CARTESIAN_POINT('',(1.668744331763,0.));
#12830 = VECTOR('',#12831,1.);
#12831 = DIRECTION('',(-1.,0.));
#12832 = ( GEOMETRIC_REPRESENTATION_CONTEXT(2) 
PARAMETRIC_REPRESENTATION_CONTEXT() REPRESENTATION_CONTEXT('2D SPACE',''
  ) );
#12833 = PCURVE('',#2711,#12834);
#12834 = DEFINITIONAL_REPRESENTATION('',(#12835),#12839);
#12835 = LINE('',#12836,#12837);
#12836 = CARTESIAN_POINT('',(-0.231523322362,1.031361752984E-02));
#12837 = VECTOR('',#12838,1.);
#12838 = DIRECTION('',(-5.830114833284E-17,-1.));
#12839 = ( GEOMETRIC_REPRESENTATION_CONTEXT(2) 
PARAMETRIC_REPRESENTATION_CONTEXT() REPRESENTATION_CONTEXT('2D SPACE',''
  ) );
#12840 = ADVANCED_FACE('',(#12841),#12808,.T.);
#12841 = FACE_BOUND('',#12842,.T.);
#12842 = EDGE_LOOP('',(#12843,#12886,#12908,#12909,#12937));
#12843 = ORIENTED_EDGE('',*,*,#12844,.F.);
#12844 = EDGE_CURVE('',#12845,#12847,#12849,.T.);
#12845 = VERTEX_POINT('',#12846);
#12846 = CARTESIAN_POINT('',(6.088532140598,-3.009677085008,-1.));
#12847 = VERTEX_POINT('',#12848);
#12848 = CARTESIAN_POINT('',(6.146446609407,-3.079163228846,-1.));
#12849 = SURFACE_CURVE('',#12850,(#12855,#12862),.PCURVE_S1.);
#12850 = B_SPLINE_CURVE_WITH_KNOTS('',3,(#12851,#12852,#12853,#12854),
  .UNSPECIFIED.,.F.,.F.,(4,4),(0.211538102823,0.392699081699),
  .PIECEWISE_BEZIER_KNOTS.);
#12851 = CARTESIAN_POINT('',(6.088532140598,-3.009677085008,-1.));
#12852 = CARTESIAN_POINT('',(6.105686107428,-3.034524391736,-1.));
#12853 = CARTESIAN_POINT('',(6.125096583298,-3.057813202737,-1.));
#12854 = CARTESIAN_POINT('',(6.146446609407,-3.079163228846,-1.));
#12855 = PCURVE('',#12808,#12856);
#12856 = DEFINITIONAL_REPRESENTATION('',(#12857),#12861);
#12857 = LINE('',#12858,#12859);
#12858 = CARTESIAN_POINT('',(8.881784197001E-15,-1.));
#12859 = VECTOR('',#12860,1.);
#12860 = DIRECTION('',(-1.,0.));
#12861 = ( GEOMETRIC_REPRESENTATION_CONTEXT(2) 
PARAMETRIC_REPRESENTATION_CONTEXT() REPRESENTATION_CONTEXT('2D SPACE',''
  ) );
#12862 = PCURVE('',#12863,#12880);
#12863 = B_SPLINE_SURFACE_WITH_KNOTS('',3,3,(
    (#12864,#12865,#12866,#12867)
    ,(#12868,#12869,#12870,#12871)
    ,(#12872,#12873,#12874,#12875)
    ,(#12876,#12877,#12878,#12879
    )),.UNSPECIFIED.,.F.,.F.,.F.,(4,4),(4,4),(0.,1.),(-0.392699081699,
    -0.211538102823),.PIECEWISE_BEZIER_KNOTS.);
#12864 = CARTESIAN_POINT('',(6.146446609407,-3.079163228846,-1.));
#12865 = CARTESIAN_POINT('',(6.125096583298,-3.057813202737,-1.));
#12866 = CARTESIAN_POINT('',(6.105686107428,-3.034524391736,-1.));
#12867 = CARTESIAN_POINT('',(6.088532140598,-3.009677085008,-1.));
#12868 = CARTESIAN_POINT('',(6.028595479209,-3.197014359043,
    -0.833333333333));
#12869 = CARTESIAN_POINT('',(6.000128777731,-3.168547657566,
    -0.833333333333));
#12870 = CARTESIAN_POINT('',(5.974248143237,-3.137495909564,
    -0.833333333333));
#12871 = CARTESIAN_POINT('',(5.951376187464,-3.104366167259,
    -0.833333333333));
#12872 = CARTESIAN_POINT('',(5.910744349011,-3.314865489241,
    -0.666666666667));
#12873 = CARTESIAN_POINT('',(5.875160972164,-3.279282112394,
    -0.666666666667));
#12874 = CARTESIAN_POINT('',(5.842810179046,-3.240467427392,
    -0.666666666667));
#12875 = CARTESIAN_POINT('',(5.81422023433,-3.199055249511,
    -0.666666666667));
#12876 = CARTESIAN_POINT('',(5.792893218814,-3.432716619439,-0.5));
#12877 = CARTESIAN_POINT('',(5.750193166597,-3.390016567222,-0.5));
#12878 = CARTESIAN_POINT('',(5.711372214855,-3.34343894522,-0.5));
#12879 = CARTESIAN_POINT('',(5.677064281196,-3.293744331763,-0.5));
#12880 = DEFINITIONAL_REPRESENTATION('',(#12881),#12885);
#12881 = LINE('',#12882,#12883);
#12882 = CARTESIAN_POINT('',(-1.791722946142E-15,1.748601263785E-15));
#12883 = VECTOR('',#12884,1.);
#12884 = DIRECTION('',(5.471071732594E-15,-1.));
#12885 = ( GEOMETRIC_REPRESENTATION_CONTEXT(2) 
PARAMETRIC_REPRESENTATION_CONTEXT() REPRESENTATION_CONTEXT('2D SPACE',''
  ) );
#12886 = ORIENTED_EDGE('',*,*,#12887,.F.);
#12887 = EDGE_CURVE('',#12793,#12845,#12888,.T.);
#12888 = SURFACE_CURVE('',#12889,(#12894,#12901),.PCURVE_S1.);
#12889 = CIRCLE('',#12890,0.5);
#12890 = AXIS2_PLACEMENT_3D('',#12891,#12892,#12893);
#12891 = CARTESIAN_POINT('',(6.5,-2.725609838252,-1.));
#12892 = DIRECTION('',(0.,0.,1.));
#12893 = DIRECTION('',(-0.923879532511,-0.382683432365,0.));
#12894 = PCURVE('',#12808,#12895);
#12895 = DEFINITIONAL_REPRESENTATION('',(#12896),#12900);
#12896 = LINE('',#12897,#12898);
#12897 = CARTESIAN_POINT('',(6.28318530718,-1.));
#12898 = VECTOR('',#12899,1.);
#12899 = DIRECTION('',(-1.,0.));
#12900 = ( GEOMETRIC_REPRESENTATION_CONTEXT(2) 
PARAMETRIC_REPRESENTATION_CONTEXT() REPRESENTATION_CONTEXT('2D SPACE',''
  ) );
#12901 = PCURVE('',#2740,#12902);
#12902 = DEFINITIONAL_REPRESENTATION('',(#12903),#12907);
#12903 = LINE('',#12904,#12905);
#12904 = CARTESIAN_POINT('',(-3.552713678801E-15,-0.25));
#12905 = VECTOR('',#12906,1.);
#12906 = DIRECTION('',(1.,2.273661629145E-15));
#12907 = ( GEOMETRIC_REPRESENTATION_CONTEXT(2) 
PARAMETRIC_REPRESENTATION_CONTEXT() REPRESENTATION_CONTEXT('2D SPACE',''
  ) );
#12908 = ORIENTED_EDGE('',*,*,#12792,.T.);
#12909 = ORIENTED_EDGE('',*,*,#12910,.T.);
#12910 = EDGE_CURVE('',#12770,#12911,#12913,.T.);
#12911 = VERTEX_POINT('',#12912);
#12912 = CARTESIAN_POINT('',(6.146446609407,-3.079163228846,-3.));
#12913 = SURFACE_CURVE('',#12914,(#12919,#12926),.PCURVE_S1.);
#12914 = CIRCLE('',#12915,0.5);
#12915 = AXIS2_PLACEMENT_3D('',#12916,#12917,#12918);
#12916 = CARTESIAN_POINT('',(6.5,-2.725609838252,-3.));
#12917 = DIRECTION('',(0.,0.,1.));
#12918 = DIRECTION('',(-0.923879532511,-0.382683432365,0.));
#12919 = PCURVE('',#12808,#12920);
#12920 = DEFINITIONAL_REPRESENTATION('',(#12921),#12925);
#12921 = LINE('',#12922,#12923);
#12922 = CARTESIAN_POINT('',(6.28318530718,1.));
#12923 = VECTOR('',#12924,1.);
#12924 = DIRECTION('',(-1.,0.));
#12925 = ( GEOMETRIC_REPRESENTATION_CONTEXT(2) 
PARAMETRIC_REPRESENTATION_CONTEXT() REPRESENTATION_CONTEXT('2D SPACE',''
  ) );
#12926 = PCURVE('',#755,#12927);
#12927 = DEFINITIONAL_REPRESENTATION('',(#12928),#12936);
#12928 = ( BOUNDED_CURVE() B_SPLINE_CURVE(2,(#12929,#12930,#12931,#12932
    ,#12933,#12934,#12935),.UNSPECIFIED.,.T.,.F.) 
B_SPLINE_CURVE_WITH_KNOTS((1,2,2,2,2,1),(-2.094395102393,0.,
    2.094395102393,4.188790204786,6.28318530718,8.377580409573),
.UNSPECIFIED.) CURVE() GEOMETRIC_REPRESENTATION_ITEM() 
RATIONAL_B_SPLINE_CURVE((1.,0.5,1.,0.5,1.,0.5,1.)) REPRESENTATION_ITEM(
  '') );
#12929 = CARTESIAN_POINT('',(-1.519542326026,0.109348994665));
#12930 = CARTESIAN_POINT('',(-1.18812875199,0.909452139856));
#12931 = CARTESIAN_POINT('',(-0.660925889625,0.222387992986));
#12932 = CARTESIAN_POINT('',(-0.133723027259,-0.464676153883));
#12933 = CARTESIAN_POINT('',(-0.99233946366,-0.577715152205));
#12934 = CARTESIAN_POINT('',(-1.850955900061,-0.690754150527));
#12935 = CARTESIAN_POINT('',(-1.519542326026,0.109348994665));
#12936 = ( GEOMETRIC_REPRESENTATION_CONTEXT(2) 
PARAMETRIC_REPRESENTATION_CONTEXT() REPRESENTATION_CONTEXT('2D SPACE',''
  ) );
#12937 = ORIENTED_EDGE('',*,*,#12938,.T.);
#12938 = EDGE_CURVE('',#12911,#12847,#12939,.T.);
#12939 = SURFACE_CURVE('',#12940,(#12944,#12951),.PCURVE_S1.);
#12940 = LINE('',#12941,#12942);
#12941 = CARTESIAN_POINT('',(6.146446609407,-3.079163228846,-2.));
#12942 = VECTOR('',#12943,1.);
#12943 = DIRECTION('',(0.,0.,1.));
#12944 = PCURVE('',#12808,#12945);
#12945 = DEFINITIONAL_REPRESENTATION('',(#12946),#12950);
#12946 = LINE('',#12947,#12948);
#12947 = CARTESIAN_POINT('',(-0.392699081699,0.));
#12948 = VECTOR('',#12949,1.);
#12949 = DIRECTION('',(0.,-1.));
#12950 = ( GEOMETRIC_REPRESENTATION_CONTEXT(2) 
PARAMETRIC_REPRESENTATION_CONTEXT() REPRESENTATION_CONTEXT('2D SPACE',''
  ) );
#12951 = PCURVE('',#1520,#12952);
#12952 = DEFINITIONAL_REPRESENTATION('',(#12953),#12957);
#12953 = LINE('',#12954,#12955);
#12954 = CARTESIAN_POINT('',(0.880813769678,1.));
#12955 = VECTOR('',#12956,1.);
#12956 = DIRECTION('',(0.,1.));
#12957 = ( GEOMETRIC_REPRESENTATION_CONTEXT(2) 
PARAMETRIC_REPRESENTATION_CONTEXT() REPRESENTATION_CONTEXT('2D SPACE',''
  ) );
#12958 = ADVANCED_FACE('',(#12959),#12863,.T.);
#12959 = FACE_BOUND('',#12960,.T.);
#12960 = EDGE_LOOP('',(#12961,#13008,#13028,#13029));
#12961 = ORIENTED_EDGE('',*,*,#12962,.T.);
#12962 = EDGE_CURVE('',#12963,#2724,#12965,.T.);
#12963 = VERTEX_POINT('',#12964);
#12964 = CARTESIAN_POINT('',(5.916564009612,-3.30904582864,
    -0.674896909617));
#12965 = SURFACE_CURVE('',#12966,(#12971,#13000),.PCURVE_S1.);
#12966 = B_SPLINE_CURVE_WITH_KNOTS('',3,(#12967,#12968,#12969,#12970),
  .UNSPECIFIED.,.F.,.F.,(4,4),(3.221641283183E-02,6.127312290116E-02),
  .PIECEWISE_BEZIER_KNOTS.);
#12967 = CARTESIAN_POINT('',(5.916564009612,-3.30904582864,
    -0.674896909617));
#12968 = CARTESIAN_POINT('',(5.833514506541,-3.304207392694,
    -0.619593333689));
#12969 = CARTESIAN_POINT('',(5.751619115076,-3.298857924079,
    -0.558448627629));
#12970 = CARTESIAN_POINT('',(5.677064281196,-3.293744331763,-0.5));
#12971 = PCURVE('',#12863,#12972);
#12972 = DEFINITIONAL_REPRESENTATION('',(#12973),#12999);
#12973 = B_SPLINE_CURVE_WITH_KNOTS('',3,(#12974,#12975,#12976,#12977,
    #12978,#12979,#12980,#12981,#12982,#12983,#12984,#12985,#12986,
    #12987,#12988,#12989,#12990,#12991,#12992,#12993,#12994,#12995,
    #12996,#12997,#12998),.UNSPECIFIED.,.F.,.F.,(4,1,1,1,1,1,1,1,1,1,1,1
    ,1,1,1,1,1,1,1,1,1,1,4),(3.221641283183E-02,3.353717238044E-02,
    3.485793192904E-02,3.617869147765E-02,3.749945102626E-02,
    3.882021057486E-02,4.014097012347E-02,4.146172967207E-02,
    4.278248922068E-02,4.410324876928E-02,4.542400831789E-02,
    4.67447678665E-02,4.80655274151E-02,4.938628696371E-02,
    5.070704651231E-02,5.202780606092E-02,5.334856560952E-02,
    5.466932515813E-02,5.599008470674E-02,5.731084425534E-02,
    5.863160380395E-02,5.995236335255E-02,6.127312290116E-02),
  .QUASI_UNIFORM_KNOTS.);
#12974 = CARTESIAN_POINT('',(0.650206180766,-0.392699081699));
#12975 = CARTESIAN_POINT('',(0.655233777141,-0.389275460177));
#12976 = CARTESIAN_POINT('',(0.665337339275,-0.382493141754));
#12977 = CARTESIAN_POINT('',(0.680628135186,-0.372513721658));
#12978 = CARTESIAN_POINT('',(0.696044734064,-0.36272772597));
#12979 = CARTESIAN_POINT('',(0.711577466217,-0.353134230403));
#12980 = CARTESIAN_POINT('',(0.727216654335,-0.343732143134));
#12981 = CARTESIAN_POINT('',(0.742952615185,-0.334520194034));
#12982 = CARTESIAN_POINT('',(0.758775663748,-0.325496958912));
#12983 = CARTESIAN_POINT('',(0.774676116303,-0.316660873364));
#12984 = CARTESIAN_POINT('',(0.790644293423,-0.308010248379));
#12985 = CARTESIAN_POINT('',(0.806670522655,-0.299543284458));
#12986 = CARTESIAN_POINT('',(0.822745140952,-0.291258085109));
#12987 = CARTESIAN_POINT('',(0.838858496882,-0.283152669506));
#12988 = CARTESIAN_POINT('',(0.85500095261,-0.275224984402));
#12989 = CARTESIAN_POINT('',(0.871162885687,-0.267472915278));
#12990 = CARTESIAN_POINT('',(0.887334690648,-0.259894296774));
#12991 = CARTESIAN_POINT('',(0.903506780444,-0.252486922425));
#12992 = CARTESIAN_POINT('',(0.919669587693,-0.245248553711));
#12993 = CARTESIAN_POINT('',(0.93581356587,-0.238176928506));
#12994 = CARTESIAN_POINT('',(0.95192919007,-0.231269768802));
#12995 = CARTESIAN_POINT('',(0.968006958708,-0.224524788233));
#12996 = CARTESIAN_POINT('',(0.984037391174,-0.217939697656));
#12997 = CARTESIAN_POINT('',(0.994686490441,-0.213654709487));
#12998 = CARTESIAN_POINT('',(1.,-0.211538102823));
#12999 = ( GEOMETRIC_REPRESENTATION_CONTEXT(2) 
PARAMETRIC_REPRESENTATION_CONTEXT() REPRESENTATION_CONTEXT('2D SPACE',''
  ) );
#13000 = PCURVE('',#1464,#13001);
#13001 = DEFINITIONAL_REPRESENTATION('',(#13002),#13007);
#13002 = B_SPLINE_CURVE_WITH_KNOTS('',3,(#13003,#13004,#13005,#13006),
  .UNSPECIFIED.,.F.,.F.,(4,4),(3.221641283183E-02,6.127312290116E-02),
  .PIECEWISE_BEZIER_KNOTS.);
#13003 = CARTESIAN_POINT('',(-2.083435990388,-0.67747490617));
#13004 = CARTESIAN_POINT('',(-2.166485493459,-0.621960079567));
#13005 = CARTESIAN_POINT('',(-2.248380884924,-0.560581810663));
#13006 = CARTESIAN_POINT('',(-2.322935718804,-0.501909918772));
#13007 = ( GEOMETRIC_REPRESENTATION_CONTEXT(2) 
PARAMETRIC_REPRESENTATION_CONTEXT() REPRESENTATION_CONTEXT('2D SPACE',''
  ) );
#13008 = ORIENTED_EDGE('',*,*,#13009,.F.);
#13009 = EDGE_CURVE('',#12845,#2724,#13010,.T.);
#13010 = SURFACE_CURVE('',#13011,(#13015,#13021),.PCURVE_S1.);
#13011 = LINE('',#13012,#13013);
#13012 = CARTESIAN_POINT('',(6.088532140598,-3.009677085008,-1.));
#13013 = VECTOR('',#13014,1.);
#13014 = DIRECTION('',(-0.581903427247,-0.401731752987,0.707106781187));
#13015 = PCURVE('',#12863,#13016);
#13016 = DEFINITIONAL_REPRESENTATION('',(#13017),#13020);
#13017 = B_SPLINE_CURVE_WITH_KNOTS('',1,(#13018,#13019),.UNSPECIFIED.,
  .F.,.F.,(2,2),(0.,0.707106781187),.PIECEWISE_BEZIER_KNOTS.);
#13018 = CARTESIAN_POINT('',(-1.297780148001E-16,-0.211538102823));
#13019 = CARTESIAN_POINT('',(1.,-0.211538102823));
#13020 = ( GEOMETRIC_REPRESENTATION_CONTEXT(2) 
PARAMETRIC_REPRESENTATION_CONTEXT() REPRESENTATION_CONTEXT('2D SPACE',''
  ) );
#13021 = PCURVE('',#2740,#13022);
#13022 = DEFINITIONAL_REPRESENTATION('',(#13023),#13027);
#13023 = LINE('',#13024,#13025);
#13024 = CARTESIAN_POINT('',(6.494723410002,-0.25));
#13025 = VECTOR('',#13026,1.);
#13026 = DIRECTION('',(9.936496070395E-15,1.));
#13027 = ( GEOMETRIC_REPRESENTATION_CONTEXT(2) 
PARAMETRIC_REPRESENTATION_CONTEXT() REPRESENTATION_CONTEXT('2D SPACE',''
  ) );
#13028 = ORIENTED_EDGE('',*,*,#12844,.T.);
#13029 = ORIENTED_EDGE('',*,*,#13030,.T.);
#13030 = EDGE_CURVE('',#12847,#12963,#13031,.T.);
#13031 = SURFACE_CURVE('',#13032,(#13036,#13042),.PCURVE_S1.);
#13032 = LINE('',#13033,#13034);
#13033 = CARTESIAN_POINT('',(6.146446609407,-3.079163228846,-1.));
#13034 = VECTOR('',#13035,1.);
#13035 = DIRECTION('',(-0.5,-0.5,0.707106781187));
#13036 = PCURVE('',#12863,#13037);
#13037 = DEFINITIONAL_REPRESENTATION('',(#13038),#13041);
#13038 = B_SPLINE_CURVE_WITH_KNOTS('',1,(#13039,#13040),.UNSPECIFIED.,
  .F.,.F.,(2,2),(0.,0.459765199589),.PIECEWISE_BEZIER_KNOTS.);
#13039 = CARTESIAN_POINT('',(7.62754277704E-16,-0.392699081699));
#13040 = CARTESIAN_POINT('',(0.650206180766,-0.392699081699));
#13041 = ( GEOMETRIC_REPRESENTATION_CONTEXT(2) 
PARAMETRIC_REPRESENTATION_CONTEXT() REPRESENTATION_CONTEXT('2D SPACE',''
  ) );
#13042 = PCURVE('',#1492,#13043);
#13043 = DEFINITIONAL_REPRESENTATION('',(#13044),#13048);
#13044 = LINE('',#13045,#13046);
#13045 = CARTESIAN_POINT('',(-2.426113890586,-2.818670732233));
#13046 = VECTOR('',#13047,1.);
#13047 = DIRECTION('',(0.816496580928,-0.57735026919));
#13048 = ( GEOMETRIC_REPRESENTATION_CONTEXT(2) 
PARAMETRIC_REPRESENTATION_CONTEXT() REPRESENTATION_CONTEXT('2D SPACE',''
  ) );
#13049 = ADVANCED_FACE('',(#13050),#2844,.F.);
#13050 = FACE_BOUND('',#13051,.F.);
#13051 = EDGE_LOOP('',(#13052,#13053,#13054,#13055,#13077,#13078,#13079,
    #13080));
#13052 = ORIENTED_EDGE('',*,*,#3189,.T.);
#13053 = ORIENTED_EDGE('',*,*,#2826,.F.);
#13054 = ORIENTED_EDGE('',*,*,#12393,.T.);
#13055 = ORIENTED_EDGE('',*,*,#13056,.T.);
#13056 = EDGE_CURVE('',#12348,#10504,#13057,.T.);
#13057 = SURFACE_CURVE('',#13058,(#13065,#13071),.PCURVE_S1.);
#13058 = B_SPLINE_CURVE_WITH_KNOTS('',3,(#13059,#13060,#13061,#13062,
    #13063,#13064),.UNSPECIFIED.,.F.,.F.,(4,2,4),(0.247266928329,
    0.248737975901,0.268239921865),.UNSPECIFIED.);
#13059 = CARTESIAN_POINT('',(5.802553564546,-1.451310810906,
    -2.808165260868E-02));
#13060 = CARTESIAN_POINT('',(5.805674963873,-1.447361011885,
    -2.669893225078E-02));
#13061 = CARTESIAN_POINT('',(5.808822066869,-1.443407192824,
    -2.537047635983E-02));
#13062 = CARTESIAN_POINT('',(5.854035192635,-1.387011273084,
    -7.198469799336E-03));
#13063 = CARTESIAN_POINT('',(5.900518835828,-1.334277787459,
    5.34829189632E-17));
#13064 = CARTESIAN_POINT('',(5.946737269315,-1.286104656676,
    3.732898500765E-32));
#13065 = PCURVE('',#2844,#13066);
#13066 = DEFINITIONAL_REPRESENTATION('',(#13067),#13070);
#13067 = B_SPLINE_CURVE_WITH_KNOTS('',1,(#13068,#13069),.UNSPECIFIED.,
  .F.,.F.,(2,2),(0.247266928329,0.268239921865),
  .PIECEWISE_BEZIER_KNOTS.);
#13068 = CARTESIAN_POINT('',(6.6882098545,-1.802553564546));
#13069 = CARTESIAN_POINT('',(7.024950239277,-1.946737269315));
#13070 = ( GEOMETRIC_REPRESENTATION_CONTEXT(2) 
PARAMETRIC_REPRESENTATION_CONTEXT() REPRESENTATION_CONTEXT('2D SPACE',''
  ) );
#13071 = PCURVE('',#625,#13072);
#13072 = DEFINITIONAL_REPRESENTATION('',(#13073),#13076);
#13073 = B_SPLINE_CURVE_WITH_KNOTS('',1,(#13074,#13075),.UNSPECIFIED.,
  .F.,.F.,(2,2),(0.247266928329,0.268239921865),
  .PIECEWISE_BEZIER_KNOTS.);
#13074 = CARTESIAN_POINT('',(2.448782159172,2.971918347391));
#13075 = CARTESIAN_POINT('',(2.376899920455,3.));
#13076 = ( GEOMETRIC_REPRESENTATION_CONTEXT(2) 
PARAMETRIC_REPRESENTATION_CONTEXT() REPRESENTATION_CONTEXT('2D SPACE',''
  ) );
#13077 = ORIENTED_EDGE('',*,*,#10503,.F.);
#13078 = ORIENTED_EDGE('',*,*,#10027,.T.);
#13079 = ORIENTED_EDGE('',*,*,#9850,.F.);
#13080 = ORIENTED_EDGE('',*,*,#12209,.T.);
#13081 = ADVANCED_FACE('',(#13082),#2740,.T.);
#13082 = FACE_BOUND('',#13083,.T.);
#13083 = EDGE_LOOP('',(#13084,#13085,#13086,#13107));
#13084 = ORIENTED_EDGE('',*,*,#13009,.T.);
#13085 = ORIENTED_EDGE('',*,*,#2723,.T.);
#13086 = ORIENTED_EDGE('',*,*,#13087,.T.);
#13087 = EDGE_CURVE('',#2694,#12793,#13088,.T.);
#13088 = SURFACE_CURVE('',#13089,(#13093,#13100),.PCURVE_S1.);
#13089 = LINE('',#13090,#13091);
#13090 = CARTESIAN_POINT('',(5.5,-2.725609838252,-0.5));
#13091 = VECTOR('',#13092,1.);
#13092 = DIRECTION('',(0.707106781187,0.,-0.707106781187));
#13093 = PCURVE('',#2740,#13094);
#13094 = DEFINITIONAL_REPRESENTATION('',(#13095),#13099);
#13095 = LINE('',#13096,#13097);
#13096 = CARTESIAN_POINT('',(5.890486225481,0.25));
#13097 = VECTOR('',#13098,1.);
#13098 = DIRECTION('',(-7.105427357601E-15,-1.));
#13099 = ( GEOMETRIC_REPRESENTATION_CONTEXT(2) 
PARAMETRIC_REPRESENTATION_CONTEXT() REPRESENTATION_CONTEXT('2D SPACE',''
  ) );
#13100 = PCURVE('',#2711,#13101);
#13101 = DEFINITIONAL_REPRESENTATION('',(#13102),#13106);
#13102 = LINE('',#13103,#13104);
#13103 = CARTESIAN_POINT('',(0.475583458824,-1.04655188896));
#13104 = VECTOR('',#13105,1.);
#13105 = DIRECTION('',(-1.,5.830114833284E-17));
#13106 = ( GEOMETRIC_REPRESENTATION_CONTEXT(2) 
PARAMETRIC_REPRESENTATION_CONTEXT() REPRESENTATION_CONTEXT('2D SPACE',''
  ) );
#13107 = ORIENTED_EDGE('',*,*,#12887,.T.);
#13108 = ADVANCED_FACE('',(#13109),#2711,.T.);
#13109 = FACE_BOUND('',#13110,.T.);
#13110 = EDGE_LOOP('',(#13111,#13112,#13113,#13114,#13115,#13116,#13117,
    #13118));
#13111 = ORIENTED_EDGE('',*,*,#12267,.T.);
#13112 = ORIENTED_EDGE('',*,*,#12609,.T.);
#13113 = ORIENTED_EDGE('',*,*,#12742,.T.);
#13114 = ORIENTED_EDGE('',*,*,#12820,.T.);
#13115 = ORIENTED_EDGE('',*,*,#13087,.F.);
#13116 = ORIENTED_EDGE('',*,*,#2693,.T.);
#13117 = ORIENTED_EDGE('',*,*,#2921,.T.);
#13118 = ORIENTED_EDGE('',*,*,#12243,.T.);
#13119 = ADVANCED_FACE('',(#13120),#2651,.T.);
#13120 = FACE_BOUND('',#13121,.T.);
#13121 = EDGE_LOOP('',(#13122,#13123,#13124,#13125,#13126,#13127,#13128,
    #13129));
#13122 = ORIENTED_EDGE('',*,*,#3135,.T.);
#13123 = ORIENTED_EDGE('',*,*,#3165,.T.);
#13124 = ORIENTED_EDGE('',*,*,#2943,.T.);
#13125 = ORIENTED_EDGE('',*,*,#2774,.T.);
#13126 = ORIENTED_EDGE('',*,*,#2635,.T.);
#13127 = ORIENTED_EDGE('',*,*,#3632,.T.);
#13128 = ORIENTED_EDGE('',*,*,#3606,.T.);
#13129 = ORIENTED_EDGE('',*,*,#3330,.T.);
#13130 = ADVANCED_FACE('',(#13131),#2570,.T.);
#13131 = FACE_BOUND('',#13132,.T.);
#13132 = EDGE_LOOP('',(#13133,#13134,#13155,#13156,#13157));
#13133 = ORIENTED_EDGE('',*,*,#2553,.F.);
#13134 = ORIENTED_EDGE('',*,*,#13135,.T.);
#13135 = EDGE_CURVE('',#2439,#3702,#13136,.T.);
#13136 = SURFACE_CURVE('',#13137,(#13141,#13148),.PCURVE_S1.);
#13137 = LINE('',#13138,#13139);
#13138 = CARTESIAN_POINT('',(-6.146446609407,-3.079163228846,-2.));
#13139 = VECTOR('',#13140,1.);
#13140 = DIRECTION('',(0.,0.,-1.));
#13141 = PCURVE('',#2570,#13142);
#13142 = DEFINITIONAL_REPRESENTATION('',(#13143),#13147);
#13143 = LINE('',#13144,#13145);
#13144 = CARTESIAN_POINT('',(6.675884388878,0.));
#13145 = VECTOR('',#13146,1.);
#13146 = DIRECTION('',(0.,1.));
#13147 = ( GEOMETRIC_REPRESENTATION_CONTEXT(2) 
PARAMETRIC_REPRESENTATION_CONTEXT() REPRESENTATION_CONTEXT('2D SPACE',''
  ) );
#13148 = PCURVE('',#2396,#13149);
#13149 = DEFINITIONAL_REPRESENTATION('',(#13150),#13154);
#13150 = LINE('',#13151,#13152);
#13151 = CARTESIAN_POINT('',(0.843462173443,1.));
#13152 = VECTOR('',#13153,1.);
#13153 = DIRECTION('',(0.,-1.));
#13154 = ( GEOMETRIC_REPRESENTATION_CONTEXT(2) 
PARAMETRIC_REPRESENTATION_CONTEXT() REPRESENTATION_CONTEXT('2D SPACE',''
  ) );
#13155 = ORIENTED_EDGE('',*,*,#3701,.T.);
#13156 = ORIENTED_EDGE('',*,*,#3653,.T.);
#13157 = ORIENTED_EDGE('',*,*,#2611,.F.);
#13158 = ADVANCED_FACE('',(#13159),#2396,.T.);
#13159 = FACE_BOUND('',#13160,.T.);
#13160 = EDGE_LOOP('',(#13161,#13162,#13163,#13184,#13185,#13186));
#13161 = ORIENTED_EDGE('',*,*,#2438,.F.);
#13162 = ORIENTED_EDGE('',*,*,#2380,.F.);
#13163 = ORIENTED_EDGE('',*,*,#13164,.F.);
#13164 = EDGE_CURVE('',#12160,#2326,#13165,.T.);
#13165 = SURFACE_CURVE('',#13166,(#13170,#13177),.PCURVE_S1.);
#13166 = LINE('',#13167,#13168);
#13167 = CARTESIAN_POINT('',(-6.742864431923,-3.675581051361,-1.5));
#13168 = VECTOR('',#13169,1.);
#13169 = DIRECTION('',(0.707106781187,0.707106781187,0.));
#13170 = PCURVE('',#2396,#13171);
#13171 = DEFINITIONAL_REPRESENTATION('',(#13172),#13176);
#13172 = LINE('',#13173,#13174);
#13173 = CARTESIAN_POINT('',(0.,1.5));
#13174 = VECTOR('',#13175,1.);
#13175 = DIRECTION('',(1.,0.));
#13176 = ( GEOMETRIC_REPRESENTATION_CONTEXT(2) 
PARAMETRIC_REPRESENTATION_CONTEXT() REPRESENTATION_CONTEXT('2D SPACE',''
  ) );
#13177 = PCURVE('',#2364,#13178);
#13178 = DEFINITIONAL_REPRESENTATION('',(#13179),#13183);
#13179 = LINE('',#13180,#13181);
#13180 = CARTESIAN_POINT('',(0.814738127848,0.867978491591));
#13181 = VECTOR('',#13182,1.);
#13182 = DIRECTION('',(0.707106781187,-0.707106781187));
#13183 = ( GEOMETRIC_REPRESENTATION_CONTEXT(2) 
PARAMETRIC_REPRESENTATION_CONTEXT() REPRESENTATION_CONTEXT('2D SPACE',''
  ) );
#13184 = ORIENTED_EDGE('',*,*,#12159,.F.);
#13185 = ORIENTED_EDGE('',*,*,#3729,.T.);
#13186 = ORIENTED_EDGE('',*,*,#13135,.F.);
#13187 = ADVANCED_FACE('',(#13188),#2364,.F.);
#13188 = FACE_BOUND('',#13189,.T.);
#13189 = EDGE_LOOP('',(#13190,#13191,#13192,#13193,#13194,#13195));
#13190 = ORIENTED_EDGE('',*,*,#2325,.F.);
#13191 = ORIENTED_EDGE('',*,*,#12031,.T.);
#13192 = ORIENTED_EDGE('',*,*,#12080,.F.);
#13193 = ORIENTED_EDGE('',*,*,#12128,.T.);
#13194 = ORIENTED_EDGE('',*,*,#12182,.F.);
#13195 = ORIENTED_EDGE('',*,*,#13164,.T.);
#13196 = ADVANCED_FACE('',(#13197),#2313,.T.);
#13197 = FACE_BOUND('',#13198,.T.);
#13198 = EDGE_LOOP('',(#13199,#13220,#13221,#13222,#13223));
#13199 = ORIENTED_EDGE('',*,*,#13200,.T.);
#13200 = EDGE_CURVE('',#2270,#5548,#13201,.T.);
#13201 = SURFACE_CURVE('',#13202,(#13206,#13213),.PCURVE_S1.);
#13202 = LINE('',#13203,#13204);
#13203 = CARTESIAN_POINT('',(-8.073289043001,-0.703935379631,
    -0.837697594726));
#13204 = VECTOR('',#13205,1.);
#13205 = DIRECTION('',(4.843496184375E-02,0.831363597074,0.553614147156)
  );
#13206 = PCURVE('',#2313,#13207);
#13207 = DEFINITIONAL_REPRESENTATION('',(#13208),#13212);
#13208 = LINE('',#13209,#13210);
#13209 = CARTESIAN_POINT('',(2.430471985941,-2.427275932842));
#13210 = VECTOR('',#13211,1.);
#13211 = DIRECTION('',(0.280082296145,0.95997599313));
#13212 = ( GEOMETRIC_REPRESENTATION_CONTEXT(2) 
PARAMETRIC_REPRESENTATION_CONTEXT() REPRESENTATION_CONTEXT('2D SPACE',''
  ) );
#13213 = PCURVE('',#2285,#13214);
#13214 = DEFINITIONAL_REPRESENTATION('',(#13215),#13219);
#13215 = LINE('',#13216,#13217);
#13216 = CARTESIAN_POINT('',(-2.546064620369,-0.840897463448));
#13217 = VECTOR('',#13218,1.);
#13218 = DIRECTION('',(-0.831363597074,0.55572886326));
#13219 = ( GEOMETRIC_REPRESENTATION_CONTEXT(2) 
PARAMETRIC_REPRESENTATION_CONTEXT() REPRESENTATION_CONTEXT('2D SPACE',''
  ) );
#13220 = ORIENTED_EDGE('',*,*,#5547,.T.);
#13221 = ORIENTED_EDGE('',*,*,#11824,.T.);
#13222 = ORIENTED_EDGE('',*,*,#11985,.T.);
#13223 = ORIENTED_EDGE('',*,*,#2297,.T.);
#13224 = ADVANCED_FACE('',(#13225),#2285,.T.);
#13225 = FACE_BOUND('',#13226,.T.);
#13226 = EDGE_LOOP('',(#13227,#13228,#13229,#13230,#13253,#13254,#13255,
    #13256));
#13227 = ORIENTED_EDGE('',*,*,#5570,.T.);
#13228 = ORIENTED_EDGE('',*,*,#13200,.F.);
#13229 = ORIENTED_EDGE('',*,*,#2269,.T.);
#13230 = ORIENTED_EDGE('',*,*,#13231,.F.);
#13231 = EDGE_CURVE('',#11076,#2155,#13232,.T.);
#13232 = SURFACE_CURVE('',#13233,(#13238,#13246),.PCURVE_S1.);
#13233 = B_SPLINE_CURVE_WITH_KNOTS('',3,(#13234,#13235,#13236,#13237),
  .UNSPECIFIED.,.F.,.F.,(4,4),(-0.781600065124,-0.740989609687),
  .PIECEWISE_BEZIER_KNOTS.);
#13234 = CARTESIAN_POINT('',(-7.955922747459,-1.076567873623,
    0.503805301908));
#13235 = CARTESIAN_POINT('',(-7.955922747459,-1.105603395645,
    0.503805301908));
#13236 = CARTESIAN_POINT('',(-7.95591831721,-1.134634960023,
    0.503855939884));
#13237 = CARTESIAN_POINT('',(-7.955909166676,-1.163710035588,
    0.503960530961));
#13238 = PCURVE('',#2285,#13239);
#13239 = DEFINITIONAL_REPRESENTATION('',(#13240),#13245);
#13240 = B_SPLINE_CURVE_WITH_KNOTS('',3,(#13241,#13242,#13243,#13244),
  .UNSPECIFIED.,.F.,.F.,(4,4),(-0.781600065124,-0.740989609687),
  .PIECEWISE_BEZIER_KNOTS.);
#13241 = CARTESIAN_POINT('',(-2.173432126377,0.505729756315));
#13242 = CARTESIAN_POINT('',(-2.144396604355,0.505729756315));
#13243 = CARTESIAN_POINT('',(-2.115365039977,0.505780587719));
#13244 = CARTESIAN_POINT('',(-2.086289964412,0.505885578318));
#13245 = ( GEOMETRIC_REPRESENTATION_CONTEXT(2) 
PARAMETRIC_REPRESENTATION_CONTEXT() REPRESENTATION_CONTEXT('2D SPACE',''
  ) );
#13246 = PCURVE('',#2169,#13247);
#13247 = DEFINITIONAL_REPRESENTATION('',(#13248),#13252);
#13248 = LINE('',#13249,#13250);
#13249 = CARTESIAN_POINT('',(4.403452151388E-16,3.330669073875E-16));
#13250 = VECTOR('',#13251,1.);
#13251 = DIRECTION('',(5.576856839122E-16,-1.));
#13252 = ( GEOMETRIC_REPRESENTATION_CONTEXT(2) 
PARAMETRIC_REPRESENTATION_CONTEXT() REPRESENTATION_CONTEXT('2D SPACE',''
  ) );
#13253 = ORIENTED_EDGE('',*,*,#11075,.F.);
#13254 = ORIENTED_EDGE('',*,*,#10996,.F.);
#13255 = ORIENTED_EDGE('',*,*,#5908,.F.);
#13256 = ORIENTED_EDGE('',*,*,#5744,.F.);
#13257 = ADVANCED_FACE('',(#13258),#2169,.T.);
#13258 = FACE_BOUND('',#13259,.T.);
#13259 = EDGE_LOOP('',(#13260,#13261,#13262,#13263));
#13260 = ORIENTED_EDGE('',*,*,#11098,.F.);
#13261 = ORIENTED_EDGE('',*,*,#13231,.T.);
#13262 = ORIENTED_EDGE('',*,*,#2154,.F.);
#13263 = ORIENTED_EDGE('',*,*,#13264,.T.);
#13264 = EDGE_CURVE('',#2128,#11099,#13265,.T.);
#13265 = SURFACE_CURVE('',#13266,(#13271,#13278),.PCURVE_S1.);
#13266 = B_SPLINE_CURVE_WITH_KNOTS('',3,(#13267,#13268,#13269,#13270),
  .UNSPECIFIED.,.F.,.F.,(4,4),(0.740989609687,0.781600065124),
  .PIECEWISE_BEZIER_KNOTS.);
#13267 = CARTESIAN_POINT('',(-6.86789538874,-1.119486068847,1.5));
#13268 = CARTESIAN_POINT('',(-6.868476216849,-1.105196328872,1.5));
#13269 = CARTESIAN_POINT('',(-6.868767004711,-1.090886341096,1.5));
#13270 = CARTESIAN_POINT('',(-6.868767004711,-1.076567873623,1.5));
#13271 = PCURVE('',#2169,#13272);
#13272 = DEFINITIONAL_REPRESENTATION('',(#13273),#13277);
#13273 = LINE('',#13274,#13275);
#13274 = CARTESIAN_POINT('',(1.,1.110223024625E-16));
#13275 = VECTOR('',#13276,1.);
#13276 = DIRECTION('',(2.733835443791E-15,1.));
#13277 = ( GEOMETRIC_REPRESENTATION_CONTEXT(2) 
PARAMETRIC_REPRESENTATION_CONTEXT() REPRESENTATION_CONTEXT('2D SPACE',''
  ) );
#13278 = PCURVE('',#1734,#13279);
#13279 = DEFINITIONAL_REPRESENTATION('',(#13280),#13285);
#13280 = B_SPLINE_CURVE_WITH_KNOTS('',3,(#13281,#13282,#13283,#13284),
  .UNSPECIFIED.,.F.,.F.,(4,4),(0.740989609687,0.781600065124),
  .PIECEWISE_BEZIER_KNOTS.);
#13281 = CARTESIAN_POINT('',(-6.86789538874,-1.119486068847));
#13282 = CARTESIAN_POINT('',(-6.868476216849,-1.105196328872));
#13283 = CARTESIAN_POINT('',(-6.868767004711,-1.090886341096));
#13284 = CARTESIAN_POINT('',(-6.868767004711,-1.076567873623));
#13285 = ( GEOMETRIC_REPRESENTATION_CONTEXT(2) 
PARAMETRIC_REPRESENTATION_CONTEXT() REPRESENTATION_CONTEXT('2D SPACE',''
  ) );
#13286 = ADVANCED_FACE('',(#13287),#1890,.F.);
#13287 = FACE_BOUND('',#13288,.F.);
#13288 = EDGE_LOOP('',(#13289,#13315));
#13289 = ORIENTED_EDGE('',*,*,#13290,.T.);
#13290 = EDGE_CURVE('',#1870,#1868,#13291,.T.);
#13291 = SURFACE_CURVE('',#13292,(#13297,#13304),.PCURVE_S1.);
#13292 = CIRCLE('',#13293,6.016851336039);
#13293 = AXIS2_PLACEMENT_3D('',#13294,#13295,#13296);
#13294 = CARTESIAN_POINT('',(0.,-4.881232995289,1.5));
#13295 = DIRECTION('',(0.,0.,-1.));
#13296 = DIRECTION('',(0.,1.,0.));
#13297 = PCURVE('',#1890,#13298);
#13298 = DEFINITIONAL_REPRESENTATION('',(#13299),#13303);
#13299 = LINE('',#13300,#13301);
#13300 = CARTESIAN_POINT('',(7.853981633974,-1.421494391564));
#13301 = VECTOR('',#13302,1.);
#13302 = DIRECTION('',(-1.,1.015023713535E-16));
#13303 = ( GEOMETRIC_REPRESENTATION_CONTEXT(2) 
PARAMETRIC_REPRESENTATION_CONTEXT() REPRESENTATION_CONTEXT('2D SPACE',''
  ) );
#13304 = PCURVE('',#1734,#13305);
#13305 = DEFINITIONAL_REPRESENTATION('',(#13306),#13314);
#13306 = ( BOUNDED_CURVE() B_SPLINE_CURVE(2,(#13307,#13308,#13309,#13310
    ,#13311,#13312,#13313),.UNSPECIFIED.,.T.,.F.) 
B_SPLINE_CURVE_WITH_KNOTS((1,2,2,2,2,1),(-2.094395102393,0.,
    2.094395102393,4.188790204786,6.28318530718,8.377580409573),
.UNSPECIFIED.) CURVE() GEOMETRIC_REPRESENTATION_ITEM() 
RATIONAL_B_SPLINE_CURVE((1.,0.5,1.,0.5,1.,0.5,1.)) REPRESENTATION_ITEM(
  '') );
#13307 = CARTESIAN_POINT('',(0.,1.135618340751));
#13308 = CARTESIAN_POINT('',(10.421492215609,1.135618340751));
#13309 = CARTESIAN_POINT('',(5.210746107805,-7.889658663309));
#13310 = CARTESIAN_POINT('',(1.473703545925E-15,-16.91493566736));
#13311 = CARTESIAN_POINT('',(-5.210746107805,-7.889658663309));
#13312 = CARTESIAN_POINT('',(-10.4214922156,1.135618340751));
#13313 = CARTESIAN_POINT('',(0.,1.135618340751));
#13314 = ( GEOMETRIC_REPRESENTATION_CONTEXT(2) 
PARAMETRIC_REPRESENTATION_CONTEXT() REPRESENTATION_CONTEXT('2D SPACE',''
  ) );
#13315 = ORIENTED_EDGE('',*,*,#1867,.T.);
#13316 = ADVANCED_FACE('',(#13317),#1734,.T.);
#13317 = FACE_BOUND('',#13318,.T.);
#13318 = EDGE_LOOP('',(#13319,#13320,#13321,#13322,#13323,#13346,#13347,
    #13348,#13349,#13350,#13351,#13352,#13353,#13354,#13355,#13356,
    #13357,#13358));
#13319 = ORIENTED_EDGE('',*,*,#13290,.T.);
#13320 = ORIENTED_EDGE('',*,*,#2008,.F.);
#13321 = ORIENTED_EDGE('',*,*,#1841,.F.);
#13322 = ORIENTED_EDGE('',*,*,#1716,.F.);
#13323 = ORIENTED_EDGE('',*,*,#13324,.F.);
#13324 = EDGE_CURVE('',#10926,#1679,#13325,.T.);
#13325 = SURFACE_CURVE('',#13326,(#13331,#13339),.PCURVE_S1.);
#13326 = B_SPLINE_CURVE_WITH_KNOTS('',3,(#13327,#13328,#13329,#13330),
  .UNSPECIFIED.,.F.,.F.,(4,4),(-0.781600065124,-0.740989609687),
  .PIECEWISE_BEZIER_KNOTS.);
#13327 = CARTESIAN_POINT('',(6.868767004711,-1.076567873623,1.5));
#13328 = CARTESIAN_POINT('',(6.868767004711,-1.090886341096,1.5));
#13329 = CARTESIAN_POINT('',(6.868476216849,-1.105196328872,1.5));
#13330 = CARTESIAN_POINT('',(6.86789538874,-1.119486068847,1.5));
#13331 = PCURVE('',#1734,#13332);
#13332 = DEFINITIONAL_REPRESENTATION('',(#13333),#13338);
#13333 = B_SPLINE_CURVE_WITH_KNOTS('',3,(#13334,#13335,#13336,#13337),
  .UNSPECIFIED.,.F.,.F.,(4,4),(-0.781600065124,-0.740989609687),
  .PIECEWISE_BEZIER_KNOTS.);
#13334 = CARTESIAN_POINT('',(6.868767004711,-1.076567873623));
#13335 = CARTESIAN_POINT('',(6.868767004711,-1.090886341096));
#13336 = CARTESIAN_POINT('',(6.868476216849,-1.105196328872));
#13337 = CARTESIAN_POINT('',(6.86789538874,-1.119486068847));
#13338 = ( GEOMETRIC_REPRESENTATION_CONTEXT(2) 
PARAMETRIC_REPRESENTATION_CONTEXT() REPRESENTATION_CONTEXT('2D SPACE',''
  ) );
#13339 = PCURVE('',#1693,#13340);
#13340 = DEFINITIONAL_REPRESENTATION('',(#13341),#13345);
#13341 = LINE('',#13342,#13343);
#13342 = CARTESIAN_POINT('',(1.,-4.440892098501E-16));
#13343 = VECTOR('',#13344,1.);
#13344 = DIRECTION('',(-2.733835443791E-15,1.));
#13345 = ( GEOMETRIC_REPRESENTATION_CONTEXT(2) 
PARAMETRIC_REPRESENTATION_CONTEXT() REPRESENTATION_CONTEXT('2D SPACE',''
  ) );
#13346 = ORIENTED_EDGE('',*,*,#10971,.F.);
#13347 = ORIENTED_EDGE('',*,*,#10899,.F.);
#13348 = ORIENTED_EDGE('',*,*,#6366,.F.);
#13349 = ORIENTED_EDGE('',*,*,#6339,.F.);
#13350 = ORIENTED_EDGE('',*,*,#6247,.F.);
#13351 = ORIENTED_EDGE('',*,*,#6158,.F.);
#13352 = ORIENTED_EDGE('',*,*,#6038,.F.);
#13353 = ORIENTED_EDGE('',*,*,#11048,.F.);
#13354 = ORIENTED_EDGE('',*,*,#11120,.F.);
#13355 = ORIENTED_EDGE('',*,*,#13264,.F.);
#13356 = ORIENTED_EDGE('',*,*,#2127,.F.);
#13357 = ORIENTED_EDGE('',*,*,#2100,.F.);
#13358 = ORIENTED_EDGE('',*,*,#1924,.F.);
#13359 = ADVANCED_FACE('',(#13360),#1693,.T.);
#13360 = FACE_BOUND('',#13361,.T.);
#13361 = EDGE_LOOP('',(#13362,#13363,#13386,#13387));
#13362 = ORIENTED_EDGE('',*,*,#1678,.F.);
#13363 = ORIENTED_EDGE('',*,*,#13364,.T.);
#13364 = EDGE_CURVE('',#1587,#10928,#13365,.T.);
#13365 = SURFACE_CURVE('',#13366,(#13371,#13378),.PCURVE_S1.);
#13366 = B_SPLINE_CURVE_WITH_KNOTS('',3,(#13367,#13368,#13369,#13370),
  .UNSPECIFIED.,.F.,.F.,(4,4),(0.740989609687,0.781600065124),
  .PIECEWISE_BEZIER_KNOTS.);
#13367 = CARTESIAN_POINT('',(7.955909166676,-1.163710035588,
    0.503960530961));
#13368 = CARTESIAN_POINT('',(7.95591831721,-1.134634960023,
    0.503855939884));
#13369 = CARTESIAN_POINT('',(7.955922747459,-1.105603395645,
    0.503805301908));
#13370 = CARTESIAN_POINT('',(7.955922747459,-1.076567873623,
    0.503805301908));
#13371 = PCURVE('',#1693,#13372);
#13372 = DEFINITIONAL_REPRESENTATION('',(#13373),#13377);
#13373 = LINE('',#13374,#13375);
#13374 = CARTESIAN_POINT('',(1.70869859697E-14,4.440892098501E-16));
#13375 = VECTOR('',#13376,1.);
#13376 = DIRECTION('',(-2.317334773819E-14,-1.));
#13377 = ( GEOMETRIC_REPRESENTATION_CONTEXT(2) 
PARAMETRIC_REPRESENTATION_CONTEXT() REPRESENTATION_CONTEXT('2D SPACE',''
  ) );
#13378 = PCURVE('',#1283,#13379);
#13379 = DEFINITIONAL_REPRESENTATION('',(#13380),#13385);
#13380 = B_SPLINE_CURVE_WITH_KNOTS('',3,(#13381,#13382,#13383,#13384),
  .UNSPECIFIED.,.F.,.F.,(4,4),(0.740989609687,0.781600065124),
  .PIECEWISE_BEZIER_KNOTS.);
#13381 = CARTESIAN_POINT('',(-4.413710035588,0.505885578318));
#13382 = CARTESIAN_POINT('',(-4.384634960023,0.505780587719));
#13383 = CARTESIAN_POINT('',(-4.355603395645,0.505729756315));
#13384 = CARTESIAN_POINT('',(-4.326567873623,0.505729756315));
#13385 = ( GEOMETRIC_REPRESENTATION_CONTEXT(2) 
PARAMETRIC_REPRESENTATION_CONTEXT() REPRESENTATION_CONTEXT('2D SPACE',''
  ) );
#13386 = ORIENTED_EDGE('',*,*,#10925,.F.);
#13387 = ORIENTED_EDGE('',*,*,#13324,.T.);
#13388 = ADVANCED_FACE('',(#13389),#1569,.F.);
#13389 = FACE_BOUND('',#13390,.T.);
#13390 = EDGE_LOOP('',(#13391,#13422,#13455,#13484,#13505,#13506));
#13391 = ORIENTED_EDGE('',*,*,#13392,.F.);
#13392 = EDGE_CURVE('',#13393,#13395,#13397,.T.);
#13393 = VERTEX_POINT('',#13394);
#13394 = CARTESIAN_POINT('',(7.673904215637,-3.779231831168,-1.5));
#13395 = VERTEX_POINT('',#13396);
#13396 = CARTESIAN_POINT('',(6.742864431923,-3.675581051361,-1.5));
#13397 = SURFACE_CURVE('',#13398,(#13403,#13410),.PCURVE_S1.);
#13398 = CIRCLE('',#13399,0.75);
#13399 = AXIS2_PLACEMENT_3D('',#13400,#13401,#13402);
#13400 = CARTESIAN_POINT('',(7.273194517813,-3.145250965472,-1.5));
#13401 = DIRECTION('',(0.,0.,-1.));
#13402 = DIRECTION('',(-0.402220844067,-0.915542676557,-0.));
#13403 = PCURVE('',#1569,#13404);
#13404 = DEFINITIONAL_REPRESENTATION('',(#13405),#13409);
#13405 = CIRCLE('',#13406,0.75);
#13406 = AXIS2_PLACEMENT_2D('',#13407,#13408);
#13407 = CARTESIAN_POINT('',(-0.284408041958,0.337648405701));
#13408 = DIRECTION('',(-0.402220844067,0.915542676557));
#13409 = ( GEOMETRIC_REPRESENTATION_CONTEXT(2) 
PARAMETRIC_REPRESENTATION_CONTEXT() REPRESENTATION_CONTEXT('2D SPACE',''
  ) );
#13410 = PCURVE('',#13411,#13416);
#13411 = CYLINDRICAL_SURFACE('',#13412,0.75);
#13412 = AXIS2_PLACEMENT_3D('',#13413,#13414,#13415);
#13413 = CARTESIAN_POINT('',(7.273194517813,-3.145250965472,-3.));
#13414 = DIRECTION('',(0.,0.,1.));
#13415 = DIRECTION('',(-0.402220844067,-0.915542676557,0.));
#13416 = DEFINITIONAL_REPRESENTATION('',(#13417),#13421);
#13417 = LINE('',#13418,#13419);
#13418 = CARTESIAN_POINT('',(6.28318530718,1.5));
#13419 = VECTOR('',#13420,1.);
#13420 = DIRECTION('',(-1.,0.));
#13421 = ( GEOMETRIC_REPRESENTATION_CONTEXT(2) 
PARAMETRIC_REPRESENTATION_CONTEXT() REPRESENTATION_CONTEXT('2D SPACE',''
  ) );
#13422 = ORIENTED_EDGE('',*,*,#13423,.T.);
#13423 = EDGE_CURVE('',#13393,#13424,#13426,.T.);
#13424 = VERTEX_POINT('',#13425);
#13425 = CARTESIAN_POINT('',(8.529231831168,-2.923904215637,-1.5));
#13426 = SURFACE_CURVE('',#13427,(#13432,#13443),.PCURVE_S1.);
#13427 = CIRCLE('',#13428,2.75);
#13428 = AXIS2_PLACEMENT_3D('',#13429,#13430,#13431);
#13429 = CARTESIAN_POINT('',(6.204635323614,-1.454635323614,-1.5));
#13430 = DIRECTION('',(0.,0.,1.));
#13431 = DIRECTION('',(1.,0.,-0.));
#13432 = PCURVE('',#1569,#13433);
#13433 = DEFINITIONAL_REPRESENTATION('',(#13434),#13442);
#13434 = ( BOUNDED_CURVE() B_SPLINE_CURVE(2,(#13435,#13436,#13437,#13438
    ,#13439,#13440,#13441),.UNSPECIFIED.,.T.,.F.) 
B_SPLINE_CURVE_WITH_KNOTS((1,2,2,2,2,1),(-2.094395102393,0.,
    2.094395102393,4.188790204786,6.28318530718,8.377580409573),
.UNSPECIFIED.) CURVE() GEOMETRIC_REPRESENTATION_ITEM() 
RATIONAL_B_SPLINE_CURVE((1.,0.5,1.,0.5,1.,0.5,1.)) REPRESENTATION_ITEM(
  '') );
#13435 = CARTESIAN_POINT('',(1.397032763844,-1.352967236156));
#13436 = CARTESIAN_POINT('',(1.397032763844,-6.116106956971));
#13437 = CARTESIAN_POINT('',(-2.727967236156,-3.734537096564));
#13438 = CARTESIAN_POINT('',(-6.852967236156,-1.352967236156));
#13439 = CARTESIAN_POINT('',(-2.727967236156,1.028602624251));
#13440 = CARTESIAN_POINT('',(1.397032763844,3.410172484658));
#13441 = CARTESIAN_POINT('',(1.397032763844,-1.352967236156));
#13442 = ( GEOMETRIC_REPRESENTATION_CONTEXT(2) 
PARAMETRIC_REPRESENTATION_CONTEXT() REPRESENTATION_CONTEXT('2D SPACE',''
  ) );
#13443 = PCURVE('',#13444,#13449);
#13444 = CYLINDRICAL_SURFACE('',#13445,2.75);
#13445 = AXIS2_PLACEMENT_3D('',#13446,#13447,#13448);
#13446 = CARTESIAN_POINT('',(6.204635323614,-1.454635323614,-3.));
#13447 = DIRECTION('',(0.,0.,1.));
#13448 = DIRECTION('',(1.,0.,-0.));
#13449 = DEFINITIONAL_REPRESENTATION('',(#13450),#13454);
#13450 = LINE('',#13451,#13452);
#13451 = CARTESIAN_POINT('',(0.,1.5));
#13452 = VECTOR('',#13453,1.);
#13453 = DIRECTION('',(1.,0.));
#13454 = ( GEOMETRIC_REPRESENTATION_CONTEXT(2) 
PARAMETRIC_REPRESENTATION_CONTEXT() REPRESENTATION_CONTEXT('2D SPACE',''
  ) );
#13455 = ORIENTED_EDGE('',*,*,#13456,.F.);
#13456 = EDGE_CURVE('',#13457,#13424,#13459,.T.);
#13457 = VERTEX_POINT('',#13458);
#13458 = CARTESIAN_POINT('',(8.425581051362,-1.992864431923,-1.5));
#13459 = SURFACE_CURVE('',#13460,(#13465,#13472),.PCURVE_S1.);
#13460 = CIRCLE('',#13461,0.75);
#13461 = AXIS2_PLACEMENT_3D('',#13462,#13463,#13464);
#13462 = CARTESIAN_POINT('',(7.895250965472,-2.523194517812,-1.5));
#13463 = DIRECTION('',(0.,0.,-1.));
#13464 = DIRECTION('',(0.915542676557,0.402220844067,0.));
#13465 = PCURVE('',#1569,#13466);
#13466 = DEFINITIONAL_REPRESENTATION('',(#13467),#13471);
#13467 = CIRCLE('',#13468,0.75);
#13468 = AXIS2_PLACEMENT_2D('',#13469,#13470);
#13469 = CARTESIAN_POINT('',(0.337648405701,-0.284408041958));
#13470 = DIRECTION('',(0.915542676557,-0.402220844067));
#13471 = ( GEOMETRIC_REPRESENTATION_CONTEXT(2) 
PARAMETRIC_REPRESENTATION_CONTEXT() REPRESENTATION_CONTEXT('2D SPACE',''
  ) );
#13472 = PCURVE('',#13473,#13478);
#13473 = CYLINDRICAL_SURFACE('',#13474,0.75);
#13474 = AXIS2_PLACEMENT_3D('',#13475,#13476,#13477);
#13475 = CARTESIAN_POINT('',(7.895250965472,-2.523194517812,-3.));
#13476 = DIRECTION('',(0.,0.,1.));
#13477 = DIRECTION('',(0.915542676557,0.402220844067,-0.));
#13478 = DEFINITIONAL_REPRESENTATION('',(#13479),#13483);
#13479 = LINE('',#13480,#13481);
#13480 = CARTESIAN_POINT('',(12.566370614359,1.5));
#13481 = VECTOR('',#13482,1.);
#13482 = DIRECTION('',(-1.,0.));
#13483 = ( GEOMETRIC_REPRESENTATION_CONTEXT(2) 
PARAMETRIC_REPRESENTATION_CONTEXT() REPRESENTATION_CONTEXT('2D SPACE',''
  ) );
#13484 = ORIENTED_EDGE('',*,*,#13485,.T.);
#13485 = EDGE_CURVE('',#13457,#1353,#13486,.T.);
#13486 = SURFACE_CURVE('',#13487,(#13491,#13498),.PCURVE_S1.);
#13487 = LINE('',#13488,#13489);
#13488 = CARTESIAN_POINT('',(8.425581051362,-1.992864431923,-1.5));
#13489 = VECTOR('',#13490,1.);
#13490 = DIRECTION('',(-0.707106781187,0.707106781187,0.));
#13491 = PCURVE('',#1569,#13492);
#13492 = DEFINITIONAL_REPRESENTATION('',(#13493),#13497);
#13493 = LINE('',#13494,#13495);
#13494 = CARTESIAN_POINT('',(0.867978491591,-0.814738127848));
#13495 = VECTOR('',#13496,1.);
#13496 = DIRECTION('',(-0.707106781187,-0.707106781187));
#13497 = ( GEOMETRIC_REPRESENTATION_CONTEXT(2) 
PARAMETRIC_REPRESENTATION_CONTEXT() REPRESENTATION_CONTEXT('2D SPACE',''
  ) );
#13498 = PCURVE('',#821,#13499);
#13499 = DEFINITIONAL_REPRESENTATION('',(#13500),#13504);
#13500 = LINE('',#13501,#13502);
#13501 = CARTESIAN_POINT('',(0.,1.5));
#13502 = VECTOR('',#13503,1.);
#13503 = DIRECTION('',(1.,0.));
#13504 = ( GEOMETRIC_REPRESENTATION_CONTEXT(2) 
PARAMETRIC_REPRESENTATION_CONTEXT() REPRESENTATION_CONTEXT('2D SPACE',''
  ) );
#13505 = ORIENTED_EDGE('',*,*,#1532,.F.);
#13506 = ORIENTED_EDGE('',*,*,#13507,.T.);
#13507 = EDGE_CURVE('',#1505,#13395,#13508,.T.);
#13508 = SURFACE_CURVE('',#13509,(#13513,#13520),.PCURVE_S1.);
#13509 = LINE('',#13510,#13511);
#13510 = CARTESIAN_POINT('',(6.742864431923,-3.675581051361,-1.5));
#13511 = VECTOR('',#13512,1.);
#13512 = DIRECTION('',(0.707106781187,-0.707106781187,0.));
#13513 = PCURVE('',#1569,#13514);
#13514 = DEFINITIONAL_REPRESENTATION('',(#13515),#13519);
#13515 = LINE('',#13516,#13517);
#13516 = CARTESIAN_POINT('',(-0.814738127848,0.867978491591));
#13517 = VECTOR('',#13518,1.);
#13518 = DIRECTION('',(0.707106781187,0.707106781187));
#13519 = ( GEOMETRIC_REPRESENTATION_CONTEXT(2) 
PARAMETRIC_REPRESENTATION_CONTEXT() REPRESENTATION_CONTEXT('2D SPACE',''
  ) );
#13520 = PCURVE('',#1520,#13521);
#13521 = DEFINITIONAL_REPRESENTATION('',(#13522),#13526);
#13522 = LINE('',#13523,#13524);
#13523 = CARTESIAN_POINT('',(1.724275943121,1.5));
#13524 = VECTOR('',#13525,1.);
#13525 = DIRECTION('',(1.,0.));
#13526 = ( GEOMETRIC_REPRESENTATION_CONTEXT(2) 
PARAMETRIC_REPRESENTATION_CONTEXT() REPRESENTATION_CONTEXT('2D SPACE',''
  ) );
#13527 = ADVANCED_FACE('',(#13528),#13473,.T.);
#13528 = FACE_BOUND('',#13529,.T.);
#13529 = EDGE_LOOP('',(#13530,#13553,#13554,#13577));
#13530 = ORIENTED_EDGE('',*,*,#13531,.T.);
#13531 = EDGE_CURVE('',#13532,#13457,#13534,.T.);
#13532 = VERTEX_POINT('',#13533);
#13533 = CARTESIAN_POINT('',(8.425581051362,-1.992864431923,-3.));
#13534 = SURFACE_CURVE('',#13535,(#13539,#13546),.PCURVE_S1.);
#13535 = LINE('',#13536,#13537);
#13536 = CARTESIAN_POINT('',(8.425581051362,-1.992864431923,-3.));
#13537 = VECTOR('',#13538,1.);
#13538 = DIRECTION('',(0.,0.,1.));
#13539 = PCURVE('',#13473,#13540);
#13540 = DEFINITIONAL_REPRESENTATION('',(#13541),#13545);
#13541 = LINE('',#13542,#13543);
#13542 = CARTESIAN_POINT('',(6.654642199952,0.));
#13543 = VECTOR('',#13544,1.);
#13544 = DIRECTION('',(0.,1.));
#13545 = ( GEOMETRIC_REPRESENTATION_CONTEXT(2) 
PARAMETRIC_REPRESENTATION_CONTEXT() REPRESENTATION_CONTEXT('2D SPACE',''
  ) );
#13546 = PCURVE('',#821,#13547);
#13547 = DEFINITIONAL_REPRESENTATION('',(#13548),#13552);
#13548 = LINE('',#13549,#13550);
#13549 = CARTESIAN_POINT('',(0.,0.));
#13550 = VECTOR('',#13551,1.);
#13551 = DIRECTION('',(0.,1.));
#13552 = ( GEOMETRIC_REPRESENTATION_CONTEXT(2) 
PARAMETRIC_REPRESENTATION_CONTEXT() REPRESENTATION_CONTEXT('2D SPACE',''
  ) );
#13553 = ORIENTED_EDGE('',*,*,#13456,.T.);
#13554 = ORIENTED_EDGE('',*,*,#13555,.T.);
#13555 = EDGE_CURVE('',#13424,#13556,#13558,.T.);
#13556 = VERTEX_POINT('',#13557);
#13557 = CARTESIAN_POINT('',(8.529231831168,-2.923904215637,-3.));
#13558 = SURFACE_CURVE('',#13559,(#13563,#13570),.PCURVE_S1.);
#13559 = LINE('',#13560,#13561);
#13560 = CARTESIAN_POINT('',(8.529231831168,-2.923904215637,-3.));
#13561 = VECTOR('',#13562,1.);
#13562 = DIRECTION('',(0.,0.,-1.));
#13563 = PCURVE('',#13473,#13564);
#13564 = DEFINITIONAL_REPRESENTATION('',(#13565),#13569);
#13565 = LINE('',#13566,#13567);
#13566 = CARTESIAN_POINT('',(5.305588756534,0.));
#13567 = VECTOR('',#13568,1.);
#13568 = DIRECTION('',(0.,-1.));
#13569 = ( GEOMETRIC_REPRESENTATION_CONTEXT(2) 
PARAMETRIC_REPRESENTATION_CONTEXT() REPRESENTATION_CONTEXT('2D SPACE',''
  ) );
#13570 = PCURVE('',#13444,#13571);
#13571 = DEFINITIONAL_REPRESENTATION('',(#13572),#13576);
#13572 = LINE('',#13573,#13574);
#13573 = CARTESIAN_POINT('',(5.719530027159,0.));
#13574 = VECTOR('',#13575,1.);
#13575 = DIRECTION('',(0.,-1.));
#13576 = ( GEOMETRIC_REPRESENTATION_CONTEXT(2) 
PARAMETRIC_REPRESENTATION_CONTEXT() REPRESENTATION_CONTEXT('2D SPACE',''
  ) );
#13577 = ORIENTED_EDGE('',*,*,#13578,.T.);
#13578 = EDGE_CURVE('',#13556,#13532,#13579,.T.);
#13579 = SURFACE_CURVE('',#13580,(#13585,#13592),.PCURVE_S1.);
#13580 = CIRCLE('',#13581,0.75);
#13581 = AXIS2_PLACEMENT_3D('',#13582,#13583,#13584);
#13582 = CARTESIAN_POINT('',(7.895250965472,-2.523194517812,-3.));
#13583 = DIRECTION('',(0.,0.,1.));
#13584 = DIRECTION('',(0.915542676557,0.402220844067,-0.));
#13585 = PCURVE('',#13473,#13586);
#13586 = DEFINITIONAL_REPRESENTATION('',(#13587),#13591);
#13587 = LINE('',#13588,#13589);
#13588 = CARTESIAN_POINT('',(-1.7763568394E-15,0.));
#13589 = VECTOR('',#13590,1.);
#13590 = DIRECTION('',(1.,0.));
#13591 = ( GEOMETRIC_REPRESENTATION_CONTEXT(2) 
PARAMETRIC_REPRESENTATION_CONTEXT() REPRESENTATION_CONTEXT('2D SPACE',''
  ) );
#13592 = PCURVE('',#755,#13593);
#13593 = DEFINITIONAL_REPRESENTATION('',(#13594),#13602);
#13594 = ( BOUNDED_CURVE() B_SPLINE_CURVE(2,(#13595,#13596,#13597,#13598
    ,#13599,#13600,#13601),.UNSPECIFIED.,.T.,.F.) 
B_SPLINE_CURVE_WITH_KNOTS((1,2,2,2,2,1),(-2.094395102393,0.,
    2.094395102393,4.188790204786,6.28318530718,8.377580409573),
.UNSPECIFIED.) CURVE() GEOMETRIC_REPRESENTATION_ITEM() 
RATIONAL_B_SPLINE_CURVE((1.,0.5,1.,0.5,1.,0.5,1.)) REPRESENTATION_ITEM(
  '') );
#13595 = CARTESIAN_POINT('',(1.024305413119,-0.586073675008));
#13596 = CARTESIAN_POINT('',(0.501805209779,-1.775398499229));
#13597 = CARTESIAN_POINT('',(-0.266930199678,-0.728237637543));
#13598 = CARTESIAN_POINT('',(-1.035665609135,0.318923224143));
#13599 = CARTESIAN_POINT('',(0.255570003663,0.461087186678));
#13600 = CARTESIAN_POINT('',(1.54680561646,0.603251149213));
#13601 = CARTESIAN_POINT('',(1.024305413119,-0.586073675008));
#13602 = ( GEOMETRIC_REPRESENTATION_CONTEXT(2) 
PARAMETRIC_REPRESENTATION_CONTEXT() REPRESENTATION_CONTEXT('2D SPACE',''
  ) );
#13603 = ADVANCED_FACE('',(#13604),#13444,.T.);
#13604 = FACE_BOUND('',#13605,.T.);
#13605 = EDGE_LOOP('',(#13606,#13629,#13651,#13652));
#13606 = ORIENTED_EDGE('',*,*,#13607,.F.);
#13607 = EDGE_CURVE('',#13608,#13393,#13610,.T.);
#13608 = VERTEX_POINT('',#13609);
#13609 = CARTESIAN_POINT('',(7.673904215637,-3.779231831168,-3.));
#13610 = SURFACE_CURVE('',#13611,(#13615,#13622),.PCURVE_S1.);
#13611 = LINE('',#13612,#13613);
#13612 = CARTESIAN_POINT('',(7.673904215637,-3.779231831168,-3.));
#13613 = VECTOR('',#13614,1.);
#13614 = DIRECTION('',(0.,0.,1.));
#13615 = PCURVE('',#13444,#13616);
#13616 = DEFINITIONAL_REPRESENTATION('',(#13617),#13621);
#13617 = LINE('',#13618,#13619);
#13618 = CARTESIAN_POINT('',(5.276044260405,0.));
#13619 = VECTOR('',#13620,1.);
#13620 = DIRECTION('',(0.,1.));
#13621 = ( GEOMETRIC_REPRESENTATION_CONTEXT(2) 
PARAMETRIC_REPRESENTATION_CONTEXT() REPRESENTATION_CONTEXT('2D SPACE',''
  ) );
#13622 = PCURVE('',#13411,#13623);
#13623 = DEFINITIONAL_REPRESENTATION('',(#13624),#13628);
#13624 = LINE('',#13625,#13626);
#13625 = CARTESIAN_POINT('',(0.977596550645,0.));
#13626 = VECTOR('',#13627,1.);
#13627 = DIRECTION('',(0.,1.));
#13628 = ( GEOMETRIC_REPRESENTATION_CONTEXT(2) 
PARAMETRIC_REPRESENTATION_CONTEXT() REPRESENTATION_CONTEXT('2D SPACE',''
  ) );
#13629 = ORIENTED_EDGE('',*,*,#13630,.F.);
#13630 = EDGE_CURVE('',#13556,#13608,#13631,.T.);
#13631 = SURFACE_CURVE('',#13632,(#13637,#13644),.PCURVE_S1.);
#13632 = CIRCLE('',#13633,2.75);
#13633 = AXIS2_PLACEMENT_3D('',#13634,#13635,#13636);
#13634 = CARTESIAN_POINT('',(6.204635323614,-1.454635323614,-3.));
#13635 = DIRECTION('',(0.,0.,-1.));
#13636 = DIRECTION('',(1.,0.,0.));
#13637 = PCURVE('',#13444,#13638);
#13638 = DEFINITIONAL_REPRESENTATION('',(#13639),#13643);
#13639 = LINE('',#13640,#13641);
#13640 = CARTESIAN_POINT('',(6.28318530718,0.));
#13641 = VECTOR('',#13642,1.);
#13642 = DIRECTION('',(-1.,0.));
#13643 = ( GEOMETRIC_REPRESENTATION_CONTEXT(2) 
PARAMETRIC_REPRESENTATION_CONTEXT() REPRESENTATION_CONTEXT('2D SPACE',''
  ) );
#13644 = PCURVE('',#755,#13645);
#13645 = DEFINITIONAL_REPRESENTATION('',(#13646),#13650);
#13646 = CIRCLE('',#13647,2.75);
#13647 = AXIS2_PLACEMENT_2D('',#13648,#13649);
#13648 = CARTESIAN_POINT('',(-1.352967236156,-1.352967236156));
#13649 = DIRECTION('',(1.,0.));
#13650 = ( GEOMETRIC_REPRESENTATION_CONTEXT(2) 
PARAMETRIC_REPRESENTATION_CONTEXT() REPRESENTATION_CONTEXT('2D SPACE',''
  ) );
#13651 = ORIENTED_EDGE('',*,*,#13555,.F.);
#13652 = ORIENTED_EDGE('',*,*,#13423,.F.);
#13653 = ADVANCED_FACE('',(#13654),#13411,.T.);
#13654 = FACE_BOUND('',#13655,.T.);
#13655 = EDGE_LOOP('',(#13656,#13679,#13705,#13706));
#13656 = ORIENTED_EDGE('',*,*,#13657,.F.);
#13657 = EDGE_CURVE('',#13658,#13395,#13660,.T.);
#13658 = VERTEX_POINT('',#13659);
#13659 = CARTESIAN_POINT('',(6.742864431923,-3.675581051361,-3.));
#13660 = SURFACE_CURVE('',#13661,(#13665,#13672),.PCURVE_S1.);
#13661 = LINE('',#13662,#13663);
#13662 = CARTESIAN_POINT('',(6.742864431923,-3.675581051361,-3.));
#13663 = VECTOR('',#13664,1.);
#13664 = DIRECTION('',(0.,0.,1.));
#13665 = PCURVE('',#13411,#13666);
#13666 = DEFINITIONAL_REPRESENTATION('',(#13667),#13671);
#13667 = LINE('',#13668,#13669);
#13668 = CARTESIAN_POINT('',(-0.371456892773,0.));
#13669 = VECTOR('',#13670,1.);
#13670 = DIRECTION('',(0.,1.));
#13671 = ( GEOMETRIC_REPRESENTATION_CONTEXT(2) 
PARAMETRIC_REPRESENTATION_CONTEXT() REPRESENTATION_CONTEXT('2D SPACE',''
  ) );
#13672 = PCURVE('',#1520,#13673);
#13673 = DEFINITIONAL_REPRESENTATION('',(#13674),#13678);
#13674 = LINE('',#13675,#13676);
#13675 = CARTESIAN_POINT('',(1.724275943121,0.));
#13676 = VECTOR('',#13677,1.);
#13677 = DIRECTION('',(0.,1.));
#13678 = ( GEOMETRIC_REPRESENTATION_CONTEXT(2) 
PARAMETRIC_REPRESENTATION_CONTEXT() REPRESENTATION_CONTEXT('2D SPACE',''
  ) );
#13679 = ORIENTED_EDGE('',*,*,#13680,.T.);
#13680 = EDGE_CURVE('',#13658,#13608,#13681,.T.);
#13681 = SURFACE_CURVE('',#13682,(#13687,#13694),.PCURVE_S1.);
#13682 = CIRCLE('',#13683,0.75);
#13683 = AXIS2_PLACEMENT_3D('',#13684,#13685,#13686);
#13684 = CARTESIAN_POINT('',(7.273194517813,-3.145250965472,-3.));
#13685 = DIRECTION('',(0.,0.,1.));
#13686 = DIRECTION('',(-0.402220844067,-0.915542676557,0.));
#13687 = PCURVE('',#13411,#13688);
#13688 = DEFINITIONAL_REPRESENTATION('',(#13689),#13693);
#13689 = LINE('',#13690,#13691);
#13690 = CARTESIAN_POINT('',(-6.28318530718,0.));
#13691 = VECTOR('',#13692,1.);
#13692 = DIRECTION('',(1.,0.));
#13693 = ( GEOMETRIC_REPRESENTATION_CONTEXT(2) 
PARAMETRIC_REPRESENTATION_CONTEXT() REPRESENTATION_CONTEXT('2D SPACE',''
  ) );
#13694 = PCURVE('',#755,#13695);
#13695 = DEFINITIONAL_REPRESENTATION('',(#13696),#13704);
#13696 = ( BOUNDED_CURVE() B_SPLINE_CURVE(2,(#13697,#13698,#13699,#13700
    ,#13701,#13702,#13703),.UNSPECIFIED.,.T.,.F.) 
B_SPLINE_CURVE_WITH_KNOTS((1,2,2,2,2,1),(-2.094395102393,0.,
    2.094395102393,4.188790204786,6.28318530718,8.377580409573),
.UNSPECIFIED.) CURVE() GEOMETRIC_REPRESENTATION_ITEM() 
RATIONAL_B_SPLINE_CURVE((1.,0.5,1.,0.5,1.,0.5,1.)) REPRESENTATION_ITEM(
  '') );
#13697 = CARTESIAN_POINT('',(-0.586073675008,1.024305413119));
#13698 = CARTESIAN_POINT('',(0.603251149213,1.54680561646));
#13699 = CARTESIAN_POINT('',(0.461087186678,0.255570003663));
#13700 = CARTESIAN_POINT('',(0.318923224143,-1.035665609135));
#13701 = CARTESIAN_POINT('',(-0.728237637543,-0.266930199678));
#13702 = CARTESIAN_POINT('',(-1.775398499229,0.501805209779));
#13703 = CARTESIAN_POINT('',(-0.586073675008,1.024305413119));
#13704 = ( GEOMETRIC_REPRESENTATION_CONTEXT(2) 
PARAMETRIC_REPRESENTATION_CONTEXT() REPRESENTATION_CONTEXT('2D SPACE',''
  ) );
#13705 = ORIENTED_EDGE('',*,*,#13607,.T.);
#13706 = ORIENTED_EDGE('',*,*,#13392,.T.);
#13707 = ADVANCED_FACE('',(#13708),#1520,.T.);
#13708 = FACE_BOUND('',#13709,.T.);
#13709 = EDGE_LOOP('',(#13710,#13731,#13732,#13753,#13754,#13755));
#13710 = ORIENTED_EDGE('',*,*,#13711,.F.);
#13711 = EDGE_CURVE('',#12847,#1477,#13712,.T.);
#13712 = SURFACE_CURVE('',#13713,(#13717,#13724),.PCURVE_S1.);
#13713 = LINE('',#13714,#13715);
#13714 = CARTESIAN_POINT('',(3.528629455093,-0.461346074532,-1.));
#13715 = VECTOR('',#13716,1.);
#13716 = DIRECTION('',(0.707106781187,-0.707106781187,0.));
#13717 = PCURVE('',#1520,#13718);
#13718 = DEFINITIONAL_REPRESENTATION('',(#13719),#13723);
#13719 = LINE('',#13720,#13721);
#13720 = CARTESIAN_POINT('',(-2.821338753766,2.));
#13721 = VECTOR('',#13722,1.);
#13722 = DIRECTION('',(1.,0.));
#13723 = ( GEOMETRIC_REPRESENTATION_CONTEXT(2) 
PARAMETRIC_REPRESENTATION_CONTEXT() REPRESENTATION_CONTEXT('2D SPACE',''
  ) );
#13724 = PCURVE('',#1492,#13725);
#13725 = DEFINITIONAL_REPRESENTATION('',(#13726),#13730);
#13726 = LINE('',#13727,#13728);
#13727 = CARTESIAN_POINT('',(-0.288675134595,0.204124145232));
#13728 = VECTOR('',#13729,1.);
#13729 = DIRECTION('',(-0.57735026919,-0.816496580928));
#13730 = ( GEOMETRIC_REPRESENTATION_CONTEXT(2) 
PARAMETRIC_REPRESENTATION_CONTEXT() REPRESENTATION_CONTEXT('2D SPACE',''
  ) );
#13731 = ORIENTED_EDGE('',*,*,#12938,.F.);
#13732 = ORIENTED_EDGE('',*,*,#13733,.F.);
#13733 = EDGE_CURVE('',#13658,#12911,#13734,.T.);
#13734 = SURFACE_CURVE('',#13735,(#13739,#13746),.PCURVE_S1.);
#13735 = LINE('',#13736,#13737);
#13736 = CARTESIAN_POINT('',(6.742864431923,-3.675581051361,-3.));
#13737 = VECTOR('',#13738,1.);
#13738 = DIRECTION('',(-0.707106781187,0.707106781187,0.));
#13739 = PCURVE('',#1520,#13740);
#13740 = DEFINITIONAL_REPRESENTATION('',(#13741),#13745);
#13741 = LINE('',#13742,#13743);
#13742 = CARTESIAN_POINT('',(1.724275943121,0.));
#13743 = VECTOR('',#13744,1.);
#13744 = DIRECTION('',(-1.,0.));
#13745 = ( GEOMETRIC_REPRESENTATION_CONTEXT(2) 
PARAMETRIC_REPRESENTATION_CONTEXT() REPRESENTATION_CONTEXT('2D SPACE',''
  ) );
#13746 = PCURVE('',#755,#13747);
#13747 = DEFINITIONAL_REPRESENTATION('',(#13748),#13752);
#13748 = LINE('',#13749,#13750);
#13749 = CARTESIAN_POINT('',(-0.814738127848,0.867978491591));
#13750 = VECTOR('',#13751,1.);
#13751 = DIRECTION('',(-0.707106781187,-0.707106781187));
#13752 = ( GEOMETRIC_REPRESENTATION_CONTEXT(2) 
PARAMETRIC_REPRESENTATION_CONTEXT() REPRESENTATION_CONTEXT('2D SPACE',''
  ) );
#13753 = ORIENTED_EDGE('',*,*,#13657,.T.);
#13754 = ORIENTED_EDGE('',*,*,#13507,.F.);
#13755 = ORIENTED_EDGE('',*,*,#1504,.F.);
#13756 = ADVANCED_FACE('',(#13757),#1492,.T.);
#13757 = FACE_BOUND('',#13758,.T.);
#13758 = EDGE_LOOP('',(#13759,#13780,#13781,#13782));
#13759 = ORIENTED_EDGE('',*,*,#13760,.T.);
#13760 = EDGE_CURVE('',#1449,#12963,#13761,.T.);
#13761 = SURFACE_CURVE('',#13762,(#13766,#13773),.PCURVE_S1.);
#13762 = LINE('',#13763,#13764);
#13763 = CARTESIAN_POINT('',(5.557250735769,-3.288112358893,
    -0.435626255524));
#13764 = VECTOR('',#13765,1.);
#13765 = DIRECTION('',(-0.831363597074,4.843496184375E-02,0.553614147156
    ));
#13766 = PCURVE('',#1492,#13767);
#13767 = DEFINITIONAL_REPRESENTATION('',(#13768),#13772);
#13768 = LINE('',#13769,#13770);
#13769 = CARTESIAN_POINT('',(-1.619196140968,-3.059944405192));
#13770 = VECTOR('',#13771,1.);
#13771 = DIRECTION('',(0.998434811406,5.592787651736E-02));
#13772 = ( GEOMETRIC_REPRESENTATION_CONTEXT(2) 
PARAMETRIC_REPRESENTATION_CONTEXT() REPRESENTATION_CONTEXT('2D SPACE',''
  ) );
#13773 = PCURVE('',#1464,#13774);
#13774 = DEFINITIONAL_REPRESENTATION('',(#13775),#13779);
#13775 = LINE('',#13776,#13777);
#13776 = CARTESIAN_POINT('',(-2.442749264231,-0.43729027705));
#13777 = VECTOR('',#13778,1.);
#13778 = DIRECTION('',(-0.831363597074,0.55572886326));
#13779 = ( GEOMETRIC_REPRESENTATION_CONTEXT(2) 
PARAMETRIC_REPRESENTATION_CONTEXT() REPRESENTATION_CONTEXT('2D SPACE',''
  ) );
#13780 = ORIENTED_EDGE('',*,*,#13030,.F.);
#13781 = ORIENTED_EDGE('',*,*,#13711,.T.);
#13782 = ORIENTED_EDGE('',*,*,#1476,.T.);
#13783 = ADVANCED_FACE('',(#13784),#1464,.T.);
#13784 = FACE_BOUND('',#13785,.T.);
#13785 = EDGE_LOOP('',(#13786,#13787,#13788,#13789,#13790,#13791,#13792,
    #13793,#13794,#13795));
#13786 = ORIENTED_EDGE('',*,*,#2752,.T.);
#13787 = ORIENTED_EDGE('',*,*,#12962,.F.);
#13788 = ORIENTED_EDGE('',*,*,#13760,.F.);
#13789 = ORIENTED_EDGE('',*,*,#1446,.F.);
#13790 = ORIENTED_EDGE('',*,*,#1817,.F.);
#13791 = ORIENTED_EDGE('',*,*,#1986,.F.);
#13792 = ORIENTED_EDGE('',*,*,#2076,.F.);
#13793 = ORIENTED_EDGE('',*,*,#2245,.F.);
#13794 = ORIENTED_EDGE('',*,*,#2500,.F.);
#13795 = ORIENTED_EDGE('',*,*,#2524,.F.);
#13796 = ADVANCED_FACE('',(#13797),#1283,.T.);
#13797 = FACE_BOUND('',#13798,.T.);
#13798 = EDGE_LOOP('',(#13799,#13800,#13821,#13822,#13823,#13824,#13825,
    #13826));
#13799 = ORIENTED_EDGE('',*,*,#1267,.T.);
#13800 = ORIENTED_EDGE('',*,*,#13801,.F.);
#13801 = EDGE_CURVE('',#6509,#1240,#13802,.T.);
#13802 = SURFACE_CURVE('',#13803,(#13807,#13814),.PCURVE_S1.);
#13803 = LINE('',#13804,#13805);
#13804 = CARTESIAN_POINT('',(8.073289043001,0.703935379631,
    -0.837697594726));
#13805 = VECTOR('',#13806,1.);
#13806 = DIRECTION('',(-4.843496184375E-02,-0.831363597074,
    0.553614147156));
#13807 = PCURVE('',#1283,#13808);
#13808 = DEFINITIONAL_REPRESENTATION('',(#13809),#13813);
#13809 = LINE('',#13810,#13811);
#13810 = CARTESIAN_POINT('',(-2.546064620369,-0.840897463448));
#13811 = VECTOR('',#13812,1.);
#13812 = DIRECTION('',(-0.831363597074,0.55572886326));
#13813 = ( GEOMETRIC_REPRESENTATION_CONTEXT(2) 
PARAMETRIC_REPRESENTATION_CONTEXT() REPRESENTATION_CONTEXT('2D SPACE',''
  ) );
#13814 = PCURVE('',#1255,#13815);
#13815 = DEFINITIONAL_REPRESENTATION('',(#13816),#13820);
#13816 = LINE('',#13817,#13818);
#13817 = CARTESIAN_POINT('',(-2.430471985941,2.427275932842));
#13818 = VECTOR('',#13819,1.);
#13819 = DIRECTION('',(-0.280082296145,-0.95997599313));
#13820 = ( GEOMETRIC_REPRESENTATION_CONTEXT(2) 
PARAMETRIC_REPRESENTATION_CONTEXT() REPRESENTATION_CONTEXT('2D SPACE',''
  ) );
#13821 = ORIENTED_EDGE('',*,*,#6508,.F.);
#13822 = ORIENTED_EDGE('',*,*,#10875,.F.);
#13823 = ORIENTED_EDGE('',*,*,#10949,.F.);
#13824 = ORIENTED_EDGE('',*,*,#13364,.F.);
#13825 = ORIENTED_EDGE('',*,*,#1586,.F.);
#13826 = ORIENTED_EDGE('',*,*,#1422,.F.);
#13827 = ADVANCED_FACE('',(#13828),#1255,.T.);
#13828 = FACE_BOUND('',#13829,.T.);
#13829 = EDGE_LOOP('',(#13830,#13831,#13832,#13852,#13853));
#13830 = ORIENTED_EDGE('',*,*,#13801,.T.);
#13831 = ORIENTED_EDGE('',*,*,#1239,.T.);
#13832 = ORIENTED_EDGE('',*,*,#13833,.T.);
#13833 = EDGE_CURVE('',#1198,#9456,#13834,.T.);
#13834 = SURFACE_CURVE('',#13835,(#13839,#13846),.PCURVE_S1.);
#13835 = LINE('',#13836,#13837);
#13836 = CARTESIAN_POINT('',(7.995137684932,0.855314284307,-1.));
#13837 = VECTOR('',#13838,1.);
#13838 = DIRECTION('',(-0.500000000108,0.500000000108,-0.707106781034));
#13839 = PCURVE('',#1255,#13840);
#13840 = DEFINITIONAL_REPRESENTATION('',(#13841),#13845);
#13841 = LINE('',#13842,#13843);
#13842 = CARTESIAN_POINT('',(-2.272956331907,2.602073235569));
#13843 = VECTOR('',#13844,1.);
#13844 = DIRECTION('',(0.816496580928,0.57735026919));
#13845 = ( GEOMETRIC_REPRESENTATION_CONTEXT(2) 
PARAMETRIC_REPRESENTATION_CONTEXT() REPRESENTATION_CONTEXT('2D SPACE',''
  ) );
#13846 = PCURVE('',#1215,#13847);
#13847 = DEFINITIONAL_REPRESENTATION('',(#13848),#13851);
#13848 = B_SPLINE_CURVE_WITH_KNOTS('',1,(#13849,#13850),.UNSPECIFIED.,
  .F.,.F.,(2,2),(0.,0.707106781034),.PIECEWISE_BEZIER_KNOTS.);
#13849 = CARTESIAN_POINT('',(1.,-0.343687585025));
#13850 = CARTESIAN_POINT('',(2.157204817579E-10,-0.343687585025));
#13851 = ( GEOMETRIC_REPRESENTATION_CONTEXT(2) 
PARAMETRIC_REPRESENTATION_CONTEXT() REPRESENTATION_CONTEXT('2D SPACE',''
  ) );
#13852 = ORIENTED_EDGE('',*,*,#9626,.T.);
#13853 = ORIENTED_EDGE('',*,*,#6531,.T.);
#13854 = ADVANCED_FACE('',(#13855),#1215,.T.);
#13855 = FACE_BOUND('',#13856,.T.);
#13856 = EDGE_LOOP('',(#13857,#13876,#13877,#13878));
#13857 = ORIENTED_EDGE('',*,*,#13858,.F.);
#13858 = EDGE_CURVE('',#9431,#1144,#13859,.T.);
#13859 = SURFACE_CURVE('',#13860,(#13864,#13870),.PCURVE_S1.);
#13860 = LINE('',#13861,#13862);
#13861 = CARTESIAN_POINT('',(7.609824823883,1.178464566265,
    -1.49999908014));
#13862 = VECTOR('',#13863,1.);
#13863 = DIRECTION('',(0.500479316576,-0.500479316576,0.706428274745));
#13864 = PCURVE('',#1215,#13865);
#13865 = DEFINITIONAL_REPRESENTATION('',(#13866),#13869);
#13866 = B_SPLINE_CURVE_WITH_KNOTS('',1,(#13867,#13868),.UNSPECIFIED.,
  .F.,.F.,(2,2),(0.,0.707784637189),.PIECEWISE_BEZIER_KNOTS.);
#13867 = CARTESIAN_POINT('',(-1.345463054564E-15,-0.339292026904));
#13868 = CARTESIAN_POINT('',(1.,-0.339292026904));
#13869 = ( GEOMETRIC_REPRESENTATION_CONTEXT(2) 
PARAMETRIC_REPRESENTATION_CONTEXT() REPRESENTATION_CONTEXT('2D SPACE',''
  ) );
#13870 = PCURVE('',#1165,#13871);
#13871 = DEFINITIONAL_REPRESENTATION('',(#13872),#13875);
#13872 = B_SPLINE_CURVE_WITH_KNOTS('',1,(#13873,#13874),.UNSPECIFIED.,
  .F.,.F.,(2,2),(0.,0.707784637189),.PIECEWISE_BEZIER_KNOTS.);
#13873 = CARTESIAN_POINT('',(-1.575544920209E-15,-0.148168924519));
#13874 = CARTESIAN_POINT('',(1.,-0.148168924519));
#13875 = ( GEOMETRIC_REPRESENTATION_CONTEXT(2) 
PARAMETRIC_REPRESENTATION_CONTEXT() REPRESENTATION_CONTEXT('2D SPACE',''
  ) );
#13876 = ORIENTED_EDGE('',*,*,#9455,.T.);
#13877 = ORIENTED_EDGE('',*,*,#13833,.F.);
#13878 = ORIENTED_EDGE('',*,*,#1197,.T.);
#13879 = ADVANCED_FACE('',(#13880),#1165,.T.);
#13880 = FACE_BOUND('',#13881,.T.);
#13881 = EDGE_LOOP('',(#13882,#13928,#13929,#13930,#13931,#13955));
#13882 = ORIENTED_EDGE('',*,*,#13883,.F.);
#13883 = EDGE_CURVE('',#9386,#13884,#13886,.T.);
#13884 = VERTEX_POINT('',#13885);
#13885 = CARTESIAN_POINT('',(6.829816026411,0.384582902327,-1.));
#13886 = SURFACE_CURVE('',#13887,(#13892,#13921),.PCURVE_S1.);
#13887 = B_SPLINE_CURVE_WITH_KNOTS('',3,(#13888,#13889,#13890,#13891),
  .UNSPECIFIED.,.F.,.F.,(4,4),(-7.087234815883E-02,9.251707548477E-04),
  .PIECEWISE_BEZIER_KNOTS.);
#13888 = CARTESIAN_POINT('',(6.871872961635,0.915699125908,
    -1.498952973715));
#13889 = CARTESIAN_POINT('',(6.858256524169,0.739248039034,
    -1.333014397645));
#13890 = CARTESIAN_POINT('',(6.843920448166,0.559915104668,
    -1.164598151034));
#13891 = CARTESIAN_POINT('',(6.829817308858,0.384583065306,
    -0.999999723454));
#13892 = PCURVE('',#1165,#13893);
#13893 = DEFINITIONAL_REPRESENTATION('',(#13894),#13920);
#13894 = B_SPLINE_CURVE_WITH_KNOTS('',3,(#13895,#13896,#13897,#13898,
    #13899,#13900,#13901,#13902,#13903,#13904,#13905,#13906,#13907,
    #13908,#13909,#13910,#13911,#13912,#13913,#13914,#13915,#13916,
    #13917,#13918,#13919),.UNSPECIFIED.,.F.,.F.,(4,1,1,1,1,1,1,1,1,1,1,1
    ,1,1,1,1,1,1,1,1,1,1,4),(-7.087234815883E-02,-6.760882457184E-02,
    -6.434530098486E-02,-6.108177739787E-02,-5.781825381089E-02,
    -5.45547302239E-02,-5.129120663692E-02,-4.802768304993E-02,
    -4.476415946295E-02,-4.150063587596E-02,-3.823711228897E-02,
    -3.497358870199E-02,-3.1710065115E-02,-2.844654152802E-02,
    -2.518301794103E-02,-2.191949435405E-02,-1.865597076706E-02,
    -1.539244718008E-02,-1.212892359309E-02,-8.865400006108E-03,
    -5.601876419123E-03,-2.338352832137E-03,9.251707548477E-04),
  .UNSPECIFIED.);
#13895 = CARTESIAN_POINT('',(1.359604033276E-06,-6.613802952808E-02));
#13896 = CARTESIAN_POINT('',(1.511662637256E-02,-6.609759214152E-02));
#13897 = CARTESIAN_POINT('',(4.53677915287E-02,-6.601844830755E-02));
#13898 = CARTESIAN_POINT('',(9.079938115326E-02,-6.590463687424E-02));
#13899 = CARTESIAN_POINT('',(0.136278765979,-6.579543166345E-02));
#13900 = CARTESIAN_POINT('',(0.181798877345,-6.569056816372E-02));
#13901 = CARTESIAN_POINT('',(0.227352634984,-6.558980076001E-02));
#13902 = CARTESIAN_POINT('',(0.272932946668,-6.549290391873E-02));
#13903 = CARTESIAN_POINT('',(0.318532710403,-6.539966943766E-02));
#13904 = CARTESIAN_POINT('',(0.364144815657,-6.530990502634E-02));
#13905 = CARTESIAN_POINT('',(0.409762144599,-6.522343277044E-02));
#13906 = CARTESIAN_POINT('',(0.455377573132,-6.514008783701E-02));
#13907 = CARTESIAN_POINT('',(0.500983971789,-6.505971729893E-02));
#13908 = CARTESIAN_POINT('',(0.546574206506,-6.498217908855E-02));
#13909 = CARTESIAN_POINT('',(0.592141139287,-6.490734105829E-02));
#13910 = CARTESIAN_POINT('',(0.637677628774,-6.483508013754E-02));
#13911 = CARTESIAN_POINT('',(0.683176530733,-6.476528157376E-02));
#13912 = CARTESIAN_POINT('',(0.728630698471,-6.469783824939E-02));
#13913 = CARTESIAN_POINT('',(0.774032983181,-6.463265006166E-02));
#13914 = CARTESIAN_POINT('',(0.819376234232,-6.456962337506E-02));
#13915 = CARTESIAN_POINT('',(0.864653299424,-6.450867047533E-02));
#13916 = CARTESIAN_POINT('',(0.909857025148,-6.444970926117E-02));
#13917 = CARTESIAN_POINT('',(0.954980256674,-6.439266226591E-02));
#13918 = CARTESIAN_POINT('',(0.985003977419,-6.435585967105E-02));
#13919 = CARTESIAN_POINT('',(1.000000036759,-6.433775340237E-02));
#13920 = ( GEOMETRIC_REPRESENTATION_CONTEXT(2) 
PARAMETRIC_REPRESENTATION_CONTEXT() REPRESENTATION_CONTEXT('2D SPACE',''
  ) );
#13921 = PCURVE('',#145,#13922);
#13922 = DEFINITIONAL_REPRESENTATION('',(#13923),#13927);
#13923 = LINE('',#13924,#13925);
#13924 = CARTESIAN_POINT('',(-6.384080382474E-14,5.551115123126E-17));
#13925 = VECTOR('',#13926,1.);
#13926 = DIRECTION('',(-8.204283899356E-13,-1.));
#13927 = ( GEOMETRIC_REPRESENTATION_CONTEXT(2) 
PARAMETRIC_REPRESENTATION_CONTEXT() REPRESENTATION_CONTEXT('2D SPACE',''
  ) );
#13928 = ORIENTED_EDGE('',*,*,#9430,.T.);
#13929 = ORIENTED_EDGE('',*,*,#13858,.T.);
#13930 = ORIENTED_EDGE('',*,*,#1143,.T.);
#13931 = ORIENTED_EDGE('',*,*,#13932,.F.);
#13932 = EDGE_CURVE('',#13933,#1121,#13935,.T.);
#13933 = VERTEX_POINT('',#13934);
#13934 = CARTESIAN_POINT('',(6.829650591945,0.382525037449,
    -0.998068084998));
#13935 = SURFACE_CURVE('',#13936,(#13941,#13947),.PCURVE_S1.);
#13936 = B_SPLINE_CURVE_WITH_KNOTS('',3,(#13937,#13938,#13939,#13940),
  .UNSPECIFIED.,.F.,.F.,(4,4),(1.115559081017E-03,1.462520570949E-03),
  .PIECEWISE_BEZIER_KNOTS.);
#13937 = CARTESIAN_POINT('',(6.829650591945,0.382525037449,
    -0.998068084998));
#13938 = CARTESIAN_POINT('',(6.83035344252,0.383180985005,
    -0.998712128889));
#13939 = CARTESIAN_POINT('',(6.831056213357,0.383837263274,
    -0.999356101054));
#13940 = CARTESIAN_POINT('',(6.831758902994,0.384493871684,
    -1.000000000069));
#13941 = PCURVE('',#1165,#13942);
#13942 = DEFINITIONAL_REPRESENTATION('',(#13943),#13946);
#13943 = B_SPLINE_CURVE_WITH_KNOTS('',1,(#13944,#13945),.UNSPECIFIED.,
  .F.,.F.,(2,2),(1.115559081017E-03,1.462520570949E-03),
  .PIECEWISE_BEZIER_KNOTS.);
#13944 = CARTESIAN_POINT('',(1.00387219973,-6.433300570705E-02));
#13945 = CARTESIAN_POINT('',(1.,-6.446793628055E-02));
#13946 = ( GEOMETRIC_REPRESENTATION_CONTEXT(2) 
PARAMETRIC_REPRESENTATION_CONTEXT() REPRESENTATION_CONTEXT('2D SPACE',''
  ) );
#13947 = PCURVE('',#184,#13948);
#13948 = DEFINITIONAL_REPRESENTATION('',(#13949),#13954);
#13949 = B_SPLINE_CURVE_WITH_KNOTS('',3,(#13950,#13951,#13952,#13953),
  .UNSPECIFIED.,.F.,.F.,(4,4),(1.115559081017E-03,1.462520570949E-03),
  .PIECEWISE_BEZIER_KNOTS.);
#13950 = CARTESIAN_POINT('',(-0.181459738281,-1.242474962551));
#13951 = CARTESIAN_POINT('',(-0.182413043827,-1.241819014995));
#13952 = CARTESIAN_POINT('',(-0.183366242127,-1.241162736726));
#13953 = CARTESIAN_POINT('',(-0.18431933114,-1.240506128316));
#13954 = ( GEOMETRIC_REPRESENTATION_CONTEXT(2) 
PARAMETRIC_REPRESENTATION_CONTEXT() REPRESENTATION_CONTEXT('2D SPACE',''
  ) );
#13955 = ORIENTED_EDGE('',*,*,#13956,.T.);
#13956 = EDGE_CURVE('',#13933,#13884,#13957,.T.);
#13957 = SURFACE_CURVE('',#13958,(#13963,#13969),.PCURVE_S1.);
#13958 = B_SPLINE_CURVE_WITH_KNOTS('',3,(#13959,#13960,#13961,#13962),
  .UNSPECIFIED.,.F.,.F.,(4,4),(-1.189394979797E-03,-9.068654023706E-04),
  .PIECEWISE_BEZIER_KNOTS.);
#13959 = CARTESIAN_POINT('',(6.829651342725,0.382525507488,
    -0.998067519974));
#13960 = CARTESIAN_POINT('',(6.829706516795,0.38321140507,
    -0.998711425848));
#13961 = CARTESIAN_POINT('',(6.829761694488,0.383897364315,
    -0.999355390547));
#13962 = CARTESIAN_POINT('',(6.829816875747,0.38458338481,
    -0.999999413694));
#13963 = PCURVE('',#1165,#13964);
#13964 = DEFINITIONAL_REPRESENTATION('',(#13965),#13968);
#13965 = B_SPLINE_CURVE_WITH_KNOTS('',1,(#13966,#13967),.UNSPECIFIED.,
  .F.,.F.,(2,2),(-1.189394979797E-03,-9.068654304998E-04),
  .PIECEWISE_BEZIER_KNOTS.);
#13966 = CARTESIAN_POINT('',(1.003872224392,-6.433305441186E-02));
#13967 = CARTESIAN_POINT('',(1.000000028127,-6.433772343019E-02));
#13968 = ( GEOMETRIC_REPRESENTATION_CONTEXT(2) 
PARAMETRIC_REPRESENTATION_CONTEXT() REPRESENTATION_CONTEXT('2D SPACE',''
  ) );
#13969 = PCURVE('',#145,#13970);
#13970 = DEFINITIONAL_REPRESENTATION('',(#13971),#13974);
#13971 = B_SPLINE_CURVE_WITH_KNOTS('',1,(#13972,#13973),.UNSPECIFIED.,
  .F.,.F.,(2,2),(-1.189394979797E-03,-9.068654304998E-04),
  .PIECEWISE_BEZIER_KNOTS.);
#13972 = CARTESIAN_POINT('',(1.636757481061E-06,-1.206092530426E-03));
#13973 = CARTESIAN_POINT('',(1.636757433464E-06,-9.251708900717E-04));
#13974 = ( GEOMETRIC_REPRESENTATION_CONTEXT(2) 
PARAMETRIC_REPRESENTATION_CONTEXT() REPRESENTATION_CONTEXT('2D SPACE',''
  ) );
#13975 = ADVANCED_FACE('',(#13976),#850,.T.);
#13976 = FACE_BOUND('',#13977,.T.);
#13977 = EDGE_LOOP('',(#13978,#13979,#13980,#13981));
#13978 = ORIENTED_EDGE('',*,*,#1401,.F.);
#13979 = ORIENTED_EDGE('',*,*,#834,.T.);
#13980 = ORIENTED_EDGE('',*,*,#1097,.F.);
#13981 = ORIENTED_EDGE('',*,*,#1323,.T.);
#13982 = ADVANCED_FACE('',(#13983),#821,.T.);
#13983 = FACE_BOUND('',#13984,.T.);
#13984 = EDGE_LOOP('',(#13985,#13986,#13987,#13988,#14009));
#13985 = ORIENTED_EDGE('',*,*,#1380,.F.);
#13986 = ORIENTED_EDGE('',*,*,#13485,.F.);
#13987 = ORIENTED_EDGE('',*,*,#13531,.F.);
#13988 = ORIENTED_EDGE('',*,*,#13989,.T.);
#13989 = EDGE_CURVE('',#13532,#637,#13990,.T.);
#13990 = SURFACE_CURVE('',#13991,(#13995,#14002),.PCURVE_S1.);
#13991 = LINE('',#13992,#13993);
#13992 = CARTESIAN_POINT('',(8.425581051362,-1.992864431923,-3.));
#13993 = VECTOR('',#13994,1.);
#13994 = DIRECTION('',(-0.707106781187,0.707106781187,0.));
#13995 = PCURVE('',#821,#13996);
#13996 = DEFINITIONAL_REPRESENTATION('',(#13997),#14001);
#13997 = LINE('',#13998,#13999);
#13998 = CARTESIAN_POINT('',(0.,0.));
#13999 = VECTOR('',#14000,1.);
#14000 = DIRECTION('',(1.,0.));
#14001 = ( GEOMETRIC_REPRESENTATION_CONTEXT(2) 
PARAMETRIC_REPRESENTATION_CONTEXT() REPRESENTATION_CONTEXT('2D SPACE',''
  ) );
#14002 = PCURVE('',#755,#14003);
#14003 = DEFINITIONAL_REPRESENTATION('',(#14004),#14008);
#14004 = LINE('',#14005,#14006);
#14005 = CARTESIAN_POINT('',(0.867978491591,-0.814738127848));
#14006 = VECTOR('',#14007,1.);
#14007 = DIRECTION('',(-0.707106781187,-0.707106781187));
#14008 = ( GEOMETRIC_REPRESENTATION_CONTEXT(2) 
PARAMETRIC_REPRESENTATION_CONTEXT() REPRESENTATION_CONTEXT('2D SPACE',''
  ) );
#14009 = ORIENTED_EDGE('',*,*,#804,.F.);
#14010 = ADVANCED_FACE('',(#14011),#755,.T.);
#14011 = FACE_BOUND('',#14012,.T.);
#14012 = EDGE_LOOP('',(#14013,#14014,#14015,#14016,#14038,#14039,#14040,
    #14041,#14042,#14043));
#14013 = ORIENTED_EDGE('',*,*,#12910,.F.);
#14014 = ORIENTED_EDGE('',*,*,#12769,.T.);
#14015 = ORIENTED_EDGE('',*,*,#12663,.F.);
#14016 = ORIENTED_EDGE('',*,*,#14017,.T.);
#14017 = EDGE_CURVE('',#12664,#609,#14018,.T.);
#14018 = SURFACE_CURVE('',#14019,(#14024,#14031),.PCURVE_S1.);
#14019 = CIRCLE('',#14020,2.789718885006);
#14020 = AXIS2_PLACEMENT_3D('',#14021,#14022,#14023);
#14021 = CARTESIAN_POINT('',(8.149178971877,-3.399178971877,-3.));
#14022 = DIRECTION('',(0.,0.,-1.));
#14023 = DIRECTION('',(1.,0.,0.));
#14024 = PCURVE('',#755,#14025);
#14025 = DEFINITIONAL_REPRESENTATION('',(#14026),#14030);
#14026 = CIRCLE('',#14027,2.789718885006);
#14027 = AXIS2_PLACEMENT_2D('',#14028,#14029);
#14028 = CARTESIAN_POINT('',(0.591576412107,0.591576412107));
#14029 = DIRECTION('',(1.,0.));
#14030 = ( GEOMETRIC_REPRESENTATION_CONTEXT(2) 
PARAMETRIC_REPRESENTATION_CONTEXT() REPRESENTATION_CONTEXT('2D SPACE',''
  ) );
#14031 = PCURVE('',#625,#14032);
#14032 = DEFINITIONAL_REPRESENTATION('',(#14033),#14037);
#14033 = LINE('',#14034,#14035);
#14034 = CARTESIAN_POINT('',(6.28318530718,-1.254415470699E-15));
#14035 = VECTOR('',#14036,1.);
#14036 = DIRECTION('',(-1.,3.110340777545E-16));
#14037 = ( GEOMETRIC_REPRESENTATION_CONTEXT(2) 
PARAMETRIC_REPRESENTATION_CONTEXT() REPRESENTATION_CONTEXT('2D SPACE',''
  ) );
#14038 = ORIENTED_EDGE('',*,*,#636,.F.);
#14039 = ORIENTED_EDGE('',*,*,#13989,.F.);
#14040 = ORIENTED_EDGE('',*,*,#13578,.F.);
#14041 = ORIENTED_EDGE('',*,*,#13630,.T.);
#14042 = ORIENTED_EDGE('',*,*,#13680,.F.);
#14043 = ORIENTED_EDGE('',*,*,#13733,.T.);
#14044 = ADVANCED_FACE('',(#14045),#625,.T.);
#14045 = FACE_BOUND('',#14046,.T.);
#14046 = EDGE_LOOP('',(#14047,#14048,#14049,#14071,#14072,#14073,#14074,
    #14075));
#14047 = ORIENTED_EDGE('',*,*,#13056,.T.);
#14048 = ORIENTED_EDGE('',*,*,#10526,.F.);
#14049 = ORIENTED_EDGE('',*,*,#14050,.T.);
#14050 = EDGE_CURVE('',#10527,#462,#14051,.T.);
#14051 = SURFACE_CURVE('',#14052,(#14059,#14065),.PCURVE_S1.);
#14052 = B_SPLINE_CURVE_WITH_KNOTS('',3,(#14053,#14054,#14055,#14056,
    #14057,#14058),.UNSPECIFIED.,.F.,.F.,(4,2,4),(0.293216142389,
    0.312718088354,0.314189135924),.UNSPECIFIED.);
#14053 = CARTESIAN_POINT('',(6.036104656676,-1.196737269315,0.));
#14054 = CARTESIAN_POINT('',(6.084277787459,-1.150518835828,0.));
#14055 = CARTESIAN_POINT('',(6.137011273084,-1.104035192635,
    -7.198469799336E-03));
#14056 = CARTESIAN_POINT('',(6.193407192818,-1.058822066874,
    -2.537047635796E-02));
#14057 = CARTESIAN_POINT('',(6.197361011874,-1.055674963882,
    -2.669893224689E-02));
#14058 = CARTESIAN_POINT('',(6.201310810889,-1.05255356456,
    -2.80816526026E-02));
#14059 = PCURVE('',#625,#14060);
#14060 = DEFINITIONAL_REPRESENTATION('',(#14061),#14064);
#14061 = B_SPLINE_CURVE_WITH_KNOTS('',1,(#14062,#14063),.UNSPECIFIED.,
  .F.,.F.,(2,2),(0.293216142389,0.314189135924),
  .PIECEWISE_BEZIER_KNOTS.);
#14062 = CARTESIAN_POINT('',(2.335489059929,3.));
#14063 = CARTESIAN_POINT('',(2.26360682122,2.971918347397));
#14064 = ( GEOMETRIC_REPRESENTATION_CONTEXT(2) 
PARAMETRIC_REPRESENTATION_CONTEXT() REPRESENTATION_CONTEXT('2D SPACE',''
  ) );
#14065 = PCURVE('',#552,#14066);
#14066 = DEFINITIONAL_REPRESENTATION('',(#14067),#14070);
#14067 = B_SPLINE_CURVE_WITH_KNOTS('',1,(#14068,#14069),.UNSPECIFIED.,
  .F.,.F.,(2,2),(0.293216142389,0.314189135924),
  .PIECEWISE_BEZIER_KNOTS.);
#14068 = CARTESIAN_POINT('',(5.541420375082,-2.821737269315));
#14069 = CARTESIAN_POINT('',(5.878160759822,-2.67755356456));
#14070 = ( GEOMETRIC_REPRESENTATION_CONTEXT(2) 
PARAMETRIC_REPRESENTATION_CONTEXT() REPRESENTATION_CONTEXT('2D SPACE',''
  ) );
#14071 = ORIENTED_EDGE('',*,*,#608,.F.);
#14072 = ORIENTED_EDGE('',*,*,#14017,.F.);
#14073 = ORIENTED_EDGE('',*,*,#12717,.F.);
#14074 = ORIENTED_EDGE('',*,*,#12470,.F.);
#14075 = ORIENTED_EDGE('',*,*,#12347,.T.);
#14076 = ADVANCED_FACE('',(#14077),#552,.F.);
#14077 = FACE_BOUND('',#14078,.F.);
#14078 = EDGE_LOOP('',(#14079,#14080,#14081,#14082,#14083,#14104));
#14079 = ORIENTED_EDGE('',*,*,#10603,.T.);
#14080 = ORIENTED_EDGE('',*,*,#10550,.F.);
#14081 = ORIENTED_EDGE('',*,*,#14050,.T.);
#14082 = ORIENTED_EDGE('',*,*,#461,.T.);
#14083 = ORIENTED_EDGE('',*,*,#14084,.F.);
#14084 = EDGE_CURVE('',#9526,#438,#14085,.T.);
#14085 = SURFACE_CURVE('',#14086,(#14090,#14097),.PCURVE_S1.);
#14086 = LINE('',#14087,#14088);
#14087 = CARTESIAN_POINT('',(6.534202005722,1.625,-0.456422128626));
#14088 = VECTOR('',#14089,1.);
#14089 = DIRECTION('',(0.,-1.,0.));
#14090 = PCURVE('',#552,#14091);
#14091 = DEFINITIONAL_REPRESENTATION('',(#14092),#14096);
#14092 = LINE('',#14093,#14094);
#14093 = CARTESIAN_POINT('',(7.024950239277,0.));
#14094 = VECTOR('',#14095,1.);
#14095 = DIRECTION('',(0.,-1.));
#14096 = ( GEOMETRIC_REPRESENTATION_CONTEXT(2) 
PARAMETRIC_REPRESENTATION_CONTEXT() REPRESENTATION_CONTEXT('2D SPACE',''
  ) );
#14097 = PCURVE('',#44,#14098);
#14098 = DEFINITIONAL_REPRESENTATION('',(#14099),#14103);
#14099 = LINE('',#14100,#14101);
#14100 = CARTESIAN_POINT('',(-1.625,-0.32693259172));
#14101 = VECTOR('',#14102,1.);
#14102 = DIRECTION('',(-1.,0.));
#14103 = ( GEOMETRIC_REPRESENTATION_CONTEXT(2) 
PARAMETRIC_REPRESENTATION_CONTEXT() REPRESENTATION_CONTEXT('2D SPACE',''
  ) );
#14104 = ORIENTED_EDGE('',*,*,#9525,.T.);
#14105 = ADVANCED_FACE('',(#14106),#214,.T.);
#14106 = FACE_BOUND('',#14107,.T.);
#14107 = EDGE_LOOP('',(#14108,#14109,#14110,#14111,#14137,#14138,#14139)
  );
#14108 = ORIENTED_EDGE('',*,*,#309,.F.);
#14109 = ORIENTED_EDGE('',*,*,#413,.T.);
#14110 = ORIENTED_EDGE('',*,*,#196,.F.);
#14111 = ORIENTED_EDGE('',*,*,#14112,.F.);
#14112 = EDGE_CURVE('',#1018,#169,#14113,.T.);
#14113 = SURFACE_CURVE('',#14114,(#14121,#14127),.PCURVE_S1.);
#14114 = B_SPLINE_CURVE_WITH_KNOTS('',3,(#14115,#14116,#14117,#14118,
    #14119,#14120),.UNSPECIFIED.,.F.,.F.,(4,2,4),(0.,1.944174463197E-02,
    2.561832448011E-02),.UNSPECIFIED.);
#14115 = CARTESIAN_POINT('',(6.829650591909,-0.382525037468,
    -0.998068084964));
#14116 = CARTESIAN_POINT('',(6.784775123033,-0.404775128456,
    -0.956947293884));
#14117 = CARTESIAN_POINT('',(6.739874218222,-0.426936974576,
    -0.915803195064));
#14118 = CARTESIAN_POINT('',(6.680680322731,-0.456026046154,
    -0.861561983315));
#14119 = CARTESIAN_POINT('',(6.666406151155,-0.463030907541,
    -0.848482114916));
#14120 = CARTESIAN_POINT('',(6.652129638631,-0.470027295684,
    -0.835400101434));
#14121 = PCURVE('',#214,#14122);
#14122 = DEFINITIONAL_REPRESENTATION('',(#14123),#14126);
#14123 = B_SPLINE_CURVE_WITH_KNOTS('',1,(#14124,#14125),.UNSPECIFIED.,
  .F.,.F.,(2,2),(0.,2.561832448011E-02),.PIECEWISE_BEZIER_KNOTS.);
#14124 = CARTESIAN_POINT('',(1.636536262206E-06,7.455685040912E-02));
#14125 = CARTESIAN_POINT('',(0.658359231439,8.023198317712E-02));
#14126 = ( GEOMETRIC_REPRESENTATION_CONTEXT(2) 
PARAMETRIC_REPRESENTATION_CONTEXT() REPRESENTATION_CONTEXT('2D SPACE',''
  ) );
#14127 = PCURVE('',#184,#14128);
#14128 = DEFINITIONAL_REPRESENTATION('',(#14129),#14136);
#14129 = B_SPLINE_CURVE_WITH_KNOTS('',3,(#14130,#14131,#14132,#14133,
    #14134,#14135),.UNSPECIFIED.,.F.,.F.,(4,2,4),(0.,1.944174463197E-02,
    2.561832448011E-02),.UNSPECIFIED.);
#14130 = CARTESIAN_POINT('',(-0.181459738231,-2.007525037468));
#14131 = CARTESIAN_POINT('',(-0.120593268267,-2.029775128456));
#14132 = CARTESIAN_POINT('',(-5.969229848417E-02,-2.051936974576));
#14133 = CARTESIAN_POINT('',(2.05948506463E-02,-2.081026046154));
#14134 = CARTESIAN_POINT('',(3.995550485801E-02,-2.088030907541));
#14135 = CARTESIAN_POINT('',(5.931933419497E-02,-2.095027295684));
#14136 = ( GEOMETRIC_REPRESENTATION_CONTEXT(2) 
PARAMETRIC_REPRESENTATION_CONTEXT() REPRESENTATION_CONTEXT('2D SPACE',''
  ) );
#14137 = ORIENTED_EDGE('',*,*,#1017,.F.);
#14138 = ORIENTED_EDGE('',*,*,#971,.T.);
#14139 = ORIENTED_EDGE('',*,*,#924,.F.);
#14140 = ADVANCED_FACE('',(#14141),#184,.T.);
#14141 = FACE_BOUND('',#14142,.T.);
#14142 = EDGE_LOOP('',(#14143,#14144,#14170,#14171,#14172,#14173));
#14143 = ORIENTED_EDGE('',*,*,#168,.F.);
#14144 = ORIENTED_EDGE('',*,*,#14145,.T.);
#14145 = EDGE_CURVE('',#128,#13933,#14146,.T.);
#14146 = SURFACE_CURVE('',#14147,(#14154,#14164),.PCURVE_S1.);
#14147 = B_SPLINE_CURVE_WITH_KNOTS('',3,(#14148,#14149,#14150,#14151,
    #14152,#14153),.UNSPECIFIED.,.F.,.F.,(4,2,4),(1.328614957732E-02,
    1.942954614969E-02,3.890437493859E-02),.UNSPECIFIED.);
#14148 = CARTESIAN_POINT('',(6.652129638631,0.470027295684,
    -0.835400101434));
#14149 = CARTESIAN_POINT('',(6.666329504285,0.463068469323,-0.848411881)
  );
#14150 = CARTESIAN_POINT('',(6.680527053642,0.45610126066,-0.86142153807
    ));
#14151 = CARTESIAN_POINT('',(6.739721048663,0.427012574547,
    -0.915662841023));
#14152 = CARTESIAN_POINT('',(6.784698583254,0.4048130783,-0.956877158099
    ));
#14153 = CARTESIAN_POINT('',(6.829650591909,0.382525037467,
    -0.998068084965));
#14154 = PCURVE('',#184,#14155);
#14155 = DEFINITIONAL_REPRESENTATION('',(#14156),#14163);
#14156 = B_SPLINE_CURVE_WITH_KNOTS('',3,(#14157,#14158,#14159,#14160,
    #14161,#14162),.UNSPECIFIED.,.F.,.F.,(4,2,4),(1.328614957732E-02,
    1.942954614969E-02,3.890437493859E-02),.UNSPECIFIED.);
#14157 = CARTESIAN_POINT('',(5.931933419501E-02,-1.154972704316));
#14158 = CARTESIAN_POINT('',(4.005946420354E-02,-1.161931530677));
#14159 = CARTESIAN_POINT('',(2.08027359038E-02,-1.16889873934));
#14160 = CARTESIAN_POINT('',(-5.948454822323E-02,-1.197987425453));
#14161 = CARTESIAN_POINT('',(-0.120489454174,-1.2201869217));
#14162 = CARTESIAN_POINT('',(-0.181459738232,-1.242474962533));
#14163 = ( GEOMETRIC_REPRESENTATION_CONTEXT(2) 
PARAMETRIC_REPRESENTATION_CONTEXT() REPRESENTATION_CONTEXT('2D SPACE',''
  ) );
#14164 = PCURVE('',#145,#14165);
#14165 = DEFINITIONAL_REPRESENTATION('',(#14166),#14169);
#14166 = B_SPLINE_CURVE_WITH_KNOTS('',1,(#14167,#14168),.UNSPECIFIED.,
  .F.,.F.,(2,2),(1.328614957732E-02,3.890437493859E-02),
  .PIECEWISE_BEZIER_KNOTS.);
#14167 = CARTESIAN_POINT('',(0.658359231462,-6.837793567492E-03));
#14168 = CARTESIAN_POINT('',(1.636891366425E-06,-1.206092531561E-03));
#14169 = ( GEOMETRIC_REPRESENTATION_CONTEXT(2) 
PARAMETRIC_REPRESENTATION_CONTEXT() REPRESENTATION_CONTEXT('2D SPACE',''
  ) );
#14170 = ORIENTED_EDGE('',*,*,#13932,.T.);
#14171 = ORIENTED_EDGE('',*,*,#1120,.T.);
#14172 = ORIENTED_EDGE('',*,*,#1039,.T.);
#14173 = ORIENTED_EDGE('',*,*,#14112,.T.);
#14174 = ADVANCED_FACE('',(#14175),#145,.T.);
#14175 = FACE_BOUND('',#14176,.T.);
#14176 = EDGE_LOOP('',(#14177,#14204,#14205,#14206,#14207,#14208,#14209)
  );
#14177 = ORIENTED_EDGE('',*,*,#14178,.F.);
#14178 = EDGE_CURVE('',#9362,#14179,#14181,.T.);
#14179 = VERTEX_POINT('',#14180);
#14180 = CARTESIAN_POINT('',(6.648922203615,0.471598978564,
    -0.832461028741));
#14181 = SURFACE_CURVE('',#14182,(#14191,#14197),.PCURVE_S1.);
#14182 = B_SPLINE_CURVE_WITH_KNOTS('',3,(#14183,#14184,#14185,#14186,
    #14187,#14188,#14189,#14190),.UNSPECIFIED.,.F.,.F.,(4,2,2,4),(
    -5.425131368679E-02,-3.642173209255E-02,0.,6.940415007812E-03),
  .UNSPECIFIED.);
#14183 = CARTESIAN_POINT('',(6.684235437722,0.925569006128,
    -1.251111318166));
#14184 = CARTESIAN_POINT('',(6.680819785275,0.880666009391,
    -1.209977141166));
#14185 = CARTESIAN_POINT('',(6.67738042081,0.835873263764,
    -1.168830198152));
#14186 = CARTESIAN_POINT('',(6.667109908952,0.702952765626,
    -1.046498826854));
#14187 = CARTESIAN_POINT('',(6.659934524067,0.611267575022,
    -0.96179268846));
#14188 = CARTESIAN_POINT('',(6.651599508863,0.505504120334,
    -0.863871298699));
#14189 = CARTESIAN_POINT('',(6.650261647157,0.488551068186,
    -0.848168704029));
#14190 = CARTESIAN_POINT('',(6.648922204001,0.471598986198,
    -0.832461032755));
#14191 = PCURVE('',#145,#14192);
#14192 = DEFINITIONAL_REPRESENTATION('',(#14193),#14196);
#14193 = B_SPLINE_CURVE_WITH_KNOTS('',1,(#14194,#14195),.UNSPECIFIED.,
  .F.,.F.,(2,2),(-5.425131368679E-02,6.940415007812E-03),
  .PIECEWISE_BEZIER_KNOTS.);
#14194 = CARTESIAN_POINT('',(0.674104660351,5.411024169009E-02));
#14195 = CARTESIAN_POINT('',(0.670250973908,-6.940563825619E-03));
#14196 = ( GEOMETRIC_REPRESENTATION_CONTEXT(2) 
PARAMETRIC_REPRESENTATION_CONTEXT() REPRESENTATION_CONTEXT('2D SPACE',''
  ) );
#14197 = PCURVE('',#80,#14198);
#14198 = DEFINITIONAL_REPRESENTATION('',(#14199),#14203);
#14199 = LINE('',#14200,#14201);
#14200 = CARTESIAN_POINT('',(3.373701040186E-14,1.387778780781E-17));
#14201 = VECTOR('',#14202,1.);
#14202 = DIRECTION('',(5.444890298909E-13,-1.));
#14203 = ( GEOMETRIC_REPRESENTATION_CONTEXT(2) 
PARAMETRIC_REPRESENTATION_CONTEXT() REPRESENTATION_CONTEXT('2D SPACE',''
  ) );
#14204 = ORIENTED_EDGE('',*,*,#9385,.F.);
#14205 = ORIENTED_EDGE('',*,*,#13883,.T.);
#14206 = ORIENTED_EDGE('',*,*,#13956,.F.);
#14207 = ORIENTED_EDGE('',*,*,#14145,.F.);
#14208 = ORIENTED_EDGE('',*,*,#127,.F.);
#14209 = ORIENTED_EDGE('',*,*,#14210,.T.);
#14210 = EDGE_CURVE('',#57,#14179,#14211,.T.);
#14211 = SURFACE_CURVE('',#14212,(#14217,#14223),.PCURVE_S1.);
#14212 = B_SPLINE_CURVE_WITH_KNOTS('',3,(#14213,#14214,#14215,#14216),
  .UNSPECIFIED.,.F.,.F.,(4,4),(-7.575240409938E-03,-6.940415007812E-03),
  .PIECEWISE_BEZIER_KNOTS.);
#14213 = CARTESIAN_POINT('',(6.648554617257,0.466947308972,
    -0.828150674186));
#14214 = CARTESIAN_POINT('',(6.648677158118,0.468497844712,
    -0.829587488456));
#14215 = CARTESIAN_POINT('',(6.648799687434,0.470048408344,
    -0.831024279013));
#14216 = CARTESIAN_POINT('',(6.648922203519,0.471598980092,
    -0.832461027097));
#14217 = PCURVE('',#145,#14218);
#14218 = DEFINITIONAL_REPRESENTATION('',(#14219),#14222);
#14219 = B_SPLINE_CURVE_WITH_KNOTS('',1,(#14220,#14221),.UNSPECIFIED.,
  .F.,.F.,(2,2),(-7.575240409938E-03,-6.940415007812E-03),
  .PIECEWISE_BEZIER_KNOTS.);
#14220 = CARTESIAN_POINT('',(0.670222525139,-7.575240410066E-03));
#14221 = CARTESIAN_POINT('',(0.67025097387,-6.940564658516E-03));
#14222 = ( GEOMETRIC_REPRESENTATION_CONTEXT(2) 
PARAMETRIC_REPRESENTATION_CONTEXT() REPRESENTATION_CONTEXT('2D SPACE',''
  ) );
#14223 = PCURVE('',#80,#14224);
#14224 = DEFINITIONAL_REPRESENTATION('',(#14225),#14229);
#14225 = LINE('',#14226,#14227);
#14226 = CARTESIAN_POINT('',(2.81678436487E-13,-7.843632661778E-10));
#14227 = VECTOR('',#14228,1.);
#14228 = DIRECTION('',(4.755005060327E-11,1.));
#14229 = ( GEOMETRIC_REPRESENTATION_CONTEXT(2) 
PARAMETRIC_REPRESENTATION_CONTEXT() REPRESENTATION_CONTEXT('2D SPACE',''
  ) );
#14230 = ADVANCED_FACE('',(#14231),#80,.T.);
#14231 = FACE_BOUND('',#14232,.T.);
#14232 = EDGE_LOOP('',(#14233,#14264,#14265,#14266,#14267));
#14233 = ORIENTED_EDGE('',*,*,#14234,.T.);
#14234 = EDGE_CURVE('',#24,#9364,#14235,.T.);
#14235 = SURFACE_CURVE('',#14236,(#14245,#14252),.PCURVE_S1.);
#14236 = B_SPLINE_CURVE_WITH_KNOTS('',3,(#14237,#14238,#14239,#14240,
    #14241,#14242,#14243,#14244),.UNSPECIFIED.,.F.,.F.,(4,2,2,4),(
    -1.471604187189E-02,-1.453137526039E-02,0.,3.526522191777E-02),
  .UNSPECIFIED.);
#14237 = CARTESIAN_POINT('',(6.54907550368,0.564130768632,-0.62642698821
    ));
#14238 = CARTESIAN_POINT('',(6.549111925908,0.564580858122,
    -0.626843296177));
#14239 = CARTESIAN_POINT('',(6.549148347167,0.565030940698,
    -0.627259593079));
#14240 = CARTESIAN_POINT('',(6.552050668092,0.600897319333,
    -0.660433273043));
#14241 = CARTESIAN_POINT('',(6.554924236352,0.636439680329,
    -0.693278308559));
#14242 = CARTESIAN_POINT('',(6.564729871614,0.757853396559,
    -0.805357232461));
#14243 = CARTESIAN_POINT('',(6.571870241685,0.846491386437,
    -0.886972035828));
#14244 = CARTESIAN_POINT('',(6.578803713397,0.932949431543,
    -0.966221980139));
#14245 = PCURVE('',#80,#14246);
#14246 = DEFINITIONAL_REPRESENTATION('',(#14247),#14251);
#14247 = LINE('',#14248,#14249);
#14248 = CARTESIAN_POINT('',(1.,-1.561251128379E-17));
#14249 = VECTOR('',#14250,1.);
#14250 = DIRECTION('',(-1.421618186267E-12,1.));
#14251 = ( GEOMETRIC_REPRESENTATION_CONTEXT(2) 
PARAMETRIC_REPRESENTATION_CONTEXT() REPRESENTATION_CONTEXT('2D SPACE',''
  ) );
#14252 = PCURVE('',#44,#14253);
#14253 = DEFINITIONAL_REPRESENTATION('',(#14254),#14263);
#14254 = B_SPLINE_CURVE_WITH_KNOTS('',3,(#14255,#14256,#14257,#14258,
    #14259,#14260,#14261,#14262),.UNSPECIFIED.,.F.,.F.,(4,2,2,4),(
    -1.471604187189E-02,-1.453137526039E-02,0.,3.526522191777E-02),
  .UNSPECIFIED.);
#14255 = CARTESIAN_POINT('',(-2.685869231368,-0.497586842249));
#14256 = CARTESIAN_POINT('',(-2.685419141878,-0.498004740445));
#14257 = CARTESIAN_POINT('',(-2.684969059302,-0.498422627533));
#14258 = CARTESIAN_POINT('',(-2.649102680667,-0.531723025565));
#14259 = CARTESIAN_POINT('',(-2.613560319671,-0.564693523781));
#14260 = CARTESIAN_POINT('',(-2.492146603441,-0.677200570965));
#14261 = CARTESIAN_POINT('',(-2.403508613563,-0.759127129622));
#14262 = CARTESIAN_POINT('',(-2.317050568457,-0.838679795846));
#14263 = ( GEOMETRIC_REPRESENTATION_CONTEXT(2) 
PARAMETRIC_REPRESENTATION_CONTEXT() REPRESENTATION_CONTEXT('2D SPACE',''
  ) );
#14264 = ORIENTED_EDGE('',*,*,#9361,.F.);
#14265 = ORIENTED_EDGE('',*,*,#14178,.T.);
#14266 = ORIENTED_EDGE('',*,*,#14210,.F.);
#14267 = ORIENTED_EDGE('',*,*,#56,.F.);
#14268 = ADVANCED_FACE('',(#14269),#44,.F.);
#14269 = FACE_BOUND('',#14270,.T.);
#14270 = EDGE_LOOP('',(#14271,#14272,#14273,#14274,#14275,#14276));
#14271 = ORIENTED_EDGE('',*,*,#14234,.F.);
#14272 = ORIENTED_EDGE('',*,*,#21,.F.);
#14273 = ORIENTED_EDGE('',*,*,#381,.F.);
#14274 = ORIENTED_EDGE('',*,*,#437,.T.);
#14275 = ORIENTED_EDGE('',*,*,#14084,.F.);
#14276 = ORIENTED_EDGE('',*,*,#9601,.T.);
#14277 = ( GEOMETRIC_REPRESENTATION_CONTEXT(3) 
GLOBAL_UNCERTAINTY_ASSIGNED_CONTEXT((#14281)) 
GLOBAL_UNIT_ASSIGNED_CONTEXT((#14278,#14279,#14280)) 
REPRESENTATION_CONTEXT('Context #1',
  '3D Context with UNIT and UNCERTAINTY') );
#14278 = ( LENGTH_UNIT() NAMED_UNIT(*) SI_UNIT(.MILLI.,.METRE.) );
#14279 = ( NAMED_UNIT(*) PLANE_ANGLE_UNIT() SI_UNIT($,.RADIAN.) );
#14280 = ( NAMED_UNIT(*) SI_UNIT($,.STERADIAN.) SOLID_ANGLE_UNIT() );
#14281 = UNCERTAINTY_MEASURE_WITH_UNIT(LENGTH_MEASURE(1.E-03),#14278,
  'distance_accuracy_value','confusion accuracy');
#14282 = PRODUCT_RELATED_PRODUCT_CATEGORY('part',$,(#7));
ENDSEC;
END-ISO-10303-21;
